Timestamp,Provider,Counter Name,Counter Type,Mean/Increment
09/10/2026 13:09:23,System.Runtime,dotnet.assembly.count ({assembly}),Metric,61
09/10/2026 13:09:23,System.Runtime,dotnet.gc.last_collection.heap.size (By)[gc.heap.generation=poh],Metric,0
09/10/2026 13:09:23,System.Runtime,dotnet.gc.last_collection.heap.size (By)[gc.heap.generation=gen2],Metric,0
09/10/2026 13:09:23,System.Runtime,dotnet.gc.last_collection.heap.size (By)[gc.heap.generation=gen1],Metric,0
09/10/2026 13:09:23,System.Runtime,dotnet.gc.last_collection.heap.size (By)[gc.heap.generation=loh],Metric,0
09/10/2026 13:09:23,System.Runtime,dotnet.gc.last_collection.heap.size (By)[gc.heap.generation=gen0],Metric,0
09/10/2026 13:09:23,System.Runtime,dotnet.gc.last_collection.memory.committed_size (By),Metric,0
09/10/2026 13:09:23,System.Runtime,dotnet.process.memory.working_set (By),Metric,74366976
09/10/2026 13:09:23,System.Runtime,dotnet.process.cpu.count ({cpu}),Metric,15
09/10/2026 13:09:23,System.Runtime,dotnet.timer.count ({timer}),Metric,2
09/10/2026 13:09:23,System.Runtime,dotnet.gc.last_collection.heap.fragmentation.size (By)[gc.heap.generation=poh],Metric,0
09/10/2026 13:09:23,System.Runtime,dotnet.gc.last_collection.heap.fragmentation.size (By)[gc.heap.generation=gen2],Metric,0
09/10/2026 13:09:23,System.Runtime,dotnet.gc.last_collection.heap.fragmentation.size (By)[gc.heap.generation=gen1],Metric,0
09/10/2026 13:09:23,System.Runtime,dotnet.gc.last_collection.heap.fragmentation.size (By)[gc.heap.generation=loh],Metric,0
09/10/2026 13:09:23,System.Runtime,dotnet.gc.last_collection.heap.fragmentation.size (By)[gc.heap.generation=gen0],Metric,0
09/10/2026 13:09:24,System.Runtime,dotnet.assembly.count ({assembly}),Metric,61
09/10/2026 13:09:24,System.Runtime,dotnet.gc.last_collection.heap.size (By)[gc.heap.generation=poh],Metric,0
09/10/2026 13:09:24,System.Runtime,dotnet.gc.last_collection.heap.size (By)[gc.heap.generation=gen2],Metric,0
09/10/2026 13:09:24,System.Runtime,dotnet.gc.last_collection.heap.size (By)[gc.heap.generation=gen1],Metric,0
09/10/2026 13:09:24,System.Runtime,dotnet.gc.last_collection.heap.size (By)[gc.heap.generation=loh],Metric,0
09/10/2026 13:09:24,System.Runtime,dotnet.gc.last_collection.heap.size (By)[gc.heap.generation=gen0],Metric,0
09/10/2026 13:09:24,System.Runtime,dotnet.gc.pause.time (s / 1 sec),Rate,0
09/10/2026 13:09:24,System.Runtime,dotnet.gc.collections ({collection} / 1 sec)[gc.heap.generation=gen2],Rate,0
09/10/2026 13:09:24,System.Runtime,dotnet.gc.collections ({collection} / 1 sec)[gc.heap.generation=gen1],Rate,0
09/10/2026 13:09:24,System.Runtime,dotnet.gc.collections ({collection} / 1 sec)[gc.heap.generation=gen0],Rate,0
09/10/2026 13:09:24,System.Runtime,dotnet.gc.heap.total_allocated (By / 1 sec),Rate,147352
09/10/2026 13:09:24,System.Runtime,dotnet.gc.last_collection.memory.committed_size (By),Metric,0
09/10/2026 13:09:24,System.Runtime,dotnet.process.cpu.time (s / 1 sec)[cpu.mode=system],Rate,0.032228000000000034
09/10/2026 13:09:24,System.Runtime,dotnet.process.cpu.time (s / 1 sec)[cpu.mode=user],Rate,0.595173
09/10/2026 13:09:24,System.Runtime,dotnet.monitor.lock_contentions ({contention} / 1 sec),Rate,0
09/10/2026 13:09:24,System.Runtime,dotnet.thread_pool.thread.count ({thread} / 1 sec),Rate,0
09/10/2026 13:09:24,System.Runtime,dotnet.process.memory.working_set (By),Metric,74924032
09/10/2026 13:09:24,System.Runtime,dotnet.process.cpu.count ({cpu}),Metric,15
09/10/2026 13:09:24,System.Runtime,dotnet.thread_pool.work_item.count ({work_item} / 1 sec),Rate,601
09/10/2026 13:09:24,System.Runtime,dotnet.jit.compilation.time (s / 1 sec),Rate,0.0246054
09/10/2026 13:09:24,System.Runtime,dotnet.timer.count ({timer}),Metric,3
09/10/2026 13:09:24,System.Runtime,dotnet.thread_pool.queue.length ({work_item} / 1 sec),Rate,0
09/10/2026 13:09:24,System.Runtime,dotnet.jit.compiled_methods ({method} / 1 sec),Rate,126
09/10/2026 13:09:24,System.Runtime,dotnet.jit.compiled_il.size (By / 1 sec),Rate,16242
09/10/2026 13:09:24,System.Runtime,dotnet.gc.last_collection.heap.fragmentation.size (By)[gc.heap.generation=poh],Metric,0
09/10/2026 13:09:24,System.Runtime,dotnet.gc.last_collection.heap.fragmentation.size (By)[gc.heap.generation=gen2],Metric,0
09/10/2026 13:09:24,System.Runtime,dotnet.gc.last_collection.heap.fragmentation.size (By)[gc.heap.generation=gen1],Metric,0
09/10/2026 13:09:24,System.Runtime,dotnet.gc.last_collection.heap.fragmentation.size (By)[gc.heap.generation=loh],Metric,0
09/10/2026 13:09:24,System.Runtime,dotnet.gc.last_collection.heap.fragmentation.size (By)[gc.heap.generation=gen0],Metric,0
09/10/2026 13:09:25,System.Runtime,dotnet.assembly.count ({assembly}),Metric,61
09/10/2026 13:09:25,System.Runtime,dotnet.gc.last_collection.heap.size (By)[gc.heap.generation=poh],Metric,0
09/10/2026 13:09:25,System.Runtime,dotnet.gc.last_collection.heap.size (By)[gc.heap.generation=gen2],Metric,0
09/10/2026 13:09:25,System.Runtime,dotnet.gc.last_collection.heap.size (By)[gc.heap.generation=gen1],Metric,0
09/10/2026 13:09:25,System.Runtime,dotnet.gc.last_collection.heap.size (By)[gc.heap.generation=loh],Metric,0
09/10/2026 13:09:25,System.Runtime,dotnet.gc.last_collection.heap.size (By)[gc.heap.generation=gen0],Metric,0
09/10/2026 13:09:25,System.Runtime,dotnet.gc.pause.time (s / 1 sec),Rate,0
09/10/2026 13:09:25,System.Runtime,dotnet.gc.collections ({collection} / 1 sec)[gc.heap.generation=gen2],Rate,0
09/10/2026 13:09:25,System.Runtime,dotnet.gc.collections ({collection} / 1 sec)[gc.heap.generation=gen1],Rate,0
09/10/2026 13:09:25,System.Runtime,dotnet.gc.collections ({collection} / 1 sec)[gc.heap.generation=gen0],Rate,0
09/10/2026 13:09:25,System.Runtime,dotnet.gc.heap.total_allocated (By / 1 sec),Rate,140000
09/10/2026 13:09:25,System.Runtime,dotnet.gc.last_collection.memory.committed_size (By),Metric,0
09/10/2026 13:09:25,System.Runtime,dotnet.process.cpu.time (s / 1 sec)[cpu.mode=system],Rate,0.03318599999999999
09/10/2026 13:09:25,System.Runtime,dotnet.process.cpu.time (s / 1 sec)[cpu.mode=user],Rate,0.5850420000000005
09/10/2026 13:09:25,System.Runtime,dotnet.monitor.lock_contentions ({contention} / 1 sec),Rate,0
09/10/2026 13:09:25,System.Runtime,dotnet.thread_pool.thread.count ({thread} / 1 sec),Rate,0
09/10/2026 13:09:25,System.Runtime,dotnet.process.memory.working_set (By),Metric,75284480
09/10/2026 13:09:25,System.Runtime,dotnet.process.cpu.count ({cpu}),Metric,15
09/10/2026 13:09:25,System.Runtime,dotnet.thread_pool.work_item.count ({work_item} / 1 sec),Rate,601
09/10/2026 13:09:25,System.Runtime,dotnet.jit.compilation.time (s / 1 sec),Rate,0.014306899999999984
09/10/2026 13:09:25,System.Runtime,dotnet.timer.count ({timer}),Metric,3
09/10/2026 13:09:25,System.Runtime,dotnet.thread_pool.queue.length ({work_item} / 1 sec),Rate,0
09/10/2026 13:09:25,System.Runtime,dotnet.jit.compiled_methods ({method} / 1 sec),Rate,60
09/10/2026 13:09:25,System.Runtime,dotnet.jit.compiled_il.size (By / 1 sec),Rate,8146
09/10/2026 13:09:25,System.Runtime,dotnet.gc.last_collection.heap.fragmentation.size (By)[gc.heap.generation=poh],Metric,0
09/10/2026 13:09:25,System.Runtime,dotnet.gc.last_collection.heap.fragmentation.size (By)[gc.heap.generation=gen2],Metric,0
09/10/2026 13:09:25,System.Runtime,dotnet.gc.last_collection.heap.fragmentation.size (By)[gc.heap.generation=gen1],Metric,0
09/10/2026 13:09:25,System.Runtime,dotnet.gc.last_collection.heap.fragmentation.size (By)[gc.heap.generation=loh],Metric,0
09/10/2026 13:09:25,System.Runtime,dotnet.gc.last_collection.heap.fragmentation.size (By)[gc.heap.generation=gen0],Metric,0
09/10/2026 13:09:26,System.Runtime,dotnet.assembly.count ({assembly}),Metric,61
09/10/2026 13:09:26,System.Runtime,dotnet.gc.last_collection.heap.size (By)[gc.heap.generation=poh],Metric,0
09/10/2026 13:09:26,System.Runtime,dotnet.gc.last_collection.heap.size (By)[gc.heap.generation=gen2],Metric,0
09/10/2026 13:09:26,System.Runtime,dotnet.gc.last_collection.heap.size (By)[gc.heap.generation=gen1],Metric,0
09/10/2026 13:09:26,System.Runtime,dotnet.gc.last_collection.heap.size (By)[gc.heap.generation=loh],Metric,0
09/10/2026 13:09:26,System.Runtime,dotnet.gc.last_collection.heap.size (By)[gc.heap.generation=gen0],Metric,0
09/10/2026 13:09:26,System.Runtime,dotnet.gc.pause.time (s / 1 sec),Rate,0
09/10/2026 13:09:26,System.Runtime,dotnet.gc.collections ({collection} / 1 sec)[gc.heap.generation=gen2],Rate,0
09/10/2026 13:09:26,System.Runtime,dotnet.gc.collections ({collection} / 1 sec)[gc.heap.generation=gen1],Rate,0
09/10/2026 13:09:26,System.Runtime,dotnet.gc.collections ({collection} / 1 sec)[gc.heap.generation=gen0],Rate,0
09/10/2026 13:09:26,System.Runtime,dotnet.gc.heap.total_allocated (By / 1 sec),Rate,123000
09/10/2026 13:09:26,System.Runtime,dotnet.gc.last_collection.memory.committed_size (By),Metric,0
09/10/2026 13:09:26,System.Runtime,dotnet.process.cpu.time (s / 1 sec)[cpu.mode=system],Rate,0.03284999999999999
09/10/2026 13:09:26,System.Runtime,dotnet.process.cpu.time (s / 1 sec)[cpu.mode=user],Rate,0.5838470000000004
09/10/2026 13:09:26,System.Runtime,dotnet.monitor.lock_contentions ({contention} / 1 sec),Rate,0
09/10/2026 13:09:26,System.Runtime,dotnet.thread_pool.thread.count ({thread} / 1 sec),Rate,0
09/10/2026 13:09:26,System.Runtime,dotnet.process.memory.working_set (By),Metric,75579392
09/10/2026 13:09:26,System.Runtime,dotnet.process.cpu.count ({cpu}),Metric,15
09/10/2026 13:09:26,System.Runtime,dotnet.thread_pool.work_item.count ({work_item} / 1 sec),Rate,601
09/10/2026 13:09:26,System.Runtime,dotnet.jit.compilation.time (s / 1 sec),Rate,0.014935700000000024
09/10/2026 13:09:26,System.Runtime,dotnet.timer.count ({timer}),Metric,3
09/10/2026 13:09:26,System.Runtime,dotnet.thread_pool.queue.length ({work_item} / 1 sec),Rate,0
09/10/2026 13:09:26,System.Runtime,dotnet.jit.compiled_methods ({method} / 1 sec),Rate,99
09/10/2026 13:09:26,System.Runtime,dotnet.jit.compiled_il.size (By / 1 sec),Rate,7843
09/10/2026 13:09:26,System.Runtime,dotnet.gc.last_collection.heap.fragmentation.size (By)[gc.heap.generation=poh],Metric,0
09/10/2026 13:09:26,System.Runtime,dotnet.gc.last_collection.heap.fragmentation.size (By)[gc.heap.generation=gen2],Metric,0
09/10/2026 13:09:26,System.Runtime,dotnet.gc.last_collection.heap.fragmentation.size (By)[gc.heap.generation=gen1],Metric,0
09/10/2026 13:09:26,System.Runtime,dotnet.gc.last_collection.heap.fragmentation.size (By)[gc.heap.generation=loh],Metric,0
09/10/2026 13:09:26,System.Runtime,dotnet.gc.last_collection.heap.fragmentation.size (By)[gc.heap.generation=gen0],Metric,0
09/10/2026 13:09:27,System.Runtime,dotnet.assembly.count ({assembly}),Metric,61
09/10/2026 13:09:27,System.Runtime,dotnet.gc.last_collection.heap.size (By)[gc.heap.generation=poh],Metric,0
09/10/2026 13:09:27,System.Runtime,dotnet.gc.last_collection.heap.size (By)[gc.heap.generation=gen2],Metric,0
09/10/2026 13:09:27,System.Runtime,dotnet.gc.last_collection.heap.size (By)[gc.heap.generation=gen1],Metric,0
09/10/2026 13:09:27,System.Runtime,dotnet.gc.last_collection.heap.size (By)[gc.heap.generation=loh],Metric,0
09/10/2026 13:09:27,System.Runtime,dotnet.gc.last_collection.heap.size (By)[gc.heap.generation=gen0],Metric,0
09/10/2026 13:09:27,System.Runtime,dotnet.gc.pause.time (s / 1 sec),Rate,0
09/10/2026 13:09:27,System.Runtime,dotnet.gc.collections ({collection} / 1 sec)[gc.heap.generation=gen2],Rate,0
09/10/2026 13:09:27,System.Runtime,dotnet.gc.collections ({collection} / 1 sec)[gc.heap.generation=gen1],Rate,0
09/10/2026 13:09:27,System.Runtime,dotnet.gc.collections ({collection} / 1 sec)[gc.heap.generation=gen0],Rate,0
09/10/2026 13:09:27,System.Runtime,dotnet.gc.heap.total_allocated (By / 1 sec),Rate,164008
09/10/2026 13:09:27,System.Runtime,dotnet.gc.last_collection.memory.committed_size (By),Metric,0
09/10/2026 13:09:27,System.Runtime,dotnet.process.cpu.time (s / 1 sec)[cpu.mode=system],Rate,0.032864000000000004
09/10/2026 13:09:27,System.Runtime,dotnet.process.cpu.time (s / 1 sec)[cpu.mode=user],Rate,0.5761069999999986
09/10/2026 13:09:27,System.Runtime,dotnet.monitor.lock_contentions ({contention} / 1 sec),Rate,0
09/10/2026 13:09:27,System.Runtime,dotnet.thread_pool.thread.count ({thread} / 1 sec),Rate,0
09/10/2026 13:09:27,System.Runtime,dotnet.process.memory.working_set (By),Metric,75808768
09/10/2026 13:09:27,System.Runtime,dotnet.process.cpu.count ({cpu}),Metric,15
09/10/2026 13:09:27,System.Runtime,dotnet.thread_pool.work_item.count ({work_item} / 1 sec),Rate,602
09/10/2026 13:09:27,System.Runtime,dotnet.jit.compilation.time (s / 1 sec),Rate,0.005092199999999991
09/10/2026 13:09:27,System.Runtime,dotnet.timer.count ({timer}),Metric,3
09/10/2026 13:09:27,System.Runtime,dotnet.thread_pool.queue.length ({work_item} / 1 sec),Rate,0
09/10/2026 13:09:27,System.Runtime,dotnet.jit.compiled_methods ({method} / 1 sec),Rate,40
09/10/2026 13:09:27,System.Runtime,dotnet.jit.compiled_il.size (By / 1 sec),Rate,5657
09/10/2026 13:09:27,System.Runtime,dotnet.gc.last_collection.heap.fragmentation.size (By)[gc.heap.generation=poh],Metric,0
09/10/2026 13:09:27,System.Runtime,dotnet.gc.last_collection.heap.fragmentation.size (By)[gc.heap.generation=gen2],Metric,0
09/10/2026 13:09:27,System.Runtime,dotnet.gc.last_collection.heap.fragmentation.size (By)[gc.heap.generation=gen1],Metric,0
09/10/2026 13:09:27,System.Runtime,dotnet.gc.last_collection.heap.fragmentation.size (By)[gc.heap.generation=loh],Metric,0
09/10/2026 13:09:27,System.Runtime,dotnet.gc.last_collection.heap.fragmentation.size (By)[gc.heap.generation=gen0],Metric,0
09/10/2026 13:09:28,System.Runtime,dotnet.assembly.count ({assembly}),Metric,61
09/10/2026 13:09:28,System.Runtime,dotnet.gc.last_collection.heap.size (By)[gc.heap.generation=poh],Metric,0
09/10/2026 13:09:28,System.Runtime,dotnet.gc.last_collection.heap.size (By)[gc.heap.generation=gen2],Metric,0
09/10/2026 13:09:28,System.Runtime,dotnet.gc.last_collection.heap.size (By)[gc.heap.generation=gen1],Metric,0
09/10/2026 13:09:28,System.Runtime,dotnet.gc.last_collection.heap.size (By)[gc.heap.generation=loh],Metric,0
09/10/2026 13:09:28,System.Runtime,dotnet.gc.last_collection.heap.size (By)[gc.heap.generation=gen0],Metric,0
09/10/2026 13:09:28,System.Runtime,dotnet.gc.pause.time (s / 1 sec),Rate,0
09/10/2026 13:09:28,System.Runtime,dotnet.gc.collections ({collection} / 1 sec)[gc.heap.generation=gen2],Rate,0
09/10/2026 13:09:28,System.Runtime,dotnet.gc.collections ({collection} / 1 sec)[gc.heap.generation=gen1],Rate,0
09/10/2026 13:09:28,System.Runtime,dotnet.gc.collections ({collection} / 1 sec)[gc.heap.generation=gen0],Rate,0
09/10/2026 13:09:28,System.Runtime,dotnet.gc.heap.total_allocated (By / 1 sec),Rate,121912
09/10/2026 13:09:28,System.Runtime,dotnet.gc.last_collection.memory.committed_size (By),Metric,0
09/10/2026 13:09:28,System.Runtime,dotnet.process.cpu.time (s / 1 sec)[cpu.mode=system],Rate,0.033306
09/10/2026 13:09:28,System.Runtime,dotnet.process.cpu.time (s / 1 sec)[cpu.mode=user],Rate,0.5871480000000009
09/10/2026 13:09:28,System.Runtime,dotnet.monitor.lock_contentions ({contention} / 1 sec),Rate,0
09/10/2026 13:09:28,System.Runtime,dotnet.thread_pool.thread.count ({thread} / 1 sec),Rate,0
09/10/2026 13:09:28,System.Runtime,dotnet.process.memory.working_set (By),Metric,76103680
09/10/2026 13:09:28,System.Runtime,dotnet.process.cpu.count ({cpu}),Metric,15
09/10/2026 13:09:28,System.Runtime,dotnet.thread_pool.work_item.count ({work_item} / 1 sec),Rate,601
09/10/2026 13:09:28,System.Runtime,dotnet.jit.compilation.time (s / 1 sec),Rate,0.01798909999999998
09/10/2026 13:09:28,System.Runtime,dotnet.timer.count ({timer}),Metric,3
09/10/2026 13:09:28,System.Runtime,dotnet.thread_pool.queue.length ({work_item} / 1 sec),Rate,0
09/10/2026 13:09:28,System.Runtime,dotnet.jit.compiled_methods ({method} / 1 sec),Rate,83
09/10/2026 13:09:28,System.Runtime,dotnet.jit.compiled_il.size (By / 1 sec),Rate,7437
09/10/2026 13:09:28,System.Runtime,dotnet.gc.last_collection.heap.fragmentation.size (By)[gc.heap.generation=poh],Metric,0
09/10/2026 13:09:28,System.Runtime,dotnet.gc.last_collection.heap.fragmentation.size (By)[gc.heap.generation=gen2],Metric,0
09/10/2026 13:09:28,System.Runtime,dotnet.gc.last_collection.heap.fragmentation.size (By)[gc.heap.generation=gen1],Metric,0
09/10/2026 13:09:28,System.Runtime,dotnet.gc.last_collection.heap.fragmentation.size (By)[gc.heap.generation=loh],Metric,0
09/10/2026 13:09:28,System.Runtime,dotnet.gc.last_collection.heap.fragmentation.size (By)[gc.heap.generation=gen0],Metric,0
09/10/2026 13:09:29,System.Runtime,dotnet.assembly.count ({assembly}),Metric,61
09/10/2026 13:09:29,System.Runtime,dotnet.gc.last_collection.heap.size (By)[gc.heap.generation=poh],Metric,0
09/10/2026 13:09:29,System.Runtime,dotnet.gc.last_collection.heap.size (By)[gc.heap.generation=gen2],Metric,0
09/10/2026 13:09:29,System.Runtime,dotnet.gc.last_collection.heap.size (By)[gc.heap.generation=gen1],Metric,0
09/10/2026 13:09:29,System.Runtime,dotnet.gc.last_collection.heap.size (By)[gc.heap.generation=loh],Metric,0
09/10/2026 13:09:29,System.Runtime,dotnet.gc.last_collection.heap.size (By)[gc.heap.generation=gen0],Metric,0
09/10/2026 13:09:29,System.Runtime,dotnet.gc.pause.time (s / 1 sec),Rate,0
09/10/2026 13:09:29,System.Runtime,dotnet.gc.collections ({collection} / 1 sec)[gc.heap.generation=gen2],Rate,0
09/10/2026 13:09:29,System.Runtime,dotnet.gc.collections ({collection} / 1 sec)[gc.heap.generation=gen1],Rate,0
09/10/2026 13:09:29,System.Runtime,dotnet.gc.collections ({collection} / 1 sec)[gc.heap.generation=gen0],Rate,0
09/10/2026 13:09:29,System.Runtime,dotnet.gc.heap.total_allocated (By / 1 sec),Rate,155600
09/10/2026 13:09:29,System.Runtime,dotnet.gc.last_collection.memory.committed_size (By),Metric,0
09/10/2026 13:09:29,System.Runtime,dotnet.process.cpu.time (s / 1 sec)[cpu.mode=system],Rate,0.03232800000000002
09/10/2026 13:09:29,System.Runtime,dotnet.process.cpu.time (s / 1 sec)[cpu.mode=user],Rate,0.5730120000000003
09/10/2026 13:09:29,System.Runtime,dotnet.monitor.lock_contentions ({contention} / 1 sec),Rate,0
09/10/2026 13:09:29,System.Runtime,dotnet.thread_pool.thread.count ({thread} / 1 sec),Rate,0
09/10/2026 13:09:29,System.Runtime,dotnet.process.memory.working_set (By),Metric,76316672
09/10/2026 13:09:29,System.Runtime,dotnet.process.cpu.count ({cpu}),Metric,15
09/10/2026 13:09:29,System.Runtime,dotnet.thread_pool.work_item.count ({work_item} / 1 sec),Rate,601
09/10/2026 13:09:29,System.Runtime,dotnet.jit.compilation.time (s / 1 sec),Rate,0.0012473000000000067
09/10/2026 13:09:29,System.Runtime,dotnet.timer.count ({timer}),Metric,3
09/10/2026 13:09:29,System.Runtime,dotnet.thread_pool.queue.length ({work_item} / 1 sec),Rate,0
09/10/2026 13:09:29,System.Runtime,dotnet.jit.compiled_methods ({method} / 1 sec),Rate,9
09/10/2026 13:09:29,System.Runtime,dotnet.jit.compiled_il.size (By / 1 sec),Rate,498
09/10/2026 13:09:29,System.Runtime,dotnet.gc.last_collection.heap.fragmentation.size (By)[gc.heap.generation=poh],Metric,0
09/10/2026 13:09:29,System.Runtime,dotnet.gc.last_collection.heap.fragmentation.size (By)[gc.heap.generation=gen2],Metric,0
09/10/2026 13:09:29,System.Runtime,dotnet.gc.last_collection.heap.fragmentation.size (By)[gc.heap.generation=gen1],Metric,0
09/10/2026 13:09:29,System.Runtime,dotnet.gc.last_collection.heap.fragmentation.size (By)[gc.heap.generation=loh],Metric,0
09/10/2026 13:09:29,System.Runtime,dotnet.gc.last_collection.heap.fragmentation.size (By)[gc.heap.generation=gen0],Metric,0
09/10/2026 13:09:30,System.Runtime,dotnet.assembly.count ({assembly}),Metric,61
09/10/2026 13:09:30,System.Runtime,dotnet.gc.last_collection.heap.size (By)[gc.heap.generation=poh],Metric,0
09/10/2026 13:09:30,System.Runtime,dotnet.gc.last_collection.heap.size (By)[gc.heap.generation=gen2],Metric,0
09/10/2026 13:09:30,System.Runtime,dotnet.gc.last_collection.heap.size (By)[gc.heap.generation=gen1],Metric,0
09/10/2026 13:09:30,System.Runtime,dotnet.gc.last_collection.heap.size (By)[gc.heap.generation=loh],Metric,0
09/10/2026 13:09:30,System.Runtime,dotnet.gc.last_collection.heap.size (By)[gc.heap.generation=gen0],Metric,0
09/10/2026 13:09:30,System.Runtime,dotnet.gc.pause.time (s / 1 sec),Rate,0
09/10/2026 13:09:30,System.Runtime,dotnet.gc.collections ({collection} / 1 sec)[gc.heap.generation=gen2],Rate,0
09/10/2026 13:09:30,System.Runtime,dotnet.gc.collections ({collection} / 1 sec)[gc.heap.generation=gen1],Rate,0
09/10/2026 13:09:30,System.Runtime,dotnet.gc.collections ({collection} / 1 sec)[gc.heap.generation=gen0],Rate,0
09/10/2026 13:09:30,System.Runtime,dotnet.gc.heap.total_allocated (By / 1 sec),Rate,123000
09/10/2026 13:09:30,System.Runtime,dotnet.gc.last_collection.memory.committed_size (By),Metric,0
09/10/2026 13:09:30,System.Runtime,dotnet.process.cpu.time (s / 1 sec)[cpu.mode=system],Rate,0.03325299999999998
09/10/2026 13:09:30,System.Runtime,dotnet.process.cpu.time (s / 1 sec)[cpu.mode=user],Rate,0.5729569999999988
09/10/2026 13:09:30,System.Runtime,dotnet.monitor.lock_contentions ({contention} / 1 sec),Rate,0
09/10/2026 13:09:30,System.Runtime,dotnet.thread_pool.thread.count ({thread} / 1 sec),Rate,0
09/10/2026 13:09:30,System.Runtime,dotnet.process.memory.working_set (By),Metric,76464128
09/10/2026 13:09:30,System.Runtime,dotnet.process.cpu.count ({cpu}),Metric,15
09/10/2026 13:09:30,System.Runtime,dotnet.thread_pool.work_item.count ({work_item} / 1 sec),Rate,601
09/10/2026 13:09:30,System.Runtime,dotnet.jit.compilation.time (s / 1 sec),Rate,0.0007599000000000355
09/10/2026 13:09:30,System.Runtime,dotnet.timer.count ({timer}),Metric,3
09/10/2026 13:09:30,System.Runtime,dotnet.thread_pool.queue.length ({work_item} / 1 sec),Rate,0
09/10/2026 13:09:30,System.Runtime,dotnet.jit.compiled_methods ({method} / 1 sec),Rate,5
09/10/2026 13:09:30,System.Runtime,dotnet.jit.compiled_il.size (By / 1 sec),Rate,165
09/10/2026 13:09:30,System.Runtime,dotnet.gc.last_collection.heap.fragmentation.size (By)[gc.heap.generation=poh],Metric,0
09/10/2026 13:09:30,System.Runtime,dotnet.gc.last_collection.heap.fragmentation.size (By)[gc.heap.generation=gen2],Metric,0
09/10/2026 13:09:30,System.Runtime,dotnet.gc.last_collection.heap.fragmentation.size (By)[gc.heap.generation=gen1],Metric,0
09/10/2026 13:09:30,System.Runtime,dotnet.gc.last_collection.heap.fragmentation.size (By)[gc.heap.generation=loh],Metric,0
09/10/2026 13:09:30,System.Runtime,dotnet.gc.last_collection.heap.fragmentation.size (By)[gc.heap.generation=gen0],Metric,0
09/10/2026 13:09:31,System.Runtime,dotnet.assembly.count ({assembly}),Metric,61
09/10/2026 13:09:31,System.Runtime,dotnet.gc.last_collection.heap.size (By)[gc.heap.generation=poh],Metric,0
09/10/2026 13:09:31,System.Runtime,dotnet.gc.last_collection.heap.size (By)[gc.heap.generation=gen2],Metric,0
09/10/2026 13:09:31,System.Runtime,dotnet.gc.last_collection.heap.size (By)[gc.heap.generation=gen1],Metric,0
09/10/2026 13:09:31,System.Runtime,dotnet.gc.last_collection.heap.size (By)[gc.heap.generation=loh],Metric,0
09/10/2026 13:09:31,System.Runtime,dotnet.gc.last_collection.heap.size (By)[gc.heap.generation=gen0],Metric,0
09/10/2026 13:09:31,System.Runtime,dotnet.gc.pause.time (s / 1 sec),Rate,0
09/10/2026 13:09:31,System.Runtime,dotnet.gc.collections ({collection} / 1 sec)[gc.heap.generation=gen2],Rate,0
09/10/2026 13:09:31,System.Runtime,dotnet.gc.collections ({collection} / 1 sec)[gc.heap.generation=gen1],Rate,0
09/10/2026 13:09:31,System.Runtime,dotnet.gc.collections ({collection} / 1 sec)[gc.heap.generation=gen0],Rate,0
09/10/2026 13:09:31,System.Runtime,dotnet.gc.heap.total_allocated (By / 1 sec),Rate,130176
09/10/2026 13:09:31,System.Runtime,dotnet.gc.last_collection.memory.committed_size (By),Metric,0
09/10/2026 13:09:31,System.Runtime,dotnet.process.cpu.time (s / 1 sec)[cpu.mode=system],Rate,0.032887000000000055
09/10/2026 13:09:31,System.Runtime,dotnet.process.cpu.time (s / 1 sec)[cpu.mode=user],Rate,0.5711480000000009
09/10/2026 13:09:31,System.Runtime,dotnet.monitor.lock_contentions ({contention} / 1 sec),Rate,0
09/10/2026 13:09:31,System.Runtime,dotnet.thread_pool.thread.count ({thread} / 1 sec),Rate,0
09/10/2026 13:09:31,System.Runtime,dotnet.process.memory.working_set (By),Metric,76595200
09/10/2026 13:09:31,System.Runtime,dotnet.process.cpu.count ({cpu}),Metric,15
09/10/2026 13:09:31,System.Runtime,dotnet.thread_pool.work_item.count ({work_item} / 1 sec),Rate,601
09/10/2026 13:09:31,System.Runtime,dotnet.jit.compilation.time (s / 1 sec),Rate,0.0004344999999999488
09/10/2026 13:09:31,System.Runtime,dotnet.timer.count ({timer}),Metric,3
09/10/2026 13:09:31,System.Runtime,dotnet.thread_pool.queue.length ({work_item} / 1 sec),Rate,0
09/10/2026 13:09:31,System.Runtime,dotnet.jit.compiled_methods ({method} / 1 sec),Rate,4
09/10/2026 13:09:31,System.Runtime,dotnet.jit.compiled_il.size (By / 1 sec),Rate,186
09/10/2026 13:09:31,System.Runtime,dotnet.gc.last_collection.heap.fragmentation.size (By)[gc.heap.generation=poh],Metric,0
09/10/2026 13:09:31,System.Runtime,dotnet.gc.last_collection.heap.fragmentation.size (By)[gc.heap.generation=gen2],Metric,0
09/10/2026 13:09:31,System.Runtime,dotnet.gc.last_collection.heap.fragmentation.size (By)[gc.heap.generation=gen1],Metric,0
09/10/2026 13:09:31,System.Runtime,dotnet.gc.last_collection.heap.fragmentation.size (By)[gc.heap.generation=loh],Metric,0
09/10/2026 13:09:31,System.Runtime,dotnet.gc.last_collection.heap.fragmentation.size (By)[gc.heap.generation=gen0],Metric,0
09/10/2026 13:09:32,System.Runtime,dotnet.assembly.count ({assembly}),Metric,61
09/10/2026 13:09:32,System.Runtime,dotnet.gc.last_collection.heap.size (By)[gc.heap.generation=poh],Metric,0
09/10/2026 13:09:32,System.Runtime,dotnet.gc.last_collection.heap.size (By)[gc.heap.generation=gen2],Metric,0
09/10/2026 13:09:32,System.Runtime,dotnet.gc.last_collection.heap.size (By)[gc.heap.generation=gen1],Metric,0
09/10/2026 13:09:32,System.Runtime,dotnet.gc.last_collection.heap.size (By)[gc.heap.generation=loh],Metric,0
09/10/2026 13:09:32,System.Runtime,dotnet.gc.last_collection.heap.size (By)[gc.heap.generation=gen0],Metric,0
09/10/2026 13:09:32,System.Runtime,dotnet.gc.pause.time (s / 1 sec),Rate,0
09/10/2026 13:09:32,System.Runtime,dotnet.gc.collections ({collection} / 1 sec)[gc.heap.generation=gen2],Rate,0
09/10/2026 13:09:32,System.Runtime,dotnet.gc.collections ({collection} / 1 sec)[gc.heap.generation=gen1],Rate,0
09/10/2026 13:09:32,System.Runtime,dotnet.gc.collections ({collection} / 1 sec)[gc.heap.generation=gen0],Rate,0
09/10/2026 13:09:32,System.Runtime,dotnet.gc.heap.total_allocated (By / 1 sec),Rate,147592
09/10/2026 13:09:32,System.Runtime,dotnet.gc.last_collection.memory.committed_size (By),Metric,0
09/10/2026 13:09:32,System.Runtime,dotnet.process.cpu.time (s / 1 sec)[cpu.mode=system],Rate,0.034757999999999956
09/10/2026 13:09:32,System.Runtime,dotnet.process.cpu.time (s / 1 sec)[cpu.mode=user],Rate,0.5759819999999998
09/10/2026 13:09:32,System.Runtime,dotnet.monitor.lock_contentions ({contention} / 1 sec),Rate,0
09/10/2026 13:09:32,System.Runtime,dotnet.thread_pool.thread.count ({thread} / 1 sec),Rate,0
09/10/2026 13:09:32,System.Runtime,dotnet.process.memory.working_set (By),Metric,76775424
09/10/2026 13:09:32,System.Runtime,dotnet.process.cpu.count ({cpu}),Metric,15
09/10/2026 13:09:32,System.Runtime,dotnet.thread_pool.work_item.count ({work_item} / 1 sec),Rate,602
09/10/2026 13:09:32,System.Runtime,dotnet.jit.compilation.time (s / 1 sec),Rate,0.007184600000000041
09/10/2026 13:09:32,System.Runtime,dotnet.timer.count ({timer}),Metric,3
09/10/2026 13:09:32,System.Runtime,dotnet.thread_pool.queue.length ({work_item} / 1 sec),Rate,0
09/10/2026 13:09:32,System.Runtime,dotnet.jit.compiled_methods ({method} / 1 sec),Rate,47
09/10/2026 13:09:32,System.Runtime,dotnet.jit.compiled_il.size (By / 1 sec),Rate,3047
09/10/2026 13:09:32,System.Runtime,dotnet.gc.last_collection.heap.fragmentation.size (By)[gc.heap.generation=poh],Metric,0
09/10/2026 13:09:32,System.Runtime,dotnet.gc.last_collection.heap.fragmentation.size (By)[gc.heap.generation=gen2],Metric,0
09/10/2026 13:09:32,System.Runtime,dotnet.gc.last_collection.heap.fragmentation.size (By)[gc.heap.generation=gen1],Metric,0
09/10/2026 13:09:32,System.Runtime,dotnet.gc.last_collection.heap.fragmentation.size (By)[gc.heap.generation=loh],Metric,0
09/10/2026 13:09:32,System.Runtime,dotnet.gc.last_collection.heap.fragmentation.size (By)[gc.heap.generation=gen0],Metric,0
09/10/2026 13:09:33,System.Runtime,dotnet.assembly.count ({assembly}),Metric,61
09/10/2026 13:09:33,System.Runtime,dotnet.gc.last_collection.heap.size (By)[gc.heap.generation=poh],Metric,0
09/10/2026 13:09:33,System.Runtime,dotnet.gc.last_collection.heap.size (By)[gc.heap.generation=gen2],Metric,0
09/10/2026 13:09:33,System.Runtime,dotnet.gc.last_collection.heap.size (By)[gc.heap.generation=gen1],Metric,0
09/10/2026 13:09:33,System.Runtime,dotnet.gc.last_collection.heap.size (By)[gc.heap.generation=loh],Metric,0
09/10/2026 13:09:33,System.Runtime,dotnet.gc.last_collection.heap.size (By)[gc.heap.generation=gen0],Metric,0
09/10/2026 13:09:33,System.Runtime,dotnet.gc.pause.time (s / 1 sec),Rate,0
09/10/2026 13:09:33,System.Runtime,dotnet.gc.collections ({collection} / 1 sec)[gc.heap.generation=gen2],Rate,0
09/10/2026 13:09:33,System.Runtime,dotnet.gc.collections ({collection} / 1 sec)[gc.heap.generation=gen1],Rate,0
09/10/2026 13:09:33,System.Runtime,dotnet.gc.collections ({collection} / 1 sec)[gc.heap.generation=gen0],Rate,0
09/10/2026 13:09:33,System.Runtime,dotnet.gc.heap.total_allocated (By / 1 sec),Rate,139400
09/10/2026 13:09:33,System.Runtime,dotnet.gc.last_collection.memory.committed_size (By),Metric,0
09/10/2026 13:09:33,System.Runtime,dotnet.process.cpu.time (s / 1 sec)[cpu.mode=system],Rate,0.032870999999999984
09/10/2026 13:09:33,System.Runtime,dotnet.process.cpu.time (s / 1 sec)[cpu.mode=user],Rate,0.5710420000000003
09/10/2026 13:09:33,System.Runtime,dotnet.monitor.lock_contentions ({contention} / 1 sec),Rate,0
09/10/2026 13:09:33,System.Runtime,dotnet.thread_pool.thread.count ({thread} / 1 sec),Rate,0
09/10/2026 13:09:33,System.Runtime,dotnet.process.memory.working_set (By),Metric,76955648
09/10/2026 13:09:33,System.Runtime,dotnet.process.cpu.count ({cpu}),Metric,15
09/10/2026 13:09:33,System.Runtime,dotnet.thread_pool.work_item.count ({work_item} / 1 sec),Rate,601
09/10/2026 13:09:33,System.Runtime,dotnet.jit.compilation.time (s / 1 sec),Rate,0.0002074999999999716
09/10/2026 13:09:33,System.Runtime,dotnet.timer.count ({timer}),Metric,3
09/10/2026 13:09:33,System.Runtime,dotnet.thread_pool.queue.length ({work_item} / 1 sec),Rate,0
09/10/2026 13:09:33,System.Runtime,dotnet.jit.compiled_methods ({method} / 1 sec),Rate,1
09/10/2026 13:09:33,System.Runtime,dotnet.jit.compiled_il.size (By / 1 sec),Rate,19
09/10/2026 13:09:33,System.Runtime,dotnet.gc.last_collection.heap.fragmentation.size (By)[gc.heap.generation=poh],Metric,0
09/10/2026 13:09:33,System.Runtime,dotnet.gc.last_collection.heap.fragmentation.size (By)[gc.heap.generation=gen2],Metric,0
09/10/2026 13:09:33,System.Runtime,dotnet.gc.last_collection.heap.fragmentation.size (By)[gc.heap.generation=gen1],Metric,0
09/10/2026 13:09:33,System.Runtime,dotnet.gc.last_collection.heap.fragmentation.size (By)[gc.heap.generation=loh],Metric,0
09/10/2026 13:09:33,System.Runtime,dotnet.gc.last_collection.heap.fragmentation.size (By)[gc.heap.generation=gen0],Metric,0
09/10/2026 13:09:34,System.Runtime,dotnet.assembly.count ({assembly}),Metric,61
09/10/2026 13:09:34,System.Runtime,dotnet.gc.last_collection.heap.size (By)[gc.heap.generation=poh],Metric,0
09/10/2026 13:09:34,System.Runtime,dotnet.gc.last_collection.heap.size (By)[gc.heap.generation=gen2],Metric,0
09/10/2026 13:09:34,System.Runtime,dotnet.gc.last_collection.heap.size (By)[gc.heap.generation=gen1],Metric,0
09/10/2026 13:09:34,System.Runtime,dotnet.gc.last_collection.heap.size (By)[gc.heap.generation=loh],Metric,0
09/10/2026 13:09:34,System.Runtime,dotnet.gc.last_collection.heap.size (By)[gc.heap.generation=gen0],Metric,0
09/10/2026 13:09:34,System.Runtime,dotnet.gc.pause.time (s / 1 sec),Rate,0
09/10/2026 13:09:34,System.Runtime,dotnet.gc.collections ({collection} / 1 sec)[gc.heap.generation=gen2],Rate,0
09/10/2026 13:09:34,System.Runtime,dotnet.gc.collections ({collection} / 1 sec)[gc.heap.generation=gen1],Rate,0
09/10/2026 13:09:34,System.Runtime,dotnet.gc.collections ({collection} / 1 sec)[gc.heap.generation=gen0],Rate,0
09/10/2026 13:09:34,System.Runtime,dotnet.gc.heap.total_allocated (By / 1 sec),Rate,139184
09/10/2026 13:09:34,System.Runtime,dotnet.gc.last_collection.memory.committed_size (By),Metric,0
09/10/2026 13:09:34,System.Runtime,dotnet.process.cpu.time (s / 1 sec)[cpu.mode=system],Rate,0.03397099999999997
09/10/2026 13:09:34,System.Runtime,dotnet.process.cpu.time (s / 1 sec)[cpu.mode=user],Rate,0.5704639999999994
09/10/2026 13:09:34,System.Runtime,dotnet.monitor.lock_contentions ({contention} / 1 sec),Rate,0
09/10/2026 13:09:34,System.Runtime,dotnet.thread_pool.thread.count ({thread} / 1 sec),Rate,0
09/10/2026 13:09:34,System.Runtime,dotnet.process.memory.working_set (By),Metric,77119488
09/10/2026 13:09:34,System.Runtime,dotnet.process.cpu.count ({cpu}),Metric,15
09/10/2026 13:09:34,System.Runtime,dotnet.thread_pool.work_item.count ({work_item} / 1 sec),Rate,601
09/10/2026 13:09:34,System.Runtime,dotnet.jit.compilation.time (s / 1 sec),Rate,0.001187500000000008
09/10/2026 13:09:34,System.Runtime,dotnet.timer.count ({timer}),Metric,3
09/10/2026 13:09:34,System.Runtime,dotnet.thread_pool.queue.length ({work_item} / 1 sec),Rate,0
09/10/2026 13:09:34,System.Runtime,dotnet.jit.compiled_methods ({method} / 1 sec),Rate,9
09/10/2026 13:09:34,System.Runtime,dotnet.jit.compiled_il.size (By / 1 sec),Rate,706
09/10/2026 13:09:34,System.Runtime,dotnet.gc.last_collection.heap.fragmentation.size (By)[gc.heap.generation=poh],Metric,0
09/10/2026 13:09:34,System.Runtime,dotnet.gc.last_collection.heap.fragmentation.size (By)[gc.heap.generation=gen2],Metric,0
09/10/2026 13:09:34,System.Runtime,dotnet.gc.last_collection.heap.fragmentation.size (By)[gc.heap.generation=gen1],Metric,0
09/10/2026 13:09:34,System.Runtime,dotnet.gc.last_collection.heap.fragmentation.size (By)[gc.heap.generation=loh],Metric,0
09/10/2026 13:09:34,System.Runtime,dotnet.gc.last_collection.heap.fragmentation.size (By)[gc.heap.generation=gen0],Metric,0
09/10/2026 13:09:35,System.Runtime,dotnet.assembly.count ({assembly}),Metric,61
09/10/2026 13:09:35,System.Runtime,dotnet.gc.last_collection.heap.size (By)[gc.heap.generation=poh],Metric,0
09/10/2026 13:09:35,System.Runtime,dotnet.gc.last_collection.heap.size (By)[gc.heap.generation=gen2],Metric,0
09/10/2026 13:09:35,System.Runtime,dotnet.gc.last_collection.heap.size (By)[gc.heap.generation=gen1],Metric,0
09/10/2026 13:09:35,System.Runtime,dotnet.gc.last_collection.heap.size (By)[gc.heap.generation=loh],Metric,0
09/10/2026 13:09:35,System.Runtime,dotnet.gc.last_collection.heap.size (By)[gc.heap.generation=gen0],Metric,0
09/10/2026 13:09:35,System.Runtime,dotnet.gc.pause.time (s / 1 sec),Rate,0
09/10/2026 13:09:35,System.Runtime,dotnet.gc.collections ({collection} / 1 sec)[gc.heap.generation=gen2],Rate,0
09/10/2026 13:09:35,System.Runtime,dotnet.gc.collections ({collection} / 1 sec)[gc.heap.generation=gen1],Rate,0
09/10/2026 13:09:35,System.Runtime,dotnet.gc.collections ({collection} / 1 sec)[gc.heap.generation=gen0],Rate,0
09/10/2026 13:09:35,System.Runtime,dotnet.gc.heap.total_allocated (By / 1 sec),Rate,131200
09/10/2026 13:09:35,System.Runtime,dotnet.gc.last_collection.memory.committed_size (By),Metric,0
09/10/2026 13:09:35,System.Runtime,dotnet.process.cpu.time (s / 1 sec)[cpu.mode=system],Rate,0.03403200000000006
09/10/2026 13:09:35,System.Runtime,dotnet.process.cpu.time (s / 1 sec)[cpu.mode=user],Rate,0.5717770000000009
09/10/2026 13:09:35,System.Runtime,dotnet.monitor.lock_contentions ({contention} / 1 sec),Rate,0
09/10/2026 13:09:35,System.Runtime,dotnet.thread_pool.thread.count ({thread} / 1 sec),Rate,0
09/10/2026 13:09:35,System.Runtime,dotnet.process.memory.working_set (By),Metric,77250560
09/10/2026 13:09:35,System.Runtime,dotnet.process.cpu.count ({cpu}),Metric,15
09/10/2026 13:09:35,System.Runtime,dotnet.thread_pool.work_item.count ({work_item} / 1 sec),Rate,601
09/10/2026 13:09:35,System.Runtime,dotnet.jit.compilation.time (s / 1 sec),Rate,0.000269200000000025
09/10/2026 13:09:35,System.Runtime,dotnet.timer.count ({timer}),Metric,3
09/10/2026 13:09:35,System.Runtime,dotnet.thread_pool.queue.length ({work_item} / 1 sec),Rate,0
09/10/2026 13:09:35,System.Runtime,dotnet.jit.compiled_methods ({method} / 1 sec),Rate,1
09/10/2026 13:09:35,System.Runtime,dotnet.jit.compiled_il.size (By / 1 sec),Rate,59
09/10/2026 13:09:35,System.Runtime,dotnet.gc.last_collection.heap.fragmentation.size (By)[gc.heap.generation=poh],Metric,0
09/10/2026 13:09:35,System.Runtime,dotnet.gc.last_collection.heap.fragmentation.size (By)[gc.heap.generation=gen2],Metric,0
09/10/2026 13:09:35,System.Runtime,dotnet.gc.last_collection.heap.fragmentation.size (By)[gc.heap.generation=gen1],Metric,0
09/10/2026 13:09:35,System.Runtime,dotnet.gc.last_collection.heap.fragmentation.size (By)[gc.heap.generation=loh],Metric,0
09/10/2026 13:09:35,System.Runtime,dotnet.gc.last_collection.heap.fragmentation.size (By)[gc.heap.generation=gen0],Metric,0
09/10/2026 13:09:36,System.Runtime,dotnet.assembly.count ({assembly}),Metric,61
09/10/2026 13:09:36,System.Runtime,dotnet.gc.last_collection.heap.size (By)[gc.heap.generation=poh],Metric,0
09/10/2026 13:09:36,System.Runtime,dotnet.gc.last_collection.heap.size (By)[gc.heap.generation=gen2],Metric,0
09/10/2026 13:09:36,System.Runtime,dotnet.gc.last_collection.heap.size (By)[gc.heap.generation=gen1],Metric,0
09/10/2026 13:09:36,System.Runtime,dotnet.gc.last_collection.heap.size (By)[gc.heap.generation=loh],Metric,0
09/10/2026 13:09:36,System.Runtime,dotnet.gc.last_collection.heap.size (By)[gc.heap.generation=gen0],Metric,0
09/10/2026 13:09:36,System.Runtime,dotnet.gc.pause.time (s / 1 sec),Rate,0
09/10/2026 13:09:36,System.Runtime,dotnet.gc.collections ({collection} / 1 sec)[gc.heap.generation=gen2],Rate,0
09/10/2026 13:09:36,System.Runtime,dotnet.gc.collections ({collection} / 1 sec)[gc.heap.generation=gen1],Rate,0
09/10/2026 13:09:36,System.Runtime,dotnet.gc.collections ({collection} / 1 sec)[gc.heap.generation=gen0],Rate,0
09/10/2026 13:09:36,System.Runtime,dotnet.gc.heap.total_allocated (By / 1 sec),Rate,121960
09/10/2026 13:09:36,System.Runtime,dotnet.gc.last_collection.memory.committed_size (By),Metric,0
09/10/2026 13:09:36,System.Runtime,dotnet.process.cpu.time (s / 1 sec)[cpu.mode=system],Rate,0.03352100000000002
09/10/2026 13:09:36,System.Runtime,dotnet.process.cpu.time (s / 1 sec)[cpu.mode=user],Rate,0.571669
09/10/2026 13:09:36,System.Runtime,dotnet.monitor.lock_contentions ({contention} / 1 sec),Rate,0
09/10/2026 13:09:36,System.Runtime,dotnet.thread_pool.thread.count ({thread} / 1 sec),Rate,0
09/10/2026 13:09:36,System.Runtime,dotnet.process.memory.working_set (By),Metric,77414400
09/10/2026 13:09:36,System.Runtime,dotnet.process.cpu.count ({cpu}),Metric,15
09/10/2026 13:09:36,System.Runtime,dotnet.thread_pool.work_item.count ({work_item} / 1 sec),Rate,600
09/10/2026 13:09:36,System.Runtime,dotnet.jit.compilation.time (s / 1 sec),Rate,0.0002485999999999877
09/10/2026 13:09:36,System.Runtime,dotnet.timer.count ({timer}),Metric,3
09/10/2026 13:09:36,System.Runtime,dotnet.thread_pool.queue.length ({work_item} / 1 sec),Rate,0
09/10/2026 13:09:36,System.Runtime,dotnet.jit.compiled_methods ({method} / 1 sec),Rate,2
09/10/2026 13:09:36,System.Runtime,dotnet.jit.compiled_il.size (By / 1 sec),Rate,14
09/10/2026 13:09:36,System.Runtime,dotnet.gc.last_collection.heap.fragmentation.size (By)[gc.heap.generation=poh],Metric,0
09/10/2026 13:09:36,System.Runtime,dotnet.gc.last_collection.heap.fragmentation.size (By)[gc.heap.generation=gen2],Metric,0
09/10/2026 13:09:36,System.Runtime,dotnet.gc.last_collection.heap.fragmentation.size (By)[gc.heap.generation=gen1],Metric,0
09/10/2026 13:09:36,System.Runtime,dotnet.gc.last_collection.heap.fragmentation.size (By)[gc.heap.generation=loh],Metric,0
09/10/2026 13:09:36,System.Runtime,dotnet.gc.last_collection.heap.fragmentation.size (By)[gc.heap.generation=gen0],Metric,0
09/10/2026 13:09:37,System.Runtime,dotnet.assembly.count ({assembly}),Metric,61
09/10/2026 13:09:37,System.Runtime,dotnet.gc.last_collection.heap.size (By)[gc.heap.generation=poh],Metric,0
09/10/2026 13:09:37,System.Runtime,dotnet.gc.last_collection.heap.size (By)[gc.heap.generation=gen2],Metric,0
09/10/2026 13:09:37,System.Runtime,dotnet.gc.last_collection.heap.size (By)[gc.heap.generation=gen1],Metric,0
09/10/2026 13:09:37,System.Runtime,dotnet.gc.last_collection.heap.size (By)[gc.heap.generation=loh],Metric,0
09/10/2026 13:09:37,System.Runtime,dotnet.gc.last_collection.heap.size (By)[gc.heap.generation=gen0],Metric,0
09/10/2026 13:09:37,System.Runtime,dotnet.gc.pause.time (s / 1 sec),Rate,0
09/10/2026 13:09:37,System.Runtime,dotnet.gc.collections ({collection} / 1 sec)[gc.heap.generation=gen2],Rate,0
09/10/2026 13:09:37,System.Runtime,dotnet.gc.collections ({collection} / 1 sec)[gc.heap.generation=gen1],Rate,0
09/10/2026 13:09:37,System.Runtime,dotnet.gc.collections ({collection} / 1 sec)[gc.heap.generation=gen0],Rate,0
09/10/2026 13:09:37,System.Runtime,dotnet.gc.heap.total_allocated (By / 1 sec),Rate,162912
09/10/2026 13:09:37,System.Runtime,dotnet.gc.last_collection.memory.committed_size (By),Metric,0
09/10/2026 13:09:37,System.Runtime,dotnet.process.cpu.time (s / 1 sec)[cpu.mode=system],Rate,0.03229899999999997
09/10/2026 13:09:37,System.Runtime,dotnet.process.cpu.time (s / 1 sec)[cpu.mode=user],Rate,0.5743960000000001
09/10/2026 13:09:37,System.Runtime,dotnet.monitor.lock_contentions ({contention} / 1 sec),Rate,0
09/10/2026 13:09:37,System.Runtime,dotnet.thread_pool.thread.count ({thread} / 1 sec),Rate,0
09/10/2026 13:09:37,System.Runtime,dotnet.process.memory.working_set (By),Metric,77627392
09/10/2026 13:09:37,System.Runtime,dotnet.process.cpu.count ({cpu}),Metric,15
09/10/2026 13:09:37,System.Runtime,dotnet.thread_pool.work_item.count ({work_item} / 1 sec),Rate,602
09/10/2026 13:09:37,System.Runtime,dotnet.jit.compilation.time (s / 1 sec),Rate,0.004944100000000007
09/10/2026 13:09:37,System.Runtime,dotnet.timer.count ({timer}),Metric,3
09/10/2026 13:09:37,System.Runtime,dotnet.thread_pool.queue.length ({work_item} / 1 sec),Rate,0
09/10/2026 13:09:37,System.Runtime,dotnet.jit.compiled_methods ({method} / 1 sec),Rate,9
09/10/2026 13:09:37,System.Runtime,dotnet.jit.compiled_il.size (By / 1 sec),Rate,1331
09/10/2026 13:09:37,System.Runtime,dotnet.gc.last_collection.heap.fragmentation.size (By)[gc.heap.generation=poh],Metric,0
09/10/2026 13:09:37,System.Runtime,dotnet.gc.last_collection.heap.fragmentation.size (By)[gc.heap.generation=gen2],Metric,0
09/10/2026 13:09:37,System.Runtime,dotnet.gc.last_collection.heap.fragmentation.size (By)[gc.heap.generation=gen1],Metric,0
09/10/2026 13:09:37,System.Runtime,dotnet.gc.last_collection.heap.fragmentation.size (By)[gc.heap.generation=loh],Metric,0
09/10/2026 13:09:37,System.Runtime,dotnet.gc.last_collection.heap.fragmentation.size (By)[gc.heap.generation=gen0],Metric,0
09/10/2026 13:09:38,System.Runtime,dotnet.assembly.count ({assembly}),Metric,61
09/10/2026 13:09:38,System.Runtime,dotnet.gc.last_collection.heap.size (By)[gc.heap.generation=poh],Metric,0
09/10/2026 13:09:38,System.Runtime,dotnet.gc.last_collection.heap.size (By)[gc.heap.generation=gen2],Metric,0
09/10/2026 13:09:38,System.Runtime,dotnet.gc.last_collection.heap.size (By)[gc.heap.generation=gen1],Metric,0
09/10/2026 13:09:38,System.Runtime,dotnet.gc.last_collection.heap.size (By)[gc.heap.generation=loh],Metric,0
09/10/2026 13:09:38,System.Runtime,dotnet.gc.last_collection.heap.size (By)[gc.heap.generation=gen0],Metric,0
09/10/2026 13:09:38,System.Runtime,dotnet.gc.pause.time (s / 1 sec),Rate,0
09/10/2026 13:09:38,System.Runtime,dotnet.gc.collections ({collection} / 1 sec)[gc.heap.generation=gen2],Rate,0
09/10/2026 13:09:38,System.Runtime,dotnet.gc.collections ({collection} / 1 sec)[gc.heap.generation=gen1],Rate,0
09/10/2026 13:09:38,System.Runtime,dotnet.gc.collections ({collection} / 1 sec)[gc.heap.generation=gen0],Rate,0
09/10/2026 13:09:38,System.Runtime,dotnet.gc.heap.total_allocated (By / 1 sec),Rate,114800
09/10/2026 13:09:38,System.Runtime,dotnet.gc.last_collection.memory.committed_size (By),Metric,0
09/10/2026 13:09:38,System.Runtime,dotnet.process.cpu.time (s / 1 sec)[cpu.mode=system],Rate,0.034567000000000014
09/10/2026 13:09:38,System.Runtime,dotnet.process.cpu.time (s / 1 sec)[cpu.mode=user],Rate,0.5686389999999992
09/10/2026 13:09:38,System.Runtime,dotnet.monitor.lock_contentions ({contention} / 1 sec),Rate,0
09/10/2026 13:09:38,System.Runtime,dotnet.thread_pool.thread.count ({thread} / 1 sec),Rate,0
09/10/2026 13:09:38,System.Runtime,dotnet.process.memory.working_set (By),Metric,77758464
09/10/2026 13:09:38,System.Runtime,dotnet.process.cpu.count ({cpu}),Metric,15
09/10/2026 13:09:38,System.Runtime,dotnet.thread_pool.work_item.count ({work_item} / 1 sec),Rate,601
09/10/2026 13:09:38,System.Runtime,dotnet.jit.compilation.time (s / 1 sec),Rate,0.00023000000000000798
09/10/2026 13:09:38,System.Runtime,dotnet.timer.count ({timer}),Metric,3
09/10/2026 13:09:38,System.Runtime,dotnet.thread_pool.queue.length ({work_item} / 1 sec),Rate,0
09/10/2026 13:09:38,System.Runtime,dotnet.jit.compiled_methods ({method} / 1 sec),Rate,2
09/10/2026 13:09:38,System.Runtime,dotnet.jit.compiled_il.size (By / 1 sec),Rate,44
09/10/2026 13:09:38,System.Runtime,dotnet.gc.last_collection.heap.fragmentation.size (By)[gc.heap.generation=poh],Metric,0
09/10/2026 13:09:38,System.Runtime,dotnet.gc.last_collection.heap.fragmentation.size (By)[gc.heap.generation=gen2],Metric,0
09/10/2026 13:09:38,System.Runtime,dotnet.gc.last_collection.heap.fragmentation.size (By)[gc.heap.generation=gen1],Metric,0
09/10/2026 13:09:38,System.Runtime,dotnet.gc.last_collection.heap.fragmentation.size (By)[gc.heap.generation=loh],Metric,0
09/10/2026 13:09:38,System.Runtime,dotnet.gc.last_collection.heap.fragmentation.size (By)[gc.heap.generation=gen0],Metric,0
09/10/2026 13:09:39,System.Runtime,dotnet.assembly.count ({assembly}),Metric,61
09/10/2026 13:09:39,System.Runtime,dotnet.gc.last_collection.heap.size (By)[gc.heap.generation=poh],Metric,0
09/10/2026 13:09:39,System.Runtime,dotnet.gc.last_collection.heap.size (By)[gc.heap.generation=gen2],Metric,0
09/10/2026 13:09:39,System.Runtime,dotnet.gc.last_collection.heap.size (By)[gc.heap.generation=gen1],Metric,0
09/10/2026 13:09:39,System.Runtime,dotnet.gc.last_collection.heap.size (By)[gc.heap.generation=loh],Metric,0
09/10/2026 13:09:39,System.Runtime,dotnet.gc.last_collection.heap.size (By)[gc.heap.generation=gen0],Metric,0
09/10/2026 13:09:39,System.Runtime,dotnet.gc.pause.time (s / 1 sec),Rate,0
09/10/2026 13:09:39,System.Runtime,dotnet.gc.collections ({collection} / 1 sec)[gc.heap.generation=gen2],Rate,0
09/10/2026 13:09:39,System.Runtime,dotnet.gc.collections ({collection} / 1 sec)[gc.heap.generation=gen1],Rate,0
09/10/2026 13:09:39,System.Runtime,dotnet.gc.collections ({collection} / 1 sec)[gc.heap.generation=gen0],Rate,0
09/10/2026 13:09:39,System.Runtime,dotnet.gc.heap.total_allocated (By / 1 sec),Rate,155648
09/10/2026 13:09:39,System.Runtime,dotnet.gc.last_collection.memory.committed_size (By),Metric,0
09/10/2026 13:09:39,System.Runtime,dotnet.process.cpu.time (s / 1 sec)[cpu.mode=system],Rate,0.031694
09/10/2026 13:09:39,System.Runtime,dotnet.process.cpu.time (s / 1 sec)[cpu.mode=user],Rate,0.5749080000000006
09/10/2026 13:09:39,System.Runtime,dotnet.monitor.lock_contentions ({contention} / 1 sec),Rate,0
09/10/2026 13:09:39,System.Runtime,dotnet.thread_pool.thread.count ({thread} / 1 sec),Rate,0
09/10/2026 13:09:39,System.Runtime,dotnet.process.memory.working_set (By),Metric,77955072
09/10/2026 13:09:39,System.Runtime,dotnet.process.cpu.count ({cpu}),Metric,15
09/10/2026 13:09:39,System.Runtime,dotnet.thread_pool.work_item.count ({work_item} / 1 sec),Rate,601
09/10/2026 13:09:39,System.Runtime,dotnet.jit.compilation.time (s / 1 sec),Rate,0.0024374999999999813
09/10/2026 13:09:39,System.Runtime,dotnet.timer.count ({timer}),Metric,3
09/10/2026 13:09:39,System.Runtime,dotnet.thread_pool.queue.length ({work_item} / 1 sec),Rate,0
09/10/2026 13:09:39,System.Runtime,dotnet.jit.compiled_methods ({method} / 1 sec),Rate,15
09/10/2026 13:09:39,System.Runtime,dotnet.jit.compiled_il.size (By / 1 sec),Rate,1335
09/10/2026 13:09:39,System.Runtime,dotnet.gc.last_collection.heap.fragmentation.size (By)[gc.heap.generation=poh],Metric,0
09/10/2026 13:09:39,System.Runtime,dotnet.gc.last_collection.heap.fragmentation.size (By)[gc.heap.generation=gen2],Metric,0
09/10/2026 13:09:39,System.Runtime,dotnet.gc.last_collection.heap.fragmentation.size (By)[gc.heap.generation=gen1],Metric,0
09/10/2026 13:09:39,System.Runtime,dotnet.gc.last_collection.heap.fragmentation.size (By)[gc.heap.generation=loh],Metric,0
09/10/2026 13:09:39,System.Runtime,dotnet.gc.last_collection.heap.fragmentation.size (By)[gc.heap.generation=gen0],Metric,0
09/10/2026 13:09:40,System.Runtime,dotnet.assembly.count ({assembly}),Metric,61
09/10/2026 13:09:40,System.Runtime,dotnet.gc.last_collection.heap.size (By)[gc.heap.generation=poh],Metric,0
09/10/2026 13:09:40,System.Runtime,dotnet.gc.last_collection.heap.size (By)[gc.heap.generation=gen2],Metric,0
09/10/2026 13:09:40,System.Runtime,dotnet.gc.last_collection.heap.size (By)[gc.heap.generation=gen1],Metric,0
09/10/2026 13:09:40,System.Runtime,dotnet.gc.last_collection.heap.size (By)[gc.heap.generation=loh],Metric,0
09/10/2026 13:09:40,System.Runtime,dotnet.gc.last_collection.heap.size (By)[gc.heap.generation=gen0],Metric,0
09/10/2026 13:09:40,System.Runtime,dotnet.gc.pause.time (s / 1 sec),Rate,0
09/10/2026 13:09:40,System.Runtime,dotnet.gc.collections ({collection} / 1 sec)[gc.heap.generation=gen2],Rate,0
09/10/2026 13:09:40,System.Runtime,dotnet.gc.collections ({collection} / 1 sec)[gc.heap.generation=gen1],Rate,0
09/10/2026 13:09:40,System.Runtime,dotnet.gc.collections ({collection} / 1 sec)[gc.heap.generation=gen0],Rate,0
09/10/2026 13:09:40,System.Runtime,dotnet.gc.heap.total_allocated (By / 1 sec),Rate,123000
09/10/2026 13:09:40,System.Runtime,dotnet.gc.last_collection.memory.committed_size (By),Metric,0
09/10/2026 13:09:40,System.Runtime,dotnet.process.cpu.time (s / 1 sec)[cpu.mode=system],Rate,0.03303400000000001
09/10/2026 13:09:40,System.Runtime,dotnet.process.cpu.time (s / 1 sec)[cpu.mode=user],Rate,0.5740079999999992
09/10/2026 13:09:40,System.Runtime,dotnet.monitor.lock_contentions ({contention} / 1 sec),Rate,0
09/10/2026 13:09:40,System.Runtime,dotnet.thread_pool.thread.count ({thread} / 1 sec),Rate,0
09/10/2026 13:09:40,System.Runtime,dotnet.process.memory.working_set (By),Metric,78086144
09/10/2026 13:09:40,System.Runtime,dotnet.process.cpu.count ({cpu}),Metric,15
09/10/2026 13:09:40,System.Runtime,dotnet.thread_pool.work_item.count ({work_item} / 1 sec),Rate,601
09/10/2026 13:09:40,System.Runtime,dotnet.jit.compilation.time (s / 1 sec),Rate,0.002622699999999978
09/10/2026 13:09:40,System.Runtime,dotnet.timer.count ({timer}),Metric,3
09/10/2026 13:09:40,System.Runtime,dotnet.thread_pool.queue.length ({work_item} / 1 sec),Rate,0
09/10/2026 13:09:40,System.Runtime,dotnet.jit.compiled_methods ({method} / 1 sec),Rate,12
09/10/2026 13:09:40,System.Runtime,dotnet.jit.compiled_il.size (By / 1 sec),Rate,971
09/10/2026 13:09:40,System.Runtime,dotnet.gc.last_collection.heap.fragmentation.size (By)[gc.heap.generation=poh],Metric,0
09/10/2026 13:09:40,System.Runtime,dotnet.gc.last_collection.heap.fragmentation.size (By)[gc.heap.generation=gen2],Metric,0
09/10/2026 13:09:40,System.Runtime,dotnet.gc.last_collection.heap.fragmentation.size (By)[gc.heap.generation=gen1],Metric,0
09/10/2026 13:09:40,System.Runtime,dotnet.gc.last_collection.heap.fragmentation.size (By)[gc.heap.generation=loh],Metric,0
09/10/2026 13:09:40,System.Runtime,dotnet.gc.last_collection.heap.fragmentation.size (By)[gc.heap.generation=gen0],Metric,0
09/10/2026 13:09:41,System.Runtime,dotnet.assembly.count ({assembly}),Metric,61
09/10/2026 13:09:41,System.Runtime,dotnet.gc.last_collection.heap.size (By)[gc.heap.generation=poh],Metric,0
09/10/2026 13:09:41,System.Runtime,dotnet.gc.last_collection.heap.size (By)[gc.heap.generation=gen2],Metric,0
09/10/2026 13:09:41,System.Runtime,dotnet.gc.last_collection.heap.size (By)[gc.heap.generation=gen1],Metric,0
09/10/2026 13:09:41,System.Runtime,dotnet.gc.last_collection.heap.size (By)[gc.heap.generation=loh],Metric,0
09/10/2026 13:09:41,System.Runtime,dotnet.gc.last_collection.heap.size (By)[gc.heap.generation=gen0],Metric,0
09/10/2026 13:09:41,System.Runtime,dotnet.gc.pause.time (s / 1 sec),Rate,0
09/10/2026 13:09:41,System.Runtime,dotnet.gc.collections ({collection} / 1 sec)[gc.heap.generation=gen2],Rate,0
09/10/2026 13:09:41,System.Runtime,dotnet.gc.collections ({collection} / 1 sec)[gc.heap.generation=gen1],Rate,0
09/10/2026 13:09:41,System.Runtime,dotnet.gc.collections ({collection} / 1 sec)[gc.heap.generation=gen0],Rate,0
09/10/2026 13:09:41,System.Runtime,dotnet.gc.heap.total_allocated (By / 1 sec),Rate,142368
09/10/2026 13:09:41,System.Runtime,dotnet.gc.last_collection.memory.committed_size (By),Metric,0
09/10/2026 13:09:41,System.Runtime,dotnet.process.cpu.time (s / 1 sec)[cpu.mode=system],Rate,0.031186999999999965
09/10/2026 13:09:41,System.Runtime,dotnet.process.cpu.time (s / 1 sec)[cpu.mode=user],Rate,0.5726319999999987
09/10/2026 13:09:41,System.Runtime,dotnet.monitor.lock_contentions ({contention} / 1 sec),Rate,0
09/10/2026 13:09:41,System.Runtime,dotnet.thread_pool.thread.count ({thread} / 1 sec),Rate,0
09/10/2026 13:09:41,System.Runtime,dotnet.process.memory.working_set (By),Metric,78266368
09/10/2026 13:09:41,System.Runtime,dotnet.process.cpu.count ({cpu}),Metric,15
09/10/2026 13:09:41,System.Runtime,dotnet.thread_pool.work_item.count ({work_item} / 1 sec),Rate,601
09/10/2026 13:09:41,System.Runtime,dotnet.jit.compilation.time (s / 1 sec),Rate,0.00020540000000002223
09/10/2026 13:09:41,System.Runtime,dotnet.timer.count ({timer}),Metric,3
09/10/2026 13:09:41,System.Runtime,dotnet.thread_pool.queue.length ({work_item} / 1 sec),Rate,0
09/10/2026 13:09:41,System.Runtime,dotnet.jit.compiled_methods ({method} / 1 sec),Rate,1
09/10/2026 13:09:41,System.Runtime,dotnet.jit.compiled_il.size (By / 1 sec),Rate,7
09/10/2026 13:09:41,System.Runtime,dotnet.gc.last_collection.heap.fragmentation.size (By)[gc.heap.generation=poh],Metric,0
09/10/2026 13:09:41,System.Runtime,dotnet.gc.last_collection.heap.fragmentation.size (By)[gc.heap.generation=gen2],Metric,0
09/10/2026 13:09:41,System.Runtime,dotnet.gc.last_collection.heap.fragmentation.size (By)[gc.heap.generation=gen1],Metric,0
09/10/2026 13:09:41,System.Runtime,dotnet.gc.last_collection.heap.fragmentation.size (By)[gc.heap.generation=loh],Metric,0
09/10/2026 13:09:41,System.Runtime,dotnet.gc.last_collection.heap.fragmentation.size (By)[gc.heap.generation=gen0],Metric,0
09/10/2026 13:09:42,System.Runtime,dotnet.assembly.count ({assembly}),Metric,61
09/10/2026 13:09:42,System.Runtime,dotnet.gc.last_collection.heap.size (By)[gc.heap.generation=poh],Metric,0
09/10/2026 13:09:42,System.Runtime,dotnet.gc.last_collection.heap.size (By)[gc.heap.generation=gen2],Metric,0
09/10/2026 13:09:42,System.Runtime,dotnet.gc.last_collection.heap.size (By)[gc.heap.generation=gen1],Metric,0
09/10/2026 13:09:42,System.Runtime,dotnet.gc.last_collection.heap.size (By)[gc.heap.generation=loh],Metric,0
09/10/2026 13:09:42,System.Runtime,dotnet.gc.last_collection.heap.size (By)[gc.heap.generation=gen0],Metric,0
09/10/2026 13:09:42,System.Runtime,dotnet.gc.pause.time (s / 1 sec),Rate,0
09/10/2026 13:09:42,System.Runtime,dotnet.gc.collections ({collection} / 1 sec)[gc.heap.generation=gen2],Rate,0
09/10/2026 13:09:42,System.Runtime,dotnet.gc.collections ({collection} / 1 sec)[gc.heap.generation=gen1],Rate,0
09/10/2026 13:09:42,System.Runtime,dotnet.gc.collections ({collection} / 1 sec)[gc.heap.generation=gen0],Rate,0
09/10/2026 13:09:42,System.Runtime,dotnet.gc.heap.total_allocated (By / 1 sec),Rate,131344
09/10/2026 13:09:42,System.Runtime,dotnet.gc.last_collection.memory.committed_size (By),Metric,0
09/10/2026 13:09:42,System.Runtime,dotnet.process.cpu.time (s / 1 sec)[cpu.mode=system],Rate,0.027603999999999962
09/10/2026 13:09:42,System.Runtime,dotnet.process.cpu.time (s / 1 sec)[cpu.mode=user],Rate,0.5753050000000002
09/10/2026 13:09:42,System.Runtime,dotnet.monitor.lock_contentions ({contention} / 1 sec),Rate,0
09/10/2026 13:09:42,System.Runtime,dotnet.thread_pool.thread.count ({thread} / 1 sec),Rate,-1
09/10/2026 13:09:42,System.Runtime,dotnet.process.memory.working_set (By),Metric,78413824
09/10/2026 13:09:42,System.Runtime,dotnet.process.cpu.count ({cpu}),Metric,15
09/10/2026 13:09:42,System.Runtime,dotnet.thread_pool.work_item.count ({work_item} / 1 sec),Rate,602
09/10/2026 13:09:42,System.Runtime,dotnet.jit.compilation.time (s / 1 sec),Rate,0.0011851999999999974
09/10/2026 13:09:42,System.Runtime,dotnet.timer.count ({timer}),Metric,3
09/10/2026 13:09:42,System.Runtime,dotnet.thread_pool.queue.length ({work_item} / 1 sec),Rate,0
09/10/2026 13:09:42,System.Runtime,dotnet.jit.compiled_methods ({method} / 1 sec),Rate,6
09/10/2026 13:09:42,System.Runtime,dotnet.jit.compiled_il.size (By / 1 sec),Rate,430
09/10/2026 13:09:42,System.Runtime,dotnet.gc.last_collection.heap.fragmentation.size (By)[gc.heap.generation=poh],Metric,0
09/10/2026 13:09:42,System.Runtime,dotnet.gc.last_collection.heap.fragmentation.size (By)[gc.heap.generation=gen2],Metric,0
09/10/2026 13:09:42,System.Runtime,dotnet.gc.last_collection.heap.fragmentation.size (By)[gc.heap.generation=gen1],Metric,0
09/10/2026 13:09:42,System.Runtime,dotnet.gc.last_collection.heap.fragmentation.size (By)[gc.heap.generation=loh],Metric,0
09/10/2026 13:09:42,System.Runtime,dotnet.gc.last_collection.heap.fragmentation.size (By)[gc.heap.generation=gen0],Metric,0
09/10/2026 13:09:43,System.Runtime,dotnet.assembly.count ({assembly}),Metric,61
09/10/2026 13:09:43,System.Runtime,dotnet.gc.last_collection.heap.size (By)[gc.heap.generation=poh],Metric,0
09/10/2026 13:09:43,System.Runtime,dotnet.gc.last_collection.heap.size (By)[gc.heap.generation=gen2],Metric,0
09/10/2026 13:09:43,System.Runtime,dotnet.gc.last_collection.heap.size (By)[gc.heap.generation=gen1],Metric,0
09/10/2026 13:09:43,System.Runtime,dotnet.gc.last_collection.heap.size (By)[gc.heap.generation=loh],Metric,0
09/10/2026 13:09:43,System.Runtime,dotnet.gc.last_collection.heap.size (By)[gc.heap.generation=gen0],Metric,0
09/10/2026 13:09:43,System.Runtime,dotnet.gc.pause.time (s / 1 sec),Rate,0
09/10/2026 13:09:43,System.Runtime,dotnet.gc.collections ({collection} / 1 sec)[gc.heap.generation=gen2],Rate,0
09/10/2026 13:09:43,System.Runtime,dotnet.gc.collections ({collection} / 1 sec)[gc.heap.generation=gen1],Rate,0
09/10/2026 13:09:43,System.Runtime,dotnet.gc.collections ({collection} / 1 sec)[gc.heap.generation=gen0],Rate,0
09/10/2026 13:09:43,System.Runtime,dotnet.gc.heap.total_allocated (By / 1 sec),Rate,131200
09/10/2026 13:09:43,System.Runtime,dotnet.gc.last_collection.memory.committed_size (By),Metric,0
09/10/2026 13:09:43,System.Runtime,dotnet.process.cpu.time (s / 1 sec)[cpu.mode=system],Rate,0.02355800000000008
09/10/2026 13:09:43,System.Runtime,dotnet.process.cpu.time (s / 1 sec)[cpu.mode=user],Rate,0.5791970000000006
09/10/2026 13:09:43,System.Runtime,dotnet.monitor.lock_contentions ({contention} / 1 sec),Rate,0
09/10/2026 13:09:43,System.Runtime,dotnet.thread_pool.thread.count ({thread} / 1 sec),Rate,0
09/10/2026 13:09:43,System.Runtime,dotnet.process.memory.working_set (By),Metric,78577664
09/10/2026 13:09:43,System.Runtime,dotnet.process.cpu.count ({cpu}),Metric,15
09/10/2026 13:09:43,System.Runtime,dotnet.thread_pool.work_item.count ({work_item} / 1 sec),Rate,601
09/10/2026 13:09:43,System.Runtime,dotnet.jit.compilation.time (s / 1 sec),Rate,0.0003298999999999941
09/10/2026 13:09:43,System.Runtime,dotnet.timer.count ({timer}),Metric,3
09/10/2026 13:09:43,System.Runtime,dotnet.thread_pool.queue.length ({work_item} / 1 sec),Rate,0
09/10/2026 13:09:43,System.Runtime,dotnet.jit.compiled_methods ({method} / 1 sec),Rate,2
09/10/2026 13:09:43,System.Runtime,dotnet.jit.compiled_il.size (By / 1 sec),Rate,98
09/10/2026 13:09:43,System.Runtime,dotnet.gc.last_collection.heap.fragmentation.size (By)[gc.heap.generation=poh],Metric,0
09/10/2026 13:09:43,System.Runtime,dotnet.gc.last_collection.heap.fragmentation.size (By)[gc.heap.generation=gen2],Metric,0
09/10/2026 13:09:43,System.Runtime,dotnet.gc.last_collection.heap.fragmentation.size (By)[gc.heap.generation=gen1],Metric,0
09/10/2026 13:09:43,System.Runtime,dotnet.gc.last_collection.heap.fragmentation.size (By)[gc.heap.generation=loh],Metric,0
09/10/2026 13:09:43,System.Runtime,dotnet.gc.last_collection.heap.fragmentation.size (By)[gc.heap.generation=gen0],Metric,0
09/10/2026 13:09:44,System.Runtime,dotnet.assembly.count ({assembly}),Metric,61
09/10/2026 13:09:44,System.Runtime,dotnet.gc.last_collection.heap.size (By)[gc.heap.generation=poh],Metric,0
09/10/2026 13:09:44,System.Runtime,dotnet.gc.last_collection.heap.size (By)[gc.heap.generation=gen2],Metric,0
09/10/2026 13:09:44,System.Runtime,dotnet.gc.last_collection.heap.size (By)[gc.heap.generation=gen1],Metric,0
09/10/2026 13:09:44,System.Runtime,dotnet.gc.last_collection.heap.size (By)[gc.heap.generation=loh],Metric,0
09/10/2026 13:09:44,System.Runtime,dotnet.gc.last_collection.heap.size (By)[gc.heap.generation=gen0],Metric,0
09/10/2026 13:09:44,System.Runtime,dotnet.gc.pause.time (s / 1 sec),Rate,0
09/10/2026 13:09:44,System.Runtime,dotnet.gc.collections ({collection} / 1 sec)[gc.heap.generation=gen2],Rate,0
09/10/2026 13:09:44,System.Runtime,dotnet.gc.collections ({collection} / 1 sec)[gc.heap.generation=gen1],Rate,0
09/10/2026 13:09:44,System.Runtime,dotnet.gc.collections ({collection} / 1 sec)[gc.heap.generation=gen0],Rate,0
09/10/2026 13:09:44,System.Runtime,dotnet.gc.heap.total_allocated (By / 1 sec),Rate,147560
09/10/2026 13:09:44,System.Runtime,dotnet.gc.last_collection.memory.committed_size (By),Metric,0
09/10/2026 13:09:44,System.Runtime,dotnet.process.cpu.time (s / 1 sec)[cpu.mode=system],Rate,0.023101999999999956
09/10/2026 13:09:44,System.Runtime,dotnet.process.cpu.time (s / 1 sec)[cpu.mode=user],Rate,0.581472999999999
09/10/2026 13:09:44,System.Runtime,dotnet.monitor.lock_contentions ({contention} / 1 sec),Rate,0
09/10/2026 13:09:44,System.Runtime,dotnet.thread_pool.thread.count ({thread} / 1 sec),Rate,0
09/10/2026 13:09:44,System.Runtime,dotnet.process.memory.working_set (By),Metric,78757888
09/10/2026 13:09:44,System.Runtime,dotnet.process.cpu.count ({cpu}),Metric,15
09/10/2026 13:09:44,System.Runtime,dotnet.thread_pool.work_item.count ({work_item} / 1 sec),Rate,601
09/10/2026 13:09:44,System.Runtime,dotnet.jit.compilation.time (s / 1 sec),Rate,0.0018842000000000025
09/10/2026 13:09:44,System.Runtime,dotnet.timer.count ({timer}),Metric,3
09/10/2026 13:09:44,System.Runtime,dotnet.thread_pool.queue.length ({work_item} / 1 sec),Rate,0
09/10/2026 13:09:44,System.Runtime,dotnet.jit.compiled_methods ({method} / 1 sec),Rate,7
09/10/2026 13:09:44,System.Runtime,dotnet.jit.compiled_il.size (By / 1 sec),Rate,376
09/10/2026 13:09:44,System.Runtime,dotnet.gc.last_collection.heap.fragmentation.size (By)[gc.heap.generation=poh],Metric,0
09/10/2026 13:09:44,System.Runtime,dotnet.gc.last_collection.heap.fragmentation.size (By)[gc.heap.generation=gen2],Metric,0
09/10/2026 13:09:44,System.Runtime,dotnet.gc.last_collection.heap.fragmentation.size (By)[gc.heap.generation=gen1],Metric,0
09/10/2026 13:09:44,System.Runtime,dotnet.gc.last_collection.heap.fragmentation.size (By)[gc.heap.generation=loh],Metric,0
09/10/2026 13:09:44,System.Runtime,dotnet.gc.last_collection.heap.fragmentation.size (By)[gc.heap.generation=gen0],Metric,0
09/10/2026 13:09:45,System.Runtime,dotnet.assembly.count ({assembly}),Metric,61
09/10/2026 13:09:45,System.Runtime,dotnet.gc.last_collection.heap.size (By)[gc.heap.generation=poh],Metric,0
09/10/2026 13:09:45,System.Runtime,dotnet.gc.last_collection.heap.size (By)[gc.heap.generation=gen2],Metric,0
09/10/2026 13:09:45,System.Runtime,dotnet.gc.last_collection.heap.size (By)[gc.heap.generation=gen1],Metric,0
09/10/2026 13:09:45,System.Runtime,dotnet.gc.last_collection.heap.size (By)[gc.heap.generation=loh],Metric,0
09/10/2026 13:09:45,System.Runtime,dotnet.gc.last_collection.heap.size (By)[gc.heap.generation=gen0],Metric,0
09/10/2026 13:09:45,System.Runtime,dotnet.gc.pause.time (s / 1 sec),Rate,0
09/10/2026 13:09:45,System.Runtime,dotnet.gc.collections ({collection} / 1 sec)[gc.heap.generation=gen2],Rate,0
09/10/2026 13:09:45,System.Runtime,dotnet.gc.collections ({collection} / 1 sec)[gc.heap.generation=gen1],Rate,0
09/10/2026 13:09:45,System.Runtime,dotnet.gc.collections ({collection} / 1 sec)[gc.heap.generation=gen0],Rate,0
09/10/2026 13:09:45,System.Runtime,dotnet.gc.heap.total_allocated (By / 1 sec),Rate,123000
09/10/2026 13:09:45,System.Runtime,dotnet.gc.last_collection.memory.committed_size (By),Metric,0
09/10/2026 13:09:45,System.Runtime,dotnet.process.cpu.time (s / 1 sec)[cpu.mode=system],Rate,0.025121999999999978
09/10/2026 13:09:45,System.Runtime,dotnet.process.cpu.time (s / 1 sec)[cpu.mode=user],Rate,0.5777340000000031
09/10/2026 13:09:45,System.Runtime,dotnet.monitor.lock_contentions ({contention} / 1 sec),Rate,0
09/10/2026 13:09:45,System.Runtime,dotnet.thread_pool.thread.count ({thread} / 1 sec),Rate,0
09/10/2026 13:09:45,System.Runtime,dotnet.process.memory.working_set (By),Metric,78905344
09/10/2026 13:09:45,System.Runtime,dotnet.process.cpu.count ({cpu}),Metric,15
09/10/2026 13:09:45,System.Runtime,dotnet.thread_pool.work_item.count ({work_item} / 1 sec),Rate,601
09/10/2026 13:09:45,System.Runtime,dotnet.jit.compilation.time (s / 1 sec),Rate,0
09/10/2026 13:09:45,System.Runtime,dotnet.timer.count ({timer}),Metric,3
09/10/2026 13:09:45,System.Runtime,dotnet.thread_pool.queue.length ({work_item} / 1 sec),Rate,0
09/10/2026 13:09:45,System.Runtime,dotnet.jit.compiled_methods ({method} / 1 sec),Rate,0
09/10/2026 13:09:45,System.Runtime,dotnet.jit.compiled_il.size (By / 1 sec),Rate,0
09/10/2026 13:09:45,System.Runtime,dotnet.gc.last_collection.heap.fragmentation.size (By)[gc.heap.generation=poh],Metric,0
09/10/2026 13:09:45,System.Runtime,dotnet.gc.last_collection.heap.fragmentation.size (By)[gc.heap.generation=gen2],Metric,0
09/10/2026 13:09:45,System.Runtime,dotnet.gc.last_collection.heap.fragmentation.size (By)[gc.heap.generation=gen1],Metric,0
09/10/2026 13:09:45,System.Runtime,dotnet.gc.last_collection.heap.fragmentation.size (By)[gc.heap.generation=loh],Metric,0
09/10/2026 13:09:45,System.Runtime,dotnet.gc.last_collection.heap.fragmentation.size (By)[gc.heap.generation=gen0],Metric,0
09/10/2026 13:09:46,System.Runtime,dotnet.assembly.count ({assembly}),Metric,61
09/10/2026 13:09:46,System.Runtime,dotnet.gc.last_collection.heap.size (By)[gc.heap.generation=poh],Metric,0
09/10/2026 13:09:46,System.Runtime,dotnet.gc.last_collection.heap.size (By)[gc.heap.generation=gen2],Metric,0
09/10/2026 13:09:46,System.Runtime,dotnet.gc.last_collection.heap.size (By)[gc.heap.generation=gen1],Metric,0
09/10/2026 13:09:46,System.Runtime,dotnet.gc.last_collection.heap.size (By)[gc.heap.generation=loh],Metric,0
09/10/2026 13:09:46,System.Runtime,dotnet.gc.last_collection.heap.size (By)[gc.heap.generation=gen0],Metric,0
09/10/2026 13:09:46,System.Runtime,dotnet.gc.pause.time (s / 1 sec),Rate,0
09/10/2026 13:09:46,System.Runtime,dotnet.gc.collections ({collection} / 1 sec)[gc.heap.generation=gen2],Rate,0
09/10/2026 13:09:46,System.Runtime,dotnet.gc.collections ({collection} / 1 sec)[gc.heap.generation=gen1],Rate,0
09/10/2026 13:09:46,System.Runtime,dotnet.gc.collections ({collection} / 1 sec)[gc.heap.generation=gen0],Rate,0
09/10/2026 13:09:46,System.Runtime,dotnet.gc.heap.total_allocated (By / 1 sec),Rate,138376
09/10/2026 13:09:46,System.Runtime,dotnet.gc.last_collection.memory.committed_size (By),Metric,0
09/10/2026 13:09:46,System.Runtime,dotnet.process.cpu.time (s / 1 sec)[cpu.mode=system],Rate,0.026654999999999984
09/10/2026 13:09:46,System.Runtime,dotnet.process.cpu.time (s / 1 sec)[cpu.mode=user],Rate,0.5745319999999978
09/10/2026 13:09:46,System.Runtime,dotnet.monitor.lock_contentions ({contention} / 1 sec),Rate,0
09/10/2026 13:09:46,System.Runtime,dotnet.thread_pool.thread.count ({thread} / 1 sec),Rate,0
09/10/2026 13:09:46,System.Runtime,dotnet.process.memory.working_set (By),Metric,79069184
09/10/2026 13:09:46,System.Runtime,dotnet.process.cpu.count ({cpu}),Metric,15
09/10/2026 13:09:46,System.Runtime,dotnet.thread_pool.work_item.count ({work_item} / 1 sec),Rate,601
09/10/2026 13:09:46,System.Runtime,dotnet.jit.compilation.time (s / 1 sec),Rate,0
09/10/2026 13:09:46,System.Runtime,dotnet.timer.count ({timer}),Metric,3
09/10/2026 13:09:46,System.Runtime,dotnet.thread_pool.queue.length ({work_item} / 1 sec),Rate,0
09/10/2026 13:09:46,System.Runtime,dotnet.jit.compiled_methods ({method} / 1 sec),Rate,0
09/10/2026 13:09:46,System.Runtime,dotnet.jit.compiled_il.size (By / 1 sec),Rate,0
09/10/2026 13:09:46,System.Runtime,dotnet.gc.last_collection.heap.fragmentation.size (By)[gc.heap.generation=poh],Metric,0
09/10/2026 13:09:46,System.Runtime,dotnet.gc.last_collection.heap.fragmentation.size (By)[gc.heap.generation=gen2],Metric,0
09/10/2026 13:09:46,System.Runtime,dotnet.gc.last_collection.heap.fragmentation.size (By)[gc.heap.generation=gen1],Metric,0
09/10/2026 13:09:46,System.Runtime,dotnet.gc.last_collection.heap.fragmentation.size (By)[gc.heap.generation=loh],Metric,0
09/10/2026 13:09:46,System.Runtime,dotnet.gc.last_collection.heap.fragmentation.size (By)[gc.heap.generation=gen0],Metric,0
09/10/2026 13:09:47,System.Runtime,dotnet.assembly.count ({assembly}),Metric,61
09/10/2026 13:09:47,System.Runtime,dotnet.gc.last_collection.heap.size (By)[gc.heap.generation=poh],Metric,0
09/10/2026 13:09:47,System.Runtime,dotnet.gc.last_collection.heap.size (By)[gc.heap.generation=gen2],Metric,0
09/10/2026 13:09:47,System.Runtime,dotnet.gc.last_collection.heap.size (By)[gc.heap.generation=gen1],Metric,0
09/10/2026 13:09:47,System.Runtime,dotnet.gc.last_collection.heap.size (By)[gc.heap.generation=loh],Metric,0
09/10/2026 13:09:47,System.Runtime,dotnet.gc.last_collection.heap.size (By)[gc.heap.generation=gen0],Metric,0
09/10/2026 13:09:47,System.Runtime,dotnet.gc.pause.time (s / 1 sec),Rate,0
09/10/2026 13:09:47,System.Runtime,dotnet.gc.collections ({collection} / 1 sec)[gc.heap.generation=gen2],Rate,0
09/10/2026 13:09:47,System.Runtime,dotnet.gc.collections ({collection} / 1 sec)[gc.heap.generation=gen1],Rate,0
09/10/2026 13:09:47,System.Runtime,dotnet.gc.collections ({collection} / 1 sec)[gc.heap.generation=gen0],Rate,0
09/10/2026 13:09:47,System.Runtime,dotnet.gc.heap.total_allocated (By / 1 sec),Rate,154696
09/10/2026 13:09:47,System.Runtime,dotnet.gc.last_collection.memory.committed_size (By),Metric,0
09/10/2026 13:09:47,System.Runtime,dotnet.process.cpu.time (s / 1 sec)[cpu.mode=system],Rate,0.03137000000000012
09/10/2026 13:09:47,System.Runtime,dotnet.process.cpu.time (s / 1 sec)[cpu.mode=user],Rate,0.5731490000000008
09/10/2026 13:09:47,System.Runtime,dotnet.monitor.lock_contentions ({contention} / 1 sec),Rate,0
09/10/2026 13:09:47,System.Runtime,dotnet.thread_pool.thread.count ({thread} / 1 sec),Rate,0
09/10/2026 13:09:47,System.Runtime,dotnet.process.memory.working_set (By),Metric,79216640
09/10/2026 13:09:47,System.Runtime,dotnet.process.cpu.count ({cpu}),Metric,15
09/10/2026 13:09:47,System.Runtime,dotnet.thread_pool.work_item.count ({work_item} / 1 sec),Rate,601
09/10/2026 13:09:47,System.Runtime,dotnet.jit.compilation.time (s / 1 sec),Rate,0.0024196000000000217
09/10/2026 13:09:47,System.Runtime,dotnet.timer.count ({timer}),Metric,3
09/10/2026 13:09:47,System.Runtime,dotnet.thread_pool.queue.length ({work_item} / 1 sec),Rate,0
09/10/2026 13:09:47,System.Runtime,dotnet.jit.compiled_methods ({method} / 1 sec),Rate,10
09/10/2026 13:09:47,System.Runtime,dotnet.jit.compiled_il.size (By / 1 sec),Rate,1945
09/10/2026 13:09:47,System.Runtime,dotnet.gc.last_collection.heap.fragmentation.size (By)[gc.heap.generation=poh],Metric,0
09/10/2026 13:09:47,System.Runtime,dotnet.gc.last_collection.heap.fragmentation.size (By)[gc.heap.generation=gen2],Metric,0
09/10/2026 13:09:47,System.Runtime,dotnet.gc.last_collection.heap.fragmentation.size (By)[gc.heap.generation=gen1],Metric,0
09/10/2026 13:09:47,System.Runtime,dotnet.gc.last_collection.heap.fragmentation.size (By)[gc.heap.generation=loh],Metric,0
09/10/2026 13:09:47,System.Runtime,dotnet.gc.last_collection.heap.fragmentation.size (By)[gc.heap.generation=gen0],Metric,0
09/10/2026 13:09:48,System.Runtime,dotnet.assembly.count ({assembly}),Metric,61
09/10/2026 13:09:48,System.Runtime,dotnet.gc.last_collection.heap.size (By)[gc.heap.generation=poh],Metric,0
09/10/2026 13:09:48,System.Runtime,dotnet.gc.last_collection.heap.size (By)[gc.heap.generation=gen2],Metric,0
09/10/2026 13:09:48,System.Runtime,dotnet.gc.last_collection.heap.size (By)[gc.heap.generation=gen1],Metric,0
09/10/2026 13:09:48,System.Runtime,dotnet.gc.last_collection.heap.size (By)[gc.heap.generation=loh],Metric,0
09/10/2026 13:09:48,System.Runtime,dotnet.gc.last_collection.heap.size (By)[gc.heap.generation=gen0],Metric,0
09/10/2026 13:09:48,System.Runtime,dotnet.gc.pause.time (s / 1 sec),Rate,0
09/10/2026 13:09:48,System.Runtime,dotnet.gc.collections ({collection} / 1 sec)[gc.heap.generation=gen2],Rate,0
09/10/2026 13:09:48,System.Runtime,dotnet.gc.collections ({collection} / 1 sec)[gc.heap.generation=gen1],Rate,0
09/10/2026 13:09:48,System.Runtime,dotnet.gc.collections ({collection} / 1 sec)[gc.heap.generation=gen0],Rate,0
09/10/2026 13:09:48,System.Runtime,dotnet.gc.heap.total_allocated (By / 1 sec),Rate,122936
09/10/2026 13:09:48,System.Runtime,dotnet.gc.last_collection.memory.committed_size (By),Metric,0
09/10/2026 13:09:48,System.Runtime,dotnet.process.cpu.time (s / 1 sec)[cpu.mode=system],Rate,0.03090399999999982
09/10/2026 13:09:48,System.Runtime,dotnet.process.cpu.time (s / 1 sec)[cpu.mode=user],Rate,0.5703460000000007
09/10/2026 13:09:48,System.Runtime,dotnet.monitor.lock_contentions ({contention} / 1 sec),Rate,0
09/10/2026 13:09:48,System.Runtime,dotnet.thread_pool.thread.count ({thread} / 1 sec),Rate,0
09/10/2026 13:09:48,System.Runtime,dotnet.process.memory.working_set (By),Metric,79380480
09/10/2026 13:09:48,System.Runtime,dotnet.process.cpu.count ({cpu}),Metric,15
09/10/2026 13:09:48,System.Runtime,dotnet.thread_pool.work_item.count ({work_item} / 1 sec),Rate,602
09/10/2026 13:09:48,System.Runtime,dotnet.jit.compilation.time (s / 1 sec),Rate,0
09/10/2026 13:09:48,System.Runtime,dotnet.timer.count ({timer}),Metric,3
09/10/2026 13:09:48,System.Runtime,dotnet.thread_pool.queue.length ({work_item} / 1 sec),Rate,0
09/10/2026 13:09:48,System.Runtime,dotnet.jit.compiled_methods ({method} / 1 sec),Rate,0
09/10/2026 13:09:48,System.Runtime,dotnet.jit.compiled_il.size (By / 1 sec),Rate,0
09/10/2026 13:09:48,System.Runtime,dotnet.gc.last_collection.heap.fragmentation.size (By)[gc.heap.generation=poh],Metric,0
09/10/2026 13:09:48,System.Runtime,dotnet.gc.last_collection.heap.fragmentation.size (By)[gc.heap.generation=gen2],Metric,0
09/10/2026 13:09:48,System.Runtime,dotnet.gc.last_collection.heap.fragmentation.size (By)[gc.heap.generation=gen1],Metric,0
09/10/2026 13:09:48,System.Runtime,dotnet.gc.last_collection.heap.fragmentation.size (By)[gc.heap.generation=loh],Metric,0
09/10/2026 13:09:48,System.Runtime,dotnet.gc.last_collection.heap.fragmentation.size (By)[gc.heap.generation=gen0],Metric,0
09/10/2026 13:09:49,System.Runtime,dotnet.assembly.count ({assembly}),Metric,61
09/10/2026 13:09:49,System.Runtime,dotnet.gc.last_collection.heap.size (By)[gc.heap.generation=poh],Metric,0
09/10/2026 13:09:49,System.Runtime,dotnet.gc.last_collection.heap.size (By)[gc.heap.generation=gen2],Metric,0
09/10/2026 13:09:49,System.Runtime,dotnet.gc.last_collection.heap.size (By)[gc.heap.generation=gen1],Metric,0
09/10/2026 13:09:49,System.Runtime,dotnet.gc.last_collection.heap.size (By)[gc.heap.generation=loh],Metric,0
09/10/2026 13:09:49,System.Runtime,dotnet.gc.last_collection.heap.size (By)[gc.heap.generation=gen0],Metric,0
09/10/2026 13:09:49,System.Runtime,dotnet.gc.pause.time (s / 1 sec),Rate,0
09/10/2026 13:09:49,System.Runtime,dotnet.gc.collections ({collection} / 1 sec)[gc.heap.generation=gen2],Rate,0
09/10/2026 13:09:49,System.Runtime,dotnet.gc.collections ({collection} / 1 sec)[gc.heap.generation=gen1],Rate,0
09/10/2026 13:09:49,System.Runtime,dotnet.gc.collections ({collection} / 1 sec)[gc.heap.generation=gen0],Rate,0
09/10/2026 13:09:49,System.Runtime,dotnet.gc.heap.total_allocated (By / 1 sec),Rate,137024
09/10/2026 13:09:49,System.Runtime,dotnet.gc.last_collection.memory.committed_size (By),Metric,0
09/10/2026 13:09:49,System.Runtime,dotnet.process.cpu.time (s / 1 sec)[cpu.mode=system],Rate,0.031555
09/10/2026 13:09:49,System.Runtime,dotnet.process.cpu.time (s / 1 sec)[cpu.mode=user],Rate,0.5663279999999986
09/10/2026 13:09:49,System.Runtime,dotnet.monitor.lock_contentions ({contention} / 1 sec),Rate,0
09/10/2026 13:09:49,System.Runtime,dotnet.thread_pool.thread.count ({thread} / 1 sec),Rate,-1
09/10/2026 13:09:49,System.Runtime,dotnet.process.memory.working_set (By),Metric,79511552
09/10/2026 13:09:49,System.Runtime,dotnet.process.cpu.count ({cpu}),Metric,15
09/10/2026 13:09:49,System.Runtime,dotnet.thread_pool.work_item.count ({work_item} / 1 sec),Rate,601
09/10/2026 13:09:49,System.Runtime,dotnet.jit.compilation.time (s / 1 sec),Rate,0
09/10/2026 13:09:49,System.Runtime,dotnet.timer.count ({timer}),Metric,3
09/10/2026 13:09:49,System.Runtime,dotnet.thread_pool.queue.length ({work_item} / 1 sec),Rate,0
09/10/2026 13:09:49,System.Runtime,dotnet.jit.compiled_methods ({method} / 1 sec),Rate,0
09/10/2026 13:09:49,System.Runtime,dotnet.jit.compiled_il.size (By / 1 sec),Rate,0
09/10/2026 13:09:49,System.Runtime,dotnet.gc.last_collection.heap.fragmentation.size (By)[gc.heap.generation=poh],Metric,0
09/10/2026 13:09:49,System.Runtime,dotnet.gc.last_collection.heap.fragmentation.size (By)[gc.heap.generation=gen2],Metric,0
09/10/2026 13:09:49,System.Runtime,dotnet.gc.last_collection.heap.fragmentation.size (By)[gc.heap.generation=gen1],Metric,0
09/10/2026 13:09:49,System.Runtime,dotnet.gc.last_collection.heap.fragmentation.size (By)[gc.heap.generation=loh],Metric,0
09/10/2026 13:09:49,System.Runtime,dotnet.gc.last_collection.heap.fragmentation.size (By)[gc.heap.generation=gen0],Metric,0
09/10/2026 13:09:50,System.Runtime,dotnet.assembly.count ({assembly}),Metric,61
09/10/2026 13:09:50,System.Runtime,dotnet.gc.last_collection.heap.size (By)[gc.heap.generation=poh],Metric,0
09/10/2026 13:09:50,System.Runtime,dotnet.gc.last_collection.heap.size (By)[gc.heap.generation=gen2],Metric,0
09/10/2026 13:09:50,System.Runtime,dotnet.gc.last_collection.heap.size (By)[gc.heap.generation=gen1],Metric,0
09/10/2026 13:09:50,System.Runtime,dotnet.gc.last_collection.heap.size (By)[gc.heap.generation=loh],Metric,0
09/10/2026 13:09:50,System.Runtime,dotnet.gc.last_collection.heap.size (By)[gc.heap.generation=gen0],Metric,0
09/10/2026 13:09:50,System.Runtime,dotnet.gc.pause.time (s / 1 sec),Rate,0
09/10/2026 13:09:50,System.Runtime,dotnet.gc.collections ({collection} / 1 sec)[gc.heap.generation=gen2],Rate,0
09/10/2026 13:09:50,System.Runtime,dotnet.gc.collections ({collection} / 1 sec)[gc.heap.generation=gen1],Rate,0
09/10/2026 13:09:50,System.Runtime,dotnet.gc.collections ({collection} / 1 sec)[gc.heap.generation=gen0],Rate,0
09/10/2026 13:09:50,System.Runtime,dotnet.gc.heap.total_allocated (By / 1 sec),Rate,153160
09/10/2026 13:09:50,System.Runtime,dotnet.gc.last_collection.memory.committed_size (By),Metric,0
09/10/2026 13:09:50,System.Runtime,dotnet.process.cpu.time (s / 1 sec)[cpu.mode=system],Rate,0.03146100000000018
09/10/2026 13:09:50,System.Runtime,dotnet.process.cpu.time (s / 1 sec)[cpu.mode=user],Rate,0.5700490000000009
09/10/2026 13:09:50,System.Runtime,dotnet.monitor.lock_contentions ({contention} / 1 sec),Rate,0
09/10/2026 13:09:50,System.Runtime,dotnet.thread_pool.thread.count ({thread} / 1 sec),Rate,0
09/10/2026 13:09:50,System.Runtime,dotnet.process.memory.working_set (By),Metric,79675392
09/10/2026 13:09:50,System.Runtime,dotnet.process.cpu.count ({cpu}),Metric,15
09/10/2026 13:09:50,System.Runtime,dotnet.thread_pool.work_item.count ({work_item} / 1 sec),Rate,601
09/10/2026 13:09:50,System.Runtime,dotnet.jit.compilation.time (s / 1 sec),Rate,0
09/10/2026 13:09:50,System.Runtime,dotnet.timer.count ({timer}),Metric,3
09/10/2026 13:09:50,System.Runtime,dotnet.thread_pool.queue.length ({work_item} / 1 sec),Rate,0
09/10/2026 13:09:50,System.Runtime,dotnet.jit.compiled_methods ({method} / 1 sec),Rate,0
09/10/2026 13:09:50,System.Runtime,dotnet.jit.compiled_il.size (By / 1 sec),Rate,0
09/10/2026 13:09:50,System.Runtime,dotnet.gc.last_collection.heap.fragmentation.size (By)[gc.heap.generation=poh],Metric,0
09/10/2026 13:09:50,System.Runtime,dotnet.gc.last_collection.heap.fragmentation.size (By)[gc.heap.generation=gen2],Metric,0
09/10/2026 13:09:50,System.Runtime,dotnet.gc.last_collection.heap.fragmentation.size (By)[gc.heap.generation=gen1],Metric,0
09/10/2026 13:09:50,System.Runtime,dotnet.gc.last_collection.heap.fragmentation.size (By)[gc.heap.generation=loh],Metric,0
09/10/2026 13:09:50,System.Runtime,dotnet.gc.last_collection.heap.fragmentation.size (By)[gc.heap.generation=gen0],Metric,0
09/10/2026 13:09:51,System.Runtime,dotnet.assembly.count ({assembly}),Metric,61
09/10/2026 13:09:51,System.Runtime,dotnet.gc.last_collection.heap.size (By)[gc.heap.generation=poh],Metric,0
09/10/2026 13:09:51,System.Runtime,dotnet.gc.last_collection.heap.size (By)[gc.heap.generation=gen2],Metric,0
09/10/2026 13:09:51,System.Runtime,dotnet.gc.last_collection.heap.size (By)[gc.heap.generation=gen1],Metric,0
09/10/2026 13:09:51,System.Runtime,dotnet.gc.last_collection.heap.size (By)[gc.heap.generation=loh],Metric,0
09/10/2026 13:09:51,System.Runtime,dotnet.gc.last_collection.heap.size (By)[gc.heap.generation=gen0],Metric,0
09/10/2026 13:09:51,System.Runtime,dotnet.gc.pause.time (s / 1 sec),Rate,0
09/10/2026 13:09:51,System.Runtime,dotnet.gc.collections ({collection} / 1 sec)[gc.heap.generation=gen2],Rate,0
09/10/2026 13:09:51,System.Runtime,dotnet.gc.collections ({collection} / 1 sec)[gc.heap.generation=gen1],Rate,0
09/10/2026 13:09:51,System.Runtime,dotnet.gc.collections ({collection} / 1 sec)[gc.heap.generation=gen0],Rate,0
09/10/2026 13:09:51,System.Runtime,dotnet.gc.heap.total_allocated (By / 1 sec),Rate,124112
09/10/2026 13:09:51,System.Runtime,dotnet.gc.last_collection.memory.committed_size (By),Metric,0
09/10/2026 13:09:51,System.Runtime,dotnet.process.cpu.time (s / 1 sec)[cpu.mode=system],Rate,0.03109699999999993
09/10/2026 13:09:51,System.Runtime,dotnet.process.cpu.time (s / 1 sec)[cpu.mode=user],Rate,0.5705500000000008
09/10/2026 13:09:51,System.Runtime,dotnet.monitor.lock_contentions ({contention} / 1 sec),Rate,0
09/10/2026 13:09:51,System.Runtime,dotnet.thread_pool.thread.count ({thread} / 1 sec),Rate,0
09/10/2026 13:09:51,System.Runtime,dotnet.process.memory.working_set (By),Metric,79822848
09/10/2026 13:09:51,System.Runtime,dotnet.process.cpu.count ({cpu}),Metric,15
09/10/2026 13:09:51,System.Runtime,dotnet.thread_pool.work_item.count ({work_item} / 1 sec),Rate,601
09/10/2026 13:09:51,System.Runtime,dotnet.jit.compilation.time (s / 1 sec),Rate,0.00023409999999995934
09/10/2026 13:09:51,System.Runtime,dotnet.timer.count ({timer}),Metric,3
09/10/2026 13:09:51,System.Runtime,dotnet.thread_pool.queue.length ({work_item} / 1 sec),Rate,0
09/10/2026 13:09:51,System.Runtime,dotnet.jit.compiled_methods ({method} / 1 sec),Rate,1
09/10/2026 13:09:51,System.Runtime,dotnet.jit.compiled_il.size (By / 1 sec),Rate,63
09/10/2026 13:09:51,System.Runtime,dotnet.gc.last_collection.heap.fragmentation.size (By)[gc.heap.generation=poh],Metric,0
09/10/2026 13:09:51,System.Runtime,dotnet.gc.last_collection.heap.fragmentation.size (By)[gc.heap.generation=gen2],Metric,0
09/10/2026 13:09:51,System.Runtime,dotnet.gc.last_collection.heap.fragmentation.size (By)[gc.heap.generation=gen1],Metric,0
09/10/2026 13:09:51,System.Runtime,dotnet.gc.last_collection.heap.fragmentation.size (By)[gc.heap.generation=loh],Metric,0
09/10/2026 13:09:51,System.Runtime,dotnet.gc.last_collection.heap.fragmentation.size (By)[gc.heap.generation=gen0],Metric,0
09/10/2026 13:09:52,System.Runtime,dotnet.assembly.count ({assembly}),Metric,61
09/10/2026 13:09:52,System.Runtime,dotnet.gc.last_collection.heap.size (By)[gc.heap.generation=poh],Metric,0
09/10/2026 13:09:52,System.Runtime,dotnet.gc.last_collection.heap.size (By)[gc.heap.generation=gen2],Metric,0
09/10/2026 13:09:52,System.Runtime,dotnet.gc.last_collection.heap.size (By)[gc.heap.generation=gen1],Metric,0
09/10/2026 13:09:52,System.Runtime,dotnet.gc.last_collection.heap.size (By)[gc.heap.generation=loh],Metric,0
09/10/2026 13:09:52,System.Runtime,dotnet.gc.last_collection.heap.size (By)[gc.heap.generation=gen0],Metric,0
09/10/2026 13:09:52,System.Runtime,dotnet.gc.pause.time (s / 1 sec),Rate,0
09/10/2026 13:09:52,System.Runtime,dotnet.gc.collections ({collection} / 1 sec)[gc.heap.generation=gen2],Rate,0
09/10/2026 13:09:52,System.Runtime,dotnet.gc.collections ({collection} / 1 sec)[gc.heap.generation=gen1],Rate,0
09/10/2026 13:09:52,System.Runtime,dotnet.gc.collections ({collection} / 1 sec)[gc.heap.generation=gen0],Rate,0
09/10/2026 13:09:52,System.Runtime,dotnet.gc.heap.total_allocated (By / 1 sec),Rate,147552
09/10/2026 13:09:52,System.Runtime,dotnet.gc.last_collection.memory.committed_size (By),Metric,0
09/10/2026 13:09:52,System.Runtime,dotnet.process.cpu.time (s / 1 sec)[cpu.mode=system],Rate,0.03270700000000004
09/10/2026 13:09:52,System.Runtime,dotnet.process.cpu.time (s / 1 sec)[cpu.mode=user],Rate,0.5722430000000003
09/10/2026 13:09:52,System.Runtime,dotnet.monitor.lock_contentions ({contention} / 1 sec),Rate,0
09/10/2026 13:09:52,System.Runtime,dotnet.thread_pool.thread.count ({thread} / 1 sec),Rate,0
09/10/2026 13:09:52,System.Runtime,dotnet.process.memory.working_set (By),Metric,80003072
09/10/2026 13:09:52,System.Runtime,dotnet.process.cpu.count ({cpu}),Metric,15
09/10/2026 13:09:52,System.Runtime,dotnet.thread_pool.work_item.count ({work_item} / 1 sec),Rate,602
09/10/2026 13:09:52,System.Runtime,dotnet.jit.compilation.time (s / 1 sec),Rate,0.0049584000000000295
09/10/2026 13:09:52,System.Runtime,dotnet.timer.count ({timer}),Metric,3
09/10/2026 13:09:52,System.Runtime,dotnet.thread_pool.queue.length ({work_item} / 1 sec),Rate,0
09/10/2026 13:09:52,System.Runtime,dotnet.jit.compiled_methods ({method} / 1 sec),Rate,21
09/10/2026 13:09:52,System.Runtime,dotnet.jit.compiled_il.size (By / 1 sec),Rate,2836
09/10/2026 13:09:52,System.Runtime,dotnet.gc.last_collection.heap.fragmentation.size (By)[gc.heap.generation=poh],Metric,0
09/10/2026 13:09:52,System.Runtime,dotnet.gc.last_collection.heap.fragmentation.size (By)[gc.heap.generation=gen2],Metric,0
09/10/2026 13:09:52,System.Runtime,dotnet.gc.last_collection.heap.fragmentation.size (By)[gc.heap.generation=gen1],Metric,0
09/10/2026 13:09:52,System.Runtime,dotnet.gc.last_collection.heap.fragmentation.size (By)[gc.heap.generation=loh],Metric,0
09/10/2026 13:09:52,System.Runtime,dotnet.gc.last_collection.heap.fragmentation.size (By)[gc.heap.generation=gen0],Metric,0
09/10/2026 13:09:53,System.Runtime,dotnet.assembly.count ({assembly}),Metric,61
09/10/2026 13:09:53,System.Runtime,dotnet.gc.last_collection.heap.size (By)[gc.heap.generation=poh],Metric,0
09/10/2026 13:09:53,System.Runtime,dotnet.gc.last_collection.heap.size (By)[gc.heap.generation=gen2],Metric,0
09/10/2026 13:09:53,System.Runtime,dotnet.gc.last_collection.heap.size (By)[gc.heap.generation=gen1],Metric,0
09/10/2026 13:09:53,System.Runtime,dotnet.gc.last_collection.heap.size (By)[gc.heap.generation=loh],Metric,0
09/10/2026 13:09:53,System.Runtime,dotnet.gc.last_collection.heap.size (By)[gc.heap.generation=gen0],Metric,0
09/10/2026 13:09:53,System.Runtime,dotnet.gc.pause.time (s / 1 sec),Rate,0
09/10/2026 13:09:53,System.Runtime,dotnet.gc.collections ({collection} / 1 sec)[gc.heap.generation=gen2],Rate,0
09/10/2026 13:09:53,System.Runtime,dotnet.gc.collections ({collection} / 1 sec)[gc.heap.generation=gen1],Rate,0
09/10/2026 13:09:53,System.Runtime,dotnet.gc.collections ({collection} / 1 sec)[gc.heap.generation=gen0],Rate,0
09/10/2026 13:09:53,System.Runtime,dotnet.gc.heap.total_allocated (By / 1 sec),Rate,138368
09/10/2026 13:09:53,System.Runtime,dotnet.gc.last_collection.memory.committed_size (By),Metric,0
09/10/2026 13:09:53,System.Runtime,dotnet.process.cpu.time (s / 1 sec)[cpu.mode=system],Rate,0.03022299999999989
09/10/2026 13:09:53,System.Runtime,dotnet.process.cpu.time (s / 1 sec)[cpu.mode=user],Rate,0.5736399999999975
09/10/2026 13:09:53,System.Runtime,dotnet.monitor.lock_contentions ({contention} / 1 sec),Rate,0
09/10/2026 13:09:53,System.Runtime,dotnet.thread_pool.thread.count ({thread} / 1 sec),Rate,0
09/10/2026 13:09:53,System.Runtime,dotnet.process.memory.working_set (By),Metric,80183296
09/10/2026 13:09:53,System.Runtime,dotnet.process.cpu.count ({cpu}),Metric,15
09/10/2026 13:09:53,System.Runtime,dotnet.thread_pool.work_item.count ({work_item} / 1 sec),Rate,601
09/10/2026 13:09:53,System.Runtime,dotnet.jit.compilation.time (s / 1 sec),Rate,0.003493299999999977
09/10/2026 13:09:53,System.Runtime,dotnet.timer.count ({timer}),Metric,3
09/10/2026 13:09:53,System.Runtime,dotnet.thread_pool.queue.length ({work_item} / 1 sec),Rate,0
09/10/2026 13:09:53,System.Runtime,dotnet.jit.compiled_methods ({method} / 1 sec),Rate,31
09/10/2026 13:09:53,System.Runtime,dotnet.jit.compiled_il.size (By / 1 sec),Rate,1431
09/10/2026 13:09:53,System.Runtime,dotnet.gc.last_collection.heap.fragmentation.size (By)[gc.heap.generation=poh],Metric,0
09/10/2026 13:09:53,System.Runtime,dotnet.gc.last_collection.heap.fragmentation.size (By)[gc.heap.generation=gen2],Metric,0
09/10/2026 13:09:53,System.Runtime,dotnet.gc.last_collection.heap.fragmentation.size (By)[gc.heap.generation=gen1],Metric,0
09/10/2026 13:09:53,System.Runtime,dotnet.gc.last_collection.heap.fragmentation.size (By)[gc.heap.generation=loh],Metric,0
09/10/2026 13:09:53,System.Runtime,dotnet.gc.last_collection.heap.fragmentation.size (By)[gc.heap.generation=gen0],Metric,0
09/10/2026 13:09:54,System.Runtime,dotnet.assembly.count ({assembly}),Metric,61
09/10/2026 13:09:54,System.Runtime,dotnet.gc.last_collection.heap.size (By)[gc.heap.generation=poh],Metric,0
09/10/2026 13:09:54,System.Runtime,dotnet.gc.last_collection.heap.size (By)[gc.heap.generation=gen2],Metric,0
09/10/2026 13:09:54,System.Runtime,dotnet.gc.last_collection.heap.size (By)[gc.heap.generation=gen1],Metric,0
09/10/2026 13:09:54,System.Runtime,dotnet.gc.last_collection.heap.size (By)[gc.heap.generation=loh],Metric,0
09/10/2026 13:09:54,System.Runtime,dotnet.gc.last_collection.heap.size (By)[gc.heap.generation=gen0],Metric,0
09/10/2026 13:09:54,System.Runtime,dotnet.gc.pause.time (s / 1 sec),Rate,0
09/10/2026 13:09:54,System.Runtime,dotnet.gc.collections ({collection} / 1 sec)[gc.heap.generation=gen2],Rate,0
09/10/2026 13:09:54,System.Runtime,dotnet.gc.collections ({collection} / 1 sec)[gc.heap.generation=gen1],Rate,0
09/10/2026 13:09:54,System.Runtime,dotnet.gc.collections ({collection} / 1 sec)[gc.heap.generation=gen0],Rate,0
09/10/2026 13:09:54,System.Runtime,dotnet.gc.heap.total_allocated (By / 1 sec),Rate,139400
09/10/2026 13:09:54,System.Runtime,dotnet.gc.last_collection.memory.committed_size (By),Metric,0
09/10/2026 13:09:54,System.Runtime,dotnet.process.cpu.time (s / 1 sec)[cpu.mode=system],Rate,0.030685000000000073
09/10/2026 13:09:54,System.Runtime,dotnet.process.cpu.time (s / 1 sec)[cpu.mode=user],Rate,0.5747350000000004
09/10/2026 13:09:54,System.Runtime,dotnet.monitor.lock_contentions ({contention} / 1 sec),Rate,0
09/10/2026 13:09:54,System.Runtime,dotnet.thread_pool.thread.count ({thread} / 1 sec),Rate,0
09/10/2026 13:09:54,System.Runtime,dotnet.process.memory.working_set (By),Metric,80363520
09/10/2026 13:09:54,System.Runtime,dotnet.process.cpu.count ({cpu}),Metric,15
09/10/2026 13:09:54,System.Runtime,dotnet.thread_pool.work_item.count ({work_item} / 1 sec),Rate,601
09/10/2026 13:09:54,System.Runtime,dotnet.jit.compilation.time (s / 1 sec),Rate,0.004522999999999999
09/10/2026 13:09:54,System.Runtime,dotnet.timer.count ({timer}),Metric,3
09/10/2026 13:09:54,System.Runtime,dotnet.thread_pool.queue.length ({work_item} / 1 sec),Rate,0
09/10/2026 13:09:54,System.Runtime,dotnet.jit.compiled_methods ({method} / 1 sec),Rate,49
09/10/2026 13:09:54,System.Runtime,dotnet.jit.compiled_il.size (By / 1 sec),Rate,1965
09/10/2026 13:09:54,System.Runtime,dotnet.gc.last_collection.heap.fragmentation.size (By)[gc.heap.generation=poh],Metric,0
09/10/2026 13:09:54,System.Runtime,dotnet.gc.last_collection.heap.fragmentation.size (By)[gc.heap.generation=gen2],Metric,0
09/10/2026 13:09:54,System.Runtime,dotnet.gc.last_collection.heap.fragmentation.size (By)[gc.heap.generation=gen1],Metric,0
09/10/2026 13:09:54,System.Runtime,dotnet.gc.last_collection.heap.fragmentation.size (By)[gc.heap.generation=loh],Metric,0
09/10/2026 13:09:54,System.Runtime,dotnet.gc.last_collection.heap.fragmentation.size (By)[gc.heap.generation=gen0],Metric,0
09/10/2026 13:09:55,System.Runtime,dotnet.assembly.count ({assembly}),Metric,61
09/10/2026 13:09:55,System.Runtime,dotnet.gc.last_collection.heap.size (By)[gc.heap.generation=poh],Metric,0
09/10/2026 13:09:55,System.Runtime,dotnet.gc.last_collection.heap.size (By)[gc.heap.generation=gen2],Metric,0
09/10/2026 13:09:55,System.Runtime,dotnet.gc.last_collection.heap.size (By)[gc.heap.generation=gen1],Metric,0
09/10/2026 13:09:55,System.Runtime,dotnet.gc.last_collection.heap.size (By)[gc.heap.generation=loh],Metric,0
09/10/2026 13:09:55,System.Runtime,dotnet.gc.last_collection.heap.size (By)[gc.heap.generation=gen0],Metric,0
09/10/2026 13:09:55,System.Runtime,dotnet.gc.pause.time (s / 1 sec),Rate,0
09/10/2026 13:09:55,System.Runtime,dotnet.gc.collections ({collection} / 1 sec)[gc.heap.generation=gen2],Rate,0
09/10/2026 13:09:55,System.Runtime,dotnet.gc.collections ({collection} / 1 sec)[gc.heap.generation=gen1],Rate,0
09/10/2026 13:09:55,System.Runtime,dotnet.gc.collections ({collection} / 1 sec)[gc.heap.generation=gen0],Rate,0
09/10/2026 13:09:55,System.Runtime,dotnet.gc.heap.total_allocated (By / 1 sec),Rate,130176
09/10/2026 13:09:55,System.Runtime,dotnet.gc.last_collection.memory.committed_size (By),Metric,0
09/10/2026 13:09:55,System.Runtime,dotnet.process.cpu.time (s / 1 sec)[cpu.mode=system],Rate,0.03144799999999992
09/10/2026 13:09:55,System.Runtime,dotnet.process.cpu.time (s / 1 sec)[cpu.mode=user],Rate,0.5683500000000024
09/10/2026 13:09:55,System.Runtime,dotnet.monitor.lock_contentions ({contention} / 1 sec),Rate,1
09/10/2026 13:09:55,System.Runtime,dotnet.thread_pool.thread.count ({thread} / 1 sec),Rate,0
09/10/2026 13:09:55,System.Runtime,dotnet.process.memory.working_set (By),Metric,80494592
09/10/2026 13:09:55,System.Runtime,dotnet.process.cpu.count ({cpu}),Metric,15
09/10/2026 13:09:55,System.Runtime,dotnet.thread_pool.work_item.count ({work_item} / 1 sec),Rate,601
09/10/2026 13:09:55,System.Runtime,dotnet.jit.compilation.time (s / 1 sec),Rate,0
09/10/2026 13:09:55,System.Runtime,dotnet.timer.count ({timer}),Metric,3
09/10/2026 13:09:55,System.Runtime,dotnet.thread_pool.queue.length ({work_item} / 1 sec),Rate,0
09/10/2026 13:09:55,System.Runtime,dotnet.jit.compiled_methods ({method} / 1 sec),Rate,0
09/10/2026 13:09:55,System.Runtime,dotnet.jit.compiled_il.size (By / 1 sec),Rate,0
09/10/2026 13:09:55,System.Runtime,dotnet.gc.last_collection.heap.fragmentation.size (By)[gc.heap.generation=poh],Metric,0
09/10/2026 13:09:55,System.Runtime,dotnet.gc.last_collection.heap.fragmentation.size (By)[gc.heap.generation=gen2],Metric,0
09/10/2026 13:09:55,System.Runtime,dotnet.gc.last_collection.heap.fragmentation.size (By)[gc.heap.generation=gen1],Metric,0
09/10/2026 13:09:55,System.Runtime,dotnet.gc.last_collection.heap.fragmentation.size (By)[gc.heap.generation=loh],Metric,0
09/10/2026 13:09:55,System.Runtime,dotnet.gc.last_collection.heap.fragmentation.size (By)[gc.heap.generation=gen0],Metric,0
09/10/2026 13:09:56,System.Runtime,dotnet.assembly.count ({assembly}),Metric,61
09/10/2026 13:09:56,System.Runtime,dotnet.gc.last_collection.heap.size (By)[gc.heap.generation=poh],Metric,0
09/10/2026 13:09:56,System.Runtime,dotnet.gc.last_collection.heap.size (By)[gc.heap.generation=gen2],Metric,0
09/10/2026 13:09:56,System.Runtime,dotnet.gc.last_collection.heap.size (By)[gc.heap.generation=gen1],Metric,0
09/10/2026 13:09:56,System.Runtime,dotnet.gc.last_collection.heap.size (By)[gc.heap.generation=loh],Metric,0
09/10/2026 13:09:56,System.Runtime,dotnet.gc.last_collection.heap.size (By)[gc.heap.generation=gen0],Metric,0
09/10/2026 13:09:56,System.Runtime,dotnet.gc.pause.time (s / 1 sec),Rate,0
09/10/2026 13:09:56,System.Runtime,dotnet.gc.collections ({collection} / 1 sec)[gc.heap.generation=gen2],Rate,0
09/10/2026 13:09:56,System.Runtime,dotnet.gc.collections ({collection} / 1 sec)[gc.heap.generation=gen1],Rate,0
09/10/2026 13:09:56,System.Runtime,dotnet.gc.collections ({collection} / 1 sec)[gc.heap.generation=gen0],Rate,0
09/10/2026 13:09:56,System.Runtime,dotnet.gc.heap.total_allocated (By / 1 sec),Rate,131136
09/10/2026 13:09:56,System.Runtime,dotnet.gc.last_collection.memory.committed_size (By),Metric,0
09/10/2026 13:09:56,System.Runtime,dotnet.process.cpu.time (s / 1 sec)[cpu.mode=system],Rate,0.03077200000000002
09/10/2026 13:09:56,System.Runtime,dotnet.process.cpu.time (s / 1 sec)[cpu.mode=user],Rate,0.5698089999999993
09/10/2026 13:09:56,System.Runtime,dotnet.monitor.lock_contentions ({contention} / 1 sec),Rate,0
09/10/2026 13:09:56,System.Runtime,dotnet.thread_pool.thread.count ({thread} / 1 sec),Rate,0
09/10/2026 13:09:56,System.Runtime,dotnet.process.memory.working_set (By),Metric,80658432
09/10/2026 13:09:56,System.Runtime,dotnet.process.cpu.count ({cpu}),Metric,15
09/10/2026 13:09:56,System.Runtime,dotnet.thread_pool.work_item.count ({work_item} / 1 sec),Rate,601
09/10/2026 13:09:56,System.Runtime,dotnet.jit.compilation.time (s / 1 sec),Rate,0
09/10/2026 13:09:56,System.Runtime,dotnet.timer.count ({timer}),Metric,3
09/10/2026 13:09:56,System.Runtime,dotnet.thread_pool.queue.length ({work_item} / 1 sec),Rate,0
09/10/2026 13:09:56,System.Runtime,dotnet.jit.compiled_methods ({method} / 1 sec),Rate,0
09/10/2026 13:09:56,System.Runtime,dotnet.jit.compiled_il.size (By / 1 sec),Rate,0
09/10/2026 13:09:56,System.Runtime,dotnet.gc.last_collection.heap.fragmentation.size (By)[gc.heap.generation=poh],Metric,0
09/10/2026 13:09:56,System.Runtime,dotnet.gc.last_collection.heap.fragmentation.size (By)[gc.heap.generation=gen2],Metric,0
09/10/2026 13:09:56,System.Runtime,dotnet.gc.last_collection.heap.fragmentation.size (By)[gc.heap.generation=gen1],Metric,0
09/10/2026 13:09:56,System.Runtime,dotnet.gc.last_collection.heap.fragmentation.size (By)[gc.heap.generation=loh],Metric,0
09/10/2026 13:09:56,System.Runtime,dotnet.gc.last_collection.heap.fragmentation.size (By)[gc.heap.generation=gen0],Metric,0
09/10/2026 13:09:57,System.Runtime,dotnet.assembly.count ({assembly}),Metric,61
09/10/2026 13:09:57,System.Runtime,dotnet.gc.last_collection.heap.size (By)[gc.heap.generation=poh],Metric,0
09/10/2026 13:09:57,System.Runtime,dotnet.gc.last_collection.heap.size (By)[gc.heap.generation=gen2],Metric,0
09/10/2026 13:09:57,System.Runtime,dotnet.gc.last_collection.heap.size (By)[gc.heap.generation=gen1],Metric,0
09/10/2026 13:09:57,System.Runtime,dotnet.gc.last_collection.heap.size (By)[gc.heap.generation=loh],Metric,0
09/10/2026 13:09:57,System.Runtime,dotnet.gc.last_collection.heap.size (By)[gc.heap.generation=gen0],Metric,0
09/10/2026 13:09:57,System.Runtime,dotnet.gc.pause.time (s / 1 sec),Rate,0
09/10/2026 13:09:57,System.Runtime,dotnet.gc.collections ({collection} / 1 sec)[gc.heap.generation=gen2],Rate,0
09/10/2026 13:09:57,System.Runtime,dotnet.gc.collections ({collection} / 1 sec)[gc.heap.generation=gen1],Rate,0
09/10/2026 13:09:57,System.Runtime,dotnet.gc.collections ({collection} / 1 sec)[gc.heap.generation=gen0],Rate,0
09/10/2026 13:09:57,System.Runtime,dotnet.gc.heap.total_allocated (By / 1 sec),Rate,155800
09/10/2026 13:09:57,System.Runtime,dotnet.gc.last_collection.memory.committed_size (By),Metric,0
09/10/2026 13:09:57,System.Runtime,dotnet.process.cpu.time (s / 1 sec)[cpu.mode=system],Rate,0.03068800000000005
09/10/2026 13:09:57,System.Runtime,dotnet.process.cpu.time (s / 1 sec)[cpu.mode=user],Rate,0.5692099999999982
09/10/2026 13:09:57,System.Runtime,dotnet.monitor.lock_contentions ({contention} / 1 sec),Rate,0
09/10/2026 13:09:57,System.Runtime,dotnet.thread_pool.thread.count ({thread} / 1 sec),Rate,0
09/10/2026 13:09:57,System.Runtime,dotnet.process.memory.working_set (By),Metric,80822272
09/10/2026 13:09:57,System.Runtime,dotnet.process.cpu.count ({cpu}),Metric,15
09/10/2026 13:09:57,System.Runtime,dotnet.thread_pool.work_item.count ({work_item} / 1 sec),Rate,602
09/10/2026 13:09:57,System.Runtime,dotnet.jit.compilation.time (s / 1 sec),Rate,0.0009487000000000245
09/10/2026 13:09:57,System.Runtime,dotnet.timer.count ({timer}),Metric,3
09/10/2026 13:09:57,System.Runtime,dotnet.thread_pool.queue.length ({work_item} / 1 sec),Rate,0
09/10/2026 13:09:57,System.Runtime,dotnet.jit.compiled_methods ({method} / 1 sec),Rate,8
09/10/2026 13:09:57,System.Runtime,dotnet.jit.compiled_il.size (By / 1 sec),Rate,158
09/10/2026 13:09:57,System.Runtime,dotnet.gc.last_collection.heap.fragmentation.size (By)[gc.heap.generation=poh],Metric,0
09/10/2026 13:09:57,System.Runtime,dotnet.gc.last_collection.heap.fragmentation.size (By)[gc.heap.generation=gen2],Metric,0
09/10/2026 13:09:57,System.Runtime,dotnet.gc.last_collection.heap.fragmentation.size (By)[gc.heap.generation=gen1],Metric,0
09/10/2026 13:09:57,System.Runtime,dotnet.gc.last_collection.heap.fragmentation.size (By)[gc.heap.generation=loh],Metric,0
09/10/2026 13:09:57,System.Runtime,dotnet.gc.last_collection.heap.fragmentation.size (By)[gc.heap.generation=gen0],Metric,0
09/10/2026 13:09:58,System.Runtime,dotnet.assembly.count ({assembly}),Metric,61
09/10/2026 13:09:58,System.Runtime,dotnet.gc.last_collection.heap.size (By)[gc.heap.generation=poh],Metric,0
09/10/2026 13:09:58,System.Runtime,dotnet.gc.last_collection.heap.size (By)[gc.heap.generation=gen2],Metric,0
09/10/2026 13:09:58,System.Runtime,dotnet.gc.last_collection.heap.size (By)[gc.heap.generation=gen1],Metric,0
09/10/2026 13:09:58,System.Runtime,dotnet.gc.last_collection.heap.size (By)[gc.heap.generation=loh],Metric,0
09/10/2026 13:09:58,System.Runtime,dotnet.gc.last_collection.heap.size (By)[gc.heap.generation=gen0],Metric,0
09/10/2026 13:09:58,System.Runtime,dotnet.gc.pause.time (s / 1 sec),Rate,0
09/10/2026 13:09:58,System.Runtime,dotnet.gc.collections ({collection} / 1 sec)[gc.heap.generation=gen2],Rate,0
09/10/2026 13:09:58,System.Runtime,dotnet.gc.collections ({collection} / 1 sec)[gc.heap.generation=gen1],Rate,0
09/10/2026 13:09:58,System.Runtime,dotnet.gc.collections ({collection} / 1 sec)[gc.heap.generation=gen0],Rate,0
09/10/2026 13:09:58,System.Runtime,dotnet.gc.heap.total_allocated (By / 1 sec),Rate,121912
09/10/2026 13:09:58,System.Runtime,dotnet.gc.last_collection.memory.committed_size (By),Metric,0
09/10/2026 13:09:58,System.Runtime,dotnet.process.cpu.time (s / 1 sec)[cpu.mode=system],Rate,0.031298999999999966
09/10/2026 13:09:58,System.Runtime,dotnet.process.cpu.time (s / 1 sec)[cpu.mode=user],Rate,0.5686199999999992
09/10/2026 13:09:58,System.Runtime,dotnet.monitor.lock_contentions ({contention} / 1 sec),Rate,0
09/10/2026 13:09:58,System.Runtime,dotnet.thread_pool.thread.count ({thread} / 1 sec),Rate,0
09/10/2026 13:09:58,System.Runtime,dotnet.process.memory.working_set (By),Metric,80969728
09/10/2026 13:09:58,System.Runtime,dotnet.process.cpu.count ({cpu}),Metric,15
09/10/2026 13:09:58,System.Runtime,dotnet.thread_pool.work_item.count ({work_item} / 1 sec),Rate,601
09/10/2026 13:09:58,System.Runtime,dotnet.jit.compilation.time (s / 1 sec),Rate,0
09/10/2026 13:09:58,System.Runtime,dotnet.timer.count ({timer}),Metric,3
09/10/2026 13:09:58,System.Runtime,dotnet.thread_pool.queue.length ({work_item} / 1 sec),Rate,0
09/10/2026 13:09:58,System.Runtime,dotnet.jit.compiled_methods ({method} / 1 sec),Rate,0
09/10/2026 13:09:58,System.Runtime,dotnet.jit.compiled_il.size (By / 1 sec),Rate,0
09/10/2026 13:09:58,System.Runtime,dotnet.gc.last_collection.heap.fragmentation.size (By)[gc.heap.generation=poh],Metric,0
09/10/2026 13:09:58,System.Runtime,dotnet.gc.last_collection.heap.fragmentation.size (By)[gc.heap.generation=gen2],Metric,0
09/10/2026 13:09:58,System.Runtime,dotnet.gc.last_collection.heap.fragmentation.size (By)[gc.heap.generation=gen1],Metric,0
09/10/2026 13:09:58,System.Runtime,dotnet.gc.last_collection.heap.fragmentation.size (By)[gc.heap.generation=loh],Metric,0
09/10/2026 13:09:58,System.Runtime,dotnet.gc.last_collection.heap.fragmentation.size (By)[gc.heap.generation=gen0],Metric,0
09/10/2026 13:09:59,System.Runtime,dotnet.assembly.count ({assembly}),Metric,61
09/10/2026 13:09:59,System.Runtime,dotnet.gc.last_collection.heap.size (By)[gc.heap.generation=poh],Metric,0
09/10/2026 13:09:59,System.Runtime,dotnet.gc.last_collection.heap.size (By)[gc.heap.generation=gen2],Metric,0
09/10/2026 13:09:59,System.Runtime,dotnet.gc.last_collection.heap.size (By)[gc.heap.generation=gen1],Metric,0
09/10/2026 13:09:59,System.Runtime,dotnet.gc.last_collection.heap.size (By)[gc.heap.generation=loh],Metric,0
09/10/2026 13:09:59,System.Runtime,dotnet.gc.last_collection.heap.size (By)[gc.heap.generation=gen0],Metric,0
09/10/2026 13:09:59,System.Runtime,dotnet.gc.pause.time (s / 1 sec),Rate,0
09/10/2026 13:09:59,System.Runtime,dotnet.gc.collections ({collection} / 1 sec)[gc.heap.generation=gen2],Rate,0
09/10/2026 13:09:59,System.Runtime,dotnet.gc.collections ({collection} / 1 sec)[gc.heap.generation=gen1],Rate,0
09/10/2026 13:09:59,System.Runtime,dotnet.gc.collections ({collection} / 1 sec)[gc.heap.generation=gen0],Rate,0
09/10/2026 13:09:59,System.Runtime,dotnet.gc.heap.total_allocated (By / 1 sec),Rate,139400
09/10/2026 13:09:59,System.Runtime,dotnet.gc.last_collection.memory.committed_size (By),Metric,0
09/10/2026 13:09:59,System.Runtime,dotnet.process.cpu.time (s / 1 sec)[cpu.mode=system],Rate,0.03244399999999992
09/10/2026 13:09:59,System.Runtime,dotnet.process.cpu.time (s / 1 sec)[cpu.mode=user],Rate,0.5686130000000027
09/10/2026 13:09:59,System.Runtime,dotnet.monitor.lock_contentions ({contention} / 1 sec),Rate,0
09/10/2026 13:09:59,System.Runtime,dotnet.thread_pool.thread.count ({thread} / 1 sec),Rate,0
09/10/2026 13:09:59,System.Runtime,dotnet.process.memory.working_set (By),Metric,81149952
09/10/2026 13:09:59,System.Runtime,dotnet.process.cpu.count ({cpu}),Metric,15
09/10/2026 13:09:59,System.Runtime,dotnet.thread_pool.work_item.count ({work_item} / 1 sec),Rate,601
09/10/2026 13:09:59,System.Runtime,dotnet.jit.compilation.time (s / 1 sec),Rate,0
09/10/2026 13:09:59,System.Runtime,dotnet.timer.count ({timer}),Metric,3
09/10/2026 13:09:59,System.Runtime,dotnet.thread_pool.queue.length ({work_item} / 1 sec),Rate,0
09/10/2026 13:09:59,System.Runtime,dotnet.jit.compiled_methods ({method} / 1 sec),Rate,0
09/10/2026 13:09:59,System.Runtime,dotnet.jit.compiled_il.size (By / 1 sec),Rate,0
09/10/2026 13:09:59,System.Runtime,dotnet.gc.last_collection.heap.fragmentation.size (By)[gc.heap.generation=poh],Metric,0
09/10/2026 13:09:59,System.Runtime,dotnet.gc.last_collection.heap.fragmentation.size (By)[gc.heap.generation=gen2],Metric,0
09/10/2026 13:09:59,System.Runtime,dotnet.gc.last_collection.heap.fragmentation.size (By)[gc.heap.generation=gen1],Metric,0
09/10/2026 13:09:59,System.Runtime,dotnet.gc.last_collection.heap.fragmentation.size (By)[gc.heap.generation=loh],Metric,0
09/10/2026 13:09:59,System.Runtime,dotnet.gc.last_collection.heap.fragmentation.size (By)[gc.heap.generation=gen0],Metric,0
09/10/2026 13:10:00,System.Runtime,dotnet.assembly.count ({assembly}),Metric,61
09/10/2026 13:10:00,System.Runtime,dotnet.gc.last_collection.heap.size (By)[gc.heap.generation=poh],Metric,0
09/10/2026 13:10:00,System.Runtime,dotnet.gc.last_collection.heap.size (By)[gc.heap.generation=gen2],Metric,0
09/10/2026 13:10:00,System.Runtime,dotnet.gc.last_collection.heap.size (By)[gc.heap.generation=gen1],Metric,0
09/10/2026 13:10:00,System.Runtime,dotnet.gc.last_collection.heap.size (By)[gc.heap.generation=loh],Metric,0
09/10/2026 13:10:00,System.Runtime,dotnet.gc.last_collection.heap.size (By)[gc.heap.generation=gen0],Metric,0
09/10/2026 13:10:00,System.Runtime,dotnet.gc.pause.time (s / 1 sec),Rate,0
09/10/2026 13:10:00,System.Runtime,dotnet.gc.collections ({collection} / 1 sec)[gc.heap.generation=gen2],Rate,0
09/10/2026 13:10:00,System.Runtime,dotnet.gc.collections ({collection} / 1 sec)[gc.heap.generation=gen1],Rate,0
09/10/2026 13:10:00,System.Runtime,dotnet.gc.collections ({collection} / 1 sec)[gc.heap.generation=gen0],Rate,0
09/10/2026 13:10:00,System.Runtime,dotnet.gc.heap.total_allocated (By / 1 sec),Rate,139400
09/10/2026 13:10:00,System.Runtime,dotnet.gc.last_collection.memory.committed_size (By),Metric,0
09/10/2026 13:10:00,System.Runtime,dotnet.process.cpu.time (s / 1 sec)[cpu.mode=system],Rate,0.03073300000000012
09/10/2026 13:10:00,System.Runtime,dotnet.process.cpu.time (s / 1 sec)[cpu.mode=user],Rate,0.5702469999999984
09/10/2026 13:10:00,System.Runtime,dotnet.monitor.lock_contentions ({contention} / 1 sec),Rate,0
09/10/2026 13:10:00,System.Runtime,dotnet.thread_pool.thread.count ({thread} / 1 sec),Rate,0
09/10/2026 13:10:00,System.Runtime,dotnet.process.memory.working_set (By),Metric,81281024
09/10/2026 13:10:00,System.Runtime,dotnet.process.cpu.count ({cpu}),Metric,15
09/10/2026 13:10:00,System.Runtime,dotnet.thread_pool.work_item.count ({work_item} / 1 sec),Rate,600
09/10/2026 13:10:00,System.Runtime,dotnet.jit.compilation.time (s / 1 sec),Rate,0
09/10/2026 13:10:00,System.Runtime,dotnet.timer.count ({timer}),Metric,3
09/10/2026 13:10:00,System.Runtime,dotnet.thread_pool.queue.length ({work_item} / 1 sec),Rate,0
09/10/2026 13:10:00,System.Runtime,dotnet.jit.compiled_methods ({method} / 1 sec),Rate,0
09/10/2026 13:10:00,System.Runtime,dotnet.jit.compiled_il.size (By / 1 sec),Rate,0
09/10/2026 13:10:00,System.Runtime,dotnet.gc.last_collection.heap.fragmentation.size (By)[gc.heap.generation=poh],Metric,0
09/10/2026 13:10:00,System.Runtime,dotnet.gc.last_collection.heap.fragmentation.size (By)[gc.heap.generation=gen2],Metric,0
09/10/2026 13:10:00,System.Runtime,dotnet.gc.last_collection.heap.fragmentation.size (By)[gc.heap.generation=gen1],Metric,0
09/10/2026 13:10:00,System.Runtime,dotnet.gc.last_collection.heap.fragmentation.size (By)[gc.heap.generation=loh],Metric,0
09/10/2026 13:10:00,System.Runtime,dotnet.gc.last_collection.heap.fragmentation.size (By)[gc.heap.generation=gen0],Metric,0
09/10/2026 13:10:01,System.Runtime,dotnet.assembly.count ({assembly}),Metric,61
09/10/2026 13:10:01,System.Runtime,dotnet.gc.last_collection.heap.size (By)[gc.heap.generation=poh],Metric,0
09/10/2026 13:10:01,System.Runtime,dotnet.gc.last_collection.heap.size (By)[gc.heap.generation=gen2],Metric,0
09/10/2026 13:10:01,System.Runtime,dotnet.gc.last_collection.heap.size (By)[gc.heap.generation=gen1],Metric,0
09/10/2026 13:10:01,System.Runtime,dotnet.gc.last_collection.heap.size (By)[gc.heap.generation=loh],Metric,0
09/10/2026 13:10:01,System.Runtime,dotnet.gc.last_collection.heap.size (By)[gc.heap.generation=gen0],Metric,0
09/10/2026 13:10:01,System.Runtime,dotnet.gc.pause.time (s / 1 sec),Rate,0
09/10/2026 13:10:01,System.Runtime,dotnet.gc.collections ({collection} / 1 sec)[gc.heap.generation=gen2],Rate,0
09/10/2026 13:10:01,System.Runtime,dotnet.gc.collections ({collection} / 1 sec)[gc.heap.generation=gen1],Rate,0
09/10/2026 13:10:01,System.Runtime,dotnet.gc.collections ({collection} / 1 sec)[gc.heap.generation=gen0],Rate,0
09/10/2026 13:10:01,System.Runtime,dotnet.gc.heap.total_allocated (By / 1 sec),Rate,112800
09/10/2026 13:10:01,System.Runtime,dotnet.gc.last_collection.memory.committed_size (By),Metric,0
09/10/2026 13:10:01,System.Runtime,dotnet.process.cpu.time (s / 1 sec)[cpu.mode=system],Rate,0.03229499999999996
09/10/2026 13:10:01,System.Runtime,dotnet.process.cpu.time (s / 1 sec)[cpu.mode=user],Rate,0.5684970000000007
09/10/2026 13:10:01,System.Runtime,dotnet.monitor.lock_contentions ({contention} / 1 sec),Rate,0
09/10/2026 13:10:01,System.Runtime,dotnet.thread_pool.thread.count ({thread} / 1 sec),Rate,0
09/10/2026 13:10:01,System.Runtime,dotnet.process.memory.working_set (By),Metric,81362944
09/10/2026 13:10:01,System.Runtime,dotnet.process.cpu.count ({cpu}),Metric,15
09/10/2026 13:10:01,System.Runtime,dotnet.thread_pool.work_item.count ({work_item} / 1 sec),Rate,602
09/10/2026 13:10:01,System.Runtime,dotnet.jit.compilation.time (s / 1 sec),Rate,0
09/10/2026 13:10:01,System.Runtime,dotnet.timer.count ({timer}),Metric,3
09/10/2026 13:10:01,System.Runtime,dotnet.thread_pool.queue.length ({work_item} / 1 sec),Rate,0
09/10/2026 13:10:01,System.Runtime,dotnet.jit.compiled_methods ({method} / 1 sec),Rate,0
09/10/2026 13:10:01,System.Runtime,dotnet.jit.compiled_il.size (By / 1 sec),Rate,0
09/10/2026 13:10:01,System.Runtime,dotnet.gc.last_collection.heap.fragmentation.size (By)[gc.heap.generation=poh],Metric,0
09/10/2026 13:10:01,System.Runtime,dotnet.gc.last_collection.heap.fragmentation.size (By)[gc.heap.generation=gen2],Metric,0
09/10/2026 13:10:01,System.Runtime,dotnet.gc.last_collection.heap.fragmentation.size (By)[gc.heap.generation=gen1],Metric,0
09/10/2026 13:10:01,System.Runtime,dotnet.gc.last_collection.heap.fragmentation.size (By)[gc.heap.generation=loh],Metric,0
09/10/2026 13:10:01,System.Runtime,dotnet.gc.last_collection.heap.fragmentation.size (By)[gc.heap.generation=gen0],Metric,0
09/10/2026 13:10:02,System.Runtime,dotnet.assembly.count ({assembly}),Metric,61
09/10/2026 13:10:02,System.Runtime,dotnet.gc.last_collection.heap.size (By)[gc.heap.generation=poh],Metric,0
09/10/2026 13:10:02,System.Runtime,dotnet.gc.last_collection.heap.size (By)[gc.heap.generation=gen2],Metric,0
09/10/2026 13:10:02,System.Runtime,dotnet.gc.last_collection.heap.size (By)[gc.heap.generation=gen1],Metric,0
09/10/2026 13:10:02,System.Runtime,dotnet.gc.last_collection.heap.size (By)[gc.heap.generation=loh],Metric,0
09/10/2026 13:10:02,System.Runtime,dotnet.gc.last_collection.heap.size (By)[gc.heap.generation=gen0],Metric,0
09/10/2026 13:10:02,System.Runtime,dotnet.gc.pause.time (s / 1 sec),Rate,0
09/10/2026 13:10:02,System.Runtime,dotnet.gc.collections ({collection} / 1 sec)[gc.heap.generation=gen2],Rate,0
09/10/2026 13:10:02,System.Runtime,dotnet.gc.collections ({collection} / 1 sec)[gc.heap.generation=gen1],Rate,0
09/10/2026 13:10:02,System.Runtime,dotnet.gc.collections ({collection} / 1 sec)[gc.heap.generation=gen0],Rate,0
09/10/2026 13:10:02,System.Runtime,dotnet.gc.heap.total_allocated (By / 1 sec),Rate,155760
09/10/2026 13:10:02,System.Runtime,dotnet.gc.last_collection.memory.committed_size (By),Metric,0
09/10/2026 13:10:02,System.Runtime,dotnet.process.cpu.time (s / 1 sec)[cpu.mode=system],Rate,0.03189799999999998
09/10/2026 13:10:02,System.Runtime,dotnet.process.cpu.time (s / 1 sec)[cpu.mode=user],Rate,0.5677999999999983
09/10/2026 13:10:02,System.Runtime,dotnet.monitor.lock_contentions ({contention} / 1 sec),Rate,0
09/10/2026 13:10:02,System.Runtime,dotnet.thread_pool.thread.count ({thread} / 1 sec),Rate,0
09/10/2026 13:10:02,System.Runtime,dotnet.process.memory.working_set (By),Metric,81592320
09/10/2026 13:10:02,System.Runtime,dotnet.process.cpu.count ({cpu}),Metric,15
09/10/2026 13:10:02,System.Runtime,dotnet.thread_pool.work_item.count ({work_item} / 1 sec),Rate,602
09/10/2026 13:10:02,System.Runtime,dotnet.jit.compilation.time (s / 1 sec),Rate,0.0006669999999999732
09/10/2026 13:10:02,System.Runtime,dotnet.timer.count ({timer}),Metric,3
09/10/2026 13:10:02,System.Runtime,dotnet.thread_pool.queue.length ({work_item} / 1 sec),Rate,0
09/10/2026 13:10:02,System.Runtime,dotnet.jit.compiled_methods ({method} / 1 sec),Rate,2
09/10/2026 13:10:02,System.Runtime,dotnet.jit.compiled_il.size (By / 1 sec),Rate,683
09/10/2026 13:10:02,System.Runtime,dotnet.gc.last_collection.heap.fragmentation.size (By)[gc.heap.generation=poh],Metric,0
09/10/2026 13:10:02,System.Runtime,dotnet.gc.last_collection.heap.fragmentation.size (By)[gc.heap.generation=gen2],Metric,0
09/10/2026 13:10:02,System.Runtime,dotnet.gc.last_collection.heap.fragmentation.size (By)[gc.heap.generation=gen1],Metric,0
09/10/2026 13:10:02,System.Runtime,dotnet.gc.last_collection.heap.fragmentation.size (By)[gc.heap.generation=loh],Metric,0
09/10/2026 13:10:02,System.Runtime,dotnet.gc.last_collection.heap.fragmentation.size (By)[gc.heap.generation=gen0],Metric,0
09/10/2026 13:10:03,System.Runtime,dotnet.assembly.count ({assembly}),Metric,61
09/10/2026 13:10:03,System.Runtime,dotnet.gc.last_collection.heap.size (By)[gc.heap.generation=poh],Metric,0
09/10/2026 13:10:03,System.Runtime,dotnet.gc.last_collection.heap.size (By)[gc.heap.generation=gen2],Metric,0
09/10/2026 13:10:03,System.Runtime,dotnet.gc.last_collection.heap.size (By)[gc.heap.generation=gen1],Metric,0
09/10/2026 13:10:03,System.Runtime,dotnet.gc.last_collection.heap.size (By)[gc.heap.generation=loh],Metric,0
09/10/2026 13:10:03,System.Runtime,dotnet.gc.last_collection.heap.size (By)[gc.heap.generation=gen0],Metric,0
09/10/2026 13:10:03,System.Runtime,dotnet.gc.pause.time (s / 1 sec),Rate,0
09/10/2026 13:10:03,System.Runtime,dotnet.gc.collections ({collection} / 1 sec)[gc.heap.generation=gen2],Rate,0
09/10/2026 13:10:03,System.Runtime,dotnet.gc.collections ({collection} / 1 sec)[gc.heap.generation=gen1],Rate,0
09/10/2026 13:10:03,System.Runtime,dotnet.gc.collections ({collection} / 1 sec)[gc.heap.generation=gen0],Rate,0
09/10/2026 13:10:03,System.Runtime,dotnet.gc.heap.total_allocated (By / 1 sec),Rate,132704
09/10/2026 13:10:03,System.Runtime,dotnet.gc.last_collection.memory.committed_size (By),Metric,0
09/10/2026 13:10:03,System.Runtime,dotnet.process.cpu.time (s / 1 sec)[cpu.mode=system],Rate,0.030730000000000146
09/10/2026 13:10:03,System.Runtime,dotnet.process.cpu.time (s / 1 sec)[cpu.mode=user],Rate,0.5690460000000002
09/10/2026 13:10:03,System.Runtime,dotnet.monitor.lock_contentions ({contention} / 1 sec),Rate,0
09/10/2026 13:10:03,System.Runtime,dotnet.thread_pool.thread.count ({thread} / 1 sec),Rate,0
09/10/2026 13:10:03,System.Runtime,dotnet.process.memory.working_set (By),Metric,81739776
09/10/2026 13:10:03,System.Runtime,dotnet.process.cpu.count ({cpu}),Metric,15
09/10/2026 13:10:03,System.Runtime,dotnet.thread_pool.work_item.count ({work_item} / 1 sec),Rate,601
09/10/2026 13:10:03,System.Runtime,dotnet.jit.compilation.time (s / 1 sec),Rate,0
09/10/2026 13:10:03,System.Runtime,dotnet.timer.count ({timer}),Metric,3
09/10/2026 13:10:03,System.Runtime,dotnet.thread_pool.queue.length ({work_item} / 1 sec),Rate,0
09/10/2026 13:10:03,System.Runtime,dotnet.jit.compiled_methods ({method} / 1 sec),Rate,0
09/10/2026 13:10:03,System.Runtime,dotnet.jit.compiled_il.size (By / 1 sec),Rate,0
09/10/2026 13:10:03,System.Runtime,dotnet.gc.last_collection.heap.fragmentation.size (By)[gc.heap.generation=poh],Metric,0
09/10/2026 13:10:03,System.Runtime,dotnet.gc.last_collection.heap.fragmentation.size (By)[gc.heap.generation=gen2],Metric,0
09/10/2026 13:10:03,System.Runtime,dotnet.gc.last_collection.heap.fragmentation.size (By)[gc.heap.generation=gen1],Metric,0
09/10/2026 13:10:03,System.Runtime,dotnet.gc.last_collection.heap.fragmentation.size (By)[gc.heap.generation=loh],Metric,0
09/10/2026 13:10:03,System.Runtime,dotnet.gc.last_collection.heap.fragmentation.size (By)[gc.heap.generation=gen0],Metric,0
09/10/2026 13:10:04,System.Runtime,dotnet.assembly.count ({assembly}),Metric,61
09/10/2026 13:10:04,System.Runtime,dotnet.gc.last_collection.heap.size (By)[gc.heap.generation=poh],Metric,0
09/10/2026 13:10:04,System.Runtime,dotnet.gc.last_collection.heap.size (By)[gc.heap.generation=gen2],Metric,0
09/10/2026 13:10:04,System.Runtime,dotnet.gc.last_collection.heap.size (By)[gc.heap.generation=gen1],Metric,0
09/10/2026 13:10:04,System.Runtime,dotnet.gc.last_collection.heap.size (By)[gc.heap.generation=loh],Metric,0
09/10/2026 13:10:04,System.Runtime,dotnet.gc.last_collection.heap.size (By)[gc.heap.generation=gen0],Metric,0
09/10/2026 13:10:04,System.Runtime,dotnet.gc.pause.time (s / 1 sec),Rate,0
09/10/2026 13:10:04,System.Runtime,dotnet.gc.collections ({collection} / 1 sec)[gc.heap.generation=gen2],Rate,0
09/10/2026 13:10:04,System.Runtime,dotnet.gc.collections ({collection} / 1 sec)[gc.heap.generation=gen1],Rate,0
09/10/2026 13:10:04,System.Runtime,dotnet.gc.collections ({collection} / 1 sec)[gc.heap.generation=gen0],Rate,0
09/10/2026 13:10:04,System.Runtime,dotnet.gc.heap.total_allocated (By / 1 sec),Rate,138376
09/10/2026 13:10:04,System.Runtime,dotnet.gc.last_collection.memory.committed_size (By),Metric,0
09/10/2026 13:10:04,System.Runtime,dotnet.process.cpu.time (s / 1 sec)[cpu.mode=system],Rate,0.030914999999999804
09/10/2026 13:10:04,System.Runtime,dotnet.process.cpu.time (s / 1 sec)[cpu.mode=user],Rate,0.5691280000000027
09/10/2026 13:10:04,System.Runtime,dotnet.monitor.lock_contentions ({contention} / 1 sec),Rate,0
09/10/2026 13:10:04,System.Runtime,dotnet.thread_pool.thread.count ({thread} / 1 sec),Rate,0
09/10/2026 13:10:04,System.Runtime,dotnet.process.memory.working_set (By),Metric,81920000
09/10/2026 13:10:04,System.Runtime,dotnet.process.cpu.count ({cpu}),Metric,15
09/10/2026 13:10:04,System.Runtime,dotnet.thread_pool.work_item.count ({work_item} / 1 sec),Rate,601
09/10/2026 13:10:04,System.Runtime,dotnet.jit.compilation.time (s / 1 sec),Rate,0
09/10/2026 13:10:04,System.Runtime,dotnet.timer.count ({timer}),Metric,3
09/10/2026 13:10:04,System.Runtime,dotnet.thread_pool.queue.length ({work_item} / 1 sec),Rate,0
09/10/2026 13:10:04,System.Runtime,dotnet.jit.compiled_methods ({method} / 1 sec),Rate,0
09/10/2026 13:10:04,System.Runtime,dotnet.jit.compiled_il.size (By / 1 sec),Rate,0
09/10/2026 13:10:04,System.Runtime,dotnet.gc.last_collection.heap.fragmentation.size (By)[gc.heap.generation=poh],Metric,0
09/10/2026 13:10:04,System.Runtime,dotnet.gc.last_collection.heap.fragmentation.size (By)[gc.heap.generation=gen2],Metric,0
09/10/2026 13:10:04,System.Runtime,dotnet.gc.last_collection.heap.fragmentation.size (By)[gc.heap.generation=gen1],Metric,0
09/10/2026 13:10:04,System.Runtime,dotnet.gc.last_collection.heap.fragmentation.size (By)[gc.heap.generation=loh],Metric,0
09/10/2026 13:10:04,System.Runtime,dotnet.gc.last_collection.heap.fragmentation.size (By)[gc.heap.generation=gen0],Metric,0
09/10/2026 13:10:05,System.Runtime,dotnet.assembly.count ({assembly}),Metric,61
09/10/2026 13:10:05,System.Runtime,dotnet.gc.last_collection.heap.size (By)[gc.heap.generation=poh],Metric,0
09/10/2026 13:10:05,System.Runtime,dotnet.gc.last_collection.heap.size (By)[gc.heap.generation=gen2],Metric,0
09/10/2026 13:10:05,System.Runtime,dotnet.gc.last_collection.heap.size (By)[gc.heap.generation=gen1],Metric,0
09/10/2026 13:10:05,System.Runtime,dotnet.gc.last_collection.heap.size (By)[gc.heap.generation=loh],Metric,0
09/10/2026 13:10:05,System.Runtime,dotnet.gc.last_collection.heap.size (By)[gc.heap.generation=gen0],Metric,0
09/10/2026 13:10:05,System.Runtime,dotnet.gc.pause.time (s / 1 sec),Rate,0
09/10/2026 13:10:05,System.Runtime,dotnet.gc.collections ({collection} / 1 sec)[gc.heap.generation=gen2],Rate,0
09/10/2026 13:10:05,System.Runtime,dotnet.gc.collections ({collection} / 1 sec)[gc.heap.generation=gen1],Rate,0
09/10/2026 13:10:05,System.Runtime,dotnet.gc.collections ({collection} / 1 sec)[gc.heap.generation=gen0],Rate,0
09/10/2026 13:10:05,System.Runtime,dotnet.gc.heap.total_allocated (By / 1 sec),Rate,131200
09/10/2026 13:10:05,System.Runtime,dotnet.gc.last_collection.memory.committed_size (By),Metric,0
09/10/2026 13:10:05,System.Runtime,dotnet.process.cpu.time (s / 1 sec)[cpu.mode=system],Rate,0.03076800000000013
09/10/2026 13:10:05,System.Runtime,dotnet.process.cpu.time (s / 1 sec)[cpu.mode=user],Rate,0.5660399999999974
09/10/2026 13:10:05,System.Runtime,dotnet.monitor.lock_contentions ({contention} / 1 sec),Rate,0
09/10/2026 13:10:05,System.Runtime,dotnet.thread_pool.thread.count ({thread} / 1 sec),Rate,0
09/10/2026 13:10:05,System.Runtime,dotnet.process.memory.working_set (By),Metric,82067456
09/10/2026 13:10:05,System.Runtime,dotnet.process.cpu.count ({cpu}),Metric,15
09/10/2026 13:10:05,System.Runtime,dotnet.thread_pool.work_item.count ({work_item} / 1 sec),Rate,601
09/10/2026 13:10:05,System.Runtime,dotnet.jit.compilation.time (s / 1 sec),Rate,0
09/10/2026 13:10:05,System.Runtime,dotnet.timer.count ({timer}),Metric,3
09/10/2026 13:10:05,System.Runtime,dotnet.thread_pool.queue.length ({work_item} / 1 sec),Rate,0
09/10/2026 13:10:05,System.Runtime,dotnet.jit.compiled_methods ({method} / 1 sec),Rate,0
09/10/2026 13:10:05,System.Runtime,dotnet.jit.compiled_il.size (By / 1 sec),Rate,0
09/10/2026 13:10:05,System.Runtime,dotnet.gc.last_collection.heap.fragmentation.size (By)[gc.heap.generation=poh],Metric,0
09/10/2026 13:10:05,System.Runtime,dotnet.gc.last_collection.heap.fragmentation.size (By)[gc.heap.generation=gen2],Metric,0
09/10/2026 13:10:05,System.Runtime,dotnet.gc.last_collection.heap.fragmentation.size (By)[gc.heap.generation=gen1],Metric,0
09/10/2026 13:10:05,System.Runtime,dotnet.gc.last_collection.heap.fragmentation.size (By)[gc.heap.generation=loh],Metric,0
09/10/2026 13:10:05,System.Runtime,dotnet.gc.last_collection.heap.fragmentation.size (By)[gc.heap.generation=gen0],Metric,0
09/10/2026 13:10:06,System.Runtime,dotnet.assembly.count ({assembly}),Metric,61
09/10/2026 13:10:06,System.Runtime,dotnet.gc.last_collection.heap.size (By)[gc.heap.generation=poh],Metric,0
09/10/2026 13:10:06,System.Runtime,dotnet.gc.last_collection.heap.size (By)[gc.heap.generation=gen2],Metric,0
09/10/2026 13:10:06,System.Runtime,dotnet.gc.last_collection.heap.size (By)[gc.heap.generation=gen1],Metric,0
09/10/2026 13:10:06,System.Runtime,dotnet.gc.last_collection.heap.size (By)[gc.heap.generation=loh],Metric,0
09/10/2026 13:10:06,System.Runtime,dotnet.gc.last_collection.heap.size (By)[gc.heap.generation=gen0],Metric,0
09/10/2026 13:10:06,System.Runtime,dotnet.gc.pause.time (s / 1 sec),Rate,0
09/10/2026 13:10:06,System.Runtime,dotnet.gc.collections ({collection} / 1 sec)[gc.heap.generation=gen2],Rate,0
09/10/2026 13:10:06,System.Runtime,dotnet.gc.collections ({collection} / 1 sec)[gc.heap.generation=gen1],Rate,0
09/10/2026 13:10:06,System.Runtime,dotnet.gc.collections ({collection} / 1 sec)[gc.heap.generation=gen0],Rate,0
09/10/2026 13:10:06,System.Runtime,dotnet.gc.heap.total_allocated (By / 1 sec),Rate,131136
09/10/2026 13:10:06,System.Runtime,dotnet.gc.last_collection.memory.committed_size (By),Metric,0
09/10/2026 13:10:06,System.Runtime,dotnet.process.cpu.time (s / 1 sec)[cpu.mode=system],Rate,0.033941
09/10/2026 13:10:06,System.Runtime,dotnet.process.cpu.time (s / 1 sec)[cpu.mode=user],Rate,0.5609500000000018
09/10/2026 13:10:06,System.Runtime,dotnet.monitor.lock_contentions ({contention} / 1 sec),Rate,0
09/10/2026 13:10:06,System.Runtime,dotnet.thread_pool.thread.count ({thread} / 1 sec),Rate,0
09/10/2026 13:10:06,System.Runtime,dotnet.process.memory.working_set (By),Metric,82165760
09/10/2026 13:10:06,System.Runtime,dotnet.process.cpu.count ({cpu}),Metric,15
09/10/2026 13:10:06,System.Runtime,dotnet.thread_pool.work_item.count ({work_item} / 1 sec),Rate,601
09/10/2026 13:10:06,System.Runtime,dotnet.jit.compilation.time (s / 1 sec),Rate,0
09/10/2026 13:10:06,System.Runtime,dotnet.timer.count ({timer}),Metric,3
09/10/2026 13:10:06,System.Runtime,dotnet.thread_pool.queue.length ({work_item} / 1 sec),Rate,0
09/10/2026 13:10:06,System.Runtime,dotnet.jit.compiled_methods ({method} / 1 sec),Rate,0
09/10/2026 13:10:06,System.Runtime,dotnet.jit.compiled_il.size (By / 1 sec),Rate,0
09/10/2026 13:10:06,System.Runtime,dotnet.gc.last_collection.heap.fragmentation.size (By)[gc.heap.generation=poh],Metric,0
09/10/2026 13:10:06,System.Runtime,dotnet.gc.last_collection.heap.fragmentation.size (By)[gc.heap.generation=gen2],Metric,0
09/10/2026 13:10:06,System.Runtime,dotnet.gc.last_collection.heap.fragmentation.size (By)[gc.heap.generation=gen1],Metric,0
09/10/2026 13:10:06,System.Runtime,dotnet.gc.last_collection.heap.fragmentation.size (By)[gc.heap.generation=loh],Metric,0
09/10/2026 13:10:06,System.Runtime,dotnet.gc.last_collection.heap.fragmentation.size (By)[gc.heap.generation=gen0],Metric,0
09/10/2026 13:10:07,System.Runtime,dotnet.assembly.count ({assembly}),Metric,61
09/10/2026 13:10:07,System.Runtime,dotnet.gc.last_collection.heap.size (By)[gc.heap.generation=poh],Metric,0
09/10/2026 13:10:07,System.Runtime,dotnet.gc.last_collection.heap.size (By)[gc.heap.generation=gen2],Metric,0
09/10/2026 13:10:07,System.Runtime,dotnet.gc.last_collection.heap.size (By)[gc.heap.generation=gen1],Metric,0
09/10/2026 13:10:07,System.Runtime,dotnet.gc.last_collection.heap.size (By)[gc.heap.generation=loh],Metric,0
09/10/2026 13:10:07,System.Runtime,dotnet.gc.last_collection.heap.size (By)[gc.heap.generation=gen0],Metric,0
09/10/2026 13:10:07,System.Runtime,dotnet.gc.pause.time (s / 1 sec),Rate,0
09/10/2026 13:10:07,System.Runtime,dotnet.gc.collections ({collection} / 1 sec)[gc.heap.generation=gen2],Rate,0
09/10/2026 13:10:07,System.Runtime,dotnet.gc.collections ({collection} / 1 sec)[gc.heap.generation=gen1],Rate,0
09/10/2026 13:10:07,System.Runtime,dotnet.gc.collections ({collection} / 1 sec)[gc.heap.generation=gen0],Rate,0
09/10/2026 13:10:07,System.Runtime,dotnet.gc.heap.total_allocated (By / 1 sec),Rate,154792
09/10/2026 13:10:07,System.Runtime,dotnet.gc.last_collection.memory.committed_size (By),Metric,0
09/10/2026 13:10:07,System.Runtime,dotnet.process.cpu.time (s / 1 sec)[cpu.mode=system],Rate,0.03140900000000002
09/10/2026 13:10:07,System.Runtime,dotnet.process.cpu.time (s / 1 sec)[cpu.mode=user],Rate,0.5688449999999996
09/10/2026 13:10:07,System.Runtime,dotnet.monitor.lock_contentions ({contention} / 1 sec),Rate,0
09/10/2026 13:10:07,System.Runtime,dotnet.thread_pool.thread.count ({thread} / 1 sec),Rate,0
09/10/2026 13:10:07,System.Runtime,dotnet.process.memory.working_set (By),Metric,82395136
09/10/2026 13:10:07,System.Runtime,dotnet.process.cpu.count ({cpu}),Metric,15
09/10/2026 13:10:07,System.Runtime,dotnet.thread_pool.work_item.count ({work_item} / 1 sec),Rate,602
09/10/2026 13:10:07,System.Runtime,dotnet.jit.compilation.time (s / 1 sec),Rate,0.0005520999999999998
09/10/2026 13:10:07,System.Runtime,dotnet.timer.count ({timer}),Metric,3
09/10/2026 13:10:07,System.Runtime,dotnet.thread_pool.queue.length ({work_item} / 1 sec),Rate,0
09/10/2026 13:10:07,System.Runtime,dotnet.jit.compiled_methods ({method} / 1 sec),Rate,6
09/10/2026 13:10:07,System.Runtime,dotnet.jit.compiled_il.size (By / 1 sec),Rate,364
09/10/2026 13:10:07,System.Runtime,dotnet.gc.last_collection.heap.fragmentation.size (By)[gc.heap.generation=poh],Metric,0
09/10/2026 13:10:07,System.Runtime,dotnet.gc.last_collection.heap.fragmentation.size (By)[gc.heap.generation=gen2],Metric,0
09/10/2026 13:10:07,System.Runtime,dotnet.gc.last_collection.heap.fragmentation.size (By)[gc.heap.generation=gen1],Metric,0
09/10/2026 13:10:07,System.Runtime,dotnet.gc.last_collection.heap.fragmentation.size (By)[gc.heap.generation=loh],Metric,0
09/10/2026 13:10:07,System.Runtime,dotnet.gc.last_collection.heap.fragmentation.size (By)[gc.heap.generation=gen0],Metric,0
09/10/2026 13:10:08,System.Runtime,dotnet.assembly.count ({assembly}),Metric,61
09/10/2026 13:10:08,System.Runtime,dotnet.gc.last_collection.heap.size (By)[gc.heap.generation=poh],Metric,0
09/10/2026 13:10:08,System.Runtime,dotnet.gc.last_collection.heap.size (By)[gc.heap.generation=gen2],Metric,0
09/10/2026 13:10:08,System.Runtime,dotnet.gc.last_collection.heap.size (By)[gc.heap.generation=gen1],Metric,0
09/10/2026 13:10:08,System.Runtime,dotnet.gc.last_collection.heap.size (By)[gc.heap.generation=loh],Metric,0
09/10/2026 13:10:08,System.Runtime,dotnet.gc.last_collection.heap.size (By)[gc.heap.generation=gen0],Metric,0
09/10/2026 13:10:08,System.Runtime,dotnet.gc.pause.time (s / 1 sec),Rate,0
09/10/2026 13:10:08,System.Runtime,dotnet.gc.collections ({collection} / 1 sec)[gc.heap.generation=gen2],Rate,0
09/10/2026 13:10:08,System.Runtime,dotnet.gc.collections ({collection} / 1 sec)[gc.heap.generation=gen1],Rate,0
09/10/2026 13:10:08,System.Runtime,dotnet.gc.collections ({collection} / 1 sec)[gc.heap.generation=gen0],Rate,0
09/10/2026 13:10:08,System.Runtime,dotnet.gc.heap.total_allocated (By / 1 sec),Rate,123000
09/10/2026 13:10:08,System.Runtime,dotnet.gc.last_collection.memory.committed_size (By),Metric,0
09/10/2026 13:10:08,System.Runtime,dotnet.process.cpu.time (s / 1 sec)[cpu.mode=system],Rate,0.031935999999999964
09/10/2026 13:10:08,System.Runtime,dotnet.process.cpu.time (s / 1 sec)[cpu.mode=user],Rate,0.5693689999999982
09/10/2026 13:10:08,System.Runtime,dotnet.monitor.lock_contentions ({contention} / 1 sec),Rate,0
09/10/2026 13:10:08,System.Runtime,dotnet.thread_pool.thread.count ({thread} / 1 sec),Rate,0
09/10/2026 13:10:08,System.Runtime,dotnet.process.memory.working_set (By),Metric,82542592
09/10/2026 13:10:08,System.Runtime,dotnet.process.cpu.count ({cpu}),Metric,15
09/10/2026 13:10:08,System.Runtime,dotnet.thread_pool.work_item.count ({work_item} / 1 sec),Rate,601
09/10/2026 13:10:08,System.Runtime,dotnet.jit.compilation.time (s / 1 sec),Rate,0
09/10/2026 13:10:08,System.Runtime,dotnet.timer.count ({timer}),Metric,3
09/10/2026 13:10:08,System.Runtime,dotnet.thread_pool.queue.length ({work_item} / 1 sec),Rate,0
09/10/2026 13:10:08,System.Runtime,dotnet.jit.compiled_methods ({method} / 1 sec),Rate,0
09/10/2026 13:10:08,System.Runtime,dotnet.jit.compiled_il.size (By / 1 sec),Rate,0
09/10/2026 13:10:08,System.Runtime,dotnet.gc.last_collection.heap.fragmentation.size (By)[gc.heap.generation=poh],Metric,0
09/10/2026 13:10:08,System.Runtime,dotnet.gc.last_collection.heap.fragmentation.size (By)[gc.heap.generation=gen2],Metric,0
09/10/2026 13:10:08,System.Runtime,dotnet.gc.last_collection.heap.fragmentation.size (By)[gc.heap.generation=gen1],Metric,0
09/10/2026 13:10:08,System.Runtime,dotnet.gc.last_collection.heap.fragmentation.size (By)[gc.heap.generation=loh],Metric,0
09/10/2026 13:10:08,System.Runtime,dotnet.gc.last_collection.heap.fragmentation.size (By)[gc.heap.generation=gen0],Metric,0
09/10/2026 13:10:09,System.Runtime,dotnet.assembly.count ({assembly}),Metric,61
09/10/2026 13:10:09,System.Runtime,dotnet.gc.last_collection.heap.size (By)[gc.heap.generation=poh],Metric,0
09/10/2026 13:10:09,System.Runtime,dotnet.gc.last_collection.heap.size (By)[gc.heap.generation=gen2],Metric,0
09/10/2026 13:10:09,System.Runtime,dotnet.gc.last_collection.heap.size (By)[gc.heap.generation=gen1],Metric,0
09/10/2026 13:10:09,System.Runtime,dotnet.gc.last_collection.heap.size (By)[gc.heap.generation=loh],Metric,0
09/10/2026 13:10:09,System.Runtime,dotnet.gc.last_collection.heap.size (By)[gc.heap.generation=gen0],Metric,0
09/10/2026 13:10:09,System.Runtime,dotnet.gc.pause.time (s / 1 sec),Rate,0
09/10/2026 13:10:09,System.Runtime,dotnet.gc.collections ({collection} / 1 sec)[gc.heap.generation=gen2],Rate,0
09/10/2026 13:10:09,System.Runtime,dotnet.gc.collections ({collection} / 1 sec)[gc.heap.generation=gen1],Rate,0
09/10/2026 13:10:09,System.Runtime,dotnet.gc.collections ({collection} / 1 sec)[gc.heap.generation=gen0],Rate,0
09/10/2026 13:10:09,System.Runtime,dotnet.gc.heap.total_allocated (By / 1 sec),Rate,138376
09/10/2026 13:10:09,System.Runtime,dotnet.gc.last_collection.memory.committed_size (By),Metric,0
09/10/2026 13:10:09,System.Runtime,dotnet.process.cpu.time (s / 1 sec)[cpu.mode=system],Rate,0.03177999999999992
09/10/2026 13:10:09,System.Runtime,dotnet.process.cpu.time (s / 1 sec)[cpu.mode=user],Rate,0.5702440000000024
09/10/2026 13:10:09,System.Runtime,dotnet.monitor.lock_contentions ({contention} / 1 sec),Rate,0
09/10/2026 13:10:09,System.Runtime,dotnet.thread_pool.thread.count ({thread} / 1 sec),Rate,0
09/10/2026 13:10:09,System.Runtime,dotnet.process.memory.working_set (By),Metric,82673664
09/10/2026 13:10:09,System.Runtime,dotnet.process.cpu.count ({cpu}),Metric,15
09/10/2026 13:10:09,System.Runtime,dotnet.thread_pool.work_item.count ({work_item} / 1 sec),Rate,600
09/10/2026 13:10:09,System.Runtime,dotnet.jit.compilation.time (s / 1 sec),Rate,0
09/10/2026 13:10:09,System.Runtime,dotnet.timer.count ({timer}),Metric,3
09/10/2026 13:10:09,System.Runtime,dotnet.thread_pool.queue.length ({work_item} / 1 sec),Rate,0
09/10/2026 13:10:09,System.Runtime,dotnet.jit.compiled_methods ({method} / 1 sec),Rate,0
09/10/2026 13:10:09,System.Runtime,dotnet.jit.compiled_il.size (By / 1 sec),Rate,0
09/10/2026 13:10:09,System.Runtime,dotnet.gc.last_collection.heap.fragmentation.size (By)[gc.heap.generation=poh],Metric,0
09/10/2026 13:10:09,System.Runtime,dotnet.gc.last_collection.heap.fragmentation.size (By)[gc.heap.generation=gen2],Metric,0
09/10/2026 13:10:09,System.Runtime,dotnet.gc.last_collection.heap.fragmentation.size (By)[gc.heap.generation=gen1],Metric,0
09/10/2026 13:10:09,System.Runtime,dotnet.gc.last_collection.heap.fragmentation.size (By)[gc.heap.generation=loh],Metric,0
09/10/2026 13:10:09,System.Runtime,dotnet.gc.last_collection.heap.fragmentation.size (By)[gc.heap.generation=gen0],Metric,0
09/10/2026 13:10:10,System.Runtime,dotnet.assembly.count ({assembly}),Metric,61
09/10/2026 13:10:10,System.Runtime,dotnet.gc.last_collection.heap.size (By)[gc.heap.generation=poh],Metric,0
09/10/2026 13:10:10,System.Runtime,dotnet.gc.last_collection.heap.size (By)[gc.heap.generation=gen2],Metric,0
09/10/2026 13:10:10,System.Runtime,dotnet.gc.last_collection.heap.size (By)[gc.heap.generation=gen1],Metric,0
09/10/2026 13:10:10,System.Runtime,dotnet.gc.last_collection.heap.size (By)[gc.heap.generation=loh],Metric,0
09/10/2026 13:10:10,System.Runtime,dotnet.gc.last_collection.heap.size (By)[gc.heap.generation=gen0],Metric,0
09/10/2026 13:10:10,System.Runtime,dotnet.gc.pause.time (s / 1 sec),Rate,0
09/10/2026 13:10:10,System.Runtime,dotnet.gc.collections ({collection} / 1 sec)[gc.heap.generation=gen2],Rate,0
09/10/2026 13:10:10,System.Runtime,dotnet.gc.collections ({collection} / 1 sec)[gc.heap.generation=gen1],Rate,0
09/10/2026 13:10:10,System.Runtime,dotnet.gc.collections ({collection} / 1 sec)[gc.heap.generation=gen0],Rate,0
09/10/2026 13:10:10,System.Runtime,dotnet.gc.heap.total_allocated (By / 1 sec),Rate,138376
09/10/2026 13:10:10,System.Runtime,dotnet.gc.last_collection.memory.committed_size (By),Metric,0
09/10/2026 13:10:10,System.Runtime,dotnet.process.cpu.time (s / 1 sec)[cpu.mode=system],Rate,0.032685000000000075
09/10/2026 13:10:10,System.Runtime,dotnet.process.cpu.time (s / 1 sec)[cpu.mode=user],Rate,0.5671710000000019
09/10/2026 13:10:10,System.Runtime,dotnet.monitor.lock_contentions ({contention} / 1 sec),Rate,0
09/10/2026 13:10:10,System.Runtime,dotnet.thread_pool.thread.count ({thread} / 1 sec),Rate,0
09/10/2026 13:10:10,System.Runtime,dotnet.process.memory.working_set (By),Metric,82837504
09/10/2026 13:10:10,System.Runtime,dotnet.process.cpu.count ({cpu}),Metric,15
09/10/2026 13:10:10,System.Runtime,dotnet.thread_pool.work_item.count ({work_item} / 1 sec),Rate,602
09/10/2026 13:10:10,System.Runtime,dotnet.jit.compilation.time (s / 1 sec),Rate,0
09/10/2026 13:10:10,System.Runtime,dotnet.timer.count ({timer}),Metric,3
09/10/2026 13:10:10,System.Runtime,dotnet.thread_pool.queue.length ({work_item} / 1 sec),Rate,0
09/10/2026 13:10:10,System.Runtime,dotnet.jit.compiled_methods ({method} / 1 sec),Rate,0
09/10/2026 13:10:10,System.Runtime,dotnet.jit.compiled_il.size (By / 1 sec),Rate,0
09/10/2026 13:10:10,System.Runtime,dotnet.gc.last_collection.heap.fragmentation.size (By)[gc.heap.generation=poh],Metric,0
09/10/2026 13:10:10,System.Runtime,dotnet.gc.last_collection.heap.fragmentation.size (By)[gc.heap.generation=gen2],Metric,0
09/10/2026 13:10:10,System.Runtime,dotnet.gc.last_collection.heap.fragmentation.size (By)[gc.heap.generation=gen1],Metric,0
09/10/2026 13:10:10,System.Runtime,dotnet.gc.last_collection.heap.fragmentation.size (By)[gc.heap.generation=loh],Metric,0
09/10/2026 13:10:10,System.Runtime,dotnet.gc.last_collection.heap.fragmentation.size (By)[gc.heap.generation=gen0],Metric,0
09/10/2026 13:10:11,System.Runtime,dotnet.assembly.count ({assembly}),Metric,61
09/10/2026 13:10:11,System.Runtime,dotnet.gc.last_collection.heap.size (By)[gc.heap.generation=poh],Metric,0
09/10/2026 13:10:11,System.Runtime,dotnet.gc.last_collection.heap.size (By)[gc.heap.generation=gen2],Metric,0
09/10/2026 13:10:11,System.Runtime,dotnet.gc.last_collection.heap.size (By)[gc.heap.generation=gen1],Metric,0
09/10/2026 13:10:11,System.Runtime,dotnet.gc.last_collection.heap.size (By)[gc.heap.generation=loh],Metric,0
09/10/2026 13:10:11,System.Runtime,dotnet.gc.last_collection.heap.size (By)[gc.heap.generation=gen0],Metric,0
09/10/2026 13:10:11,System.Runtime,dotnet.gc.pause.time (s / 1 sec),Rate,0
09/10/2026 13:10:11,System.Runtime,dotnet.gc.collections ({collection} / 1 sec)[gc.heap.generation=gen2],Rate,0
09/10/2026 13:10:11,System.Runtime,dotnet.gc.collections ({collection} / 1 sec)[gc.heap.generation=gen1],Rate,0
09/10/2026 13:10:11,System.Runtime,dotnet.gc.collections ({collection} / 1 sec)[gc.heap.generation=gen0],Rate,0
09/10/2026 13:10:11,System.Runtime,dotnet.gc.heap.total_allocated (By / 1 sec),Rate,123000
09/10/2026 13:10:11,System.Runtime,dotnet.gc.last_collection.memory.committed_size (By),Metric,0
09/10/2026 13:10:11,System.Runtime,dotnet.process.cpu.time (s / 1 sec)[cpu.mode=system],Rate,0.03048099999999998
09/10/2026 13:10:11,System.Runtime,dotnet.process.cpu.time (s / 1 sec)[cpu.mode=user],Rate,0.569780999999999
09/10/2026 13:10:11,System.Runtime,dotnet.monitor.lock_contentions ({contention} / 1 sec),Rate,0
09/10/2026 13:10:11,System.Runtime,dotnet.thread_pool.thread.count ({thread} / 1 sec),Rate,0
09/10/2026 13:10:11,System.Runtime,dotnet.process.memory.working_set (By),Metric,82968576
09/10/2026 13:10:11,System.Runtime,dotnet.process.cpu.count ({cpu}),Metric,15
09/10/2026 13:10:11,System.Runtime,dotnet.thread_pool.work_item.count ({work_item} / 1 sec),Rate,601
09/10/2026 13:10:11,System.Runtime,dotnet.jit.compilation.time (s / 1 sec),Rate,0
09/10/2026 13:10:11,System.Runtime,dotnet.timer.count ({timer}),Metric,3
09/10/2026 13:10:11,System.Runtime,dotnet.thread_pool.queue.length ({work_item} / 1 sec),Rate,0
09/10/2026 13:10:11,System.Runtime,dotnet.jit.compiled_methods ({method} / 1 sec),Rate,0
09/10/2026 13:10:11,System.Runtime,dotnet.jit.compiled_il.size (By / 1 sec),Rate,0
09/10/2026 13:10:11,System.Runtime,dotnet.gc.last_collection.heap.fragmentation.size (By)[gc.heap.generation=poh],Metric,0
09/10/2026 13:10:11,System.Runtime,dotnet.gc.last_collection.heap.fragmentation.size (By)[gc.heap.generation=gen2],Metric,0
09/10/2026 13:10:11,System.Runtime,dotnet.gc.last_collection.heap.fragmentation.size (By)[gc.heap.generation=gen1],Metric,0
09/10/2026 13:10:11,System.Runtime,dotnet.gc.last_collection.heap.fragmentation.size (By)[gc.heap.generation=loh],Metric,0
09/10/2026 13:10:11,System.Runtime,dotnet.gc.last_collection.heap.fragmentation.size (By)[gc.heap.generation=gen0],Metric,0
09/10/2026 13:10:12,System.Runtime,dotnet.assembly.count ({assembly}),Metric,61
09/10/2026 13:10:12,System.Runtime,dotnet.gc.last_collection.heap.size (By)[gc.heap.generation=poh],Metric,0
09/10/2026 13:10:12,System.Runtime,dotnet.gc.last_collection.heap.size (By)[gc.heap.generation=gen2],Metric,0
09/10/2026 13:10:12,System.Runtime,dotnet.gc.last_collection.heap.size (By)[gc.heap.generation=gen1],Metric,0
09/10/2026 13:10:12,System.Runtime,dotnet.gc.last_collection.heap.size (By)[gc.heap.generation=loh],Metric,0
09/10/2026 13:10:12,System.Runtime,dotnet.gc.last_collection.heap.size (By)[gc.heap.generation=gen0],Metric,0
09/10/2026 13:10:12,System.Runtime,dotnet.gc.pause.time (s / 1 sec),Rate,0
09/10/2026 13:10:12,System.Runtime,dotnet.gc.collections ({collection} / 1 sec)[gc.heap.generation=gen2],Rate,0
09/10/2026 13:10:12,System.Runtime,dotnet.gc.collections ({collection} / 1 sec)[gc.heap.generation=gen1],Rate,0
09/10/2026 13:10:12,System.Runtime,dotnet.gc.collections ({collection} / 1 sec)[gc.heap.generation=gen0],Rate,0
09/10/2026 13:10:12,System.Runtime,dotnet.gc.heap.total_allocated (By / 1 sec),Rate,155688
09/10/2026 13:10:12,System.Runtime,dotnet.gc.last_collection.memory.committed_size (By),Metric,0
09/10/2026 13:10:12,System.Runtime,dotnet.process.cpu.time (s / 1 sec)[cpu.mode=system],Rate,0.030629000000000017
09/10/2026 13:10:12,System.Runtime,dotnet.process.cpu.time (s / 1 sec)[cpu.mode=user],Rate,0.5707319999999996
09/10/2026 13:10:12,System.Runtime,dotnet.monitor.lock_contentions ({contention} / 1 sec),Rate,0
09/10/2026 13:10:12,System.Runtime,dotnet.thread_pool.thread.count ({thread} / 1 sec),Rate,0
09/10/2026 13:10:12,System.Runtime,dotnet.process.memory.working_set (By),Metric,83165184
09/10/2026 13:10:12,System.Runtime,dotnet.process.cpu.count ({cpu}),Metric,15
09/10/2026 13:10:12,System.Runtime,dotnet.thread_pool.work_item.count ({work_item} / 1 sec),Rate,602
09/10/2026 13:10:12,System.Runtime,dotnet.jit.compilation.time (s / 1 sec),Rate,0.0003934999999999911
09/10/2026 13:10:12,System.Runtime,dotnet.timer.count ({timer}),Metric,3
09/10/2026 13:10:12,System.Runtime,dotnet.thread_pool.queue.length ({work_item} / 1 sec),Rate,0
09/10/2026 13:10:12,System.Runtime,dotnet.jit.compiled_methods ({method} / 1 sec),Rate,1
09/10/2026 13:10:12,System.Runtime,dotnet.jit.compiled_il.size (By / 1 sec),Rate,169
09/10/2026 13:10:12,System.Runtime,dotnet.gc.last_collection.heap.fragmentation.size (By)[gc.heap.generation=poh],Metric,0
09/10/2026 13:10:12,System.Runtime,dotnet.gc.last_collection.heap.fragmentation.size (By)[gc.heap.generation=gen2],Metric,0
09/10/2026 13:10:12,System.Runtime,dotnet.gc.last_collection.heap.fragmentation.size (By)[gc.heap.generation=gen1],Metric,0
09/10/2026 13:10:12,System.Runtime,dotnet.gc.last_collection.heap.fragmentation.size (By)[gc.heap.generation=loh],Metric,0
09/10/2026 13:10:12,System.Runtime,dotnet.gc.last_collection.heap.fragmentation.size (By)[gc.heap.generation=gen0],Metric,0
09/10/2026 13:10:13,System.Runtime,dotnet.assembly.count ({assembly}),Metric,61
09/10/2026 13:10:13,System.Runtime,dotnet.gc.last_collection.heap.size (By)[gc.heap.generation=poh],Metric,0
09/10/2026 13:10:13,System.Runtime,dotnet.gc.last_collection.heap.size (By)[gc.heap.generation=gen2],Metric,0
09/10/2026 13:10:13,System.Runtime,dotnet.gc.last_collection.heap.size (By)[gc.heap.generation=gen1],Metric,0
09/10/2026 13:10:13,System.Runtime,dotnet.gc.last_collection.heap.size (By)[gc.heap.generation=loh],Metric,0
09/10/2026 13:10:13,System.Runtime,dotnet.gc.last_collection.heap.size (By)[gc.heap.generation=gen0],Metric,0
09/10/2026 13:10:13,System.Runtime,dotnet.gc.pause.time (s / 1 sec),Rate,0
09/10/2026 13:10:13,System.Runtime,dotnet.gc.collections ({collection} / 1 sec)[gc.heap.generation=gen2],Rate,0
09/10/2026 13:10:13,System.Runtime,dotnet.gc.collections ({collection} / 1 sec)[gc.heap.generation=gen1],Rate,0
09/10/2026 13:10:13,System.Runtime,dotnet.gc.collections ({collection} / 1 sec)[gc.heap.generation=gen0],Rate,0
09/10/2026 13:10:13,System.Runtime,dotnet.gc.heap.total_allocated (By / 1 sec),Rate,130176
09/10/2026 13:10:13,System.Runtime,dotnet.gc.last_collection.memory.committed_size (By),Metric,0
09/10/2026 13:10:13,System.Runtime,dotnet.process.cpu.time (s / 1 sec)[cpu.mode=system],Rate,0.03054800000000002
09/10/2026 13:10:13,System.Runtime,dotnet.process.cpu.time (s / 1 sec)[cpu.mode=user],Rate,0.5703519999999997
09/10/2026 13:10:13,System.Runtime,dotnet.monitor.lock_contentions ({contention} / 1 sec),Rate,0
09/10/2026 13:10:13,System.Runtime,dotnet.thread_pool.thread.count ({thread} / 1 sec),Rate,0
09/10/2026 13:10:13,System.Runtime,dotnet.process.memory.working_set (By),Metric,83296256
09/10/2026 13:10:13,System.Runtime,dotnet.process.cpu.count ({cpu}),Metric,15
09/10/2026 13:10:13,System.Runtime,dotnet.thread_pool.work_item.count ({work_item} / 1 sec),Rate,601
09/10/2026 13:10:13,System.Runtime,dotnet.jit.compilation.time (s / 1 sec),Rate,0
09/10/2026 13:10:13,System.Runtime,dotnet.timer.count ({timer}),Metric,3
09/10/2026 13:10:13,System.Runtime,dotnet.thread_pool.queue.length ({work_item} / 1 sec),Rate,0
09/10/2026 13:10:13,System.Runtime,dotnet.jit.compiled_methods ({method} / 1 sec),Rate,0
09/10/2026 13:10:13,System.Runtime,dotnet.jit.compiled_il.size (By / 1 sec),Rate,0
09/10/2026 13:10:13,System.Runtime,dotnet.gc.last_collection.heap.fragmentation.size (By)[gc.heap.generation=poh],Metric,0
09/10/2026 13:10:13,System.Runtime,dotnet.gc.last_collection.heap.fragmentation.size (By)[gc.heap.generation=gen2],Metric,0
09/10/2026 13:10:13,System.Runtime,dotnet.gc.last_collection.heap.fragmentation.size (By)[gc.heap.generation=gen1],Metric,0
09/10/2026 13:10:13,System.Runtime,dotnet.gc.last_collection.heap.fragmentation.size (By)[gc.heap.generation=loh],Metric,0
09/10/2026 13:10:13,System.Runtime,dotnet.gc.last_collection.heap.fragmentation.size (By)[gc.heap.generation=gen0],Metric,0
09/10/2026 13:10:14,System.Runtime,dotnet.assembly.count ({assembly}),Metric,61
09/10/2026 13:10:14,System.Runtime,dotnet.gc.last_collection.heap.size (By)[gc.heap.generation=poh],Metric,0
09/10/2026 13:10:14,System.Runtime,dotnet.gc.last_collection.heap.size (By)[gc.heap.generation=gen2],Metric,0
09/10/2026 13:10:14,System.Runtime,dotnet.gc.last_collection.heap.size (By)[gc.heap.generation=gen1],Metric,0
09/10/2026 13:10:14,System.Runtime,dotnet.gc.last_collection.heap.size (By)[gc.heap.generation=loh],Metric,0
09/10/2026 13:10:14,System.Runtime,dotnet.gc.last_collection.heap.size (By)[gc.heap.generation=gen0],Metric,0
09/10/2026 13:10:14,System.Runtime,dotnet.gc.pause.time (s / 1 sec),Rate,0
09/10/2026 13:10:14,System.Runtime,dotnet.gc.collections ({collection} / 1 sec)[gc.heap.generation=gen2],Rate,0
09/10/2026 13:10:14,System.Runtime,dotnet.gc.collections ({collection} / 1 sec)[gc.heap.generation=gen1],Rate,0
09/10/2026 13:10:14,System.Runtime,dotnet.gc.collections ({collection} / 1 sec)[gc.heap.generation=gen0],Rate,0
09/10/2026 13:10:14,System.Runtime,dotnet.gc.heap.total_allocated (By / 1 sec),Rate,138376
09/10/2026 13:10:14,System.Runtime,dotnet.gc.last_collection.memory.committed_size (By),Metric,0
09/10/2026 13:10:14,System.Runtime,dotnet.process.cpu.time (s / 1 sec)[cpu.mode=system],Rate,0.03204999999999991
09/10/2026 13:10:14,System.Runtime,dotnet.process.cpu.time (s / 1 sec)[cpu.mode=user],Rate,0.565722000000001
09/10/2026 13:10:14,System.Runtime,dotnet.monitor.lock_contentions ({contention} / 1 sec),Rate,0
09/10/2026 13:10:14,System.Runtime,dotnet.thread_pool.thread.count ({thread} / 1 sec),Rate,0
09/10/2026 13:10:14,System.Runtime,dotnet.process.memory.working_set (By),Metric,83460096
09/10/2026 13:10:14,System.Runtime,dotnet.process.cpu.count ({cpu}),Metric,15
09/10/2026 13:10:14,System.Runtime,dotnet.thread_pool.work_item.count ({work_item} / 1 sec),Rate,601
09/10/2026 13:10:14,System.Runtime,dotnet.jit.compilation.time (s / 1 sec),Rate,0
09/10/2026 13:10:14,System.Runtime,dotnet.timer.count ({timer}),Metric,3
09/10/2026 13:10:14,System.Runtime,dotnet.thread_pool.queue.length ({work_item} / 1 sec),Rate,0
09/10/2026 13:10:14,System.Runtime,dotnet.jit.compiled_methods ({method} / 1 sec),Rate,0
09/10/2026 13:10:14,System.Runtime,dotnet.jit.compiled_il.size (By / 1 sec),Rate,0
09/10/2026 13:10:14,System.Runtime,dotnet.gc.last_collection.heap.fragmentation.size (By)[gc.heap.generation=poh],Metric,0
09/10/2026 13:10:14,System.Runtime,dotnet.gc.last_collection.heap.fragmentation.size (By)[gc.heap.generation=gen2],Metric,0
09/10/2026 13:10:14,System.Runtime,dotnet.gc.last_collection.heap.fragmentation.size (By)[gc.heap.generation=gen1],Metric,0
09/10/2026 13:10:14,System.Runtime,dotnet.gc.last_collection.heap.fragmentation.size (By)[gc.heap.generation=loh],Metric,0
09/10/2026 13:10:14,System.Runtime,dotnet.gc.last_collection.heap.fragmentation.size (By)[gc.heap.generation=gen0],Metric,0
09/10/2026 13:10:15,System.Runtime,dotnet.assembly.count ({assembly}),Metric,61
09/10/2026 13:10:15,System.Runtime,dotnet.gc.last_collection.heap.size (By)[gc.heap.generation=poh],Metric,0
09/10/2026 13:10:15,System.Runtime,dotnet.gc.last_collection.heap.size (By)[gc.heap.generation=gen2],Metric,0
09/10/2026 13:10:15,System.Runtime,dotnet.gc.last_collection.heap.size (By)[gc.heap.generation=gen1],Metric,0
09/10/2026 13:10:15,System.Runtime,dotnet.gc.last_collection.heap.size (By)[gc.heap.generation=loh],Metric,0
09/10/2026 13:10:15,System.Runtime,dotnet.gc.last_collection.heap.size (By)[gc.heap.generation=gen0],Metric,0
09/10/2026 13:10:15,System.Runtime,dotnet.gc.pause.time (s / 1 sec),Rate,0
09/10/2026 13:10:15,System.Runtime,dotnet.gc.collections ({collection} / 1 sec)[gc.heap.generation=gen2],Rate,0
09/10/2026 13:10:15,System.Runtime,dotnet.gc.collections ({collection} / 1 sec)[gc.heap.generation=gen1],Rate,0
09/10/2026 13:10:15,System.Runtime,dotnet.gc.collections ({collection} / 1 sec)[gc.heap.generation=gen0],Rate,0
09/10/2026 13:10:15,System.Runtime,dotnet.gc.heap.total_allocated (By / 1 sec),Rate,139400
09/10/2026 13:10:15,System.Runtime,dotnet.gc.last_collection.memory.committed_size (By),Metric,0
09/10/2026 13:10:15,System.Runtime,dotnet.process.cpu.time (s / 1 sec)[cpu.mode=system],Rate,0.030999
09/10/2026 13:10:15,System.Runtime,dotnet.process.cpu.time (s / 1 sec)[cpu.mode=user],Rate,0.5697329999999994
09/10/2026 13:10:15,System.Runtime,dotnet.monitor.lock_contentions ({contention} / 1 sec),Rate,0
09/10/2026 13:10:15,System.Runtime,dotnet.thread_pool.thread.count ({thread} / 1 sec),Rate,0
09/10/2026 13:10:15,System.Runtime,dotnet.process.memory.working_set (By),Metric,83640320
09/10/2026 13:10:15,System.Runtime,dotnet.process.cpu.count ({cpu}),Metric,15
09/10/2026 13:10:15,System.Runtime,dotnet.thread_pool.work_item.count ({work_item} / 1 sec),Rate,601
09/10/2026 13:10:15,System.Runtime,dotnet.jit.compilation.time (s / 1 sec),Rate,0
09/10/2026 13:10:15,System.Runtime,dotnet.timer.count ({timer}),Metric,3
09/10/2026 13:10:15,System.Runtime,dotnet.thread_pool.queue.length ({work_item} / 1 sec),Rate,0
09/10/2026 13:10:15,System.Runtime,dotnet.jit.compiled_methods ({method} / 1 sec),Rate,0
09/10/2026 13:10:15,System.Runtime,dotnet.jit.compiled_il.size (By / 1 sec),Rate,0
09/10/2026 13:10:15,System.Runtime,dotnet.gc.last_collection.heap.fragmentation.size (By)[gc.heap.generation=poh],Metric,0
09/10/2026 13:10:15,System.Runtime,dotnet.gc.last_collection.heap.fragmentation.size (By)[gc.heap.generation=gen2],Metric,0
09/10/2026 13:10:15,System.Runtime,dotnet.gc.last_collection.heap.fragmentation.size (By)[gc.heap.generation=gen1],Metric,0
09/10/2026 13:10:15,System.Runtime,dotnet.gc.last_collection.heap.fragmentation.size (By)[gc.heap.generation=loh],Metric,0
09/10/2026 13:10:15,System.Runtime,dotnet.gc.last_collection.heap.fragmentation.size (By)[gc.heap.generation=gen0],Metric,0
09/10/2026 13:10:16,System.Runtime,dotnet.assembly.count ({assembly}),Metric,61
09/10/2026 13:10:16,System.Runtime,dotnet.gc.last_collection.heap.size (By)[gc.heap.generation=poh],Metric,0
09/10/2026 13:10:16,System.Runtime,dotnet.gc.last_collection.heap.size (By)[gc.heap.generation=gen2],Metric,0
09/10/2026 13:10:16,System.Runtime,dotnet.gc.last_collection.heap.size (By)[gc.heap.generation=gen1],Metric,0
09/10/2026 13:10:16,System.Runtime,dotnet.gc.last_collection.heap.size (By)[gc.heap.generation=loh],Metric,0
09/10/2026 13:10:16,System.Runtime,dotnet.gc.last_collection.heap.size (By)[gc.heap.generation=gen0],Metric,0
09/10/2026 13:10:16,System.Runtime,dotnet.gc.pause.time (s / 1 sec),Rate,0
09/10/2026 13:10:16,System.Runtime,dotnet.gc.collections ({collection} / 1 sec)[gc.heap.generation=gen2],Rate,0
09/10/2026 13:10:16,System.Runtime,dotnet.gc.collections ({collection} / 1 sec)[gc.heap.generation=gen1],Rate,0
09/10/2026 13:10:16,System.Runtime,dotnet.gc.collections ({collection} / 1 sec)[gc.heap.generation=gen0],Rate,0
09/10/2026 13:10:16,System.Runtime,dotnet.gc.heap.total_allocated (By / 1 sec),Rate,121848
09/10/2026 13:10:16,System.Runtime,dotnet.gc.last_collection.memory.committed_size (By),Metric,0
09/10/2026 13:10:16,System.Runtime,dotnet.process.cpu.time (s / 1 sec)[cpu.mode=system],Rate,0.03134300000000012
09/10/2026 13:10:16,System.Runtime,dotnet.process.cpu.time (s / 1 sec)[cpu.mode=user],Rate,0.5702829999999963
09/10/2026 13:10:16,System.Runtime,dotnet.monitor.lock_contentions ({contention} / 1 sec),Rate,0
09/10/2026 13:10:16,System.Runtime,dotnet.thread_pool.thread.count ({thread} / 1 sec),Rate,0
09/10/2026 13:10:16,System.Runtime,dotnet.process.memory.working_set (By),Metric,83755008
09/10/2026 13:10:16,System.Runtime,dotnet.process.cpu.count ({cpu}),Metric,15
09/10/2026 13:10:16,System.Runtime,dotnet.thread_pool.work_item.count ({work_item} / 1 sec),Rate,601
09/10/2026 13:10:16,System.Runtime,dotnet.jit.compilation.time (s / 1 sec),Rate,0
09/10/2026 13:10:16,System.Runtime,dotnet.timer.count ({timer}),Metric,3
09/10/2026 13:10:16,System.Runtime,dotnet.thread_pool.queue.length ({work_item} / 1 sec),Rate,0
09/10/2026 13:10:16,System.Runtime,dotnet.jit.compiled_methods ({method} / 1 sec),Rate,0
09/10/2026 13:10:16,System.Runtime,dotnet.jit.compiled_il.size (By / 1 sec),Rate,0
09/10/2026 13:10:16,System.Runtime,dotnet.gc.last_collection.heap.fragmentation.size (By)[gc.heap.generation=poh],Metric,0
09/10/2026 13:10:16,System.Runtime,dotnet.gc.last_collection.heap.fragmentation.size (By)[gc.heap.generation=gen2],Metric,0
09/10/2026 13:10:16,System.Runtime,dotnet.gc.last_collection.heap.fragmentation.size (By)[gc.heap.generation=gen1],Metric,0
09/10/2026 13:10:16,System.Runtime,dotnet.gc.last_collection.heap.fragmentation.size (By)[gc.heap.generation=loh],Metric,0
09/10/2026 13:10:16,System.Runtime,dotnet.gc.last_collection.heap.fragmentation.size (By)[gc.heap.generation=gen0],Metric,0
09/10/2026 13:10:17,System.Runtime,dotnet.assembly.count ({assembly}),Metric,61
09/10/2026 13:10:17,System.Runtime,dotnet.gc.last_collection.heap.size (By)[gc.heap.generation=poh],Metric,0
09/10/2026 13:10:17,System.Runtime,dotnet.gc.last_collection.heap.size (By)[gc.heap.generation=gen2],Metric,0
09/10/2026 13:10:17,System.Runtime,dotnet.gc.last_collection.heap.size (By)[gc.heap.generation=gen1],Metric,0
09/10/2026 13:10:17,System.Runtime,dotnet.gc.last_collection.heap.size (By)[gc.heap.generation=loh],Metric,0
09/10/2026 13:10:17,System.Runtime,dotnet.gc.last_collection.heap.size (By)[gc.heap.generation=gen0],Metric,0
09/10/2026 13:10:17,System.Runtime,dotnet.gc.pause.time (s / 1 sec),Rate,0
09/10/2026 13:10:17,System.Runtime,dotnet.gc.collections ({collection} / 1 sec)[gc.heap.generation=gen2],Rate,0
09/10/2026 13:10:17,System.Runtime,dotnet.gc.collections ({collection} / 1 sec)[gc.heap.generation=gen1],Rate,0
09/10/2026 13:10:17,System.Runtime,dotnet.gc.collections ({collection} / 1 sec)[gc.heap.generation=gen0],Rate,0
09/10/2026 13:10:17,System.Runtime,dotnet.gc.heap.total_allocated (By / 1 sec),Rate,164016
09/10/2026 13:10:17,System.Runtime,dotnet.gc.last_collection.memory.committed_size (By),Metric,0
09/10/2026 13:10:17,System.Runtime,dotnet.process.cpu.time (s / 1 sec)[cpu.mode=system],Rate,0.03132800000000002
09/10/2026 13:10:17,System.Runtime,dotnet.process.cpu.time (s / 1 sec)[cpu.mode=user],Rate,0.5683110000000013
09/10/2026 13:10:17,System.Runtime,dotnet.monitor.lock_contentions ({contention} / 1 sec),Rate,0
09/10/2026 13:10:17,System.Runtime,dotnet.thread_pool.thread.count ({thread} / 1 sec),Rate,0
09/10/2026 13:10:17,System.Runtime,dotnet.process.memory.working_set (By),Metric,83935232
09/10/2026 13:10:17,System.Runtime,dotnet.process.cpu.count ({cpu}),Metric,15
09/10/2026 13:10:17,System.Runtime,dotnet.thread_pool.work_item.count ({work_item} / 1 sec),Rate,602
09/10/2026 13:10:17,System.Runtime,dotnet.jit.compilation.time (s / 1 sec),Rate,0.0001983000000000401
09/10/2026 13:10:17,System.Runtime,dotnet.timer.count ({timer}),Metric,3
09/10/2026 13:10:17,System.Runtime,dotnet.thread_pool.queue.length ({work_item} / 1 sec),Rate,0
09/10/2026 13:10:17,System.Runtime,dotnet.jit.compiled_methods ({method} / 1 sec),Rate,1
09/10/2026 13:10:17,System.Runtime,dotnet.jit.compiled_il.size (By / 1 sec),Rate,42
09/10/2026 13:10:17,System.Runtime,dotnet.gc.last_collection.heap.fragmentation.size (By)[gc.heap.generation=poh],Metric,0
09/10/2026 13:10:17,System.Runtime,dotnet.gc.last_collection.heap.fragmentation.size (By)[gc.heap.generation=gen2],Metric,0
09/10/2026 13:10:17,System.Runtime,dotnet.gc.last_collection.heap.fragmentation.size (By)[gc.heap.generation=gen1],Metric,0
09/10/2026 13:10:17,System.Runtime,dotnet.gc.last_collection.heap.fragmentation.size (By)[gc.heap.generation=loh],Metric,0
09/10/2026 13:10:17,System.Runtime,dotnet.gc.last_collection.heap.fragmentation.size (By)[gc.heap.generation=gen0],Metric,0
09/10/2026 13:10:18,System.Runtime,dotnet.assembly.count ({assembly}),Metric,61
09/10/2026 13:10:18,System.Runtime,dotnet.gc.last_collection.heap.size (By)[gc.heap.generation=poh],Metric,0
09/10/2026 13:10:18,System.Runtime,dotnet.gc.last_collection.heap.size (By)[gc.heap.generation=gen2],Metric,0
09/10/2026 13:10:18,System.Runtime,dotnet.gc.last_collection.heap.size (By)[gc.heap.generation=gen1],Metric,0
09/10/2026 13:10:18,System.Runtime,dotnet.gc.last_collection.heap.size (By)[gc.heap.generation=loh],Metric,0
09/10/2026 13:10:18,System.Runtime,dotnet.gc.last_collection.heap.size (By)[gc.heap.generation=gen0],Metric,0
09/10/2026 13:10:18,System.Runtime,dotnet.gc.pause.time (s / 1 sec),Rate,0
09/10/2026 13:10:18,System.Runtime,dotnet.gc.collections ({collection} / 1 sec)[gc.heap.generation=gen2],Rate,0
09/10/2026 13:10:18,System.Runtime,dotnet.gc.collections ({collection} / 1 sec)[gc.heap.generation=gen1],Rate,0
09/10/2026 13:10:18,System.Runtime,dotnet.gc.collections ({collection} / 1 sec)[gc.heap.generation=gen0],Rate,0
09/10/2026 13:10:18,System.Runtime,dotnet.gc.heap.total_allocated (By / 1 sec),Rate,113776
09/10/2026 13:10:18,System.Runtime,dotnet.gc.last_collection.memory.committed_size (By),Metric,0
09/10/2026 13:10:18,System.Runtime,dotnet.process.cpu.time (s / 1 sec)[cpu.mode=system],Rate,0.031092999999999815
09/10/2026 13:10:18,System.Runtime,dotnet.process.cpu.time (s / 1 sec)[cpu.mode=user],Rate,0.5699499999999986
09/10/2026 13:10:18,System.Runtime,dotnet.monitor.lock_contentions ({contention} / 1 sec),Rate,0
09/10/2026 13:10:18,System.Runtime,dotnet.thread_pool.thread.count ({thread} / 1 sec),Rate,0
09/10/2026 13:10:18,System.Runtime,dotnet.process.memory.working_set (By),Metric,84066304
09/10/2026 13:10:18,System.Runtime,dotnet.process.cpu.count ({cpu}),Metric,15
09/10/2026 13:10:18,System.Runtime,dotnet.thread_pool.work_item.count ({work_item} / 1 sec),Rate,601
09/10/2026 13:10:18,System.Runtime,dotnet.jit.compilation.time (s / 1 sec),Rate,0
09/10/2026 13:10:18,System.Runtime,dotnet.timer.count ({timer}),Metric,3
09/10/2026 13:10:18,System.Runtime,dotnet.thread_pool.queue.length ({work_item} / 1 sec),Rate,0
09/10/2026 13:10:18,System.Runtime,dotnet.jit.compiled_methods ({method} / 1 sec),Rate,0
09/10/2026 13:10:18,System.Runtime,dotnet.jit.compiled_il.size (By / 1 sec),Rate,0
09/10/2026 13:10:18,System.Runtime,dotnet.gc.last_collection.heap.fragmentation.size (By)[gc.heap.generation=poh],Metric,0
09/10/2026 13:10:18,System.Runtime,dotnet.gc.last_collection.heap.fragmentation.size (By)[gc.heap.generation=gen2],Metric,0
09/10/2026 13:10:18,System.Runtime,dotnet.gc.last_collection.heap.fragmentation.size (By)[gc.heap.generation=gen1],Metric,0
09/10/2026 13:10:18,System.Runtime,dotnet.gc.last_collection.heap.fragmentation.size (By)[gc.heap.generation=loh],Metric,0
09/10/2026 13:10:18,System.Runtime,dotnet.gc.last_collection.heap.fragmentation.size (By)[gc.heap.generation=gen0],Metric,0
09/10/2026 13:10:19,System.Runtime,dotnet.assembly.count ({assembly}),Metric,61
09/10/2026 13:10:19,System.Runtime,dotnet.gc.last_collection.heap.size (By)[gc.heap.generation=poh],Metric,0
09/10/2026 13:10:19,System.Runtime,dotnet.gc.last_collection.heap.size (By)[gc.heap.generation=gen2],Metric,0
09/10/2026 13:10:19,System.Runtime,dotnet.gc.last_collection.heap.size (By)[gc.heap.generation=gen1],Metric,0
09/10/2026 13:10:19,System.Runtime,dotnet.gc.last_collection.heap.size (By)[gc.heap.generation=loh],Metric,0
09/10/2026 13:10:19,System.Runtime,dotnet.gc.last_collection.heap.size (By)[gc.heap.generation=gen0],Metric,0
09/10/2026 13:10:19,System.Runtime,dotnet.gc.pause.time (s / 1 sec),Rate,0
09/10/2026 13:10:19,System.Runtime,dotnet.gc.collections ({collection} / 1 sec)[gc.heap.generation=gen2],Rate,0
09/10/2026 13:10:19,System.Runtime,dotnet.gc.collections ({collection} / 1 sec)[gc.heap.generation=gen1],Rate,0
09/10/2026 13:10:19,System.Runtime,dotnet.gc.collections ({collection} / 1 sec)[gc.heap.generation=gen0],Rate,0
09/10/2026 13:10:19,System.Runtime,dotnet.gc.heap.total_allocated (By / 1 sec),Rate,147600
09/10/2026 13:10:19,System.Runtime,dotnet.gc.last_collection.memory.committed_size (By),Metric,0
09/10/2026 13:10:19,System.Runtime,dotnet.process.cpu.time (s / 1 sec)[cpu.mode=system],Rate,0.031026999999999916
09/10/2026 13:10:19,System.Runtime,dotnet.process.cpu.time (s / 1 sec)[cpu.mode=user],Rate,0.5701970000000003
09/10/2026 13:10:19,System.Runtime,dotnet.monitor.lock_contentions ({contention} / 1 sec),Rate,0
09/10/2026 13:10:19,System.Runtime,dotnet.thread_pool.thread.count ({thread} / 1 sec),Rate,0
09/10/2026 13:10:19,System.Runtime,dotnet.process.memory.working_set (By),Metric,84246528
09/10/2026 13:10:19,System.Runtime,dotnet.process.cpu.count ({cpu}),Metric,15
09/10/2026 13:10:19,System.Runtime,dotnet.thread_pool.work_item.count ({work_item} / 1 sec),Rate,601
09/10/2026 13:10:19,System.Runtime,dotnet.jit.compilation.time (s / 1 sec),Rate,0
09/10/2026 13:10:19,System.Runtime,dotnet.timer.count ({timer}),Metric,3
09/10/2026 13:10:19,System.Runtime,dotnet.thread_pool.queue.length ({work_item} / 1 sec),Rate,0
09/10/2026 13:10:19,System.Runtime,dotnet.jit.compiled_methods ({method} / 1 sec),Rate,0
09/10/2026 13:10:19,System.Runtime,dotnet.jit.compiled_il.size (By / 1 sec),Rate,0
09/10/2026 13:10:19,System.Runtime,dotnet.gc.last_collection.heap.fragmentation.size (By)[gc.heap.generation=poh],Metric,0
09/10/2026 13:10:19,System.Runtime,dotnet.gc.last_collection.heap.fragmentation.size (By)[gc.heap.generation=gen2],Metric,0
09/10/2026 13:10:19,System.Runtime,dotnet.gc.last_collection.heap.fragmentation.size (By)[gc.heap.generation=gen1],Metric,0
09/10/2026 13:10:19,System.Runtime,dotnet.gc.last_collection.heap.fragmentation.size (By)[gc.heap.generation=loh],Metric,0
09/10/2026 13:10:19,System.Runtime,dotnet.gc.last_collection.heap.fragmentation.size (By)[gc.heap.generation=gen0],Metric,0
09/10/2026 13:10:20,System.Runtime,dotnet.assembly.count ({assembly}),Metric,61
09/10/2026 13:10:20,System.Runtime,dotnet.gc.last_collection.heap.size (By)[gc.heap.generation=poh],Metric,0
09/10/2026 13:10:20,System.Runtime,dotnet.gc.last_collection.heap.size (By)[gc.heap.generation=gen2],Metric,0
09/10/2026 13:10:20,System.Runtime,dotnet.gc.last_collection.heap.size (By)[gc.heap.generation=gen1],Metric,0
09/10/2026 13:10:20,System.Runtime,dotnet.gc.last_collection.heap.size (By)[gc.heap.generation=loh],Metric,0
09/10/2026 13:10:20,System.Runtime,dotnet.gc.last_collection.heap.size (By)[gc.heap.generation=gen0],Metric,0
09/10/2026 13:10:20,System.Runtime,dotnet.gc.pause.time (s / 1 sec),Rate,0
09/10/2026 13:10:20,System.Runtime,dotnet.gc.collections ({collection} / 1 sec)[gc.heap.generation=gen2],Rate,0
09/10/2026 13:10:20,System.Runtime,dotnet.gc.collections ({collection} / 1 sec)[gc.heap.generation=gen1],Rate,0
09/10/2026 13:10:20,System.Runtime,dotnet.gc.collections ({collection} / 1 sec)[gc.heap.generation=gen0],Rate,0
09/10/2026 13:10:20,System.Runtime,dotnet.gc.heap.total_allocated (By / 1 sec),Rate,130112
09/10/2026 13:10:20,System.Runtime,dotnet.gc.last_collection.memory.committed_size (By),Metric,0
09/10/2026 13:10:20,System.Runtime,dotnet.process.cpu.time (s / 1 sec)[cpu.mode=system],Rate,0.031097000000000374
09/10/2026 13:10:20,System.Runtime,dotnet.process.cpu.time (s / 1 sec)[cpu.mode=user],Rate,0.5698110000000014
09/10/2026 13:10:20,System.Runtime,dotnet.monitor.lock_contentions ({contention} / 1 sec),Rate,0
09/10/2026 13:10:20,System.Runtime,dotnet.thread_pool.thread.count ({thread} / 1 sec),Rate,0
09/10/2026 13:10:20,System.Runtime,dotnet.process.memory.working_set (By),Metric,84377600
09/10/2026 13:10:20,System.Runtime,dotnet.process.cpu.count ({cpu}),Metric,15
09/10/2026 13:10:20,System.Runtime,dotnet.thread_pool.work_item.count ({work_item} / 1 sec),Rate,601
09/10/2026 13:10:20,System.Runtime,dotnet.jit.compilation.time (s / 1 sec),Rate,0
09/10/2026 13:10:20,System.Runtime,dotnet.timer.count ({timer}),Metric,3
09/10/2026 13:10:20,System.Runtime,dotnet.thread_pool.queue.length ({work_item} / 1 sec),Rate,0
09/10/2026 13:10:20,System.Runtime,dotnet.jit.compiled_methods ({method} / 1 sec),Rate,0
09/10/2026 13:10:20,System.Runtime,dotnet.jit.compiled_il.size (By / 1 sec),Rate,0
09/10/2026 13:10:20,System.Runtime,dotnet.gc.last_collection.heap.fragmentation.size (By)[gc.heap.generation=poh],Metric,0
09/10/2026 13:10:20,System.Runtime,dotnet.gc.last_collection.heap.fragmentation.size (By)[gc.heap.generation=gen2],Metric,0
09/10/2026 13:10:20,System.Runtime,dotnet.gc.last_collection.heap.fragmentation.size (By)[gc.heap.generation=gen1],Metric,0
09/10/2026 13:10:20,System.Runtime,dotnet.gc.last_collection.heap.fragmentation.size (By)[gc.heap.generation=loh],Metric,0
09/10/2026 13:10:20,System.Runtime,dotnet.gc.last_collection.heap.fragmentation.size (By)[gc.heap.generation=gen0],Metric,0
09/10/2026 13:10:21,System.Runtime,dotnet.assembly.count ({assembly}),Metric,61
09/10/2026 13:10:21,System.Runtime,dotnet.gc.last_collection.heap.size (By)[gc.heap.generation=poh],Metric,0
09/10/2026 13:10:21,System.Runtime,dotnet.gc.last_collection.heap.size (By)[gc.heap.generation=gen2],Metric,0
09/10/2026 13:10:21,System.Runtime,dotnet.gc.last_collection.heap.size (By)[gc.heap.generation=gen1],Metric,0
09/10/2026 13:10:21,System.Runtime,dotnet.gc.last_collection.heap.size (By)[gc.heap.generation=loh],Metric,0
09/10/2026 13:10:21,System.Runtime,dotnet.gc.last_collection.heap.size (By)[gc.heap.generation=gen0],Metric,0
09/10/2026 13:10:21,System.Runtime,dotnet.gc.pause.time (s / 1 sec),Rate,0
09/10/2026 13:10:21,System.Runtime,dotnet.gc.collections ({collection} / 1 sec)[gc.heap.generation=gen2],Rate,0
09/10/2026 13:10:21,System.Runtime,dotnet.gc.collections ({collection} / 1 sec)[gc.heap.generation=gen1],Rate,0
09/10/2026 13:10:21,System.Runtime,dotnet.gc.collections ({collection} / 1 sec)[gc.heap.generation=gen0],Rate,0
09/10/2026 13:10:21,System.Runtime,dotnet.gc.heap.total_allocated (By / 1 sec),Rate,139384
09/10/2026 13:10:21,System.Runtime,dotnet.gc.last_collection.memory.committed_size (By),Metric,0
09/10/2026 13:10:21,System.Runtime,dotnet.process.cpu.time (s / 1 sec)[cpu.mode=system],Rate,0.03282199999999991
09/10/2026 13:10:21,System.Runtime,dotnet.process.cpu.time (s / 1 sec)[cpu.mode=user],Rate,0.5716049999999981
09/10/2026 13:10:21,System.Runtime,dotnet.monitor.lock_contentions ({contention} / 1 sec),Rate,0
09/10/2026 13:10:21,System.Runtime,dotnet.thread_pool.thread.count ({thread} / 1 sec),Rate,0
09/10/2026 13:10:21,System.Runtime,dotnet.process.memory.working_set (By),Metric,84525056
09/10/2026 13:10:21,System.Runtime,dotnet.process.cpu.count ({cpu}),Metric,15
09/10/2026 13:10:21,System.Runtime,dotnet.thread_pool.work_item.count ({work_item} / 1 sec),Rate,601
09/10/2026 13:10:21,System.Runtime,dotnet.jit.compilation.time (s / 1 sec),Rate,0.00020039999999998948
09/10/2026 13:10:21,System.Runtime,dotnet.timer.count ({timer}),Metric,3
09/10/2026 13:10:21,System.Runtime,dotnet.thread_pool.queue.length ({work_item} / 1 sec),Rate,0
09/10/2026 13:10:21,System.Runtime,dotnet.jit.compiled_methods ({method} / 1 sec),Rate,1
09/10/2026 13:10:21,System.Runtime,dotnet.jit.compiled_il.size (By / 1 sec),Rate,63
09/10/2026 13:10:21,System.Runtime,dotnet.gc.last_collection.heap.fragmentation.size (By)[gc.heap.generation=poh],Metric,0
09/10/2026 13:10:21,System.Runtime,dotnet.gc.last_collection.heap.fragmentation.size (By)[gc.heap.generation=gen2],Metric,0
09/10/2026 13:10:21,System.Runtime,dotnet.gc.last_collection.heap.fragmentation.size (By)[gc.heap.generation=gen1],Metric,0
09/10/2026 13:10:21,System.Runtime,dotnet.gc.last_collection.heap.fragmentation.size (By)[gc.heap.generation=loh],Metric,0
09/10/2026 13:10:21,System.Runtime,dotnet.gc.last_collection.heap.fragmentation.size (By)[gc.heap.generation=gen0],Metric,0
09/10/2026 13:10:22,System.Runtime,dotnet.assembly.count ({assembly}),Metric,61
09/10/2026 13:10:22,System.Runtime,dotnet.gc.last_collection.heap.size (By)[gc.heap.generation=poh],Metric,0
09/10/2026 13:10:22,System.Runtime,dotnet.gc.last_collection.heap.size (By)[gc.heap.generation=gen2],Metric,0
09/10/2026 13:10:22,System.Runtime,dotnet.gc.last_collection.heap.size (By)[gc.heap.generation=gen1],Metric,0
09/10/2026 13:10:22,System.Runtime,dotnet.gc.last_collection.heap.size (By)[gc.heap.generation=loh],Metric,0
09/10/2026 13:10:22,System.Runtime,dotnet.gc.last_collection.heap.size (By)[gc.heap.generation=gen0],Metric,0
09/10/2026 13:10:22,System.Runtime,dotnet.gc.pause.time (s / 1 sec),Rate,0
09/10/2026 13:10:22,System.Runtime,dotnet.gc.collections ({collection} / 1 sec)[gc.heap.generation=gen2],Rate,0
09/10/2026 13:10:22,System.Runtime,dotnet.gc.collections ({collection} / 1 sec)[gc.heap.generation=gen1],Rate,0
09/10/2026 13:10:22,System.Runtime,dotnet.gc.collections ({collection} / 1 sec)[gc.heap.generation=gen0],Rate,0
09/10/2026 13:10:22,System.Runtime,dotnet.gc.heap.total_allocated (By / 1 sec),Rate,139400
09/10/2026 13:10:22,System.Runtime,dotnet.gc.last_collection.memory.committed_size (By),Metric,0
09/10/2026 13:10:22,System.Runtime,dotnet.process.cpu.time (s / 1 sec)[cpu.mode=system],Rate,0.03242699999999976
09/10/2026 13:10:22,System.Runtime,dotnet.process.cpu.time (s / 1 sec)[cpu.mode=user],Rate,0.5720659999999995
09/10/2026 13:10:22,System.Runtime,dotnet.monitor.lock_contentions ({contention} / 1 sec),Rate,0
09/10/2026 13:10:22,System.Runtime,dotnet.thread_pool.thread.count ({thread} / 1 sec),Rate,0
09/10/2026 13:10:22,System.Runtime,dotnet.process.memory.working_set (By),Metric,84721664
09/10/2026 13:10:22,System.Runtime,dotnet.process.cpu.count ({cpu}),Metric,15
09/10/2026 13:10:22,System.Runtime,dotnet.thread_pool.work_item.count ({work_item} / 1 sec),Rate,600
09/10/2026 13:10:22,System.Runtime,dotnet.jit.compilation.time (s / 1 sec),Rate,0.0011029000000000178
09/10/2026 13:10:22,System.Runtime,dotnet.timer.count ({timer}),Metric,3
09/10/2026 13:10:22,System.Runtime,dotnet.thread_pool.queue.length ({work_item} / 1 sec),Rate,0
09/10/2026 13:10:22,System.Runtime,dotnet.jit.compiled_methods ({method} / 1 sec),Rate,17
09/10/2026 13:10:22,System.Runtime,dotnet.jit.compiled_il.size (By / 1 sec),Rate,390
09/10/2026 13:10:22,System.Runtime,dotnet.gc.last_collection.heap.fragmentation.size (By)[gc.heap.generation=poh],Metric,0
09/10/2026 13:10:22,System.Runtime,dotnet.gc.last_collection.heap.fragmentation.size (By)[gc.heap.generation=gen2],Metric,0
09/10/2026 13:10:22,System.Runtime,dotnet.gc.last_collection.heap.fragmentation.size (By)[gc.heap.generation=gen1],Metric,0
09/10/2026 13:10:22,System.Runtime,dotnet.gc.last_collection.heap.fragmentation.size (By)[gc.heap.generation=loh],Metric,0
09/10/2026 13:10:22,System.Runtime,dotnet.gc.last_collection.heap.fragmentation.size (By)[gc.heap.generation=gen0],Metric,0
