Timestamp,Provider,Counter Name,Counter Type,Mean/Increment
09/10/2026 13:10:33,System.Runtime,dotnet.assembly.count ({assembly}),Metric,61
09/10/2026 13:10:33,System.Runtime,dotnet.gc.last_collection.heap.size (By)[gc.heap.generation=loh],Metric,0
09/10/2026 13:10:33,System.Runtime,dotnet.gc.last_collection.heap.size (By)[gc.heap.generation=gen0],Metric,0
09/10/2026 13:10:33,System.Runtime,dotnet.gc.last_collection.heap.size (By)[gc.heap.generation=poh],Metric,0
09/10/2026 13:10:33,System.Runtime,dotnet.gc.last_collection.heap.size (By)[gc.heap.generation=gen1],Metric,0
09/10/2026 13:10:33,System.Runtime,dotnet.gc.last_collection.heap.size (By)[gc.heap.generation=gen2],Metric,0
09/10/2026 13:10:33,System.Runtime,dotnet.gc.last_collection.memory.committed_size (By),Metric,0
09/10/2026 13:10:33,System.Runtime,dotnet.process.memory.working_set (By),Metric,74366976
09/10/2026 13:10:33,System.Runtime,dotnet.process.cpu.count ({cpu}),Metric,15
09/10/2026 13:10:33,System.Runtime,dotnet.timer.count ({timer}),Metric,2
09/10/2026 13:10:33,System.Runtime,dotnet.gc.last_collection.heap.fragmentation.size (By)[gc.heap.generation=loh],Metric,0
09/10/2026 13:10:33,System.Runtime,dotnet.gc.last_collection.heap.fragmentation.size (By)[gc.heap.generation=gen0],Metric,0
09/10/2026 13:10:33,System.Runtime,dotnet.gc.last_collection.heap.fragmentation.size (By)[gc.heap.generation=poh],Metric,0
09/10/2026 13:10:33,System.Runtime,dotnet.gc.last_collection.heap.fragmentation.size (By)[gc.heap.generation=gen1],Metric,0
09/10/2026 13:10:33,System.Runtime,dotnet.gc.last_collection.heap.fragmentation.size (By)[gc.heap.generation=gen2],Metric,0
09/10/2026 13:10:34,System.Runtime,dotnet.assembly.count ({assembly}),Metric,61
09/10/2026 13:10:34,System.Runtime,dotnet.gc.last_collection.heap.size (By)[gc.heap.generation=loh],Metric,0
09/10/2026 13:10:34,System.Runtime,dotnet.gc.last_collection.heap.size (By)[gc.heap.generation=gen0],Metric,0
09/10/2026 13:10:34,System.Runtime,dotnet.gc.last_collection.heap.size (By)[gc.heap.generation=poh],Metric,0
09/10/2026 13:10:34,System.Runtime,dotnet.gc.last_collection.heap.size (By)[gc.heap.generation=gen1],Metric,0
09/10/2026 13:10:34,System.Runtime,dotnet.gc.last_collection.heap.size (By)[gc.heap.generation=gen2],Metric,0
09/10/2026 13:10:34,System.Runtime,dotnet.gc.pause.time (s / 1 sec),Rate,0
09/10/2026 13:10:34,System.Runtime,dotnet.gc.collections ({collection} / 1 sec)[gc.heap.generation=gen0],Rate,0
09/10/2026 13:10:34,System.Runtime,dotnet.gc.collections ({collection} / 1 sec)[gc.heap.generation=gen1],Rate,0
09/10/2026 13:10:34,System.Runtime,dotnet.gc.collections ({collection} / 1 sec)[gc.heap.generation=gen2],Rate,0
09/10/2026 13:10:34,System.Runtime,dotnet.gc.heap.total_allocated (By / 1 sec),Rate,155584
09/10/2026 13:10:34,System.Runtime,dotnet.gc.last_collection.memory.committed_size (By),Metric,0
09/10/2026 13:10:34,System.Runtime,dotnet.process.cpu.time (s / 1 sec)[cpu.mode=user],Rate,0.5933520000000003
09/10/2026 13:10:34,System.Runtime,dotnet.process.cpu.time (s / 1 sec)[cpu.mode=system],Rate,0.03418700000000002
09/10/2026 13:10:34,System.Runtime,dotnet.monitor.lock_contentions ({contention} / 1 sec),Rate,0
09/10/2026 13:10:34,System.Runtime,dotnet.thread_pool.thread.count ({thread} / 1 sec),Rate,0
09/10/2026 13:10:34,System.Runtime,dotnet.process.memory.working_set (By),Metric,74940416
09/10/2026 13:10:34,System.Runtime,dotnet.process.cpu.count ({cpu}),Metric,15
09/10/2026 13:10:34,System.Runtime,dotnet.thread_pool.work_item.count ({work_item} / 1 sec),Rate,601
09/10/2026 13:10:34,System.Runtime,dotnet.jit.compilation.time (s / 1 sec),Rate,0.024181800000000003
09/10/2026 13:10:34,System.Runtime,dotnet.timer.count ({timer}),Metric,3
09/10/2026 13:10:34,System.Runtime,dotnet.thread_pool.queue.length ({work_item} / 1 sec),Rate,0
09/10/2026 13:10:34,System.Runtime,dotnet.jit.compiled_methods ({method} / 1 sec),Rate,127
09/10/2026 13:10:34,System.Runtime,dotnet.jit.compiled_il.size (By / 1 sec),Rate,16282
09/10/2026 13:10:34,System.Runtime,dotnet.gc.last_collection.heap.fragmentation.size (By)[gc.heap.generation=loh],Metric,0
09/10/2026 13:10:34,System.Runtime,dotnet.gc.last_collection.heap.fragmentation.size (By)[gc.heap.generation=gen0],Metric,0
09/10/2026 13:10:34,System.Runtime,dotnet.gc.last_collection.heap.fragmentation.size (By)[gc.heap.generation=poh],Metric,0
09/10/2026 13:10:34,System.Runtime,dotnet.gc.last_collection.heap.fragmentation.size (By)[gc.heap.generation=gen1],Metric,0
09/10/2026 13:10:34,System.Runtime,dotnet.gc.last_collection.heap.fragmentation.size (By)[gc.heap.generation=gen2],Metric,0
09/10/2026 13:10:35,System.Runtime,dotnet.assembly.count ({assembly}),Metric,61
09/10/2026 13:10:35,System.Runtime,dotnet.gc.last_collection.heap.size (By)[gc.heap.generation=loh],Metric,0
09/10/2026 13:10:35,System.Runtime,dotnet.gc.last_collection.heap.size (By)[gc.heap.generation=gen0],Metric,0
09/10/2026 13:10:35,System.Runtime,dotnet.gc.last_collection.heap.size (By)[gc.heap.generation=poh],Metric,0
09/10/2026 13:10:35,System.Runtime,dotnet.gc.last_collection.heap.size (By)[gc.heap.generation=gen1],Metric,0
09/10/2026 13:10:35,System.Runtime,dotnet.gc.last_collection.heap.size (By)[gc.heap.generation=gen2],Metric,0
09/10/2026 13:10:35,System.Runtime,dotnet.gc.pause.time (s / 1 sec),Rate,0
09/10/2026 13:10:35,System.Runtime,dotnet.gc.collections ({collection} / 1 sec)[gc.heap.generation=gen0],Rate,0
09/10/2026 13:10:35,System.Runtime,dotnet.gc.collections ({collection} / 1 sec)[gc.heap.generation=gen1],Rate,0
09/10/2026 13:10:35,System.Runtime,dotnet.gc.collections ({collection} / 1 sec)[gc.heap.generation=gen2],Rate,0
09/10/2026 13:10:35,System.Runtime,dotnet.gc.heap.total_allocated (By / 1 sec),Rate,136144
09/10/2026 13:10:35,System.Runtime,dotnet.gc.last_collection.memory.committed_size (By),Metric,0
09/10/2026 13:10:35,System.Runtime,dotnet.process.cpu.time (s / 1 sec)[cpu.mode=user],Rate,0.5825199999999997
09/10/2026 13:10:35,System.Runtime,dotnet.process.cpu.time (s / 1 sec)[cpu.mode=system],Rate,0.034331999999999974
09/10/2026 13:10:35,System.Runtime,dotnet.monitor.lock_contentions ({contention} / 1 sec),Rate,0
09/10/2026 13:10:35,System.Runtime,dotnet.thread_pool.thread.count ({thread} / 1 sec),Rate,0
09/10/2026 13:10:35,System.Runtime,dotnet.process.memory.working_set (By),Metric,75235328
09/10/2026 13:10:35,System.Runtime,dotnet.process.cpu.count ({cpu}),Metric,15
09/10/2026 13:10:35,System.Runtime,dotnet.thread_pool.work_item.count ({work_item} / 1 sec),Rate,601
09/10/2026 13:10:35,System.Runtime,dotnet.jit.compilation.time (s / 1 sec),Rate,0.014674800000000016
09/10/2026 13:10:35,System.Runtime,dotnet.timer.count ({timer}),Metric,3
09/10/2026 13:10:35,System.Runtime,dotnet.thread_pool.queue.length ({work_item} / 1 sec),Rate,0
09/10/2026 13:10:35,System.Runtime,dotnet.jit.compiled_methods ({method} / 1 sec),Rate,59
09/10/2026 13:10:35,System.Runtime,dotnet.jit.compiled_il.size (By / 1 sec),Rate,8106
09/10/2026 13:10:35,System.Runtime,dotnet.gc.last_collection.heap.fragmentation.size (By)[gc.heap.generation=loh],Metric,0
09/10/2026 13:10:35,System.Runtime,dotnet.gc.last_collection.heap.fragmentation.size (By)[gc.heap.generation=gen0],Metric,0
09/10/2026 13:10:35,System.Runtime,dotnet.gc.last_collection.heap.fragmentation.size (By)[gc.heap.generation=poh],Metric,0
09/10/2026 13:10:35,System.Runtime,dotnet.gc.last_collection.heap.fragmentation.size (By)[gc.heap.generation=gen1],Metric,0
09/10/2026 13:10:35,System.Runtime,dotnet.gc.last_collection.heap.fragmentation.size (By)[gc.heap.generation=gen2],Metric,0
09/10/2026 13:10:36,System.Runtime,dotnet.assembly.count ({assembly}),Metric,61
09/10/2026 13:10:36,System.Runtime,dotnet.gc.last_collection.heap.size (By)[gc.heap.generation=loh],Metric,0
09/10/2026 13:10:36,System.Runtime,dotnet.gc.last_collection.heap.size (By)[gc.heap.generation=gen0],Metric,0
09/10/2026 13:10:36,System.Runtime,dotnet.gc.last_collection.heap.size (By)[gc.heap.generation=poh],Metric,0
09/10/2026 13:10:36,System.Runtime,dotnet.gc.last_collection.heap.size (By)[gc.heap.generation=gen1],Metric,0
09/10/2026 13:10:36,System.Runtime,dotnet.gc.last_collection.heap.size (By)[gc.heap.generation=gen2],Metric,0
09/10/2026 13:10:36,System.Runtime,dotnet.gc.pause.time (s / 1 sec),Rate,0
09/10/2026 13:10:36,System.Runtime,dotnet.gc.collections ({collection} / 1 sec)[gc.heap.generation=gen0],Rate,0
09/10/2026 13:10:36,System.Runtime,dotnet.gc.collections ({collection} / 1 sec)[gc.heap.generation=gen1],Rate,0
09/10/2026 13:10:36,System.Runtime,dotnet.gc.collections ({collection} / 1 sec)[gc.heap.generation=gen2],Rate,0
09/10/2026 13:10:36,System.Runtime,dotnet.gc.heap.total_allocated (By / 1 sec),Rate,122840
09/10/2026 13:10:36,System.Runtime,dotnet.gc.last_collection.memory.committed_size (By),Metric,0
09/10/2026 13:10:36,System.Runtime,dotnet.process.cpu.time (s / 1 sec)[cpu.mode=user],Rate,0.584105000000001
09/10/2026 13:10:36,System.Runtime,dotnet.process.cpu.time (s / 1 sec)[cpu.mode=system],Rate,0.03541300000000003
09/10/2026 13:10:36,System.Runtime,dotnet.monitor.lock_contentions ({contention} / 1 sec),Rate,0
09/10/2026 13:10:36,System.Runtime,dotnet.thread_pool.thread.count ({thread} / 1 sec),Rate,0
09/10/2026 13:10:36,System.Runtime,dotnet.process.memory.working_set (By),Metric,75513856
09/10/2026 13:10:36,System.Runtime,dotnet.process.cpu.count ({cpu}),Metric,15
09/10/2026 13:10:36,System.Runtime,dotnet.thread_pool.work_item.count ({work_item} / 1 sec),Rate,601
09/10/2026 13:10:36,System.Runtime,dotnet.jit.compilation.time (s / 1 sec),Rate,0.0155806
09/10/2026 13:10:36,System.Runtime,dotnet.timer.count ({timer}),Metric,3
09/10/2026 13:10:36,System.Runtime,dotnet.thread_pool.queue.length ({work_item} / 1 sec),Rate,0
09/10/2026 13:10:36,System.Runtime,dotnet.jit.compiled_methods ({method} / 1 sec),Rate,99
09/10/2026 13:10:36,System.Runtime,dotnet.jit.compiled_il.size (By / 1 sec),Rate,7843
09/10/2026 13:10:36,System.Runtime,dotnet.gc.last_collection.heap.fragmentation.size (By)[gc.heap.generation=loh],Metric,0
09/10/2026 13:10:36,System.Runtime,dotnet.gc.last_collection.heap.fragmentation.size (By)[gc.heap.generation=gen0],Metric,0
09/10/2026 13:10:36,System.Runtime,dotnet.gc.last_collection.heap.fragmentation.size (By)[gc.heap.generation=poh],Metric,0
09/10/2026 13:10:36,System.Runtime,dotnet.gc.last_collection.heap.fragmentation.size (By)[gc.heap.generation=gen1],Metric,0
09/10/2026 13:10:36,System.Runtime,dotnet.gc.last_collection.heap.fragmentation.size (By)[gc.heap.generation=gen2],Metric,0
09/10/2026 13:10:37,System.Runtime,dotnet.assembly.count ({assembly}),Metric,61
09/10/2026 13:10:37,System.Runtime,dotnet.gc.last_collection.heap.size (By)[gc.heap.generation=loh],Metric,0
09/10/2026 13:10:37,System.Runtime,dotnet.gc.last_collection.heap.size (By)[gc.heap.generation=gen0],Metric,0
09/10/2026 13:10:37,System.Runtime,dotnet.gc.last_collection.heap.size (By)[gc.heap.generation=poh],Metric,0
09/10/2026 13:10:37,System.Runtime,dotnet.gc.last_collection.heap.size (By)[gc.heap.generation=gen1],Metric,0
09/10/2026 13:10:37,System.Runtime,dotnet.gc.last_collection.heap.size (By)[gc.heap.generation=gen2],Metric,0
09/10/2026 13:10:37,System.Runtime,dotnet.gc.pause.time (s / 1 sec),Rate,0
09/10/2026 13:10:37,System.Runtime,dotnet.gc.collections ({collection} / 1 sec)[gc.heap.generation=gen0],Rate,0
09/10/2026 13:10:37,System.Runtime,dotnet.gc.collections ({collection} / 1 sec)[gc.heap.generation=gen1],Rate,0
09/10/2026 13:10:37,System.Runtime,dotnet.gc.collections ({collection} / 1 sec)[gc.heap.generation=gen2],Rate,0
09/10/2026 13:10:37,System.Runtime,dotnet.gc.heap.total_allocated (By / 1 sec),Rate,179544
09/10/2026 13:10:37,System.Runtime,dotnet.gc.last_collection.memory.committed_size (By),Metric,0
09/10/2026 13:10:37,System.Runtime,dotnet.process.cpu.time (s / 1 sec)[cpu.mode=user],Rate,0.5744169999999986
09/10/2026 13:10:37,System.Runtime,dotnet.process.cpu.time (s / 1 sec)[cpu.mode=system],Rate,0.033746
09/10/2026 13:10:37,System.Runtime,dotnet.monitor.lock_contentions ({contention} / 1 sec),Rate,0
09/10/2026 13:10:37,System.Runtime,dotnet.thread_pool.thread.count ({thread} / 1 sec),Rate,0
09/10/2026 13:10:37,System.Runtime,dotnet.process.memory.working_set (By),Metric,75792384
09/10/2026 13:10:37,System.Runtime,dotnet.process.cpu.count ({cpu}),Metric,15
09/10/2026 13:10:37,System.Runtime,dotnet.thread_pool.work_item.count ({work_item} / 1 sec),Rate,599
09/10/2026 13:10:37,System.Runtime,dotnet.jit.compilation.time (s / 1 sec),Rate,0.005227599999999971
09/10/2026 13:10:37,System.Runtime,dotnet.timer.count ({timer}),Metric,2
09/10/2026 13:10:37,System.Runtime,dotnet.thread_pool.queue.length ({work_item} / 1 sec),Rate,0
09/10/2026 13:10:37,System.Runtime,dotnet.jit.compiled_methods ({method} / 1 sec),Rate,41
09/10/2026 13:10:37,System.Runtime,dotnet.jit.compiled_il.size (By / 1 sec),Rate,5645
09/10/2026 13:10:37,System.Runtime,dotnet.gc.last_collection.heap.fragmentation.size (By)[gc.heap.generation=loh],Metric,0
09/10/2026 13:10:37,System.Runtime,dotnet.gc.last_collection.heap.fragmentation.size (By)[gc.heap.generation=gen0],Metric,0
09/10/2026 13:10:37,System.Runtime,dotnet.gc.last_collection.heap.fragmentation.size (By)[gc.heap.generation=poh],Metric,0
09/10/2026 13:10:37,System.Runtime,dotnet.gc.last_collection.heap.fragmentation.size (By)[gc.heap.generation=gen1],Metric,0
09/10/2026 13:10:37,System.Runtime,dotnet.gc.last_collection.heap.fragmentation.size (By)[gc.heap.generation=gen2],Metric,0
09/10/2026 13:10:38,System.Runtime,dotnet.assembly.count ({assembly}),Metric,61
09/10/2026 13:10:38,System.Runtime,dotnet.gc.last_collection.heap.size (By)[gc.heap.generation=loh],Metric,0
09/10/2026 13:10:38,System.Runtime,dotnet.gc.last_collection.heap.size (By)[gc.heap.generation=gen0],Metric,0
09/10/2026 13:10:38,System.Runtime,dotnet.gc.last_collection.heap.size (By)[gc.heap.generation=poh],Metric,0
09/10/2026 13:10:38,System.Runtime,dotnet.gc.last_collection.heap.size (By)[gc.heap.generation=gen1],Metric,0
09/10/2026 13:10:38,System.Runtime,dotnet.gc.last_collection.heap.size (By)[gc.heap.generation=gen2],Metric,0
09/10/2026 13:10:38,System.Runtime,dotnet.gc.pause.time (s / 1 sec),Rate,0
09/10/2026 13:10:38,System.Runtime,dotnet.gc.collections ({collection} / 1 sec)[gc.heap.generation=gen0],Rate,0
09/10/2026 13:10:38,System.Runtime,dotnet.gc.collections ({collection} / 1 sec)[gc.heap.generation=gen1],Rate,0
09/10/2026 13:10:38,System.Runtime,dotnet.gc.collections ({collection} / 1 sec)[gc.heap.generation=gen2],Rate,0
09/10/2026 13:10:38,System.Runtime,dotnet.gc.heap.total_allocated (By / 1 sec),Rate,114472
09/10/2026 13:10:38,System.Runtime,dotnet.gc.last_collection.memory.committed_size (By),Metric,0
09/10/2026 13:10:38,System.Runtime,dotnet.process.cpu.time (s / 1 sec)[cpu.mode=user],Rate,0.5859870000000011
09/10/2026 13:10:38,System.Runtime,dotnet.process.cpu.time (s / 1 sec)[cpu.mode=system],Rate,0.035934999999999995
09/10/2026 13:10:38,System.Runtime,dotnet.monitor.lock_contentions ({contention} / 1 sec),Rate,0
09/10/2026 13:10:38,System.Runtime,dotnet.thread_pool.thread.count ({thread} / 1 sec),Rate,0
09/10/2026 13:10:38,System.Runtime,dotnet.process.memory.working_set (By),Metric,76070912
09/10/2026 13:10:38,System.Runtime,dotnet.process.cpu.count ({cpu}),Metric,15
09/10/2026 13:10:38,System.Runtime,dotnet.thread_pool.work_item.count ({work_item} / 1 sec),Rate,601
09/10/2026 13:10:38,System.Runtime,dotnet.jit.compilation.time (s / 1 sec),Rate,0.018303700000000034
09/10/2026 13:10:38,System.Runtime,dotnet.timer.count ({timer}),Metric,2
09/10/2026 13:10:38,System.Runtime,dotnet.thread_pool.queue.length ({work_item} / 1 sec),Rate,0
09/10/2026 13:10:38,System.Runtime,dotnet.jit.compiled_methods ({method} / 1 sec),Rate,82
09/10/2026 13:10:38,System.Runtime,dotnet.jit.compiled_il.size (By / 1 sec),Rate,7290
09/10/2026 13:10:38,System.Runtime,dotnet.gc.last_collection.heap.fragmentation.size (By)[gc.heap.generation=loh],Metric,0
09/10/2026 13:10:38,System.Runtime,dotnet.gc.last_collection.heap.fragmentation.size (By)[gc.heap.generation=gen0],Metric,0
09/10/2026 13:10:38,System.Runtime,dotnet.gc.last_collection.heap.fragmentation.size (By)[gc.heap.generation=poh],Metric,0
09/10/2026 13:10:38,System.Runtime,dotnet.gc.last_collection.heap.fragmentation.size (By)[gc.heap.generation=gen1],Metric,0
09/10/2026 13:10:38,System.Runtime,dotnet.gc.last_collection.heap.fragmentation.size (By)[gc.heap.generation=gen2],Metric,0
09/10/2026 13:10:39,System.Runtime,dotnet.assembly.count ({assembly}),Metric,61
09/10/2026 13:10:39,System.Runtime,dotnet.gc.last_collection.heap.size (By)[gc.heap.generation=loh],Metric,0
09/10/2026 13:10:39,System.Runtime,dotnet.gc.last_collection.heap.size (By)[gc.heap.generation=gen0],Metric,0
09/10/2026 13:10:39,System.Runtime,dotnet.gc.last_collection.heap.size (By)[gc.heap.generation=poh],Metric,0
09/10/2026 13:10:39,System.Runtime,dotnet.gc.last_collection.heap.size (By)[gc.heap.generation=gen1],Metric,0
09/10/2026 13:10:39,System.Runtime,dotnet.gc.last_collection.heap.size (By)[gc.heap.generation=gen2],Metric,0
09/10/2026 13:10:39,System.Runtime,dotnet.gc.pause.time (s / 1 sec),Rate,0
09/10/2026 13:10:39,System.Runtime,dotnet.gc.collections ({collection} / 1 sec)[gc.heap.generation=gen0],Rate,0
09/10/2026 13:10:39,System.Runtime,dotnet.gc.collections ({collection} / 1 sec)[gc.heap.generation=gen1],Rate,0
09/10/2026 13:10:39,System.Runtime,dotnet.gc.collections ({collection} / 1 sec)[gc.heap.generation=gen2],Rate,0
09/10/2026 13:10:39,System.Runtime,dotnet.gc.heap.total_allocated (By / 1 sec),Rate,151320
09/10/2026 13:10:39,System.Runtime,dotnet.gc.last_collection.memory.committed_size (By),Metric,0
09/10/2026 13:10:39,System.Runtime,dotnet.process.cpu.time (s / 1 sec)[cpu.mode=user],Rate,0.5712089999999996
09/10/2026 13:10:39,System.Runtime,dotnet.process.cpu.time (s / 1 sec)[cpu.mode=system],Rate,0.03362599999999999
09/10/2026 13:10:39,System.Runtime,dotnet.monitor.lock_contentions ({contention} / 1 sec),Rate,0
09/10/2026 13:10:39,System.Runtime,dotnet.thread_pool.thread.count ({thread} / 1 sec),Rate,0
09/10/2026 13:10:39,System.Runtime,dotnet.process.memory.working_set (By),Metric,76234752
09/10/2026 13:10:39,System.Runtime,dotnet.process.cpu.count ({cpu}),Metric,15
09/10/2026 13:10:39,System.Runtime,dotnet.thread_pool.work_item.count ({work_item} / 1 sec),Rate,602
09/10/2026 13:10:39,System.Runtime,dotnet.jit.compilation.time (s / 1 sec),Rate,0.001461900000000016
09/10/2026 13:10:39,System.Runtime,dotnet.timer.count ({timer}),Metric,3
09/10/2026 13:10:39,System.Runtime,dotnet.thread_pool.queue.length ({work_item} / 1 sec),Rate,0
09/10/2026 13:10:39,System.Runtime,dotnet.jit.compiled_methods ({method} / 1 sec),Rate,10
09/10/2026 13:10:39,System.Runtime,dotnet.jit.compiled_il.size (By / 1 sec),Rate,743
09/10/2026 13:10:39,System.Runtime,dotnet.gc.last_collection.heap.fragmentation.size (By)[gc.heap.generation=loh],Metric,0
09/10/2026 13:10:39,System.Runtime,dotnet.gc.last_collection.heap.fragmentation.size (By)[gc.heap.generation=gen0],Metric,0
09/10/2026 13:10:39,System.Runtime,dotnet.gc.last_collection.heap.fragmentation.size (By)[gc.heap.generation=poh],Metric,0
09/10/2026 13:10:39,System.Runtime,dotnet.gc.last_collection.heap.fragmentation.size (By)[gc.heap.generation=gen1],Metric,0
09/10/2026 13:10:39,System.Runtime,dotnet.gc.last_collection.heap.fragmentation.size (By)[gc.heap.generation=gen2],Metric,0
09/10/2026 13:10:40,System.Runtime,dotnet.assembly.count ({assembly}),Metric,61
09/10/2026 13:10:40,System.Runtime,dotnet.gc.last_collection.heap.size (By)[gc.heap.generation=loh],Metric,0
09/10/2026 13:10:40,System.Runtime,dotnet.gc.last_collection.heap.size (By)[gc.heap.generation=gen0],Metric,0
09/10/2026 13:10:40,System.Runtime,dotnet.gc.last_collection.heap.size (By)[gc.heap.generation=poh],Metric,0
09/10/2026 13:10:40,System.Runtime,dotnet.gc.last_collection.heap.size (By)[gc.heap.generation=gen1],Metric,0
09/10/2026 13:10:40,System.Runtime,dotnet.gc.last_collection.heap.size (By)[gc.heap.generation=gen2],Metric,0
09/10/2026 13:10:40,System.Runtime,dotnet.gc.pause.time (s / 1 sec),Rate,0
09/10/2026 13:10:40,System.Runtime,dotnet.gc.collections ({collection} / 1 sec)[gc.heap.generation=gen0],Rate,0
09/10/2026 13:10:40,System.Runtime,dotnet.gc.collections ({collection} / 1 sec)[gc.heap.generation=gen1],Rate,0
09/10/2026 13:10:40,System.Runtime,dotnet.gc.collections ({collection} / 1 sec)[gc.heap.generation=gen2],Rate,0
09/10/2026 13:10:40,System.Runtime,dotnet.gc.heap.total_allocated (By / 1 sec),Rate,131200
09/10/2026 13:10:40,System.Runtime,dotnet.gc.last_collection.memory.committed_size (By),Metric,0
09/10/2026 13:10:40,System.Runtime,dotnet.process.cpu.time (s / 1 sec)[cpu.mode=user],Rate,0.5704639999999994
09/10/2026 13:10:40,System.Runtime,dotnet.process.cpu.time (s / 1 sec)[cpu.mode=system],Rate,0.035365000000000035
09/10/2026 13:10:40,System.Runtime,dotnet.monitor.lock_contentions ({contention} / 1 sec),Rate,0
09/10/2026 13:10:40,System.Runtime,dotnet.thread_pool.thread.count ({thread} / 1 sec),Rate,0
09/10/2026 13:10:40,System.Runtime,dotnet.process.memory.working_set (By),Metric,76382208
09/10/2026 13:10:40,System.Runtime,dotnet.process.cpu.count ({cpu}),Metric,15
09/10/2026 13:10:40,System.Runtime,dotnet.thread_pool.work_item.count ({work_item} / 1 sec),Rate,602
09/10/2026 13:10:40,System.Runtime,dotnet.jit.compilation.time (s / 1 sec),Rate,0.0011116999999999932
09/10/2026 13:10:40,System.Runtime,dotnet.timer.count ({timer}),Metric,3
09/10/2026 13:10:40,System.Runtime,dotnet.thread_pool.queue.length ({work_item} / 1 sec),Rate,0
09/10/2026 13:10:40,System.Runtime,dotnet.jit.compiled_methods ({method} / 1 sec),Rate,7
09/10/2026 13:10:40,System.Runtime,dotnet.jit.compiled_il.size (By / 1 sec),Rate,265
09/10/2026 13:10:40,System.Runtime,dotnet.gc.last_collection.heap.fragmentation.size (By)[gc.heap.generation=loh],Metric,0
09/10/2026 13:10:40,System.Runtime,dotnet.gc.last_collection.heap.fragmentation.size (By)[gc.heap.generation=gen0],Metric,0
09/10/2026 13:10:40,System.Runtime,dotnet.gc.last_collection.heap.fragmentation.size (By)[gc.heap.generation=poh],Metric,0
09/10/2026 13:10:40,System.Runtime,dotnet.gc.last_collection.heap.fragmentation.size (By)[gc.heap.generation=gen1],Metric,0
09/10/2026 13:10:40,System.Runtime,dotnet.gc.last_collection.heap.fragmentation.size (By)[gc.heap.generation=gen2],Metric,0
09/10/2026 13:10:41,System.Runtime,dotnet.assembly.count ({assembly}),Metric,61
09/10/2026 13:10:41,System.Runtime,dotnet.gc.last_collection.heap.size (By)[gc.heap.generation=loh],Metric,0
09/10/2026 13:10:41,System.Runtime,dotnet.gc.last_collection.heap.size (By)[gc.heap.generation=gen0],Metric,0
09/10/2026 13:10:41,System.Runtime,dotnet.gc.last_collection.heap.size (By)[gc.heap.generation=poh],Metric,0
09/10/2026 13:10:41,System.Runtime,dotnet.gc.last_collection.heap.size (By)[gc.heap.generation=gen1],Metric,0
09/10/2026 13:10:41,System.Runtime,dotnet.gc.last_collection.heap.size (By)[gc.heap.generation=gen2],Metric,0
09/10/2026 13:10:41,System.Runtime,dotnet.gc.pause.time (s / 1 sec),Rate,0
09/10/2026 13:10:41,System.Runtime,dotnet.gc.collections ({collection} / 1 sec)[gc.heap.generation=gen0],Rate,0
09/10/2026 13:10:41,System.Runtime,dotnet.gc.collections ({collection} / 1 sec)[gc.heap.generation=gen1],Rate,0
09/10/2026 13:10:41,System.Runtime,dotnet.gc.collections ({collection} / 1 sec)[gc.heap.generation=gen2],Rate,0
09/10/2026 13:10:41,System.Runtime,dotnet.gc.heap.total_allocated (By / 1 sec),Rate,134464
09/10/2026 13:10:41,System.Runtime,dotnet.gc.last_collection.memory.committed_size (By),Metric,0
09/10/2026 13:10:41,System.Runtime,dotnet.process.cpu.time (s / 1 sec)[cpu.mode=user],Rate,0.5711630000000003
09/10/2026 13:10:41,System.Runtime,dotnet.process.cpu.time (s / 1 sec)[cpu.mode=system],Rate,0.03147500000000003
09/10/2026 13:10:41,System.Runtime,dotnet.monitor.lock_contentions ({contention} / 1 sec),Rate,0
09/10/2026 13:10:41,System.Runtime,dotnet.thread_pool.thread.count ({thread} / 1 sec),Rate,0
09/10/2026 13:10:41,System.Runtime,dotnet.process.memory.working_set (By),Metric,76578816
09/10/2026 13:10:41,System.Runtime,dotnet.process.cpu.count ({cpu}),Metric,15
09/10/2026 13:10:41,System.Runtime,dotnet.thread_pool.work_item.count ({work_item} / 1 sec),Rate,602
09/10/2026 13:10:41,System.Runtime,dotnet.jit.compilation.time (s / 1 sec),Rate,0.00048159999999997094
09/10/2026 13:10:41,System.Runtime,dotnet.timer.count ({timer}),Metric,3
09/10/2026 13:10:41,System.Runtime,dotnet.thread_pool.queue.length ({work_item} / 1 sec),Rate,0
09/10/2026 13:10:41,System.Runtime,dotnet.jit.compiled_methods ({method} / 1 sec),Rate,4
09/10/2026 13:10:41,System.Runtime,dotnet.jit.compiled_il.size (By / 1 sec),Rate,186
09/10/2026 13:10:41,System.Runtime,dotnet.gc.last_collection.heap.fragmentation.size (By)[gc.heap.generation=loh],Metric,0
09/10/2026 13:10:41,System.Runtime,dotnet.gc.last_collection.heap.fragmentation.size (By)[gc.heap.generation=gen0],Metric,0
09/10/2026 13:10:41,System.Runtime,dotnet.gc.last_collection.heap.fragmentation.size (By)[gc.heap.generation=poh],Metric,0
09/10/2026 13:10:41,System.Runtime,dotnet.gc.last_collection.heap.fragmentation.size (By)[gc.heap.generation=gen1],Metric,0
09/10/2026 13:10:41,System.Runtime,dotnet.gc.last_collection.heap.fragmentation.size (By)[gc.heap.generation=gen2],Metric,0
09/10/2026 13:10:42,System.Runtime,dotnet.assembly.count ({assembly}),Metric,61
09/10/2026 13:10:42,System.Runtime,dotnet.gc.last_collection.heap.size (By)[gc.heap.generation=loh],Metric,0
09/10/2026 13:10:42,System.Runtime,dotnet.gc.last_collection.heap.size (By)[gc.heap.generation=gen0],Metric,0
09/10/2026 13:10:42,System.Runtime,dotnet.gc.last_collection.heap.size (By)[gc.heap.generation=poh],Metric,0
09/10/2026 13:10:42,System.Runtime,dotnet.gc.last_collection.heap.size (By)[gc.heap.generation=gen1],Metric,0
09/10/2026 13:10:42,System.Runtime,dotnet.gc.last_collection.heap.size (By)[gc.heap.generation=gen2],Metric,0
09/10/2026 13:10:42,System.Runtime,dotnet.gc.pause.time (s / 1 sec),Rate,0
09/10/2026 13:10:42,System.Runtime,dotnet.gc.collections ({collection} / 1 sec)[gc.heap.generation=gen0],Rate,0
09/10/2026 13:10:42,System.Runtime,dotnet.gc.collections ({collection} / 1 sec)[gc.heap.generation=gen1],Rate,0
09/10/2026 13:10:42,System.Runtime,dotnet.gc.collections ({collection} / 1 sec)[gc.heap.generation=gen2],Rate,0
09/10/2026 13:10:42,System.Runtime,dotnet.gc.heap.total_allocated (By / 1 sec),Rate,150592
09/10/2026 13:10:42,System.Runtime,dotnet.gc.last_collection.memory.committed_size (By),Metric,0
09/10/2026 13:10:42,System.Runtime,dotnet.process.cpu.time (s / 1 sec)[cpu.mode=user],Rate,0.5759410000000003
09/10/2026 13:10:42,System.Runtime,dotnet.process.cpu.time (s / 1 sec)[cpu.mode=system],Rate,0.03495999999999999
09/10/2026 13:10:42,System.Runtime,dotnet.monitor.lock_contentions ({contention} / 1 sec),Rate,0
09/10/2026 13:10:42,System.Runtime,dotnet.thread_pool.thread.count ({thread} / 1 sec),Rate,0
09/10/2026 13:10:42,System.Runtime,dotnet.process.memory.working_set (By),Metric,76742656
09/10/2026 13:10:42,System.Runtime,dotnet.process.cpu.count ({cpu}),Metric,15
09/10/2026 13:10:42,System.Runtime,dotnet.thread_pool.work_item.count ({work_item} / 1 sec),Rate,602
09/10/2026 13:10:42,System.Runtime,dotnet.jit.compilation.time (s / 1 sec),Rate,0.007678699999999983
09/10/2026 13:10:42,System.Runtime,dotnet.timer.count ({timer}),Metric,3
09/10/2026 13:10:42,System.Runtime,dotnet.thread_pool.queue.length ({work_item} / 1 sec),Rate,0
09/10/2026 13:10:42,System.Runtime,dotnet.jit.compiled_methods ({method} / 1 sec),Rate,48
09/10/2026 13:10:42,System.Runtime,dotnet.jit.compiled_il.size (By / 1 sec),Rate,3503
09/10/2026 13:10:42,System.Runtime,dotnet.gc.last_collection.heap.fragmentation.size (By)[gc.heap.generation=loh],Metric,0
09/10/2026 13:10:42,System.Runtime,dotnet.gc.last_collection.heap.fragmentation.size (By)[gc.heap.generation=gen0],Metric,0
09/10/2026 13:10:42,System.Runtime,dotnet.gc.last_collection.heap.fragmentation.size (By)[gc.heap.generation=poh],Metric,0
09/10/2026 13:10:42,System.Runtime,dotnet.gc.last_collection.heap.fragmentation.size (By)[gc.heap.generation=gen1],Metric,0
09/10/2026 13:10:42,System.Runtime,dotnet.gc.last_collection.heap.fragmentation.size (By)[gc.heap.generation=gen2],Metric,0
09/10/2026 13:10:43,System.Runtime,dotnet.assembly.count ({assembly}),Metric,61
09/10/2026 13:10:43,System.Runtime,dotnet.gc.last_collection.heap.size (By)[gc.heap.generation=loh],Metric,0
09/10/2026 13:10:43,System.Runtime,dotnet.gc.last_collection.heap.size (By)[gc.heap.generation=gen0],Metric,0
09/10/2026 13:10:43,System.Runtime,dotnet.gc.last_collection.heap.size (By)[gc.heap.generation=poh],Metric,0
09/10/2026 13:10:43,System.Runtime,dotnet.gc.last_collection.heap.size (By)[gc.heap.generation=gen1],Metric,0
09/10/2026 13:10:43,System.Runtime,dotnet.gc.last_collection.heap.size (By)[gc.heap.generation=gen2],Metric,0
09/10/2026 13:10:43,System.Runtime,dotnet.gc.pause.time (s / 1 sec),Rate,0
09/10/2026 13:10:43,System.Runtime,dotnet.gc.collections ({collection} / 1 sec)[gc.heap.generation=gen0],Rate,0
09/10/2026 13:10:43,System.Runtime,dotnet.gc.collections ({collection} / 1 sec)[gc.heap.generation=gen1],Rate,0
09/10/2026 13:10:43,System.Runtime,dotnet.gc.collections ({collection} / 1 sec)[gc.heap.generation=gen2],Rate,0
09/10/2026 13:10:43,System.Runtime,dotnet.gc.heap.total_allocated (By / 1 sec),Rate,131200
09/10/2026 13:10:43,System.Runtime,dotnet.gc.last_collection.memory.committed_size (By),Metric,0
09/10/2026 13:10:43,System.Runtime,dotnet.process.cpu.time (s / 1 sec)[cpu.mode=user],Rate,0.5698849999999993
09/10/2026 13:10:43,System.Runtime,dotnet.process.cpu.time (s / 1 sec)[cpu.mode=system],Rate,0.03448899999999999
09/10/2026 13:10:43,System.Runtime,dotnet.monitor.lock_contentions ({contention} / 1 sec),Rate,0
09/10/2026 13:10:43,System.Runtime,dotnet.thread_pool.thread.count ({thread} / 1 sec),Rate,0
09/10/2026 13:10:43,System.Runtime,dotnet.process.memory.working_set (By),Metric,76890112
09/10/2026 13:10:43,System.Runtime,dotnet.process.cpu.count ({cpu}),Metric,15
09/10/2026 13:10:43,System.Runtime,dotnet.thread_pool.work_item.count ({work_item} / 1 sec),Rate,601
09/10/2026 13:10:43,System.Runtime,dotnet.jit.compilation.time (s / 1 sec),Rate,0.0001967000000000496
09/10/2026 13:10:43,System.Runtime,dotnet.timer.count ({timer}),Metric,3
09/10/2026 13:10:43,System.Runtime,dotnet.thread_pool.queue.length ({work_item} / 1 sec),Rate,0
09/10/2026 13:10:43,System.Runtime,dotnet.jit.compiled_methods ({method} / 1 sec),Rate,1
09/10/2026 13:10:43,System.Runtime,dotnet.jit.compiled_il.size (By / 1 sec),Rate,19
09/10/2026 13:10:43,System.Runtime,dotnet.gc.last_collection.heap.fragmentation.size (By)[gc.heap.generation=loh],Metric,0
09/10/2026 13:10:43,System.Runtime,dotnet.gc.last_collection.heap.fragmentation.size (By)[gc.heap.generation=gen0],Metric,0
09/10/2026 13:10:43,System.Runtime,dotnet.gc.last_collection.heap.fragmentation.size (By)[gc.heap.generation=poh],Metric,0
09/10/2026 13:10:43,System.Runtime,dotnet.gc.last_collection.heap.fragmentation.size (By)[gc.heap.generation=gen1],Metric,0
09/10/2026 13:10:43,System.Runtime,dotnet.gc.last_collection.heap.fragmentation.size (By)[gc.heap.generation=gen2],Metric,0
09/10/2026 13:10:44,System.Runtime,dotnet.assembly.count ({assembly}),Metric,61
09/10/2026 13:10:44,System.Runtime,dotnet.gc.last_collection.heap.size (By)[gc.heap.generation=loh],Metric,0
09/10/2026 13:10:44,System.Runtime,dotnet.gc.last_collection.heap.size (By)[gc.heap.generation=gen0],Metric,0
09/10/2026 13:10:44,System.Runtime,dotnet.gc.last_collection.heap.size (By)[gc.heap.generation=poh],Metric,0
09/10/2026 13:10:44,System.Runtime,dotnet.gc.last_collection.heap.size (By)[gc.heap.generation=gen1],Metric,0
09/10/2026 13:10:44,System.Runtime,dotnet.gc.last_collection.heap.size (By)[gc.heap.generation=gen2],Metric,0
09/10/2026 13:10:44,System.Runtime,dotnet.gc.pause.time (s / 1 sec),Rate,0
09/10/2026 13:10:44,System.Runtime,dotnet.gc.collections ({collection} / 1 sec)[gc.heap.generation=gen0],Rate,0
09/10/2026 13:10:44,System.Runtime,dotnet.gc.collections ({collection} / 1 sec)[gc.heap.generation=gen1],Rate,0
09/10/2026 13:10:44,System.Runtime,dotnet.gc.collections ({collection} / 1 sec)[gc.heap.generation=gen2],Rate,0
09/10/2026 13:10:44,System.Runtime,dotnet.gc.heap.total_allocated (By / 1 sec),Rate,147336
09/10/2026 13:10:44,System.Runtime,dotnet.gc.last_collection.memory.committed_size (By),Metric,0
09/10/2026 13:10:44,System.Runtime,dotnet.process.cpu.time (s / 1 sec)[cpu.mode=user],Rate,0.5665670000000009
09/10/2026 13:10:44,System.Runtime,dotnet.process.cpu.time (s / 1 sec)[cpu.mode=system],Rate,0.03545799999999999
09/10/2026 13:10:44,System.Runtime,dotnet.monitor.lock_contentions ({contention} / 1 sec),Rate,0
09/10/2026 13:10:44,System.Runtime,dotnet.thread_pool.thread.count ({thread} / 1 sec),Rate,0
09/10/2026 13:10:44,System.Runtime,dotnet.process.memory.working_set (By),Metric,77070336
09/10/2026 13:10:44,System.Runtime,dotnet.process.cpu.count ({cpu}),Metric,15
09/10/2026 13:10:44,System.Runtime,dotnet.thread_pool.work_item.count ({work_item} / 1 sec),Rate,601
09/10/2026 13:10:44,System.Runtime,dotnet.jit.compilation.time (s / 1 sec),Rate,0.0013506999999999825
09/10/2026 13:10:44,System.Runtime,dotnet.timer.count ({timer}),Metric,3
09/10/2026 13:10:44,System.Runtime,dotnet.thread_pool.queue.length ({work_item} / 1 sec),Rate,0
09/10/2026 13:10:44,System.Runtime,dotnet.jit.compiled_methods ({method} / 1 sec),Rate,9
09/10/2026 13:10:44,System.Runtime,dotnet.jit.compiled_il.size (By / 1 sec),Rate,706
09/10/2026 13:10:44,System.Runtime,dotnet.gc.last_collection.heap.fragmentation.size (By)[gc.heap.generation=loh],Metric,0
09/10/2026 13:10:44,System.Runtime,dotnet.gc.last_collection.heap.fragmentation.size (By)[gc.heap.generation=gen0],Metric,0
09/10/2026 13:10:44,System.Runtime,dotnet.gc.last_collection.heap.fragmentation.size (By)[gc.heap.generation=poh],Metric,0
09/10/2026 13:10:44,System.Runtime,dotnet.gc.last_collection.heap.fragmentation.size (By)[gc.heap.generation=gen1],Metric,0
09/10/2026 13:10:44,System.Runtime,dotnet.gc.last_collection.heap.fragmentation.size (By)[gc.heap.generation=gen2],Metric,0
09/10/2026 13:10:45,System.Runtime,dotnet.assembly.count ({assembly}),Metric,61
09/10/2026 13:10:45,System.Runtime,dotnet.gc.last_collection.heap.size (By)[gc.heap.generation=loh],Metric,0
09/10/2026 13:10:45,System.Runtime,dotnet.gc.last_collection.heap.size (By)[gc.heap.generation=gen0],Metric,0
09/10/2026 13:10:45,System.Runtime,dotnet.gc.last_collection.heap.size (By)[gc.heap.generation=poh],Metric,0
09/10/2026 13:10:45,System.Runtime,dotnet.gc.last_collection.heap.size (By)[gc.heap.generation=gen1],Metric,0
09/10/2026 13:10:45,System.Runtime,dotnet.gc.last_collection.heap.size (By)[gc.heap.generation=gen2],Metric,0
09/10/2026 13:10:45,System.Runtime,dotnet.gc.pause.time (s / 1 sec),Rate,0
09/10/2026 13:10:45,System.Runtime,dotnet.gc.collections ({collection} / 1 sec)[gc.heap.generation=gen0],Rate,0
09/10/2026 13:10:45,System.Runtime,dotnet.gc.collections ({collection} / 1 sec)[gc.heap.generation=gen1],Rate,0
09/10/2026 13:10:45,System.Runtime,dotnet.gc.collections ({collection} / 1 sec)[gc.heap.generation=gen2],Rate,0
09/10/2026 13:10:45,System.Runtime,dotnet.gc.heap.total_allocated (By / 1 sec),Rate,131192
09/10/2026 13:10:45,System.Runtime,dotnet.gc.last_collection.memory.committed_size (By),Metric,0
09/10/2026 13:10:45,System.Runtime,dotnet.process.cpu.time (s / 1 sec)[cpu.mode=user],Rate,0.5688019999999998
09/10/2026 13:10:45,System.Runtime,dotnet.process.cpu.time (s / 1 sec)[cpu.mode=system],Rate,0.03356999999999999
09/10/2026 13:10:45,System.Runtime,dotnet.monitor.lock_contentions ({contention} / 1 sec),Rate,0
09/10/2026 13:10:45,System.Runtime,dotnet.thread_pool.thread.count ({thread} / 1 sec),Rate,0
09/10/2026 13:10:45,System.Runtime,dotnet.process.memory.working_set (By),Metric,77217792
09/10/2026 13:10:45,System.Runtime,dotnet.process.cpu.count ({cpu}),Metric,15
09/10/2026 13:10:45,System.Runtime,dotnet.thread_pool.work_item.count ({work_item} / 1 sec),Rate,598
09/10/2026 13:10:45,System.Runtime,dotnet.jit.compilation.time (s / 1 sec),Rate,0.00030720000000000747
09/10/2026 13:10:45,System.Runtime,dotnet.timer.count ({timer}),Metric,2
09/10/2026 13:10:45,System.Runtime,dotnet.thread_pool.queue.length ({work_item} / 1 sec),Rate,0
09/10/2026 13:10:45,System.Runtime,dotnet.jit.compiled_methods ({method} / 1 sec),Rate,1
09/10/2026 13:10:45,System.Runtime,dotnet.jit.compiled_il.size (By / 1 sec),Rate,59
09/10/2026 13:10:45,System.Runtime,dotnet.gc.last_collection.heap.fragmentation.size (By)[gc.heap.generation=loh],Metric,0
09/10/2026 13:10:45,System.Runtime,dotnet.gc.last_collection.heap.fragmentation.size (By)[gc.heap.generation=gen0],Metric,0
09/10/2026 13:10:45,System.Runtime,dotnet.gc.last_collection.heap.fragmentation.size (By)[gc.heap.generation=poh],Metric,0
09/10/2026 13:10:45,System.Runtime,dotnet.gc.last_collection.heap.fragmentation.size (By)[gc.heap.generation=gen1],Metric,0
09/10/2026 13:10:45,System.Runtime,dotnet.gc.last_collection.heap.fragmentation.size (By)[gc.heap.generation=gen2],Metric,0
09/10/2026 13:10:46,System.Runtime,dotnet.assembly.count ({assembly}),Metric,61
09/10/2026 13:10:46,System.Runtime,dotnet.gc.last_collection.heap.size (By)[gc.heap.generation=loh],Metric,0
09/10/2026 13:10:46,System.Runtime,dotnet.gc.last_collection.heap.size (By)[gc.heap.generation=gen0],Metric,0
09/10/2026 13:10:46,System.Runtime,dotnet.gc.last_collection.heap.size (By)[gc.heap.generation=poh],Metric,0
09/10/2026 13:10:46,System.Runtime,dotnet.gc.last_collection.heap.size (By)[gc.heap.generation=gen1],Metric,0
09/10/2026 13:10:46,System.Runtime,dotnet.gc.last_collection.heap.size (By)[gc.heap.generation=gen2],Metric,0
09/10/2026 13:10:46,System.Runtime,dotnet.gc.pause.time (s / 1 sec),Rate,0
09/10/2026 13:10:46,System.Runtime,dotnet.gc.collections ({collection} / 1 sec)[gc.heap.generation=gen0],Rate,0
09/10/2026 13:10:46,System.Runtime,dotnet.gc.collections ({collection} / 1 sec)[gc.heap.generation=gen1],Rate,0
09/10/2026 13:10:46,System.Runtime,dotnet.gc.collections ({collection} / 1 sec)[gc.heap.generation=gen2],Rate,0
09/10/2026 13:10:46,System.Runtime,dotnet.gc.heap.total_allocated (By / 1 sec),Rate,121960
09/10/2026 13:10:46,System.Runtime,dotnet.gc.last_collection.memory.committed_size (By),Metric,0
09/10/2026 13:10:46,System.Runtime,dotnet.process.cpu.time (s / 1 sec)[cpu.mode=user],Rate,0.5704130000000003
09/10/2026 13:10:46,System.Runtime,dotnet.process.cpu.time (s / 1 sec)[cpu.mode=system],Rate,0.033412
09/10/2026 13:10:46,System.Runtime,dotnet.monitor.lock_contentions ({contention} / 1 sec),Rate,0
09/10/2026 13:10:46,System.Runtime,dotnet.thread_pool.thread.count ({thread} / 1 sec),Rate,0
09/10/2026 13:10:46,System.Runtime,dotnet.process.memory.working_set (By),Metric,77381632
09/10/2026 13:10:46,System.Runtime,dotnet.process.cpu.count ({cpu}),Metric,15
09/10/2026 13:10:46,System.Runtime,dotnet.thread_pool.work_item.count ({work_item} / 1 sec),Rate,601
09/10/2026 13:10:46,System.Runtime,dotnet.jit.compilation.time (s / 1 sec),Rate,0.00016620000000000523
09/10/2026 13:10:46,System.Runtime,dotnet.timer.count ({timer}),Metric,2
09/10/2026 13:10:46,System.Runtime,dotnet.thread_pool.queue.length ({work_item} / 1 sec),Rate,0
09/10/2026 13:10:46,System.Runtime,dotnet.jit.compiled_methods ({method} / 1 sec),Rate,2
09/10/2026 13:10:46,System.Runtime,dotnet.jit.compiled_il.size (By / 1 sec),Rate,14
09/10/2026 13:10:46,System.Runtime,dotnet.gc.last_collection.heap.fragmentation.size (By)[gc.heap.generation=loh],Metric,0
09/10/2026 13:10:46,System.Runtime,dotnet.gc.last_collection.heap.fragmentation.size (By)[gc.heap.generation=gen0],Metric,0
09/10/2026 13:10:46,System.Runtime,dotnet.gc.last_collection.heap.fragmentation.size (By)[gc.heap.generation=poh],Metric,0
09/10/2026 13:10:46,System.Runtime,dotnet.gc.last_collection.heap.fragmentation.size (By)[gc.heap.generation=gen1],Metric,0
09/10/2026 13:10:46,System.Runtime,dotnet.gc.last_collection.heap.fragmentation.size (By)[gc.heap.generation=gen2],Metric,0
09/10/2026 13:10:47,System.Runtime,dotnet.assembly.count ({assembly}),Metric,61
09/10/2026 13:10:47,System.Runtime,dotnet.gc.last_collection.heap.size (By)[gc.heap.generation=loh],Metric,0
09/10/2026 13:10:47,System.Runtime,dotnet.gc.last_collection.heap.size (By)[gc.heap.generation=gen0],Metric,0
09/10/2026 13:10:47,System.Runtime,dotnet.gc.last_collection.heap.size (By)[gc.heap.generation=poh],Metric,0
09/10/2026 13:10:47,System.Runtime,dotnet.gc.last_collection.heap.size (By)[gc.heap.generation=gen1],Metric,0
09/10/2026 13:10:47,System.Runtime,dotnet.gc.last_collection.heap.size (By)[gc.heap.generation=gen2],Metric,0
09/10/2026 13:10:47,System.Runtime,dotnet.gc.pause.time (s / 1 sec),Rate,0
09/10/2026 13:10:47,System.Runtime,dotnet.gc.collections ({collection} / 1 sec)[gc.heap.generation=gen0],Rate,0
09/10/2026 13:10:47,System.Runtime,dotnet.gc.collections ({collection} / 1 sec)[gc.heap.generation=gen1],Rate,0
09/10/2026 13:10:47,System.Runtime,dotnet.gc.collections ({collection} / 1 sec)[gc.heap.generation=gen2],Rate,0
09/10/2026 13:10:47,System.Runtime,dotnet.gc.heap.total_allocated (By / 1 sec),Rate,158136
09/10/2026 13:10:47,System.Runtime,dotnet.gc.last_collection.memory.committed_size (By),Metric,0
09/10/2026 13:10:47,System.Runtime,dotnet.process.cpu.time (s / 1 sec)[cpu.mode=user],Rate,0.571451999999999
09/10/2026 13:10:47,System.Runtime,dotnet.process.cpu.time (s / 1 sec)[cpu.mode=system],Rate,0.03485399999999994
09/10/2026 13:10:47,System.Runtime,dotnet.monitor.lock_contentions ({contention} / 1 sec),Rate,0
09/10/2026 13:10:47,System.Runtime,dotnet.thread_pool.thread.count ({thread} / 1 sec),Rate,0
09/10/2026 13:10:47,System.Runtime,dotnet.process.memory.working_set (By),Metric,77578240
09/10/2026 13:10:47,System.Runtime,dotnet.process.cpu.count ({cpu}),Metric,15
09/10/2026 13:10:47,System.Runtime,dotnet.thread_pool.work_item.count ({work_item} / 1 sec),Rate,603
09/10/2026 13:10:47,System.Runtime,dotnet.jit.compilation.time (s / 1 sec),Rate,0.004598699999999956
09/10/2026 13:10:47,System.Runtime,dotnet.timer.count ({timer}),Metric,3
09/10/2026 13:10:47,System.Runtime,dotnet.thread_pool.queue.length ({work_item} / 1 sec),Rate,0
09/10/2026 13:10:47,System.Runtime,dotnet.jit.compiled_methods ({method} / 1 sec),Rate,5
09/10/2026 13:10:47,System.Runtime,dotnet.jit.compiled_il.size (By / 1 sec),Rate,789
09/10/2026 13:10:47,System.Runtime,dotnet.gc.last_collection.heap.fragmentation.size (By)[gc.heap.generation=loh],Metric,0
09/10/2026 13:10:47,System.Runtime,dotnet.gc.last_collection.heap.fragmentation.size (By)[gc.heap.generation=gen0],Metric,0
09/10/2026 13:10:47,System.Runtime,dotnet.gc.last_collection.heap.fragmentation.size (By)[gc.heap.generation=poh],Metric,0
09/10/2026 13:10:47,System.Runtime,dotnet.gc.last_collection.heap.fragmentation.size (By)[gc.heap.generation=gen1],Metric,0
09/10/2026 13:10:47,System.Runtime,dotnet.gc.last_collection.heap.fragmentation.size (By)[gc.heap.generation=gen2],Metric,0
09/10/2026 13:10:48,System.Runtime,dotnet.assembly.count ({assembly}),Metric,61
09/10/2026 13:10:48,System.Runtime,dotnet.gc.last_collection.heap.size (By)[gc.heap.generation=loh],Metric,0
09/10/2026 13:10:48,System.Runtime,dotnet.gc.last_collection.heap.size (By)[gc.heap.generation=gen0],Metric,0
09/10/2026 13:10:48,System.Runtime,dotnet.gc.last_collection.heap.size (By)[gc.heap.generation=poh],Metric,0
09/10/2026 13:10:48,System.Runtime,dotnet.gc.last_collection.heap.size (By)[gc.heap.generation=gen1],Metric,0
09/10/2026 13:10:48,System.Runtime,dotnet.gc.last_collection.heap.size (By)[gc.heap.generation=gen2],Metric,0
09/10/2026 13:10:48,System.Runtime,dotnet.gc.pause.time (s / 1 sec),Rate,0
09/10/2026 13:10:48,System.Runtime,dotnet.gc.collections ({collection} / 1 sec)[gc.heap.generation=gen0],Rate,0
09/10/2026 13:10:48,System.Runtime,dotnet.gc.collections ({collection} / 1 sec)[gc.heap.generation=gen1],Rate,0
09/10/2026 13:10:48,System.Runtime,dotnet.gc.collections ({collection} / 1 sec)[gc.heap.generation=gen2],Rate,0
09/10/2026 13:10:48,System.Runtime,dotnet.gc.heap.total_allocated (By / 1 sec),Rate,123000
09/10/2026 13:10:48,System.Runtime,dotnet.gc.last_collection.memory.committed_size (By),Metric,0
09/10/2026 13:10:48,System.Runtime,dotnet.process.cpu.time (s / 1 sec)[cpu.mode=user],Rate,0.5683040000000013
09/10/2026 13:10:48,System.Runtime,dotnet.process.cpu.time (s / 1 sec)[cpu.mode=system],Rate,0.03362100000000001
09/10/2026 13:10:48,System.Runtime,dotnet.monitor.lock_contentions ({contention} / 1 sec),Rate,0
09/10/2026 13:10:48,System.Runtime,dotnet.thread_pool.thread.count ({thread} / 1 sec),Rate,0
09/10/2026 13:10:48,System.Runtime,dotnet.process.memory.working_set (By),Metric,77709312
09/10/2026 13:10:48,System.Runtime,dotnet.process.cpu.count ({cpu}),Metric,15
09/10/2026 13:10:48,System.Runtime,dotnet.thread_pool.work_item.count ({work_item} / 1 sec),Rate,602
09/10/2026 13:10:48,System.Runtime,dotnet.jit.compilation.time (s / 1 sec),Rate,0.0002399000000000151
09/10/2026 13:10:48,System.Runtime,dotnet.timer.count ({timer}),Metric,3
09/10/2026 13:10:48,System.Runtime,dotnet.thread_pool.queue.length ({work_item} / 1 sec),Rate,0
09/10/2026 13:10:48,System.Runtime,dotnet.jit.compiled_methods ({method} / 1 sec),Rate,2
09/10/2026 13:10:48,System.Runtime,dotnet.jit.compiled_il.size (By / 1 sec),Rate,44
09/10/2026 13:10:48,System.Runtime,dotnet.gc.last_collection.heap.fragmentation.size (By)[gc.heap.generation=loh],Metric,0
09/10/2026 13:10:48,System.Runtime,dotnet.gc.last_collection.heap.fragmentation.size (By)[gc.heap.generation=gen0],Metric,0
09/10/2026 13:10:48,System.Runtime,dotnet.gc.last_collection.heap.fragmentation.size (By)[gc.heap.generation=poh],Metric,0
09/10/2026 13:10:48,System.Runtime,dotnet.gc.last_collection.heap.fragmentation.size (By)[gc.heap.generation=gen1],Metric,0
09/10/2026 13:10:48,System.Runtime,dotnet.gc.last_collection.heap.fragmentation.size (By)[gc.heap.generation=gen2],Metric,0
09/10/2026 13:10:49,System.Runtime,dotnet.assembly.count ({assembly}),Metric,61
09/10/2026 13:10:49,System.Runtime,dotnet.gc.last_collection.heap.size (By)[gc.heap.generation=loh],Metric,0
09/10/2026 13:10:49,System.Runtime,dotnet.gc.last_collection.heap.size (By)[gc.heap.generation=gen0],Metric,0
09/10/2026 13:10:49,System.Runtime,dotnet.gc.last_collection.heap.size (By)[gc.heap.generation=poh],Metric,0
09/10/2026 13:10:49,System.Runtime,dotnet.gc.last_collection.heap.size (By)[gc.heap.generation=gen1],Metric,0
09/10/2026 13:10:49,System.Runtime,dotnet.gc.last_collection.heap.size (By)[gc.heap.generation=gen2],Metric,0
09/10/2026 13:10:49,System.Runtime,dotnet.gc.pause.time (s / 1 sec),Rate,0
09/10/2026 13:10:49,System.Runtime,dotnet.gc.collections ({collection} / 1 sec)[gc.heap.generation=gen0],Rate,0
09/10/2026 13:10:49,System.Runtime,dotnet.gc.collections ({collection} / 1 sec)[gc.heap.generation=gen1],Rate,0
09/10/2026 13:10:49,System.Runtime,dotnet.gc.collections ({collection} / 1 sec)[gc.heap.generation=gen2],Rate,0
09/10/2026 13:10:49,System.Runtime,dotnet.gc.heap.total_allocated (By / 1 sec),Rate,147432
09/10/2026 13:10:49,System.Runtime,dotnet.gc.last_collection.memory.committed_size (By),Metric,0
09/10/2026 13:10:49,System.Runtime,dotnet.process.cpu.time (s / 1 sec)[cpu.mode=user],Rate,0.5669599999999999
09/10/2026 13:10:49,System.Runtime,dotnet.process.cpu.time (s / 1 sec)[cpu.mode=system],Rate,0.03590900000000008
09/10/2026 13:10:49,System.Runtime,dotnet.monitor.lock_contentions ({contention} / 1 sec),Rate,0
09/10/2026 13:10:49,System.Runtime,dotnet.thread_pool.thread.count ({thread} / 1 sec),Rate,0
09/10/2026 13:10:49,System.Runtime,dotnet.process.memory.working_set (By),Metric,77889536
09/10/2026 13:10:49,System.Runtime,dotnet.process.cpu.count ({cpu}),Metric,15
09/10/2026 13:10:49,System.Runtime,dotnet.thread_pool.work_item.count ({work_item} / 1 sec),Rate,601
09/10/2026 13:10:49,System.Runtime,dotnet.jit.compilation.time (s / 1 sec),Rate,0.0015680000000000138
09/10/2026 13:10:49,System.Runtime,dotnet.timer.count ({timer}),Metric,3
09/10/2026 13:10:49,System.Runtime,dotnet.thread_pool.queue.length ({work_item} / 1 sec),Rate,0
09/10/2026 13:10:49,System.Runtime,dotnet.jit.compiled_methods ({method} / 1 sec),Rate,13
09/10/2026 13:10:49,System.Runtime,dotnet.jit.compiled_il.size (By / 1 sec),Rate,1049
09/10/2026 13:10:49,System.Runtime,dotnet.gc.last_collection.heap.fragmentation.size (By)[gc.heap.generation=loh],Metric,0
09/10/2026 13:10:49,System.Runtime,dotnet.gc.last_collection.heap.fragmentation.size (By)[gc.heap.generation=gen0],Metric,0
09/10/2026 13:10:49,System.Runtime,dotnet.gc.last_collection.heap.fragmentation.size (By)[gc.heap.generation=poh],Metric,0
09/10/2026 13:10:49,System.Runtime,dotnet.gc.last_collection.heap.fragmentation.size (By)[gc.heap.generation=gen1],Metric,0
09/10/2026 13:10:49,System.Runtime,dotnet.gc.last_collection.heap.fragmentation.size (By)[gc.heap.generation=gen2],Metric,0
09/10/2026 13:10:50,System.Runtime,dotnet.assembly.count ({assembly}),Metric,61
09/10/2026 13:10:50,System.Runtime,dotnet.gc.last_collection.heap.size (By)[gc.heap.generation=loh],Metric,0
09/10/2026 13:10:50,System.Runtime,dotnet.gc.last_collection.heap.size (By)[gc.heap.generation=gen0],Metric,0
09/10/2026 13:10:50,System.Runtime,dotnet.gc.last_collection.heap.size (By)[gc.heap.generation=poh],Metric,0
09/10/2026 13:10:50,System.Runtime,dotnet.gc.last_collection.heap.size (By)[gc.heap.generation=gen1],Metric,0
09/10/2026 13:10:50,System.Runtime,dotnet.gc.last_collection.heap.size (By)[gc.heap.generation=gen2],Metric,0
09/10/2026 13:10:50,System.Runtime,dotnet.gc.pause.time (s / 1 sec),Rate,0
09/10/2026 13:10:50,System.Runtime,dotnet.gc.collections ({collection} / 1 sec)[gc.heap.generation=gen0],Rate,0
09/10/2026 13:10:50,System.Runtime,dotnet.gc.collections ({collection} / 1 sec)[gc.heap.generation=gen1],Rate,0
09/10/2026 13:10:50,System.Runtime,dotnet.gc.collections ({collection} / 1 sec)[gc.heap.generation=gen2],Rate,0
09/10/2026 13:10:50,System.Runtime,dotnet.gc.heap.total_allocated (By / 1 sec),Rate,131200
09/10/2026 13:10:50,System.Runtime,dotnet.gc.last_collection.memory.committed_size (By),Metric,0
09/10/2026 13:10:50,System.Runtime,dotnet.process.cpu.time (s / 1 sec)[cpu.mode=user],Rate,0.5727479999999989
09/10/2026 13:10:50,System.Runtime,dotnet.process.cpu.time (s / 1 sec)[cpu.mode=system],Rate,0.033598999999999934
09/10/2026 13:10:50,System.Runtime,dotnet.monitor.lock_contentions ({contention} / 1 sec),Rate,0
09/10/2026 13:10:50,System.Runtime,dotnet.thread_pool.thread.count ({thread} / 1 sec),Rate,0
09/10/2026 13:10:50,System.Runtime,dotnet.process.memory.working_set (By),Metric,78036992
09/10/2026 13:10:50,System.Runtime,dotnet.process.cpu.count ({cpu}),Metric,15
09/10/2026 13:10:50,System.Runtime,dotnet.thread_pool.work_item.count ({work_item} / 1 sec),Rate,601
09/10/2026 13:10:50,System.Runtime,dotnet.jit.compilation.time (s / 1 sec),Rate,0.0032808999999999755
09/10/2026 13:10:50,System.Runtime,dotnet.timer.count ({timer}),Metric,3
09/10/2026 13:10:50,System.Runtime,dotnet.thread_pool.queue.length ({work_item} / 1 sec),Rate,0
09/10/2026 13:10:50,System.Runtime,dotnet.jit.compiled_methods ({method} / 1 sec),Rate,13
09/10/2026 13:10:50,System.Runtime,dotnet.jit.compiled_il.size (By / 1 sec),Rate,1216
09/10/2026 13:10:50,System.Runtime,dotnet.gc.last_collection.heap.fragmentation.size (By)[gc.heap.generation=loh],Metric,0
09/10/2026 13:10:50,System.Runtime,dotnet.gc.last_collection.heap.fragmentation.size (By)[gc.heap.generation=gen0],Metric,0
09/10/2026 13:10:50,System.Runtime,dotnet.gc.last_collection.heap.fragmentation.size (By)[gc.heap.generation=poh],Metric,0
09/10/2026 13:10:50,System.Runtime,dotnet.gc.last_collection.heap.fragmentation.size (By)[gc.heap.generation=gen1],Metric,0
09/10/2026 13:10:50,System.Runtime,dotnet.gc.last_collection.heap.fragmentation.size (By)[gc.heap.generation=gen2],Metric,0
09/10/2026 13:10:51,System.Runtime,dotnet.assembly.count ({assembly}),Metric,61
09/10/2026 13:10:51,System.Runtime,dotnet.gc.last_collection.heap.size (By)[gc.heap.generation=loh],Metric,0
09/10/2026 13:10:51,System.Runtime,dotnet.gc.last_collection.heap.size (By)[gc.heap.generation=gen0],Metric,0
09/10/2026 13:10:51,System.Runtime,dotnet.gc.last_collection.heap.size (By)[gc.heap.generation=poh],Metric,0
09/10/2026 13:10:51,System.Runtime,dotnet.gc.last_collection.heap.size (By)[gc.heap.generation=gen1],Metric,0
09/10/2026 13:10:51,System.Runtime,dotnet.gc.last_collection.heap.size (By)[gc.heap.generation=gen2],Metric,0
09/10/2026 13:10:51,System.Runtime,dotnet.gc.pause.time (s / 1 sec),Rate,0
09/10/2026 13:10:51,System.Runtime,dotnet.gc.collections ({collection} / 1 sec)[gc.heap.generation=gen0],Rate,0
09/10/2026 13:10:51,System.Runtime,dotnet.gc.collections ({collection} / 1 sec)[gc.heap.generation=gen1],Rate,0
09/10/2026 13:10:51,System.Runtime,dotnet.gc.collections ({collection} / 1 sec)[gc.heap.generation=gen2],Rate,0
09/10/2026 13:10:51,System.Runtime,dotnet.gc.heap.total_allocated (By / 1 sec),Rate,121976
09/10/2026 13:10:51,System.Runtime,dotnet.gc.last_collection.memory.committed_size (By),Metric,0
09/10/2026 13:10:51,System.Runtime,dotnet.process.cpu.time (s / 1 sec)[cpu.mode=user],Rate,0.5697219999999987
09/10/2026 13:10:51,System.Runtime,dotnet.process.cpu.time (s / 1 sec)[cpu.mode=system],Rate,0.03567799999999999
09/10/2026 13:10:51,System.Runtime,dotnet.monitor.lock_contentions ({contention} / 1 sec),Rate,0
09/10/2026 13:10:51,System.Runtime,dotnet.thread_pool.thread.count ({thread} / 1 sec),Rate,0
09/10/2026 13:10:51,System.Runtime,dotnet.process.memory.working_set (By),Metric,78184448
09/10/2026 13:10:51,System.Runtime,dotnet.process.cpu.count ({cpu}),Metric,15
09/10/2026 13:10:51,System.Runtime,dotnet.thread_pool.work_item.count ({work_item} / 1 sec),Rate,601
09/10/2026 13:10:51,System.Runtime,dotnet.jit.compilation.time (s / 1 sec),Rate,0.00048610000000004483
09/10/2026 13:10:51,System.Runtime,dotnet.timer.count ({timer}),Metric,3
09/10/2026 13:10:51,System.Runtime,dotnet.thread_pool.queue.length ({work_item} / 1 sec),Rate,0
09/10/2026 13:10:51,System.Runtime,dotnet.jit.compiled_methods ({method} / 1 sec),Rate,2
09/10/2026 13:10:51,System.Runtime,dotnet.jit.compiled_il.size (By / 1 sec),Rate,48
09/10/2026 13:10:51,System.Runtime,dotnet.gc.last_collection.heap.fragmentation.size (By)[gc.heap.generation=loh],Metric,0
09/10/2026 13:10:51,System.Runtime,dotnet.gc.last_collection.heap.fragmentation.size (By)[gc.heap.generation=gen0],Metric,0
09/10/2026 13:10:51,System.Runtime,dotnet.gc.last_collection.heap.fragmentation.size (By)[gc.heap.generation=poh],Metric,0
09/10/2026 13:10:51,System.Runtime,dotnet.gc.last_collection.heap.fragmentation.size (By)[gc.heap.generation=gen1],Metric,0
09/10/2026 13:10:51,System.Runtime,dotnet.gc.last_collection.heap.fragmentation.size (By)[gc.heap.generation=gen2],Metric,0
09/10/2026 13:10:52,System.Runtime,dotnet.assembly.count ({assembly}),Metric,61
09/10/2026 13:10:52,System.Runtime,dotnet.gc.last_collection.heap.size (By)[gc.heap.generation=loh],Metric,0
09/10/2026 13:10:52,System.Runtime,dotnet.gc.last_collection.heap.size (By)[gc.heap.generation=gen0],Metric,0
09/10/2026 13:10:52,System.Runtime,dotnet.gc.last_collection.heap.size (By)[gc.heap.generation=poh],Metric,0
09/10/2026 13:10:52,System.Runtime,dotnet.gc.last_collection.heap.size (By)[gc.heap.generation=gen1],Metric,0
09/10/2026 13:10:52,System.Runtime,dotnet.gc.last_collection.heap.size (By)[gc.heap.generation=gen2],Metric,0
09/10/2026 13:10:52,System.Runtime,dotnet.gc.pause.time (s / 1 sec),Rate,0
09/10/2026 13:10:52,System.Runtime,dotnet.gc.collections ({collection} / 1 sec)[gc.heap.generation=gen0],Rate,0
09/10/2026 13:10:52,System.Runtime,dotnet.gc.collections ({collection} / 1 sec)[gc.heap.generation=gen1],Rate,0
09/10/2026 13:10:52,System.Runtime,dotnet.gc.collections ({collection} / 1 sec)[gc.heap.generation=gen2],Rate,0
09/10/2026 13:10:52,System.Runtime,dotnet.gc.heap.total_allocated (By / 1 sec),Rate,148640
09/10/2026 13:10:52,System.Runtime,dotnet.gc.last_collection.memory.committed_size (By),Metric,0
09/10/2026 13:10:52,System.Runtime,dotnet.process.cpu.time (s / 1 sec)[cpu.mode=user],Rate,0.5692960000000014
09/10/2026 13:10:52,System.Runtime,dotnet.process.cpu.time (s / 1 sec)[cpu.mode=system],Rate,0.034748
09/10/2026 13:10:52,System.Runtime,dotnet.monitor.lock_contentions ({contention} / 1 sec),Rate,0
09/10/2026 13:10:52,System.Runtime,dotnet.thread_pool.thread.count ({thread} / 1 sec),Rate,-1
09/10/2026 13:10:52,System.Runtime,dotnet.process.memory.working_set (By),Metric,78331904
09/10/2026 13:10:52,System.Runtime,dotnet.process.cpu.count ({cpu}),Metric,15
09/10/2026 13:10:52,System.Runtime,dotnet.thread_pool.work_item.count ({work_item} / 1 sec),Rate,599
09/10/2026 13:10:52,System.Runtime,dotnet.jit.compilation.time (s / 1 sec),Rate,0.0013716999999999757
09/10/2026 13:10:52,System.Runtime,dotnet.timer.count ({timer}),Metric,2
09/10/2026 13:10:52,System.Runtime,dotnet.thread_pool.queue.length ({work_item} / 1 sec),Rate,0
09/10/2026 13:10:52,System.Runtime,dotnet.jit.compiled_methods ({method} / 1 sec),Rate,9
09/10/2026 13:10:52,System.Runtime,dotnet.jit.compiled_il.size (By / 1 sec),Rate,497
09/10/2026 13:10:52,System.Runtime,dotnet.gc.last_collection.heap.fragmentation.size (By)[gc.heap.generation=loh],Metric,0
09/10/2026 13:10:52,System.Runtime,dotnet.gc.last_collection.heap.fragmentation.size (By)[gc.heap.generation=gen0],Metric,0
09/10/2026 13:10:52,System.Runtime,dotnet.gc.last_collection.heap.fragmentation.size (By)[gc.heap.generation=poh],Metric,0
09/10/2026 13:10:52,System.Runtime,dotnet.gc.last_collection.heap.fragmentation.size (By)[gc.heap.generation=gen1],Metric,0
09/10/2026 13:10:52,System.Runtime,dotnet.gc.last_collection.heap.fragmentation.size (By)[gc.heap.generation=gen2],Metric,0
09/10/2026 13:10:53,System.Runtime,dotnet.assembly.count ({assembly}),Metric,61
09/10/2026 13:10:53,System.Runtime,dotnet.gc.last_collection.heap.size (By)[gc.heap.generation=loh],Metric,0
09/10/2026 13:10:53,System.Runtime,dotnet.gc.last_collection.heap.size (By)[gc.heap.generation=gen0],Metric,0
09/10/2026 13:10:53,System.Runtime,dotnet.gc.last_collection.heap.size (By)[gc.heap.generation=poh],Metric,0
09/10/2026 13:10:53,System.Runtime,dotnet.gc.last_collection.heap.size (By)[gc.heap.generation=gen1],Metric,0
09/10/2026 13:10:53,System.Runtime,dotnet.gc.last_collection.heap.size (By)[gc.heap.generation=gen2],Metric,0
09/10/2026 13:10:53,System.Runtime,dotnet.gc.pause.time (s / 1 sec),Rate,0
09/10/2026 13:10:53,System.Runtime,dotnet.gc.collections ({collection} / 1 sec)[gc.heap.generation=gen0],Rate,0
09/10/2026 13:10:53,System.Runtime,dotnet.gc.collections ({collection} / 1 sec)[gc.heap.generation=gen1],Rate,0
09/10/2026 13:10:53,System.Runtime,dotnet.gc.collections ({collection} / 1 sec)[gc.heap.generation=gen2],Rate,0
09/10/2026 13:10:53,System.Runtime,dotnet.gc.heap.total_allocated (By / 1 sec),Rate,131200
09/10/2026 13:10:53,System.Runtime,dotnet.gc.last_collection.memory.committed_size (By),Metric,0
09/10/2026 13:10:53,System.Runtime,dotnet.process.cpu.time (s / 1 sec)[cpu.mode=user],Rate,0.5663540000000005
09/10/2026 13:10:53,System.Runtime,dotnet.process.cpu.time (s / 1 sec)[cpu.mode=system],Rate,0.036488999999999994
09/10/2026 13:10:53,System.Runtime,dotnet.monitor.lock_contentions ({contention} / 1 sec),Rate,0
09/10/2026 13:10:53,System.Runtime,dotnet.thread_pool.thread.count ({thread} / 1 sec),Rate,0
09/10/2026 13:10:53,System.Runtime,dotnet.process.memory.working_set (By),Metric,78462976
09/10/2026 13:10:53,System.Runtime,dotnet.process.cpu.count ({cpu}),Metric,15
09/10/2026 13:10:53,System.Runtime,dotnet.thread_pool.work_item.count ({work_item} / 1 sec),Rate,604
09/10/2026 13:10:53,System.Runtime,dotnet.jit.compilation.time (s / 1 sec),Rate,0.00033359999999998946
09/10/2026 13:10:53,System.Runtime,dotnet.timer.count ({timer}),Metric,3
09/10/2026 13:10:53,System.Runtime,dotnet.thread_pool.queue.length ({work_item} / 1 sec),Rate,0
09/10/2026 13:10:53,System.Runtime,dotnet.jit.compiled_methods ({method} / 1 sec),Rate,2
09/10/2026 13:10:53,System.Runtime,dotnet.jit.compiled_il.size (By / 1 sec),Rate,98
09/10/2026 13:10:53,System.Runtime,dotnet.gc.last_collection.heap.fragmentation.size (By)[gc.heap.generation=loh],Metric,0
09/10/2026 13:10:53,System.Runtime,dotnet.gc.last_collection.heap.fragmentation.size (By)[gc.heap.generation=gen0],Metric,0
09/10/2026 13:10:53,System.Runtime,dotnet.gc.last_collection.heap.fragmentation.size (By)[gc.heap.generation=poh],Metric,0
09/10/2026 13:10:53,System.Runtime,dotnet.gc.last_collection.heap.fragmentation.size (By)[gc.heap.generation=gen1],Metric,0
09/10/2026 13:10:53,System.Runtime,dotnet.gc.last_collection.heap.fragmentation.size (By)[gc.heap.generation=gen2],Metric,0
09/10/2026 13:10:54,System.Runtime,dotnet.assembly.count ({assembly}),Metric,61
09/10/2026 13:10:54,System.Runtime,dotnet.gc.last_collection.heap.size (By)[gc.heap.generation=loh],Metric,0
09/10/2026 13:10:54,System.Runtime,dotnet.gc.last_collection.heap.size (By)[gc.heap.generation=gen0],Metric,0
09/10/2026 13:10:54,System.Runtime,dotnet.gc.last_collection.heap.size (By)[gc.heap.generation=poh],Metric,0
09/10/2026 13:10:54,System.Runtime,dotnet.gc.last_collection.heap.size (By)[gc.heap.generation=gen1],Metric,0
09/10/2026 13:10:54,System.Runtime,dotnet.gc.last_collection.heap.size (By)[gc.heap.generation=gen2],Metric,0
09/10/2026 13:10:54,System.Runtime,dotnet.gc.pause.time (s / 1 sec),Rate,0
09/10/2026 13:10:54,System.Runtime,dotnet.gc.collections ({collection} / 1 sec)[gc.heap.generation=gen0],Rate,0
09/10/2026 13:10:54,System.Runtime,dotnet.gc.collections ({collection} / 1 sec)[gc.heap.generation=gen1],Rate,0
09/10/2026 13:10:54,System.Runtime,dotnet.gc.collections ({collection} / 1 sec)[gc.heap.generation=gen2],Rate,0
09/10/2026 13:10:54,System.Runtime,dotnet.gc.heap.total_allocated (By / 1 sec),Rate,139368
09/10/2026 13:10:54,System.Runtime,dotnet.gc.last_collection.memory.committed_size (By),Metric,0
09/10/2026 13:10:54,System.Runtime,dotnet.process.cpu.time (s / 1 sec)[cpu.mode=user],Rate,0.569824999999998
09/10/2026 13:10:54,System.Runtime,dotnet.process.cpu.time (s / 1 sec)[cpu.mode=system],Rate,0.03456400000000004
09/10/2026 13:10:54,System.Runtime,dotnet.monitor.lock_contentions ({contention} / 1 sec),Rate,0
09/10/2026 13:10:54,System.Runtime,dotnet.thread_pool.thread.count ({thread} / 1 sec),Rate,0
09/10/2026 13:10:54,System.Runtime,dotnet.process.memory.working_set (By),Metric,78626816
09/10/2026 13:10:54,System.Runtime,dotnet.process.cpu.count ({cpu}),Metric,15
09/10/2026 13:10:54,System.Runtime,dotnet.thread_pool.work_item.count ({work_item} / 1 sec),Rate,601
09/10/2026 13:10:54,System.Runtime,dotnet.jit.compilation.time (s / 1 sec),Rate,0.0019995999999999903
09/10/2026 13:10:54,System.Runtime,dotnet.timer.count ({timer}),Metric,3
09/10/2026 13:10:54,System.Runtime,dotnet.thread_pool.queue.length ({work_item} / 1 sec),Rate,0
09/10/2026 13:10:54,System.Runtime,dotnet.jit.compiled_methods ({method} / 1 sec),Rate,7
09/10/2026 13:10:54,System.Runtime,dotnet.jit.compiled_il.size (By / 1 sec),Rate,376
09/10/2026 13:10:54,System.Runtime,dotnet.gc.last_collection.heap.fragmentation.size (By)[gc.heap.generation=loh],Metric,0
09/10/2026 13:10:54,System.Runtime,dotnet.gc.last_collection.heap.fragmentation.size (By)[gc.heap.generation=gen0],Metric,0
09/10/2026 13:10:54,System.Runtime,dotnet.gc.last_collection.heap.fragmentation.size (By)[gc.heap.generation=poh],Metric,0
09/10/2026 13:10:54,System.Runtime,dotnet.gc.last_collection.heap.fragmentation.size (By)[gc.heap.generation=gen1],Metric,0
09/10/2026 13:10:54,System.Runtime,dotnet.gc.last_collection.heap.fragmentation.size (By)[gc.heap.generation=gen2],Metric,0
09/10/2026 13:10:55,System.Runtime,dotnet.assembly.count ({assembly}),Metric,61
09/10/2026 13:10:55,System.Runtime,dotnet.gc.last_collection.heap.size (By)[gc.heap.generation=loh],Metric,0
09/10/2026 13:10:55,System.Runtime,dotnet.gc.last_collection.heap.size (By)[gc.heap.generation=gen0],Metric,0
09/10/2026 13:10:55,System.Runtime,dotnet.gc.last_collection.heap.size (By)[gc.heap.generation=poh],Metric,0
09/10/2026 13:10:55,System.Runtime,dotnet.gc.last_collection.heap.size (By)[gc.heap.generation=gen1],Metric,0
09/10/2026 13:10:55,System.Runtime,dotnet.gc.last_collection.heap.size (By)[gc.heap.generation=gen2],Metric,0
09/10/2026 13:10:55,System.Runtime,dotnet.gc.pause.time (s / 1 sec),Rate,0
09/10/2026 13:10:55,System.Runtime,dotnet.gc.collections ({collection} / 1 sec)[gc.heap.generation=gen0],Rate,0
09/10/2026 13:10:55,System.Runtime,dotnet.gc.collections ({collection} / 1 sec)[gc.heap.generation=gen1],Rate,0
09/10/2026 13:10:55,System.Runtime,dotnet.gc.collections ({collection} / 1 sec)[gc.heap.generation=gen2],Rate,0
09/10/2026 13:10:55,System.Runtime,dotnet.gc.heap.total_allocated (By / 1 sec),Rate,131200
09/10/2026 13:10:55,System.Runtime,dotnet.gc.last_collection.memory.committed_size (By),Metric,0
09/10/2026 13:10:55,System.Runtime,dotnet.process.cpu.time (s / 1 sec)[cpu.mode=user],Rate,0.5687270000000026
09/10/2026 13:10:55,System.Runtime,dotnet.process.cpu.time (s / 1 sec)[cpu.mode=system],Rate,0.03287399999999996
09/10/2026 13:10:55,System.Runtime,dotnet.monitor.lock_contentions ({contention} / 1 sec),Rate,0
09/10/2026 13:10:55,System.Runtime,dotnet.thread_pool.thread.count ({thread} / 1 sec),Rate,0
09/10/2026 13:10:55,System.Runtime,dotnet.process.memory.working_set (By),Metric,78774272
09/10/2026 13:10:55,System.Runtime,dotnet.process.cpu.count ({cpu}),Metric,15
09/10/2026 13:10:55,System.Runtime,dotnet.thread_pool.work_item.count ({work_item} / 1 sec),Rate,601
09/10/2026 13:10:55,System.Runtime,dotnet.jit.compilation.time (s / 1 sec),Rate,0
09/10/2026 13:10:55,System.Runtime,dotnet.timer.count ({timer}),Metric,3
09/10/2026 13:10:55,System.Runtime,dotnet.thread_pool.queue.length ({work_item} / 1 sec),Rate,0
09/10/2026 13:10:55,System.Runtime,dotnet.jit.compiled_methods ({method} / 1 sec),Rate,0
09/10/2026 13:10:55,System.Runtime,dotnet.jit.compiled_il.size (By / 1 sec),Rate,0
09/10/2026 13:10:55,System.Runtime,dotnet.gc.last_collection.heap.fragmentation.size (By)[gc.heap.generation=loh],Metric,0
09/10/2026 13:10:55,System.Runtime,dotnet.gc.last_collection.heap.fragmentation.size (By)[gc.heap.generation=gen0],Metric,0
09/10/2026 13:10:55,System.Runtime,dotnet.gc.last_collection.heap.fragmentation.size (By)[gc.heap.generation=poh],Metric,0
09/10/2026 13:10:55,System.Runtime,dotnet.gc.last_collection.heap.fragmentation.size (By)[gc.heap.generation=gen1],Metric,0
09/10/2026 13:10:55,System.Runtime,dotnet.gc.last_collection.heap.fragmentation.size (By)[gc.heap.generation=gen2],Metric,0
09/10/2026 13:10:56,System.Runtime,dotnet.assembly.count ({assembly}),Metric,61
09/10/2026 13:10:56,System.Runtime,dotnet.gc.last_collection.heap.size (By)[gc.heap.generation=loh],Metric,0
09/10/2026 13:10:56,System.Runtime,dotnet.gc.last_collection.heap.size (By)[gc.heap.generation=gen0],Metric,0
09/10/2026 13:10:56,System.Runtime,dotnet.gc.last_collection.heap.size (By)[gc.heap.generation=poh],Metric,0
09/10/2026 13:10:56,System.Runtime,dotnet.gc.last_collection.heap.size (By)[gc.heap.generation=gen1],Metric,0
09/10/2026 13:10:56,System.Runtime,dotnet.gc.last_collection.heap.size (By)[gc.heap.generation=gen2],Metric,0
09/10/2026 13:10:56,System.Runtime,dotnet.gc.pause.time (s / 1 sec),Rate,0
09/10/2026 13:10:56,System.Runtime,dotnet.gc.collections ({collection} / 1 sec)[gc.heap.generation=gen0],Rate,0
09/10/2026 13:10:56,System.Runtime,dotnet.gc.collections ({collection} / 1 sec)[gc.heap.generation=gen1],Rate,0
09/10/2026 13:10:56,System.Runtime,dotnet.gc.collections ({collection} / 1 sec)[gc.heap.generation=gen2],Rate,0
09/10/2026 13:10:56,System.Runtime,dotnet.gc.heap.total_allocated (By / 1 sec),Rate,131336
09/10/2026 13:10:56,System.Runtime,dotnet.gc.last_collection.memory.committed_size (By),Metric,0
09/10/2026 13:10:56,System.Runtime,dotnet.process.cpu.time (s / 1 sec)[cpu.mode=user],Rate,0.5668070000000007
09/10/2026 13:10:56,System.Runtime,dotnet.process.cpu.time (s / 1 sec)[cpu.mode=system],Rate,0.03429700000000002
09/10/2026 13:10:56,System.Runtime,dotnet.monitor.lock_contentions ({contention} / 1 sec),Rate,0
09/10/2026 13:10:56,System.Runtime,dotnet.thread_pool.thread.count ({thread} / 1 sec),Rate,0
09/10/2026 13:10:56,System.Runtime,dotnet.process.memory.working_set (By),Metric,78921728
09/10/2026 13:10:56,System.Runtime,dotnet.process.cpu.count ({cpu}),Metric,15
09/10/2026 13:10:56,System.Runtime,dotnet.thread_pool.work_item.count ({work_item} / 1 sec),Rate,601
09/10/2026 13:10:56,System.Runtime,dotnet.jit.compilation.time (s / 1 sec),Rate,0
09/10/2026 13:10:56,System.Runtime,dotnet.timer.count ({timer}),Metric,3
09/10/2026 13:10:56,System.Runtime,dotnet.thread_pool.queue.length ({work_item} / 1 sec),Rate,0
09/10/2026 13:10:56,System.Runtime,dotnet.jit.compiled_methods ({method} / 1 sec),Rate,0
09/10/2026 13:10:56,System.Runtime,dotnet.jit.compiled_il.size (By / 1 sec),Rate,0
09/10/2026 13:10:56,System.Runtime,dotnet.gc.last_collection.heap.fragmentation.size (By)[gc.heap.generation=loh],Metric,0
09/10/2026 13:10:56,System.Runtime,dotnet.gc.last_collection.heap.fragmentation.size (By)[gc.heap.generation=gen0],Metric,0
09/10/2026 13:10:56,System.Runtime,dotnet.gc.last_collection.heap.fragmentation.size (By)[gc.heap.generation=poh],Metric,0
09/10/2026 13:10:56,System.Runtime,dotnet.gc.last_collection.heap.fragmentation.size (By)[gc.heap.generation=gen1],Metric,0
09/10/2026 13:10:56,System.Runtime,dotnet.gc.last_collection.heap.fragmentation.size (By)[gc.heap.generation=gen2],Metric,0
09/10/2026 13:10:57,System.Runtime,dotnet.assembly.count ({assembly}),Metric,61
09/10/2026 13:10:57,System.Runtime,dotnet.gc.last_collection.heap.size (By)[gc.heap.generation=loh],Metric,0
09/10/2026 13:10:57,System.Runtime,dotnet.gc.last_collection.heap.size (By)[gc.heap.generation=gen0],Metric,0
09/10/2026 13:10:57,System.Runtime,dotnet.gc.last_collection.heap.size (By)[gc.heap.generation=poh],Metric,0
09/10/2026 13:10:57,System.Runtime,dotnet.gc.last_collection.heap.size (By)[gc.heap.generation=gen1],Metric,0
09/10/2026 13:10:57,System.Runtime,dotnet.gc.last_collection.heap.size (By)[gc.heap.generation=gen2],Metric,0
09/10/2026 13:10:57,System.Runtime,dotnet.gc.pause.time (s / 1 sec),Rate,0
09/10/2026 13:10:57,System.Runtime,dotnet.gc.collections ({collection} / 1 sec)[gc.heap.generation=gen0],Rate,0
09/10/2026 13:10:57,System.Runtime,dotnet.gc.collections ({collection} / 1 sec)[gc.heap.generation=gen1],Rate,0
09/10/2026 13:10:57,System.Runtime,dotnet.gc.collections ({collection} / 1 sec)[gc.heap.generation=gen2],Rate,0
09/10/2026 13:10:57,System.Runtime,dotnet.gc.heap.total_allocated (By / 1 sec),Rate,154768
09/10/2026 13:10:57,System.Runtime,dotnet.gc.last_collection.memory.committed_size (By),Metric,0
09/10/2026 13:10:57,System.Runtime,dotnet.process.cpu.time (s / 1 sec)[cpu.mode=user],Rate,0.5701830000000001
09/10/2026 13:10:57,System.Runtime,dotnet.process.cpu.time (s / 1 sec)[cpu.mode=system],Rate,0.034977999999999954
09/10/2026 13:10:57,System.Runtime,dotnet.monitor.lock_contentions ({contention} / 1 sec),Rate,0
09/10/2026 13:10:57,System.Runtime,dotnet.thread_pool.thread.count ({thread} / 1 sec),Rate,0
09/10/2026 13:10:57,System.Runtime,dotnet.process.memory.working_set (By),Metric,79118336
09/10/2026 13:10:57,System.Runtime,dotnet.process.cpu.count ({cpu}),Metric,15
09/10/2026 13:10:57,System.Runtime,dotnet.thread_pool.work_item.count ({work_item} / 1 sec),Rate,602
09/10/2026 13:10:57,System.Runtime,dotnet.jit.compilation.time (s / 1 sec),Rate,0.0024145000000000416
09/10/2026 13:10:57,System.Runtime,dotnet.timer.count ({timer}),Metric,3
09/10/2026 13:10:57,System.Runtime,dotnet.thread_pool.queue.length ({work_item} / 1 sec),Rate,0
09/10/2026 13:10:57,System.Runtime,dotnet.jit.compiled_methods ({method} / 1 sec),Rate,9
09/10/2026 13:10:57,System.Runtime,dotnet.jit.compiled_il.size (By / 1 sec),Rate,1937
09/10/2026 13:10:57,System.Runtime,dotnet.gc.last_collection.heap.fragmentation.size (By)[gc.heap.generation=loh],Metric,0
09/10/2026 13:10:57,System.Runtime,dotnet.gc.last_collection.heap.fragmentation.size (By)[gc.heap.generation=gen0],Metric,0
09/10/2026 13:10:57,System.Runtime,dotnet.gc.last_collection.heap.fragmentation.size (By)[gc.heap.generation=poh],Metric,0
09/10/2026 13:10:57,System.Runtime,dotnet.gc.last_collection.heap.fragmentation.size (By)[gc.heap.generation=gen1],Metric,0
09/10/2026 13:10:57,System.Runtime,dotnet.gc.last_collection.heap.fragmentation.size (By)[gc.heap.generation=gen2],Metric,0
09/10/2026 13:10:58,System.Runtime,dotnet.assembly.count ({assembly}),Metric,61
09/10/2026 13:10:58,System.Runtime,dotnet.gc.last_collection.heap.size (By)[gc.heap.generation=loh],Metric,0
09/10/2026 13:10:58,System.Runtime,dotnet.gc.last_collection.heap.size (By)[gc.heap.generation=gen0],Metric,0
09/10/2026 13:10:58,System.Runtime,dotnet.gc.last_collection.heap.size (By)[gc.heap.generation=poh],Metric,0
09/10/2026 13:10:58,System.Runtime,dotnet.gc.last_collection.heap.size (By)[gc.heap.generation=gen1],Metric,0
09/10/2026 13:10:58,System.Runtime,dotnet.gc.last_collection.heap.size (By)[gc.heap.generation=gen2],Metric,0
09/10/2026 13:10:58,System.Runtime,dotnet.gc.pause.time (s / 1 sec),Rate,0
09/10/2026 13:10:58,System.Runtime,dotnet.gc.collections ({collection} / 1 sec)[gc.heap.generation=gen0],Rate,0
09/10/2026 13:10:58,System.Runtime,dotnet.gc.collections ({collection} / 1 sec)[gc.heap.generation=gen1],Rate,0
09/10/2026 13:10:58,System.Runtime,dotnet.gc.collections ({collection} / 1 sec)[gc.heap.generation=gen2],Rate,0
09/10/2026 13:10:58,System.Runtime,dotnet.gc.heap.total_allocated (By / 1 sec),Rate,116984
09/10/2026 13:10:58,System.Runtime,dotnet.gc.last_collection.memory.committed_size (By),Metric,0
09/10/2026 13:10:58,System.Runtime,dotnet.process.cpu.time (s / 1 sec)[cpu.mode=user],Rate,0.5673239999999993
09/10/2026 13:10:58,System.Runtime,dotnet.process.cpu.time (s / 1 sec)[cpu.mode=system],Rate,0.03640100000000013
09/10/2026 13:10:58,System.Runtime,dotnet.monitor.lock_contentions ({contention} / 1 sec),Rate,0
09/10/2026 13:10:58,System.Runtime,dotnet.thread_pool.thread.count ({thread} / 1 sec),Rate,-1
09/10/2026 13:10:58,System.Runtime,dotnet.process.memory.working_set (By),Metric,79249408
09/10/2026 13:10:58,System.Runtime,dotnet.process.cpu.count ({cpu}),Metric,15
09/10/2026 13:10:58,System.Runtime,dotnet.thread_pool.work_item.count ({work_item} / 1 sec),Rate,601
09/10/2026 13:10:58,System.Runtime,dotnet.jit.compilation.time (s / 1 sec),Rate,0
09/10/2026 13:10:58,System.Runtime,dotnet.timer.count ({timer}),Metric,3
09/10/2026 13:10:58,System.Runtime,dotnet.thread_pool.queue.length ({work_item} / 1 sec),Rate,0
09/10/2026 13:10:58,System.Runtime,dotnet.jit.compiled_methods ({method} / 1 sec),Rate,0
09/10/2026 13:10:58,System.Runtime,dotnet.jit.compiled_il.size (By / 1 sec),Rate,0
09/10/2026 13:10:58,System.Runtime,dotnet.gc.last_collection.heap.fragmentation.size (By)[gc.heap.generation=loh],Metric,0
09/10/2026 13:10:58,System.Runtime,dotnet.gc.last_collection.heap.fragmentation.size (By)[gc.heap.generation=gen0],Metric,0
09/10/2026 13:10:58,System.Runtime,dotnet.gc.last_collection.heap.fragmentation.size (By)[gc.heap.generation=poh],Metric,0
09/10/2026 13:10:58,System.Runtime,dotnet.gc.last_collection.heap.fragmentation.size (By)[gc.heap.generation=gen1],Metric,0
09/10/2026 13:10:58,System.Runtime,dotnet.gc.last_collection.heap.fragmentation.size (By)[gc.heap.generation=gen2],Metric,0
09/10/2026 13:10:59,System.Runtime,dotnet.assembly.count ({assembly}),Metric,61
09/10/2026 13:10:59,System.Runtime,dotnet.gc.last_collection.heap.size (By)[gc.heap.generation=loh],Metric,0
09/10/2026 13:10:59,System.Runtime,dotnet.gc.last_collection.heap.size (By)[gc.heap.generation=gen0],Metric,0
09/10/2026 13:10:59,System.Runtime,dotnet.gc.last_collection.heap.size (By)[gc.heap.generation=poh],Metric,0
09/10/2026 13:10:59,System.Runtime,dotnet.gc.last_collection.heap.size (By)[gc.heap.generation=gen1],Metric,0
09/10/2026 13:10:59,System.Runtime,dotnet.gc.last_collection.heap.size (By)[gc.heap.generation=gen2],Metric,0
09/10/2026 13:10:59,System.Runtime,dotnet.gc.pause.time (s / 1 sec),Rate,0
09/10/2026 13:10:59,System.Runtime,dotnet.gc.collections ({collection} / 1 sec)[gc.heap.generation=gen0],Rate,0
09/10/2026 13:10:59,System.Runtime,dotnet.gc.collections ({collection} / 1 sec)[gc.heap.generation=gen1],Rate,0
09/10/2026 13:10:59,System.Runtime,dotnet.gc.collections ({collection} / 1 sec)[gc.heap.generation=gen2],Rate,0
09/10/2026 13:10:59,System.Runtime,dotnet.gc.heap.total_allocated (By / 1 sec),Rate,138304
09/10/2026 13:10:59,System.Runtime,dotnet.gc.last_collection.memory.committed_size (By),Metric,0
09/10/2026 13:10:59,System.Runtime,dotnet.process.cpu.time (s / 1 sec)[cpu.mode=user],Rate,0.5682149999999986
09/10/2026 13:10:59,System.Runtime,dotnet.process.cpu.time (s / 1 sec)[cpu.mode=system],Rate,0.031976000000000004
09/10/2026 13:10:59,System.Runtime,dotnet.monitor.lock_contentions ({contention} / 1 sec),Rate,1
09/10/2026 13:10:59,System.Runtime,dotnet.thread_pool.thread.count ({thread} / 1 sec),Rate,0
09/10/2026 13:10:59,System.Runtime,dotnet.process.memory.working_set (By),Metric,79396864
09/10/2026 13:10:59,System.Runtime,dotnet.process.cpu.count ({cpu}),Metric,15
09/10/2026 13:10:59,System.Runtime,dotnet.thread_pool.work_item.count ({work_item} / 1 sec),Rate,601
09/10/2026 13:10:59,System.Runtime,dotnet.jit.compilation.time (s / 1 sec),Rate,0
09/10/2026 13:10:59,System.Runtime,dotnet.timer.count ({timer}),Metric,3
09/10/2026 13:10:59,System.Runtime,dotnet.thread_pool.queue.length ({work_item} / 1 sec),Rate,0
09/10/2026 13:10:59,System.Runtime,dotnet.jit.compiled_methods ({method} / 1 sec),Rate,0
09/10/2026 13:10:59,System.Runtime,dotnet.jit.compiled_il.size (By / 1 sec),Rate,0
09/10/2026 13:10:59,System.Runtime,dotnet.gc.last_collection.heap.fragmentation.size (By)[gc.heap.generation=loh],Metric,0
09/10/2026 13:10:59,System.Runtime,dotnet.gc.last_collection.heap.fragmentation.size (By)[gc.heap.generation=gen0],Metric,0
09/10/2026 13:10:59,System.Runtime,dotnet.gc.last_collection.heap.fragmentation.size (By)[gc.heap.generation=poh],Metric,0
09/10/2026 13:10:59,System.Runtime,dotnet.gc.last_collection.heap.fragmentation.size (By)[gc.heap.generation=gen1],Metric,0
09/10/2026 13:10:59,System.Runtime,dotnet.gc.last_collection.heap.fragmentation.size (By)[gc.heap.generation=gen2],Metric,0
09/10/2026 13:11:00,System.Runtime,dotnet.assembly.count ({assembly}),Metric,61
09/10/2026 13:11:00,System.Runtime,dotnet.gc.last_collection.heap.size (By)[gc.heap.generation=loh],Metric,0
09/10/2026 13:11:00,System.Runtime,dotnet.gc.last_collection.heap.size (By)[gc.heap.generation=gen0],Metric,0
09/10/2026 13:11:00,System.Runtime,dotnet.gc.last_collection.heap.size (By)[gc.heap.generation=poh],Metric,0
09/10/2026 13:11:00,System.Runtime,dotnet.gc.last_collection.heap.size (By)[gc.heap.generation=gen1],Metric,0
09/10/2026 13:11:00,System.Runtime,dotnet.gc.last_collection.heap.size (By)[gc.heap.generation=gen2],Metric,0
09/10/2026 13:11:00,System.Runtime,dotnet.gc.pause.time (s / 1 sec),Rate,0
09/10/2026 13:11:00,System.Runtime,dotnet.gc.collections ({collection} / 1 sec)[gc.heap.generation=gen0],Rate,0
09/10/2026 13:11:00,System.Runtime,dotnet.gc.collections ({collection} / 1 sec)[gc.heap.generation=gen1],Rate,0
09/10/2026 13:11:00,System.Runtime,dotnet.gc.collections ({collection} / 1 sec)[gc.heap.generation=gen2],Rate,0
09/10/2026 13:11:00,System.Runtime,dotnet.gc.heap.total_allocated (By / 1 sec),Rate,139400
09/10/2026 13:11:00,System.Runtime,dotnet.gc.last_collection.memory.committed_size (By),Metric,0
09/10/2026 13:11:00,System.Runtime,dotnet.process.cpu.time (s / 1 sec)[cpu.mode=user],Rate,0.5673570000000012
09/10/2026 13:11:00,System.Runtime,dotnet.process.cpu.time (s / 1 sec)[cpu.mode=system],Rate,0.03319099999999997
09/10/2026 13:11:00,System.Runtime,dotnet.monitor.lock_contentions ({contention} / 1 sec),Rate,0
09/10/2026 13:11:00,System.Runtime,dotnet.thread_pool.thread.count ({thread} / 1 sec),Rate,0
09/10/2026 13:11:00,System.Runtime,dotnet.process.memory.working_set (By),Metric,79560704
09/10/2026 13:11:00,System.Runtime,dotnet.process.cpu.count ({cpu}),Metric,15
09/10/2026 13:11:00,System.Runtime,dotnet.thread_pool.work_item.count ({work_item} / 1 sec),Rate,598
09/10/2026 13:11:00,System.Runtime,dotnet.jit.compilation.time (s / 1 sec),Rate,0
09/10/2026 13:11:00,System.Runtime,dotnet.timer.count ({timer}),Metric,2
09/10/2026 13:11:00,System.Runtime,dotnet.thread_pool.queue.length ({work_item} / 1 sec),Rate,0
09/10/2026 13:11:00,System.Runtime,dotnet.jit.compiled_methods ({method} / 1 sec),Rate,0
09/10/2026 13:11:00,System.Runtime,dotnet.jit.compiled_il.size (By / 1 sec),Rate,0
09/10/2026 13:11:00,System.Runtime,dotnet.gc.last_collection.heap.fragmentation.size (By)[gc.heap.generation=loh],Metric,0
09/10/2026 13:11:00,System.Runtime,dotnet.gc.last_collection.heap.fragmentation.size (By)[gc.heap.generation=gen0],Metric,0
09/10/2026 13:11:00,System.Runtime,dotnet.gc.last_collection.heap.fragmentation.size (By)[gc.heap.generation=poh],Metric,0
09/10/2026 13:11:00,System.Runtime,dotnet.gc.last_collection.heap.fragmentation.size (By)[gc.heap.generation=gen1],Metric,0
09/10/2026 13:11:00,System.Runtime,dotnet.gc.last_collection.heap.fragmentation.size (By)[gc.heap.generation=gen2],Metric,0
09/10/2026 13:11:01,System.Runtime,dotnet.assembly.count ({assembly}),Metric,61
09/10/2026 13:11:01,System.Runtime,dotnet.gc.last_collection.heap.size (By)[gc.heap.generation=loh],Metric,0
09/10/2026 13:11:01,System.Runtime,dotnet.gc.last_collection.heap.size (By)[gc.heap.generation=gen0],Metric,0
09/10/2026 13:11:01,System.Runtime,dotnet.gc.last_collection.heap.size (By)[gc.heap.generation=poh],Metric,0
09/10/2026 13:11:01,System.Runtime,dotnet.gc.last_collection.heap.size (By)[gc.heap.generation=gen1],Metric,0
09/10/2026 13:11:01,System.Runtime,dotnet.gc.last_collection.heap.size (By)[gc.heap.generation=gen2],Metric,0
09/10/2026 13:11:01,System.Runtime,dotnet.gc.pause.time (s / 1 sec),Rate,0
09/10/2026 13:11:01,System.Runtime,dotnet.gc.collections ({collection} / 1 sec)[gc.heap.generation=gen0],Rate,0
09/10/2026 13:11:01,System.Runtime,dotnet.gc.collections ({collection} / 1 sec)[gc.heap.generation=gen1],Rate,0
09/10/2026 13:11:01,System.Runtime,dotnet.gc.collections ({collection} / 1 sec)[gc.heap.generation=gen2],Rate,0
09/10/2026 13:11:01,System.Runtime,dotnet.gc.heap.total_allocated (By / 1 sec),Rate,125968
09/10/2026 13:11:01,System.Runtime,dotnet.gc.last_collection.memory.committed_size (By),Metric,0
09/10/2026 13:11:01,System.Runtime,dotnet.process.cpu.time (s / 1 sec)[cpu.mode=user],Rate,0.5664419999999986
09/10/2026 13:11:01,System.Runtime,dotnet.process.cpu.time (s / 1 sec)[cpu.mode=system],Rate,0.03517900000000007
09/10/2026 13:11:01,System.Runtime,dotnet.monitor.lock_contentions ({contention} / 1 sec),Rate,0
09/10/2026 13:11:01,System.Runtime,dotnet.thread_pool.thread.count ({thread} / 1 sec),Rate,0
09/10/2026 13:11:01,System.Runtime,dotnet.process.memory.working_set (By),Metric,79691776
09/10/2026 13:11:01,System.Runtime,dotnet.process.cpu.count ({cpu}),Metric,15
09/10/2026 13:11:01,System.Runtime,dotnet.thread_pool.work_item.count ({work_item} / 1 sec),Rate,601
09/10/2026 13:11:01,System.Runtime,dotnet.jit.compilation.time (s / 1 sec),Rate,0.00022400000000000198
09/10/2026 13:11:01,System.Runtime,dotnet.timer.count ({timer}),Metric,2
09/10/2026 13:11:01,System.Runtime,dotnet.thread_pool.queue.length ({work_item} / 1 sec),Rate,0
09/10/2026 13:11:01,System.Runtime,dotnet.jit.compiled_methods ({method} / 1 sec),Rate,1
09/10/2026 13:11:01,System.Runtime,dotnet.jit.compiled_il.size (By / 1 sec),Rate,63
09/10/2026 13:11:01,System.Runtime,dotnet.gc.last_collection.heap.fragmentation.size (By)[gc.heap.generation=loh],Metric,0
09/10/2026 13:11:01,System.Runtime,dotnet.gc.last_collection.heap.fragmentation.size (By)[gc.heap.generation=gen0],Metric,0
09/10/2026 13:11:01,System.Runtime,dotnet.gc.last_collection.heap.fragmentation.size (By)[gc.heap.generation=poh],Metric,0
09/10/2026 13:11:01,System.Runtime,dotnet.gc.last_collection.heap.fragmentation.size (By)[gc.heap.generation=gen1],Metric,0
09/10/2026 13:11:01,System.Runtime,dotnet.gc.last_collection.heap.fragmentation.size (By)[gc.heap.generation=gen2],Metric,0
09/10/2026 13:11:02,System.Runtime,dotnet.assembly.count ({assembly}),Metric,61
09/10/2026 13:11:02,System.Runtime,dotnet.gc.last_collection.heap.size (By)[gc.heap.generation=loh],Metric,0
09/10/2026 13:11:02,System.Runtime,dotnet.gc.last_collection.heap.size (By)[gc.heap.generation=gen0],Metric,0
09/10/2026 13:11:02,System.Runtime,dotnet.gc.last_collection.heap.size (By)[gc.heap.generation=poh],Metric,0
09/10/2026 13:11:02,System.Runtime,dotnet.gc.last_collection.heap.size (By)[gc.heap.generation=gen1],Metric,0
09/10/2026 13:11:02,System.Runtime,dotnet.gc.last_collection.heap.size (By)[gc.heap.generation=gen2],Metric,0
09/10/2026 13:11:02,System.Runtime,dotnet.gc.pause.time (s / 1 sec),Rate,0
09/10/2026 13:11:02,System.Runtime,dotnet.gc.collections ({collection} / 1 sec)[gc.heap.generation=gen0],Rate,0
09/10/2026 13:11:02,System.Runtime,dotnet.gc.collections ({collection} / 1 sec)[gc.heap.generation=gen1],Rate,0
09/10/2026 13:11:02,System.Runtime,dotnet.gc.collections ({collection} / 1 sec)[gc.heap.generation=gen2],Rate,0
09/10/2026 13:11:02,System.Runtime,dotnet.gc.heap.total_allocated (By / 1 sec),Rate,138376
09/10/2026 13:11:02,System.Runtime,dotnet.gc.last_collection.memory.committed_size (By),Metric,0
09/10/2026 13:11:02,System.Runtime,dotnet.process.cpu.time (s / 1 sec)[cpu.mode=user],Rate,0.572106999999999
09/10/2026 13:11:02,System.Runtime,dotnet.process.cpu.time (s / 1 sec)[cpu.mode=system],Rate,0.03429299999999991
09/10/2026 13:11:02,System.Runtime,dotnet.monitor.lock_contentions ({contention} / 1 sec),Rate,1
09/10/2026 13:11:02,System.Runtime,dotnet.thread_pool.thread.count ({thread} / 1 sec),Rate,0
09/10/2026 13:11:02,System.Runtime,dotnet.process.memory.working_set (By),Metric,79855616
09/10/2026 13:11:02,System.Runtime,dotnet.process.cpu.count ({cpu}),Metric,15
09/10/2026 13:11:02,System.Runtime,dotnet.thread_pool.work_item.count ({work_item} / 1 sec),Rate,602
09/10/2026 13:11:02,System.Runtime,dotnet.jit.compilation.time (s / 1 sec),Rate,0.004676099999999961
09/10/2026 13:11:02,System.Runtime,dotnet.timer.count ({timer}),Metric,2
09/10/2026 13:11:02,System.Runtime,dotnet.thread_pool.queue.length ({work_item} / 1 sec),Rate,0
09/10/2026 13:11:02,System.Runtime,dotnet.jit.compiled_methods ({method} / 1 sec),Rate,20
09/10/2026 13:11:02,System.Runtime,dotnet.jit.compiled_il.size (By / 1 sec),Rate,2806
09/10/2026 13:11:02,System.Runtime,dotnet.gc.last_collection.heap.fragmentation.size (By)[gc.heap.generation=loh],Metric,0
09/10/2026 13:11:02,System.Runtime,dotnet.gc.last_collection.heap.fragmentation.size (By)[gc.heap.generation=gen0],Metric,0
09/10/2026 13:11:02,System.Runtime,dotnet.gc.last_collection.heap.fragmentation.size (By)[gc.heap.generation=poh],Metric,0
09/10/2026 13:11:02,System.Runtime,dotnet.gc.last_collection.heap.fragmentation.size (By)[gc.heap.generation=gen1],Metric,0
09/10/2026 13:11:02,System.Runtime,dotnet.gc.last_collection.heap.fragmentation.size (By)[gc.heap.generation=gen2],Metric,0
09/10/2026 13:11:03,System.Runtime,dotnet.assembly.count ({assembly}),Metric,61
09/10/2026 13:11:03,System.Runtime,dotnet.gc.last_collection.heap.size (By)[gc.heap.generation=loh],Metric,0
09/10/2026 13:11:03,System.Runtime,dotnet.gc.last_collection.heap.size (By)[gc.heap.generation=gen0],Metric,0
09/10/2026 13:11:03,System.Runtime,dotnet.gc.last_collection.heap.size (By)[gc.heap.generation=poh],Metric,0
09/10/2026 13:11:03,System.Runtime,dotnet.gc.last_collection.heap.size (By)[gc.heap.generation=gen1],Metric,0
09/10/2026 13:11:03,System.Runtime,dotnet.gc.last_collection.heap.size (By)[gc.heap.generation=gen2],Metric,0
09/10/2026 13:11:03,System.Runtime,dotnet.gc.pause.time (s / 1 sec),Rate,0
09/10/2026 13:11:03,System.Runtime,dotnet.gc.collections ({collection} / 1 sec)[gc.heap.generation=gen0],Rate,0
09/10/2026 13:11:03,System.Runtime,dotnet.gc.collections ({collection} / 1 sec)[gc.heap.generation=gen1],Rate,0
09/10/2026 13:11:03,System.Runtime,dotnet.gc.collections ({collection} / 1 sec)[gc.heap.generation=gen2],Rate,0
09/10/2026 13:11:03,System.Runtime,dotnet.gc.heap.total_allocated (By / 1 sec),Rate,155792
09/10/2026 13:11:03,System.Runtime,dotnet.gc.last_collection.memory.committed_size (By),Metric,0
09/10/2026 13:11:03,System.Runtime,dotnet.process.cpu.time (s / 1 sec)[cpu.mode=user],Rate,0.5704270000000022
09/10/2026 13:11:03,System.Runtime,dotnet.process.cpu.time (s / 1 sec)[cpu.mode=system],Rate,0.033911000000000024
09/10/2026 13:11:03,System.Runtime,dotnet.monitor.lock_contentions ({contention} / 1 sec),Rate,0
09/10/2026 13:11:03,System.Runtime,dotnet.thread_pool.thread.count ({thread} / 1 sec),Rate,0
09/10/2026 13:11:03,System.Runtime,dotnet.process.memory.working_set (By),Metric,80068608
09/10/2026 13:11:03,System.Runtime,dotnet.process.cpu.count ({cpu}),Metric,15
09/10/2026 13:11:03,System.Runtime,dotnet.thread_pool.work_item.count ({work_item} / 1 sec),Rate,603
09/10/2026 13:11:03,System.Runtime,dotnet.jit.compilation.time (s / 1 sec),Rate,0.002708199999999994
09/10/2026 13:11:03,System.Runtime,dotnet.timer.count ({timer}),Metric,3
09/10/2026 13:11:03,System.Runtime,dotnet.thread_pool.queue.length ({work_item} / 1 sec),Rate,0
09/10/2026 13:11:03,System.Runtime,dotnet.jit.compiled_methods ({method} / 1 sec),Rate,29
09/10/2026 13:11:03,System.Runtime,dotnet.jit.compiled_il.size (By / 1 sec),Rate,939
09/10/2026 13:11:03,System.Runtime,dotnet.gc.last_collection.heap.fragmentation.size (By)[gc.heap.generation=loh],Metric,0
09/10/2026 13:11:03,System.Runtime,dotnet.gc.last_collection.heap.fragmentation.size (By)[gc.heap.generation=gen0],Metric,0
09/10/2026 13:11:03,System.Runtime,dotnet.gc.last_collection.heap.fragmentation.size (By)[gc.heap.generation=poh],Metric,0
09/10/2026 13:11:03,System.Runtime,dotnet.gc.last_collection.heap.fragmentation.size (By)[gc.heap.generation=gen1],Metric,0
09/10/2026 13:11:03,System.Runtime,dotnet.gc.last_collection.heap.fragmentation.size (By)[gc.heap.generation=gen2],Metric,0
09/10/2026 13:11:04,System.Runtime,dotnet.assembly.count ({assembly}),Metric,61
09/10/2026 13:11:04,System.Runtime,dotnet.gc.last_collection.heap.size (By)[gc.heap.generation=loh],Metric,0
09/10/2026 13:11:04,System.Runtime,dotnet.gc.last_collection.heap.size (By)[gc.heap.generation=gen0],Metric,0
09/10/2026 13:11:04,System.Runtime,dotnet.gc.last_collection.heap.size (By)[gc.heap.generation=poh],Metric,0
09/10/2026 13:11:04,System.Runtime,dotnet.gc.last_collection.heap.size (By)[gc.heap.generation=gen1],Metric,0
09/10/2026 13:11:04,System.Runtime,dotnet.gc.last_collection.heap.size (By)[gc.heap.generation=gen2],Metric,0
09/10/2026 13:11:04,System.Runtime,dotnet.gc.pause.time (s / 1 sec),Rate,0
09/10/2026 13:11:04,System.Runtime,dotnet.gc.collections ({collection} / 1 sec)[gc.heap.generation=gen0],Rate,0
09/10/2026 13:11:04,System.Runtime,dotnet.gc.collections ({collection} / 1 sec)[gc.heap.generation=gen1],Rate,0
09/10/2026 13:11:04,System.Runtime,dotnet.gc.collections ({collection} / 1 sec)[gc.heap.generation=gen2],Rate,0
09/10/2026 13:11:04,System.Runtime,dotnet.gc.heap.total_allocated (By / 1 sec),Rate,130152
09/10/2026 13:11:04,System.Runtime,dotnet.gc.last_collection.memory.committed_size (By),Metric,0
09/10/2026 13:11:04,System.Runtime,dotnet.process.cpu.time (s / 1 sec)[cpu.mode=user],Rate,0.5723230000000008
09/10/2026 13:11:04,System.Runtime,dotnet.process.cpu.time (s / 1 sec)[cpu.mode=system],Rate,0.03410500000000005
09/10/2026 13:11:04,System.Runtime,dotnet.monitor.lock_contentions ({contention} / 1 sec),Rate,0
09/10/2026 13:11:04,System.Runtime,dotnet.thread_pool.thread.count ({thread} / 1 sec),Rate,0
09/10/2026 13:11:04,System.Runtime,dotnet.process.memory.working_set (By),Metric,80297984
09/10/2026 13:11:04,System.Runtime,dotnet.process.cpu.count ({cpu}),Metric,15
09/10/2026 13:11:04,System.Runtime,dotnet.thread_pool.work_item.count ({work_item} / 1 sec),Rate,602
09/10/2026 13:11:04,System.Runtime,dotnet.jit.compilation.time (s / 1 sec),Rate,0.004414500000000043
09/10/2026 13:11:04,System.Runtime,dotnet.timer.count ({timer}),Metric,3
09/10/2026 13:11:04,System.Runtime,dotnet.thread_pool.queue.length ({work_item} / 1 sec),Rate,0
09/10/2026 13:11:04,System.Runtime,dotnet.jit.compiled_methods ({method} / 1 sec),Rate,49
09/10/2026 13:11:04,System.Runtime,dotnet.jit.compiled_il.size (By / 1 sec),Rate,1965
09/10/2026 13:11:04,System.Runtime,dotnet.gc.last_collection.heap.fragmentation.size (By)[gc.heap.generation=loh],Metric,0
09/10/2026 13:11:04,System.Runtime,dotnet.gc.last_collection.heap.fragmentation.size (By)[gc.heap.generation=gen0],Metric,0
09/10/2026 13:11:04,System.Runtime,dotnet.gc.last_collection.heap.fragmentation.size (By)[gc.heap.generation=poh],Metric,0
09/10/2026 13:11:04,System.Runtime,dotnet.gc.last_collection.heap.fragmentation.size (By)[gc.heap.generation=gen1],Metric,0
09/10/2026 13:11:04,System.Runtime,dotnet.gc.last_collection.heap.fragmentation.size (By)[gc.heap.generation=gen2],Metric,0
09/10/2026 13:11:05,System.Runtime,dotnet.assembly.count ({assembly}),Metric,61
09/10/2026 13:11:05,System.Runtime,dotnet.gc.last_collection.heap.size (By)[gc.heap.generation=loh],Metric,0
09/10/2026 13:11:05,System.Runtime,dotnet.gc.last_collection.heap.size (By)[gc.heap.generation=gen0],Metric,0
09/10/2026 13:11:05,System.Runtime,dotnet.gc.last_collection.heap.size (By)[gc.heap.generation=poh],Metric,0
09/10/2026 13:11:05,System.Runtime,dotnet.gc.last_collection.heap.size (By)[gc.heap.generation=gen1],Metric,0
09/10/2026 13:11:05,System.Runtime,dotnet.gc.last_collection.heap.size (By)[gc.heap.generation=gen2],Metric,0
09/10/2026 13:11:05,System.Runtime,dotnet.gc.pause.time (s / 1 sec),Rate,0
09/10/2026 13:11:05,System.Runtime,dotnet.gc.collections ({collection} / 1 sec)[gc.heap.generation=gen0],Rate,0
09/10/2026 13:11:05,System.Runtime,dotnet.gc.collections ({collection} / 1 sec)[gc.heap.generation=gen1],Rate,0
09/10/2026 13:11:05,System.Runtime,dotnet.gc.collections ({collection} / 1 sec)[gc.heap.generation=gen2],Rate,0
09/10/2026 13:11:05,System.Runtime,dotnet.gc.heap.total_allocated (By / 1 sec),Rate,131200
09/10/2026 13:11:05,System.Runtime,dotnet.gc.last_collection.memory.committed_size (By),Metric,0
09/10/2026 13:11:05,System.Runtime,dotnet.process.cpu.time (s / 1 sec)[cpu.mode=user],Rate,0.5660910000000001
09/10/2026 13:11:05,System.Runtime,dotnet.process.cpu.time (s / 1 sec)[cpu.mode=system],Rate,0.035593999999999903
09/10/2026 13:11:05,System.Runtime,dotnet.monitor.lock_contentions ({contention} / 1 sec),Rate,1
09/10/2026 13:11:05,System.Runtime,dotnet.thread_pool.thread.count ({thread} / 1 sec),Rate,0
09/10/2026 13:11:05,System.Runtime,dotnet.process.memory.working_set (By),Metric,80429056
09/10/2026 13:11:05,System.Runtime,dotnet.process.cpu.count ({cpu}),Metric,15
09/10/2026 13:11:05,System.Runtime,dotnet.thread_pool.work_item.count ({work_item} / 1 sec),Rate,600
09/10/2026 13:11:05,System.Runtime,dotnet.jit.compilation.time (s / 1 sec),Rate,0
09/10/2026 13:11:05,System.Runtime,dotnet.timer.count ({timer}),Metric,3
09/10/2026 13:11:05,System.Runtime,dotnet.thread_pool.queue.length ({work_item} / 1 sec),Rate,0
09/10/2026 13:11:05,System.Runtime,dotnet.jit.compiled_methods ({method} / 1 sec),Rate,0
09/10/2026 13:11:05,System.Runtime,dotnet.jit.compiled_il.size (By / 1 sec),Rate,0
09/10/2026 13:11:05,System.Runtime,dotnet.gc.last_collection.heap.fragmentation.size (By)[gc.heap.generation=loh],Metric,0
09/10/2026 13:11:05,System.Runtime,dotnet.gc.last_collection.heap.fragmentation.size (By)[gc.heap.generation=gen0],Metric,0
09/10/2026 13:11:05,System.Runtime,dotnet.gc.last_collection.heap.fragmentation.size (By)[gc.heap.generation=poh],Metric,0
09/10/2026 13:11:05,System.Runtime,dotnet.gc.last_collection.heap.fragmentation.size (By)[gc.heap.generation=gen1],Metric,0
09/10/2026 13:11:05,System.Runtime,dotnet.gc.last_collection.heap.fragmentation.size (By)[gc.heap.generation=gen2],Metric,0
09/10/2026 13:11:06,System.Runtime,dotnet.assembly.count ({assembly}),Metric,61
09/10/2026 13:11:06,System.Runtime,dotnet.gc.last_collection.heap.size (By)[gc.heap.generation=loh],Metric,0
09/10/2026 13:11:06,System.Runtime,dotnet.gc.last_collection.heap.size (By)[gc.heap.generation=gen0],Metric,0
09/10/2026 13:11:06,System.Runtime,dotnet.gc.last_collection.heap.size (By)[gc.heap.generation=poh],Metric,0
09/10/2026 13:11:06,System.Runtime,dotnet.gc.last_collection.heap.size (By)[gc.heap.generation=gen1],Metric,0
09/10/2026 13:11:06,System.Runtime,dotnet.gc.last_collection.heap.size (By)[gc.heap.generation=gen2],Metric,0
09/10/2026 13:11:06,System.Runtime,dotnet.gc.pause.time (s / 1 sec),Rate,0
09/10/2026 13:11:06,System.Runtime,dotnet.gc.collections ({collection} / 1 sec)[gc.heap.generation=gen0],Rate,0
09/10/2026 13:11:06,System.Runtime,dotnet.gc.collections ({collection} / 1 sec)[gc.heap.generation=gen1],Rate,0
09/10/2026 13:11:06,System.Runtime,dotnet.gc.collections ({collection} / 1 sec)[gc.heap.generation=gen2],Rate,0
09/10/2026 13:11:06,System.Runtime,dotnet.gc.heap.total_allocated (By / 1 sec),Rate,139392
09/10/2026 13:11:06,System.Runtime,dotnet.gc.last_collection.memory.committed_size (By),Metric,0
09/10/2026 13:11:06,System.Runtime,dotnet.process.cpu.time (s / 1 sec)[cpu.mode=user],Rate,0.5690909999999967
09/10/2026 13:11:06,System.Runtime,dotnet.process.cpu.time (s / 1 sec)[cpu.mode=system],Rate,0.033427000000000096
09/10/2026 13:11:06,System.Runtime,dotnet.monitor.lock_contentions ({contention} / 1 sec),Rate,0
09/10/2026 13:11:06,System.Runtime,dotnet.thread_pool.thread.count ({thread} / 1 sec),Rate,0
09/10/2026 13:11:06,System.Runtime,dotnet.process.memory.working_set (By),Metric,80576512
09/10/2026 13:11:06,System.Runtime,dotnet.process.cpu.count ({cpu}),Metric,15
09/10/2026 13:11:06,System.Runtime,dotnet.thread_pool.work_item.count ({work_item} / 1 sec),Rate,602
09/10/2026 13:11:06,System.Runtime,dotnet.jit.compilation.time (s / 1 sec),Rate,0
09/10/2026 13:11:06,System.Runtime,dotnet.timer.count ({timer}),Metric,3
09/10/2026 13:11:06,System.Runtime,dotnet.thread_pool.queue.length ({work_item} / 1 sec),Rate,0
09/10/2026 13:11:06,System.Runtime,dotnet.jit.compiled_methods ({method} / 1 sec),Rate,0
09/10/2026 13:11:06,System.Runtime,dotnet.jit.compiled_il.size (By / 1 sec),Rate,0
09/10/2026 13:11:06,System.Runtime,dotnet.gc.last_collection.heap.fragmentation.size (By)[gc.heap.generation=loh],Metric,0
09/10/2026 13:11:06,System.Runtime,dotnet.gc.last_collection.heap.fragmentation.size (By)[gc.heap.generation=gen0],Metric,0
09/10/2026 13:11:06,System.Runtime,dotnet.gc.last_collection.heap.fragmentation.size (By)[gc.heap.generation=poh],Metric,0
09/10/2026 13:11:06,System.Runtime,dotnet.gc.last_collection.heap.fragmentation.size (By)[gc.heap.generation=gen1],Metric,0
09/10/2026 13:11:06,System.Runtime,dotnet.gc.last_collection.heap.fragmentation.size (By)[gc.heap.generation=gen2],Metric,0
09/10/2026 13:11:07,System.Runtime,dotnet.assembly.count ({assembly}),Metric,61
09/10/2026 13:11:07,System.Runtime,dotnet.gc.last_collection.heap.size (By)[gc.heap.generation=loh],Metric,0
09/10/2026 13:11:07,System.Runtime,dotnet.gc.last_collection.heap.size (By)[gc.heap.generation=gen0],Metric,0
09/10/2026 13:11:07,System.Runtime,dotnet.gc.last_collection.heap.size (By)[gc.heap.generation=poh],Metric,0
09/10/2026 13:11:07,System.Runtime,dotnet.gc.last_collection.heap.size (By)[gc.heap.generation=gen1],Metric,0
09/10/2026 13:11:07,System.Runtime,dotnet.gc.last_collection.heap.size (By)[gc.heap.generation=gen2],Metric,0
09/10/2026 13:11:07,System.Runtime,dotnet.gc.pause.time (s / 1 sec),Rate,0
09/10/2026 13:11:07,System.Runtime,dotnet.gc.collections ({collection} / 1 sec)[gc.heap.generation=gen0],Rate,0
09/10/2026 13:11:07,System.Runtime,dotnet.gc.collections ({collection} / 1 sec)[gc.heap.generation=gen1],Rate,0
09/10/2026 13:11:07,System.Runtime,dotnet.gc.collections ({collection} / 1 sec)[gc.heap.generation=gen2],Rate,0
09/10/2026 13:11:07,System.Runtime,dotnet.gc.heap.total_allocated (By / 1 sec),Rate,146488
09/10/2026 13:11:07,System.Runtime,dotnet.gc.last_collection.memory.committed_size (By),Metric,0
09/10/2026 13:11:07,System.Runtime,dotnet.process.cpu.time (s / 1 sec)[cpu.mode=user],Rate,0.5695560000000022
09/10/2026 13:11:07,System.Runtime,dotnet.process.cpu.time (s / 1 sec)[cpu.mode=system],Rate,0.03597799999999984
09/10/2026 13:11:07,System.Runtime,dotnet.monitor.lock_contentions ({contention} / 1 sec),Rate,0
09/10/2026 13:11:07,System.Runtime,dotnet.thread_pool.thread.count ({thread} / 1 sec),Rate,0
09/10/2026 13:11:07,System.Runtime,dotnet.process.memory.working_set (By),Metric,80756736
09/10/2026 13:11:07,System.Runtime,dotnet.process.cpu.count ({cpu}),Metric,15
09/10/2026 13:11:07,System.Runtime,dotnet.thread_pool.work_item.count ({work_item} / 1 sec),Rate,602
09/10/2026 13:11:07,System.Runtime,dotnet.jit.compilation.time (s / 1 sec),Rate,0.0013757999999999826
09/10/2026 13:11:07,System.Runtime,dotnet.timer.count ({timer}),Metric,3
09/10/2026 13:11:07,System.Runtime,dotnet.thread_pool.queue.length ({work_item} / 1 sec),Rate,0
09/10/2026 13:11:07,System.Runtime,dotnet.jit.compiled_methods ({method} / 1 sec),Rate,9
09/10/2026 13:11:07,System.Runtime,dotnet.jit.compiled_il.size (By / 1 sec),Rate,521
09/10/2026 13:11:07,System.Runtime,dotnet.gc.last_collection.heap.fragmentation.size (By)[gc.heap.generation=loh],Metric,0
09/10/2026 13:11:07,System.Runtime,dotnet.gc.last_collection.heap.fragmentation.size (By)[gc.heap.generation=gen0],Metric,0
09/10/2026 13:11:07,System.Runtime,dotnet.gc.last_collection.heap.fragmentation.size (By)[gc.heap.generation=poh],Metric,0
09/10/2026 13:11:07,System.Runtime,dotnet.gc.last_collection.heap.fragmentation.size (By)[gc.heap.generation=gen1],Metric,0
09/10/2026 13:11:07,System.Runtime,dotnet.gc.last_collection.heap.fragmentation.size (By)[gc.heap.generation=gen2],Metric,0
09/10/2026 13:11:08,System.Runtime,dotnet.assembly.count ({assembly}),Metric,61
09/10/2026 13:11:08,System.Runtime,dotnet.gc.last_collection.heap.size (By)[gc.heap.generation=loh],Metric,0
09/10/2026 13:11:08,System.Runtime,dotnet.gc.last_collection.heap.size (By)[gc.heap.generation=gen0],Metric,0
09/10/2026 13:11:08,System.Runtime,dotnet.gc.last_collection.heap.size (By)[gc.heap.generation=poh],Metric,0
09/10/2026 13:11:08,System.Runtime,dotnet.gc.last_collection.heap.size (By)[gc.heap.generation=gen1],Metric,0
09/10/2026 13:11:08,System.Runtime,dotnet.gc.last_collection.heap.size (By)[gc.heap.generation=gen2],Metric,0
09/10/2026 13:11:08,System.Runtime,dotnet.gc.pause.time (s / 1 sec),Rate,0
09/10/2026 13:11:08,System.Runtime,dotnet.gc.collections ({collection} / 1 sec)[gc.heap.generation=gen0],Rate,0
09/10/2026 13:11:08,System.Runtime,dotnet.gc.collections ({collection} / 1 sec)[gc.heap.generation=gen1],Rate,0
09/10/2026 13:11:08,System.Runtime,dotnet.gc.collections ({collection} / 1 sec)[gc.heap.generation=gen2],Rate,0
09/10/2026 13:11:08,System.Runtime,dotnet.gc.heap.total_allocated (By / 1 sec),Rate,131200
09/10/2026 13:11:08,System.Runtime,dotnet.gc.last_collection.memory.committed_size (By),Metric,0
09/10/2026 13:11:08,System.Runtime,dotnet.process.cpu.time (s / 1 sec)[cpu.mode=user],Rate,0.5656220000000012
09/10/2026 13:11:08,System.Runtime,dotnet.process.cpu.time (s / 1 sec)[cpu.mode=system],Rate,0.03495500000000007
09/10/2026 13:11:08,System.Runtime,dotnet.monitor.lock_contentions ({contention} / 1 sec),Rate,0
09/10/2026 13:11:08,System.Runtime,dotnet.thread_pool.thread.count ({thread} / 1 sec),Rate,0
09/10/2026 13:11:08,System.Runtime,dotnet.process.memory.working_set (By),Metric,80904192
09/10/2026 13:11:08,System.Runtime,dotnet.process.cpu.count ({cpu}),Metric,15
09/10/2026 13:11:08,System.Runtime,dotnet.thread_pool.work_item.count ({work_item} / 1 sec),Rate,601
09/10/2026 13:11:08,System.Runtime,dotnet.jit.compilation.time (s / 1 sec),Rate,0
09/10/2026 13:11:08,System.Runtime,dotnet.timer.count ({timer}),Metric,3
09/10/2026 13:11:08,System.Runtime,dotnet.thread_pool.queue.length ({work_item} / 1 sec),Rate,0
09/10/2026 13:11:08,System.Runtime,dotnet.jit.compiled_methods ({method} / 1 sec),Rate,0
09/10/2026 13:11:08,System.Runtime,dotnet.jit.compiled_il.size (By / 1 sec),Rate,0
09/10/2026 13:11:08,System.Runtime,dotnet.gc.last_collection.heap.fragmentation.size (By)[gc.heap.generation=loh],Metric,0
09/10/2026 13:11:08,System.Runtime,dotnet.gc.last_collection.heap.fragmentation.size (By)[gc.heap.generation=gen0],Metric,0
09/10/2026 13:11:08,System.Runtime,dotnet.gc.last_collection.heap.fragmentation.size (By)[gc.heap.generation=poh],Metric,0
09/10/2026 13:11:08,System.Runtime,dotnet.gc.last_collection.heap.fragmentation.size (By)[gc.heap.generation=gen1],Metric,0
09/10/2026 13:11:08,System.Runtime,dotnet.gc.last_collection.heap.fragmentation.size (By)[gc.heap.generation=gen2],Metric,0
09/10/2026 13:11:09,System.Runtime,dotnet.assembly.count ({assembly}),Metric,61
09/10/2026 13:11:09,System.Runtime,dotnet.gc.last_collection.heap.size (By)[gc.heap.generation=loh],Metric,0
09/10/2026 13:11:09,System.Runtime,dotnet.gc.last_collection.heap.size (By)[gc.heap.generation=gen0],Metric,0
09/10/2026 13:11:09,System.Runtime,dotnet.gc.last_collection.heap.size (By)[gc.heap.generation=poh],Metric,0
09/10/2026 13:11:09,System.Runtime,dotnet.gc.last_collection.heap.size (By)[gc.heap.generation=gen1],Metric,0
09/10/2026 13:11:09,System.Runtime,dotnet.gc.last_collection.heap.size (By)[gc.heap.generation=gen2],Metric,0
09/10/2026 13:11:09,System.Runtime,dotnet.gc.pause.time (s / 1 sec),Rate,0
09/10/2026 13:11:09,System.Runtime,dotnet.gc.collections ({collection} / 1 sec)[gc.heap.generation=gen0],Rate,0
09/10/2026 13:11:09,System.Runtime,dotnet.gc.collections ({collection} / 1 sec)[gc.heap.generation=gen1],Rate,0
09/10/2026 13:11:09,System.Runtime,dotnet.gc.collections ({collection} / 1 sec)[gc.heap.generation=gen2],Rate,0
09/10/2026 13:11:09,System.Runtime,dotnet.gc.heap.total_allocated (By / 1 sec),Rate,130112
09/10/2026 13:11:09,System.Runtime,dotnet.gc.last_collection.memory.committed_size (By),Metric,0
09/10/2026 13:11:09,System.Runtime,dotnet.process.cpu.time (s / 1 sec)[cpu.mode=user],Rate,0.5647149999999996
09/10/2026 13:11:09,System.Runtime,dotnet.process.cpu.time (s / 1 sec)[cpu.mode=system],Rate,0.035241999999999996
09/10/2026 13:11:09,System.Runtime,dotnet.monitor.lock_contentions ({contention} / 1 sec),Rate,0
09/10/2026 13:11:09,System.Runtime,dotnet.thread_pool.thread.count ({thread} / 1 sec),Rate,0
09/10/2026 13:11:09,System.Runtime,dotnet.process.memory.working_set (By),Metric,81068032
09/10/2026 13:11:09,System.Runtime,dotnet.process.cpu.count ({cpu}),Metric,15
09/10/2026 13:11:09,System.Runtime,dotnet.thread_pool.work_item.count ({work_item} / 1 sec),Rate,601
09/10/2026 13:11:09,System.Runtime,dotnet.jit.compilation.time (s / 1 sec),Rate,0
09/10/2026 13:11:09,System.Runtime,dotnet.timer.count ({timer}),Metric,3
09/10/2026 13:11:09,System.Runtime,dotnet.thread_pool.queue.length ({work_item} / 1 sec),Rate,0
09/10/2026 13:11:09,System.Runtime,dotnet.jit.compiled_methods ({method} / 1 sec),Rate,0
09/10/2026 13:11:09,System.Runtime,dotnet.jit.compiled_il.size (By / 1 sec),Rate,0
09/10/2026 13:11:09,System.Runtime,dotnet.gc.last_collection.heap.fragmentation.size (By)[gc.heap.generation=loh],Metric,0
09/10/2026 13:11:09,System.Runtime,dotnet.gc.last_collection.heap.fragmentation.size (By)[gc.heap.generation=gen0],Metric,0
09/10/2026 13:11:09,System.Runtime,dotnet.gc.last_collection.heap.fragmentation.size (By)[gc.heap.generation=poh],Metric,0
09/10/2026 13:11:09,System.Runtime,dotnet.gc.last_collection.heap.fragmentation.size (By)[gc.heap.generation=gen1],Metric,0
09/10/2026 13:11:09,System.Runtime,dotnet.gc.last_collection.heap.fragmentation.size (By)[gc.heap.generation=gen2],Metric,0
09/10/2026 13:11:10,System.Runtime,dotnet.assembly.count ({assembly}),Metric,61
09/10/2026 13:11:10,System.Runtime,dotnet.gc.last_collection.heap.size (By)[gc.heap.generation=loh],Metric,0
09/10/2026 13:11:10,System.Runtime,dotnet.gc.last_collection.heap.size (By)[gc.heap.generation=gen0],Metric,0
09/10/2026 13:11:10,System.Runtime,dotnet.gc.last_collection.heap.size (By)[gc.heap.generation=poh],Metric,0
09/10/2026 13:11:10,System.Runtime,dotnet.gc.last_collection.heap.size (By)[gc.heap.generation=gen1],Metric,0
09/10/2026 13:11:10,System.Runtime,dotnet.gc.last_collection.heap.size (By)[gc.heap.generation=gen2],Metric,0
09/10/2026 13:11:10,System.Runtime,dotnet.gc.pause.time (s / 1 sec),Rate,0
09/10/2026 13:11:10,System.Runtime,dotnet.gc.collections ({collection} / 1 sec)[gc.heap.generation=gen0],Rate,0
09/10/2026 13:11:10,System.Runtime,dotnet.gc.collections ({collection} / 1 sec)[gc.heap.generation=gen1],Rate,0
09/10/2026 13:11:10,System.Runtime,dotnet.gc.collections ({collection} / 1 sec)[gc.heap.generation=gen2],Rate,0
09/10/2026 13:11:10,System.Runtime,dotnet.gc.heap.total_allocated (By / 1 sec),Rate,138376
09/10/2026 13:11:10,System.Runtime,dotnet.gc.last_collection.memory.committed_size (By),Metric,0
09/10/2026 13:11:10,System.Runtime,dotnet.process.cpu.time (s / 1 sec)[cpu.mode=user],Rate,0.5685049999999983
09/10/2026 13:11:10,System.Runtime,dotnet.process.cpu.time (s / 1 sec)[cpu.mode=system],Rate,0.03421199999999991
09/10/2026 13:11:10,System.Runtime,dotnet.monitor.lock_contentions ({contention} / 1 sec),Rate,0
09/10/2026 13:11:10,System.Runtime,dotnet.thread_pool.thread.count ({thread} / 1 sec),Rate,0
09/10/2026 13:11:10,System.Runtime,dotnet.process.memory.working_set (By),Metric,81231872
09/10/2026 13:11:10,System.Runtime,dotnet.process.cpu.count ({cpu}),Metric,15
09/10/2026 13:11:10,System.Runtime,dotnet.thread_pool.work_item.count ({work_item} / 1 sec),Rate,601
09/10/2026 13:11:10,System.Runtime,dotnet.jit.compilation.time (s / 1 sec),Rate,0.00021409999999999485
09/10/2026 13:11:10,System.Runtime,dotnet.timer.count ({timer}),Metric,3
09/10/2026 13:11:10,System.Runtime,dotnet.thread_pool.queue.length ({work_item} / 1 sec),Rate,0
09/10/2026 13:11:10,System.Runtime,dotnet.jit.compiled_methods ({method} / 1 sec),Rate,1
09/10/2026 13:11:10,System.Runtime,dotnet.jit.compiled_il.size (By / 1 sec),Rate,24
09/10/2026 13:11:10,System.Runtime,dotnet.gc.last_collection.heap.fragmentation.size (By)[gc.heap.generation=loh],Metric,0
09/10/2026 13:11:10,System.Runtime,dotnet.gc.last_collection.heap.fragmentation.size (By)[gc.heap.generation=gen0],Metric,0
09/10/2026 13:11:10,System.Runtime,dotnet.gc.last_collection.heap.fragmentation.size (By)[gc.heap.generation=poh],Metric,0
09/10/2026 13:11:10,System.Runtime,dotnet.gc.last_collection.heap.fragmentation.size (By)[gc.heap.generation=gen1],Metric,0
09/10/2026 13:11:10,System.Runtime,dotnet.gc.last_collection.heap.fragmentation.size (By)[gc.heap.generation=gen2],Metric,0
09/10/2026 13:11:11,System.Runtime,dotnet.assembly.count ({assembly}),Metric,61
09/10/2026 13:11:11,System.Runtime,dotnet.gc.last_collection.heap.size (By)[gc.heap.generation=loh],Metric,0
09/10/2026 13:11:11,System.Runtime,dotnet.gc.last_collection.heap.size (By)[gc.heap.generation=gen0],Metric,0
09/10/2026 13:11:11,System.Runtime,dotnet.gc.last_collection.heap.size (By)[gc.heap.generation=poh],Metric,0
09/10/2026 13:11:11,System.Runtime,dotnet.gc.last_collection.heap.size (By)[gc.heap.generation=gen1],Metric,0
09/10/2026 13:11:11,System.Runtime,dotnet.gc.last_collection.heap.size (By)[gc.heap.generation=gen2],Metric,0
09/10/2026 13:11:11,System.Runtime,dotnet.gc.pause.time (s / 1 sec),Rate,0
09/10/2026 13:11:11,System.Runtime,dotnet.gc.collections ({collection} / 1 sec)[gc.heap.generation=gen0],Rate,0
09/10/2026 13:11:11,System.Runtime,dotnet.gc.collections ({collection} / 1 sec)[gc.heap.generation=gen1],Rate,0
09/10/2026 13:11:11,System.Runtime,dotnet.gc.collections ({collection} / 1 sec)[gc.heap.generation=gen2],Rate,0
09/10/2026 13:11:11,System.Runtime,dotnet.gc.heap.total_allocated (By / 1 sec),Rate,130176
09/10/2026 13:11:11,System.Runtime,dotnet.gc.last_collection.memory.committed_size (By),Metric,0
09/10/2026 13:11:11,System.Runtime,dotnet.process.cpu.time (s / 1 sec)[cpu.mode=user],Rate,0.5681070000000012
09/10/2026 13:11:11,System.Runtime,dotnet.process.cpu.time (s / 1 sec)[cpu.mode=system],Rate,0.033885000000000165
09/10/2026 13:11:11,System.Runtime,dotnet.monitor.lock_contentions ({contention} / 1 sec),Rate,0
09/10/2026 13:11:11,System.Runtime,dotnet.thread_pool.thread.count ({thread} / 1 sec),Rate,0
09/10/2026 13:11:11,System.Runtime,dotnet.process.memory.working_set (By),Metric,81362944
09/10/2026 13:11:11,System.Runtime,dotnet.process.cpu.count ({cpu}),Metric,15
09/10/2026 13:11:11,System.Runtime,dotnet.thread_pool.work_item.count ({work_item} / 1 sec),Rate,601
09/10/2026 13:11:11,System.Runtime,dotnet.jit.compilation.time (s / 1 sec),Rate,0
09/10/2026 13:11:11,System.Runtime,dotnet.timer.count ({timer}),Metric,3
09/10/2026 13:11:11,System.Runtime,dotnet.thread_pool.queue.length ({work_item} / 1 sec),Rate,0
09/10/2026 13:11:11,System.Runtime,dotnet.jit.compiled_methods ({method} / 1 sec),Rate,0
09/10/2026 13:11:11,System.Runtime,dotnet.jit.compiled_il.size (By / 1 sec),Rate,0
09/10/2026 13:11:11,System.Runtime,dotnet.gc.last_collection.heap.fragmentation.size (By)[gc.heap.generation=loh],Metric,0
09/10/2026 13:11:11,System.Runtime,dotnet.gc.last_collection.heap.fragmentation.size (By)[gc.heap.generation=gen0],Metric,0
09/10/2026 13:11:11,System.Runtime,dotnet.gc.last_collection.heap.fragmentation.size (By)[gc.heap.generation=poh],Metric,0
09/10/2026 13:11:11,System.Runtime,dotnet.gc.last_collection.heap.fragmentation.size (By)[gc.heap.generation=gen1],Metric,0
09/10/2026 13:11:11,System.Runtime,dotnet.gc.last_collection.heap.fragmentation.size (By)[gc.heap.generation=gen2],Metric,0
09/10/2026 13:11:12,System.Runtime,dotnet.assembly.count ({assembly}),Metric,61
09/10/2026 13:11:12,System.Runtime,dotnet.gc.last_collection.heap.size (By)[gc.heap.generation=loh],Metric,0
09/10/2026 13:11:12,System.Runtime,dotnet.gc.last_collection.heap.size (By)[gc.heap.generation=gen0],Metric,0
09/10/2026 13:11:12,System.Runtime,dotnet.gc.last_collection.heap.size (By)[gc.heap.generation=poh],Metric,0
09/10/2026 13:11:12,System.Runtime,dotnet.gc.last_collection.heap.size (By)[gc.heap.generation=gen1],Metric,0
09/10/2026 13:11:12,System.Runtime,dotnet.gc.last_collection.heap.size (By)[gc.heap.generation=gen2],Metric,0
09/10/2026 13:11:12,System.Runtime,dotnet.gc.pause.time (s / 1 sec),Rate,0
09/10/2026 13:11:12,System.Runtime,dotnet.gc.collections ({collection} / 1 sec)[gc.heap.generation=gen0],Rate,0
09/10/2026 13:11:12,System.Runtime,dotnet.gc.collections ({collection} / 1 sec)[gc.heap.generation=gen1],Rate,0
09/10/2026 13:11:12,System.Runtime,dotnet.gc.collections ({collection} / 1 sec)[gc.heap.generation=gen2],Rate,0
09/10/2026 13:11:12,System.Runtime,dotnet.gc.heap.total_allocated (By / 1 sec),Rate,139392
09/10/2026 13:11:12,System.Runtime,dotnet.gc.last_collection.memory.committed_size (By),Metric,0
09/10/2026 13:11:12,System.Runtime,dotnet.process.cpu.time (s / 1 sec)[cpu.mode=user],Rate,0.5659980000000004
09/10/2026 13:11:12,System.Runtime,dotnet.process.cpu.time (s / 1 sec)[cpu.mode=system],Rate,0.03746699999999992
09/10/2026 13:11:12,System.Runtime,dotnet.monitor.lock_contentions ({contention} / 1 sec),Rate,0
09/10/2026 13:11:12,System.Runtime,dotnet.thread_pool.thread.count ({thread} / 1 sec),Rate,0
09/10/2026 13:11:12,System.Runtime,dotnet.process.memory.working_set (By),Metric,81543168
09/10/2026 13:11:12,System.Runtime,dotnet.process.cpu.count ({cpu}),Metric,15
09/10/2026 13:11:12,System.Runtime,dotnet.thread_pool.work_item.count ({work_item} / 1 sec),Rate,599
09/10/2026 13:11:12,System.Runtime,dotnet.jit.compilation.time (s / 1 sec),Rate,0.0007036000000000264
09/10/2026 13:11:12,System.Runtime,dotnet.timer.count ({timer}),Metric,2
09/10/2026 13:11:12,System.Runtime,dotnet.thread_pool.queue.length ({work_item} / 1 sec),Rate,0
09/10/2026 13:11:12,System.Runtime,dotnet.jit.compiled_methods ({method} / 1 sec),Rate,2
09/10/2026 13:11:12,System.Runtime,dotnet.jit.compiled_il.size (By / 1 sec),Rate,683
09/10/2026 13:11:12,System.Runtime,dotnet.gc.last_collection.heap.fragmentation.size (By)[gc.heap.generation=loh],Metric,0
09/10/2026 13:11:12,System.Runtime,dotnet.gc.last_collection.heap.fragmentation.size (By)[gc.heap.generation=gen0],Metric,0
09/10/2026 13:11:12,System.Runtime,dotnet.gc.last_collection.heap.fragmentation.size (By)[gc.heap.generation=poh],Metric,0
09/10/2026 13:11:12,System.Runtime,dotnet.gc.last_collection.heap.fragmentation.size (By)[gc.heap.generation=gen1],Metric,0
09/10/2026 13:11:12,System.Runtime,dotnet.gc.last_collection.heap.fragmentation.size (By)[gc.heap.generation=gen2],Metric,0
09/10/2026 13:11:13,System.Runtime,dotnet.assembly.count ({assembly}),Metric,61
09/10/2026 13:11:13,System.Runtime,dotnet.gc.last_collection.heap.size (By)[gc.heap.generation=loh],Metric,0
09/10/2026 13:11:13,System.Runtime,dotnet.gc.last_collection.heap.size (By)[gc.heap.generation=gen0],Metric,0
09/10/2026 13:11:13,System.Runtime,dotnet.gc.last_collection.heap.size (By)[gc.heap.generation=poh],Metric,0
09/10/2026 13:11:13,System.Runtime,dotnet.gc.last_collection.heap.size (By)[gc.heap.generation=gen1],Metric,0
09/10/2026 13:11:13,System.Runtime,dotnet.gc.last_collection.heap.size (By)[gc.heap.generation=gen2],Metric,0
09/10/2026 13:11:13,System.Runtime,dotnet.gc.pause.time (s / 1 sec),Rate,0
09/10/2026 13:11:13,System.Runtime,dotnet.gc.collections ({collection} / 1 sec)[gc.heap.generation=gen0],Rate,0
09/10/2026 13:11:13,System.Runtime,dotnet.gc.collections ({collection} / 1 sec)[gc.heap.generation=gen1],Rate,0
09/10/2026 13:11:13,System.Runtime,dotnet.gc.collections ({collection} / 1 sec)[gc.heap.generation=gen2],Rate,0
09/10/2026 13:11:13,System.Runtime,dotnet.gc.heap.total_allocated (By / 1 sec),Rate,146576
09/10/2026 13:11:13,System.Runtime,dotnet.gc.last_collection.memory.committed_size (By),Metric,0
09/10/2026 13:11:13,System.Runtime,dotnet.process.cpu.time (s / 1 sec)[cpu.mode=user],Rate,0.572692
09/10/2026 13:11:13,System.Runtime,dotnet.process.cpu.time (s / 1 sec)[cpu.mode=system],Rate,0.029622999999999955
09/10/2026 13:11:13,System.Runtime,dotnet.monitor.lock_contentions ({contention} / 1 sec),Rate,0
09/10/2026 13:11:13,System.Runtime,dotnet.thread_pool.thread.count ({thread} / 1 sec),Rate,0
09/10/2026 13:11:13,System.Runtime,dotnet.process.memory.working_set (By),Metric,81674240
09/10/2026 13:11:13,System.Runtime,dotnet.process.cpu.count ({cpu}),Metric,15
09/10/2026 13:11:13,System.Runtime,dotnet.thread_pool.work_item.count ({work_item} / 1 sec),Rate,601
09/10/2026 13:11:13,System.Runtime,dotnet.jit.compilation.time (s / 1 sec),Rate,0
09/10/2026 13:11:13,System.Runtime,dotnet.timer.count ({timer}),Metric,2
09/10/2026 13:11:13,System.Runtime,dotnet.thread_pool.queue.length ({work_item} / 1 sec),Rate,0
09/10/2026 13:11:13,System.Runtime,dotnet.jit.compiled_methods ({method} / 1 sec),Rate,0
09/10/2026 13:11:13,System.Runtime,dotnet.jit.compiled_il.size (By / 1 sec),Rate,0
09/10/2026 13:11:13,System.Runtime,dotnet.gc.last_collection.heap.fragmentation.size (By)[gc.heap.generation=loh],Metric,0
09/10/2026 13:11:13,System.Runtime,dotnet.gc.last_collection.heap.fragmentation.size (By)[gc.heap.generation=gen0],Metric,0
09/10/2026 13:11:13,System.Runtime,dotnet.gc.last_collection.heap.fragmentation.size (By)[gc.heap.generation=poh],Metric,0
09/10/2026 13:11:13,System.Runtime,dotnet.gc.last_collection.heap.fragmentation.size (By)[gc.heap.generation=gen1],Metric,0
09/10/2026 13:11:13,System.Runtime,dotnet.gc.last_collection.heap.fragmentation.size (By)[gc.heap.generation=gen2],Metric,0
09/10/2026 13:11:14,System.Runtime,dotnet.assembly.count ({assembly}),Metric,61
09/10/2026 13:11:14,System.Runtime,dotnet.gc.last_collection.heap.size (By)[gc.heap.generation=loh],Metric,0
09/10/2026 13:11:14,System.Runtime,dotnet.gc.last_collection.heap.size (By)[gc.heap.generation=gen0],Metric,0
09/10/2026 13:11:14,System.Runtime,dotnet.gc.last_collection.heap.size (By)[gc.heap.generation=poh],Metric,0
09/10/2026 13:11:14,System.Runtime,dotnet.gc.last_collection.heap.size (By)[gc.heap.generation=gen1],Metric,0
09/10/2026 13:11:14,System.Runtime,dotnet.gc.last_collection.heap.size (By)[gc.heap.generation=gen2],Metric,0
09/10/2026 13:11:14,System.Runtime,dotnet.gc.pause.time (s / 1 sec),Rate,0
09/10/2026 13:11:14,System.Runtime,dotnet.gc.collections ({collection} / 1 sec)[gc.heap.generation=gen0],Rate,0
09/10/2026 13:11:14,System.Runtime,dotnet.gc.collections ({collection} / 1 sec)[gc.heap.generation=gen1],Rate,0
09/10/2026 13:11:14,System.Runtime,dotnet.gc.collections ({collection} / 1 sec)[gc.heap.generation=gen2],Rate,0
09/10/2026 13:11:14,System.Runtime,dotnet.gc.heap.total_allocated (By / 1 sec),Rate,131200
09/10/2026 13:11:14,System.Runtime,dotnet.gc.last_collection.memory.committed_size (By),Metric,0
09/10/2026 13:11:14,System.Runtime,dotnet.process.cpu.time (s / 1 sec)[cpu.mode=user],Rate,0.5680409999999974
09/10/2026 13:11:14,System.Runtime,dotnet.process.cpu.time (s / 1 sec)[cpu.mode=system],Rate,0.035328999999999944
09/10/2026 13:11:14,System.Runtime,dotnet.monitor.lock_contentions ({contention} / 1 sec),Rate,0
09/10/2026 13:11:14,System.Runtime,dotnet.thread_pool.thread.count ({thread} / 1 sec),Rate,0
09/10/2026 13:11:14,System.Runtime,dotnet.process.memory.working_set (By),Metric,81821696
09/10/2026 13:11:14,System.Runtime,dotnet.process.cpu.count ({cpu}),Metric,15
09/10/2026 13:11:14,System.Runtime,dotnet.thread_pool.work_item.count ({work_item} / 1 sec),Rate,601
09/10/2026 13:11:14,System.Runtime,dotnet.jit.compilation.time (s / 1 sec),Rate,0
09/10/2026 13:11:14,System.Runtime,dotnet.timer.count ({timer}),Metric,2
09/10/2026 13:11:14,System.Runtime,dotnet.thread_pool.queue.length ({work_item} / 1 sec),Rate,0
09/10/2026 13:11:14,System.Runtime,dotnet.jit.compiled_methods ({method} / 1 sec),Rate,0
09/10/2026 13:11:14,System.Runtime,dotnet.jit.compiled_il.size (By / 1 sec),Rate,0
09/10/2026 13:11:14,System.Runtime,dotnet.gc.last_collection.heap.fragmentation.size (By)[gc.heap.generation=loh],Metric,0
09/10/2026 13:11:14,System.Runtime,dotnet.gc.last_collection.heap.fragmentation.size (By)[gc.heap.generation=gen0],Metric,0
09/10/2026 13:11:14,System.Runtime,dotnet.gc.last_collection.heap.fragmentation.size (By)[gc.heap.generation=poh],Metric,0
09/10/2026 13:11:14,System.Runtime,dotnet.gc.last_collection.heap.fragmentation.size (By)[gc.heap.generation=gen1],Metric,0
09/10/2026 13:11:14,System.Runtime,dotnet.gc.last_collection.heap.fragmentation.size (By)[gc.heap.generation=gen2],Metric,0
09/10/2026 13:11:15,System.Runtime,dotnet.assembly.count ({assembly}),Metric,61
09/10/2026 13:11:15,System.Runtime,dotnet.gc.last_collection.heap.size (By)[gc.heap.generation=loh],Metric,0
09/10/2026 13:11:15,System.Runtime,dotnet.gc.last_collection.heap.size (By)[gc.heap.generation=gen0],Metric,0
09/10/2026 13:11:15,System.Runtime,dotnet.gc.last_collection.heap.size (By)[gc.heap.generation=poh],Metric,0
09/10/2026 13:11:15,System.Runtime,dotnet.gc.last_collection.heap.size (By)[gc.heap.generation=gen1],Metric,0
09/10/2026 13:11:15,System.Runtime,dotnet.gc.last_collection.heap.size (By)[gc.heap.generation=gen2],Metric,0
09/10/2026 13:11:15,System.Runtime,dotnet.gc.pause.time (s / 1 sec),Rate,0
09/10/2026 13:11:15,System.Runtime,dotnet.gc.collections ({collection} / 1 sec)[gc.heap.generation=gen0],Rate,0
09/10/2026 13:11:15,System.Runtime,dotnet.gc.collections ({collection} / 1 sec)[gc.heap.generation=gen1],Rate,0
09/10/2026 13:11:15,System.Runtime,dotnet.gc.collections ({collection} / 1 sec)[gc.heap.generation=gen2],Rate,0
09/10/2026 13:11:15,System.Runtime,dotnet.gc.heap.total_allocated (By / 1 sec),Rate,145536
09/10/2026 13:11:15,System.Runtime,dotnet.gc.last_collection.memory.committed_size (By),Metric,0
09/10/2026 13:11:15,System.Runtime,dotnet.process.cpu.time (s / 1 sec)[cpu.mode=user],Rate,0.569268000000001
09/10/2026 13:11:15,System.Runtime,dotnet.process.cpu.time (s / 1 sec)[cpu.mode=system],Rate,0.03193900000000016
09/10/2026 13:11:15,System.Runtime,dotnet.monitor.lock_contentions ({contention} / 1 sec),Rate,0
09/10/2026 13:11:15,System.Runtime,dotnet.thread_pool.thread.count ({thread} / 1 sec),Rate,0
09/10/2026 13:11:15,System.Runtime,dotnet.process.memory.working_set (By),Metric,82001920
09/10/2026 13:11:15,System.Runtime,dotnet.process.cpu.count ({cpu}),Metric,15
09/10/2026 13:11:15,System.Runtime,dotnet.thread_pool.work_item.count ({work_item} / 1 sec),Rate,601
09/10/2026 13:11:15,System.Runtime,dotnet.jit.compilation.time (s / 1 sec),Rate,0
09/10/2026 13:11:15,System.Runtime,dotnet.timer.count ({timer}),Metric,2
09/10/2026 13:11:15,System.Runtime,dotnet.thread_pool.queue.length ({work_item} / 1 sec),Rate,0
09/10/2026 13:11:15,System.Runtime,dotnet.jit.compiled_methods ({method} / 1 sec),Rate,0
09/10/2026 13:11:15,System.Runtime,dotnet.jit.compiled_il.size (By / 1 sec),Rate,0
09/10/2026 13:11:15,System.Runtime,dotnet.gc.last_collection.heap.fragmentation.size (By)[gc.heap.generation=loh],Metric,0
09/10/2026 13:11:15,System.Runtime,dotnet.gc.last_collection.heap.fragmentation.size (By)[gc.heap.generation=gen0],Metric,0
09/10/2026 13:11:15,System.Runtime,dotnet.gc.last_collection.heap.fragmentation.size (By)[gc.heap.generation=poh],Metric,0
09/10/2026 13:11:15,System.Runtime,dotnet.gc.last_collection.heap.fragmentation.size (By)[gc.heap.generation=gen1],Metric,0
09/10/2026 13:11:15,System.Runtime,dotnet.gc.last_collection.heap.fragmentation.size (By)[gc.heap.generation=gen2],Metric,0
09/10/2026 13:11:16,System.Runtime,dotnet.assembly.count ({assembly}),Metric,61
09/10/2026 13:11:16,System.Runtime,dotnet.gc.last_collection.heap.size (By)[gc.heap.generation=loh],Metric,0
09/10/2026 13:11:16,System.Runtime,dotnet.gc.last_collection.heap.size (By)[gc.heap.generation=gen0],Metric,0
09/10/2026 13:11:16,System.Runtime,dotnet.gc.last_collection.heap.size (By)[gc.heap.generation=poh],Metric,0
09/10/2026 13:11:16,System.Runtime,dotnet.gc.last_collection.heap.size (By)[gc.heap.generation=gen1],Metric,0
09/10/2026 13:11:16,System.Runtime,dotnet.gc.last_collection.heap.size (By)[gc.heap.generation=gen2],Metric,0
09/10/2026 13:11:16,System.Runtime,dotnet.gc.pause.time (s / 1 sec),Rate,0
09/10/2026 13:11:16,System.Runtime,dotnet.gc.collections ({collection} / 1 sec)[gc.heap.generation=gen0],Rate,0
09/10/2026 13:11:16,System.Runtime,dotnet.gc.collections ({collection} / 1 sec)[gc.heap.generation=gen1],Rate,0
09/10/2026 13:11:16,System.Runtime,dotnet.gc.collections ({collection} / 1 sec)[gc.heap.generation=gen2],Rate,0
09/10/2026 13:11:16,System.Runtime,dotnet.gc.heap.total_allocated (By / 1 sec),Rate,114848
09/10/2026 13:11:16,System.Runtime,dotnet.gc.last_collection.memory.committed_size (By),Metric,0
09/10/2026 13:11:16,System.Runtime,dotnet.process.cpu.time (s / 1 sec)[cpu.mode=user],Rate,0.5691020000000009
09/10/2026 13:11:16,System.Runtime,dotnet.process.cpu.time (s / 1 sec)[cpu.mode=system],Rate,0.03581400000000001
09/10/2026 13:11:16,System.Runtime,dotnet.monitor.lock_contentions ({contention} / 1 sec),Rate,0
09/10/2026 13:11:16,System.Runtime,dotnet.thread_pool.thread.count ({thread} / 1 sec),Rate,0
09/10/2026 13:11:16,System.Runtime,dotnet.process.memory.working_set (By),Metric,82083840
09/10/2026 13:11:16,System.Runtime,dotnet.process.cpu.count ({cpu}),Metric,15
09/10/2026 13:11:16,System.Runtime,dotnet.thread_pool.work_item.count ({work_item} / 1 sec),Rate,603
09/10/2026 13:11:16,System.Runtime,dotnet.jit.compilation.time (s / 1 sec),Rate,0
09/10/2026 13:11:16,System.Runtime,dotnet.timer.count ({timer}),Metric,3
09/10/2026 13:11:16,System.Runtime,dotnet.thread_pool.queue.length ({work_item} / 1 sec),Rate,0
09/10/2026 13:11:16,System.Runtime,dotnet.jit.compiled_methods ({method} / 1 sec),Rate,0
09/10/2026 13:11:16,System.Runtime,dotnet.jit.compiled_il.size (By / 1 sec),Rate,0
09/10/2026 13:11:16,System.Runtime,dotnet.gc.last_collection.heap.fragmentation.size (By)[gc.heap.generation=loh],Metric,0
09/10/2026 13:11:16,System.Runtime,dotnet.gc.last_collection.heap.fragmentation.size (By)[gc.heap.generation=gen0],Metric,0
09/10/2026 13:11:16,System.Runtime,dotnet.gc.last_collection.heap.fragmentation.size (By)[gc.heap.generation=poh],Metric,0
09/10/2026 13:11:16,System.Runtime,dotnet.gc.last_collection.heap.fragmentation.size (By)[gc.heap.generation=gen1],Metric,0
09/10/2026 13:11:16,System.Runtime,dotnet.gc.last_collection.heap.fragmentation.size (By)[gc.heap.generation=gen2],Metric,0
09/10/2026 13:11:17,System.Runtime,dotnet.assembly.count ({assembly}),Metric,61
09/10/2026 13:11:17,System.Runtime,dotnet.gc.last_collection.heap.size (By)[gc.heap.generation=loh],Metric,0
09/10/2026 13:11:17,System.Runtime,dotnet.gc.last_collection.heap.size (By)[gc.heap.generation=gen0],Metric,0
09/10/2026 13:11:17,System.Runtime,dotnet.gc.last_collection.heap.size (By)[gc.heap.generation=poh],Metric,0
09/10/2026 13:11:17,System.Runtime,dotnet.gc.last_collection.heap.size (By)[gc.heap.generation=gen1],Metric,0
09/10/2026 13:11:17,System.Runtime,dotnet.gc.last_collection.heap.size (By)[gc.heap.generation=gen2],Metric,0
09/10/2026 13:11:17,System.Runtime,dotnet.gc.pause.time (s / 1 sec),Rate,0
09/10/2026 13:11:17,System.Runtime,dotnet.gc.collections ({collection} / 1 sec)[gc.heap.generation=gen0],Rate,0
09/10/2026 13:11:17,System.Runtime,dotnet.gc.collections ({collection} / 1 sec)[gc.heap.generation=gen1],Rate,0
09/10/2026 13:11:17,System.Runtime,dotnet.gc.collections ({collection} / 1 sec)[gc.heap.generation=gen2],Rate,0
09/10/2026 13:11:17,System.Runtime,dotnet.gc.heap.total_allocated (By / 1 sec),Rate,154792
09/10/2026 13:11:17,System.Runtime,dotnet.gc.last_collection.memory.committed_size (By),Metric,0
09/10/2026 13:11:17,System.Runtime,dotnet.process.cpu.time (s / 1 sec)[cpu.mode=user],Rate,0.5681599999999989
09/10/2026 13:11:17,System.Runtime,dotnet.process.cpu.time (s / 1 sec)[cpu.mode=system],Rate,0.034453999999999985
09/10/2026 13:11:17,System.Runtime,dotnet.monitor.lock_contentions ({contention} / 1 sec),Rate,0
09/10/2026 13:11:17,System.Runtime,dotnet.thread_pool.thread.count ({thread} / 1 sec),Rate,0
09/10/2026 13:11:17,System.Runtime,dotnet.process.memory.working_set (By),Metric,82296832
09/10/2026 13:11:17,System.Runtime,dotnet.process.cpu.count ({cpu}),Metric,15
09/10/2026 13:11:17,System.Runtime,dotnet.thread_pool.work_item.count ({work_item} / 1 sec),Rate,603
09/10/2026 13:11:17,System.Runtime,dotnet.jit.compilation.time (s / 1 sec),Rate,0.0005323999999999884
09/10/2026 13:11:17,System.Runtime,dotnet.timer.count ({timer}),Metric,3
09/10/2026 13:11:17,System.Runtime,dotnet.thread_pool.queue.length ({work_item} / 1 sec),Rate,0
09/10/2026 13:11:17,System.Runtime,dotnet.jit.compiled_methods ({method} / 1 sec),Rate,5
09/10/2026 13:11:17,System.Runtime,dotnet.jit.compiled_il.size (By / 1 sec),Rate,340
09/10/2026 13:11:17,System.Runtime,dotnet.gc.last_collection.heap.fragmentation.size (By)[gc.heap.generation=loh],Metric,0
09/10/2026 13:11:17,System.Runtime,dotnet.gc.last_collection.heap.fragmentation.size (By)[gc.heap.generation=gen0],Metric,0
09/10/2026 13:11:17,System.Runtime,dotnet.gc.last_collection.heap.fragmentation.size (By)[gc.heap.generation=poh],Metric,0
09/10/2026 13:11:17,System.Runtime,dotnet.gc.last_collection.heap.fragmentation.size (By)[gc.heap.generation=gen1],Metric,0
09/10/2026 13:11:17,System.Runtime,dotnet.gc.last_collection.heap.fragmentation.size (By)[gc.heap.generation=gen2],Metric,0
09/10/2026 13:11:18,System.Runtime,dotnet.assembly.count ({assembly}),Metric,61
09/10/2026 13:11:18,System.Runtime,dotnet.gc.last_collection.heap.size (By)[gc.heap.generation=loh],Metric,0
09/10/2026 13:11:18,System.Runtime,dotnet.gc.last_collection.heap.size (By)[gc.heap.generation=gen0],Metric,0
09/10/2026 13:11:18,System.Runtime,dotnet.gc.last_collection.heap.size (By)[gc.heap.generation=poh],Metric,0
09/10/2026 13:11:18,System.Runtime,dotnet.gc.last_collection.heap.size (By)[gc.heap.generation=gen1],Metric,0
09/10/2026 13:11:18,System.Runtime,dotnet.gc.last_collection.heap.size (By)[gc.heap.generation=gen2],Metric,0
09/10/2026 13:11:18,System.Runtime,dotnet.gc.pause.time (s / 1 sec),Rate,0
09/10/2026 13:11:18,System.Runtime,dotnet.gc.collections ({collection} / 1 sec)[gc.heap.generation=gen0],Rate,0
09/10/2026 13:11:18,System.Runtime,dotnet.gc.collections ({collection} / 1 sec)[gc.heap.generation=gen1],Rate,0
09/10/2026 13:11:18,System.Runtime,dotnet.gc.collections ({collection} / 1 sec)[gc.heap.generation=gen2],Rate,0
09/10/2026 13:11:18,System.Runtime,dotnet.gc.heap.total_allocated (By / 1 sec),Rate,121976
09/10/2026 13:11:18,System.Runtime,dotnet.gc.last_collection.memory.committed_size (By),Metric,0
09/10/2026 13:11:18,System.Runtime,dotnet.process.cpu.time (s / 1 sec)[cpu.mode=user],Rate,0.5690119999999972
09/10/2026 13:11:18,System.Runtime,dotnet.process.cpu.time (s / 1 sec)[cpu.mode=system],Rate,0.03533699999999995
09/10/2026 13:11:18,System.Runtime,dotnet.monitor.lock_contentions ({contention} / 1 sec),Rate,0
09/10/2026 13:11:18,System.Runtime,dotnet.thread_pool.thread.count ({thread} / 1 sec),Rate,0
09/10/2026 13:11:18,System.Runtime,dotnet.process.memory.working_set (By),Metric,82427904
09/10/2026 13:11:18,System.Runtime,dotnet.process.cpu.count ({cpu}),Metric,15
09/10/2026 13:11:18,System.Runtime,dotnet.thread_pool.work_item.count ({work_item} / 1 sec),Rate,601
09/10/2026 13:11:18,System.Runtime,dotnet.jit.compilation.time (s / 1 sec),Rate,0
09/10/2026 13:11:18,System.Runtime,dotnet.timer.count ({timer}),Metric,3
09/10/2026 13:11:18,System.Runtime,dotnet.thread_pool.queue.length ({work_item} / 1 sec),Rate,0
09/10/2026 13:11:18,System.Runtime,dotnet.jit.compiled_methods ({method} / 1 sec),Rate,0
09/10/2026 13:11:18,System.Runtime,dotnet.jit.compiled_il.size (By / 1 sec),Rate,0
09/10/2026 13:11:18,System.Runtime,dotnet.gc.last_collection.heap.fragmentation.size (By)[gc.heap.generation=loh],Metric,0
09/10/2026 13:11:18,System.Runtime,dotnet.gc.last_collection.heap.fragmentation.size (By)[gc.heap.generation=gen0],Metric,0
09/10/2026 13:11:18,System.Runtime,dotnet.gc.last_collection.heap.fragmentation.size (By)[gc.heap.generation=poh],Metric,0
09/10/2026 13:11:18,System.Runtime,dotnet.gc.last_collection.heap.fragmentation.size (By)[gc.heap.generation=gen1],Metric,0
09/10/2026 13:11:18,System.Runtime,dotnet.gc.last_collection.heap.fragmentation.size (By)[gc.heap.generation=gen2],Metric,0
09/10/2026 13:11:19,System.Runtime,dotnet.assembly.count ({assembly}),Metric,61
09/10/2026 13:11:19,System.Runtime,dotnet.gc.last_collection.heap.size (By)[gc.heap.generation=loh],Metric,0
09/10/2026 13:11:19,System.Runtime,dotnet.gc.last_collection.heap.size (By)[gc.heap.generation=gen0],Metric,0
09/10/2026 13:11:19,System.Runtime,dotnet.gc.last_collection.heap.size (By)[gc.heap.generation=poh],Metric,0
09/10/2026 13:11:19,System.Runtime,dotnet.gc.last_collection.heap.size (By)[gc.heap.generation=gen1],Metric,0
09/10/2026 13:11:19,System.Runtime,dotnet.gc.last_collection.heap.size (By)[gc.heap.generation=gen2],Metric,0
09/10/2026 13:11:19,System.Runtime,dotnet.gc.pause.time (s / 1 sec),Rate,0
09/10/2026 13:11:19,System.Runtime,dotnet.gc.collections ({collection} / 1 sec)[gc.heap.generation=gen0],Rate,0
09/10/2026 13:11:19,System.Runtime,dotnet.gc.collections ({collection} / 1 sec)[gc.heap.generation=gen1],Rate,0
09/10/2026 13:11:19,System.Runtime,dotnet.gc.collections ({collection} / 1 sec)[gc.heap.generation=gen2],Rate,0
09/10/2026 13:11:19,System.Runtime,dotnet.gc.heap.total_allocated (By / 1 sec),Rate,139400
09/10/2026 13:11:19,System.Runtime,dotnet.gc.last_collection.memory.committed_size (By),Metric,0
09/10/2026 13:11:19,System.Runtime,dotnet.process.cpu.time (s / 1 sec)[cpu.mode=user],Rate,0.5689280000000068
09/10/2026 13:11:19,System.Runtime,dotnet.process.cpu.time (s / 1 sec)[cpu.mode=system],Rate,0.03397899999999998
09/10/2026 13:11:19,System.Runtime,dotnet.monitor.lock_contentions ({contention} / 1 sec),Rate,0
09/10/2026 13:11:19,System.Runtime,dotnet.thread_pool.thread.count ({thread} / 1 sec),Rate,0
09/10/2026 13:11:19,System.Runtime,dotnet.process.memory.working_set (By),Metric,82591744
09/10/2026 13:11:19,System.Runtime,dotnet.process.cpu.count ({cpu}),Metric,15
09/10/2026 13:11:19,System.Runtime,dotnet.thread_pool.work_item.count ({work_item} / 1 sec),Rate,601
09/10/2026 13:11:19,System.Runtime,dotnet.jit.compilation.time (s / 1 sec),Rate,0
09/10/2026 13:11:19,System.Runtime,dotnet.timer.count ({timer}),Metric,3
09/10/2026 13:11:19,System.Runtime,dotnet.thread_pool.queue.length ({work_item} / 1 sec),Rate,0
09/10/2026 13:11:19,System.Runtime,dotnet.jit.compiled_methods ({method} / 1 sec),Rate,0
09/10/2026 13:11:19,System.Runtime,dotnet.jit.compiled_il.size (By / 1 sec),Rate,0
09/10/2026 13:11:19,System.Runtime,dotnet.gc.last_collection.heap.fragmentation.size (By)[gc.heap.generation=loh],Metric,0
09/10/2026 13:11:19,System.Runtime,dotnet.gc.last_collection.heap.fragmentation.size (By)[gc.heap.generation=gen0],Metric,0
09/10/2026 13:11:19,System.Runtime,dotnet.gc.last_collection.heap.fragmentation.size (By)[gc.heap.generation=poh],Metric,0
09/10/2026 13:11:19,System.Runtime,dotnet.gc.last_collection.heap.fragmentation.size (By)[gc.heap.generation=gen1],Metric,0
09/10/2026 13:11:19,System.Runtime,dotnet.gc.last_collection.heap.fragmentation.size (By)[gc.heap.generation=gen2],Metric,0
09/10/2026 13:11:20,System.Runtime,dotnet.assembly.count ({assembly}),Metric,61
09/10/2026 13:11:20,System.Runtime,dotnet.gc.last_collection.heap.size (By)[gc.heap.generation=loh],Metric,0
09/10/2026 13:11:20,System.Runtime,dotnet.gc.last_collection.heap.size (By)[gc.heap.generation=gen0],Metric,0
09/10/2026 13:11:20,System.Runtime,dotnet.gc.last_collection.heap.size (By)[gc.heap.generation=poh],Metric,0
09/10/2026 13:11:20,System.Runtime,dotnet.gc.last_collection.heap.size (By)[gc.heap.generation=gen1],Metric,0
09/10/2026 13:11:20,System.Runtime,dotnet.gc.last_collection.heap.size (By)[gc.heap.generation=gen2],Metric,0
09/10/2026 13:11:20,System.Runtime,dotnet.gc.pause.time (s / 1 sec),Rate,0
09/10/2026 13:11:20,System.Runtime,dotnet.gc.collections ({collection} / 1 sec)[gc.heap.generation=gen0],Rate,0
09/10/2026 13:11:20,System.Runtime,dotnet.gc.collections ({collection} / 1 sec)[gc.heap.generation=gen1],Rate,0
09/10/2026 13:11:20,System.Runtime,dotnet.gc.collections ({collection} / 1 sec)[gc.heap.generation=gen2],Rate,0
09/10/2026 13:11:20,System.Runtime,dotnet.gc.heap.total_allocated (By / 1 sec),Rate,138376
09/10/2026 13:11:20,System.Runtime,dotnet.gc.last_collection.memory.committed_size (By),Metric,0
09/10/2026 13:11:20,System.Runtime,dotnet.process.cpu.time (s / 1 sec)[cpu.mode=user],Rate,0.5668059999999997
09/10/2026 13:11:20,System.Runtime,dotnet.process.cpu.time (s / 1 sec)[cpu.mode=system],Rate,0.03510199999999997
09/10/2026 13:11:20,System.Runtime,dotnet.monitor.lock_contentions ({contention} / 1 sec),Rate,0
09/10/2026 13:11:20,System.Runtime,dotnet.thread_pool.thread.count ({thread} / 1 sec),Rate,0
09/10/2026 13:11:20,System.Runtime,dotnet.process.memory.working_set (By),Metric,82771968
09/10/2026 13:11:20,System.Runtime,dotnet.process.cpu.count ({cpu}),Metric,15
09/10/2026 13:11:20,System.Runtime,dotnet.thread_pool.work_item.count ({work_item} / 1 sec),Rate,601
09/10/2026 13:11:20,System.Runtime,dotnet.jit.compilation.time (s / 1 sec),Rate,0
09/10/2026 13:11:20,System.Runtime,dotnet.timer.count ({timer}),Metric,3
09/10/2026 13:11:20,System.Runtime,dotnet.thread_pool.queue.length ({work_item} / 1 sec),Rate,0
09/10/2026 13:11:20,System.Runtime,dotnet.jit.compiled_methods ({method} / 1 sec),Rate,0
09/10/2026 13:11:20,System.Runtime,dotnet.jit.compiled_il.size (By / 1 sec),Rate,0
09/10/2026 13:11:20,System.Runtime,dotnet.gc.last_collection.heap.fragmentation.size (By)[gc.heap.generation=loh],Metric,0
09/10/2026 13:11:20,System.Runtime,dotnet.gc.last_collection.heap.fragmentation.size (By)[gc.heap.generation=gen0],Metric,0
09/10/2026 13:11:20,System.Runtime,dotnet.gc.last_collection.heap.fragmentation.size (By)[gc.heap.generation=poh],Metric,0
09/10/2026 13:11:20,System.Runtime,dotnet.gc.last_collection.heap.fragmentation.size (By)[gc.heap.generation=gen1],Metric,0
09/10/2026 13:11:20,System.Runtime,dotnet.gc.last_collection.heap.fragmentation.size (By)[gc.heap.generation=gen2],Metric,0
09/10/2026 13:11:21,System.Runtime,dotnet.assembly.count ({assembly}),Metric,61
09/10/2026 13:11:21,System.Runtime,dotnet.gc.last_collection.heap.size (By)[gc.heap.generation=loh],Metric,0
09/10/2026 13:11:21,System.Runtime,dotnet.gc.last_collection.heap.size (By)[gc.heap.generation=gen0],Metric,0
09/10/2026 13:11:21,System.Runtime,dotnet.gc.last_collection.heap.size (By)[gc.heap.generation=poh],Metric,0
09/10/2026 13:11:21,System.Runtime,dotnet.gc.last_collection.heap.size (By)[gc.heap.generation=gen1],Metric,0
09/10/2026 13:11:21,System.Runtime,dotnet.gc.last_collection.heap.size (By)[gc.heap.generation=gen2],Metric,0
09/10/2026 13:11:21,System.Runtime,dotnet.gc.pause.time (s / 1 sec),Rate,0
09/10/2026 13:11:21,System.Runtime,dotnet.gc.collections ({collection} / 1 sec)[gc.heap.generation=gen0],Rate,0
09/10/2026 13:11:21,System.Runtime,dotnet.gc.collections ({collection} / 1 sec)[gc.heap.generation=gen1],Rate,0
09/10/2026 13:11:21,System.Runtime,dotnet.gc.collections ({collection} / 1 sec)[gc.heap.generation=gen2],Rate,0
09/10/2026 13:11:21,System.Runtime,dotnet.gc.heap.total_allocated (By / 1 sec),Rate,139296
09/10/2026 13:11:21,System.Runtime,dotnet.gc.last_collection.memory.committed_size (By),Metric,0
09/10/2026 13:11:21,System.Runtime,dotnet.process.cpu.time (s / 1 sec)[cpu.mode=user],Rate,0.5678449999999984
09/10/2026 13:11:21,System.Runtime,dotnet.process.cpu.time (s / 1 sec)[cpu.mode=system],Rate,0.03569100000000014
09/10/2026 13:11:21,System.Runtime,dotnet.monitor.lock_contentions ({contention} / 1 sec),Rate,0
09/10/2026 13:11:21,System.Runtime,dotnet.thread_pool.thread.count ({thread} / 1 sec),Rate,0
09/10/2026 13:11:21,System.Runtime,dotnet.process.memory.working_set (By),Metric,82886656
09/10/2026 13:11:21,System.Runtime,dotnet.process.cpu.count ({cpu}),Metric,15
09/10/2026 13:11:21,System.Runtime,dotnet.thread_pool.work_item.count ({work_item} / 1 sec),Rate,601
09/10/2026 13:11:21,System.Runtime,dotnet.jit.compilation.time (s / 1 sec),Rate,0
09/10/2026 13:11:21,System.Runtime,dotnet.timer.count ({timer}),Metric,3
09/10/2026 13:11:21,System.Runtime,dotnet.thread_pool.queue.length ({work_item} / 1 sec),Rate,0
09/10/2026 13:11:21,System.Runtime,dotnet.jit.compiled_methods ({method} / 1 sec),Rate,0
09/10/2026 13:11:21,System.Runtime,dotnet.jit.compiled_il.size (By / 1 sec),Rate,0
09/10/2026 13:11:21,System.Runtime,dotnet.gc.last_collection.heap.fragmentation.size (By)[gc.heap.generation=loh],Metric,0
09/10/2026 13:11:21,System.Runtime,dotnet.gc.last_collection.heap.fragmentation.size (By)[gc.heap.generation=gen0],Metric,0
09/10/2026 13:11:21,System.Runtime,dotnet.gc.last_collection.heap.fragmentation.size (By)[gc.heap.generation=poh],Metric,0
09/10/2026 13:11:21,System.Runtime,dotnet.gc.last_collection.heap.fragmentation.size (By)[gc.heap.generation=gen1],Metric,0
09/10/2026 13:11:21,System.Runtime,dotnet.gc.last_collection.heap.fragmentation.size (By)[gc.heap.generation=gen2],Metric,0
09/10/2026 13:11:22,System.Runtime,dotnet.assembly.count ({assembly}),Metric,61
09/10/2026 13:11:22,System.Runtime,dotnet.gc.last_collection.heap.size (By)[gc.heap.generation=loh],Metric,0
09/10/2026 13:11:22,System.Runtime,dotnet.gc.last_collection.heap.size (By)[gc.heap.generation=gen0],Metric,0
09/10/2026 13:11:22,System.Runtime,dotnet.gc.last_collection.heap.size (By)[gc.heap.generation=poh],Metric,0
09/10/2026 13:11:22,System.Runtime,dotnet.gc.last_collection.heap.size (By)[gc.heap.generation=gen1],Metric,0
09/10/2026 13:11:22,System.Runtime,dotnet.gc.last_collection.heap.size (By)[gc.heap.generation=gen2],Metric,0
09/10/2026 13:11:22,System.Runtime,dotnet.gc.pause.time (s / 1 sec),Rate,0
09/10/2026 13:11:22,System.Runtime,dotnet.gc.collections ({collection} / 1 sec)[gc.heap.generation=gen0],Rate,0
09/10/2026 13:11:22,System.Runtime,dotnet.gc.collections ({collection} / 1 sec)[gc.heap.generation=gen1],Rate,0
09/10/2026 13:11:22,System.Runtime,dotnet.gc.collections ({collection} / 1 sec)[gc.heap.generation=gen2],Rate,0
09/10/2026 13:11:22,System.Runtime,dotnet.gc.heap.total_allocated (By / 1 sec),Rate,131120
09/10/2026 13:11:22,System.Runtime,dotnet.gc.last_collection.memory.committed_size (By),Metric,0
09/10/2026 13:11:22,System.Runtime,dotnet.process.cpu.time (s / 1 sec)[cpu.mode=user],Rate,0.5681259999999995
09/10/2026 13:11:22,System.Runtime,dotnet.process.cpu.time (s / 1 sec)[cpu.mode=system],Rate,0.03493999999999997
09/10/2026 13:11:22,System.Runtime,dotnet.monitor.lock_contentions ({contention} / 1 sec),Rate,0
09/10/2026 13:11:22,System.Runtime,dotnet.thread_pool.thread.count ({thread} / 1 sec),Rate,0
09/10/2026 13:11:22,System.Runtime,dotnet.process.memory.working_set (By),Metric,83050496
09/10/2026 13:11:22,System.Runtime,dotnet.process.cpu.count ({cpu}),Metric,15
09/10/2026 13:11:22,System.Runtime,dotnet.thread_pool.work_item.count ({work_item} / 1 sec),Rate,599
09/10/2026 13:11:22,System.Runtime,dotnet.jit.compilation.time (s / 1 sec),Rate,0.00040200000000001346
09/10/2026 13:11:22,System.Runtime,dotnet.timer.count ({timer}),Metric,2
09/10/2026 13:11:22,System.Runtime,dotnet.thread_pool.queue.length ({work_item} / 1 sec),Rate,0
09/10/2026 13:11:22,System.Runtime,dotnet.jit.compiled_methods ({method} / 1 sec),Rate,1
09/10/2026 13:11:22,System.Runtime,dotnet.jit.compiled_il.size (By / 1 sec),Rate,169
09/10/2026 13:11:22,System.Runtime,dotnet.gc.last_collection.heap.fragmentation.size (By)[gc.heap.generation=loh],Metric,0
09/10/2026 13:11:22,System.Runtime,dotnet.gc.last_collection.heap.fragmentation.size (By)[gc.heap.generation=gen0],Metric,0
09/10/2026 13:11:22,System.Runtime,dotnet.gc.last_collection.heap.fragmentation.size (By)[gc.heap.generation=poh],Metric,0
09/10/2026 13:11:22,System.Runtime,dotnet.gc.last_collection.heap.fragmentation.size (By)[gc.heap.generation=gen1],Metric,0
09/10/2026 13:11:22,System.Runtime,dotnet.gc.last_collection.heap.fragmentation.size (By)[gc.heap.generation=gen2],Metric,0
09/10/2026 13:11:23,System.Runtime,dotnet.assembly.count ({assembly}),Metric,61
09/10/2026 13:11:23,System.Runtime,dotnet.gc.last_collection.heap.size (By)[gc.heap.generation=loh],Metric,0
09/10/2026 13:11:23,System.Runtime,dotnet.gc.last_collection.heap.size (By)[gc.heap.generation=gen0],Metric,0
09/10/2026 13:11:23,System.Runtime,dotnet.gc.last_collection.heap.size (By)[gc.heap.generation=poh],Metric,0
09/10/2026 13:11:23,System.Runtime,dotnet.gc.last_collection.heap.size (By)[gc.heap.generation=gen1],Metric,0
09/10/2026 13:11:23,System.Runtime,dotnet.gc.last_collection.heap.size (By)[gc.heap.generation=gen2],Metric,0
09/10/2026 13:11:23,System.Runtime,dotnet.gc.pause.time (s / 1 sec),Rate,0
09/10/2026 13:11:23,System.Runtime,dotnet.gc.collections ({collection} / 1 sec)[gc.heap.generation=gen0],Rate,0
09/10/2026 13:11:23,System.Runtime,dotnet.gc.collections ({collection} / 1 sec)[gc.heap.generation=gen1],Rate,0
09/10/2026 13:11:23,System.Runtime,dotnet.gc.collections ({collection} / 1 sec)[gc.heap.generation=gen2],Rate,0
09/10/2026 13:11:23,System.Runtime,dotnet.gc.heap.total_allocated (By / 1 sec),Rate,146576
09/10/2026 13:11:23,System.Runtime,dotnet.gc.last_collection.memory.committed_size (By),Metric,0
09/10/2026 13:11:23,System.Runtime,dotnet.process.cpu.time (s / 1 sec)[cpu.mode=user],Rate,0.5672410000000028
09/10/2026 13:11:23,System.Runtime,dotnet.process.cpu.time (s / 1 sec)[cpu.mode=system],Rate,0.036143000000000036
09/10/2026 13:11:23,System.Runtime,dotnet.monitor.lock_contentions ({contention} / 1 sec),Rate,0
09/10/2026 13:11:23,System.Runtime,dotnet.thread_pool.thread.count ({thread} / 1 sec),Rate,0
09/10/2026 13:11:23,System.Runtime,dotnet.process.memory.working_set (By),Metric,83230720
09/10/2026 13:11:23,System.Runtime,dotnet.process.cpu.count ({cpu}),Metric,15
09/10/2026 13:11:23,System.Runtime,dotnet.thread_pool.work_item.count ({work_item} / 1 sec),Rate,601
09/10/2026 13:11:23,System.Runtime,dotnet.jit.compilation.time (s / 1 sec),Rate,0
09/10/2026 13:11:23,System.Runtime,dotnet.timer.count ({timer}),Metric,2
09/10/2026 13:11:23,System.Runtime,dotnet.thread_pool.queue.length ({work_item} / 1 sec),Rate,0
09/10/2026 13:11:23,System.Runtime,dotnet.jit.compiled_methods ({method} / 1 sec),Rate,0
09/10/2026 13:11:23,System.Runtime,dotnet.jit.compiled_il.size (By / 1 sec),Rate,0
09/10/2026 13:11:23,System.Runtime,dotnet.gc.last_collection.heap.fragmentation.size (By)[gc.heap.generation=loh],Metric,0
09/10/2026 13:11:23,System.Runtime,dotnet.gc.last_collection.heap.fragmentation.size (By)[gc.heap.generation=gen0],Metric,0
09/10/2026 13:11:23,System.Runtime,dotnet.gc.last_collection.heap.fragmentation.size (By)[gc.heap.generation=poh],Metric,0
09/10/2026 13:11:23,System.Runtime,dotnet.gc.last_collection.heap.fragmentation.size (By)[gc.heap.generation=gen1],Metric,0
09/10/2026 13:11:23,System.Runtime,dotnet.gc.last_collection.heap.fragmentation.size (By)[gc.heap.generation=gen2],Metric,0
09/10/2026 13:11:24,System.Runtime,dotnet.assembly.count ({assembly}),Metric,61
09/10/2026 13:11:24,System.Runtime,dotnet.gc.last_collection.heap.size (By)[gc.heap.generation=loh],Metric,0
09/10/2026 13:11:24,System.Runtime,dotnet.gc.last_collection.heap.size (By)[gc.heap.generation=gen0],Metric,0
09/10/2026 13:11:24,System.Runtime,dotnet.gc.last_collection.heap.size (By)[gc.heap.generation=poh],Metric,0
09/10/2026 13:11:24,System.Runtime,dotnet.gc.last_collection.heap.size (By)[gc.heap.generation=gen1],Metric,0
09/10/2026 13:11:24,System.Runtime,dotnet.gc.last_collection.heap.size (By)[gc.heap.generation=gen2],Metric,0
09/10/2026 13:11:24,System.Runtime,dotnet.gc.pause.time (s / 1 sec),Rate,0
09/10/2026 13:11:24,System.Runtime,dotnet.gc.collections ({collection} / 1 sec)[gc.heap.generation=gen0],Rate,0
09/10/2026 13:11:24,System.Runtime,dotnet.gc.collections ({collection} / 1 sec)[gc.heap.generation=gen1],Rate,0
09/10/2026 13:11:24,System.Runtime,dotnet.gc.collections ({collection} / 1 sec)[gc.heap.generation=gen2],Rate,0
09/10/2026 13:11:24,System.Runtime,dotnet.gc.heap.total_allocated (By / 1 sec),Rate,121976
09/10/2026 13:11:24,System.Runtime,dotnet.gc.last_collection.memory.committed_size (By),Metric,0
09/10/2026 13:11:24,System.Runtime,dotnet.process.cpu.time (s / 1 sec)[cpu.mode=user],Rate,0.5673239999999993
09/10/2026 13:11:24,System.Runtime,dotnet.process.cpu.time (s / 1 sec)[cpu.mode=system],Rate,0.034488000000000074
09/10/2026 13:11:24,System.Runtime,dotnet.monitor.lock_contentions ({contention} / 1 sec),Rate,0
09/10/2026 13:11:24,System.Runtime,dotnet.thread_pool.thread.count ({thread} / 1 sec),Rate,0
09/10/2026 13:11:24,System.Runtime,dotnet.process.memory.working_set (By),Metric,83345408
09/10/2026 13:11:24,System.Runtime,dotnet.process.cpu.count ({cpu}),Metric,15
09/10/2026 13:11:24,System.Runtime,dotnet.thread_pool.work_item.count ({work_item} / 1 sec),Rate,601
09/10/2026 13:11:24,System.Runtime,dotnet.jit.compilation.time (s / 1 sec),Rate,0
09/10/2026 13:11:24,System.Runtime,dotnet.timer.count ({timer}),Metric,2
09/10/2026 13:11:24,System.Runtime,dotnet.thread_pool.queue.length ({work_item} / 1 sec),Rate,0
09/10/2026 13:11:24,System.Runtime,dotnet.jit.compiled_methods ({method} / 1 sec),Rate,0
09/10/2026 13:11:24,System.Runtime,dotnet.jit.compiled_il.size (By / 1 sec),Rate,0
09/10/2026 13:11:24,System.Runtime,dotnet.gc.last_collection.heap.fragmentation.size (By)[gc.heap.generation=loh],Metric,0
09/10/2026 13:11:24,System.Runtime,dotnet.gc.last_collection.heap.fragmentation.size (By)[gc.heap.generation=gen0],Metric,0
09/10/2026 13:11:24,System.Runtime,dotnet.gc.last_collection.heap.fragmentation.size (By)[gc.heap.generation=poh],Metric,0
09/10/2026 13:11:24,System.Runtime,dotnet.gc.last_collection.heap.fragmentation.size (By)[gc.heap.generation=gen1],Metric,0
09/10/2026 13:11:24,System.Runtime,dotnet.gc.last_collection.heap.fragmentation.size (By)[gc.heap.generation=gen2],Metric,0
09/10/2026 13:11:25,System.Runtime,dotnet.assembly.count ({assembly}),Metric,61
09/10/2026 13:11:25,System.Runtime,dotnet.gc.last_collection.heap.size (By)[gc.heap.generation=loh],Metric,0
09/10/2026 13:11:25,System.Runtime,dotnet.gc.last_collection.heap.size (By)[gc.heap.generation=gen0],Metric,0
09/10/2026 13:11:25,System.Runtime,dotnet.gc.last_collection.heap.size (By)[gc.heap.generation=poh],Metric,0
09/10/2026 13:11:25,System.Runtime,dotnet.gc.last_collection.heap.size (By)[gc.heap.generation=gen1],Metric,0
09/10/2026 13:11:25,System.Runtime,dotnet.gc.last_collection.heap.size (By)[gc.heap.generation=gen2],Metric,0
09/10/2026 13:11:25,System.Runtime,dotnet.gc.pause.time (s / 1 sec),Rate,0
09/10/2026 13:11:25,System.Runtime,dotnet.gc.collections ({collection} / 1 sec)[gc.heap.generation=gen0],Rate,0
09/10/2026 13:11:25,System.Runtime,dotnet.gc.collections ({collection} / 1 sec)[gc.heap.generation=gen1],Rate,0
09/10/2026 13:11:25,System.Runtime,dotnet.gc.collections ({collection} / 1 sec)[gc.heap.generation=gen2],Rate,0
09/10/2026 13:11:25,System.Runtime,dotnet.gc.heap.total_allocated (By / 1 sec),Rate,146576
09/10/2026 13:11:25,System.Runtime,dotnet.gc.last_collection.memory.committed_size (By),Metric,0
09/10/2026 13:11:25,System.Runtime,dotnet.process.cpu.time (s / 1 sec)[cpu.mode=user],Rate,0.5673649999999952
09/10/2026 13:11:25,System.Runtime,dotnet.process.cpu.time (s / 1 sec)[cpu.mode=system],Rate,0.03747100000000003
09/10/2026 13:11:25,System.Runtime,dotnet.monitor.lock_contentions ({contention} / 1 sec),Rate,0
09/10/2026 13:11:25,System.Runtime,dotnet.thread_pool.thread.count ({thread} / 1 sec),Rate,0
09/10/2026 13:11:25,System.Runtime,dotnet.process.memory.working_set (By),Metric,83525632
09/10/2026 13:11:25,System.Runtime,dotnet.process.cpu.count ({cpu}),Metric,15
09/10/2026 13:11:25,System.Runtime,dotnet.thread_pool.work_item.count ({work_item} / 1 sec),Rate,601
09/10/2026 13:11:25,System.Runtime,dotnet.jit.compilation.time (s / 1 sec),Rate,0
09/10/2026 13:11:25,System.Runtime,dotnet.timer.count ({timer}),Metric,2
09/10/2026 13:11:25,System.Runtime,dotnet.thread_pool.queue.length ({work_item} / 1 sec),Rate,0
09/10/2026 13:11:25,System.Runtime,dotnet.jit.compiled_methods ({method} / 1 sec),Rate,0
09/10/2026 13:11:25,System.Runtime,dotnet.jit.compiled_il.size (By / 1 sec),Rate,0
09/10/2026 13:11:25,System.Runtime,dotnet.gc.last_collection.heap.fragmentation.size (By)[gc.heap.generation=loh],Metric,0
09/10/2026 13:11:25,System.Runtime,dotnet.gc.last_collection.heap.fragmentation.size (By)[gc.heap.generation=gen0],Metric,0
09/10/2026 13:11:25,System.Runtime,dotnet.gc.last_collection.heap.fragmentation.size (By)[gc.heap.generation=poh],Metric,0
09/10/2026 13:11:25,System.Runtime,dotnet.gc.last_collection.heap.fragmentation.size (By)[gc.heap.generation=gen1],Metric,0
09/10/2026 13:11:25,System.Runtime,dotnet.gc.last_collection.heap.fragmentation.size (By)[gc.heap.generation=gen2],Metric,0
09/10/2026 13:11:26,System.Runtime,dotnet.assembly.count ({assembly}),Metric,61
09/10/2026 13:11:26,System.Runtime,dotnet.gc.last_collection.heap.size (By)[gc.heap.generation=loh],Metric,0
09/10/2026 13:11:26,System.Runtime,dotnet.gc.last_collection.heap.size (By)[gc.heap.generation=gen0],Metric,0
09/10/2026 13:11:26,System.Runtime,dotnet.gc.last_collection.heap.size (By)[gc.heap.generation=poh],Metric,0
09/10/2026 13:11:26,System.Runtime,dotnet.gc.last_collection.heap.size (By)[gc.heap.generation=gen1],Metric,0
09/10/2026 13:11:26,System.Runtime,dotnet.gc.last_collection.heap.size (By)[gc.heap.generation=gen2],Metric,0
09/10/2026 13:11:26,System.Runtime,dotnet.gc.pause.time (s / 1 sec),Rate,0
09/10/2026 13:11:26,System.Runtime,dotnet.gc.collections ({collection} / 1 sec)[gc.heap.generation=gen0],Rate,0
09/10/2026 13:11:26,System.Runtime,dotnet.gc.collections ({collection} / 1 sec)[gc.heap.generation=gen1],Rate,0
09/10/2026 13:11:26,System.Runtime,dotnet.gc.collections ({collection} / 1 sec)[gc.heap.generation=gen2],Rate,0
09/10/2026 13:11:26,System.Runtime,dotnet.gc.heap.total_allocated (By / 1 sec),Rate,131200
09/10/2026 13:11:26,System.Runtime,dotnet.gc.last_collection.memory.committed_size (By),Metric,0
09/10/2026 13:11:26,System.Runtime,dotnet.process.cpu.time (s / 1 sec)[cpu.mode=user],Rate,0.568755000000003
09/10/2026 13:11:26,System.Runtime,dotnet.process.cpu.time (s / 1 sec)[cpu.mode=system],Rate,0.0331819999999996
09/10/2026 13:11:26,System.Runtime,dotnet.monitor.lock_contentions ({contention} / 1 sec),Rate,0
09/10/2026 13:11:26,System.Runtime,dotnet.thread_pool.thread.count ({thread} / 1 sec),Rate,0
09/10/2026 13:11:26,System.Runtime,dotnet.process.memory.working_set (By),Metric,83656704
09/10/2026 13:11:26,System.Runtime,dotnet.process.cpu.count ({cpu}),Metric,15
09/10/2026 13:11:26,System.Runtime,dotnet.thread_pool.work_item.count ({work_item} / 1 sec),Rate,603
09/10/2026 13:11:26,System.Runtime,dotnet.jit.compilation.time (s / 1 sec),Rate,0
09/10/2026 13:11:26,System.Runtime,dotnet.timer.count ({timer}),Metric,3
09/10/2026 13:11:26,System.Runtime,dotnet.thread_pool.queue.length ({work_item} / 1 sec),Rate,0
09/10/2026 13:11:26,System.Runtime,dotnet.jit.compiled_methods ({method} / 1 sec),Rate,0
09/10/2026 13:11:26,System.Runtime,dotnet.jit.compiled_il.size (By / 1 sec),Rate,0
09/10/2026 13:11:26,System.Runtime,dotnet.gc.last_collection.heap.fragmentation.size (By)[gc.heap.generation=loh],Metric,0
09/10/2026 13:11:26,System.Runtime,dotnet.gc.last_collection.heap.fragmentation.size (By)[gc.heap.generation=gen0],Metric,0
09/10/2026 13:11:26,System.Runtime,dotnet.gc.last_collection.heap.fragmentation.size (By)[gc.heap.generation=poh],Metric,0
09/10/2026 13:11:26,System.Runtime,dotnet.gc.last_collection.heap.fragmentation.size (By)[gc.heap.generation=gen1],Metric,0
09/10/2026 13:11:26,System.Runtime,dotnet.gc.last_collection.heap.fragmentation.size (By)[gc.heap.generation=gen2],Metric,0
09/10/2026 13:11:27,System.Runtime,dotnet.assembly.count ({assembly}),Metric,61
09/10/2026 13:11:27,System.Runtime,dotnet.gc.last_collection.heap.size (By)[gc.heap.generation=loh],Metric,0
09/10/2026 13:11:27,System.Runtime,dotnet.gc.last_collection.heap.size (By)[gc.heap.generation=gen0],Metric,0
09/10/2026 13:11:27,System.Runtime,dotnet.gc.last_collection.heap.size (By)[gc.heap.generation=poh],Metric,0
09/10/2026 13:11:27,System.Runtime,dotnet.gc.last_collection.heap.size (By)[gc.heap.generation=gen1],Metric,0
09/10/2026 13:11:27,System.Runtime,dotnet.gc.last_collection.heap.size (By)[gc.heap.generation=gen2],Metric,0
09/10/2026 13:11:27,System.Runtime,dotnet.gc.pause.time (s / 1 sec),Rate,0
09/10/2026 13:11:27,System.Runtime,dotnet.gc.collections ({collection} / 1 sec)[gc.heap.generation=gen0],Rate,0
09/10/2026 13:11:27,System.Runtime,dotnet.gc.collections ({collection} / 1 sec)[gc.heap.generation=gen1],Rate,0
09/10/2026 13:11:27,System.Runtime,dotnet.gc.collections ({collection} / 1 sec)[gc.heap.generation=gen2],Rate,0
09/10/2026 13:11:27,System.Runtime,dotnet.gc.heap.total_allocated (By / 1 sec),Rate,147584
09/10/2026 13:11:27,System.Runtime,dotnet.gc.last_collection.memory.committed_size (By),Metric,0
09/10/2026 13:11:27,System.Runtime,dotnet.process.cpu.time (s / 1 sec)[cpu.mode=user],Rate,0.5686859999999996
09/10/2026 13:11:27,System.Runtime,dotnet.process.cpu.time (s / 1 sec)[cpu.mode=system],Rate,0.03384600000000004
09/10/2026 13:11:27,System.Runtime,dotnet.monitor.lock_contentions ({contention} / 1 sec),Rate,0
09/10/2026 13:11:27,System.Runtime,dotnet.thread_pool.thread.count ({thread} / 1 sec),Rate,0
09/10/2026 13:11:27,System.Runtime,dotnet.process.memory.working_set (By),Metric,83869696
09/10/2026 13:11:27,System.Runtime,dotnet.process.cpu.count ({cpu}),Metric,15
09/10/2026 13:11:27,System.Runtime,dotnet.thread_pool.work_item.count ({work_item} / 1 sec),Rate,603
09/10/2026 13:11:27,System.Runtime,dotnet.jit.compilation.time (s / 1 sec),Rate,0.00032849999999995383
09/10/2026 13:11:27,System.Runtime,dotnet.timer.count ({timer}),Metric,3
09/10/2026 13:11:27,System.Runtime,dotnet.thread_pool.queue.length ({work_item} / 1 sec),Rate,0
09/10/2026 13:11:27,System.Runtime,dotnet.jit.compiled_methods ({method} / 1 sec),Rate,2
09/10/2026 13:11:27,System.Runtime,dotnet.jit.compiled_il.size (By / 1 sec),Rate,171
09/10/2026 13:11:27,System.Runtime,dotnet.gc.last_collection.heap.fragmentation.size (By)[gc.heap.generation=loh],Metric,0
09/10/2026 13:11:27,System.Runtime,dotnet.gc.last_collection.heap.fragmentation.size (By)[gc.heap.generation=gen0],Metric,0
09/10/2026 13:11:27,System.Runtime,dotnet.gc.last_collection.heap.fragmentation.size (By)[gc.heap.generation=poh],Metric,0
09/10/2026 13:11:27,System.Runtime,dotnet.gc.last_collection.heap.fragmentation.size (By)[gc.heap.generation=gen1],Metric,0
09/10/2026 13:11:27,System.Runtime,dotnet.gc.last_collection.heap.fragmentation.size (By)[gc.heap.generation=gen2],Metric,0
09/10/2026 13:11:28,System.Runtime,dotnet.assembly.count ({assembly}),Metric,61
09/10/2026 13:11:28,System.Runtime,dotnet.gc.last_collection.heap.size (By)[gc.heap.generation=loh],Metric,0
09/10/2026 13:11:28,System.Runtime,dotnet.gc.last_collection.heap.size (By)[gc.heap.generation=gen0],Metric,0
09/10/2026 13:11:28,System.Runtime,dotnet.gc.last_collection.heap.size (By)[gc.heap.generation=poh],Metric,0
09/10/2026 13:11:28,System.Runtime,dotnet.gc.last_collection.heap.size (By)[gc.heap.generation=gen1],Metric,0
09/10/2026 13:11:28,System.Runtime,dotnet.gc.last_collection.heap.size (By)[gc.heap.generation=gen2],Metric,0
09/10/2026 13:11:28,System.Runtime,dotnet.gc.pause.time (s / 1 sec),Rate,0
09/10/2026 13:11:28,System.Runtime,dotnet.gc.collections ({collection} / 1 sec)[gc.heap.generation=gen0],Rate,0
09/10/2026 13:11:28,System.Runtime,dotnet.gc.collections ({collection} / 1 sec)[gc.heap.generation=gen1],Rate,0
09/10/2026 13:11:28,System.Runtime,dotnet.gc.collections ({collection} / 1 sec)[gc.heap.generation=gen2],Rate,0
09/10/2026 13:11:28,System.Runtime,dotnet.gc.heap.total_allocated (By / 1 sec),Rate,123000
09/10/2026 13:11:28,System.Runtime,dotnet.gc.last_collection.memory.committed_size (By),Metric,0
09/10/2026 13:11:28,System.Runtime,dotnet.process.cpu.time (s / 1 sec)[cpu.mode=user],Rate,0.5669249999999977
09/10/2026 13:11:28,System.Runtime,dotnet.process.cpu.time (s / 1 sec)[cpu.mode=system],Rate,0.03508900000000015
09/10/2026 13:11:28,System.Runtime,dotnet.monitor.lock_contentions ({contention} / 1 sec),Rate,0
09/10/2026 13:11:28,System.Runtime,dotnet.thread_pool.thread.count ({thread} / 1 sec),Rate,0
09/10/2026 13:11:28,System.Runtime,dotnet.process.memory.working_set (By),Metric,84000768
09/10/2026 13:11:28,System.Runtime,dotnet.process.cpu.count ({cpu}),Metric,15
09/10/2026 13:11:28,System.Runtime,dotnet.thread_pool.work_item.count ({work_item} / 1 sec),Rate,598
09/10/2026 13:11:28,System.Runtime,dotnet.jit.compilation.time (s / 1 sec),Rate,0
09/10/2026 13:11:28,System.Runtime,dotnet.timer.count ({timer}),Metric,2
09/10/2026 13:11:28,System.Runtime,dotnet.thread_pool.queue.length ({work_item} / 1 sec),Rate,0
09/10/2026 13:11:28,System.Runtime,dotnet.jit.compiled_methods ({method} / 1 sec),Rate,0
09/10/2026 13:11:28,System.Runtime,dotnet.jit.compiled_il.size (By / 1 sec),Rate,0
09/10/2026 13:11:28,System.Runtime,dotnet.gc.last_collection.heap.fragmentation.size (By)[gc.heap.generation=loh],Metric,0
09/10/2026 13:11:28,System.Runtime,dotnet.gc.last_collection.heap.fragmentation.size (By)[gc.heap.generation=gen0],Metric,0
09/10/2026 13:11:28,System.Runtime,dotnet.gc.last_collection.heap.fragmentation.size (By)[gc.heap.generation=poh],Metric,0
09/10/2026 13:11:28,System.Runtime,dotnet.gc.last_collection.heap.fragmentation.size (By)[gc.heap.generation=gen1],Metric,0
09/10/2026 13:11:28,System.Runtime,dotnet.gc.last_collection.heap.fragmentation.size (By)[gc.heap.generation=gen2],Metric,0
09/10/2026 13:11:29,System.Runtime,dotnet.assembly.count ({assembly}),Metric,61
09/10/2026 13:11:29,System.Runtime,dotnet.gc.last_collection.heap.size (By)[gc.heap.generation=loh],Metric,0
09/10/2026 13:11:29,System.Runtime,dotnet.gc.last_collection.heap.size (By)[gc.heap.generation=gen0],Metric,0
09/10/2026 13:11:29,System.Runtime,dotnet.gc.last_collection.heap.size (By)[gc.heap.generation=poh],Metric,0
09/10/2026 13:11:29,System.Runtime,dotnet.gc.last_collection.heap.size (By)[gc.heap.generation=gen1],Metric,0
09/10/2026 13:11:29,System.Runtime,dotnet.gc.last_collection.heap.size (By)[gc.heap.generation=gen2],Metric,0
09/10/2026 13:11:29,System.Runtime,dotnet.gc.pause.time (s / 1 sec),Rate,0
09/10/2026 13:11:29,System.Runtime,dotnet.gc.collections ({collection} / 1 sec)[gc.heap.generation=gen0],Rate,0
09/10/2026 13:11:29,System.Runtime,dotnet.gc.collections ({collection} / 1 sec)[gc.heap.generation=gen1],Rate,0
09/10/2026 13:11:29,System.Runtime,dotnet.gc.collections ({collection} / 1 sec)[gc.heap.generation=gen2],Rate,0
09/10/2026 13:11:29,System.Runtime,dotnet.gc.heap.total_allocated (By / 1 sec),Rate,146576
09/10/2026 13:11:29,System.Runtime,dotnet.gc.last_collection.memory.committed_size (By),Metric,0
09/10/2026 13:11:29,System.Runtime,dotnet.process.cpu.time (s / 1 sec)[cpu.mode=user],Rate,0.5679069999999982
09/10/2026 13:11:29,System.Runtime,dotnet.process.cpu.time (s / 1 sec)[cpu.mode=system],Rate,0.035330000000000084
09/10/2026 13:11:29,System.Runtime,dotnet.monitor.lock_contentions ({contention} / 1 sec),Rate,0
09/10/2026 13:11:29,System.Runtime,dotnet.thread_pool.thread.count ({thread} / 1 sec),Rate,0
09/10/2026 13:11:29,System.Runtime,dotnet.process.memory.working_set (By),Metric,84148224
09/10/2026 13:11:29,System.Runtime,dotnet.process.cpu.count ({cpu}),Metric,15
09/10/2026 13:11:29,System.Runtime,dotnet.thread_pool.work_item.count ({work_item} / 1 sec),Rate,604
09/10/2026 13:11:29,System.Runtime,dotnet.jit.compilation.time (s / 1 sec),Rate,0
09/10/2026 13:11:29,System.Runtime,dotnet.timer.count ({timer}),Metric,3
09/10/2026 13:11:29,System.Runtime,dotnet.thread_pool.queue.length ({work_item} / 1 sec),Rate,0
09/10/2026 13:11:29,System.Runtime,dotnet.jit.compiled_methods ({method} / 1 sec),Rate,0
09/10/2026 13:11:29,System.Runtime,dotnet.jit.compiled_il.size (By / 1 sec),Rate,0
09/10/2026 13:11:29,System.Runtime,dotnet.gc.last_collection.heap.fragmentation.size (By)[gc.heap.generation=loh],Metric,0
09/10/2026 13:11:29,System.Runtime,dotnet.gc.last_collection.heap.fragmentation.size (By)[gc.heap.generation=gen0],Metric,0
09/10/2026 13:11:29,System.Runtime,dotnet.gc.last_collection.heap.fragmentation.size (By)[gc.heap.generation=poh],Metric,0
09/10/2026 13:11:29,System.Runtime,dotnet.gc.last_collection.heap.fragmentation.size (By)[gc.heap.generation=gen1],Metric,0
09/10/2026 13:11:29,System.Runtime,dotnet.gc.last_collection.heap.fragmentation.size (By)[gc.heap.generation=gen2],Metric,0
09/10/2026 13:11:30,System.Runtime,dotnet.assembly.count ({assembly}),Metric,61
09/10/2026 13:11:30,System.Runtime,dotnet.gc.last_collection.heap.size (By)[gc.heap.generation=loh],Metric,0
09/10/2026 13:11:30,System.Runtime,dotnet.gc.last_collection.heap.size (By)[gc.heap.generation=gen0],Metric,0
09/10/2026 13:11:30,System.Runtime,dotnet.gc.last_collection.heap.size (By)[gc.heap.generation=poh],Metric,0
09/10/2026 13:11:30,System.Runtime,dotnet.gc.last_collection.heap.size (By)[gc.heap.generation=gen1],Metric,0
09/10/2026 13:11:30,System.Runtime,dotnet.gc.last_collection.heap.size (By)[gc.heap.generation=gen2],Metric,0
09/10/2026 13:11:30,System.Runtime,dotnet.gc.pause.time (s / 1 sec),Rate,0
09/10/2026 13:11:30,System.Runtime,dotnet.gc.collections ({collection} / 1 sec)[gc.heap.generation=gen0],Rate,0
09/10/2026 13:11:30,System.Runtime,dotnet.gc.collections ({collection} / 1 sec)[gc.heap.generation=gen1],Rate,0
09/10/2026 13:11:30,System.Runtime,dotnet.gc.collections ({collection} / 1 sec)[gc.heap.generation=gen2],Rate,0
09/10/2026 13:11:30,System.Runtime,dotnet.gc.heap.total_allocated (By / 1 sec),Rate,139400
09/10/2026 13:11:30,System.Runtime,dotnet.gc.last_collection.memory.committed_size (By),Metric,0
09/10/2026 13:11:30,System.Runtime,dotnet.process.cpu.time (s / 1 sec)[cpu.mode=user],Rate,0.5668750000000031
09/10/2026 13:11:30,System.Runtime,dotnet.process.cpu.time (s / 1 sec)[cpu.mode=system],Rate,0.034810999999999925
09/10/2026 13:11:30,System.Runtime,dotnet.monitor.lock_contentions ({contention} / 1 sec),Rate,0
09/10/2026 13:11:30,System.Runtime,dotnet.thread_pool.thread.count ({thread} / 1 sec),Rate,0
09/10/2026 13:11:30,System.Runtime,dotnet.process.memory.working_set (By),Metric,84312064
09/10/2026 13:11:30,System.Runtime,dotnet.process.cpu.count ({cpu}),Metric,15
09/10/2026 13:11:30,System.Runtime,dotnet.thread_pool.work_item.count ({work_item} / 1 sec),Rate,601
09/10/2026 13:11:30,System.Runtime,dotnet.jit.compilation.time (s / 1 sec),Rate,0
09/10/2026 13:11:30,System.Runtime,dotnet.timer.count ({timer}),Metric,3
09/10/2026 13:11:30,System.Runtime,dotnet.thread_pool.queue.length ({work_item} / 1 sec),Rate,0
09/10/2026 13:11:30,System.Runtime,dotnet.jit.compiled_methods ({method} / 1 sec),Rate,0
09/10/2026 13:11:30,System.Runtime,dotnet.jit.compiled_il.size (By / 1 sec),Rate,0
09/10/2026 13:11:30,System.Runtime,dotnet.gc.last_collection.heap.fragmentation.size (By)[gc.heap.generation=loh],Metric,0
09/10/2026 13:11:30,System.Runtime,dotnet.gc.last_collection.heap.fragmentation.size (By)[gc.heap.generation=gen0],Metric,0
09/10/2026 13:11:30,System.Runtime,dotnet.gc.last_collection.heap.fragmentation.size (By)[gc.heap.generation=poh],Metric,0
09/10/2026 13:11:30,System.Runtime,dotnet.gc.last_collection.heap.fragmentation.size (By)[gc.heap.generation=gen1],Metric,0
09/10/2026 13:11:30,System.Runtime,dotnet.gc.last_collection.heap.fragmentation.size (By)[gc.heap.generation=gen2],Metric,0
09/10/2026 13:11:31,System.Runtime,dotnet.assembly.count ({assembly}),Metric,61
09/10/2026 13:11:31,System.Runtime,dotnet.gc.last_collection.heap.size (By)[gc.heap.generation=loh],Metric,0
09/10/2026 13:11:31,System.Runtime,dotnet.gc.last_collection.heap.size (By)[gc.heap.generation=gen0],Metric,0
09/10/2026 13:11:31,System.Runtime,dotnet.gc.last_collection.heap.size (By)[gc.heap.generation=poh],Metric,0
09/10/2026 13:11:31,System.Runtime,dotnet.gc.last_collection.heap.size (By)[gc.heap.generation=gen1],Metric,0
09/10/2026 13:11:31,System.Runtime,dotnet.gc.last_collection.heap.size (By)[gc.heap.generation=gen2],Metric,0
09/10/2026 13:11:31,System.Runtime,dotnet.gc.pause.time (s / 1 sec),Rate,0
09/10/2026 13:11:31,System.Runtime,dotnet.gc.collections ({collection} / 1 sec)[gc.heap.generation=gen0],Rate,0
09/10/2026 13:11:31,System.Runtime,dotnet.gc.collections ({collection} / 1 sec)[gc.heap.generation=gen1],Rate,0
09/10/2026 13:11:31,System.Runtime,dotnet.gc.collections ({collection} / 1 sec)[gc.heap.generation=gen2],Rate,0
09/10/2026 13:11:31,System.Runtime,dotnet.gc.heap.total_allocated (By / 1 sec),Rate,130112
09/10/2026 13:11:31,System.Runtime,dotnet.gc.last_collection.memory.committed_size (By),Metric,0
09/10/2026 13:11:31,System.Runtime,dotnet.process.cpu.time (s / 1 sec)[cpu.mode=user],Rate,0.5674339999999987
09/10/2026 13:11:31,System.Runtime,dotnet.process.cpu.time (s / 1 sec)[cpu.mode=system],Rate,0.03399799999999997
09/10/2026 13:11:31,System.Runtime,dotnet.monitor.lock_contentions ({contention} / 1 sec),Rate,0
09/10/2026 13:11:31,System.Runtime,dotnet.thread_pool.thread.count ({thread} / 1 sec),Rate,0
09/10/2026 13:11:31,System.Runtime,dotnet.process.memory.working_set (By),Metric,84459520
09/10/2026 13:11:31,System.Runtime,dotnet.process.cpu.count ({cpu}),Metric,15
09/10/2026 13:11:31,System.Runtime,dotnet.thread_pool.work_item.count ({work_item} / 1 sec),Rate,598
09/10/2026 13:11:31,System.Runtime,dotnet.jit.compilation.time (s / 1 sec),Rate,0.00020320000000001448
09/10/2026 13:11:31,System.Runtime,dotnet.timer.count ({timer}),Metric,2
09/10/2026 13:11:31,System.Runtime,dotnet.thread_pool.queue.length ({work_item} / 1 sec),Rate,0
09/10/2026 13:11:31,System.Runtime,dotnet.jit.compiled_methods ({method} / 1 sec),Rate,1
09/10/2026 13:11:31,System.Runtime,dotnet.jit.compiled_il.size (By / 1 sec),Rate,63
09/10/2026 13:11:31,System.Runtime,dotnet.gc.last_collection.heap.fragmentation.size (By)[gc.heap.generation=loh],Metric,0
09/10/2026 13:11:31,System.Runtime,dotnet.gc.last_collection.heap.fragmentation.size (By)[gc.heap.generation=gen0],Metric,0
09/10/2026 13:11:31,System.Runtime,dotnet.gc.last_collection.heap.fragmentation.size (By)[gc.heap.generation=poh],Metric,0
09/10/2026 13:11:31,System.Runtime,dotnet.gc.last_collection.heap.fragmentation.size (By)[gc.heap.generation=gen1],Metric,0
09/10/2026 13:11:31,System.Runtime,dotnet.gc.last_collection.heap.fragmentation.size (By)[gc.heap.generation=gen2],Metric,0
09/10/2026 13:11:32,System.Runtime,dotnet.assembly.count ({assembly}),Metric,61
09/10/2026 13:11:32,System.Runtime,dotnet.gc.last_collection.heap.size (By)[gc.heap.generation=loh],Metric,0
09/10/2026 13:11:32,System.Runtime,dotnet.gc.last_collection.heap.size (By)[gc.heap.generation=gen0],Metric,0
09/10/2026 13:11:32,System.Runtime,dotnet.gc.last_collection.heap.size (By)[gc.heap.generation=poh],Metric,0
09/10/2026 13:11:32,System.Runtime,dotnet.gc.last_collection.heap.size (By)[gc.heap.generation=gen1],Metric,0
09/10/2026 13:11:32,System.Runtime,dotnet.gc.last_collection.heap.size (By)[gc.heap.generation=gen2],Metric,0
09/10/2026 13:11:32,System.Runtime,dotnet.gc.pause.time (s / 1 sec),Rate,0
09/10/2026 13:11:32,System.Runtime,dotnet.gc.collections ({collection} / 1 sec)[gc.heap.generation=gen0],Rate,0
09/10/2026 13:11:32,System.Runtime,dotnet.gc.collections ({collection} / 1 sec)[gc.heap.generation=gen1],Rate,0
09/10/2026 13:11:32,System.Runtime,dotnet.gc.collections ({collection} / 1 sec)[gc.heap.generation=gen2],Rate,0
09/10/2026 13:11:32,System.Runtime,dotnet.gc.heap.total_allocated (By / 1 sec),Rate,139352
09/10/2026 13:11:32,System.Runtime,dotnet.gc.last_collection.memory.committed_size (By),Metric,0
09/10/2026 13:11:32,System.Runtime,dotnet.process.cpu.time (s / 1 sec)[cpu.mode=user],Rate,0.5681690000000046
09/10/2026 13:11:32,System.Runtime,dotnet.process.cpu.time (s / 1 sec)[cpu.mode=system],Rate,0.03617200000000009
09/10/2026 13:11:32,System.Runtime,dotnet.monitor.lock_contentions ({contention} / 1 sec),Rate,0
09/10/2026 13:11:32,System.Runtime,dotnet.thread_pool.thread.count ({thread} / 1 sec),Rate,0
09/10/2026 13:11:32,System.Runtime,dotnet.process.memory.working_set (By),Metric,84656128
09/10/2026 13:11:32,System.Runtime,dotnet.process.cpu.count ({cpu}),Metric,15
09/10/2026 13:11:32,System.Runtime,dotnet.thread_pool.work_item.count ({work_item} / 1 sec),Rate,600
09/10/2026 13:11:32,System.Runtime,dotnet.jit.compilation.time (s / 1 sec),Rate,0.0010688999999999838
09/10/2026 13:11:32,System.Runtime,dotnet.timer.count ({timer}),Metric,2
09/10/2026 13:11:32,System.Runtime,dotnet.thread_pool.queue.length ({work_item} / 1 sec),Rate,0
09/10/2026 13:11:32,System.Runtime,dotnet.jit.compiled_methods ({method} / 1 sec),Rate,17
09/10/2026 13:11:32,System.Runtime,dotnet.jit.compiled_il.size (By / 1 sec),Rate,390
09/10/2026 13:11:32,System.Runtime,dotnet.gc.last_collection.heap.fragmentation.size (By)[gc.heap.generation=loh],Metric,0
09/10/2026 13:11:32,System.Runtime,dotnet.gc.last_collection.heap.fragmentation.size (By)[gc.heap.generation=gen0],Metric,0
09/10/2026 13:11:32,System.Runtime,dotnet.gc.last_collection.heap.fragmentation.size (By)[gc.heap.generation=poh],Metric,0
09/10/2026 13:11:32,System.Runtime,dotnet.gc.last_collection.heap.fragmentation.size (By)[gc.heap.generation=gen1],Metric,0
09/10/2026 13:11:32,System.Runtime,dotnet.gc.last_collection.heap.fragmentation.size (By)[gc.heap.generation=gen2],Metric,0
