Timestamp,Provider,Counter Name,Counter Type,Mean/Increment
09/11/2026 05:57:54,System.Runtime,dotnet.process.cpu.count ({cpu}),Metric,15
09/11/2026 05:57:54,System.Runtime,dotnet.gc.last_collection.memory.committed_size (By),Metric,0
09/11/2026 05:57:54,System.Runtime,dotnet.gc.last_collection.heap.fragmentation.size (By)[gc.heap.generation=gen2],Metric,0
09/11/2026 05:57:54,System.Runtime,dotnet.gc.last_collection.heap.fragmentation.size (By)[gc.heap.generation=gen0],Metric,0
09/11/2026 05:57:54,System.Runtime,dotnet.gc.last_collection.heap.fragmentation.size (By)[gc.heap.generation=gen1],Metric,0
09/11/2026 05:57:54,System.Runtime,dotnet.gc.last_collection.heap.fragmentation.size (By)[gc.heap.generation=poh],Metric,0
09/11/2026 05:57:54,System.Runtime,dotnet.gc.last_collection.heap.fragmentation.size (By)[gc.heap.generation=loh],Metric,0
09/11/2026 05:57:54,System.Runtime,dotnet.timer.count ({timer}),Metric,3
09/11/2026 05:57:54,System.Runtime,dotnet.assembly.count ({assembly}),Metric,61
09/11/2026 05:57:54,System.Runtime,dotnet.gc.last_collection.heap.size (By)[gc.heap.generation=gen2],Metric,0
09/11/2026 05:57:54,System.Runtime,dotnet.gc.last_collection.heap.size (By)[gc.heap.generation=gen0],Metric,0
09/11/2026 05:57:54,System.Runtime,dotnet.gc.last_collection.heap.size (By)[gc.heap.generation=gen1],Metric,0
09/11/2026 05:57:54,System.Runtime,dotnet.gc.last_collection.heap.size (By)[gc.heap.generation=poh],Metric,0
09/11/2026 05:57:54,System.Runtime,dotnet.gc.last_collection.heap.size (By)[gc.heap.generation=loh],Metric,0
09/11/2026 05:57:54,System.Runtime,dotnet.process.memory.working_set (By),Metric,70959104
09/11/2026 05:57:55,System.Runtime,dotnet.jit.compiled_il.size (By / 1 sec),Rate,16977
09/11/2026 05:57:55,System.Runtime,dotnet.jit.compiled_methods ({method} / 1 sec),Rate,130
09/11/2026 05:57:55,System.Runtime,dotnet.monitor.lock_contentions ({contention} / 1 sec),Rate,2
09/11/2026 05:57:55,System.Runtime,dotnet.gc.collections ({collection} / 1 sec)[gc.heap.generation=gen2],Rate,0
09/11/2026 05:57:55,System.Runtime,dotnet.gc.collections ({collection} / 1 sec)[gc.heap.generation=gen0],Rate,0
09/11/2026 05:57:55,System.Runtime,dotnet.gc.collections ({collection} / 1 sec)[gc.heap.generation=gen1],Rate,0
09/11/2026 05:57:55,System.Runtime,dotnet.process.cpu.time (s / 1 sec)[cpu.mode=system],Rate,0.026282
09/11/2026 05:57:55,System.Runtime,dotnet.process.cpu.time (s / 1 sec)[cpu.mode=user],Rate,0.20364499999999985
09/11/2026 05:57:55,System.Runtime,dotnet.process.cpu.count ({cpu}),Metric,15
09/11/2026 05:57:55,System.Runtime,dotnet.gc.pause.time (s / 1 sec),Rate,0
09/11/2026 05:57:55,System.Runtime,dotnet.thread_pool.queue.length ({work_item} / 1 sec),Rate,0
09/11/2026 05:57:55,System.Runtime,dotnet.gc.last_collection.memory.committed_size (By),Metric,0
09/11/2026 05:57:55,System.Runtime,dotnet.gc.last_collection.heap.fragmentation.size (By)[gc.heap.generation=gen2],Metric,0
09/11/2026 05:57:55,System.Runtime,dotnet.gc.last_collection.heap.fragmentation.size (By)[gc.heap.generation=gen0],Metric,0
09/11/2026 05:57:55,System.Runtime,dotnet.gc.last_collection.heap.fragmentation.size (By)[gc.heap.generation=gen1],Metric,0
09/11/2026 05:57:55,System.Runtime,dotnet.gc.last_collection.heap.fragmentation.size (By)[gc.heap.generation=poh],Metric,0
09/11/2026 05:57:55,System.Runtime,dotnet.gc.last_collection.heap.fragmentation.size (By)[gc.heap.generation=loh],Metric,0
09/11/2026 05:57:55,System.Runtime,dotnet.timer.count ({timer}),Metric,3
09/11/2026 05:57:55,System.Runtime,dotnet.assembly.count ({assembly}),Metric,61
09/11/2026 05:57:55,System.Runtime,dotnet.gc.heap.total_allocated (By / 1 sec),Rate,170896
09/11/2026 05:57:55,System.Runtime,dotnet.gc.last_collection.heap.size (By)[gc.heap.generation=gen2],Metric,0
09/11/2026 05:57:55,System.Runtime,dotnet.gc.last_collection.heap.size (By)[gc.heap.generation=gen0],Metric,0
09/11/2026 05:57:55,System.Runtime,dotnet.gc.last_collection.heap.size (By)[gc.heap.generation=gen1],Metric,0
09/11/2026 05:57:55,System.Runtime,dotnet.gc.last_collection.heap.size (By)[gc.heap.generation=poh],Metric,0
09/11/2026 05:57:55,System.Runtime,dotnet.gc.last_collection.heap.size (By)[gc.heap.generation=loh],Metric,0
09/11/2026 05:57:55,System.Runtime,dotnet.thread_pool.work_item.count ({work_item} / 1 sec),Rate,406
09/11/2026 05:57:55,System.Runtime,dotnet.process.memory.working_set (By),Metric,71581696
09/11/2026 05:57:55,System.Runtime,dotnet.thread_pool.thread.count ({thread} / 1 sec),Rate,0
09/11/2026 05:57:55,System.Runtime,dotnet.jit.compilation.time (s / 1 sec),Rate,0.052441899999999986
09/11/2026 05:57:56,System.Runtime,dotnet.jit.compiled_il.size (By / 1 sec),Rate,7566
09/11/2026 05:57:56,System.Runtime,dotnet.jit.compiled_methods ({method} / 1 sec),Rate,56
09/11/2026 05:57:56,System.Runtime,dotnet.monitor.lock_contentions ({contention} / 1 sec),Rate,3
09/11/2026 05:57:56,System.Runtime,dotnet.gc.collections ({collection} / 1 sec)[gc.heap.generation=gen2],Rate,0
09/11/2026 05:57:56,System.Runtime,dotnet.gc.collections ({collection} / 1 sec)[gc.heap.generation=gen0],Rate,0
09/11/2026 05:57:56,System.Runtime,dotnet.gc.collections ({collection} / 1 sec)[gc.heap.generation=gen1],Rate,0
09/11/2026 05:57:56,System.Runtime,dotnet.process.cpu.time (s / 1 sec)[cpu.mode=system],Rate,0.025306999999999996
09/11/2026 05:57:56,System.Runtime,dotnet.process.cpu.time (s / 1 sec)[cpu.mode=user],Rate,0.18113800000000002
09/11/2026 05:57:56,System.Runtime,dotnet.process.cpu.count ({cpu}),Metric,15
09/11/2026 05:57:56,System.Runtime,dotnet.gc.pause.time (s / 1 sec),Rate,0
09/11/2026 05:57:56,System.Runtime,dotnet.thread_pool.queue.length ({work_item} / 1 sec),Rate,0
09/11/2026 05:57:56,System.Runtime,dotnet.gc.last_collection.memory.committed_size (By),Metric,0
09/11/2026 05:57:56,System.Runtime,dotnet.gc.last_collection.heap.fragmentation.size (By)[gc.heap.generation=gen2],Metric,0
09/11/2026 05:57:56,System.Runtime,dotnet.gc.last_collection.heap.fragmentation.size (By)[gc.heap.generation=gen0],Metric,0
09/11/2026 05:57:56,System.Runtime,dotnet.gc.last_collection.heap.fragmentation.size (By)[gc.heap.generation=gen1],Metric,0
09/11/2026 05:57:56,System.Runtime,dotnet.gc.last_collection.heap.fragmentation.size (By)[gc.heap.generation=poh],Metric,0
09/11/2026 05:57:56,System.Runtime,dotnet.gc.last_collection.heap.fragmentation.size (By)[gc.heap.generation=loh],Metric,0
09/11/2026 05:57:56,System.Runtime,dotnet.timer.count ({timer}),Metric,3
09/11/2026 05:57:56,System.Runtime,dotnet.assembly.count ({assembly}),Metric,61
09/11/2026 05:57:56,System.Runtime,dotnet.gc.heap.total_allocated (By / 1 sec),Rate,172200
09/11/2026 05:57:56,System.Runtime,dotnet.gc.last_collection.heap.size (By)[gc.heap.generation=gen2],Metric,0
09/11/2026 05:57:56,System.Runtime,dotnet.gc.last_collection.heap.size (By)[gc.heap.generation=gen0],Metric,0
09/11/2026 05:57:56,System.Runtime,dotnet.gc.last_collection.heap.size (By)[gc.heap.generation=gen1],Metric,0
09/11/2026 05:57:56,System.Runtime,dotnet.gc.last_collection.heap.size (By)[gc.heap.generation=poh],Metric,0
09/11/2026 05:57:56,System.Runtime,dotnet.gc.last_collection.heap.size (By)[gc.heap.generation=loh],Metric,0
09/11/2026 05:57:56,System.Runtime,dotnet.thread_pool.work_item.count ({work_item} / 1 sec),Rate,406
09/11/2026 05:57:56,System.Runtime,dotnet.process.memory.working_set (By),Metric,71843840
09/11/2026 05:57:56,System.Runtime,dotnet.thread_pool.thread.count ({thread} / 1 sec),Rate,0
09/11/2026 05:57:56,System.Runtime,dotnet.jit.compilation.time (s / 1 sec),Rate,0.0319083
09/11/2026 05:57:57,System.Runtime,dotnet.jit.compiled_il.size (By / 1 sec),Rate,7837
09/11/2026 05:57:57,System.Runtime,dotnet.jit.compiled_methods ({method} / 1 sec),Rate,98
09/11/2026 05:57:57,System.Runtime,dotnet.monitor.lock_contentions ({contention} / 1 sec),Rate,0
09/11/2026 05:57:57,System.Runtime,dotnet.gc.collections ({collection} / 1 sec)[gc.heap.generation=gen2],Rate,0
09/11/2026 05:57:57,System.Runtime,dotnet.gc.collections ({collection} / 1 sec)[gc.heap.generation=gen0],Rate,0
09/11/2026 05:57:57,System.Runtime,dotnet.gc.collections ({collection} / 1 sec)[gc.heap.generation=gen1],Rate,0
09/11/2026 05:57:57,System.Runtime,dotnet.process.cpu.time (s / 1 sec)[cpu.mode=system],Rate,0.031217000000000023
09/11/2026 05:57:57,System.Runtime,dotnet.process.cpu.time (s / 1 sec)[cpu.mode=user],Rate,0.18546400000000007
09/11/2026 05:57:57,System.Runtime,dotnet.process.cpu.count ({cpu}),Metric,15
09/11/2026 05:57:57,System.Runtime,dotnet.gc.pause.time (s / 1 sec),Rate,0
09/11/2026 05:57:57,System.Runtime,dotnet.thread_pool.queue.length ({work_item} / 1 sec),Rate,0
09/11/2026 05:57:57,System.Runtime,dotnet.gc.last_collection.memory.committed_size (By),Metric,0
09/11/2026 05:57:57,System.Runtime,dotnet.gc.last_collection.heap.fragmentation.size (By)[gc.heap.generation=gen2],Metric,0
09/11/2026 05:57:57,System.Runtime,dotnet.gc.last_collection.heap.fragmentation.size (By)[gc.heap.generation=gen0],Metric,0
09/11/2026 05:57:57,System.Runtime,dotnet.gc.last_collection.heap.fragmentation.size (By)[gc.heap.generation=gen1],Metric,0
09/11/2026 05:57:57,System.Runtime,dotnet.gc.last_collection.heap.fragmentation.size (By)[gc.heap.generation=poh],Metric,0
09/11/2026 05:57:57,System.Runtime,dotnet.gc.last_collection.heap.fragmentation.size (By)[gc.heap.generation=loh],Metric,0
09/11/2026 05:57:57,System.Runtime,dotnet.timer.count ({timer}),Metric,3
09/11/2026 05:57:57,System.Runtime,dotnet.assembly.count ({assembly}),Metric,61
09/11/2026 05:57:57,System.Runtime,dotnet.gc.heap.total_allocated (By / 1 sec),Rate,172200
09/11/2026 05:57:57,System.Runtime,dotnet.gc.last_collection.heap.size (By)[gc.heap.generation=gen2],Metric,0
09/11/2026 05:57:57,System.Runtime,dotnet.gc.last_collection.heap.size (By)[gc.heap.generation=gen0],Metric,0
09/11/2026 05:57:57,System.Runtime,dotnet.gc.last_collection.heap.size (By)[gc.heap.generation=gen1],Metric,0
09/11/2026 05:57:57,System.Runtime,dotnet.gc.last_collection.heap.size (By)[gc.heap.generation=poh],Metric,0
09/11/2026 05:57:57,System.Runtime,dotnet.gc.last_collection.heap.size (By)[gc.heap.generation=loh],Metric,0
09/11/2026 05:57:57,System.Runtime,dotnet.thread_pool.work_item.count ({work_item} / 1 sec),Rate,478
09/11/2026 05:57:57,System.Runtime,dotnet.process.memory.working_set (By),Metric,72220672
09/11/2026 05:57:57,System.Runtime,dotnet.thread_pool.thread.count ({thread} / 1 sec),Rate,0
09/11/2026 05:57:57,System.Runtime,dotnet.jit.compilation.time (s / 1 sec),Rate,0.029132500000000006
09/11/2026 05:57:58,System.Runtime,dotnet.jit.compiled_il.size (By / 1 sec),Rate,4196
09/11/2026 05:57:58,System.Runtime,dotnet.jit.compiled_methods ({method} / 1 sec),Rate,40
09/11/2026 05:57:58,System.Runtime,dotnet.monitor.lock_contentions ({contention} / 1 sec),Rate,2
09/11/2026 05:57:58,System.Runtime,dotnet.gc.collections ({collection} / 1 sec)[gc.heap.generation=gen2],Rate,0
09/11/2026 05:57:58,System.Runtime,dotnet.gc.collections ({collection} / 1 sec)[gc.heap.generation=gen0],Rate,0
09/11/2026 05:57:58,System.Runtime,dotnet.gc.collections ({collection} / 1 sec)[gc.heap.generation=gen1],Rate,0
09/11/2026 05:57:58,System.Runtime,dotnet.process.cpu.time (s / 1 sec)[cpu.mode=system],Rate,0.026423999999999948
09/11/2026 05:57:58,System.Runtime,dotnet.process.cpu.time (s / 1 sec)[cpu.mode=user],Rate,0.16532199999999997
09/11/2026 05:57:58,System.Runtime,dotnet.process.cpu.count ({cpu}),Metric,15
09/11/2026 05:57:58,System.Runtime,dotnet.gc.pause.time (s / 1 sec),Rate,0
09/11/2026 05:57:58,System.Runtime,dotnet.thread_pool.queue.length ({work_item} / 1 sec),Rate,0
09/11/2026 05:57:58,System.Runtime,dotnet.gc.last_collection.memory.committed_size (By),Metric,0
09/11/2026 05:57:58,System.Runtime,dotnet.gc.last_collection.heap.fragmentation.size (By)[gc.heap.generation=gen2],Metric,0
09/11/2026 05:57:58,System.Runtime,dotnet.gc.last_collection.heap.fragmentation.size (By)[gc.heap.generation=gen0],Metric,0
09/11/2026 05:57:58,System.Runtime,dotnet.gc.last_collection.heap.fragmentation.size (By)[gc.heap.generation=gen1],Metric,0
09/11/2026 05:57:58,System.Runtime,dotnet.gc.last_collection.heap.fragmentation.size (By)[gc.heap.generation=poh],Metric,0
09/11/2026 05:57:58,System.Runtime,dotnet.gc.last_collection.heap.fragmentation.size (By)[gc.heap.generation=loh],Metric,0
09/11/2026 05:57:58,System.Runtime,dotnet.timer.count ({timer}),Metric,2
09/11/2026 05:57:58,System.Runtime,dotnet.assembly.count ({assembly}),Metric,61
09/11/2026 05:57:58,System.Runtime,dotnet.gc.heap.total_allocated (By / 1 sec),Rate,195792
09/11/2026 05:57:58,System.Runtime,dotnet.gc.last_collection.heap.size (By)[gc.heap.generation=gen2],Metric,0
09/11/2026 05:57:58,System.Runtime,dotnet.gc.last_collection.heap.size (By)[gc.heap.generation=gen0],Metric,0
09/11/2026 05:57:58,System.Runtime,dotnet.gc.last_collection.heap.size (By)[gc.heap.generation=gen1],Metric,0
09/11/2026 05:57:58,System.Runtime,dotnet.gc.last_collection.heap.size (By)[gc.heap.generation=poh],Metric,0
09/11/2026 05:57:58,System.Runtime,dotnet.gc.last_collection.heap.size (By)[gc.heap.generation=loh],Metric,0
09/11/2026 05:57:58,System.Runtime,dotnet.thread_pool.work_item.count ({work_item} / 1 sec),Rate,431
09/11/2026 05:57:58,System.Runtime,dotnet.process.memory.working_set (By),Metric,72515584
09/11/2026 05:57:58,System.Runtime,dotnet.thread_pool.thread.count ({thread} / 1 sec),Rate,0
09/11/2026 05:57:58,System.Runtime,dotnet.jit.compilation.time (s / 1 sec),Rate,0.009929699999999986
09/11/2026 05:57:59,System.Runtime,dotnet.jit.compiled_il.size (By / 1 sec),Rate,8749
09/11/2026 05:57:59,System.Runtime,dotnet.jit.compiled_methods ({method} / 1 sec),Rate,86
09/11/2026 05:57:59,System.Runtime,dotnet.monitor.lock_contentions ({contention} / 1 sec),Rate,1
09/11/2026 05:57:59,System.Runtime,dotnet.gc.collections ({collection} / 1 sec)[gc.heap.generation=gen2],Rate,0
09/11/2026 05:57:59,System.Runtime,dotnet.gc.collections ({collection} / 1 sec)[gc.heap.generation=gen0],Rate,0
09/11/2026 05:57:59,System.Runtime,dotnet.gc.collections ({collection} / 1 sec)[gc.heap.generation=gen1],Rate,0
09/11/2026 05:57:59,System.Runtime,dotnet.process.cpu.time (s / 1 sec)[cpu.mode=system],Rate,0.025946000000000025
09/11/2026 05:57:59,System.Runtime,dotnet.process.cpu.time (s / 1 sec)[cpu.mode=user],Rate,0.19017799999999996
09/11/2026 05:57:59,System.Runtime,dotnet.process.cpu.count ({cpu}),Metric,15
09/11/2026 05:57:59,System.Runtime,dotnet.gc.pause.time (s / 1 sec),Rate,0
09/11/2026 05:57:59,System.Runtime,dotnet.thread_pool.queue.length ({work_item} / 1 sec),Rate,0
09/11/2026 05:57:59,System.Runtime,dotnet.gc.last_collection.memory.committed_size (By),Metric,0
09/11/2026 05:57:59,System.Runtime,dotnet.gc.last_collection.heap.fragmentation.size (By)[gc.heap.generation=gen2],Metric,0
09/11/2026 05:57:59,System.Runtime,dotnet.gc.last_collection.heap.fragmentation.size (By)[gc.heap.generation=gen0],Metric,0
09/11/2026 05:57:59,System.Runtime,dotnet.gc.last_collection.heap.fragmentation.size (By)[gc.heap.generation=gen1],Metric,0
09/11/2026 05:57:59,System.Runtime,dotnet.gc.last_collection.heap.fragmentation.size (By)[gc.heap.generation=poh],Metric,0
09/11/2026 05:57:59,System.Runtime,dotnet.gc.last_collection.heap.fragmentation.size (By)[gc.heap.generation=loh],Metric,0
09/11/2026 05:57:59,System.Runtime,dotnet.timer.count ({timer}),Metric,3
09/11/2026 05:57:59,System.Runtime,dotnet.assembly.count ({assembly}),Metric,61
09/11/2026 05:57:59,System.Runtime,dotnet.gc.heap.total_allocated (By / 1 sec),Rate,164000
09/11/2026 05:57:59,System.Runtime,dotnet.gc.last_collection.heap.size (By)[gc.heap.generation=gen2],Metric,0
09/11/2026 05:57:59,System.Runtime,dotnet.gc.last_collection.heap.size (By)[gc.heap.generation=gen0],Metric,0
09/11/2026 05:57:59,System.Runtime,dotnet.gc.last_collection.heap.size (By)[gc.heap.generation=gen1],Metric,0
09/11/2026 05:57:59,System.Runtime,dotnet.gc.last_collection.heap.size (By)[gc.heap.generation=poh],Metric,0
09/11/2026 05:57:59,System.Runtime,dotnet.gc.last_collection.heap.size (By)[gc.heap.generation=loh],Metric,0
09/11/2026 05:57:59,System.Runtime,dotnet.thread_pool.work_item.count ({work_item} / 1 sec),Rate,406
09/11/2026 05:57:59,System.Runtime,dotnet.process.memory.working_set (By),Metric,74416128
09/11/2026 05:57:59,System.Runtime,dotnet.thread_pool.thread.count ({thread} / 1 sec),Rate,0
09/11/2026 05:57:59,System.Runtime,dotnet.jit.compilation.time (s / 1 sec),Rate,0.04297280000000003
09/11/2026 05:58:00,System.Runtime,dotnet.jit.compiled_il.size (By / 1 sec),Rate,501
09/11/2026 05:58:00,System.Runtime,dotnet.jit.compiled_methods ({method} / 1 sec),Rate,9
09/11/2026 05:58:00,System.Runtime,dotnet.monitor.lock_contentions ({contention} / 1 sec),Rate,1
09/11/2026 05:58:00,System.Runtime,dotnet.gc.collections ({collection} / 1 sec)[gc.heap.generation=gen2],Rate,0
09/11/2026 05:58:00,System.Runtime,dotnet.gc.collections ({collection} / 1 sec)[gc.heap.generation=gen0],Rate,0
09/11/2026 05:58:00,System.Runtime,dotnet.gc.collections ({collection} / 1 sec)[gc.heap.generation=gen1],Rate,0
09/11/2026 05:58:00,System.Runtime,dotnet.process.cpu.time (s / 1 sec)[cpu.mode=system],Rate,0.024675999999999976
09/11/2026 05:58:00,System.Runtime,dotnet.process.cpu.time (s / 1 sec)[cpu.mode=user],Rate,0.15489700000000006
09/11/2026 05:58:00,System.Runtime,dotnet.process.cpu.count ({cpu}),Metric,15
09/11/2026 05:58:00,System.Runtime,dotnet.gc.pause.time (s / 1 sec),Rate,0
09/11/2026 05:58:00,System.Runtime,dotnet.thread_pool.queue.length ({work_item} / 1 sec),Rate,0
09/11/2026 05:58:00,System.Runtime,dotnet.gc.last_collection.memory.committed_size (By),Metric,0
09/11/2026 05:58:00,System.Runtime,dotnet.gc.last_collection.heap.fragmentation.size (By)[gc.heap.generation=gen2],Metric,0
09/11/2026 05:58:00,System.Runtime,dotnet.gc.last_collection.heap.fragmentation.size (By)[gc.heap.generation=gen0],Metric,0
09/11/2026 05:58:00,System.Runtime,dotnet.gc.last_collection.heap.fragmentation.size (By)[gc.heap.generation=gen1],Metric,0
09/11/2026 05:58:00,System.Runtime,dotnet.gc.last_collection.heap.fragmentation.size (By)[gc.heap.generation=poh],Metric,0
09/11/2026 05:58:00,System.Runtime,dotnet.gc.last_collection.heap.fragmentation.size (By)[gc.heap.generation=loh],Metric,0
09/11/2026 05:58:00,System.Runtime,dotnet.timer.count ({timer}),Metric,3
09/11/2026 05:58:00,System.Runtime,dotnet.assembly.count ({assembly}),Metric,61
09/11/2026 05:58:00,System.Runtime,dotnet.gc.heap.total_allocated (By / 1 sec),Rate,155784
09/11/2026 05:58:00,System.Runtime,dotnet.gc.last_collection.heap.size (By)[gc.heap.generation=gen2],Metric,0
09/11/2026 05:58:00,System.Runtime,dotnet.gc.last_collection.heap.size (By)[gc.heap.generation=gen0],Metric,0
09/11/2026 05:58:00,System.Runtime,dotnet.gc.last_collection.heap.size (By)[gc.heap.generation=gen1],Metric,0
09/11/2026 05:58:00,System.Runtime,dotnet.gc.last_collection.heap.size (By)[gc.heap.generation=poh],Metric,0
09/11/2026 05:58:00,System.Runtime,dotnet.gc.last_collection.heap.size (By)[gc.heap.generation=loh],Metric,0
09/11/2026 05:58:00,System.Runtime,dotnet.thread_pool.work_item.count ({work_item} / 1 sec),Rate,409
09/11/2026 05:58:00,System.Runtime,dotnet.process.memory.working_set (By),Metric,74612736
09/11/2026 05:58:00,System.Runtime,dotnet.thread_pool.thread.count ({thread} / 1 sec),Rate,0
09/11/2026 05:58:00,System.Runtime,dotnet.jit.compilation.time (s / 1 sec),Rate,0.0022699999999999942
09/11/2026 05:58:01,System.Runtime,dotnet.jit.compiled_il.size (By / 1 sec),Rate,194
09/11/2026 05:58:01,System.Runtime,dotnet.jit.compiled_methods ({method} / 1 sec),Rate,6
09/11/2026 05:58:01,System.Runtime,dotnet.monitor.lock_contentions ({contention} / 1 sec),Rate,3
09/11/2026 05:58:01,System.Runtime,dotnet.gc.collections ({collection} / 1 sec)[gc.heap.generation=gen2],Rate,0
09/11/2026 05:58:01,System.Runtime,dotnet.gc.collections ({collection} / 1 sec)[gc.heap.generation=gen0],Rate,0
09/11/2026 05:58:01,System.Runtime,dotnet.gc.collections ({collection} / 1 sec)[gc.heap.generation=gen1],Rate,0
09/11/2026 05:58:01,System.Runtime,dotnet.process.cpu.time (s / 1 sec)[cpu.mode=system],Rate,0.02536700000000003
09/11/2026 05:58:01,System.Runtime,dotnet.process.cpu.time (s / 1 sec)[cpu.mode=user],Rate,0.1412650000000002
09/11/2026 05:58:01,System.Runtime,dotnet.process.cpu.count ({cpu}),Metric,15
09/11/2026 05:58:01,System.Runtime,dotnet.gc.pause.time (s / 1 sec),Rate,0
09/11/2026 05:58:01,System.Runtime,dotnet.thread_pool.queue.length ({work_item} / 1 sec),Rate,0
09/11/2026 05:58:01,System.Runtime,dotnet.gc.last_collection.memory.committed_size (By),Metric,0
09/11/2026 05:58:01,System.Runtime,dotnet.gc.last_collection.heap.fragmentation.size (By)[gc.heap.generation=gen2],Metric,0
09/11/2026 05:58:01,System.Runtime,dotnet.gc.last_collection.heap.fragmentation.size (By)[gc.heap.generation=gen0],Metric,0
09/11/2026 05:58:01,System.Runtime,dotnet.gc.last_collection.heap.fragmentation.size (By)[gc.heap.generation=gen1],Metric,0
09/11/2026 05:58:01,System.Runtime,dotnet.gc.last_collection.heap.fragmentation.size (By)[gc.heap.generation=poh],Metric,0
09/11/2026 05:58:01,System.Runtime,dotnet.gc.last_collection.heap.fragmentation.size (By)[gc.heap.generation=loh],Metric,0
09/11/2026 05:58:01,System.Runtime,dotnet.timer.count ({timer}),Metric,3
09/11/2026 05:58:01,System.Runtime,dotnet.assembly.count ({assembly}),Metric,61
09/11/2026 05:58:01,System.Runtime,dotnet.gc.heap.total_allocated (By / 1 sec),Rate,175912
09/11/2026 05:58:01,System.Runtime,dotnet.gc.last_collection.heap.size (By)[gc.heap.generation=gen2],Metric,0
09/11/2026 05:58:01,System.Runtime,dotnet.gc.last_collection.heap.size (By)[gc.heap.generation=gen0],Metric,0
09/11/2026 05:58:01,System.Runtime,dotnet.gc.last_collection.heap.size (By)[gc.heap.generation=gen1],Metric,0
09/11/2026 05:58:01,System.Runtime,dotnet.gc.last_collection.heap.size (By)[gc.heap.generation=poh],Metric,0
09/11/2026 05:58:01,System.Runtime,dotnet.gc.last_collection.heap.size (By)[gc.heap.generation=loh],Metric,0
09/11/2026 05:58:01,System.Runtime,dotnet.thread_pool.work_item.count ({work_item} / 1 sec),Rate,406
09/11/2026 05:58:01,System.Runtime,dotnet.process.memory.working_set (By),Metric,74809344
09/11/2026 05:58:01,System.Runtime,dotnet.thread_pool.thread.count ({thread} / 1 sec),Rate,0
09/11/2026 05:58:01,System.Runtime,dotnet.jit.compilation.time (s / 1 sec),Rate,0.0016190999999999844
09/11/2026 05:58:02,System.Runtime,dotnet.jit.compiled_il.size (By / 1 sec),Rate,33
09/11/2026 05:58:02,System.Runtime,dotnet.jit.compiled_methods ({method} / 1 sec),Rate,2
09/11/2026 05:58:02,System.Runtime,dotnet.monitor.lock_contentions ({contention} / 1 sec),Rate,0
09/11/2026 05:58:02,System.Runtime,dotnet.gc.collections ({collection} / 1 sec)[gc.heap.generation=gen2],Rate,0
09/11/2026 05:58:02,System.Runtime,dotnet.gc.collections ({collection} / 1 sec)[gc.heap.generation=gen0],Rate,0
09/11/2026 05:58:02,System.Runtime,dotnet.gc.collections ({collection} / 1 sec)[gc.heap.generation=gen1],Rate,0
09/11/2026 05:58:02,System.Runtime,dotnet.process.cpu.time (s / 1 sec)[cpu.mode=system],Rate,0.025106000000000017
09/11/2026 05:58:02,System.Runtime,dotnet.process.cpu.time (s / 1 sec)[cpu.mode=user],Rate,0.1586679999999996
09/11/2026 05:58:02,System.Runtime,dotnet.process.cpu.count ({cpu}),Metric,15
09/11/2026 05:58:02,System.Runtime,dotnet.gc.pause.time (s / 1 sec),Rate,0
09/11/2026 05:58:02,System.Runtime,dotnet.thread_pool.queue.length ({work_item} / 1 sec),Rate,0
09/11/2026 05:58:02,System.Runtime,dotnet.gc.last_collection.memory.committed_size (By),Metric,0
09/11/2026 05:58:02,System.Runtime,dotnet.gc.last_collection.heap.fragmentation.size (By)[gc.heap.generation=gen2],Metric,0
09/11/2026 05:58:02,System.Runtime,dotnet.gc.last_collection.heap.fragmentation.size (By)[gc.heap.generation=gen0],Metric,0
09/11/2026 05:58:02,System.Runtime,dotnet.gc.last_collection.heap.fragmentation.size (By)[gc.heap.generation=gen1],Metric,0
09/11/2026 05:58:02,System.Runtime,dotnet.gc.last_collection.heap.fragmentation.size (By)[gc.heap.generation=poh],Metric,0
09/11/2026 05:58:02,System.Runtime,dotnet.gc.last_collection.heap.fragmentation.size (By)[gc.heap.generation=loh],Metric,0
09/11/2026 05:58:02,System.Runtime,dotnet.timer.count ({timer}),Metric,2
09/11/2026 05:58:02,System.Runtime,dotnet.assembly.count ({assembly}),Metric,61
09/11/2026 05:58:02,System.Runtime,dotnet.gc.heap.total_allocated (By / 1 sec),Rate,155800
09/11/2026 05:58:02,System.Runtime,dotnet.gc.last_collection.heap.size (By)[gc.heap.generation=gen2],Metric,0
09/11/2026 05:58:02,System.Runtime,dotnet.gc.last_collection.heap.size (By)[gc.heap.generation=gen0],Metric,0
09/11/2026 05:58:02,System.Runtime,dotnet.gc.last_collection.heap.size (By)[gc.heap.generation=gen1],Metric,0
09/11/2026 05:58:02,System.Runtime,dotnet.gc.last_collection.heap.size (By)[gc.heap.generation=poh],Metric,0
09/11/2026 05:58:02,System.Runtime,dotnet.gc.last_collection.heap.size (By)[gc.heap.generation=loh],Metric,0
09/11/2026 05:58:02,System.Runtime,dotnet.thread_pool.work_item.count ({work_item} / 1 sec),Rate,409
09/11/2026 05:58:02,System.Runtime,dotnet.process.memory.working_set (By),Metric,74973184
09/11/2026 05:58:02,System.Runtime,dotnet.thread_pool.thread.count ({thread} / 1 sec),Rate,0
09/11/2026 05:58:02,System.Runtime,dotnet.jit.compilation.time (s / 1 sec),Rate,0.0010395000000000265
09/11/2026 05:58:03,System.Runtime,dotnet.jit.compiled_il.size (By / 1 sec),Rate,5943
09/11/2026 05:58:03,System.Runtime,dotnet.jit.compiled_methods ({method} / 1 sec),Rate,63
09/11/2026 05:58:03,System.Runtime,dotnet.monitor.lock_contentions ({contention} / 1 sec),Rate,0
09/11/2026 05:58:03,System.Runtime,dotnet.gc.collections ({collection} / 1 sec)[gc.heap.generation=gen2],Rate,0
09/11/2026 05:58:03,System.Runtime,dotnet.gc.collections ({collection} / 1 sec)[gc.heap.generation=gen0],Rate,0
09/11/2026 05:58:03,System.Runtime,dotnet.gc.collections ({collection} / 1 sec)[gc.heap.generation=gen1],Rate,0
09/11/2026 05:58:03,System.Runtime,dotnet.process.cpu.time (s / 1 sec)[cpu.mode=system],Rate,0.022291000000000005
09/11/2026 05:58:03,System.Runtime,dotnet.process.cpu.time (s / 1 sec)[cpu.mode=user],Rate,0.18308300000000033
09/11/2026 05:58:03,System.Runtime,dotnet.process.cpu.count ({cpu}),Metric,15
09/11/2026 05:58:03,System.Runtime,dotnet.gc.pause.time (s / 1 sec),Rate,0
09/11/2026 05:58:03,System.Runtime,dotnet.thread_pool.queue.length ({work_item} / 1 sec),Rate,0
09/11/2026 05:58:03,System.Runtime,dotnet.gc.last_collection.memory.committed_size (By),Metric,0
09/11/2026 05:58:03,System.Runtime,dotnet.gc.last_collection.heap.fragmentation.size (By)[gc.heap.generation=gen2],Metric,0
09/11/2026 05:58:03,System.Runtime,dotnet.gc.last_collection.heap.fragmentation.size (By)[gc.heap.generation=gen0],Metric,0
09/11/2026 05:58:03,System.Runtime,dotnet.gc.last_collection.heap.fragmentation.size (By)[gc.heap.generation=gen1],Metric,0
09/11/2026 05:58:03,System.Runtime,dotnet.gc.last_collection.heap.fragmentation.size (By)[gc.heap.generation=poh],Metric,0
09/11/2026 05:58:03,System.Runtime,dotnet.gc.last_collection.heap.fragmentation.size (By)[gc.heap.generation=loh],Metric,0
09/11/2026 05:58:03,System.Runtime,dotnet.timer.count ({timer}),Metric,3
09/11/2026 05:58:03,System.Runtime,dotnet.assembly.count ({assembly}),Metric,61
09/11/2026 05:58:03,System.Runtime,dotnet.gc.heap.total_allocated (By / 1 sec),Rate,178352
09/11/2026 05:58:03,System.Runtime,dotnet.gc.last_collection.heap.size (By)[gc.heap.generation=gen2],Metric,0
09/11/2026 05:58:03,System.Runtime,dotnet.gc.last_collection.heap.size (By)[gc.heap.generation=gen0],Metric,0
09/11/2026 05:58:03,System.Runtime,dotnet.gc.last_collection.heap.size (By)[gc.heap.generation=gen1],Metric,0
09/11/2026 05:58:03,System.Runtime,dotnet.gc.last_collection.heap.size (By)[gc.heap.generation=poh],Metric,0
09/11/2026 05:58:03,System.Runtime,dotnet.gc.last_collection.heap.size (By)[gc.heap.generation=loh],Metric,0
09/11/2026 05:58:03,System.Runtime,dotnet.thread_pool.work_item.count ({work_item} / 1 sec),Rate,408
09/11/2026 05:58:03,System.Runtime,dotnet.process.memory.working_set (By),Metric,75202560
09/11/2026 05:58:03,System.Runtime,dotnet.thread_pool.thread.count ({thread} / 1 sec),Rate,0
09/11/2026 05:58:03,System.Runtime,dotnet.jit.compilation.time (s / 1 sec),Rate,0.02602869999999996
09/11/2026 05:58:04,System.Runtime,dotnet.jit.compiled_il.size (By / 1 sec),Rate,138
09/11/2026 05:58:04,System.Runtime,dotnet.jit.compiled_methods ({method} / 1 sec),Rate,5
09/11/2026 05:58:04,System.Runtime,dotnet.monitor.lock_contentions ({contention} / 1 sec),Rate,0
09/11/2026 05:58:04,System.Runtime,dotnet.gc.collections ({collection} / 1 sec)[gc.heap.generation=gen2],Rate,0
09/11/2026 05:58:04,System.Runtime,dotnet.gc.collections ({collection} / 1 sec)[gc.heap.generation=gen0],Rate,0
09/11/2026 05:58:04,System.Runtime,dotnet.gc.collections ({collection} / 1 sec)[gc.heap.generation=gen1],Rate,0
09/11/2026 05:58:04,System.Runtime,dotnet.process.cpu.time (s / 1 sec)[cpu.mode=system],Rate,0.02254299999999998
09/11/2026 05:58:04,System.Runtime,dotnet.process.cpu.time (s / 1 sec)[cpu.mode=user],Rate,0.1606019999999999
09/11/2026 05:58:04,System.Runtime,dotnet.process.cpu.count ({cpu}),Metric,15
09/11/2026 05:58:04,System.Runtime,dotnet.gc.pause.time (s / 1 sec),Rate,0
09/11/2026 05:58:04,System.Runtime,dotnet.thread_pool.queue.length ({work_item} / 1 sec),Rate,0
09/11/2026 05:58:04,System.Runtime,dotnet.gc.last_collection.memory.committed_size (By),Metric,0
09/11/2026 05:58:04,System.Runtime,dotnet.gc.last_collection.heap.fragmentation.size (By)[gc.heap.generation=gen2],Metric,0
09/11/2026 05:58:04,System.Runtime,dotnet.gc.last_collection.heap.fragmentation.size (By)[gc.heap.generation=gen0],Metric,0
09/11/2026 05:58:04,System.Runtime,dotnet.gc.last_collection.heap.fragmentation.size (By)[gc.heap.generation=gen1],Metric,0
09/11/2026 05:58:04,System.Runtime,dotnet.gc.last_collection.heap.fragmentation.size (By)[gc.heap.generation=poh],Metric,0
09/11/2026 05:58:04,System.Runtime,dotnet.gc.last_collection.heap.fragmentation.size (By)[gc.heap.generation=loh],Metric,0
09/11/2026 05:58:04,System.Runtime,dotnet.timer.count ({timer}),Metric,3
09/11/2026 05:58:04,System.Runtime,dotnet.assembly.count ({assembly}),Metric,61
09/11/2026 05:58:04,System.Runtime,dotnet.gc.heap.total_allocated (By / 1 sec),Rate,164000
09/11/2026 05:58:04,System.Runtime,dotnet.gc.last_collection.heap.size (By)[gc.heap.generation=gen2],Metric,0
09/11/2026 05:58:04,System.Runtime,dotnet.gc.last_collection.heap.size (By)[gc.heap.generation=gen0],Metric,0
09/11/2026 05:58:04,System.Runtime,dotnet.gc.last_collection.heap.size (By)[gc.heap.generation=gen1],Metric,0
09/11/2026 05:58:04,System.Runtime,dotnet.gc.last_collection.heap.size (By)[gc.heap.generation=poh],Metric,0
09/11/2026 05:58:04,System.Runtime,dotnet.gc.last_collection.heap.size (By)[gc.heap.generation=loh],Metric,0
09/11/2026 05:58:04,System.Runtime,dotnet.thread_pool.work_item.count ({work_item} / 1 sec),Rate,406
09/11/2026 05:58:04,System.Runtime,dotnet.process.memory.working_set (By),Metric,75399168
09/11/2026 05:58:04,System.Runtime,dotnet.thread_pool.thread.count ({thread} / 1 sec),Rate,0
09/11/2026 05:58:04,System.Runtime,dotnet.jit.compilation.time (s / 1 sec),Rate,0.0019495999999999958
09/11/2026 05:58:05,System.Runtime,dotnet.jit.compiled_il.size (By / 1 sec),Rate,843
09/11/2026 05:58:05,System.Runtime,dotnet.jit.compiled_methods ({method} / 1 sec),Rate,11
09/11/2026 05:58:05,System.Runtime,dotnet.monitor.lock_contentions ({contention} / 1 sec),Rate,1
09/11/2026 05:58:05,System.Runtime,dotnet.gc.collections ({collection} / 1 sec)[gc.heap.generation=gen2],Rate,0
09/11/2026 05:58:05,System.Runtime,dotnet.gc.collections ({collection} / 1 sec)[gc.heap.generation=gen0],Rate,0
09/11/2026 05:58:05,System.Runtime,dotnet.gc.collections ({collection} / 1 sec)[gc.heap.generation=gen1],Rate,0
09/11/2026 05:58:05,System.Runtime,dotnet.process.cpu.time (s / 1 sec)[cpu.mode=system],Rate,0.02838799999999997
09/11/2026 05:58:05,System.Runtime,dotnet.process.cpu.time (s / 1 sec)[cpu.mode=user],Rate,0.15349699999999977
09/11/2026 05:58:05,System.Runtime,dotnet.process.cpu.count ({cpu}),Metric,15
09/11/2026 05:58:05,System.Runtime,dotnet.gc.pause.time (s / 1 sec),Rate,0
09/11/2026 05:58:05,System.Runtime,dotnet.thread_pool.queue.length ({work_item} / 1 sec),Rate,0
09/11/2026 05:58:05,System.Runtime,dotnet.gc.last_collection.memory.committed_size (By),Metric,0
09/11/2026 05:58:05,System.Runtime,dotnet.gc.last_collection.heap.fragmentation.size (By)[gc.heap.generation=gen2],Metric,0
09/11/2026 05:58:05,System.Runtime,dotnet.gc.last_collection.heap.fragmentation.size (By)[gc.heap.generation=gen0],Metric,0
09/11/2026 05:58:05,System.Runtime,dotnet.gc.last_collection.heap.fragmentation.size (By)[gc.heap.generation=gen1],Metric,0
09/11/2026 05:58:05,System.Runtime,dotnet.gc.last_collection.heap.fragmentation.size (By)[gc.heap.generation=poh],Metric,0
09/11/2026 05:58:05,System.Runtime,dotnet.gc.last_collection.heap.fragmentation.size (By)[gc.heap.generation=loh],Metric,0
09/11/2026 05:58:05,System.Runtime,dotnet.timer.count ({timer}),Metric,3
09/11/2026 05:58:05,System.Runtime,dotnet.assembly.count ({assembly}),Metric,61
09/11/2026 05:58:05,System.Runtime,dotnet.gc.heap.total_allocated (By / 1 sec),Rate,172176
09/11/2026 05:58:05,System.Runtime,dotnet.gc.last_collection.heap.size (By)[gc.heap.generation=gen2],Metric,0
09/11/2026 05:58:05,System.Runtime,dotnet.gc.last_collection.heap.size (By)[gc.heap.generation=gen0],Metric,0
09/11/2026 05:58:05,System.Runtime,dotnet.gc.last_collection.heap.size (By)[gc.heap.generation=gen1],Metric,0
09/11/2026 05:58:05,System.Runtime,dotnet.gc.last_collection.heap.size (By)[gc.heap.generation=poh],Metric,0
09/11/2026 05:58:05,System.Runtime,dotnet.gc.last_collection.heap.size (By)[gc.heap.generation=loh],Metric,0
09/11/2026 05:58:05,System.Runtime,dotnet.thread_pool.work_item.count ({work_item} / 1 sec),Rate,410
09/11/2026 05:58:05,System.Runtime,dotnet.process.memory.working_set (By),Metric,75628544
09/11/2026 05:58:05,System.Runtime,dotnet.thread_pool.thread.count ({thread} / 1 sec),Rate,0
09/11/2026 05:58:05,System.Runtime,dotnet.jit.compilation.time (s / 1 sec),Rate,0.004566100000000017
09/11/2026 05:58:06,System.Runtime,dotnet.jit.compiled_il.size (By / 1 sec),Rate,335
09/11/2026 05:58:06,System.Runtime,dotnet.jit.compiled_methods ({method} / 1 sec),Rate,7
09/11/2026 05:58:06,System.Runtime,dotnet.monitor.lock_contentions ({contention} / 1 sec),Rate,2
09/11/2026 05:58:06,System.Runtime,dotnet.gc.collections ({collection} / 1 sec)[gc.heap.generation=gen2],Rate,0
09/11/2026 05:58:06,System.Runtime,dotnet.gc.collections ({collection} / 1 sec)[gc.heap.generation=gen0],Rate,0
09/11/2026 05:58:06,System.Runtime,dotnet.gc.collections ({collection} / 1 sec)[gc.heap.generation=gen1],Rate,0
09/11/2026 05:58:06,System.Runtime,dotnet.process.cpu.time (s / 1 sec)[cpu.mode=system],Rate,0.02876300000000004
09/11/2026 05:58:06,System.Runtime,dotnet.process.cpu.time (s / 1 sec)[cpu.mode=user],Rate,0.1532610000000001
09/11/2026 05:58:06,System.Runtime,dotnet.process.cpu.count ({cpu}),Metric,15
09/11/2026 05:58:06,System.Runtime,dotnet.gc.pause.time (s / 1 sec),Rate,0
09/11/2026 05:58:06,System.Runtime,dotnet.thread_pool.queue.length ({work_item} / 1 sec),Rate,0
09/11/2026 05:58:06,System.Runtime,dotnet.gc.last_collection.memory.committed_size (By),Metric,0
09/11/2026 05:58:06,System.Runtime,dotnet.gc.last_collection.heap.fragmentation.size (By)[gc.heap.generation=gen2],Metric,0
09/11/2026 05:58:06,System.Runtime,dotnet.gc.last_collection.heap.fragmentation.size (By)[gc.heap.generation=gen0],Metric,0
09/11/2026 05:58:06,System.Runtime,dotnet.gc.last_collection.heap.fragmentation.size (By)[gc.heap.generation=gen1],Metric,0
09/11/2026 05:58:06,System.Runtime,dotnet.gc.last_collection.heap.fragmentation.size (By)[gc.heap.generation=poh],Metric,0
09/11/2026 05:58:06,System.Runtime,dotnet.gc.last_collection.heap.fragmentation.size (By)[gc.heap.generation=loh],Metric,0
09/11/2026 05:58:06,System.Runtime,dotnet.timer.count ({timer}),Metric,3
09/11/2026 05:58:06,System.Runtime,dotnet.assembly.count ({assembly}),Metric,61
09/11/2026 05:58:06,System.Runtime,dotnet.gc.heap.total_allocated (By / 1 sec),Rate,162760
09/11/2026 05:58:06,System.Runtime,dotnet.gc.last_collection.heap.size (By)[gc.heap.generation=gen2],Metric,0
09/11/2026 05:58:06,System.Runtime,dotnet.gc.last_collection.heap.size (By)[gc.heap.generation=gen0],Metric,0
09/11/2026 05:58:06,System.Runtime,dotnet.gc.last_collection.heap.size (By)[gc.heap.generation=gen1],Metric,0
09/11/2026 05:58:06,System.Runtime,dotnet.gc.last_collection.heap.size (By)[gc.heap.generation=poh],Metric,0
09/11/2026 05:58:06,System.Runtime,dotnet.gc.last_collection.heap.size (By)[gc.heap.generation=loh],Metric,0
09/11/2026 05:58:06,System.Runtime,dotnet.thread_pool.work_item.count ({work_item} / 1 sec),Rate,408
09/11/2026 05:58:06,System.Runtime,dotnet.process.memory.working_set (By),Metric,75825152
09/11/2026 05:58:06,System.Runtime,dotnet.thread_pool.thread.count ({thread} / 1 sec),Rate,0
09/11/2026 05:58:06,System.Runtime,dotnet.jit.compilation.time (s / 1 sec),Rate,0.002682999999999991
09/11/2026 05:58:07,System.Runtime,dotnet.jit.compiled_il.size (By / 1 sec),Rate,14
09/11/2026 05:58:07,System.Runtime,dotnet.jit.compiled_methods ({method} / 1 sec),Rate,2
09/11/2026 05:58:07,System.Runtime,dotnet.monitor.lock_contentions ({contention} / 1 sec),Rate,3
09/11/2026 05:58:07,System.Runtime,dotnet.gc.collections ({collection} / 1 sec)[gc.heap.generation=gen2],Rate,0
09/11/2026 05:58:07,System.Runtime,dotnet.gc.collections ({collection} / 1 sec)[gc.heap.generation=gen0],Rate,0
09/11/2026 05:58:07,System.Runtime,dotnet.gc.collections ({collection} / 1 sec)[gc.heap.generation=gen1],Rate,0
09/11/2026 05:58:07,System.Runtime,dotnet.process.cpu.time (s / 1 sec)[cpu.mode=system],Rate,0.028409999999999935
09/11/2026 05:58:07,System.Runtime,dotnet.process.cpu.time (s / 1 sec)[cpu.mode=user],Rate,0.15317000000000025
09/11/2026 05:58:07,System.Runtime,dotnet.process.cpu.count ({cpu}),Metric,15
09/11/2026 05:58:07,System.Runtime,dotnet.gc.pause.time (s / 1 sec),Rate,0
09/11/2026 05:58:07,System.Runtime,dotnet.thread_pool.queue.length ({work_item} / 1 sec),Rate,0
09/11/2026 05:58:07,System.Runtime,dotnet.gc.last_collection.memory.committed_size (By),Metric,0
09/11/2026 05:58:07,System.Runtime,dotnet.gc.last_collection.heap.fragmentation.size (By)[gc.heap.generation=gen2],Metric,0
09/11/2026 05:58:07,System.Runtime,dotnet.gc.last_collection.heap.fragmentation.size (By)[gc.heap.generation=gen0],Metric,0
09/11/2026 05:58:07,System.Runtime,dotnet.gc.last_collection.heap.fragmentation.size (By)[gc.heap.generation=gen1],Metric,0
09/11/2026 05:58:07,System.Runtime,dotnet.gc.last_collection.heap.fragmentation.size (By)[gc.heap.generation=poh],Metric,0
09/11/2026 05:58:07,System.Runtime,dotnet.gc.last_collection.heap.fragmentation.size (By)[gc.heap.generation=loh],Metric,0
09/11/2026 05:58:07,System.Runtime,dotnet.timer.count ({timer}),Metric,3
09/11/2026 05:58:07,System.Runtime,dotnet.assembly.count ({assembly}),Metric,61
09/11/2026 05:58:07,System.Runtime,dotnet.gc.heap.total_allocated (By / 1 sec),Rate,172176
09/11/2026 05:58:07,System.Runtime,dotnet.gc.last_collection.heap.size (By)[gc.heap.generation=gen2],Metric,0
09/11/2026 05:58:07,System.Runtime,dotnet.gc.last_collection.heap.size (By)[gc.heap.generation=gen0],Metric,0
09/11/2026 05:58:07,System.Runtime,dotnet.gc.last_collection.heap.size (By)[gc.heap.generation=gen1],Metric,0
09/11/2026 05:58:07,System.Runtime,dotnet.gc.last_collection.heap.size (By)[gc.heap.generation=poh],Metric,0
09/11/2026 05:58:07,System.Runtime,dotnet.gc.last_collection.heap.size (By)[gc.heap.generation=loh],Metric,0
09/11/2026 05:58:07,System.Runtime,dotnet.thread_pool.work_item.count ({work_item} / 1 sec),Rate,411
09/11/2026 05:58:07,System.Runtime,dotnet.process.memory.working_set (By),Metric,76021760
09/11/2026 05:58:07,System.Runtime,dotnet.thread_pool.thread.count ({thread} / 1 sec),Rate,0
09/11/2026 05:58:07,System.Runtime,dotnet.jit.compilation.time (s / 1 sec),Rate,0.0003139000000000336
09/11/2026 05:58:08,System.Runtime,dotnet.jit.compiled_il.size (By / 1 sec),Rate,1348
09/11/2026 05:58:08,System.Runtime,dotnet.jit.compiled_methods ({method} / 1 sec),Rate,29
09/11/2026 05:58:08,System.Runtime,dotnet.monitor.lock_contentions ({contention} / 1 sec),Rate,3
09/11/2026 05:58:08,System.Runtime,dotnet.gc.collections ({collection} / 1 sec)[gc.heap.generation=gen2],Rate,0
09/11/2026 05:58:08,System.Runtime,dotnet.gc.collections ({collection} / 1 sec)[gc.heap.generation=gen0],Rate,0
09/11/2026 05:58:08,System.Runtime,dotnet.gc.collections ({collection} / 1 sec)[gc.heap.generation=gen1],Rate,0
09/11/2026 05:58:08,System.Runtime,dotnet.process.cpu.time (s / 1 sec)[cpu.mode=system],Rate,0.027435000000000098
09/11/2026 05:58:08,System.Runtime,dotnet.process.cpu.time (s / 1 sec)[cpu.mode=user],Rate,0.16964800000000002
09/11/2026 05:58:08,System.Runtime,dotnet.process.cpu.count ({cpu}),Metric,15
09/11/2026 05:58:08,System.Runtime,dotnet.gc.pause.time (s / 1 sec),Rate,0
09/11/2026 05:58:08,System.Runtime,dotnet.thread_pool.queue.length ({work_item} / 1 sec),Rate,0
09/11/2026 05:58:08,System.Runtime,dotnet.gc.last_collection.memory.committed_size (By),Metric,0
09/11/2026 05:58:08,System.Runtime,dotnet.gc.last_collection.heap.fragmentation.size (By)[gc.heap.generation=gen2],Metric,0
09/11/2026 05:58:08,System.Runtime,dotnet.gc.last_collection.heap.fragmentation.size (By)[gc.heap.generation=gen0],Metric,0
09/11/2026 05:58:08,System.Runtime,dotnet.gc.last_collection.heap.fragmentation.size (By)[gc.heap.generation=gen1],Metric,0
09/11/2026 05:58:08,System.Runtime,dotnet.gc.last_collection.heap.fragmentation.size (By)[gc.heap.generation=poh],Metric,0
09/11/2026 05:58:08,System.Runtime,dotnet.gc.last_collection.heap.fragmentation.size (By)[gc.heap.generation=loh],Metric,0
09/11/2026 05:58:08,System.Runtime,dotnet.timer.count ({timer}),Metric,3
09/11/2026 05:58:08,System.Runtime,dotnet.assembly.count ({assembly}),Metric,61
09/11/2026 05:58:08,System.Runtime,dotnet.gc.heap.total_allocated (By / 1 sec),Rate,172216
09/11/2026 05:58:08,System.Runtime,dotnet.gc.last_collection.heap.size (By)[gc.heap.generation=gen2],Metric,0
09/11/2026 05:58:08,System.Runtime,dotnet.gc.last_collection.heap.size (By)[gc.heap.generation=gen0],Metric,0
09/11/2026 05:58:08,System.Runtime,dotnet.gc.last_collection.heap.size (By)[gc.heap.generation=gen1],Metric,0
09/11/2026 05:58:08,System.Runtime,dotnet.gc.last_collection.heap.size (By)[gc.heap.generation=poh],Metric,0
09/11/2026 05:58:08,System.Runtime,dotnet.gc.last_collection.heap.size (By)[gc.heap.generation=loh],Metric,0
09/11/2026 05:58:08,System.Runtime,dotnet.thread_pool.work_item.count ({work_item} / 1 sec),Rate,413
09/11/2026 05:58:08,System.Runtime,dotnet.process.memory.working_set (By),Metric,76234752
09/11/2026 05:58:08,System.Runtime,dotnet.thread_pool.thread.count ({thread} / 1 sec),Rate,0
09/11/2026 05:58:08,System.Runtime,dotnet.jit.compilation.time (s / 1 sec),Rate,0.01301659999999999
09/11/2026 05:58:09,System.Runtime,dotnet.jit.compiled_il.size (By / 1 sec),Rate,44
09/11/2026 05:58:09,System.Runtime,dotnet.jit.compiled_methods ({method} / 1 sec),Rate,2
09/11/2026 05:58:09,System.Runtime,dotnet.monitor.lock_contentions ({contention} / 1 sec),Rate,4
09/11/2026 05:58:09,System.Runtime,dotnet.gc.collections ({collection} / 1 sec)[gc.heap.generation=gen2],Rate,0
09/11/2026 05:58:09,System.Runtime,dotnet.gc.collections ({collection} / 1 sec)[gc.heap.generation=gen0],Rate,0
09/11/2026 05:58:09,System.Runtime,dotnet.gc.collections ({collection} / 1 sec)[gc.heap.generation=gen1],Rate,0
09/11/2026 05:58:09,System.Runtime,dotnet.process.cpu.time (s / 1 sec)[cpu.mode=system],Rate,0.03203999999999996
09/11/2026 05:58:09,System.Runtime,dotnet.process.cpu.time (s / 1 sec)[cpu.mode=user],Rate,0.1453629999999997
09/11/2026 05:58:09,System.Runtime,dotnet.process.cpu.count ({cpu}),Metric,15
09/11/2026 05:58:09,System.Runtime,dotnet.gc.pause.time (s / 1 sec),Rate,0
09/11/2026 05:58:09,System.Runtime,dotnet.thread_pool.queue.length ({work_item} / 1 sec),Rate,0
09/11/2026 05:58:09,System.Runtime,dotnet.gc.last_collection.memory.committed_size (By),Metric,0
09/11/2026 05:58:09,System.Runtime,dotnet.gc.last_collection.heap.fragmentation.size (By)[gc.heap.generation=gen2],Metric,0
09/11/2026 05:58:09,System.Runtime,dotnet.gc.last_collection.heap.fragmentation.size (By)[gc.heap.generation=gen0],Metric,0
09/11/2026 05:58:09,System.Runtime,dotnet.gc.last_collection.heap.fragmentation.size (By)[gc.heap.generation=gen1],Metric,0
09/11/2026 05:58:09,System.Runtime,dotnet.gc.last_collection.heap.fragmentation.size (By)[gc.heap.generation=poh],Metric,0
09/11/2026 05:58:09,System.Runtime,dotnet.gc.last_collection.heap.fragmentation.size (By)[gc.heap.generation=loh],Metric,0
09/11/2026 05:58:09,System.Runtime,dotnet.timer.count ({timer}),Metric,3
09/11/2026 05:58:09,System.Runtime,dotnet.assembly.count ({assembly}),Metric,61
09/11/2026 05:58:09,System.Runtime,dotnet.gc.heap.total_allocated (By / 1 sec),Rate,171176
09/11/2026 05:58:09,System.Runtime,dotnet.gc.last_collection.heap.size (By)[gc.heap.generation=gen2],Metric,0
09/11/2026 05:58:09,System.Runtime,dotnet.gc.last_collection.heap.size (By)[gc.heap.generation=gen0],Metric,0
09/11/2026 05:58:09,System.Runtime,dotnet.gc.last_collection.heap.size (By)[gc.heap.generation=gen1],Metric,0
09/11/2026 05:58:09,System.Runtime,dotnet.gc.last_collection.heap.size (By)[gc.heap.generation=poh],Metric,0
09/11/2026 05:58:09,System.Runtime,dotnet.gc.last_collection.heap.size (By)[gc.heap.generation=loh],Metric,0
09/11/2026 05:58:09,System.Runtime,dotnet.thread_pool.work_item.count ({work_item} / 1 sec),Rate,417
09/11/2026 05:58:09,System.Runtime,dotnet.process.memory.working_set (By),Metric,76431360
09/11/2026 05:58:09,System.Runtime,dotnet.thread_pool.thread.count ({thread} / 1 sec),Rate,0
09/11/2026 05:58:09,System.Runtime,dotnet.jit.compilation.time (s / 1 sec),Rate,0.0003383000000000136
09/11/2026 05:58:10,System.Runtime,dotnet.jit.compiled_il.size (By / 1 sec),Rate,1063
09/11/2026 05:58:10,System.Runtime,dotnet.jit.compiled_methods ({method} / 1 sec),Rate,14
09/11/2026 05:58:10,System.Runtime,dotnet.monitor.lock_contentions ({contention} / 1 sec),Rate,2
09/11/2026 05:58:10,System.Runtime,dotnet.gc.collections ({collection} / 1 sec)[gc.heap.generation=gen2],Rate,0
09/11/2026 05:58:10,System.Runtime,dotnet.gc.collections ({collection} / 1 sec)[gc.heap.generation=gen0],Rate,0
09/11/2026 05:58:10,System.Runtime,dotnet.gc.collections ({collection} / 1 sec)[gc.heap.generation=gen1],Rate,0
09/11/2026 05:58:10,System.Runtime,dotnet.process.cpu.time (s / 1 sec)[cpu.mode=system],Rate,0.033803999999999945
09/11/2026 05:58:10,System.Runtime,dotnet.process.cpu.time (s / 1 sec)[cpu.mode=user],Rate,0.15412099999999995
09/11/2026 05:58:10,System.Runtime,dotnet.process.cpu.count ({cpu}),Metric,15
09/11/2026 05:58:10,System.Runtime,dotnet.gc.pause.time (s / 1 sec),Rate,0
09/11/2026 05:58:10,System.Runtime,dotnet.thread_pool.queue.length ({work_item} / 1 sec),Rate,0
09/11/2026 05:58:10,System.Runtime,dotnet.gc.last_collection.memory.committed_size (By),Metric,0
09/11/2026 05:58:10,System.Runtime,dotnet.gc.last_collection.heap.fragmentation.size (By)[gc.heap.generation=gen2],Metric,0
09/11/2026 05:58:10,System.Runtime,dotnet.gc.last_collection.heap.fragmentation.size (By)[gc.heap.generation=gen0],Metric,0
09/11/2026 05:58:10,System.Runtime,dotnet.gc.last_collection.heap.fragmentation.size (By)[gc.heap.generation=gen1],Metric,0
09/11/2026 05:58:10,System.Runtime,dotnet.gc.last_collection.heap.fragmentation.size (By)[gc.heap.generation=poh],Metric,0
09/11/2026 05:58:10,System.Runtime,dotnet.gc.last_collection.heap.fragmentation.size (By)[gc.heap.generation=loh],Metric,0
09/11/2026 05:58:10,System.Runtime,dotnet.timer.count ({timer}),Metric,3
09/11/2026 05:58:10,System.Runtime,dotnet.assembly.count ({assembly}),Metric,61
09/11/2026 05:58:10,System.Runtime,dotnet.gc.heap.total_allocated (By / 1 sec),Rate,155760
09/11/2026 05:58:10,System.Runtime,dotnet.gc.last_collection.heap.size (By)[gc.heap.generation=gen2],Metric,0
09/11/2026 05:58:10,System.Runtime,dotnet.gc.last_collection.heap.size (By)[gc.heap.generation=gen0],Metric,0
09/11/2026 05:58:10,System.Runtime,dotnet.gc.last_collection.heap.size (By)[gc.heap.generation=gen1],Metric,0
09/11/2026 05:58:10,System.Runtime,dotnet.gc.last_collection.heap.size (By)[gc.heap.generation=poh],Metric,0
09/11/2026 05:58:10,System.Runtime,dotnet.gc.last_collection.heap.size (By)[gc.heap.generation=loh],Metric,0
09/11/2026 05:58:10,System.Runtime,dotnet.thread_pool.work_item.count ({work_item} / 1 sec),Rate,432
09/11/2026 05:58:10,System.Runtime,dotnet.process.memory.working_set (By),Metric,76611584
09/11/2026 05:58:10,System.Runtime,dotnet.thread_pool.thread.count ({thread} / 1 sec),Rate,0
09/11/2026 05:58:10,System.Runtime,dotnet.jit.compilation.time (s / 1 sec),Rate,0.0036390000000000033
09/11/2026 05:58:11,System.Runtime,dotnet.jit.compiled_il.size (By / 1 sec),Rate,997
09/11/2026 05:58:11,System.Runtime,dotnet.jit.compiled_methods ({method} / 1 sec),Rate,14
09/11/2026 05:58:11,System.Runtime,dotnet.monitor.lock_contentions ({contention} / 1 sec),Rate,4
09/11/2026 05:58:11,System.Runtime,dotnet.gc.collections ({collection} / 1 sec)[gc.heap.generation=gen2],Rate,0
09/11/2026 05:58:11,System.Runtime,dotnet.gc.collections ({collection} / 1 sec)[gc.heap.generation=gen0],Rate,0
09/11/2026 05:58:11,System.Runtime,dotnet.gc.collections ({collection} / 1 sec)[gc.heap.generation=gen1],Rate,0
09/11/2026 05:58:11,System.Runtime,dotnet.process.cpu.time (s / 1 sec)[cpu.mode=system],Rate,0.029918
09/11/2026 05:58:11,System.Runtime,dotnet.process.cpu.time (s / 1 sec)[cpu.mode=user],Rate,0.16362600000000027
09/11/2026 05:58:11,System.Runtime,dotnet.process.cpu.count ({cpu}),Metric,15
09/11/2026 05:58:11,System.Runtime,dotnet.gc.pause.time (s / 1 sec),Rate,0
09/11/2026 05:58:11,System.Runtime,dotnet.thread_pool.queue.length ({work_item} / 1 sec),Rate,0
09/11/2026 05:58:11,System.Runtime,dotnet.gc.last_collection.memory.committed_size (By),Metric,0
09/11/2026 05:58:11,System.Runtime,dotnet.gc.last_collection.heap.fragmentation.size (By)[gc.heap.generation=gen2],Metric,0
09/11/2026 05:58:11,System.Runtime,dotnet.gc.last_collection.heap.fragmentation.size (By)[gc.heap.generation=gen0],Metric,0
09/11/2026 05:58:11,System.Runtime,dotnet.gc.last_collection.heap.fragmentation.size (By)[gc.heap.generation=gen1],Metric,0
09/11/2026 05:58:11,System.Runtime,dotnet.gc.last_collection.heap.fragmentation.size (By)[gc.heap.generation=poh],Metric,0
09/11/2026 05:58:11,System.Runtime,dotnet.gc.last_collection.heap.fragmentation.size (By)[gc.heap.generation=loh],Metric,0
09/11/2026 05:58:11,System.Runtime,dotnet.timer.count ({timer}),Metric,2
09/11/2026 05:58:11,System.Runtime,dotnet.assembly.count ({assembly}),Metric,61
09/11/2026 05:58:11,System.Runtime,dotnet.gc.heap.total_allocated (By / 1 sec),Rate,188504
09/11/2026 05:58:11,System.Runtime,dotnet.gc.last_collection.heap.size (By)[gc.heap.generation=gen2],Metric,0
09/11/2026 05:58:11,System.Runtime,dotnet.gc.last_collection.heap.size (By)[gc.heap.generation=gen0],Metric,0
09/11/2026 05:58:11,System.Runtime,dotnet.gc.last_collection.heap.size (By)[gc.heap.generation=gen1],Metric,0
09/11/2026 05:58:11,System.Runtime,dotnet.gc.last_collection.heap.size (By)[gc.heap.generation=poh],Metric,0
09/11/2026 05:58:11,System.Runtime,dotnet.gc.last_collection.heap.size (By)[gc.heap.generation=loh],Metric,0
09/11/2026 05:58:11,System.Runtime,dotnet.thread_pool.work_item.count ({work_item} / 1 sec),Rate,449
09/11/2026 05:58:11,System.Runtime,dotnet.process.memory.working_set (By),Metric,76840960
09/11/2026 05:58:11,System.Runtime,dotnet.thread_pool.thread.count ({thread} / 1 sec),Rate,0
09/11/2026 05:58:11,System.Runtime,dotnet.jit.compilation.time (s / 1 sec),Rate,0.00854309999999997
09/11/2026 05:58:12,System.Runtime,dotnet.jit.compiled_il.size (By / 1 sec),Rate,16
09/11/2026 05:58:12,System.Runtime,dotnet.jit.compiled_methods ({method} / 1 sec),Rate,2
09/11/2026 05:58:12,System.Runtime,dotnet.monitor.lock_contentions ({contention} / 1 sec),Rate,1
09/11/2026 05:58:12,System.Runtime,dotnet.gc.collections ({collection} / 1 sec)[gc.heap.generation=gen2],Rate,0
09/11/2026 05:58:12,System.Runtime,dotnet.gc.collections ({collection} / 1 sec)[gc.heap.generation=gen0],Rate,0
09/11/2026 05:58:12,System.Runtime,dotnet.gc.collections ({collection} / 1 sec)[gc.heap.generation=gen1],Rate,0
09/11/2026 05:58:12,System.Runtime,dotnet.process.cpu.time (s / 1 sec)[cpu.mode=system],Rate,0.02539900000000006
09/11/2026 05:58:12,System.Runtime,dotnet.process.cpu.time (s / 1 sec)[cpu.mode=user],Rate,0.15907600000000022
09/11/2026 05:58:12,System.Runtime,dotnet.process.cpu.count ({cpu}),Metric,15
09/11/2026 05:58:12,System.Runtime,dotnet.gc.pause.time (s / 1 sec),Rate,0
09/11/2026 05:58:12,System.Runtime,dotnet.thread_pool.queue.length ({work_item} / 1 sec),Rate,0
09/11/2026 05:58:12,System.Runtime,dotnet.gc.last_collection.memory.committed_size (By),Metric,0
09/11/2026 05:58:12,System.Runtime,dotnet.gc.last_collection.heap.fragmentation.size (By)[gc.heap.generation=gen2],Metric,0
09/11/2026 05:58:12,System.Runtime,dotnet.gc.last_collection.heap.fragmentation.size (By)[gc.heap.generation=gen0],Metric,0
09/11/2026 05:58:12,System.Runtime,dotnet.gc.last_collection.heap.fragmentation.size (By)[gc.heap.generation=gen1],Metric,0
09/11/2026 05:58:12,System.Runtime,dotnet.gc.last_collection.heap.fragmentation.size (By)[gc.heap.generation=poh],Metric,0
09/11/2026 05:58:12,System.Runtime,dotnet.gc.last_collection.heap.fragmentation.size (By)[gc.heap.generation=loh],Metric,0
09/11/2026 05:58:12,System.Runtime,dotnet.timer.count ({timer}),Metric,3
09/11/2026 05:58:12,System.Runtime,dotnet.assembly.count ({assembly}),Metric,61
09/11/2026 05:58:12,System.Runtime,dotnet.gc.heap.total_allocated (By / 1 sec),Rate,155800
09/11/2026 05:58:12,System.Runtime,dotnet.gc.last_collection.heap.size (By)[gc.heap.generation=gen2],Metric,0
09/11/2026 05:58:12,System.Runtime,dotnet.gc.last_collection.heap.size (By)[gc.heap.generation=gen0],Metric,0
09/11/2026 05:58:12,System.Runtime,dotnet.gc.last_collection.heap.size (By)[gc.heap.generation=gen1],Metric,0
09/11/2026 05:58:12,System.Runtime,dotnet.gc.last_collection.heap.size (By)[gc.heap.generation=poh],Metric,0
09/11/2026 05:58:12,System.Runtime,dotnet.gc.last_collection.heap.size (By)[gc.heap.generation=loh],Metric,0
09/11/2026 05:58:12,System.Runtime,dotnet.thread_pool.work_item.count ({work_item} / 1 sec),Rate,422
09/11/2026 05:58:12,System.Runtime,dotnet.process.memory.working_set (By),Metric,77004800
09/11/2026 05:58:12,System.Runtime,dotnet.thread_pool.thread.count ({thread} / 1 sec),Rate,0
09/11/2026 05:58:12,System.Runtime,dotnet.jit.compilation.time (s / 1 sec),Rate,0.0006902000000000297
09/11/2026 05:58:13,System.Runtime,dotnet.jit.compiled_il.size (By / 1 sec),Rate,139
09/11/2026 05:58:13,System.Runtime,dotnet.jit.compiled_methods ({method} / 1 sec),Rate,3
09/11/2026 05:58:13,System.Runtime,dotnet.monitor.lock_contentions ({contention} / 1 sec),Rate,1
09/11/2026 05:58:13,System.Runtime,dotnet.gc.collections ({collection} / 1 sec)[gc.heap.generation=gen2],Rate,0
09/11/2026 05:58:13,System.Runtime,dotnet.gc.collections ({collection} / 1 sec)[gc.heap.generation=gen0],Rate,0
09/11/2026 05:58:13,System.Runtime,dotnet.gc.collections ({collection} / 1 sec)[gc.heap.generation=gen1],Rate,0
09/11/2026 05:58:13,System.Runtime,dotnet.process.cpu.time (s / 1 sec)[cpu.mode=system],Rate,0.026393
09/11/2026 05:58:13,System.Runtime,dotnet.process.cpu.time (s / 1 sec)[cpu.mode=user],Rate,0.15208499999999958
09/11/2026 05:58:13,System.Runtime,dotnet.process.cpu.count ({cpu}),Metric,15
09/11/2026 05:58:13,System.Runtime,dotnet.gc.pause.time (s / 1 sec),Rate,0
09/11/2026 05:58:13,System.Runtime,dotnet.thread_pool.queue.length ({work_item} / 1 sec),Rate,0
09/11/2026 05:58:13,System.Runtime,dotnet.gc.last_collection.memory.committed_size (By),Metric,0
09/11/2026 05:58:13,System.Runtime,dotnet.gc.last_collection.heap.fragmentation.size (By)[gc.heap.generation=gen2],Metric,0
09/11/2026 05:58:13,System.Runtime,dotnet.gc.last_collection.heap.fragmentation.size (By)[gc.heap.generation=gen0],Metric,0
09/11/2026 05:58:13,System.Runtime,dotnet.gc.last_collection.heap.fragmentation.size (By)[gc.heap.generation=gen1],Metric,0
09/11/2026 05:58:13,System.Runtime,dotnet.gc.last_collection.heap.fragmentation.size (By)[gc.heap.generation=poh],Metric,0
09/11/2026 05:58:13,System.Runtime,dotnet.gc.last_collection.heap.fragmentation.size (By)[gc.heap.generation=loh],Metric,0
09/11/2026 05:58:13,System.Runtime,dotnet.timer.count ({timer}),Metric,3
09/11/2026 05:58:13,System.Runtime,dotnet.assembly.count ({assembly}),Metric,61
09/11/2026 05:58:13,System.Runtime,dotnet.gc.heap.total_allocated (By / 1 sec),Rate,175680
09/11/2026 05:58:13,System.Runtime,dotnet.gc.last_collection.heap.size (By)[gc.heap.generation=gen2],Metric,0
09/11/2026 05:58:13,System.Runtime,dotnet.gc.last_collection.heap.size (By)[gc.heap.generation=gen0],Metric,0
09/11/2026 05:58:13,System.Runtime,dotnet.gc.last_collection.heap.size (By)[gc.heap.generation=gen1],Metric,0
09/11/2026 05:58:13,System.Runtime,dotnet.gc.last_collection.heap.size (By)[gc.heap.generation=poh],Metric,0
09/11/2026 05:58:13,System.Runtime,dotnet.gc.last_collection.heap.size (By)[gc.heap.generation=loh],Metric,0
09/11/2026 05:58:13,System.Runtime,dotnet.thread_pool.work_item.count ({work_item} / 1 sec),Rate,412
09/11/2026 05:58:13,System.Runtime,dotnet.process.memory.working_set (By),Metric,77185024
09/11/2026 05:58:13,System.Runtime,dotnet.thread_pool.thread.count ({thread} / 1 sec),Rate,-1
09/11/2026 05:58:13,System.Runtime,dotnet.jit.compilation.time (s / 1 sec),Rate,0.001250199999999979
09/11/2026 05:58:14,System.Runtime,dotnet.jit.compiled_il.size (By / 1 sec),Rate,0
09/11/2026 05:58:14,System.Runtime,dotnet.jit.compiled_methods ({method} / 1 sec),Rate,0
09/11/2026 05:58:14,System.Runtime,dotnet.monitor.lock_contentions ({contention} / 1 sec),Rate,0
09/11/2026 05:58:14,System.Runtime,dotnet.gc.collections ({collection} / 1 sec)[gc.heap.generation=gen2],Rate,0
09/11/2026 05:58:14,System.Runtime,dotnet.gc.collections ({collection} / 1 sec)[gc.heap.generation=gen0],Rate,0
09/11/2026 05:58:14,System.Runtime,dotnet.gc.collections ({collection} / 1 sec)[gc.heap.generation=gen1],Rate,0
09/11/2026 05:58:14,System.Runtime,dotnet.process.cpu.time (s / 1 sec)[cpu.mode=system],Rate,0.033326999999999996
09/11/2026 05:58:14,System.Runtime,dotnet.process.cpu.time (s / 1 sec)[cpu.mode=user],Rate,0.14822700000000033
09/11/2026 05:58:14,System.Runtime,dotnet.process.cpu.count ({cpu}),Metric,15
09/11/2026 05:58:14,System.Runtime,dotnet.gc.pause.time (s / 1 sec),Rate,0
09/11/2026 05:58:14,System.Runtime,dotnet.thread_pool.queue.length ({work_item} / 1 sec),Rate,0
09/11/2026 05:58:14,System.Runtime,dotnet.gc.last_collection.memory.committed_size (By),Metric,0
09/11/2026 05:58:14,System.Runtime,dotnet.gc.last_collection.heap.fragmentation.size (By)[gc.heap.generation=gen2],Metric,0
09/11/2026 05:58:14,System.Runtime,dotnet.gc.last_collection.heap.fragmentation.size (By)[gc.heap.generation=gen0],Metric,0
09/11/2026 05:58:14,System.Runtime,dotnet.gc.last_collection.heap.fragmentation.size (By)[gc.heap.generation=gen1],Metric,0
09/11/2026 05:58:14,System.Runtime,dotnet.gc.last_collection.heap.fragmentation.size (By)[gc.heap.generation=poh],Metric,0
09/11/2026 05:58:14,System.Runtime,dotnet.gc.last_collection.heap.fragmentation.size (By)[gc.heap.generation=loh],Metric,0
09/11/2026 05:58:14,System.Runtime,dotnet.timer.count ({timer}),Metric,3
09/11/2026 05:58:14,System.Runtime,dotnet.assembly.count ({assembly}),Metric,61
09/11/2026 05:58:14,System.Runtime,dotnet.gc.heap.total_allocated (By / 1 sec),Rate,162928
09/11/2026 05:58:14,System.Runtime,dotnet.gc.last_collection.heap.size (By)[gc.heap.generation=gen2],Metric,0
09/11/2026 05:58:14,System.Runtime,dotnet.gc.last_collection.heap.size (By)[gc.heap.generation=gen0],Metric,0
09/11/2026 05:58:14,System.Runtime,dotnet.gc.last_collection.heap.size (By)[gc.heap.generation=gen1],Metric,0
09/11/2026 05:58:14,System.Runtime,dotnet.gc.last_collection.heap.size (By)[gc.heap.generation=poh],Metric,0
09/11/2026 05:58:14,System.Runtime,dotnet.gc.last_collection.heap.size (By)[gc.heap.generation=loh],Metric,0
09/11/2026 05:58:14,System.Runtime,dotnet.thread_pool.work_item.count ({work_item} / 1 sec),Rate,409
09/11/2026 05:58:14,System.Runtime,dotnet.process.memory.working_set (By),Metric,77365248
09/11/2026 05:58:14,System.Runtime,dotnet.thread_pool.thread.count ({thread} / 1 sec),Rate,0
09/11/2026 05:58:14,System.Runtime,dotnet.jit.compilation.time (s / 1 sec),Rate,0
09/11/2026 05:58:15,System.Runtime,dotnet.jit.compiled_il.size (By / 1 sec),Rate,376
09/11/2026 05:58:15,System.Runtime,dotnet.jit.compiled_methods ({method} / 1 sec),Rate,7
09/11/2026 05:58:15,System.Runtime,dotnet.monitor.lock_contentions ({contention} / 1 sec),Rate,1
09/11/2026 05:58:15,System.Runtime,dotnet.gc.collections ({collection} / 1 sec)[gc.heap.generation=gen2],Rate,0
09/11/2026 05:58:15,System.Runtime,dotnet.gc.collections ({collection} / 1 sec)[gc.heap.generation=gen0],Rate,0
09/11/2026 05:58:15,System.Runtime,dotnet.gc.collections ({collection} / 1 sec)[gc.heap.generation=gen1],Rate,0
09/11/2026 05:58:15,System.Runtime,dotnet.process.cpu.time (s / 1 sec)[cpu.mode=system],Rate,0.02932900000000005
09/11/2026 05:58:15,System.Runtime,dotnet.process.cpu.time (s / 1 sec)[cpu.mode=user],Rate,0.1603349999999999
09/11/2026 05:58:15,System.Runtime,dotnet.process.cpu.count ({cpu}),Metric,15
09/11/2026 05:58:15,System.Runtime,dotnet.gc.pause.time (s / 1 sec),Rate,0
09/11/2026 05:58:15,System.Runtime,dotnet.thread_pool.queue.length ({work_item} / 1 sec),Rate,0
09/11/2026 05:58:15,System.Runtime,dotnet.gc.last_collection.memory.committed_size (By),Metric,0
09/11/2026 05:58:15,System.Runtime,dotnet.gc.last_collection.heap.fragmentation.size (By)[gc.heap.generation=gen2],Metric,0
09/11/2026 05:58:15,System.Runtime,dotnet.gc.last_collection.heap.fragmentation.size (By)[gc.heap.generation=gen0],Metric,0
09/11/2026 05:58:15,System.Runtime,dotnet.gc.last_collection.heap.fragmentation.size (By)[gc.heap.generation=gen1],Metric,0
09/11/2026 05:58:15,System.Runtime,dotnet.gc.last_collection.heap.fragmentation.size (By)[gc.heap.generation=poh],Metric,0
09/11/2026 05:58:15,System.Runtime,dotnet.gc.last_collection.heap.fragmentation.size (By)[gc.heap.generation=loh],Metric,0
09/11/2026 05:58:15,System.Runtime,dotnet.timer.count ({timer}),Metric,3
09/11/2026 05:58:15,System.Runtime,dotnet.assembly.count ({assembly}),Metric,61
09/11/2026 05:58:15,System.Runtime,dotnet.gc.heap.total_allocated (By / 1 sec),Rate,171176
09/11/2026 05:58:15,System.Runtime,dotnet.gc.last_collection.heap.size (By)[gc.heap.generation=gen2],Metric,0
09/11/2026 05:58:15,System.Runtime,dotnet.gc.last_collection.heap.size (By)[gc.heap.generation=gen0],Metric,0
09/11/2026 05:58:15,System.Runtime,dotnet.gc.last_collection.heap.size (By)[gc.heap.generation=gen1],Metric,0
09/11/2026 05:58:15,System.Runtime,dotnet.gc.last_collection.heap.size (By)[gc.heap.generation=poh],Metric,0
09/11/2026 05:58:15,System.Runtime,dotnet.gc.last_collection.heap.size (By)[gc.heap.generation=loh],Metric,0
09/11/2026 05:58:15,System.Runtime,dotnet.thread_pool.work_item.count ({work_item} / 1 sec),Rate,409
09/11/2026 05:58:15,System.Runtime,dotnet.process.memory.working_set (By),Metric,77545472
09/11/2026 05:58:15,System.Runtime,dotnet.thread_pool.thread.count ({thread} / 1 sec),Rate,1
09/11/2026 05:58:15,System.Runtime,dotnet.jit.compilation.time (s / 1 sec),Rate,0.004347600000000007
09/11/2026 05:58:16,System.Runtime,dotnet.jit.compiled_il.size (By / 1 sec),Rate,40
09/11/2026 05:58:16,System.Runtime,dotnet.jit.compiled_methods ({method} / 1 sec),Rate,2
09/11/2026 05:58:16,System.Runtime,dotnet.monitor.lock_contentions ({contention} / 1 sec),Rate,2
09/11/2026 05:58:16,System.Runtime,dotnet.gc.collections ({collection} / 1 sec)[gc.heap.generation=gen2],Rate,0
09/11/2026 05:58:16,System.Runtime,dotnet.gc.collections ({collection} / 1 sec)[gc.heap.generation=gen0],Rate,0
09/11/2026 05:58:16,System.Runtime,dotnet.gc.collections ({collection} / 1 sec)[gc.heap.generation=gen1],Rate,0
09/11/2026 05:58:16,System.Runtime,dotnet.process.cpu.time (s / 1 sec)[cpu.mode=system],Rate,0.025307999999999997
09/11/2026 05:58:16,System.Runtime,dotnet.process.cpu.time (s / 1 sec)[cpu.mode=user],Rate,0.15698300000000032
09/11/2026 05:58:16,System.Runtime,dotnet.process.cpu.count ({cpu}),Metric,15
09/11/2026 05:58:16,System.Runtime,dotnet.gc.pause.time (s / 1 sec),Rate,0
09/11/2026 05:58:16,System.Runtime,dotnet.thread_pool.queue.length ({work_item} / 1 sec),Rate,0
09/11/2026 05:58:16,System.Runtime,dotnet.gc.last_collection.memory.committed_size (By),Metric,0
09/11/2026 05:58:16,System.Runtime,dotnet.gc.last_collection.heap.fragmentation.size (By)[gc.heap.generation=gen2],Metric,0
09/11/2026 05:58:16,System.Runtime,dotnet.gc.last_collection.heap.fragmentation.size (By)[gc.heap.generation=gen0],Metric,0
09/11/2026 05:58:16,System.Runtime,dotnet.gc.last_collection.heap.fragmentation.size (By)[gc.heap.generation=gen1],Metric,0
09/11/2026 05:58:16,System.Runtime,dotnet.gc.last_collection.heap.fragmentation.size (By)[gc.heap.generation=poh],Metric,0
09/11/2026 05:58:16,System.Runtime,dotnet.gc.last_collection.heap.fragmentation.size (By)[gc.heap.generation=loh],Metric,0
09/11/2026 05:58:16,System.Runtime,dotnet.timer.count ({timer}),Metric,3
09/11/2026 05:58:16,System.Runtime,dotnet.assembly.count ({assembly}),Metric,61
09/11/2026 05:58:16,System.Runtime,dotnet.gc.heap.total_allocated (By / 1 sec),Rate,163904
09/11/2026 05:58:16,System.Runtime,dotnet.gc.last_collection.heap.size (By)[gc.heap.generation=gen2],Metric,0
09/11/2026 05:58:16,System.Runtime,dotnet.gc.last_collection.heap.size (By)[gc.heap.generation=gen0],Metric,0
09/11/2026 05:58:16,System.Runtime,dotnet.gc.last_collection.heap.size (By)[gc.heap.generation=gen1],Metric,0
09/11/2026 05:58:16,System.Runtime,dotnet.gc.last_collection.heap.size (By)[gc.heap.generation=poh],Metric,0
09/11/2026 05:58:16,System.Runtime,dotnet.gc.last_collection.heap.size (By)[gc.heap.generation=loh],Metric,0
09/11/2026 05:58:16,System.Runtime,dotnet.thread_pool.work_item.count ({work_item} / 1 sec),Rate,407
09/11/2026 05:58:16,System.Runtime,dotnet.process.memory.working_set (By),Metric,77742080
09/11/2026 05:58:16,System.Runtime,dotnet.thread_pool.thread.count ({thread} / 1 sec),Rate,0
09/11/2026 05:58:16,System.Runtime,dotnet.jit.compilation.time (s / 1 sec),Rate,0.000992800000000016
09/11/2026 05:58:17,System.Runtime,dotnet.jit.compiled_il.size (By / 1 sec),Rate,0
09/11/2026 05:58:17,System.Runtime,dotnet.jit.compiled_methods ({method} / 1 sec),Rate,0
09/11/2026 05:58:17,System.Runtime,dotnet.monitor.lock_contentions ({contention} / 1 sec),Rate,1
09/11/2026 05:58:17,System.Runtime,dotnet.gc.collections ({collection} / 1 sec)[gc.heap.generation=gen2],Rate,0
09/11/2026 05:58:17,System.Runtime,dotnet.gc.collections ({collection} / 1 sec)[gc.heap.generation=gen0],Rate,0
09/11/2026 05:58:17,System.Runtime,dotnet.gc.collections ({collection} / 1 sec)[gc.heap.generation=gen1],Rate,0
09/11/2026 05:58:17,System.Runtime,dotnet.process.cpu.time (s / 1 sec)[cpu.mode=system],Rate,0.022632999999999903
09/11/2026 05:58:17,System.Runtime,dotnet.process.cpu.time (s / 1 sec)[cpu.mode=user],Rate,0.15446099999999952
09/11/2026 05:58:17,System.Runtime,dotnet.process.cpu.count ({cpu}),Metric,15
09/11/2026 05:58:17,System.Runtime,dotnet.gc.pause.time (s / 1 sec),Rate,0
09/11/2026 05:58:17,System.Runtime,dotnet.thread_pool.queue.length ({work_item} / 1 sec),Rate,0
09/11/2026 05:58:17,System.Runtime,dotnet.gc.last_collection.memory.committed_size (By),Metric,0
09/11/2026 05:58:17,System.Runtime,dotnet.gc.last_collection.heap.fragmentation.size (By)[gc.heap.generation=gen2],Metric,0
09/11/2026 05:58:17,System.Runtime,dotnet.gc.last_collection.heap.fragmentation.size (By)[gc.heap.generation=gen0],Metric,0
09/11/2026 05:58:17,System.Runtime,dotnet.gc.last_collection.heap.fragmentation.size (By)[gc.heap.generation=gen1],Metric,0
09/11/2026 05:58:17,System.Runtime,dotnet.gc.last_collection.heap.fragmentation.size (By)[gc.heap.generation=poh],Metric,0
09/11/2026 05:58:17,System.Runtime,dotnet.gc.last_collection.heap.fragmentation.size (By)[gc.heap.generation=loh],Metric,0
09/11/2026 05:58:17,System.Runtime,dotnet.timer.count ({timer}),Metric,3
09/11/2026 05:58:17,System.Runtime,dotnet.assembly.count ({assembly}),Metric,61
09/11/2026 05:58:17,System.Runtime,dotnet.gc.heap.total_allocated (By / 1 sec),Rate,169008
09/11/2026 05:58:17,System.Runtime,dotnet.gc.last_collection.heap.size (By)[gc.heap.generation=gen2],Metric,0
09/11/2026 05:58:17,System.Runtime,dotnet.gc.last_collection.heap.size (By)[gc.heap.generation=gen0],Metric,0
09/11/2026 05:58:17,System.Runtime,dotnet.gc.last_collection.heap.size (By)[gc.heap.generation=gen1],Metric,0
09/11/2026 05:58:17,System.Runtime,dotnet.gc.last_collection.heap.size (By)[gc.heap.generation=poh],Metric,0
09/11/2026 05:58:17,System.Runtime,dotnet.gc.last_collection.heap.size (By)[gc.heap.generation=loh],Metric,0
09/11/2026 05:58:17,System.Runtime,dotnet.thread_pool.work_item.count ({work_item} / 1 sec),Rate,405
09/11/2026 05:58:17,System.Runtime,dotnet.process.memory.working_set (By),Metric,77922304
09/11/2026 05:58:17,System.Runtime,dotnet.thread_pool.thread.count ({thread} / 1 sec),Rate,0
09/11/2026 05:58:17,System.Runtime,dotnet.jit.compilation.time (s / 1 sec),Rate,0
09/11/2026 05:58:18,System.Runtime,dotnet.jit.compiled_il.size (By / 1 sec),Rate,2568
09/11/2026 05:58:18,System.Runtime,dotnet.jit.compiled_methods ({method} / 1 sec),Rate,39
09/11/2026 05:58:18,System.Runtime,dotnet.monitor.lock_contentions ({contention} / 1 sec),Rate,0
09/11/2026 05:58:18,System.Runtime,dotnet.gc.collections ({collection} / 1 sec)[gc.heap.generation=gen2],Rate,0
09/11/2026 05:58:18,System.Runtime,dotnet.gc.collections ({collection} / 1 sec)[gc.heap.generation=gen0],Rate,0
09/11/2026 05:58:18,System.Runtime,dotnet.gc.collections ({collection} / 1 sec)[gc.heap.generation=gen1],Rate,0
09/11/2026 05:58:18,System.Runtime,dotnet.process.cpu.time (s / 1 sec)[cpu.mode=system],Rate,0.02371500000000004
09/11/2026 05:58:18,System.Runtime,dotnet.process.cpu.time (s / 1 sec)[cpu.mode=user],Rate,0.2092660000000004
09/11/2026 05:58:18,System.Runtime,dotnet.process.cpu.count ({cpu}),Metric,15
09/11/2026 05:58:18,System.Runtime,dotnet.gc.pause.time (s / 1 sec),Rate,0
09/11/2026 05:58:18,System.Runtime,dotnet.thread_pool.queue.length ({work_item} / 1 sec),Rate,0
09/11/2026 05:58:18,System.Runtime,dotnet.gc.last_collection.memory.committed_size (By),Metric,0
09/11/2026 05:58:18,System.Runtime,dotnet.gc.last_collection.heap.fragmentation.size (By)[gc.heap.generation=gen2],Metric,0
09/11/2026 05:58:18,System.Runtime,dotnet.gc.last_collection.heap.fragmentation.size (By)[gc.heap.generation=gen0],Metric,0
09/11/2026 05:58:18,System.Runtime,dotnet.gc.last_collection.heap.fragmentation.size (By)[gc.heap.generation=gen1],Metric,0
09/11/2026 05:58:18,System.Runtime,dotnet.gc.last_collection.heap.fragmentation.size (By)[gc.heap.generation=poh],Metric,0
09/11/2026 05:58:18,System.Runtime,dotnet.gc.last_collection.heap.fragmentation.size (By)[gc.heap.generation=loh],Metric,0
09/11/2026 05:58:18,System.Runtime,dotnet.timer.count ({timer}),Metric,2
09/11/2026 05:58:18,System.Runtime,dotnet.assembly.count ({assembly}),Metric,61
09/11/2026 05:58:18,System.Runtime,dotnet.gc.heap.total_allocated (By / 1 sec),Rate,186056
09/11/2026 05:58:18,System.Runtime,dotnet.gc.last_collection.heap.size (By)[gc.heap.generation=gen2],Metric,0
09/11/2026 05:58:18,System.Runtime,dotnet.gc.last_collection.heap.size (By)[gc.heap.generation=gen0],Metric,0
09/11/2026 05:58:18,System.Runtime,dotnet.gc.last_collection.heap.size (By)[gc.heap.generation=gen1],Metric,0
09/11/2026 05:58:18,System.Runtime,dotnet.gc.last_collection.heap.size (By)[gc.heap.generation=poh],Metric,0
09/11/2026 05:58:18,System.Runtime,dotnet.gc.last_collection.heap.size (By)[gc.heap.generation=loh],Metric,0
09/11/2026 05:58:18,System.Runtime,dotnet.thread_pool.work_item.count ({work_item} / 1 sec),Rate,427
09/11/2026 05:58:18,System.Runtime,dotnet.process.memory.working_set (By),Metric,78168064
09/11/2026 05:58:18,System.Runtime,dotnet.thread_pool.thread.count ({thread} / 1 sec),Rate,0
09/11/2026 05:58:18,System.Runtime,dotnet.jit.compilation.time (s / 1 sec),Rate,0.004045299999999974
09/11/2026 05:58:19,System.Runtime,dotnet.jit.compiled_il.size (By / 1 sec),Rate,25340
09/11/2026 05:58:19,System.Runtime,dotnet.jit.compiled_methods ({method} / 1 sec),Rate,361
09/11/2026 05:58:19,System.Runtime,dotnet.monitor.lock_contentions ({contention} / 1 sec),Rate,0
09/11/2026 05:58:19,System.Runtime,dotnet.gc.collections ({collection} / 1 sec)[gc.heap.generation=gen2],Rate,0
09/11/2026 05:58:19,System.Runtime,dotnet.gc.collections ({collection} / 1 sec)[gc.heap.generation=gen0],Rate,0
09/11/2026 05:58:19,System.Runtime,dotnet.gc.collections ({collection} / 1 sec)[gc.heap.generation=gen1],Rate,0
09/11/2026 05:58:19,System.Runtime,dotnet.process.cpu.time (s / 1 sec)[cpu.mode=system],Rate,0.03141000000000005
09/11/2026 05:58:19,System.Runtime,dotnet.process.cpu.time (s / 1 sec)[cpu.mode=user],Rate,0.6636759999999997
09/11/2026 05:58:19,System.Runtime,dotnet.process.cpu.count ({cpu}),Metric,15
09/11/2026 05:58:19,System.Runtime,dotnet.gc.pause.time (s / 1 sec),Rate,0
09/11/2026 05:58:19,System.Runtime,dotnet.thread_pool.queue.length ({work_item} / 1 sec),Rate,0
09/11/2026 05:58:19,System.Runtime,dotnet.gc.last_collection.memory.committed_size (By),Metric,0
09/11/2026 05:58:19,System.Runtime,dotnet.gc.last_collection.heap.fragmentation.size (By)[gc.heap.generation=gen2],Metric,0
09/11/2026 05:58:19,System.Runtime,dotnet.gc.last_collection.heap.fragmentation.size (By)[gc.heap.generation=gen0],Metric,0
09/11/2026 05:58:19,System.Runtime,dotnet.gc.last_collection.heap.fragmentation.size (By)[gc.heap.generation=gen1],Metric,0
09/11/2026 05:58:19,System.Runtime,dotnet.gc.last_collection.heap.fragmentation.size (By)[gc.heap.generation=poh],Metric,0
09/11/2026 05:58:19,System.Runtime,dotnet.gc.last_collection.heap.fragmentation.size (By)[gc.heap.generation=loh],Metric,0
09/11/2026 05:58:19,System.Runtime,dotnet.timer.count ({timer}),Metric,2
09/11/2026 05:58:19,System.Runtime,dotnet.assembly.count ({assembly}),Metric,61
09/11/2026 05:58:19,System.Runtime,dotnet.gc.heap.total_allocated (By / 1 sec),Rate,138360
09/11/2026 05:58:19,System.Runtime,dotnet.gc.last_collection.heap.size (By)[gc.heap.generation=gen2],Metric,0
09/11/2026 05:58:19,System.Runtime,dotnet.gc.last_collection.heap.size (By)[gc.heap.generation=gen0],Metric,0
09/11/2026 05:58:19,System.Runtime,dotnet.gc.last_collection.heap.size (By)[gc.heap.generation=gen1],Metric,0
09/11/2026 05:58:19,System.Runtime,dotnet.gc.last_collection.heap.size (By)[gc.heap.generation=poh],Metric,0
09/11/2026 05:58:19,System.Runtime,dotnet.gc.last_collection.heap.size (By)[gc.heap.generation=loh],Metric,0
09/11/2026 05:58:19,System.Runtime,dotnet.thread_pool.work_item.count ({work_item} / 1 sec),Rate,602
09/11/2026 05:58:19,System.Runtime,dotnet.process.memory.working_set (By),Metric,80543744
09/11/2026 05:58:19,System.Runtime,dotnet.thread_pool.thread.count ({thread} / 1 sec),Rate,0
09/11/2026 05:58:19,System.Runtime,dotnet.jit.compilation.time (s / 1 sec),Rate,0.08227939999999995
09/11/2026 05:58:20,System.Runtime,dotnet.jit.compiled_il.size (By / 1 sec),Rate,286
09/11/2026 05:58:20,System.Runtime,dotnet.jit.compiled_methods ({method} / 1 sec),Rate,2
09/11/2026 05:58:20,System.Runtime,dotnet.monitor.lock_contentions ({contention} / 1 sec),Rate,0
09/11/2026 05:58:20,System.Runtime,dotnet.gc.collections ({collection} / 1 sec)[gc.heap.generation=gen2],Rate,0
09/11/2026 05:58:20,System.Runtime,dotnet.gc.collections ({collection} / 1 sec)[gc.heap.generation=gen0],Rate,0
09/11/2026 05:58:20,System.Runtime,dotnet.gc.collections ({collection} / 1 sec)[gc.heap.generation=gen1],Rate,0
09/11/2026 05:58:20,System.Runtime,dotnet.process.cpu.time (s / 1 sec)[cpu.mode=system],Rate,0.043989999999999974
09/11/2026 05:58:20,System.Runtime,dotnet.process.cpu.time (s / 1 sec)[cpu.mode=user],Rate,0.5874090000000001
09/11/2026 05:58:20,System.Runtime,dotnet.process.cpu.count ({cpu}),Metric,15
09/11/2026 05:58:20,System.Runtime,dotnet.gc.pause.time (s / 1 sec),Rate,0
09/11/2026 05:58:20,System.Runtime,dotnet.thread_pool.queue.length ({work_item} / 1 sec),Rate,0
09/11/2026 05:58:20,System.Runtime,dotnet.gc.last_collection.memory.committed_size (By),Metric,0
09/11/2026 05:58:20,System.Runtime,dotnet.gc.last_collection.heap.fragmentation.size (By)[gc.heap.generation=gen2],Metric,0
09/11/2026 05:58:20,System.Runtime,dotnet.gc.last_collection.heap.fragmentation.size (By)[gc.heap.generation=gen0],Metric,0
09/11/2026 05:58:20,System.Runtime,dotnet.gc.last_collection.heap.fragmentation.size (By)[gc.heap.generation=gen1],Metric,0
09/11/2026 05:58:20,System.Runtime,dotnet.gc.last_collection.heap.fragmentation.size (By)[gc.heap.generation=poh],Metric,0
09/11/2026 05:58:20,System.Runtime,dotnet.gc.last_collection.heap.fragmentation.size (By)[gc.heap.generation=loh],Metric,0
09/11/2026 05:58:20,System.Runtime,dotnet.timer.count ({timer}),Metric,2
09/11/2026 05:58:20,System.Runtime,dotnet.assembly.count ({assembly}),Metric,61
09/11/2026 05:58:20,System.Runtime,dotnet.gc.heap.total_allocated (By / 1 sec),Rate,139336
09/11/2026 05:58:20,System.Runtime,dotnet.gc.last_collection.heap.size (By)[gc.heap.generation=gen2],Metric,0
09/11/2026 05:58:20,System.Runtime,dotnet.gc.last_collection.heap.size (By)[gc.heap.generation=gen0],Metric,0
09/11/2026 05:58:20,System.Runtime,dotnet.gc.last_collection.heap.size (By)[gc.heap.generation=gen1],Metric,0
09/11/2026 05:58:20,System.Runtime,dotnet.gc.last_collection.heap.size (By)[gc.heap.generation=poh],Metric,0
09/11/2026 05:58:20,System.Runtime,dotnet.gc.last_collection.heap.size (By)[gc.heap.generation=loh],Metric,0
09/11/2026 05:58:20,System.Runtime,dotnet.thread_pool.work_item.count ({work_item} / 1 sec),Rate,601
09/11/2026 05:58:20,System.Runtime,dotnet.process.memory.working_set (By),Metric,80691200
09/11/2026 05:58:20,System.Runtime,dotnet.thread_pool.thread.count ({thread} / 1 sec),Rate,0
09/11/2026 05:58:20,System.Runtime,dotnet.jit.compilation.time (s / 1 sec),Rate,0.0012892000000001014
09/11/2026 05:58:21,System.Runtime,dotnet.jit.compiled_il.size (By / 1 sec),Rate,41
09/11/2026 05:58:21,System.Runtime,dotnet.jit.compiled_methods ({method} / 1 sec),Rate,1
09/11/2026 05:58:21,System.Runtime,dotnet.monitor.lock_contentions ({contention} / 1 sec),Rate,0
09/11/2026 05:58:21,System.Runtime,dotnet.gc.collections ({collection} / 1 sec)[gc.heap.generation=gen2],Rate,0
09/11/2026 05:58:21,System.Runtime,dotnet.gc.collections ({collection} / 1 sec)[gc.heap.generation=gen0],Rate,0
09/11/2026 05:58:21,System.Runtime,dotnet.gc.collections ({collection} / 1 sec)[gc.heap.generation=gen1],Rate,0
09/11/2026 05:58:21,System.Runtime,dotnet.process.cpu.time (s / 1 sec)[cpu.mode=system],Rate,0.042054000000000036
09/11/2026 05:58:21,System.Runtime,dotnet.process.cpu.time (s / 1 sec)[cpu.mode=user],Rate,0.5731359999999999
09/11/2026 05:58:21,System.Runtime,dotnet.process.cpu.count ({cpu}),Metric,15
09/11/2026 05:58:21,System.Runtime,dotnet.gc.pause.time (s / 1 sec),Rate,0
09/11/2026 05:58:21,System.Runtime,dotnet.thread_pool.queue.length ({work_item} / 1 sec),Rate,0
09/11/2026 05:58:21,System.Runtime,dotnet.gc.last_collection.memory.committed_size (By),Metric,0
09/11/2026 05:58:21,System.Runtime,dotnet.gc.last_collection.heap.fragmentation.size (By)[gc.heap.generation=gen2],Metric,0
09/11/2026 05:58:21,System.Runtime,dotnet.gc.last_collection.heap.fragmentation.size (By)[gc.heap.generation=gen0],Metric,0
09/11/2026 05:58:21,System.Runtime,dotnet.gc.last_collection.heap.fragmentation.size (By)[gc.heap.generation=gen1],Metric,0
09/11/2026 05:58:21,System.Runtime,dotnet.gc.last_collection.heap.fragmentation.size (By)[gc.heap.generation=poh],Metric,0
09/11/2026 05:58:21,System.Runtime,dotnet.gc.last_collection.heap.fragmentation.size (By)[gc.heap.generation=loh],Metric,0
09/11/2026 05:58:21,System.Runtime,dotnet.timer.count ({timer}),Metric,2
09/11/2026 05:58:21,System.Runtime,dotnet.assembly.count ({assembly}),Metric,61
09/11/2026 05:58:21,System.Runtime,dotnet.gc.heap.total_allocated (By / 1 sec),Rate,146576
09/11/2026 05:58:21,System.Runtime,dotnet.gc.last_collection.heap.size (By)[gc.heap.generation=gen2],Metric,0
09/11/2026 05:58:21,System.Runtime,dotnet.gc.last_collection.heap.size (By)[gc.heap.generation=gen0],Metric,0
09/11/2026 05:58:21,System.Runtime,dotnet.gc.last_collection.heap.size (By)[gc.heap.generation=gen1],Metric,0
09/11/2026 05:58:21,System.Runtime,dotnet.gc.last_collection.heap.size (By)[gc.heap.generation=poh],Metric,0
09/11/2026 05:58:21,System.Runtime,dotnet.gc.last_collection.heap.size (By)[gc.heap.generation=loh],Metric,0
09/11/2026 05:58:21,System.Runtime,dotnet.thread_pool.work_item.count ({work_item} / 1 sec),Rate,601
09/11/2026 05:58:21,System.Runtime,dotnet.process.memory.working_set (By),Metric,80855040
09/11/2026 05:58:21,System.Runtime,dotnet.thread_pool.thread.count ({thread} / 1 sec),Rate,0
09/11/2026 05:58:21,System.Runtime,dotnet.jit.compilation.time (s / 1 sec),Rate,0.0005098999999999521
09/11/2026 05:58:22,System.Runtime,dotnet.jit.compiled_il.size (By / 1 sec),Rate,63
09/11/2026 05:58:22,System.Runtime,dotnet.jit.compiled_methods ({method} / 1 sec),Rate,1
09/11/2026 05:58:22,System.Runtime,dotnet.monitor.lock_contentions ({contention} / 1 sec),Rate,0
09/11/2026 05:58:22,System.Runtime,dotnet.gc.collections ({collection} / 1 sec)[gc.heap.generation=gen2],Rate,0
09/11/2026 05:58:22,System.Runtime,dotnet.gc.collections ({collection} / 1 sec)[gc.heap.generation=gen0],Rate,0
09/11/2026 05:58:22,System.Runtime,dotnet.gc.collections ({collection} / 1 sec)[gc.heap.generation=gen1],Rate,0
09/11/2026 05:58:22,System.Runtime,dotnet.process.cpu.time (s / 1 sec)[cpu.mode=system],Rate,0.04054599999999997
09/11/2026 05:58:22,System.Runtime,dotnet.process.cpu.time (s / 1 sec)[cpu.mode=user],Rate,0.5709809999999997
09/11/2026 05:58:22,System.Runtime,dotnet.process.cpu.count ({cpu}),Metric,15
09/11/2026 05:58:22,System.Runtime,dotnet.gc.pause.time (s / 1 sec),Rate,0
09/11/2026 05:58:22,System.Runtime,dotnet.thread_pool.queue.length ({work_item} / 1 sec),Rate,0
09/11/2026 05:58:22,System.Runtime,dotnet.gc.last_collection.memory.committed_size (By),Metric,0
09/11/2026 05:58:22,System.Runtime,dotnet.gc.last_collection.heap.fragmentation.size (By)[gc.heap.generation=gen2],Metric,0
09/11/2026 05:58:22,System.Runtime,dotnet.gc.last_collection.heap.fragmentation.size (By)[gc.heap.generation=gen0],Metric,0
09/11/2026 05:58:22,System.Runtime,dotnet.gc.last_collection.heap.fragmentation.size (By)[gc.heap.generation=gen1],Metric,0
09/11/2026 05:58:22,System.Runtime,dotnet.gc.last_collection.heap.fragmentation.size (By)[gc.heap.generation=poh],Metric,0
09/11/2026 05:58:22,System.Runtime,dotnet.gc.last_collection.heap.fragmentation.size (By)[gc.heap.generation=loh],Metric,0
09/11/2026 05:58:22,System.Runtime,dotnet.timer.count ({timer}),Metric,2
09/11/2026 05:58:22,System.Runtime,dotnet.assembly.count ({assembly}),Metric,61
09/11/2026 05:58:22,System.Runtime,dotnet.gc.heap.total_allocated (By / 1 sec),Rate,131200
09/11/2026 05:58:22,System.Runtime,dotnet.gc.last_collection.heap.size (By)[gc.heap.generation=gen2],Metric,0
09/11/2026 05:58:22,System.Runtime,dotnet.gc.last_collection.heap.size (By)[gc.heap.generation=gen0],Metric,0
09/11/2026 05:58:22,System.Runtime,dotnet.gc.last_collection.heap.size (By)[gc.heap.generation=gen1],Metric,0
09/11/2026 05:58:22,System.Runtime,dotnet.gc.last_collection.heap.size (By)[gc.heap.generation=poh],Metric,0
09/11/2026 05:58:22,System.Runtime,dotnet.gc.last_collection.heap.size (By)[gc.heap.generation=loh],Metric,0
09/11/2026 05:58:22,System.Runtime,dotnet.thread_pool.work_item.count ({work_item} / 1 sec),Rate,601
09/11/2026 05:58:22,System.Runtime,dotnet.process.memory.working_set (By),Metric,81035264
09/11/2026 05:58:22,System.Runtime,dotnet.thread_pool.thread.count ({thread} / 1 sec),Rate,0
09/11/2026 05:58:22,System.Runtime,dotnet.jit.compilation.time (s / 1 sec),Rate,0.0004170000000000007
09/11/2026 05:58:23,System.Runtime,dotnet.jit.compiled_il.size (By / 1 sec),Rate,1603
09/11/2026 05:58:23,System.Runtime,dotnet.jit.compiled_methods ({method} / 1 sec),Rate,15
09/11/2026 05:58:23,System.Runtime,dotnet.monitor.lock_contentions ({contention} / 1 sec),Rate,0
09/11/2026 05:58:23,System.Runtime,dotnet.gc.collections ({collection} / 1 sec)[gc.heap.generation=gen2],Rate,0
09/11/2026 05:58:23,System.Runtime,dotnet.gc.collections ({collection} / 1 sec)[gc.heap.generation=gen0],Rate,0
09/11/2026 05:58:23,System.Runtime,dotnet.gc.collections ({collection} / 1 sec)[gc.heap.generation=gen1],Rate,0
09/11/2026 05:58:23,System.Runtime,dotnet.process.cpu.time (s / 1 sec)[cpu.mode=system],Rate,0.04294599999999993
09/11/2026 05:58:23,System.Runtime,dotnet.process.cpu.time (s / 1 sec)[cpu.mode=user],Rate,0.5751910000000011
09/11/2026 05:58:23,System.Runtime,dotnet.process.cpu.count ({cpu}),Metric,15
09/11/2026 05:58:23,System.Runtime,dotnet.gc.pause.time (s / 1 sec),Rate,0
09/11/2026 05:58:23,System.Runtime,dotnet.thread_pool.queue.length ({work_item} / 1 sec),Rate,0
09/11/2026 05:58:23,System.Runtime,dotnet.gc.last_collection.memory.committed_size (By),Metric,0
09/11/2026 05:58:23,System.Runtime,dotnet.gc.last_collection.heap.fragmentation.size (By)[gc.heap.generation=gen2],Metric,0
09/11/2026 05:58:23,System.Runtime,dotnet.gc.last_collection.heap.fragmentation.size (By)[gc.heap.generation=gen0],Metric,0
09/11/2026 05:58:23,System.Runtime,dotnet.gc.last_collection.heap.fragmentation.size (By)[gc.heap.generation=gen1],Metric,0
09/11/2026 05:58:23,System.Runtime,dotnet.gc.last_collection.heap.fragmentation.size (By)[gc.heap.generation=poh],Metric,0
09/11/2026 05:58:23,System.Runtime,dotnet.gc.last_collection.heap.fragmentation.size (By)[gc.heap.generation=loh],Metric,0
09/11/2026 05:58:23,System.Runtime,dotnet.timer.count ({timer}),Metric,2
09/11/2026 05:58:23,System.Runtime,dotnet.assembly.count ({assembly}),Metric,61
09/11/2026 05:58:23,System.Runtime,dotnet.gc.heap.total_allocated (By / 1 sec),Rate,146592
09/11/2026 05:58:23,System.Runtime,dotnet.gc.last_collection.heap.size (By)[gc.heap.generation=gen2],Metric,0
09/11/2026 05:58:23,System.Runtime,dotnet.gc.last_collection.heap.size (By)[gc.heap.generation=gen0],Metric,0
09/11/2026 05:58:23,System.Runtime,dotnet.gc.last_collection.heap.size (By)[gc.heap.generation=gen1],Metric,0
09/11/2026 05:58:23,System.Runtime,dotnet.gc.last_collection.heap.size (By)[gc.heap.generation=poh],Metric,0
09/11/2026 05:58:23,System.Runtime,dotnet.gc.last_collection.heap.size (By)[gc.heap.generation=loh],Metric,0
09/11/2026 05:58:23,System.Runtime,dotnet.thread_pool.work_item.count ({work_item} / 1 sec),Rate,602
09/11/2026 05:58:23,System.Runtime,dotnet.process.memory.working_set (By),Metric,81199104
09/11/2026 05:58:23,System.Runtime,dotnet.thread_pool.thread.count ({thread} / 1 sec),Rate,0
09/11/2026 05:58:23,System.Runtime,dotnet.jit.compilation.time (s / 1 sec),Rate,0.009567400000000004
09/11/2026 05:58:24,System.Runtime,dotnet.jit.compiled_il.size (By / 1 sec),Rate,354
09/11/2026 05:58:24,System.Runtime,dotnet.jit.compiled_methods ({method} / 1 sec),Rate,11
09/11/2026 05:58:24,System.Runtime,dotnet.monitor.lock_contentions ({contention} / 1 sec),Rate,0
09/11/2026 05:58:24,System.Runtime,dotnet.gc.collections ({collection} / 1 sec)[gc.heap.generation=gen2],Rate,0
09/11/2026 05:58:24,System.Runtime,dotnet.gc.collections ({collection} / 1 sec)[gc.heap.generation=gen0],Rate,0
09/11/2026 05:58:24,System.Runtime,dotnet.gc.collections ({collection} / 1 sec)[gc.heap.generation=gen1],Rate,0
09/11/2026 05:58:24,System.Runtime,dotnet.process.cpu.time (s / 1 sec)[cpu.mode=system],Rate,0.03793099999999994
09/11/2026 05:58:24,System.Runtime,dotnet.process.cpu.time (s / 1 sec)[cpu.mode=user],Rate,0.5800239999999999
09/11/2026 05:58:24,System.Runtime,dotnet.process.cpu.count ({cpu}),Metric,15
09/11/2026 05:58:24,System.Runtime,dotnet.gc.pause.time (s / 1 sec),Rate,0
09/11/2026 05:58:24,System.Runtime,dotnet.thread_pool.queue.length ({work_item} / 1 sec),Rate,0
09/11/2026 05:58:24,System.Runtime,dotnet.gc.last_collection.memory.committed_size (By),Metric,0
09/11/2026 05:58:24,System.Runtime,dotnet.gc.last_collection.heap.fragmentation.size (By)[gc.heap.generation=gen2],Metric,0
09/11/2026 05:58:24,System.Runtime,dotnet.gc.last_collection.heap.fragmentation.size (By)[gc.heap.generation=gen0],Metric,0
09/11/2026 05:58:24,System.Runtime,dotnet.gc.last_collection.heap.fragmentation.size (By)[gc.heap.generation=gen1],Metric,0
09/11/2026 05:58:24,System.Runtime,dotnet.gc.last_collection.heap.fragmentation.size (By)[gc.heap.generation=poh],Metric,0
09/11/2026 05:58:24,System.Runtime,dotnet.gc.last_collection.heap.fragmentation.size (By)[gc.heap.generation=loh],Metric,0
09/11/2026 05:58:24,System.Runtime,dotnet.timer.count ({timer}),Metric,2
09/11/2026 05:58:24,System.Runtime,dotnet.assembly.count ({assembly}),Metric,61
09/11/2026 05:58:24,System.Runtime,dotnet.gc.heap.total_allocated (By / 1 sec),Rate,131176
09/11/2026 05:58:24,System.Runtime,dotnet.gc.last_collection.heap.size (By)[gc.heap.generation=gen2],Metric,0
09/11/2026 05:58:24,System.Runtime,dotnet.gc.last_collection.heap.size (By)[gc.heap.generation=gen0],Metric,0
09/11/2026 05:58:24,System.Runtime,dotnet.gc.last_collection.heap.size (By)[gc.heap.generation=gen1],Metric,0
09/11/2026 05:58:24,System.Runtime,dotnet.gc.last_collection.heap.size (By)[gc.heap.generation=poh],Metric,0
09/11/2026 05:58:24,System.Runtime,dotnet.gc.last_collection.heap.size (By)[gc.heap.generation=loh],Metric,0
09/11/2026 05:58:24,System.Runtime,dotnet.thread_pool.work_item.count ({work_item} / 1 sec),Rate,601
09/11/2026 05:58:24,System.Runtime,dotnet.process.memory.working_set (By),Metric,81330176
09/11/2026 05:58:24,System.Runtime,dotnet.thread_pool.thread.count ({thread} / 1 sec),Rate,0
09/11/2026 05:58:24,System.Runtime,dotnet.jit.compilation.time (s / 1 sec),Rate,0.004344899999999985
09/11/2026 05:58:25,System.Runtime,dotnet.jit.compiled_il.size (By / 1 sec),Rate,2579
09/11/2026 05:58:25,System.Runtime,dotnet.jit.compiled_methods ({method} / 1 sec),Rate,69
09/11/2026 05:58:25,System.Runtime,dotnet.monitor.lock_contentions ({contention} / 1 sec),Rate,0
09/11/2026 05:58:25,System.Runtime,dotnet.gc.collections ({collection} / 1 sec)[gc.heap.generation=gen2],Rate,0
09/11/2026 05:58:25,System.Runtime,dotnet.gc.collections ({collection} / 1 sec)[gc.heap.generation=gen0],Rate,0
09/11/2026 05:58:25,System.Runtime,dotnet.gc.collections ({collection} / 1 sec)[gc.heap.generation=gen1],Rate,0
09/11/2026 05:58:25,System.Runtime,dotnet.process.cpu.time (s / 1 sec)[cpu.mode=system],Rate,0.0289060000000001
09/11/2026 05:58:25,System.Runtime,dotnet.process.cpu.time (s / 1 sec)[cpu.mode=user],Rate,0.5766739999999988
09/11/2026 05:58:25,System.Runtime,dotnet.process.cpu.count ({cpu}),Metric,15
09/11/2026 05:58:25,System.Runtime,dotnet.gc.pause.time (s / 1 sec),Rate,0
09/11/2026 05:58:25,System.Runtime,dotnet.thread_pool.queue.length ({work_item} / 1 sec),Rate,0
09/11/2026 05:58:25,System.Runtime,dotnet.gc.last_collection.memory.committed_size (By),Metric,0
09/11/2026 05:58:25,System.Runtime,dotnet.gc.last_collection.heap.fragmentation.size (By)[gc.heap.generation=gen2],Metric,0
09/11/2026 05:58:25,System.Runtime,dotnet.gc.last_collection.heap.fragmentation.size (By)[gc.heap.generation=gen0],Metric,0
09/11/2026 05:58:25,System.Runtime,dotnet.gc.last_collection.heap.fragmentation.size (By)[gc.heap.generation=gen1],Metric,0
09/11/2026 05:58:25,System.Runtime,dotnet.gc.last_collection.heap.fragmentation.size (By)[gc.heap.generation=poh],Metric,0
09/11/2026 05:58:25,System.Runtime,dotnet.gc.last_collection.heap.fragmentation.size (By)[gc.heap.generation=loh],Metric,0
09/11/2026 05:58:25,System.Runtime,dotnet.timer.count ({timer}),Metric,2
09/11/2026 05:58:25,System.Runtime,dotnet.assembly.count ({assembly}),Metric,61
09/11/2026 05:58:25,System.Runtime,dotnet.gc.heap.total_allocated (By / 1 sec),Rate,138376
09/11/2026 05:58:25,System.Runtime,dotnet.gc.last_collection.heap.size (By)[gc.heap.generation=gen2],Metric,0
09/11/2026 05:58:25,System.Runtime,dotnet.gc.last_collection.heap.size (By)[gc.heap.generation=gen0],Metric,0
09/11/2026 05:58:25,System.Runtime,dotnet.gc.last_collection.heap.size (By)[gc.heap.generation=gen1],Metric,0
09/11/2026 05:58:25,System.Runtime,dotnet.gc.last_collection.heap.size (By)[gc.heap.generation=poh],Metric,0
09/11/2026 05:58:25,System.Runtime,dotnet.gc.last_collection.heap.size (By)[gc.heap.generation=loh],Metric,0
09/11/2026 05:58:25,System.Runtime,dotnet.thread_pool.work_item.count ({work_item} / 1 sec),Rate,601
09/11/2026 05:58:25,System.Runtime,dotnet.process.memory.working_set (By),Metric,81559552
09/11/2026 05:58:25,System.Runtime,dotnet.thread_pool.thread.count ({thread} / 1 sec),Rate,0
09/11/2026 05:58:25,System.Runtime,dotnet.jit.compilation.time (s / 1 sec),Rate,0.008425499999999975
09/11/2026 05:58:26,System.Runtime,dotnet.jit.compiled_il.size (By / 1 sec),Rate,0
09/11/2026 05:58:26,System.Runtime,dotnet.jit.compiled_methods ({method} / 1 sec),Rate,0
09/11/2026 05:58:26,System.Runtime,dotnet.monitor.lock_contentions ({contention} / 1 sec),Rate,0
09/11/2026 05:58:26,System.Runtime,dotnet.gc.collections ({collection} / 1 sec)[gc.heap.generation=gen2],Rate,0
09/11/2026 05:58:26,System.Runtime,dotnet.gc.collections ({collection} / 1 sec)[gc.heap.generation=gen0],Rate,0
09/11/2026 05:58:26,System.Runtime,dotnet.gc.collections ({collection} / 1 sec)[gc.heap.generation=gen1],Rate,0
09/11/2026 05:58:26,System.Runtime,dotnet.process.cpu.time (s / 1 sec)[cpu.mode=system],Rate,0.04365599999999992
09/11/2026 05:58:26,System.Runtime,dotnet.process.cpu.time (s / 1 sec)[cpu.mode=user],Rate,0.5741220000000009
09/11/2026 05:58:26,System.Runtime,dotnet.process.cpu.count ({cpu}),Metric,15
09/11/2026 05:58:26,System.Runtime,dotnet.gc.pause.time (s / 1 sec),Rate,0
09/11/2026 05:58:26,System.Runtime,dotnet.thread_pool.queue.length ({work_item} / 1 sec),Rate,0
09/11/2026 05:58:26,System.Runtime,dotnet.gc.last_collection.memory.committed_size (By),Metric,0
09/11/2026 05:58:26,System.Runtime,dotnet.gc.last_collection.heap.fragmentation.size (By)[gc.heap.generation=gen2],Metric,0
09/11/2026 05:58:26,System.Runtime,dotnet.gc.last_collection.heap.fragmentation.size (By)[gc.heap.generation=gen0],Metric,0
09/11/2026 05:58:26,System.Runtime,dotnet.gc.last_collection.heap.fragmentation.size (By)[gc.heap.generation=gen1],Metric,0
09/11/2026 05:58:26,System.Runtime,dotnet.gc.last_collection.heap.fragmentation.size (By)[gc.heap.generation=poh],Metric,0
09/11/2026 05:58:26,System.Runtime,dotnet.gc.last_collection.heap.fragmentation.size (By)[gc.heap.generation=loh],Metric,0
09/11/2026 05:58:26,System.Runtime,dotnet.timer.count ({timer}),Metric,2
09/11/2026 05:58:26,System.Runtime,dotnet.assembly.count ({assembly}),Metric,61
09/11/2026 05:58:26,System.Runtime,dotnet.gc.heap.total_allocated (By / 1 sec),Rate,122992
09/11/2026 05:58:26,System.Runtime,dotnet.gc.last_collection.heap.size (By)[gc.heap.generation=gen2],Metric,0
09/11/2026 05:58:26,System.Runtime,dotnet.gc.last_collection.heap.size (By)[gc.heap.generation=gen0],Metric,0
09/11/2026 05:58:26,System.Runtime,dotnet.gc.last_collection.heap.size (By)[gc.heap.generation=gen1],Metric,0
09/11/2026 05:58:26,System.Runtime,dotnet.gc.last_collection.heap.size (By)[gc.heap.generation=poh],Metric,0
09/11/2026 05:58:26,System.Runtime,dotnet.gc.last_collection.heap.size (By)[gc.heap.generation=loh],Metric,0
09/11/2026 05:58:26,System.Runtime,dotnet.thread_pool.work_item.count ({work_item} / 1 sec),Rate,601
09/11/2026 05:58:26,System.Runtime,dotnet.process.memory.working_set (By),Metric,81707008
09/11/2026 05:58:26,System.Runtime,dotnet.thread_pool.thread.count ({thread} / 1 sec),Rate,0
09/11/2026 05:58:26,System.Runtime,dotnet.jit.compilation.time (s / 1 sec),Rate,0
09/11/2026 05:58:27,System.Runtime,dotnet.jit.compiled_il.size (By / 1 sec),Rate,0
09/11/2026 05:58:27,System.Runtime,dotnet.jit.compiled_methods ({method} / 1 sec),Rate,0
09/11/2026 05:58:27,System.Runtime,dotnet.monitor.lock_contentions ({contention} / 1 sec),Rate,0
09/11/2026 05:58:27,System.Runtime,dotnet.gc.collections ({collection} / 1 sec)[gc.heap.generation=gen2],Rate,0
09/11/2026 05:58:27,System.Runtime,dotnet.gc.collections ({collection} / 1 sec)[gc.heap.generation=gen0],Rate,0
09/11/2026 05:58:27,System.Runtime,dotnet.gc.collections ({collection} / 1 sec)[gc.heap.generation=gen1],Rate,0
09/11/2026 05:58:27,System.Runtime,dotnet.process.cpu.time (s / 1 sec)[cpu.mode=system],Rate,0.04231200000000013
09/11/2026 05:58:27,System.Runtime,dotnet.process.cpu.time (s / 1 sec)[cpu.mode=user],Rate,0.5769909999999996
09/11/2026 05:58:27,System.Runtime,dotnet.process.cpu.count ({cpu}),Metric,15
09/11/2026 05:58:27,System.Runtime,dotnet.gc.pause.time (s / 1 sec),Rate,0
09/11/2026 05:58:27,System.Runtime,dotnet.thread_pool.queue.length ({work_item} / 1 sec),Rate,0
09/11/2026 05:58:27,System.Runtime,dotnet.gc.last_collection.memory.committed_size (By),Metric,0
09/11/2026 05:58:27,System.Runtime,dotnet.gc.last_collection.heap.fragmentation.size (By)[gc.heap.generation=gen2],Metric,0
09/11/2026 05:58:27,System.Runtime,dotnet.gc.last_collection.heap.fragmentation.size (By)[gc.heap.generation=gen0],Metric,0
09/11/2026 05:58:27,System.Runtime,dotnet.gc.last_collection.heap.fragmentation.size (By)[gc.heap.generation=gen1],Metric,0
09/11/2026 05:58:27,System.Runtime,dotnet.gc.last_collection.heap.fragmentation.size (By)[gc.heap.generation=poh],Metric,0
09/11/2026 05:58:27,System.Runtime,dotnet.gc.last_collection.heap.fragmentation.size (By)[gc.heap.generation=loh],Metric,0
09/11/2026 05:58:27,System.Runtime,dotnet.timer.count ({timer}),Metric,2
09/11/2026 05:58:27,System.Runtime,dotnet.assembly.count ({assembly}),Metric,61
09/11/2026 05:58:27,System.Runtime,dotnet.gc.heap.total_allocated (By / 1 sec),Rate,146544
09/11/2026 05:58:27,System.Runtime,dotnet.gc.last_collection.heap.size (By)[gc.heap.generation=gen2],Metric,0
09/11/2026 05:58:27,System.Runtime,dotnet.gc.last_collection.heap.size (By)[gc.heap.generation=gen0],Metric,0
09/11/2026 05:58:27,System.Runtime,dotnet.gc.last_collection.heap.size (By)[gc.heap.generation=gen1],Metric,0
09/11/2026 05:58:27,System.Runtime,dotnet.gc.last_collection.heap.size (By)[gc.heap.generation=poh],Metric,0
09/11/2026 05:58:27,System.Runtime,dotnet.gc.last_collection.heap.size (By)[gc.heap.generation=loh],Metric,0
09/11/2026 05:58:27,System.Runtime,dotnet.thread_pool.work_item.count ({work_item} / 1 sec),Rate,601
09/11/2026 05:58:27,System.Runtime,dotnet.process.memory.working_set (By),Metric,81854464
09/11/2026 05:58:27,System.Runtime,dotnet.thread_pool.thread.count ({thread} / 1 sec),Rate,0
09/11/2026 05:58:27,System.Runtime,dotnet.jit.compilation.time (s / 1 sec),Rate,0
09/11/2026 05:58:28,System.Runtime,dotnet.jit.compiled_il.size (By / 1 sec),Rate,158
09/11/2026 05:58:28,System.Runtime,dotnet.jit.compiled_methods ({method} / 1 sec),Rate,8
09/11/2026 05:58:28,System.Runtime,dotnet.monitor.lock_contentions ({contention} / 1 sec),Rate,0
09/11/2026 05:58:28,System.Runtime,dotnet.gc.collections ({collection} / 1 sec)[gc.heap.generation=gen2],Rate,0
09/11/2026 05:58:28,System.Runtime,dotnet.gc.collections ({collection} / 1 sec)[gc.heap.generation=gen0],Rate,0
09/11/2026 05:58:28,System.Runtime,dotnet.gc.collections ({collection} / 1 sec)[gc.heap.generation=gen1],Rate,0
09/11/2026 05:58:28,System.Runtime,dotnet.process.cpu.time (s / 1 sec)[cpu.mode=system],Rate,0.04039499999999996
09/11/2026 05:58:28,System.Runtime,dotnet.process.cpu.time (s / 1 sec)[cpu.mode=user],Rate,0.5762599999999996
09/11/2026 05:58:28,System.Runtime,dotnet.process.cpu.count ({cpu}),Metric,15
09/11/2026 05:58:28,System.Runtime,dotnet.gc.pause.time (s / 1 sec),Rate,0
09/11/2026 05:58:28,System.Runtime,dotnet.thread_pool.queue.length ({work_item} / 1 sec),Rate,0
09/11/2026 05:58:28,System.Runtime,dotnet.gc.last_collection.memory.committed_size (By),Metric,0
09/11/2026 05:58:28,System.Runtime,dotnet.gc.last_collection.heap.fragmentation.size (By)[gc.heap.generation=gen2],Metric,0
09/11/2026 05:58:28,System.Runtime,dotnet.gc.last_collection.heap.fragmentation.size (By)[gc.heap.generation=gen0],Metric,0
09/11/2026 05:58:28,System.Runtime,dotnet.gc.last_collection.heap.fragmentation.size (By)[gc.heap.generation=gen1],Metric,0
09/11/2026 05:58:28,System.Runtime,dotnet.gc.last_collection.heap.fragmentation.size (By)[gc.heap.generation=poh],Metric,0
09/11/2026 05:58:28,System.Runtime,dotnet.gc.last_collection.heap.fragmentation.size (By)[gc.heap.generation=loh],Metric,0
09/11/2026 05:58:28,System.Runtime,dotnet.timer.count ({timer}),Metric,2
09/11/2026 05:58:28,System.Runtime,dotnet.assembly.count ({assembly}),Metric,61
09/11/2026 05:58:28,System.Runtime,dotnet.gc.heap.total_allocated (By / 1 sec),Rate,139416
09/11/2026 05:58:28,System.Runtime,dotnet.gc.last_collection.heap.size (By)[gc.heap.generation=gen2],Metric,0
09/11/2026 05:58:28,System.Runtime,dotnet.gc.last_collection.heap.size (By)[gc.heap.generation=gen0],Metric,0
09/11/2026 05:58:28,System.Runtime,dotnet.gc.last_collection.heap.size (By)[gc.heap.generation=gen1],Metric,0
09/11/2026 05:58:28,System.Runtime,dotnet.gc.last_collection.heap.size (By)[gc.heap.generation=poh],Metric,0
09/11/2026 05:58:28,System.Runtime,dotnet.gc.last_collection.heap.size (By)[gc.heap.generation=loh],Metric,0
09/11/2026 05:58:28,System.Runtime,dotnet.thread_pool.work_item.count ({work_item} / 1 sec),Rate,602
09/11/2026 05:58:28,System.Runtime,dotnet.process.memory.working_set (By),Metric,82001920
09/11/2026 05:58:28,System.Runtime,dotnet.thread_pool.thread.count ({thread} / 1 sec),Rate,0
09/11/2026 05:58:28,System.Runtime,dotnet.jit.compilation.time (s / 1 sec),Rate,0.001515800000000067
09/11/2026 05:58:29,System.Runtime,dotnet.jit.compiled_il.size (By / 1 sec),Rate,0
09/11/2026 05:58:29,System.Runtime,dotnet.jit.compiled_methods ({method} / 1 sec),Rate,0
09/11/2026 05:58:29,System.Runtime,dotnet.monitor.lock_contentions ({contention} / 1 sec),Rate,0
09/11/2026 05:58:29,System.Runtime,dotnet.gc.collections ({collection} / 1 sec)[gc.heap.generation=gen2],Rate,0
09/11/2026 05:58:29,System.Runtime,dotnet.gc.collections ({collection} / 1 sec)[gc.heap.generation=gen0],Rate,0
09/11/2026 05:58:29,System.Runtime,dotnet.gc.collections ({collection} / 1 sec)[gc.heap.generation=gen1],Rate,0
09/11/2026 05:58:29,System.Runtime,dotnet.process.cpu.time (s / 1 sec)[cpu.mode=system],Rate,0.04023299999999996
09/11/2026 05:58:29,System.Runtime,dotnet.process.cpu.time (s / 1 sec)[cpu.mode=user],Rate,0.5710740000000012
09/11/2026 05:58:29,System.Runtime,dotnet.process.cpu.count ({cpu}),Metric,15
09/11/2026 05:58:29,System.Runtime,dotnet.gc.pause.time (s / 1 sec),Rate,0
09/11/2026 05:58:29,System.Runtime,dotnet.thread_pool.queue.length ({work_item} / 1 sec),Rate,0
09/11/2026 05:58:29,System.Runtime,dotnet.gc.last_collection.memory.committed_size (By),Metric,0
09/11/2026 05:58:29,System.Runtime,dotnet.gc.last_collection.heap.fragmentation.size (By)[gc.heap.generation=gen2],Metric,0
09/11/2026 05:58:29,System.Runtime,dotnet.gc.last_collection.heap.fragmentation.size (By)[gc.heap.generation=gen0],Metric,0
09/11/2026 05:58:29,System.Runtime,dotnet.gc.last_collection.heap.fragmentation.size (By)[gc.heap.generation=gen1],Metric,0
09/11/2026 05:58:29,System.Runtime,dotnet.gc.last_collection.heap.fragmentation.size (By)[gc.heap.generation=poh],Metric,0
09/11/2026 05:58:29,System.Runtime,dotnet.gc.last_collection.heap.fragmentation.size (By)[gc.heap.generation=loh],Metric,0
09/11/2026 05:58:29,System.Runtime,dotnet.timer.count ({timer}),Metric,2
09/11/2026 05:58:29,System.Runtime,dotnet.assembly.count ({assembly}),Metric,61
09/11/2026 05:58:29,System.Runtime,dotnet.gc.heap.total_allocated (By / 1 sec),Rate,138376
09/11/2026 05:58:29,System.Runtime,dotnet.gc.last_collection.heap.size (By)[gc.heap.generation=gen2],Metric,0
09/11/2026 05:58:29,System.Runtime,dotnet.gc.last_collection.heap.size (By)[gc.heap.generation=gen0],Metric,0
09/11/2026 05:58:29,System.Runtime,dotnet.gc.last_collection.heap.size (By)[gc.heap.generation=gen1],Metric,0
09/11/2026 05:58:29,System.Runtime,dotnet.gc.last_collection.heap.size (By)[gc.heap.generation=poh],Metric,0
09/11/2026 05:58:29,System.Runtime,dotnet.gc.last_collection.heap.size (By)[gc.heap.generation=loh],Metric,0
09/11/2026 05:58:29,System.Runtime,dotnet.thread_pool.work_item.count ({work_item} / 1 sec),Rate,601
09/11/2026 05:58:29,System.Runtime,dotnet.process.memory.working_set (By),Metric,82182144
09/11/2026 05:58:29,System.Runtime,dotnet.thread_pool.thread.count ({thread} / 1 sec),Rate,0
09/11/2026 05:58:29,System.Runtime,dotnet.jit.compilation.time (s / 1 sec),Rate,0
09/11/2026 05:58:30,System.Runtime,dotnet.jit.compiled_il.size (By / 1 sec),Rate,0
09/11/2026 05:58:30,System.Runtime,dotnet.jit.compiled_methods ({method} / 1 sec),Rate,0
09/11/2026 05:58:30,System.Runtime,dotnet.monitor.lock_contentions ({contention} / 1 sec),Rate,0
09/11/2026 05:58:30,System.Runtime,dotnet.gc.collections ({collection} / 1 sec)[gc.heap.generation=gen2],Rate,0
09/11/2026 05:58:30,System.Runtime,dotnet.gc.collections ({collection} / 1 sec)[gc.heap.generation=gen0],Rate,0
09/11/2026 05:58:30,System.Runtime,dotnet.gc.collections ({collection} / 1 sec)[gc.heap.generation=gen1],Rate,0
09/11/2026 05:58:30,System.Runtime,dotnet.process.cpu.time (s / 1 sec)[cpu.mode=system],Rate,0.04152700000000009
09/11/2026 05:58:30,System.Runtime,dotnet.process.cpu.time (s / 1 sec)[cpu.mode=user],Rate,0.5702989999999986
09/11/2026 05:58:30,System.Runtime,dotnet.process.cpu.count ({cpu}),Metric,15
09/11/2026 05:58:30,System.Runtime,dotnet.gc.pause.time (s / 1 sec),Rate,0
09/11/2026 05:58:30,System.Runtime,dotnet.thread_pool.queue.length ({work_item} / 1 sec),Rate,0
09/11/2026 05:58:30,System.Runtime,dotnet.gc.last_collection.memory.committed_size (By),Metric,0
09/11/2026 05:58:30,System.Runtime,dotnet.gc.last_collection.heap.fragmentation.size (By)[gc.heap.generation=gen2],Metric,0
09/11/2026 05:58:30,System.Runtime,dotnet.gc.last_collection.heap.fragmentation.size (By)[gc.heap.generation=gen0],Metric,0
09/11/2026 05:58:30,System.Runtime,dotnet.gc.last_collection.heap.fragmentation.size (By)[gc.heap.generation=gen1],Metric,0
09/11/2026 05:58:30,System.Runtime,dotnet.gc.last_collection.heap.fragmentation.size (By)[gc.heap.generation=poh],Metric,0
09/11/2026 05:58:30,System.Runtime,dotnet.gc.last_collection.heap.fragmentation.size (By)[gc.heap.generation=loh],Metric,0
09/11/2026 05:58:30,System.Runtime,dotnet.timer.count ({timer}),Metric,2
09/11/2026 05:58:30,System.Runtime,dotnet.assembly.count ({assembly}),Metric,61
09/11/2026 05:58:30,System.Runtime,dotnet.gc.heap.total_allocated (By / 1 sec),Rate,124472
09/11/2026 05:58:30,System.Runtime,dotnet.gc.last_collection.heap.size (By)[gc.heap.generation=gen2],Metric,0
09/11/2026 05:58:30,System.Runtime,dotnet.gc.last_collection.heap.size (By)[gc.heap.generation=gen0],Metric,0
09/11/2026 05:58:30,System.Runtime,dotnet.gc.last_collection.heap.size (By)[gc.heap.generation=gen1],Metric,0
09/11/2026 05:58:30,System.Runtime,dotnet.gc.last_collection.heap.size (By)[gc.heap.generation=poh],Metric,0
09/11/2026 05:58:30,System.Runtime,dotnet.gc.last_collection.heap.size (By)[gc.heap.generation=loh],Metric,0
09/11/2026 05:58:30,System.Runtime,dotnet.thread_pool.work_item.count ({work_item} / 1 sec),Rate,598
09/11/2026 05:58:30,System.Runtime,dotnet.process.memory.working_set (By),Metric,82296832
09/11/2026 05:58:30,System.Runtime,dotnet.thread_pool.thread.count ({thread} / 1 sec),Rate,0
09/11/2026 05:58:30,System.Runtime,dotnet.jit.compilation.time (s / 1 sec),Rate,0
09/11/2026 05:58:31,System.Runtime,dotnet.jit.compiled_il.size (By / 1 sec),Rate,0
09/11/2026 05:58:31,System.Runtime,dotnet.jit.compiled_methods ({method} / 1 sec),Rate,0
09/11/2026 05:58:31,System.Runtime,dotnet.monitor.lock_contentions ({contention} / 1 sec),Rate,0
09/11/2026 05:58:31,System.Runtime,dotnet.gc.collections ({collection} / 1 sec)[gc.heap.generation=gen2],Rate,0
09/11/2026 05:58:31,System.Runtime,dotnet.gc.collections ({collection} / 1 sec)[gc.heap.generation=gen0],Rate,0
09/11/2026 05:58:31,System.Runtime,dotnet.gc.collections ({collection} / 1 sec)[gc.heap.generation=gen1],Rate,0
09/11/2026 05:58:31,System.Runtime,dotnet.process.cpu.time (s / 1 sec)[cpu.mode=system],Rate,0.03884200000000004
09/11/2026 05:58:31,System.Runtime,dotnet.process.cpu.time (s / 1 sec)[cpu.mode=user],Rate,0.5745540000000009
09/11/2026 05:58:31,System.Runtime,dotnet.process.cpu.count ({cpu}),Metric,15
09/11/2026 05:58:31,System.Runtime,dotnet.gc.pause.time (s / 1 sec),Rate,0
09/11/2026 05:58:31,System.Runtime,dotnet.thread_pool.queue.length ({work_item} / 1 sec),Rate,0
09/11/2026 05:58:31,System.Runtime,dotnet.gc.last_collection.memory.committed_size (By),Metric,0
09/11/2026 05:58:31,System.Runtime,dotnet.gc.last_collection.heap.fragmentation.size (By)[gc.heap.generation=gen2],Metric,0
09/11/2026 05:58:31,System.Runtime,dotnet.gc.last_collection.heap.fragmentation.size (By)[gc.heap.generation=gen0],Metric,0
09/11/2026 05:58:31,System.Runtime,dotnet.gc.last_collection.heap.fragmentation.size (By)[gc.heap.generation=gen1],Metric,0
09/11/2026 05:58:31,System.Runtime,dotnet.gc.last_collection.heap.fragmentation.size (By)[gc.heap.generation=poh],Metric,0
09/11/2026 05:58:31,System.Runtime,dotnet.gc.last_collection.heap.fragmentation.size (By)[gc.heap.generation=loh],Metric,0
09/11/2026 05:58:31,System.Runtime,dotnet.timer.count ({timer}),Metric,2
09/11/2026 05:58:31,System.Runtime,dotnet.assembly.count ({assembly}),Metric,61
09/11/2026 05:58:31,System.Runtime,dotnet.gc.heap.total_allocated (By / 1 sec),Rate,147600
09/11/2026 05:58:31,System.Runtime,dotnet.gc.last_collection.heap.size (By)[gc.heap.generation=gen2],Metric,0
09/11/2026 05:58:31,System.Runtime,dotnet.gc.last_collection.heap.size (By)[gc.heap.generation=gen0],Metric,0
09/11/2026 05:58:31,System.Runtime,dotnet.gc.last_collection.heap.size (By)[gc.heap.generation=gen1],Metric,0
09/11/2026 05:58:31,System.Runtime,dotnet.gc.last_collection.heap.size (By)[gc.heap.generation=poh],Metric,0
09/11/2026 05:58:31,System.Runtime,dotnet.gc.last_collection.heap.size (By)[gc.heap.generation=loh],Metric,0
09/11/2026 05:58:31,System.Runtime,dotnet.thread_pool.work_item.count ({work_item} / 1 sec),Rate,601
09/11/2026 05:58:31,System.Runtime,dotnet.process.memory.working_set (By),Metric,82493440
09/11/2026 05:58:31,System.Runtime,dotnet.thread_pool.thread.count ({thread} / 1 sec),Rate,0
09/11/2026 05:58:31,System.Runtime,dotnet.jit.compilation.time (s / 1 sec),Rate,0
09/11/2026 05:58:32,System.Runtime,dotnet.jit.compiled_il.size (By / 1 sec),Rate,0
09/11/2026 05:58:32,System.Runtime,dotnet.jit.compiled_methods ({method} / 1 sec),Rate,0
09/11/2026 05:58:32,System.Runtime,dotnet.monitor.lock_contentions ({contention} / 1 sec),Rate,0
09/11/2026 05:58:32,System.Runtime,dotnet.gc.collections ({collection} / 1 sec)[gc.heap.generation=gen2],Rate,0
09/11/2026 05:58:32,System.Runtime,dotnet.gc.collections ({collection} / 1 sec)[gc.heap.generation=gen0],Rate,0
09/11/2026 05:58:32,System.Runtime,dotnet.gc.collections ({collection} / 1 sec)[gc.heap.generation=gen1],Rate,0
09/11/2026 05:58:32,System.Runtime,dotnet.process.cpu.time (s / 1 sec)[cpu.mode=system],Rate,0.03994199999999992
09/11/2026 05:58:32,System.Runtime,dotnet.process.cpu.time (s / 1 sec)[cpu.mode=user],Rate,0.5763099999999994
09/11/2026 05:58:32,System.Runtime,dotnet.process.cpu.count ({cpu}),Metric,15
09/11/2026 05:58:32,System.Runtime,dotnet.gc.pause.time (s / 1 sec),Rate,0
09/11/2026 05:58:32,System.Runtime,dotnet.thread_pool.queue.length ({work_item} / 1 sec),Rate,0
09/11/2026 05:58:32,System.Runtime,dotnet.gc.last_collection.memory.committed_size (By),Metric,0
09/11/2026 05:58:32,System.Runtime,dotnet.gc.last_collection.heap.fragmentation.size (By)[gc.heap.generation=gen2],Metric,0
09/11/2026 05:58:32,System.Runtime,dotnet.gc.last_collection.heap.fragmentation.size (By)[gc.heap.generation=gen0],Metric,0
09/11/2026 05:58:32,System.Runtime,dotnet.gc.last_collection.heap.fragmentation.size (By)[gc.heap.generation=gen1],Metric,0
09/11/2026 05:58:32,System.Runtime,dotnet.gc.last_collection.heap.fragmentation.size (By)[gc.heap.generation=poh],Metric,0
09/11/2026 05:58:32,System.Runtime,dotnet.gc.last_collection.heap.fragmentation.size (By)[gc.heap.generation=loh],Metric,0
09/11/2026 05:58:32,System.Runtime,dotnet.timer.count ({timer}),Metric,2
09/11/2026 05:58:32,System.Runtime,dotnet.assembly.count ({assembly}),Metric,61
09/11/2026 05:58:32,System.Runtime,dotnet.gc.heap.total_allocated (By / 1 sec),Rate,123048
09/11/2026 05:58:32,System.Runtime,dotnet.gc.last_collection.heap.size (By)[gc.heap.generation=gen2],Metric,0
09/11/2026 05:58:32,System.Runtime,dotnet.gc.last_collection.heap.size (By)[gc.heap.generation=gen0],Metric,0
09/11/2026 05:58:32,System.Runtime,dotnet.gc.last_collection.heap.size (By)[gc.heap.generation=gen1],Metric,0
09/11/2026 05:58:32,System.Runtime,dotnet.gc.last_collection.heap.size (By)[gc.heap.generation=poh],Metric,0
09/11/2026 05:58:32,System.Runtime,dotnet.gc.last_collection.heap.size (By)[gc.heap.generation=loh],Metric,0
09/11/2026 05:58:32,System.Runtime,dotnet.thread_pool.work_item.count ({work_item} / 1 sec),Rate,601
09/11/2026 05:58:32,System.Runtime,dotnet.process.memory.working_set (By),Metric,82575360
09/11/2026 05:58:32,System.Runtime,dotnet.thread_pool.thread.count ({thread} / 1 sec),Rate,0
09/11/2026 05:58:32,System.Runtime,dotnet.jit.compilation.time (s / 1 sec),Rate,0
09/11/2026 05:58:33,System.Runtime,dotnet.jit.compiled_il.size (By / 1 sec),Rate,363
09/11/2026 05:58:33,System.Runtime,dotnet.jit.compiled_methods ({method} / 1 sec),Rate,1
09/11/2026 05:58:33,System.Runtime,dotnet.monitor.lock_contentions ({contention} / 1 sec),Rate,0
09/11/2026 05:58:33,System.Runtime,dotnet.gc.collections ({collection} / 1 sec)[gc.heap.generation=gen2],Rate,0
09/11/2026 05:58:33,System.Runtime,dotnet.gc.collections ({collection} / 1 sec)[gc.heap.generation=gen0],Rate,0
09/11/2026 05:58:33,System.Runtime,dotnet.gc.collections ({collection} / 1 sec)[gc.heap.generation=gen1],Rate,0
09/11/2026 05:58:33,System.Runtime,dotnet.process.cpu.time (s / 1 sec)[cpu.mode=system],Rate,0.03804300000000005
09/11/2026 05:58:33,System.Runtime,dotnet.process.cpu.time (s / 1 sec)[cpu.mode=user],Rate,0.5773290000000006
09/11/2026 05:58:33,System.Runtime,dotnet.process.cpu.count ({cpu}),Metric,15
09/11/2026 05:58:33,System.Runtime,dotnet.gc.pause.time (s / 1 sec),Rate,0
09/11/2026 05:58:33,System.Runtime,dotnet.thread_pool.queue.length ({work_item} / 1 sec),Rate,0
09/11/2026 05:58:33,System.Runtime,dotnet.gc.last_collection.memory.committed_size (By),Metric,0
09/11/2026 05:58:33,System.Runtime,dotnet.gc.last_collection.heap.fragmentation.size (By)[gc.heap.generation=gen2],Metric,0
09/11/2026 05:58:33,System.Runtime,dotnet.gc.last_collection.heap.fragmentation.size (By)[gc.heap.generation=gen0],Metric,0
09/11/2026 05:58:33,System.Runtime,dotnet.gc.last_collection.heap.fragmentation.size (By)[gc.heap.generation=gen1],Metric,0
09/11/2026 05:58:33,System.Runtime,dotnet.gc.last_collection.heap.fragmentation.size (By)[gc.heap.generation=poh],Metric,0
09/11/2026 05:58:33,System.Runtime,dotnet.gc.last_collection.heap.fragmentation.size (By)[gc.heap.generation=loh],Metric,0
09/11/2026 05:58:33,System.Runtime,dotnet.timer.count ({timer}),Metric,2
09/11/2026 05:58:33,System.Runtime,dotnet.assembly.count ({assembly}),Metric,61
09/11/2026 05:58:33,System.Runtime,dotnet.gc.heap.total_allocated (By / 1 sec),Rate,147856
09/11/2026 05:58:33,System.Runtime,dotnet.gc.last_collection.heap.size (By)[gc.heap.generation=gen2],Metric,0
09/11/2026 05:58:33,System.Runtime,dotnet.gc.last_collection.heap.size (By)[gc.heap.generation=gen0],Metric,0
09/11/2026 05:58:33,System.Runtime,dotnet.gc.last_collection.heap.size (By)[gc.heap.generation=gen1],Metric,0
09/11/2026 05:58:33,System.Runtime,dotnet.gc.last_collection.heap.size (By)[gc.heap.generation=poh],Metric,0
09/11/2026 05:58:33,System.Runtime,dotnet.gc.last_collection.heap.size (By)[gc.heap.generation=loh],Metric,0
09/11/2026 05:58:33,System.Runtime,dotnet.thread_pool.work_item.count ({work_item} / 1 sec),Rate,602
09/11/2026 05:58:33,System.Runtime,dotnet.process.memory.working_set (By),Metric,82755584
09/11/2026 05:58:33,System.Runtime,dotnet.thread_pool.thread.count ({thread} / 1 sec),Rate,0
09/11/2026 05:58:33,System.Runtime,dotnet.jit.compilation.time (s / 1 sec),Rate,0.0013733000000000217
09/11/2026 05:58:34,System.Runtime,dotnet.jit.compiled_il.size (By / 1 sec),Rate,0
09/11/2026 05:58:34,System.Runtime,dotnet.jit.compiled_methods ({method} / 1 sec),Rate,0
09/11/2026 05:58:34,System.Runtime,dotnet.monitor.lock_contentions ({contention} / 1 sec),Rate,0
09/11/2026 05:58:34,System.Runtime,dotnet.gc.collections ({collection} / 1 sec)[gc.heap.generation=gen2],Rate,0
09/11/2026 05:58:34,System.Runtime,dotnet.gc.collections ({collection} / 1 sec)[gc.heap.generation=gen0],Rate,0
09/11/2026 05:58:34,System.Runtime,dotnet.gc.collections ({collection} / 1 sec)[gc.heap.generation=gen1],Rate,0
09/11/2026 05:58:34,System.Runtime,dotnet.process.cpu.time (s / 1 sec)[cpu.mode=system],Rate,0.03557599999999983
09/11/2026 05:58:34,System.Runtime,dotnet.process.cpu.time (s / 1 sec)[cpu.mode=user],Rate,0.5739319999999992
09/11/2026 05:58:34,System.Runtime,dotnet.process.cpu.count ({cpu}),Metric,15
09/11/2026 05:58:34,System.Runtime,dotnet.gc.pause.time (s / 1 sec),Rate,0
09/11/2026 05:58:34,System.Runtime,dotnet.thread_pool.queue.length ({work_item} / 1 sec),Rate,0
09/11/2026 05:58:34,System.Runtime,dotnet.gc.last_collection.memory.committed_size (By),Metric,0
09/11/2026 05:58:34,System.Runtime,dotnet.gc.last_collection.heap.fragmentation.size (By)[gc.heap.generation=gen2],Metric,0
09/11/2026 05:58:34,System.Runtime,dotnet.gc.last_collection.heap.fragmentation.size (By)[gc.heap.generation=gen0],Metric,0
09/11/2026 05:58:34,System.Runtime,dotnet.gc.last_collection.heap.fragmentation.size (By)[gc.heap.generation=gen1],Metric,0
09/11/2026 05:58:34,System.Runtime,dotnet.gc.last_collection.heap.fragmentation.size (By)[gc.heap.generation=poh],Metric,0
09/11/2026 05:58:34,System.Runtime,dotnet.gc.last_collection.heap.fragmentation.size (By)[gc.heap.generation=loh],Metric,0
09/11/2026 05:58:34,System.Runtime,dotnet.timer.count ({timer}),Metric,2
09/11/2026 05:58:34,System.Runtime,dotnet.assembly.count ({assembly}),Metric,61
09/11/2026 05:58:34,System.Runtime,dotnet.gc.heap.total_allocated (By / 1 sec),Rate,123000
09/11/2026 05:58:34,System.Runtime,dotnet.gc.last_collection.heap.size (By)[gc.heap.generation=gen2],Metric,0
09/11/2026 05:58:34,System.Runtime,dotnet.gc.last_collection.heap.size (By)[gc.heap.generation=gen0],Metric,0
09/11/2026 05:58:34,System.Runtime,dotnet.gc.last_collection.heap.size (By)[gc.heap.generation=gen1],Metric,0
09/11/2026 05:58:34,System.Runtime,dotnet.gc.last_collection.heap.size (By)[gc.heap.generation=poh],Metric,0
09/11/2026 05:58:34,System.Runtime,dotnet.gc.last_collection.heap.size (By)[gc.heap.generation=loh],Metric,0
09/11/2026 05:58:34,System.Runtime,dotnet.thread_pool.work_item.count ({work_item} / 1 sec),Rate,601
09/11/2026 05:58:34,System.Runtime,dotnet.process.memory.working_set (By),Metric,82919424
09/11/2026 05:58:34,System.Runtime,dotnet.thread_pool.thread.count ({thread} / 1 sec),Rate,0
09/11/2026 05:58:34,System.Runtime,dotnet.jit.compilation.time (s / 1 sec),Rate,0
09/11/2026 05:58:35,System.Runtime,dotnet.jit.compiled_il.size (By / 1 sec),Rate,0
09/11/2026 05:58:35,System.Runtime,dotnet.jit.compiled_methods ({method} / 1 sec),Rate,0
09/11/2026 05:58:35,System.Runtime,dotnet.monitor.lock_contentions ({contention} / 1 sec),Rate,0
09/11/2026 05:58:35,System.Runtime,dotnet.gc.collections ({collection} / 1 sec)[gc.heap.generation=gen2],Rate,0
09/11/2026 05:58:35,System.Runtime,dotnet.gc.collections ({collection} / 1 sec)[gc.heap.generation=gen0],Rate,0
09/11/2026 05:58:35,System.Runtime,dotnet.gc.collections ({collection} / 1 sec)[gc.heap.generation=gen1],Rate,0
09/11/2026 05:58:35,System.Runtime,dotnet.process.cpu.time (s / 1 sec)[cpu.mode=system],Rate,0.03878400000000015
09/11/2026 05:58:35,System.Runtime,dotnet.process.cpu.time (s / 1 sec)[cpu.mode=user],Rate,0.5759629999999998
09/11/2026 05:58:35,System.Runtime,dotnet.process.cpu.count ({cpu}),Metric,15
09/11/2026 05:58:35,System.Runtime,dotnet.gc.pause.time (s / 1 sec),Rate,0
09/11/2026 05:58:35,System.Runtime,dotnet.thread_pool.queue.length ({work_item} / 1 sec),Rate,0
09/11/2026 05:58:35,System.Runtime,dotnet.gc.last_collection.memory.committed_size (By),Metric,0
09/11/2026 05:58:35,System.Runtime,dotnet.gc.last_collection.heap.fragmentation.size (By)[gc.heap.generation=gen2],Metric,0
09/11/2026 05:58:35,System.Runtime,dotnet.gc.last_collection.heap.fragmentation.size (By)[gc.heap.generation=gen0],Metric,0
09/11/2026 05:58:35,System.Runtime,dotnet.gc.last_collection.heap.fragmentation.size (By)[gc.heap.generation=gen1],Metric,0
09/11/2026 05:58:35,System.Runtime,dotnet.gc.last_collection.heap.fragmentation.size (By)[gc.heap.generation=poh],Metric,0
09/11/2026 05:58:35,System.Runtime,dotnet.gc.last_collection.heap.fragmentation.size (By)[gc.heap.generation=loh],Metric,0
09/11/2026 05:58:35,System.Runtime,dotnet.timer.count ({timer}),Metric,2
09/11/2026 05:58:35,System.Runtime,dotnet.assembly.count ({assembly}),Metric,61
09/11/2026 05:58:35,System.Runtime,dotnet.gc.heap.total_allocated (By / 1 sec),Rate,153656
09/11/2026 05:58:35,System.Runtime,dotnet.gc.last_collection.heap.size (By)[gc.heap.generation=gen2],Metric,0
09/11/2026 05:58:35,System.Runtime,dotnet.gc.last_collection.heap.size (By)[gc.heap.generation=gen0],Metric,0
09/11/2026 05:58:35,System.Runtime,dotnet.gc.last_collection.heap.size (By)[gc.heap.generation=gen1],Metric,0
09/11/2026 05:58:35,System.Runtime,dotnet.gc.last_collection.heap.size (By)[gc.heap.generation=poh],Metric,0
09/11/2026 05:58:35,System.Runtime,dotnet.gc.last_collection.heap.size (By)[gc.heap.generation=loh],Metric,0
09/11/2026 05:58:35,System.Runtime,dotnet.thread_pool.work_item.count ({work_item} / 1 sec),Rate,601
09/11/2026 05:58:35,System.Runtime,dotnet.process.memory.working_set (By),Metric,83083264
09/11/2026 05:58:35,System.Runtime,dotnet.thread_pool.thread.count ({thread} / 1 sec),Rate,0
09/11/2026 05:58:35,System.Runtime,dotnet.jit.compilation.time (s / 1 sec),Rate,0
09/11/2026 05:58:36,System.Runtime,dotnet.jit.compiled_il.size (By / 1 sec),Rate,0
09/11/2026 05:58:36,System.Runtime,dotnet.jit.compiled_methods ({method} / 1 sec),Rate,0
09/11/2026 05:58:36,System.Runtime,dotnet.monitor.lock_contentions ({contention} / 1 sec),Rate,0
09/11/2026 05:58:36,System.Runtime,dotnet.gc.collections ({collection} / 1 sec)[gc.heap.generation=gen2],Rate,0
09/11/2026 05:58:36,System.Runtime,dotnet.gc.collections ({collection} / 1 sec)[gc.heap.generation=gen0],Rate,0
09/11/2026 05:58:36,System.Runtime,dotnet.gc.collections ({collection} / 1 sec)[gc.heap.generation=gen1],Rate,0
09/11/2026 05:58:36,System.Runtime,dotnet.process.cpu.time (s / 1 sec)[cpu.mode=system],Rate,0.03761100000000006
09/11/2026 05:58:36,System.Runtime,dotnet.process.cpu.time (s / 1 sec)[cpu.mode=user],Rate,0.5761479999999999
09/11/2026 05:58:36,System.Runtime,dotnet.process.cpu.count ({cpu}),Metric,15
09/11/2026 05:58:36,System.Runtime,dotnet.gc.pause.time (s / 1 sec),Rate,0
09/11/2026 05:58:36,System.Runtime,dotnet.thread_pool.queue.length ({work_item} / 1 sec),Rate,0
09/11/2026 05:58:36,System.Runtime,dotnet.gc.last_collection.memory.committed_size (By),Metric,0
09/11/2026 05:58:36,System.Runtime,dotnet.gc.last_collection.heap.fragmentation.size (By)[gc.heap.generation=gen2],Metric,0
09/11/2026 05:58:36,System.Runtime,dotnet.gc.last_collection.heap.fragmentation.size (By)[gc.heap.generation=gen0],Metric,0
09/11/2026 05:58:36,System.Runtime,dotnet.gc.last_collection.heap.fragmentation.size (By)[gc.heap.generation=gen1],Metric,0
09/11/2026 05:58:36,System.Runtime,dotnet.gc.last_collection.heap.fragmentation.size (By)[gc.heap.generation=poh],Metric,0
09/11/2026 05:58:36,System.Runtime,dotnet.gc.last_collection.heap.fragmentation.size (By)[gc.heap.generation=loh],Metric,0
09/11/2026 05:58:36,System.Runtime,dotnet.timer.count ({timer}),Metric,2
09/11/2026 05:58:36,System.Runtime,dotnet.assembly.count ({assembly}),Metric,61
09/11/2026 05:58:36,System.Runtime,dotnet.gc.heap.total_allocated (By / 1 sec),Rate,114800
09/11/2026 05:58:36,System.Runtime,dotnet.gc.last_collection.heap.size (By)[gc.heap.generation=gen2],Metric,0
09/11/2026 05:58:36,System.Runtime,dotnet.gc.last_collection.heap.size (By)[gc.heap.generation=gen0],Metric,0
09/11/2026 05:58:36,System.Runtime,dotnet.gc.last_collection.heap.size (By)[gc.heap.generation=gen1],Metric,0
09/11/2026 05:58:36,System.Runtime,dotnet.gc.last_collection.heap.size (By)[gc.heap.generation=poh],Metric,0
09/11/2026 05:58:36,System.Runtime,dotnet.gc.last_collection.heap.size (By)[gc.heap.generation=loh],Metric,0
09/11/2026 05:58:36,System.Runtime,dotnet.thread_pool.work_item.count ({work_item} / 1 sec),Rate,601
09/11/2026 05:58:36,System.Runtime,dotnet.process.memory.working_set (By),Metric,83230720
09/11/2026 05:58:36,System.Runtime,dotnet.thread_pool.thread.count ({thread} / 1 sec),Rate,0
09/11/2026 05:58:36,System.Runtime,dotnet.jit.compilation.time (s / 1 sec),Rate,0
09/11/2026 05:58:37,System.Runtime,dotnet.jit.compiled_il.size (By / 1 sec),Rate,0
09/11/2026 05:58:37,System.Runtime,dotnet.jit.compiled_methods ({method} / 1 sec),Rate,0
09/11/2026 05:58:37,System.Runtime,dotnet.monitor.lock_contentions ({contention} / 1 sec),Rate,0
09/11/2026 05:58:37,System.Runtime,dotnet.gc.collections ({collection} / 1 sec)[gc.heap.generation=gen2],Rate,0
09/11/2026 05:58:37,System.Runtime,dotnet.gc.collections ({collection} / 1 sec)[gc.heap.generation=gen0],Rate,0
09/11/2026 05:58:37,System.Runtime,dotnet.gc.collections ({collection} / 1 sec)[gc.heap.generation=gen1],Rate,0
09/11/2026 05:58:37,System.Runtime,dotnet.process.cpu.time (s / 1 sec)[cpu.mode=system],Rate,0.03720099999999982
09/11/2026 05:58:37,System.Runtime,dotnet.process.cpu.time (s / 1 sec)[cpu.mode=user],Rate,0.5705690000000025
09/11/2026 05:58:37,System.Runtime,dotnet.process.cpu.count ({cpu}),Metric,15
09/11/2026 05:58:37,System.Runtime,dotnet.gc.pause.time (s / 1 sec),Rate,0
09/11/2026 05:58:37,System.Runtime,dotnet.thread_pool.queue.length ({work_item} / 1 sec),Rate,0
09/11/2026 05:58:37,System.Runtime,dotnet.gc.last_collection.memory.committed_size (By),Metric,0
09/11/2026 05:58:37,System.Runtime,dotnet.gc.last_collection.heap.fragmentation.size (By)[gc.heap.generation=gen2],Metric,0
09/11/2026 05:58:37,System.Runtime,dotnet.gc.last_collection.heap.fragmentation.size (By)[gc.heap.generation=gen0],Metric,0
09/11/2026 05:58:37,System.Runtime,dotnet.gc.last_collection.heap.fragmentation.size (By)[gc.heap.generation=gen1],Metric,0
09/11/2026 05:58:37,System.Runtime,dotnet.gc.last_collection.heap.fragmentation.size (By)[gc.heap.generation=poh],Metric,0
09/11/2026 05:58:37,System.Runtime,dotnet.gc.last_collection.heap.fragmentation.size (By)[gc.heap.generation=loh],Metric,0
09/11/2026 05:58:37,System.Runtime,dotnet.timer.count ({timer}),Metric,2
09/11/2026 05:58:37,System.Runtime,dotnet.assembly.count ({assembly}),Metric,61
09/11/2026 05:58:37,System.Runtime,dotnet.gc.heap.total_allocated (By / 1 sec),Rate,138376
09/11/2026 05:58:37,System.Runtime,dotnet.gc.last_collection.heap.size (By)[gc.heap.generation=gen2],Metric,0
09/11/2026 05:58:37,System.Runtime,dotnet.gc.last_collection.heap.size (By)[gc.heap.generation=gen0],Metric,0
09/11/2026 05:58:37,System.Runtime,dotnet.gc.last_collection.heap.size (By)[gc.heap.generation=gen1],Metric,0
09/11/2026 05:58:37,System.Runtime,dotnet.gc.last_collection.heap.size (By)[gc.heap.generation=poh],Metric,0
09/11/2026 05:58:37,System.Runtime,dotnet.gc.last_collection.heap.size (By)[gc.heap.generation=loh],Metric,0
09/11/2026 05:58:37,System.Runtime,dotnet.thread_pool.work_item.count ({work_item} / 1 sec),Rate,597
09/11/2026 05:58:37,System.Runtime,dotnet.process.memory.working_set (By),Metric,83378176
09/11/2026 05:58:37,System.Runtime,dotnet.thread_pool.thread.count ({thread} / 1 sec),Rate,0
09/11/2026 05:58:37,System.Runtime,dotnet.jit.compilation.time (s / 1 sec),Rate,0
09/11/2026 05:58:38,System.Runtime,dotnet.jit.compiled_il.size (By / 1 sec),Rate,1258
09/11/2026 05:58:38,System.Runtime,dotnet.jit.compiled_methods ({method} / 1 sec),Rate,6
09/11/2026 05:58:38,System.Runtime,dotnet.monitor.lock_contentions ({contention} / 1 sec),Rate,0
09/11/2026 05:58:38,System.Runtime,dotnet.gc.collections ({collection} / 1 sec)[gc.heap.generation=gen2],Rate,0
09/11/2026 05:58:38,System.Runtime,dotnet.gc.collections ({collection} / 1 sec)[gc.heap.generation=gen0],Rate,0
09/11/2026 05:58:38,System.Runtime,dotnet.gc.collections ({collection} / 1 sec)[gc.heap.generation=gen1],Rate,0
09/11/2026 05:58:38,System.Runtime,dotnet.process.cpu.time (s / 1 sec)[cpu.mode=system],Rate,0.036555000000000115
09/11/2026 05:58:38,System.Runtime,dotnet.process.cpu.time (s / 1 sec)[cpu.mode=user],Rate,0.5775989999999993
09/11/2026 05:58:38,System.Runtime,dotnet.process.cpu.count ({cpu}),Metric,15
09/11/2026 05:58:38,System.Runtime,dotnet.gc.pause.time (s / 1 sec),Rate,0
09/11/2026 05:58:38,System.Runtime,dotnet.thread_pool.queue.length ({work_item} / 1 sec),Rate,0
09/11/2026 05:58:38,System.Runtime,dotnet.gc.last_collection.memory.committed_size (By),Metric,0
09/11/2026 05:58:38,System.Runtime,dotnet.gc.last_collection.heap.fragmentation.size (By)[gc.heap.generation=gen2],Metric,0
09/11/2026 05:58:38,System.Runtime,dotnet.gc.last_collection.heap.fragmentation.size (By)[gc.heap.generation=gen0],Metric,0
09/11/2026 05:58:38,System.Runtime,dotnet.gc.last_collection.heap.fragmentation.size (By)[gc.heap.generation=gen1],Metric,0
09/11/2026 05:58:38,System.Runtime,dotnet.gc.last_collection.heap.fragmentation.size (By)[gc.heap.generation=poh],Metric,0
09/11/2026 05:58:38,System.Runtime,dotnet.gc.last_collection.heap.fragmentation.size (By)[gc.heap.generation=loh],Metric,0
09/11/2026 05:58:38,System.Runtime,dotnet.timer.count ({timer}),Metric,2
09/11/2026 05:58:38,System.Runtime,dotnet.assembly.count ({assembly}),Metric,61
09/11/2026 05:58:38,System.Runtime,dotnet.gc.heap.total_allocated (By / 1 sec),Rate,147592
09/11/2026 05:58:38,System.Runtime,dotnet.gc.last_collection.heap.size (By)[gc.heap.generation=gen2],Metric,0
09/11/2026 05:58:38,System.Runtime,dotnet.gc.last_collection.heap.size (By)[gc.heap.generation=gen0],Metric,0
09/11/2026 05:58:38,System.Runtime,dotnet.gc.last_collection.heap.size (By)[gc.heap.generation=gen1],Metric,0
09/11/2026 05:58:38,System.Runtime,dotnet.gc.last_collection.heap.size (By)[gc.heap.generation=poh],Metric,0
09/11/2026 05:58:38,System.Runtime,dotnet.gc.last_collection.heap.size (By)[gc.heap.generation=loh],Metric,0
09/11/2026 05:58:38,System.Runtime,dotnet.thread_pool.work_item.count ({work_item} / 1 sec),Rate,601
09/11/2026 05:58:38,System.Runtime,dotnet.process.memory.working_set (By),Metric,83591168
09/11/2026 05:58:38,System.Runtime,dotnet.thread_pool.thread.count ({thread} / 1 sec),Rate,0
09/11/2026 05:58:38,System.Runtime,dotnet.jit.compilation.time (s / 1 sec),Rate,0.00691799999999998
09/11/2026 05:58:39,System.Runtime,dotnet.jit.compiled_il.size (By / 1 sec),Rate,0
09/11/2026 05:58:39,System.Runtime,dotnet.jit.compiled_methods ({method} / 1 sec),Rate,0
09/11/2026 05:58:39,System.Runtime,dotnet.monitor.lock_contentions ({contention} / 1 sec),Rate,0
09/11/2026 05:58:39,System.Runtime,dotnet.gc.collections ({collection} / 1 sec)[gc.heap.generation=gen2],Rate,0
09/11/2026 05:58:39,System.Runtime,dotnet.gc.collections ({collection} / 1 sec)[gc.heap.generation=gen0],Rate,0
09/11/2026 05:58:39,System.Runtime,dotnet.gc.collections ({collection} / 1 sec)[gc.heap.generation=gen1],Rate,0
09/11/2026 05:58:39,System.Runtime,dotnet.process.cpu.time (s / 1 sec)[cpu.mode=system],Rate,0.03721799999999997
09/11/2026 05:58:39,System.Runtime,dotnet.process.cpu.time (s / 1 sec)[cpu.mode=user],Rate,0.5700439999999993
09/11/2026 05:58:39,System.Runtime,dotnet.process.cpu.count ({cpu}),Metric,15
09/11/2026 05:58:39,System.Runtime,dotnet.gc.pause.time (s / 1 sec),Rate,0
09/11/2026 05:58:39,System.Runtime,dotnet.thread_pool.queue.length ({work_item} / 1 sec),Rate,0
09/11/2026 05:58:39,System.Runtime,dotnet.gc.last_collection.memory.committed_size (By),Metric,0
09/11/2026 05:58:39,System.Runtime,dotnet.gc.last_collection.heap.fragmentation.size (By)[gc.heap.generation=gen2],Metric,0
09/11/2026 05:58:39,System.Runtime,dotnet.gc.last_collection.heap.fragmentation.size (By)[gc.heap.generation=gen0],Metric,0
09/11/2026 05:58:39,System.Runtime,dotnet.gc.last_collection.heap.fragmentation.size (By)[gc.heap.generation=gen1],Metric,0
09/11/2026 05:58:39,System.Runtime,dotnet.gc.last_collection.heap.fragmentation.size (By)[gc.heap.generation=poh],Metric,0
09/11/2026 05:58:39,System.Runtime,dotnet.gc.last_collection.heap.fragmentation.size (By)[gc.heap.generation=loh],Metric,0
09/11/2026 05:58:39,System.Runtime,dotnet.timer.count ({timer}),Metric,3
09/11/2026 05:58:39,System.Runtime,dotnet.assembly.count ({assembly}),Metric,61
09/11/2026 05:58:39,System.Runtime,dotnet.gc.heap.total_allocated (By / 1 sec),Rate,131200
09/11/2026 05:58:39,System.Runtime,dotnet.gc.last_collection.heap.size (By)[gc.heap.generation=gen2],Metric,0
09/11/2026 05:58:39,System.Runtime,dotnet.gc.last_collection.heap.size (By)[gc.heap.generation=gen0],Metric,0
09/11/2026 05:58:39,System.Runtime,dotnet.gc.last_collection.heap.size (By)[gc.heap.generation=gen1],Metric,0
09/11/2026 05:58:39,System.Runtime,dotnet.gc.last_collection.heap.size (By)[gc.heap.generation=poh],Metric,0
09/11/2026 05:58:39,System.Runtime,dotnet.gc.last_collection.heap.size (By)[gc.heap.generation=loh],Metric,0
09/11/2026 05:58:39,System.Runtime,dotnet.thread_pool.work_item.count ({work_item} / 1 sec),Rate,601
09/11/2026 05:58:39,System.Runtime,dotnet.process.memory.working_set (By),Metric,83738624
09/11/2026 05:58:39,System.Runtime,dotnet.thread_pool.thread.count ({thread} / 1 sec),Rate,0
09/11/2026 05:58:39,System.Runtime,dotnet.jit.compilation.time (s / 1 sec),Rate,0
09/11/2026 05:58:40,System.Runtime,dotnet.jit.compiled_il.size (By / 1 sec),Rate,0
09/11/2026 05:58:40,System.Runtime,dotnet.jit.compiled_methods ({method} / 1 sec),Rate,0
09/11/2026 05:58:40,System.Runtime,dotnet.monitor.lock_contentions ({contention} / 1 sec),Rate,0
09/11/2026 05:58:40,System.Runtime,dotnet.gc.collections ({collection} / 1 sec)[gc.heap.generation=gen2],Rate,0
09/11/2026 05:58:40,System.Runtime,dotnet.gc.collections ({collection} / 1 sec)[gc.heap.generation=gen0],Rate,0
09/11/2026 05:58:40,System.Runtime,dotnet.gc.collections ({collection} / 1 sec)[gc.heap.generation=gen1],Rate,0
09/11/2026 05:58:40,System.Runtime,dotnet.process.cpu.time (s / 1 sec)[cpu.mode=system],Rate,0.0393619999999999
09/11/2026 05:58:40,System.Runtime,dotnet.process.cpu.time (s / 1 sec)[cpu.mode=user],Rate,0.5762879999999981
09/11/2026 05:58:40,System.Runtime,dotnet.process.cpu.count ({cpu}),Metric,15
09/11/2026 05:58:40,System.Runtime,dotnet.gc.pause.time (s / 1 sec),Rate,0
09/11/2026 05:58:40,System.Runtime,dotnet.thread_pool.queue.length ({work_item} / 1 sec),Rate,0
09/11/2026 05:58:40,System.Runtime,dotnet.gc.last_collection.memory.committed_size (By),Metric,0
09/11/2026 05:58:40,System.Runtime,dotnet.gc.last_collection.heap.fragmentation.size (By)[gc.heap.generation=gen2],Metric,0
09/11/2026 05:58:40,System.Runtime,dotnet.gc.last_collection.heap.fragmentation.size (By)[gc.heap.generation=gen0],Metric,0
09/11/2026 05:58:40,System.Runtime,dotnet.gc.last_collection.heap.fragmentation.size (By)[gc.heap.generation=gen1],Metric,0
09/11/2026 05:58:40,System.Runtime,dotnet.gc.last_collection.heap.fragmentation.size (By)[gc.heap.generation=poh],Metric,0
09/11/2026 05:58:40,System.Runtime,dotnet.gc.last_collection.heap.fragmentation.size (By)[gc.heap.generation=loh],Metric,0
09/11/2026 05:58:40,System.Runtime,dotnet.timer.count ({timer}),Metric,2
09/11/2026 05:58:40,System.Runtime,dotnet.assembly.count ({assembly}),Metric,61
09/11/2026 05:58:40,System.Runtime,dotnet.gc.heap.total_allocated (By / 1 sec),Rate,138376
09/11/2026 05:58:40,System.Runtime,dotnet.gc.last_collection.heap.size (By)[gc.heap.generation=gen2],Metric,0
09/11/2026 05:58:40,System.Runtime,dotnet.gc.last_collection.heap.size (By)[gc.heap.generation=gen0],Metric,0
09/11/2026 05:58:40,System.Runtime,dotnet.gc.last_collection.heap.size (By)[gc.heap.generation=gen1],Metric,0
09/11/2026 05:58:40,System.Runtime,dotnet.gc.last_collection.heap.size (By)[gc.heap.generation=poh],Metric,0
09/11/2026 05:58:40,System.Runtime,dotnet.gc.last_collection.heap.size (By)[gc.heap.generation=loh],Metric,0
09/11/2026 05:58:40,System.Runtime,dotnet.thread_pool.work_item.count ({work_item} / 1 sec),Rate,601
09/11/2026 05:58:40,System.Runtime,dotnet.process.memory.working_set (By),Metric,83918848
09/11/2026 05:58:40,System.Runtime,dotnet.thread_pool.thread.count ({thread} / 1 sec),Rate,0
09/11/2026 05:58:40,System.Runtime,dotnet.jit.compilation.time (s / 1 sec),Rate,0
09/11/2026 05:58:41,System.Runtime,dotnet.jit.compiled_il.size (By / 1 sec),Rate,0
09/11/2026 05:58:41,System.Runtime,dotnet.jit.compiled_methods ({method} / 1 sec),Rate,0
09/11/2026 05:58:41,System.Runtime,dotnet.monitor.lock_contentions ({contention} / 1 sec),Rate,0
09/11/2026 05:58:41,System.Runtime,dotnet.gc.collections ({collection} / 1 sec)[gc.heap.generation=gen2],Rate,0
09/11/2026 05:58:41,System.Runtime,dotnet.gc.collections ({collection} / 1 sec)[gc.heap.generation=gen0],Rate,0
09/11/2026 05:58:41,System.Runtime,dotnet.gc.collections ({collection} / 1 sec)[gc.heap.generation=gen1],Rate,0
09/11/2026 05:58:41,System.Runtime,dotnet.process.cpu.time (s / 1 sec)[cpu.mode=system],Rate,0.03710200000000019
09/11/2026 05:58:41,System.Runtime,dotnet.process.cpu.time (s / 1 sec)[cpu.mode=user],Rate,0.5762630000000009
09/11/2026 05:58:41,System.Runtime,dotnet.process.cpu.count ({cpu}),Metric,15
09/11/2026 05:58:41,System.Runtime,dotnet.gc.pause.time (s / 1 sec),Rate,0
09/11/2026 05:58:41,System.Runtime,dotnet.thread_pool.queue.length ({work_item} / 1 sec),Rate,0
09/11/2026 05:58:41,System.Runtime,dotnet.gc.last_collection.memory.committed_size (By),Metric,0
09/11/2026 05:58:41,System.Runtime,dotnet.gc.last_collection.heap.fragmentation.size (By)[gc.heap.generation=gen2],Metric,0
09/11/2026 05:58:41,System.Runtime,dotnet.gc.last_collection.heap.fragmentation.size (By)[gc.heap.generation=gen0],Metric,0
09/11/2026 05:58:41,System.Runtime,dotnet.gc.last_collection.heap.fragmentation.size (By)[gc.heap.generation=gen1],Metric,0
09/11/2026 05:58:41,System.Runtime,dotnet.gc.last_collection.heap.fragmentation.size (By)[gc.heap.generation=poh],Metric,0
09/11/2026 05:58:41,System.Runtime,dotnet.gc.last_collection.heap.fragmentation.size (By)[gc.heap.generation=loh],Metric,0
09/11/2026 05:58:41,System.Runtime,dotnet.timer.count ({timer}),Metric,2
09/11/2026 05:58:41,System.Runtime,dotnet.assembly.count ({assembly}),Metric,61
09/11/2026 05:58:41,System.Runtime,dotnet.gc.heap.total_allocated (By / 1 sec),Rate,132856
09/11/2026 05:58:41,System.Runtime,dotnet.gc.last_collection.heap.size (By)[gc.heap.generation=gen2],Metric,0
09/11/2026 05:58:41,System.Runtime,dotnet.gc.last_collection.heap.size (By)[gc.heap.generation=gen0],Metric,0
09/11/2026 05:58:41,System.Runtime,dotnet.gc.last_collection.heap.size (By)[gc.heap.generation=gen1],Metric,0
09/11/2026 05:58:41,System.Runtime,dotnet.gc.last_collection.heap.size (By)[gc.heap.generation=poh],Metric,0
09/11/2026 05:58:41,System.Runtime,dotnet.gc.last_collection.heap.size (By)[gc.heap.generation=loh],Metric,0
09/11/2026 05:58:41,System.Runtime,dotnet.thread_pool.work_item.count ({work_item} / 1 sec),Rate,601
09/11/2026 05:58:41,System.Runtime,dotnet.process.memory.working_set (By),Metric,84017152
09/11/2026 05:58:41,System.Runtime,dotnet.thread_pool.thread.count ({thread} / 1 sec),Rate,-1
09/11/2026 05:58:41,System.Runtime,dotnet.jit.compilation.time (s / 1 sec),Rate,0
09/11/2026 05:58:42,System.Runtime,dotnet.jit.compiled_il.size (By / 1 sec),Rate,0
09/11/2026 05:58:42,System.Runtime,dotnet.jit.compiled_methods ({method} / 1 sec),Rate,0
09/11/2026 05:58:42,System.Runtime,dotnet.monitor.lock_contentions ({contention} / 1 sec),Rate,0
09/11/2026 05:58:42,System.Runtime,dotnet.gc.collections ({collection} / 1 sec)[gc.heap.generation=gen2],Rate,0
09/11/2026 05:58:42,System.Runtime,dotnet.gc.collections ({collection} / 1 sec)[gc.heap.generation=gen0],Rate,0
09/11/2026 05:58:42,System.Runtime,dotnet.gc.collections ({collection} / 1 sec)[gc.heap.generation=gen1],Rate,0
09/11/2026 05:58:42,System.Runtime,dotnet.process.cpu.time (s / 1 sec)[cpu.mode=system],Rate,0.04094399999999987
09/11/2026 05:58:42,System.Runtime,dotnet.process.cpu.time (s / 1 sec)[cpu.mode=user],Rate,0.5803720000000006
09/11/2026 05:58:42,System.Runtime,dotnet.process.cpu.count ({cpu}),Metric,15
09/11/2026 05:58:42,System.Runtime,dotnet.gc.pause.time (s / 1 sec),Rate,0
09/11/2026 05:58:42,System.Runtime,dotnet.thread_pool.queue.length ({work_item} / 1 sec),Rate,0
09/11/2026 05:58:42,System.Runtime,dotnet.gc.last_collection.memory.committed_size (By),Metric,0
09/11/2026 05:58:42,System.Runtime,dotnet.gc.last_collection.heap.fragmentation.size (By)[gc.heap.generation=gen2],Metric,0
09/11/2026 05:58:42,System.Runtime,dotnet.gc.last_collection.heap.fragmentation.size (By)[gc.heap.generation=gen0],Metric,0
09/11/2026 05:58:42,System.Runtime,dotnet.gc.last_collection.heap.fragmentation.size (By)[gc.heap.generation=gen1],Metric,0
09/11/2026 05:58:42,System.Runtime,dotnet.gc.last_collection.heap.fragmentation.size (By)[gc.heap.generation=poh],Metric,0
09/11/2026 05:58:42,System.Runtime,dotnet.gc.last_collection.heap.fragmentation.size (By)[gc.heap.generation=loh],Metric,0
09/11/2026 05:58:42,System.Runtime,dotnet.timer.count ({timer}),Metric,3
09/11/2026 05:58:42,System.Runtime,dotnet.assembly.count ({assembly}),Metric,61
09/11/2026 05:58:42,System.Runtime,dotnet.gc.heap.total_allocated (By / 1 sec),Rate,146472
09/11/2026 05:58:42,System.Runtime,dotnet.gc.last_collection.heap.size (By)[gc.heap.generation=gen2],Metric,0
09/11/2026 05:58:42,System.Runtime,dotnet.gc.last_collection.heap.size (By)[gc.heap.generation=gen0],Metric,0
09/11/2026 05:58:42,System.Runtime,dotnet.gc.last_collection.heap.size (By)[gc.heap.generation=gen1],Metric,0
09/11/2026 05:58:42,System.Runtime,dotnet.gc.last_collection.heap.size (By)[gc.heap.generation=poh],Metric,0
09/11/2026 05:58:42,System.Runtime,dotnet.gc.last_collection.heap.size (By)[gc.heap.generation=loh],Metric,0
09/11/2026 05:58:42,System.Runtime,dotnet.thread_pool.work_item.count ({work_item} / 1 sec),Rate,704
09/11/2026 05:58:42,System.Runtime,dotnet.process.memory.working_set (By),Metric,84131840
09/11/2026 05:58:42,System.Runtime,dotnet.thread_pool.thread.count ({thread} / 1 sec),Rate,0
09/11/2026 05:58:42,System.Runtime,dotnet.jit.compilation.time (s / 1 sec),Rate,0
09/11/2026 05:58:43,System.Runtime,dotnet.jit.compiled_il.size (By / 1 sec),Rate,364
09/11/2026 05:58:43,System.Runtime,dotnet.jit.compiled_methods ({method} / 1 sec),Rate,6
09/11/2026 05:58:43,System.Runtime,dotnet.monitor.lock_contentions ({contention} / 1 sec),Rate,0
09/11/2026 05:58:43,System.Runtime,dotnet.gc.collections ({collection} / 1 sec)[gc.heap.generation=gen2],Rate,0
09/11/2026 05:58:43,System.Runtime,dotnet.gc.collections ({collection} / 1 sec)[gc.heap.generation=gen0],Rate,0
09/11/2026 05:58:43,System.Runtime,dotnet.gc.collections ({collection} / 1 sec)[gc.heap.generation=gen1],Rate,0
09/11/2026 05:58:43,System.Runtime,dotnet.process.cpu.time (s / 1 sec)[cpu.mode=system],Rate,0.039557000000000064
09/11/2026 05:58:43,System.Runtime,dotnet.process.cpu.time (s / 1 sec)[cpu.mode=user],Rate,0.5781290000000006
09/11/2026 05:58:43,System.Runtime,dotnet.process.cpu.count ({cpu}),Metric,15
09/11/2026 05:58:43,System.Runtime,dotnet.gc.pause.time (s / 1 sec),Rate,0
09/11/2026 05:58:43,System.Runtime,dotnet.thread_pool.queue.length ({work_item} / 1 sec),Rate,0
09/11/2026 05:58:43,System.Runtime,dotnet.gc.last_collection.memory.committed_size (By),Metric,0
09/11/2026 05:58:43,System.Runtime,dotnet.gc.last_collection.heap.fragmentation.size (By)[gc.heap.generation=gen2],Metric,0
09/11/2026 05:58:43,System.Runtime,dotnet.gc.last_collection.heap.fragmentation.size (By)[gc.heap.generation=gen0],Metric,0
09/11/2026 05:58:43,System.Runtime,dotnet.gc.last_collection.heap.fragmentation.size (By)[gc.heap.generation=gen1],Metric,0
09/11/2026 05:58:43,System.Runtime,dotnet.gc.last_collection.heap.fragmentation.size (By)[gc.heap.generation=poh],Metric,0
09/11/2026 05:58:43,System.Runtime,dotnet.gc.last_collection.heap.fragmentation.size (By)[gc.heap.generation=loh],Metric,0
09/11/2026 05:58:43,System.Runtime,dotnet.timer.count ({timer}),Metric,2
09/11/2026 05:58:43,System.Runtime,dotnet.assembly.count ({assembly}),Metric,61
09/11/2026 05:58:43,System.Runtime,dotnet.gc.heap.total_allocated (By / 1 sec),Rate,147520
09/11/2026 05:58:43,System.Runtime,dotnet.gc.last_collection.heap.size (By)[gc.heap.generation=gen2],Metric,0
09/11/2026 05:58:43,System.Runtime,dotnet.gc.last_collection.heap.size (By)[gc.heap.generation=gen0],Metric,0
09/11/2026 05:58:43,System.Runtime,dotnet.gc.last_collection.heap.size (By)[gc.heap.generation=gen1],Metric,0
09/11/2026 05:58:43,System.Runtime,dotnet.gc.last_collection.heap.size (By)[gc.heap.generation=poh],Metric,0
09/11/2026 05:58:43,System.Runtime,dotnet.gc.last_collection.heap.size (By)[gc.heap.generation=loh],Metric,0
09/11/2026 05:58:43,System.Runtime,dotnet.thread_pool.work_item.count ({work_item} / 1 sec),Rate,622
09/11/2026 05:58:43,System.Runtime,dotnet.process.memory.working_set (By),Metric,84344832
09/11/2026 05:58:43,System.Runtime,dotnet.thread_pool.thread.count ({thread} / 1 sec),Rate,0
09/11/2026 05:58:43,System.Runtime,dotnet.jit.compilation.time (s / 1 sec),Rate,0.0013489999999999336
09/11/2026 05:58:44,System.Runtime,dotnet.jit.compiled_il.size (By / 1 sec),Rate,0
09/11/2026 05:58:44,System.Runtime,dotnet.jit.compiled_methods ({method} / 1 sec),Rate,0
09/11/2026 05:58:44,System.Runtime,dotnet.monitor.lock_contentions ({contention} / 1 sec),Rate,0
09/11/2026 05:58:44,System.Runtime,dotnet.gc.collections ({collection} / 1 sec)[gc.heap.generation=gen2],Rate,0
09/11/2026 05:58:44,System.Runtime,dotnet.gc.collections ({collection} / 1 sec)[gc.heap.generation=gen0],Rate,0
09/11/2026 05:58:44,System.Runtime,dotnet.gc.collections ({collection} / 1 sec)[gc.heap.generation=gen1],Rate,0
09/11/2026 05:58:44,System.Runtime,dotnet.process.cpu.time (s / 1 sec)[cpu.mode=system],Rate,0.04115099999999994
09/11/2026 05:58:44,System.Runtime,dotnet.process.cpu.time (s / 1 sec)[cpu.mode=user],Rate,0.575879999999998
09/11/2026 05:58:44,System.Runtime,dotnet.process.cpu.count ({cpu}),Metric,15
09/11/2026 05:58:44,System.Runtime,dotnet.gc.pause.time (s / 1 sec),Rate,0
09/11/2026 05:58:44,System.Runtime,dotnet.thread_pool.queue.length ({work_item} / 1 sec),Rate,0
09/11/2026 05:58:44,System.Runtime,dotnet.gc.last_collection.memory.committed_size (By),Metric,0
09/11/2026 05:58:44,System.Runtime,dotnet.gc.last_collection.heap.fragmentation.size (By)[gc.heap.generation=gen2],Metric,0
09/11/2026 05:58:44,System.Runtime,dotnet.gc.last_collection.heap.fragmentation.size (By)[gc.heap.generation=gen0],Metric,0
09/11/2026 05:58:44,System.Runtime,dotnet.gc.last_collection.heap.fragmentation.size (By)[gc.heap.generation=gen1],Metric,0
09/11/2026 05:58:44,System.Runtime,dotnet.gc.last_collection.heap.fragmentation.size (By)[gc.heap.generation=poh],Metric,0
09/11/2026 05:58:44,System.Runtime,dotnet.gc.last_collection.heap.fragmentation.size (By)[gc.heap.generation=loh],Metric,0
09/11/2026 05:58:44,System.Runtime,dotnet.timer.count ({timer}),Metric,2
09/11/2026 05:58:44,System.Runtime,dotnet.assembly.count ({assembly}),Metric,61
09/11/2026 05:58:44,System.Runtime,dotnet.gc.heap.total_allocated (By / 1 sec),Rate,139400
09/11/2026 05:58:44,System.Runtime,dotnet.gc.last_collection.heap.size (By)[gc.heap.generation=gen2],Metric,0
09/11/2026 05:58:44,System.Runtime,dotnet.gc.last_collection.heap.size (By)[gc.heap.generation=gen0],Metric,0
09/11/2026 05:58:44,System.Runtime,dotnet.gc.last_collection.heap.size (By)[gc.heap.generation=gen1],Metric,0
09/11/2026 05:58:44,System.Runtime,dotnet.gc.last_collection.heap.size (By)[gc.heap.generation=poh],Metric,0
09/11/2026 05:58:44,System.Runtime,dotnet.gc.last_collection.heap.size (By)[gc.heap.generation=loh],Metric,0
09/11/2026 05:58:44,System.Runtime,dotnet.thread_pool.work_item.count ({work_item} / 1 sec),Rate,608
09/11/2026 05:58:44,System.Runtime,dotnet.process.memory.working_set (By),Metric,84492288
09/11/2026 05:58:44,System.Runtime,dotnet.thread_pool.thread.count ({thread} / 1 sec),Rate,0
09/11/2026 05:58:44,System.Runtime,dotnet.jit.compilation.time (s / 1 sec),Rate,0
09/11/2026 05:58:45,System.Runtime,dotnet.jit.compiled_il.size (By / 1 sec),Rate,1678
09/11/2026 05:58:45,System.Runtime,dotnet.jit.compiled_methods ({method} / 1 sec),Rate,6
09/11/2026 05:58:45,System.Runtime,dotnet.monitor.lock_contentions ({contention} / 1 sec),Rate,0
09/11/2026 05:58:45,System.Runtime,dotnet.gc.collections ({collection} / 1 sec)[gc.heap.generation=gen2],Rate,0
09/11/2026 05:58:45,System.Runtime,dotnet.gc.collections ({collection} / 1 sec)[gc.heap.generation=gen0],Rate,0
09/11/2026 05:58:45,System.Runtime,dotnet.gc.collections ({collection} / 1 sec)[gc.heap.generation=gen1],Rate,0
09/11/2026 05:58:45,System.Runtime,dotnet.process.cpu.time (s / 1 sec)[cpu.mode=system],Rate,0.040756000000000014
09/11/2026 05:58:45,System.Runtime,dotnet.process.cpu.time (s / 1 sec)[cpu.mode=user],Rate,0.5848030000000008
09/11/2026 05:58:45,System.Runtime,dotnet.process.cpu.count ({cpu}),Metric,15
09/11/2026 05:58:45,System.Runtime,dotnet.gc.pause.time (s / 1 sec),Rate,0
09/11/2026 05:58:45,System.Runtime,dotnet.thread_pool.queue.length ({work_item} / 1 sec),Rate,0
09/11/2026 05:58:45,System.Runtime,dotnet.gc.last_collection.memory.committed_size (By),Metric,0
09/11/2026 05:58:45,System.Runtime,dotnet.gc.last_collection.heap.fragmentation.size (By)[gc.heap.generation=gen2],Metric,0
09/11/2026 05:58:45,System.Runtime,dotnet.gc.last_collection.heap.fragmentation.size (By)[gc.heap.generation=gen0],Metric,0
09/11/2026 05:58:45,System.Runtime,dotnet.gc.last_collection.heap.fragmentation.size (By)[gc.heap.generation=gen1],Metric,0
09/11/2026 05:58:45,System.Runtime,dotnet.gc.last_collection.heap.fragmentation.size (By)[gc.heap.generation=poh],Metric,0
09/11/2026 05:58:45,System.Runtime,dotnet.gc.last_collection.heap.fragmentation.size (By)[gc.heap.generation=loh],Metric,0
09/11/2026 05:58:45,System.Runtime,dotnet.timer.count ({timer}),Metric,2
09/11/2026 05:58:45,System.Runtime,dotnet.assembly.count ({assembly}),Metric,61
09/11/2026 05:58:45,System.Runtime,dotnet.gc.heap.total_allocated (By / 1 sec),Rate,238392
09/11/2026 05:58:45,System.Runtime,dotnet.gc.last_collection.heap.size (By)[gc.heap.generation=gen2],Metric,0
09/11/2026 05:58:45,System.Runtime,dotnet.gc.last_collection.heap.size (By)[gc.heap.generation=gen0],Metric,0
09/11/2026 05:58:45,System.Runtime,dotnet.gc.last_collection.heap.size (By)[gc.heap.generation=gen1],Metric,0
09/11/2026 05:58:45,System.Runtime,dotnet.gc.last_collection.heap.size (By)[gc.heap.generation=poh],Metric,0
09/11/2026 05:58:45,System.Runtime,dotnet.gc.last_collection.heap.size (By)[gc.heap.generation=loh],Metric,0
09/11/2026 05:58:45,System.Runtime,dotnet.thread_pool.work_item.count ({work_item} / 1 sec),Rate,604
09/11/2026 05:58:45,System.Runtime,dotnet.process.memory.working_set (By),Metric,84770816
09/11/2026 05:58:45,System.Runtime,dotnet.thread_pool.thread.count ({thread} / 1 sec),Rate,0
09/11/2026 05:58:45,System.Runtime,dotnet.jit.compilation.time (s / 1 sec),Rate,0.005872800000000011
09/11/2026 05:58:46,System.Runtime,dotnet.jit.compiled_il.size (By / 1 sec),Rate,492
09/11/2026 05:58:46,System.Runtime,dotnet.jit.compiled_methods ({method} / 1 sec),Rate,2
09/11/2026 05:58:46,System.Runtime,dotnet.monitor.lock_contentions ({contention} / 1 sec),Rate,0
09/11/2026 05:58:46,System.Runtime,dotnet.gc.collections ({collection} / 1 sec)[gc.heap.generation=gen2],Rate,0
09/11/2026 05:58:46,System.Runtime,dotnet.gc.collections ({collection} / 1 sec)[gc.heap.generation=gen0],Rate,0
09/11/2026 05:58:46,System.Runtime,dotnet.gc.collections ({collection} / 1 sec)[gc.heap.generation=gen1],Rate,0
09/11/2026 05:58:46,System.Runtime,dotnet.process.cpu.time (s / 1 sec)[cpu.mode=system],Rate,0.03542000000000001
09/11/2026 05:58:46,System.Runtime,dotnet.process.cpu.time (s / 1 sec)[cpu.mode=user],Rate,0.5756219999999992
09/11/2026 05:58:46,System.Runtime,dotnet.process.cpu.count ({cpu}),Metric,15
09/11/2026 05:58:46,System.Runtime,dotnet.gc.pause.time (s / 1 sec),Rate,0
09/11/2026 05:58:46,System.Runtime,dotnet.thread_pool.queue.length ({work_item} / 1 sec),Rate,0
09/11/2026 05:58:46,System.Runtime,dotnet.gc.last_collection.memory.committed_size (By),Metric,0
09/11/2026 05:58:46,System.Runtime,dotnet.gc.last_collection.heap.fragmentation.size (By)[gc.heap.generation=gen2],Metric,0
09/11/2026 05:58:46,System.Runtime,dotnet.gc.last_collection.heap.fragmentation.size (By)[gc.heap.generation=gen0],Metric,0
09/11/2026 05:58:46,System.Runtime,dotnet.gc.last_collection.heap.fragmentation.size (By)[gc.heap.generation=gen1],Metric,0
09/11/2026 05:58:46,System.Runtime,dotnet.gc.last_collection.heap.fragmentation.size (By)[gc.heap.generation=poh],Metric,0
09/11/2026 05:58:46,System.Runtime,dotnet.gc.last_collection.heap.fragmentation.size (By)[gc.heap.generation=loh],Metric,0
09/11/2026 05:58:46,System.Runtime,dotnet.timer.count ({timer}),Metric,2
09/11/2026 05:58:46,System.Runtime,dotnet.assembly.count ({assembly}),Metric,61
09/11/2026 05:58:46,System.Runtime,dotnet.gc.heap.total_allocated (By / 1 sec),Rate,186272
09/11/2026 05:58:46,System.Runtime,dotnet.gc.last_collection.heap.size (By)[gc.heap.generation=gen2],Metric,0
09/11/2026 05:58:46,System.Runtime,dotnet.gc.last_collection.heap.size (By)[gc.heap.generation=gen0],Metric,0
09/11/2026 05:58:46,System.Runtime,dotnet.gc.last_collection.heap.size (By)[gc.heap.generation=gen1],Metric,0
09/11/2026 05:58:46,System.Runtime,dotnet.gc.last_collection.heap.size (By)[gc.heap.generation=poh],Metric,0
09/11/2026 05:58:46,System.Runtime,dotnet.gc.last_collection.heap.size (By)[gc.heap.generation=loh],Metric,0
09/11/2026 05:58:46,System.Runtime,dotnet.thread_pool.work_item.count ({work_item} / 1 sec),Rate,611
09/11/2026 05:58:46,System.Runtime,dotnet.process.memory.working_set (By),Metric,84983808
09/11/2026 05:58:46,System.Runtime,dotnet.thread_pool.thread.count ({thread} / 1 sec),Rate,0
09/11/2026 05:58:46,System.Runtime,dotnet.jit.compilation.time (s / 1 sec),Rate,0.0014785999999999966
09/11/2026 05:58:47,System.Runtime,dotnet.jit.compiled_il.size (By / 1 sec),Rate,0
09/11/2026 05:58:47,System.Runtime,dotnet.jit.compiled_methods ({method} / 1 sec),Rate,0
09/11/2026 05:58:47,System.Runtime,dotnet.monitor.lock_contentions ({contention} / 1 sec),Rate,0
09/11/2026 05:58:47,System.Runtime,dotnet.gc.collections ({collection} / 1 sec)[gc.heap.generation=gen2],Rate,0
09/11/2026 05:58:47,System.Runtime,dotnet.gc.collections ({collection} / 1 sec)[gc.heap.generation=gen0],Rate,0
09/11/2026 05:58:47,System.Runtime,dotnet.gc.collections ({collection} / 1 sec)[gc.heap.generation=gen1],Rate,0
09/11/2026 05:58:47,System.Runtime,dotnet.process.cpu.time (s / 1 sec)[cpu.mode=system],Rate,0.03615900000000005
09/11/2026 05:58:47,System.Runtime,dotnet.process.cpu.time (s / 1 sec)[cpu.mode=user],Rate,0.5800030000000014
09/11/2026 05:58:47,System.Runtime,dotnet.process.cpu.count ({cpu}),Metric,15
09/11/2026 05:58:47,System.Runtime,dotnet.gc.pause.time (s / 1 sec),Rate,0
09/11/2026 05:58:47,System.Runtime,dotnet.thread_pool.queue.length ({work_item} / 1 sec),Rate,0
09/11/2026 05:58:47,System.Runtime,dotnet.gc.last_collection.memory.committed_size (By),Metric,0
09/11/2026 05:58:47,System.Runtime,dotnet.gc.last_collection.heap.fragmentation.size (By)[gc.heap.generation=gen2],Metric,0
09/11/2026 05:58:47,System.Runtime,dotnet.gc.last_collection.heap.fragmentation.size (By)[gc.heap.generation=gen0],Metric,0
09/11/2026 05:58:47,System.Runtime,dotnet.gc.last_collection.heap.fragmentation.size (By)[gc.heap.generation=gen1],Metric,0
09/11/2026 05:58:47,System.Runtime,dotnet.gc.last_collection.heap.fragmentation.size (By)[gc.heap.generation=poh],Metric,0
09/11/2026 05:58:47,System.Runtime,dotnet.gc.last_collection.heap.fragmentation.size (By)[gc.heap.generation=loh],Metric,0
09/11/2026 05:58:47,System.Runtime,dotnet.timer.count ({timer}),Metric,2
09/11/2026 05:58:47,System.Runtime,dotnet.assembly.count ({assembly}),Metric,61
09/11/2026 05:58:47,System.Runtime,dotnet.gc.heap.total_allocated (By / 1 sec),Rate,139328
09/11/2026 05:58:47,System.Runtime,dotnet.gc.last_collection.heap.size (By)[gc.heap.generation=gen2],Metric,0
09/11/2026 05:58:47,System.Runtime,dotnet.gc.last_collection.heap.size (By)[gc.heap.generation=gen0],Metric,0
09/11/2026 05:58:47,System.Runtime,dotnet.gc.last_collection.heap.size (By)[gc.heap.generation=gen1],Metric,0
09/11/2026 05:58:47,System.Runtime,dotnet.gc.last_collection.heap.size (By)[gc.heap.generation=poh],Metric,0
09/11/2026 05:58:47,System.Runtime,dotnet.gc.last_collection.heap.size (By)[gc.heap.generation=loh],Metric,0
09/11/2026 05:58:47,System.Runtime,dotnet.thread_pool.work_item.count ({work_item} / 1 sec),Rate,615
09/11/2026 05:58:47,System.Runtime,dotnet.process.memory.working_set (By),Metric,85131264
09/11/2026 05:58:47,System.Runtime,dotnet.thread_pool.thread.count ({thread} / 1 sec),Rate,0
09/11/2026 05:58:47,System.Runtime,dotnet.jit.compilation.time (s / 1 sec),Rate,0
09/11/2026 05:58:48,System.Runtime,dotnet.jit.compiled_il.size (By / 1 sec),Rate,104
09/11/2026 05:58:48,System.Runtime,dotnet.jit.compiled_methods ({method} / 1 sec),Rate,7
09/11/2026 05:58:48,System.Runtime,dotnet.monitor.lock_contentions ({contention} / 1 sec),Rate,0
09/11/2026 05:58:48,System.Runtime,dotnet.gc.collections ({collection} / 1 sec)[gc.heap.generation=gen2],Rate,0
09/11/2026 05:58:48,System.Runtime,dotnet.gc.collections ({collection} / 1 sec)[gc.heap.generation=gen0],Rate,0
09/11/2026 05:58:48,System.Runtime,dotnet.gc.collections ({collection} / 1 sec)[gc.heap.generation=gen1],Rate,0
09/11/2026 05:58:48,System.Runtime,dotnet.process.cpu.time (s / 1 sec)[cpu.mode=system],Rate,0.03863900000000009
09/11/2026 05:58:48,System.Runtime,dotnet.process.cpu.time (s / 1 sec)[cpu.mode=user],Rate,0.5840110000000003
09/11/2026 05:58:48,System.Runtime,dotnet.process.cpu.count ({cpu}),Metric,15
09/11/2026 05:58:48,System.Runtime,dotnet.gc.pause.time (s / 1 sec),Rate,0
09/11/2026 05:58:48,System.Runtime,dotnet.thread_pool.queue.length ({work_item} / 1 sec),Rate,0
09/11/2026 05:58:48,System.Runtime,dotnet.gc.last_collection.memory.committed_size (By),Metric,0
09/11/2026 05:58:48,System.Runtime,dotnet.gc.last_collection.heap.fragmentation.size (By)[gc.heap.generation=gen2],Metric,0
09/11/2026 05:58:48,System.Runtime,dotnet.gc.last_collection.heap.fragmentation.size (By)[gc.heap.generation=gen0],Metric,0
09/11/2026 05:58:48,System.Runtime,dotnet.gc.last_collection.heap.fragmentation.size (By)[gc.heap.generation=gen1],Metric,0
09/11/2026 05:58:48,System.Runtime,dotnet.gc.last_collection.heap.fragmentation.size (By)[gc.heap.generation=poh],Metric,0
09/11/2026 05:58:48,System.Runtime,dotnet.gc.last_collection.heap.fragmentation.size (By)[gc.heap.generation=loh],Metric,0
09/11/2026 05:58:48,System.Runtime,dotnet.timer.count ({timer}),Metric,2
09/11/2026 05:58:48,System.Runtime,dotnet.assembly.count ({assembly}),Metric,61
09/11/2026 05:58:48,System.Runtime,dotnet.gc.heap.total_allocated (By / 1 sec),Rate,153640
09/11/2026 05:58:48,System.Runtime,dotnet.gc.last_collection.heap.size (By)[gc.heap.generation=gen2],Metric,0
09/11/2026 05:58:48,System.Runtime,dotnet.gc.last_collection.heap.size (By)[gc.heap.generation=gen0],Metric,0
09/11/2026 05:58:48,System.Runtime,dotnet.gc.last_collection.heap.size (By)[gc.heap.generation=gen1],Metric,0
09/11/2026 05:58:48,System.Runtime,dotnet.gc.last_collection.heap.size (By)[gc.heap.generation=poh],Metric,0
09/11/2026 05:58:48,System.Runtime,dotnet.gc.last_collection.heap.size (By)[gc.heap.generation=loh],Metric,0
09/11/2026 05:58:48,System.Runtime,dotnet.thread_pool.work_item.count ({work_item} / 1 sec),Rate,616
09/11/2026 05:58:48,System.Runtime,dotnet.process.memory.working_set (By),Metric,85311488
09/11/2026 05:58:48,System.Runtime,dotnet.thread_pool.thread.count ({thread} / 1 sec),Rate,0
09/11/2026 05:58:48,System.Runtime,dotnet.jit.compilation.time (s / 1 sec),Rate,0.0010390000000000121
09/11/2026 05:58:49,System.Runtime,dotnet.jit.compiled_il.size (By / 1 sec),Rate,0
09/11/2026 05:58:49,System.Runtime,dotnet.jit.compiled_methods ({method} / 1 sec),Rate,0
09/11/2026 05:58:49,System.Runtime,dotnet.monitor.lock_contentions ({contention} / 1 sec),Rate,0
09/11/2026 05:58:49,System.Runtime,dotnet.gc.collections ({collection} / 1 sec)[gc.heap.generation=gen2],Rate,0
09/11/2026 05:58:49,System.Runtime,dotnet.gc.collections ({collection} / 1 sec)[gc.heap.generation=gen0],Rate,0
09/11/2026 05:58:49,System.Runtime,dotnet.gc.collections ({collection} / 1 sec)[gc.heap.generation=gen1],Rate,0
09/11/2026 05:58:49,System.Runtime,dotnet.process.cpu.time (s / 1 sec)[cpu.mode=system],Rate,0.038497
09/11/2026 05:58:49,System.Runtime,dotnet.process.cpu.time (s / 1 sec)[cpu.mode=user],Rate,0.5758019999999995
09/11/2026 05:58:49,System.Runtime,dotnet.process.cpu.count ({cpu}),Metric,15
09/11/2026 05:58:49,System.Runtime,dotnet.gc.pause.time (s / 1 sec),Rate,0
09/11/2026 05:58:49,System.Runtime,dotnet.thread_pool.queue.length ({work_item} / 1 sec),Rate,0
09/11/2026 05:58:49,System.Runtime,dotnet.gc.last_collection.memory.committed_size (By),Metric,0
09/11/2026 05:58:49,System.Runtime,dotnet.gc.last_collection.heap.fragmentation.size (By)[gc.heap.generation=gen2],Metric,0
09/11/2026 05:58:49,System.Runtime,dotnet.gc.last_collection.heap.fragmentation.size (By)[gc.heap.generation=gen0],Metric,0
09/11/2026 05:58:49,System.Runtime,dotnet.gc.last_collection.heap.fragmentation.size (By)[gc.heap.generation=gen1],Metric,0
09/11/2026 05:58:49,System.Runtime,dotnet.gc.last_collection.heap.fragmentation.size (By)[gc.heap.generation=poh],Metric,0
09/11/2026 05:58:49,System.Runtime,dotnet.gc.last_collection.heap.fragmentation.size (By)[gc.heap.generation=loh],Metric,0
09/11/2026 05:58:49,System.Runtime,dotnet.timer.count ({timer}),Metric,2
09/11/2026 05:58:49,System.Runtime,dotnet.assembly.count ({assembly}),Metric,61
09/11/2026 05:58:49,System.Runtime,dotnet.gc.heap.total_allocated (By / 1 sec),Rate,138312
09/11/2026 05:58:49,System.Runtime,dotnet.gc.last_collection.heap.size (By)[gc.heap.generation=gen2],Metric,0
09/11/2026 05:58:49,System.Runtime,dotnet.gc.last_collection.heap.size (By)[gc.heap.generation=gen0],Metric,0
09/11/2026 05:58:49,System.Runtime,dotnet.gc.last_collection.heap.size (By)[gc.heap.generation=gen1],Metric,0
09/11/2026 05:58:49,System.Runtime,dotnet.gc.last_collection.heap.size (By)[gc.heap.generation=poh],Metric,0
09/11/2026 05:58:49,System.Runtime,dotnet.gc.last_collection.heap.size (By)[gc.heap.generation=loh],Metric,0
09/11/2026 05:58:49,System.Runtime,dotnet.thread_pool.work_item.count ({work_item} / 1 sec),Rate,612
09/11/2026 05:58:49,System.Runtime,dotnet.process.memory.working_set (By),Metric,85458944
09/11/2026 05:58:49,System.Runtime,dotnet.thread_pool.thread.count ({thread} / 1 sec),Rate,0
09/11/2026 05:58:49,System.Runtime,dotnet.jit.compilation.time (s / 1 sec),Rate,0
09/11/2026 05:58:50,System.Runtime,dotnet.jit.compiled_il.size (By / 1 sec),Rate,108
09/11/2026 05:58:50,System.Runtime,dotnet.jit.compiled_methods ({method} / 1 sec),Rate,5
09/11/2026 05:58:50,System.Runtime,dotnet.monitor.lock_contentions ({contention} / 1 sec),Rate,0
09/11/2026 05:58:50,System.Runtime,dotnet.gc.collections ({collection} / 1 sec)[gc.heap.generation=gen2],Rate,0
09/11/2026 05:58:50,System.Runtime,dotnet.gc.collections ({collection} / 1 sec)[gc.heap.generation=gen0],Rate,0
09/11/2026 05:58:50,System.Runtime,dotnet.gc.collections ({collection} / 1 sec)[gc.heap.generation=gen1],Rate,0
09/11/2026 05:58:50,System.Runtime,dotnet.process.cpu.time (s / 1 sec)[cpu.mode=system],Rate,0.03620000000000001
09/11/2026 05:58:50,System.Runtime,dotnet.process.cpu.time (s / 1 sec)[cpu.mode=user],Rate,0.5788110000000017
09/11/2026 05:58:50,System.Runtime,dotnet.process.cpu.count ({cpu}),Metric,15
09/11/2026 05:58:50,System.Runtime,dotnet.gc.pause.time (s / 1 sec),Rate,0
09/11/2026 05:58:50,System.Runtime,dotnet.thread_pool.queue.length ({work_item} / 1 sec),Rate,0
09/11/2026 05:58:50,System.Runtime,dotnet.gc.last_collection.memory.committed_size (By),Metric,0
09/11/2026 05:58:50,System.Runtime,dotnet.gc.last_collection.heap.fragmentation.size (By)[gc.heap.generation=gen2],Metric,0
09/11/2026 05:58:50,System.Runtime,dotnet.gc.last_collection.heap.fragmentation.size (By)[gc.heap.generation=gen0],Metric,0
09/11/2026 05:58:50,System.Runtime,dotnet.gc.last_collection.heap.fragmentation.size (By)[gc.heap.generation=gen1],Metric,0
09/11/2026 05:58:50,System.Runtime,dotnet.gc.last_collection.heap.fragmentation.size (By)[gc.heap.generation=poh],Metric,0
09/11/2026 05:58:50,System.Runtime,dotnet.gc.last_collection.heap.fragmentation.size (By)[gc.heap.generation=loh],Metric,0
09/11/2026 05:58:50,System.Runtime,dotnet.timer.count ({timer}),Metric,3
09/11/2026 05:58:50,System.Runtime,dotnet.assembly.count ({assembly}),Metric,61
09/11/2026 05:58:50,System.Runtime,dotnet.gc.heap.total_allocated (By / 1 sec),Rate,146528
09/11/2026 05:58:50,System.Runtime,dotnet.gc.last_collection.heap.size (By)[gc.heap.generation=gen2],Metric,0
09/11/2026 05:58:50,System.Runtime,dotnet.gc.last_collection.heap.size (By)[gc.heap.generation=gen0],Metric,0
09/11/2026 05:58:50,System.Runtime,dotnet.gc.last_collection.heap.size (By)[gc.heap.generation=gen1],Metric,0
09/11/2026 05:58:50,System.Runtime,dotnet.gc.last_collection.heap.size (By)[gc.heap.generation=poh],Metric,0
09/11/2026 05:58:50,System.Runtime,dotnet.gc.last_collection.heap.size (By)[gc.heap.generation=loh],Metric,0
09/11/2026 05:58:50,System.Runtime,dotnet.thread_pool.work_item.count ({work_item} / 1 sec),Rate,606
09/11/2026 05:58:50,System.Runtime,dotnet.process.memory.working_set (By),Metric,85606400
09/11/2026 05:58:50,System.Runtime,dotnet.thread_pool.thread.count ({thread} / 1 sec),Rate,0
09/11/2026 05:58:50,System.Runtime,dotnet.jit.compilation.time (s / 1 sec),Rate,0.0009052000000000504
09/11/2026 05:58:51,System.Runtime,dotnet.jit.compiled_il.size (By / 1 sec),Rate,0
09/11/2026 05:58:51,System.Runtime,dotnet.jit.compiled_methods ({method} / 1 sec),Rate,0
09/11/2026 05:58:51,System.Runtime,dotnet.monitor.lock_contentions ({contention} / 1 sec),Rate,0
09/11/2026 05:58:51,System.Runtime,dotnet.gc.collections ({collection} / 1 sec)[gc.heap.generation=gen2],Rate,0
09/11/2026 05:58:51,System.Runtime,dotnet.gc.collections ({collection} / 1 sec)[gc.heap.generation=gen0],Rate,0
09/11/2026 05:58:51,System.Runtime,dotnet.gc.collections ({collection} / 1 sec)[gc.heap.generation=gen1],Rate,0
09/11/2026 05:58:51,System.Runtime,dotnet.process.cpu.time (s / 1 sec)[cpu.mode=system],Rate,0.037217000000000056
09/11/2026 05:58:51,System.Runtime,dotnet.process.cpu.time (s / 1 sec)[cpu.mode=user],Rate,0.5777380000000001
09/11/2026 05:58:51,System.Runtime,dotnet.process.cpu.count ({cpu}),Metric,15
09/11/2026 05:58:51,System.Runtime,dotnet.gc.pause.time (s / 1 sec),Rate,0
09/11/2026 05:58:51,System.Runtime,dotnet.thread_pool.queue.length ({work_item} / 1 sec),Rate,0
09/11/2026 05:58:51,System.Runtime,dotnet.gc.last_collection.memory.committed_size (By),Metric,0
09/11/2026 05:58:51,System.Runtime,dotnet.gc.last_collection.heap.fragmentation.size (By)[gc.heap.generation=gen2],Metric,0
09/11/2026 05:58:51,System.Runtime,dotnet.gc.last_collection.heap.fragmentation.size (By)[gc.heap.generation=gen0],Metric,0
09/11/2026 05:58:51,System.Runtime,dotnet.gc.last_collection.heap.fragmentation.size (By)[gc.heap.generation=gen1],Metric,0
09/11/2026 05:58:51,System.Runtime,dotnet.gc.last_collection.heap.fragmentation.size (By)[gc.heap.generation=poh],Metric,0
09/11/2026 05:58:51,System.Runtime,dotnet.gc.last_collection.heap.fragmentation.size (By)[gc.heap.generation=loh],Metric,0
09/11/2026 05:58:51,System.Runtime,dotnet.timer.count ({timer}),Metric,2
09/11/2026 05:58:51,System.Runtime,dotnet.assembly.count ({assembly}),Metric,61
09/11/2026 05:58:51,System.Runtime,dotnet.gc.heap.total_allocated (By / 1 sec),Rate,123000
09/11/2026 05:58:51,System.Runtime,dotnet.gc.last_collection.heap.size (By)[gc.heap.generation=gen2],Metric,0
09/11/2026 05:58:51,System.Runtime,dotnet.gc.last_collection.heap.size (By)[gc.heap.generation=gen0],Metric,0
09/11/2026 05:58:51,System.Runtime,dotnet.gc.last_collection.heap.size (By)[gc.heap.generation=gen1],Metric,0
09/11/2026 05:58:51,System.Runtime,dotnet.gc.last_collection.heap.size (By)[gc.heap.generation=poh],Metric,0
09/11/2026 05:58:51,System.Runtime,dotnet.gc.last_collection.heap.size (By)[gc.heap.generation=loh],Metric,0
09/11/2026 05:58:51,System.Runtime,dotnet.thread_pool.work_item.count ({work_item} / 1 sec),Rate,601
09/11/2026 05:58:51,System.Runtime,dotnet.process.memory.working_set (By),Metric,85753856
09/11/2026 05:58:51,System.Runtime,dotnet.thread_pool.thread.count ({thread} / 1 sec),Rate,0
09/11/2026 05:58:51,System.Runtime,dotnet.jit.compilation.time (s / 1 sec),Rate,0
09/11/2026 05:58:52,System.Runtime,dotnet.jit.compiled_il.size (By / 1 sec),Rate,0
09/11/2026 05:58:52,System.Runtime,dotnet.jit.compiled_methods ({method} / 1 sec),Rate,0
09/11/2026 05:58:52,System.Runtime,dotnet.monitor.lock_contentions ({contention} / 1 sec),Rate,0
09/11/2026 05:58:52,System.Runtime,dotnet.gc.collections ({collection} / 1 sec)[gc.heap.generation=gen2],Rate,0
09/11/2026 05:58:52,System.Runtime,dotnet.gc.collections ({collection} / 1 sec)[gc.heap.generation=gen0],Rate,0
09/11/2026 05:58:52,System.Runtime,dotnet.gc.collections ({collection} / 1 sec)[gc.heap.generation=gen1],Rate,0
09/11/2026 05:58:52,System.Runtime,dotnet.process.cpu.time (s / 1 sec)[cpu.mode=system],Rate,0.03909699999999994
09/11/2026 05:58:52,System.Runtime,dotnet.process.cpu.time (s / 1 sec)[cpu.mode=user],Rate,0.578720999999998
09/11/2026 05:58:52,System.Runtime,dotnet.process.cpu.count ({cpu}),Metric,15
09/11/2026 05:58:52,System.Runtime,dotnet.gc.pause.time (s / 1 sec),Rate,0
09/11/2026 05:58:52,System.Runtime,dotnet.thread_pool.queue.length ({work_item} / 1 sec),Rate,0
09/11/2026 05:58:52,System.Runtime,dotnet.gc.last_collection.memory.committed_size (By),Metric,0
09/11/2026 05:58:52,System.Runtime,dotnet.gc.last_collection.heap.fragmentation.size (By)[gc.heap.generation=gen2],Metric,0
09/11/2026 05:58:52,System.Runtime,dotnet.gc.last_collection.heap.fragmentation.size (By)[gc.heap.generation=gen0],Metric,0
09/11/2026 05:58:52,System.Runtime,dotnet.gc.last_collection.heap.fragmentation.size (By)[gc.heap.generation=gen1],Metric,0
09/11/2026 05:58:52,System.Runtime,dotnet.gc.last_collection.heap.fragmentation.size (By)[gc.heap.generation=poh],Metric,0
09/11/2026 05:58:52,System.Runtime,dotnet.gc.last_collection.heap.fragmentation.size (By)[gc.heap.generation=loh],Metric,0
09/11/2026 05:58:52,System.Runtime,dotnet.timer.count ({timer}),Metric,2
09/11/2026 05:58:52,System.Runtime,dotnet.assembly.count ({assembly}),Metric,61
09/11/2026 05:58:52,System.Runtime,dotnet.gc.heap.total_allocated (By / 1 sec),Rate,154776
09/11/2026 05:58:52,System.Runtime,dotnet.gc.last_collection.heap.size (By)[gc.heap.generation=gen2],Metric,0
09/11/2026 05:58:52,System.Runtime,dotnet.gc.last_collection.heap.size (By)[gc.heap.generation=gen0],Metric,0
09/11/2026 05:58:52,System.Runtime,dotnet.gc.last_collection.heap.size (By)[gc.heap.generation=gen1],Metric,0
09/11/2026 05:58:52,System.Runtime,dotnet.gc.last_collection.heap.size (By)[gc.heap.generation=poh],Metric,0
09/11/2026 05:58:52,System.Runtime,dotnet.gc.last_collection.heap.size (By)[gc.heap.generation=loh],Metric,0
09/11/2026 05:58:52,System.Runtime,dotnet.thread_pool.work_item.count ({work_item} / 1 sec),Rate,601
09/11/2026 05:58:52,System.Runtime,dotnet.process.memory.working_set (By),Metric,85950464
09/11/2026 05:58:52,System.Runtime,dotnet.thread_pool.thread.count ({thread} / 1 sec),Rate,0
09/11/2026 05:58:52,System.Runtime,dotnet.jit.compilation.time (s / 1 sec),Rate,0
09/11/2026 05:58:53,System.Runtime,dotnet.jit.compiled_il.size (By / 1 sec),Rate,372
09/11/2026 05:58:53,System.Runtime,dotnet.jit.compiled_methods ({method} / 1 sec),Rate,14
09/11/2026 05:58:53,System.Runtime,dotnet.monitor.lock_contentions ({contention} / 1 sec),Rate,0
09/11/2026 05:58:53,System.Runtime,dotnet.gc.collections ({collection} / 1 sec)[gc.heap.generation=gen2],Rate,0
09/11/2026 05:58:53,System.Runtime,dotnet.gc.collections ({collection} / 1 sec)[gc.heap.generation=gen0],Rate,0
09/11/2026 05:58:53,System.Runtime,dotnet.gc.collections ({collection} / 1 sec)[gc.heap.generation=gen1],Rate,0
09/11/2026 05:58:53,System.Runtime,dotnet.process.cpu.time (s / 1 sec)[cpu.mode=system],Rate,0.03817899999999996
09/11/2026 05:58:53,System.Runtime,dotnet.process.cpu.time (s / 1 sec)[cpu.mode=user],Rate,0.5811630000000001
09/11/2026 05:58:53,System.Runtime,dotnet.process.cpu.count ({cpu}),Metric,15
09/11/2026 05:58:53,System.Runtime,dotnet.gc.pause.time (s / 1 sec),Rate,0
09/11/2026 05:58:53,System.Runtime,dotnet.thread_pool.queue.length ({work_item} / 1 sec),Rate,0
09/11/2026 05:58:53,System.Runtime,dotnet.gc.last_collection.memory.committed_size (By),Metric,0
09/11/2026 05:58:53,System.Runtime,dotnet.gc.last_collection.heap.fragmentation.size (By)[gc.heap.generation=gen2],Metric,0
09/11/2026 05:58:53,System.Runtime,dotnet.gc.last_collection.heap.fragmentation.size (By)[gc.heap.generation=gen0],Metric,0
09/11/2026 05:58:53,System.Runtime,dotnet.gc.last_collection.heap.fragmentation.size (By)[gc.heap.generation=gen1],Metric,0
09/11/2026 05:58:53,System.Runtime,dotnet.gc.last_collection.heap.fragmentation.size (By)[gc.heap.generation=poh],Metric,0
09/11/2026 05:58:53,System.Runtime,dotnet.gc.last_collection.heap.fragmentation.size (By)[gc.heap.generation=loh],Metric,0
09/11/2026 05:58:53,System.Runtime,dotnet.timer.count ({timer}),Metric,2
09/11/2026 05:58:53,System.Runtime,dotnet.assembly.count ({assembly}),Metric,61
09/11/2026 05:58:53,System.Runtime,dotnet.gc.heap.total_allocated (By / 1 sec),Rate,122944
09/11/2026 05:58:53,System.Runtime,dotnet.gc.last_collection.heap.size (By)[gc.heap.generation=gen2],Metric,0
09/11/2026 05:58:53,System.Runtime,dotnet.gc.last_collection.heap.size (By)[gc.heap.generation=gen0],Metric,0
09/11/2026 05:58:53,System.Runtime,dotnet.gc.last_collection.heap.size (By)[gc.heap.generation=gen1],Metric,0
09/11/2026 05:58:53,System.Runtime,dotnet.gc.last_collection.heap.size (By)[gc.heap.generation=poh],Metric,0
09/11/2026 05:58:53,System.Runtime,dotnet.gc.last_collection.heap.size (By)[gc.heap.generation=loh],Metric,0
09/11/2026 05:58:53,System.Runtime,dotnet.thread_pool.work_item.count ({work_item} / 1 sec),Rate,602
09/11/2026 05:58:53,System.Runtime,dotnet.process.memory.working_set (By),Metric,86114304
09/11/2026 05:58:53,System.Runtime,dotnet.thread_pool.thread.count ({thread} / 1 sec),Rate,0
09/11/2026 05:58:53,System.Runtime,dotnet.jit.compilation.time (s / 1 sec),Rate,0.002646799999999949
09/11/2026 05:58:54,System.Runtime,dotnet.jit.compiled_il.size (By / 1 sec),Rate,235
09/11/2026 05:58:54,System.Runtime,dotnet.jit.compiled_methods ({method} / 1 sec),Rate,5
09/11/2026 05:58:54,System.Runtime,dotnet.monitor.lock_contentions ({contention} / 1 sec),Rate,0
09/11/2026 05:58:54,System.Runtime,dotnet.gc.collections ({collection} / 1 sec)[gc.heap.generation=gen2],Rate,0
09/11/2026 05:58:54,System.Runtime,dotnet.gc.collections ({collection} / 1 sec)[gc.heap.generation=gen0],Rate,0
09/11/2026 05:58:54,System.Runtime,dotnet.gc.collections ({collection} / 1 sec)[gc.heap.generation=gen1],Rate,0
09/11/2026 05:58:54,System.Runtime,dotnet.process.cpu.time (s / 1 sec)[cpu.mode=system],Rate,0.03305200000000008
09/11/2026 05:58:54,System.Runtime,dotnet.process.cpu.time (s / 1 sec)[cpu.mode=user],Rate,0.5748339999999992
09/11/2026 05:58:54,System.Runtime,dotnet.process.cpu.count ({cpu}),Metric,15
09/11/2026 05:58:54,System.Runtime,dotnet.gc.pause.time (s / 1 sec),Rate,0
09/11/2026 05:58:54,System.Runtime,dotnet.thread_pool.queue.length ({work_item} / 1 sec),Rate,0
09/11/2026 05:58:54,System.Runtime,dotnet.gc.last_collection.memory.committed_size (By),Metric,0
09/11/2026 05:58:54,System.Runtime,dotnet.gc.last_collection.heap.fragmentation.size (By)[gc.heap.generation=gen2],Metric,0
09/11/2026 05:58:54,System.Runtime,dotnet.gc.last_collection.heap.fragmentation.size (By)[gc.heap.generation=gen0],Metric,0
09/11/2026 05:58:54,System.Runtime,dotnet.gc.last_collection.heap.fragmentation.size (By)[gc.heap.generation=gen1],Metric,0
09/11/2026 05:58:54,System.Runtime,dotnet.gc.last_collection.heap.fragmentation.size (By)[gc.heap.generation=poh],Metric,0
09/11/2026 05:58:54,System.Runtime,dotnet.gc.last_collection.heap.fragmentation.size (By)[gc.heap.generation=loh],Metric,0
09/11/2026 05:58:54,System.Runtime,dotnet.timer.count ({timer}),Metric,2
09/11/2026 05:58:54,System.Runtime,dotnet.assembly.count ({assembly}),Metric,61
09/11/2026 05:58:54,System.Runtime,dotnet.gc.heap.total_allocated (By / 1 sec),Rate,146576
09/11/2026 05:58:54,System.Runtime,dotnet.gc.last_collection.heap.size (By)[gc.heap.generation=gen2],Metric,0
09/11/2026 05:58:54,System.Runtime,dotnet.gc.last_collection.heap.size (By)[gc.heap.generation=gen0],Metric,0
09/11/2026 05:58:54,System.Runtime,dotnet.gc.last_collection.heap.size (By)[gc.heap.generation=gen1],Metric,0
09/11/2026 05:58:54,System.Runtime,dotnet.gc.last_collection.heap.size (By)[gc.heap.generation=poh],Metric,0
09/11/2026 05:58:54,System.Runtime,dotnet.gc.last_collection.heap.size (By)[gc.heap.generation=loh],Metric,0
09/11/2026 05:58:54,System.Runtime,dotnet.thread_pool.work_item.count ({work_item} / 1 sec),Rate,601
09/11/2026 05:58:54,System.Runtime,dotnet.process.memory.working_set (By),Metric,86261760
09/11/2026 05:58:54,System.Runtime,dotnet.thread_pool.thread.count ({thread} / 1 sec),Rate,0
09/11/2026 05:58:54,System.Runtime,dotnet.jit.compilation.time (s / 1 sec),Rate,0.001430700000000007
09/11/2026 05:58:55,System.Runtime,dotnet.jit.compiled_il.size (By / 1 sec),Rate,2058
09/11/2026 05:58:55,System.Runtime,dotnet.jit.compiled_methods ({method} / 1 sec),Rate,52
09/11/2026 05:58:55,System.Runtime,dotnet.monitor.lock_contentions ({contention} / 1 sec),Rate,0
09/11/2026 05:58:55,System.Runtime,dotnet.gc.collections ({collection} / 1 sec)[gc.heap.generation=gen2],Rate,0
09/11/2026 05:58:55,System.Runtime,dotnet.gc.collections ({collection} / 1 sec)[gc.heap.generation=gen0],Rate,0
09/11/2026 05:58:55,System.Runtime,dotnet.gc.collections ({collection} / 1 sec)[gc.heap.generation=gen1],Rate,0
09/11/2026 05:58:55,System.Runtime,dotnet.process.cpu.time (s / 1 sec)[cpu.mode=system],Rate,0.0349459999999997
09/11/2026 05:58:55,System.Runtime,dotnet.process.cpu.time (s / 1 sec)[cpu.mode=user],Rate,0.5837029999999999
09/11/2026 05:58:55,System.Runtime,dotnet.process.cpu.count ({cpu}),Metric,15
09/11/2026 05:58:55,System.Runtime,dotnet.gc.pause.time (s / 1 sec),Rate,0
09/11/2026 05:58:55,System.Runtime,dotnet.thread_pool.queue.length ({work_item} / 1 sec),Rate,0
09/11/2026 05:58:55,System.Runtime,dotnet.gc.last_collection.memory.committed_size (By),Metric,0
09/11/2026 05:58:55,System.Runtime,dotnet.gc.last_collection.heap.fragmentation.size (By)[gc.heap.generation=gen2],Metric,0
09/11/2026 05:58:55,System.Runtime,dotnet.gc.last_collection.heap.fragmentation.size (By)[gc.heap.generation=gen0],Metric,0
09/11/2026 05:58:55,System.Runtime,dotnet.gc.last_collection.heap.fragmentation.size (By)[gc.heap.generation=gen1],Metric,0
09/11/2026 05:58:55,System.Runtime,dotnet.gc.last_collection.heap.fragmentation.size (By)[gc.heap.generation=poh],Metric,0
09/11/2026 05:58:55,System.Runtime,dotnet.gc.last_collection.heap.fragmentation.size (By)[gc.heap.generation=loh],Metric,0
09/11/2026 05:58:55,System.Runtime,dotnet.timer.count ({timer}),Metric,2
09/11/2026 05:58:55,System.Runtime,dotnet.assembly.count ({assembly}),Metric,61
09/11/2026 05:58:55,System.Runtime,dotnet.gc.heap.total_allocated (By / 1 sec),Rate,131200
09/11/2026 05:58:55,System.Runtime,dotnet.gc.last_collection.heap.size (By)[gc.heap.generation=gen2],Metric,0
09/11/2026 05:58:55,System.Runtime,dotnet.gc.last_collection.heap.size (By)[gc.heap.generation=gen0],Metric,0
09/11/2026 05:58:55,System.Runtime,dotnet.gc.last_collection.heap.size (By)[gc.heap.generation=gen1],Metric,0
09/11/2026 05:58:55,System.Runtime,dotnet.gc.last_collection.heap.size (By)[gc.heap.generation=poh],Metric,0
09/11/2026 05:58:55,System.Runtime,dotnet.gc.last_collection.heap.size (By)[gc.heap.generation=loh],Metric,0
09/11/2026 05:58:55,System.Runtime,dotnet.thread_pool.work_item.count ({work_item} / 1 sec),Rate,601
09/11/2026 05:58:55,System.Runtime,dotnet.process.memory.working_set (By),Metric,86474752
09/11/2026 05:58:55,System.Runtime,dotnet.thread_pool.thread.count ({thread} / 1 sec),Rate,0
09/11/2026 05:58:55,System.Runtime,dotnet.jit.compilation.time (s / 1 sec),Rate,0.008015100000000053
09/11/2026 05:58:56,System.Runtime,dotnet.jit.compiled_il.size (By / 1 sec),Rate,0
09/11/2026 05:58:56,System.Runtime,dotnet.jit.compiled_methods ({method} / 1 sec),Rate,0
09/11/2026 05:58:56,System.Runtime,dotnet.monitor.lock_contentions ({contention} / 1 sec),Rate,0
09/11/2026 05:58:56,System.Runtime,dotnet.gc.collections ({collection} / 1 sec)[gc.heap.generation=gen2],Rate,0
09/11/2026 05:58:56,System.Runtime,dotnet.gc.collections ({collection} / 1 sec)[gc.heap.generation=gen0],Rate,0
09/11/2026 05:58:56,System.Runtime,dotnet.gc.collections ({collection} / 1 sec)[gc.heap.generation=gen1],Rate,0
09/11/2026 05:58:56,System.Runtime,dotnet.process.cpu.time (s / 1 sec)[cpu.mode=system],Rate,0.03737799999999991
09/11/2026 05:58:56,System.Runtime,dotnet.process.cpu.time (s / 1 sec)[cpu.mode=user],Rate,0.5774010000000018
09/11/2026 05:58:56,System.Runtime,dotnet.process.cpu.count ({cpu}),Metric,15
09/11/2026 05:58:56,System.Runtime,dotnet.gc.pause.time (s / 1 sec),Rate,0
09/11/2026 05:58:56,System.Runtime,dotnet.thread_pool.queue.length ({work_item} / 1 sec),Rate,0
09/11/2026 05:58:56,System.Runtime,dotnet.gc.last_collection.memory.committed_size (By),Metric,0
09/11/2026 05:58:56,System.Runtime,dotnet.gc.last_collection.heap.fragmentation.size (By)[gc.heap.generation=gen2],Metric,0
09/11/2026 05:58:56,System.Runtime,dotnet.gc.last_collection.heap.fragmentation.size (By)[gc.heap.generation=gen0],Metric,0
09/11/2026 05:58:56,System.Runtime,dotnet.gc.last_collection.heap.fragmentation.size (By)[gc.heap.generation=gen1],Metric,0
09/11/2026 05:58:56,System.Runtime,dotnet.gc.last_collection.heap.fragmentation.size (By)[gc.heap.generation=poh],Metric,0
09/11/2026 05:58:56,System.Runtime,dotnet.gc.last_collection.heap.fragmentation.size (By)[gc.heap.generation=loh],Metric,0
09/11/2026 05:58:56,System.Runtime,dotnet.timer.count ({timer}),Metric,2
09/11/2026 05:58:56,System.Runtime,dotnet.assembly.count ({assembly}),Metric,61
09/11/2026 05:58:56,System.Runtime,dotnet.gc.heap.total_allocated (By / 1 sec),Rate,131160
09/11/2026 05:58:56,System.Runtime,dotnet.gc.last_collection.heap.size (By)[gc.heap.generation=gen2],Metric,0
09/11/2026 05:58:56,System.Runtime,dotnet.gc.last_collection.heap.size (By)[gc.heap.generation=gen0],Metric,0
09/11/2026 05:58:56,System.Runtime,dotnet.gc.last_collection.heap.size (By)[gc.heap.generation=gen1],Metric,0
09/11/2026 05:58:56,System.Runtime,dotnet.gc.last_collection.heap.size (By)[gc.heap.generation=poh],Metric,0
09/11/2026 05:58:56,System.Runtime,dotnet.gc.last_collection.heap.size (By)[gc.heap.generation=loh],Metric,0
09/11/2026 05:58:56,System.Runtime,dotnet.thread_pool.work_item.count ({work_item} / 1 sec),Rate,601
09/11/2026 05:58:56,System.Runtime,dotnet.process.memory.working_set (By),Metric,86622208
09/11/2026 05:58:56,System.Runtime,dotnet.thread_pool.thread.count ({thread} / 1 sec),Rate,0
09/11/2026 05:58:56,System.Runtime,dotnet.jit.compilation.time (s / 1 sec),Rate,0
09/11/2026 05:58:57,System.Runtime,dotnet.jit.compiled_il.size (By / 1 sec),Rate,0
09/11/2026 05:58:57,System.Runtime,dotnet.jit.compiled_methods ({method} / 1 sec),Rate,0
09/11/2026 05:58:57,System.Runtime,dotnet.monitor.lock_contentions ({contention} / 1 sec),Rate,0
09/11/2026 05:58:57,System.Runtime,dotnet.gc.collections ({collection} / 1 sec)[gc.heap.generation=gen2],Rate,0
09/11/2026 05:58:57,System.Runtime,dotnet.gc.collections ({collection} / 1 sec)[gc.heap.generation=gen0],Rate,0
09/11/2026 05:58:57,System.Runtime,dotnet.gc.collections ({collection} / 1 sec)[gc.heap.generation=gen1],Rate,0
09/11/2026 05:58:57,System.Runtime,dotnet.process.cpu.time (s / 1 sec)[cpu.mode=system],Rate,0.03647200000000028
09/11/2026 05:58:57,System.Runtime,dotnet.process.cpu.time (s / 1 sec)[cpu.mode=user],Rate,0.5775679999999994
09/11/2026 05:58:57,System.Runtime,dotnet.process.cpu.count ({cpu}),Metric,15
09/11/2026 05:58:57,System.Runtime,dotnet.gc.pause.time (s / 1 sec),Rate,0
09/11/2026 05:58:57,System.Runtime,dotnet.thread_pool.queue.length ({work_item} / 1 sec),Rate,0
09/11/2026 05:58:57,System.Runtime,dotnet.gc.last_collection.memory.committed_size (By),Metric,0
09/11/2026 05:58:57,System.Runtime,dotnet.gc.last_collection.heap.fragmentation.size (By)[gc.heap.generation=gen2],Metric,0
09/11/2026 05:58:57,System.Runtime,dotnet.gc.last_collection.heap.fragmentation.size (By)[gc.heap.generation=gen0],Metric,0
09/11/2026 05:58:57,System.Runtime,dotnet.gc.last_collection.heap.fragmentation.size (By)[gc.heap.generation=gen1],Metric,0
09/11/2026 05:58:57,System.Runtime,dotnet.gc.last_collection.heap.fragmentation.size (By)[gc.heap.generation=poh],Metric,0
09/11/2026 05:58:57,System.Runtime,dotnet.gc.last_collection.heap.fragmentation.size (By)[gc.heap.generation=loh],Metric,0
09/11/2026 05:58:57,System.Runtime,dotnet.timer.count ({timer}),Metric,2
09/11/2026 05:58:57,System.Runtime,dotnet.assembly.count ({assembly}),Metric,61
09/11/2026 05:58:57,System.Runtime,dotnet.gc.heap.total_allocated (By / 1 sec),Rate,146576
09/11/2026 05:58:57,System.Runtime,dotnet.gc.last_collection.heap.size (By)[gc.heap.generation=gen2],Metric,0
09/11/2026 05:58:57,System.Runtime,dotnet.gc.last_collection.heap.size (By)[gc.heap.generation=gen0],Metric,0
09/11/2026 05:58:57,System.Runtime,dotnet.gc.last_collection.heap.size (By)[gc.heap.generation=gen1],Metric,0
09/11/2026 05:58:57,System.Runtime,dotnet.gc.last_collection.heap.size (By)[gc.heap.generation=poh],Metric,0
09/11/2026 05:58:57,System.Runtime,dotnet.gc.last_collection.heap.size (By)[gc.heap.generation=loh],Metric,0
09/11/2026 05:58:57,System.Runtime,dotnet.thread_pool.work_item.count ({work_item} / 1 sec),Rate,601
09/11/2026 05:58:57,System.Runtime,dotnet.process.memory.working_set (By),Metric,86835200
09/11/2026 05:58:57,System.Runtime,dotnet.thread_pool.thread.count ({thread} / 1 sec),Rate,0
09/11/2026 05:58:57,System.Runtime,dotnet.jit.compilation.time (s / 1 sec),Rate,0
09/11/2026 05:58:58,System.Runtime,dotnet.jit.compiled_il.size (By / 1 sec),Rate,601
09/11/2026 05:58:58,System.Runtime,dotnet.jit.compiled_methods ({method} / 1 sec),Rate,2
09/11/2026 05:58:58,System.Runtime,dotnet.monitor.lock_contentions ({contention} / 1 sec),Rate,0
09/11/2026 05:58:58,System.Runtime,dotnet.gc.collections ({collection} / 1 sec)[gc.heap.generation=gen2],Rate,0
09/11/2026 05:58:58,System.Runtime,dotnet.gc.collections ({collection} / 1 sec)[gc.heap.generation=gen0],Rate,0
09/11/2026 05:58:58,System.Runtime,dotnet.gc.collections ({collection} / 1 sec)[gc.heap.generation=gen1],Rate,0
09/11/2026 05:58:58,System.Runtime,dotnet.process.cpu.time (s / 1 sec)[cpu.mode=system],Rate,0.037150000000000016
09/11/2026 05:58:58,System.Runtime,dotnet.process.cpu.time (s / 1 sec)[cpu.mode=user],Rate,0.5804259999999992
09/11/2026 05:58:58,System.Runtime,dotnet.process.cpu.count ({cpu}),Metric,15
09/11/2026 05:58:58,System.Runtime,dotnet.gc.pause.time (s / 1 sec),Rate,0
09/11/2026 05:58:58,System.Runtime,dotnet.thread_pool.queue.length ({work_item} / 1 sec),Rate,0
09/11/2026 05:58:58,System.Runtime,dotnet.gc.last_collection.memory.committed_size (By),Metric,0
09/11/2026 05:58:58,System.Runtime,dotnet.gc.last_collection.heap.fragmentation.size (By)[gc.heap.generation=gen2],Metric,0
09/11/2026 05:58:58,System.Runtime,dotnet.gc.last_collection.heap.fragmentation.size (By)[gc.heap.generation=gen0],Metric,0
09/11/2026 05:58:58,System.Runtime,dotnet.gc.last_collection.heap.fragmentation.size (By)[gc.heap.generation=gen1],Metric,0
09/11/2026 05:58:58,System.Runtime,dotnet.gc.last_collection.heap.fragmentation.size (By)[gc.heap.generation=poh],Metric,0
09/11/2026 05:58:58,System.Runtime,dotnet.gc.last_collection.heap.fragmentation.size (By)[gc.heap.generation=loh],Metric,0
09/11/2026 05:58:58,System.Runtime,dotnet.timer.count ({timer}),Metric,2
09/11/2026 05:58:58,System.Runtime,dotnet.assembly.count ({assembly}),Metric,61
09/11/2026 05:58:58,System.Runtime,dotnet.gc.heap.total_allocated (By / 1 sec),Rate,139416
09/11/2026 05:58:58,System.Runtime,dotnet.gc.last_collection.heap.size (By)[gc.heap.generation=gen2],Metric,0
09/11/2026 05:58:58,System.Runtime,dotnet.gc.last_collection.heap.size (By)[gc.heap.generation=gen0],Metric,0
09/11/2026 05:58:58,System.Runtime,dotnet.gc.last_collection.heap.size (By)[gc.heap.generation=gen1],Metric,0
09/11/2026 05:58:58,System.Runtime,dotnet.gc.last_collection.heap.size (By)[gc.heap.generation=poh],Metric,0
09/11/2026 05:58:58,System.Runtime,dotnet.gc.last_collection.heap.size (By)[gc.heap.generation=loh],Metric,0
09/11/2026 05:58:58,System.Runtime,dotnet.thread_pool.work_item.count ({work_item} / 1 sec),Rate,602
09/11/2026 05:58:58,System.Runtime,dotnet.process.memory.working_set (By),Metric,86966272
09/11/2026 05:58:58,System.Runtime,dotnet.thread_pool.thread.count ({thread} / 1 sec),Rate,0
09/11/2026 05:58:58,System.Runtime,dotnet.jit.compilation.time (s / 1 sec),Rate,0.002290499999999973
09/11/2026 05:58:59,System.Runtime,dotnet.jit.compiled_il.size (By / 1 sec),Rate,0
09/11/2026 05:58:59,System.Runtime,dotnet.jit.compiled_methods ({method} / 1 sec),Rate,0
09/11/2026 05:58:59,System.Runtime,dotnet.monitor.lock_contentions ({contention} / 1 sec),Rate,0
09/11/2026 05:58:59,System.Runtime,dotnet.gc.collections ({collection} / 1 sec)[gc.heap.generation=gen2],Rate,0
09/11/2026 05:58:59,System.Runtime,dotnet.gc.collections ({collection} / 1 sec)[gc.heap.generation=gen0],Rate,0
09/11/2026 05:58:59,System.Runtime,dotnet.gc.collections ({collection} / 1 sec)[gc.heap.generation=gen1],Rate,0
09/11/2026 05:58:59,System.Runtime,dotnet.process.cpu.time (s / 1 sec)[cpu.mode=system],Rate,0.03775499999999976
09/11/2026 05:58:59,System.Runtime,dotnet.process.cpu.time (s / 1 sec)[cpu.mode=user],Rate,0.5722200000000015
09/11/2026 05:58:59,System.Runtime,dotnet.process.cpu.count ({cpu}),Metric,15
09/11/2026 05:58:59,System.Runtime,dotnet.gc.pause.time (s / 1 sec),Rate,0
09/11/2026 05:58:59,System.Runtime,dotnet.thread_pool.queue.length ({work_item} / 1 sec),Rate,0
09/11/2026 05:58:59,System.Runtime,dotnet.gc.last_collection.memory.committed_size (By),Metric,0
09/11/2026 05:58:59,System.Runtime,dotnet.gc.last_collection.heap.fragmentation.size (By)[gc.heap.generation=gen2],Metric,0
09/11/2026 05:58:59,System.Runtime,dotnet.gc.last_collection.heap.fragmentation.size (By)[gc.heap.generation=gen0],Metric,0
09/11/2026 05:58:59,System.Runtime,dotnet.gc.last_collection.heap.fragmentation.size (By)[gc.heap.generation=gen1],Metric,0
09/11/2026 05:58:59,System.Runtime,dotnet.gc.last_collection.heap.fragmentation.size (By)[gc.heap.generation=poh],Metric,0
09/11/2026 05:58:59,System.Runtime,dotnet.gc.last_collection.heap.fragmentation.size (By)[gc.heap.generation=loh],Metric,0
09/11/2026 05:58:59,System.Runtime,dotnet.timer.count ({timer}),Metric,2
09/11/2026 05:58:59,System.Runtime,dotnet.assembly.count ({assembly}),Metric,61
09/11/2026 05:58:59,System.Runtime,dotnet.gc.heap.total_allocated (By / 1 sec),Rate,143408
09/11/2026 05:58:59,System.Runtime,dotnet.gc.last_collection.heap.size (By)[gc.heap.generation=gen2],Metric,0
09/11/2026 05:58:59,System.Runtime,dotnet.gc.last_collection.heap.size (By)[gc.heap.generation=gen0],Metric,0
09/11/2026 05:58:59,System.Runtime,dotnet.gc.last_collection.heap.size (By)[gc.heap.generation=gen1],Metric,0
09/11/2026 05:58:59,System.Runtime,dotnet.gc.last_collection.heap.size (By)[gc.heap.generation=poh],Metric,0
09/11/2026 05:58:59,System.Runtime,dotnet.gc.last_collection.heap.size (By)[gc.heap.generation=loh],Metric,0
09/11/2026 05:58:59,System.Runtime,dotnet.thread_pool.work_item.count ({work_item} / 1 sec),Rate,601
09/11/2026 05:58:59,System.Runtime,dotnet.process.memory.working_set (By),Metric,87113728
09/11/2026 05:58:59,System.Runtime,dotnet.thread_pool.thread.count ({thread} / 1 sec),Rate,0
09/11/2026 05:58:59,System.Runtime,dotnet.jit.compilation.time (s / 1 sec),Rate,0
09/11/2026 05:59:00,System.Runtime,dotnet.jit.compiled_il.size (By / 1 sec),Rate,0
09/11/2026 05:59:00,System.Runtime,dotnet.jit.compiled_methods ({method} / 1 sec),Rate,0
09/11/2026 05:59:00,System.Runtime,dotnet.monitor.lock_contentions ({contention} / 1 sec),Rate,0
09/11/2026 05:59:00,System.Runtime,dotnet.gc.collections ({collection} / 1 sec)[gc.heap.generation=gen2],Rate,0
09/11/2026 05:59:00,System.Runtime,dotnet.gc.collections ({collection} / 1 sec)[gc.heap.generation=gen0],Rate,0
09/11/2026 05:59:00,System.Runtime,dotnet.gc.collections ({collection} / 1 sec)[gc.heap.generation=gen1],Rate,0
09/11/2026 05:59:00,System.Runtime,dotnet.process.cpu.time (s / 1 sec)[cpu.mode=system],Rate,0.039525000000000254
09/11/2026 05:59:00,System.Runtime,dotnet.process.cpu.time (s / 1 sec)[cpu.mode=user],Rate,0.5755419999999987
09/11/2026 05:59:00,System.Runtime,dotnet.process.cpu.count ({cpu}),Metric,15
09/11/2026 05:59:00,System.Runtime,dotnet.gc.pause.time (s / 1 sec),Rate,0
09/11/2026 05:59:00,System.Runtime,dotnet.thread_pool.queue.length ({work_item} / 1 sec),Rate,0
09/11/2026 05:59:00,System.Runtime,dotnet.gc.last_collection.memory.committed_size (By),Metric,0
09/11/2026 05:59:00,System.Runtime,dotnet.gc.last_collection.heap.fragmentation.size (By)[gc.heap.generation=gen2],Metric,0
09/11/2026 05:59:00,System.Runtime,dotnet.gc.last_collection.heap.fragmentation.size (By)[gc.heap.generation=gen0],Metric,0
09/11/2026 05:59:00,System.Runtime,dotnet.gc.last_collection.heap.fragmentation.size (By)[gc.heap.generation=gen1],Metric,0
09/11/2026 05:59:00,System.Runtime,dotnet.gc.last_collection.heap.fragmentation.size (By)[gc.heap.generation=poh],Metric,0
09/11/2026 05:59:00,System.Runtime,dotnet.gc.last_collection.heap.fragmentation.size (By)[gc.heap.generation=loh],Metric,0
09/11/2026 05:59:00,System.Runtime,dotnet.timer.count ({timer}),Metric,3
09/11/2026 05:59:00,System.Runtime,dotnet.assembly.count ({assembly}),Metric,61
09/11/2026 05:59:00,System.Runtime,dotnet.gc.heap.total_allocated (By / 1 sec),Rate,139392
09/11/2026 05:59:00,System.Runtime,dotnet.gc.last_collection.heap.size (By)[gc.heap.generation=gen2],Metric,0
09/11/2026 05:59:00,System.Runtime,dotnet.gc.last_collection.heap.size (By)[gc.heap.generation=gen0],Metric,0
09/11/2026 05:59:00,System.Runtime,dotnet.gc.last_collection.heap.size (By)[gc.heap.generation=gen1],Metric,0
09/11/2026 05:59:00,System.Runtime,dotnet.gc.last_collection.heap.size (By)[gc.heap.generation=poh],Metric,0
09/11/2026 05:59:00,System.Runtime,dotnet.gc.last_collection.heap.size (By)[gc.heap.generation=loh],Metric,0
09/11/2026 05:59:00,System.Runtime,dotnet.thread_pool.work_item.count ({work_item} / 1 sec),Rate,601
09/11/2026 05:59:00,System.Runtime,dotnet.process.memory.working_set (By),Metric,87277568
09/11/2026 05:59:00,System.Runtime,dotnet.thread_pool.thread.count ({thread} / 1 sec),Rate,0
09/11/2026 05:59:00,System.Runtime,dotnet.jit.compilation.time (s / 1 sec),Rate,0
09/11/2026 05:59:01,System.Runtime,dotnet.jit.compiled_il.size (By / 1 sec),Rate,0
09/11/2026 05:59:01,System.Runtime,dotnet.jit.compiled_methods ({method} / 1 sec),Rate,0
09/11/2026 05:59:01,System.Runtime,dotnet.monitor.lock_contentions ({contention} / 1 sec),Rate,0
09/11/2026 05:59:01,System.Runtime,dotnet.gc.collections ({collection} / 1 sec)[gc.heap.generation=gen2],Rate,0
09/11/2026 05:59:01,System.Runtime,dotnet.gc.collections ({collection} / 1 sec)[gc.heap.generation=gen0],Rate,0
09/11/2026 05:59:01,System.Runtime,dotnet.gc.collections ({collection} / 1 sec)[gc.heap.generation=gen1],Rate,0
09/11/2026 05:59:01,System.Runtime,dotnet.process.cpu.time (s / 1 sec)[cpu.mode=system],Rate,0.038065000000000015
09/11/2026 05:59:01,System.Runtime,dotnet.process.cpu.time (s / 1 sec)[cpu.mode=user],Rate,0.5772119999999994
09/11/2026 05:59:01,System.Runtime,dotnet.process.cpu.count ({cpu}),Metric,15
09/11/2026 05:59:01,System.Runtime,dotnet.gc.pause.time (s / 1 sec),Rate,0
09/11/2026 05:59:01,System.Runtime,dotnet.thread_pool.queue.length ({work_item} / 1 sec),Rate,0
09/11/2026 05:59:01,System.Runtime,dotnet.gc.last_collection.memory.committed_size (By),Metric,0
09/11/2026 05:59:01,System.Runtime,dotnet.gc.last_collection.heap.fragmentation.size (By)[gc.heap.generation=gen2],Metric,0
09/11/2026 05:59:01,System.Runtime,dotnet.gc.last_collection.heap.fragmentation.size (By)[gc.heap.generation=gen0],Metric,0
09/11/2026 05:59:01,System.Runtime,dotnet.gc.last_collection.heap.fragmentation.size (By)[gc.heap.generation=gen1],Metric,0
09/11/2026 05:59:01,System.Runtime,dotnet.gc.last_collection.heap.fragmentation.size (By)[gc.heap.generation=poh],Metric,0
09/11/2026 05:59:01,System.Runtime,dotnet.gc.last_collection.heap.fragmentation.size (By)[gc.heap.generation=loh],Metric,0
09/11/2026 05:59:01,System.Runtime,dotnet.timer.count ({timer}),Metric,2
09/11/2026 05:59:01,System.Runtime,dotnet.assembly.count ({assembly}),Metric,61
09/11/2026 05:59:01,System.Runtime,dotnet.gc.heap.total_allocated (By / 1 sec),Rate,130176
09/11/2026 05:59:01,System.Runtime,dotnet.gc.last_collection.heap.size (By)[gc.heap.generation=gen2],Metric,0
09/11/2026 05:59:01,System.Runtime,dotnet.gc.last_collection.heap.size (By)[gc.heap.generation=gen0],Metric,0
09/11/2026 05:59:01,System.Runtime,dotnet.gc.last_collection.heap.size (By)[gc.heap.generation=gen1],Metric,0
09/11/2026 05:59:01,System.Runtime,dotnet.gc.last_collection.heap.size (By)[gc.heap.generation=poh],Metric,0
09/11/2026 05:59:01,System.Runtime,dotnet.gc.last_collection.heap.size (By)[gc.heap.generation=loh],Metric,0
09/11/2026 05:59:01,System.Runtime,dotnet.thread_pool.work_item.count ({work_item} / 1 sec),Rate,600
09/11/2026 05:59:01,System.Runtime,dotnet.process.memory.working_set (By),Metric,87408640
09/11/2026 05:59:01,System.Runtime,dotnet.thread_pool.thread.count ({thread} / 1 sec),Rate,0
09/11/2026 05:59:01,System.Runtime,dotnet.jit.compilation.time (s / 1 sec),Rate,0
09/11/2026 05:59:02,System.Runtime,dotnet.jit.compiled_il.size (By / 1 sec),Rate,0
09/11/2026 05:59:02,System.Runtime,dotnet.jit.compiled_methods ({method} / 1 sec),Rate,0
09/11/2026 05:59:02,System.Runtime,dotnet.monitor.lock_contentions ({contention} / 1 sec),Rate,0
09/11/2026 05:59:02,System.Runtime,dotnet.gc.collections ({collection} / 1 sec)[gc.heap.generation=gen2],Rate,0
09/11/2026 05:59:02,System.Runtime,dotnet.gc.collections ({collection} / 1 sec)[gc.heap.generation=gen0],Rate,0
09/11/2026 05:59:02,System.Runtime,dotnet.gc.collections ({collection} / 1 sec)[gc.heap.generation=gen1],Rate,0
09/11/2026 05:59:02,System.Runtime,dotnet.process.cpu.time (s / 1 sec)[cpu.mode=system],Rate,0.039289999999999825
09/11/2026 05:59:02,System.Runtime,dotnet.process.cpu.time (s / 1 sec)[cpu.mode=user],Rate,0.5782450000000026
09/11/2026 05:59:02,System.Runtime,dotnet.process.cpu.count ({cpu}),Metric,15
09/11/2026 05:59:02,System.Runtime,dotnet.gc.pause.time (s / 1 sec),Rate,0
09/11/2026 05:59:02,System.Runtime,dotnet.thread_pool.queue.length ({work_item} / 1 sec),Rate,0
09/11/2026 05:59:02,System.Runtime,dotnet.gc.last_collection.memory.committed_size (By),Metric,0
09/11/2026 05:59:02,System.Runtime,dotnet.gc.last_collection.heap.fragmentation.size (By)[gc.heap.generation=gen2],Metric,0
09/11/2026 05:59:02,System.Runtime,dotnet.gc.last_collection.heap.fragmentation.size (By)[gc.heap.generation=gen0],Metric,0
09/11/2026 05:59:02,System.Runtime,dotnet.gc.last_collection.heap.fragmentation.size (By)[gc.heap.generation=gen1],Metric,0
09/11/2026 05:59:02,System.Runtime,dotnet.gc.last_collection.heap.fragmentation.size (By)[gc.heap.generation=poh],Metric,0
09/11/2026 05:59:02,System.Runtime,dotnet.gc.last_collection.heap.fragmentation.size (By)[gc.heap.generation=loh],Metric,0
09/11/2026 05:59:02,System.Runtime,dotnet.timer.count ({timer}),Metric,3
09/11/2026 05:59:02,System.Runtime,dotnet.assembly.count ({assembly}),Metric,61
09/11/2026 05:59:02,System.Runtime,dotnet.gc.heap.total_allocated (By / 1 sec),Rate,130080
09/11/2026 05:59:02,System.Runtime,dotnet.gc.last_collection.heap.size (By)[gc.heap.generation=gen2],Metric,0
09/11/2026 05:59:02,System.Runtime,dotnet.gc.last_collection.heap.size (By)[gc.heap.generation=gen0],Metric,0
09/11/2026 05:59:02,System.Runtime,dotnet.gc.last_collection.heap.size (By)[gc.heap.generation=gen1],Metric,0
09/11/2026 05:59:02,System.Runtime,dotnet.gc.last_collection.heap.size (By)[gc.heap.generation=poh],Metric,0
09/11/2026 05:59:02,System.Runtime,dotnet.gc.last_collection.heap.size (By)[gc.heap.generation=loh],Metric,0
09/11/2026 05:59:02,System.Runtime,dotnet.thread_pool.work_item.count ({work_item} / 1 sec),Rate,601
09/11/2026 05:59:02,System.Runtime,dotnet.process.memory.working_set (By),Metric,87506944
09/11/2026 05:59:02,System.Runtime,dotnet.thread_pool.thread.count ({thread} / 1 sec),Rate,0
09/11/2026 05:59:02,System.Runtime,dotnet.jit.compilation.time (s / 1 sec),Rate,0
09/11/2026 05:59:03,System.Runtime,dotnet.jit.compiled_il.size (By / 1 sec),Rate,427
09/11/2026 05:59:03,System.Runtime,dotnet.jit.compiled_methods ({method} / 1 sec),Rate,3
09/11/2026 05:59:03,System.Runtime,dotnet.monitor.lock_contentions ({contention} / 1 sec),Rate,0
09/11/2026 05:59:03,System.Runtime,dotnet.gc.collections ({collection} / 1 sec)[gc.heap.generation=gen2],Rate,0
09/11/2026 05:59:03,System.Runtime,dotnet.gc.collections ({collection} / 1 sec)[gc.heap.generation=gen0],Rate,0
09/11/2026 05:59:03,System.Runtime,dotnet.gc.collections ({collection} / 1 sec)[gc.heap.generation=gen1],Rate,0
09/11/2026 05:59:03,System.Runtime,dotnet.process.cpu.time (s / 1 sec)[cpu.mode=system],Rate,0.035105000000000164
09/11/2026 05:59:03,System.Runtime,dotnet.process.cpu.time (s / 1 sec)[cpu.mode=user],Rate,0.576153999999999
09/11/2026 05:59:03,System.Runtime,dotnet.process.cpu.count ({cpu}),Metric,15
09/11/2026 05:59:03,System.Runtime,dotnet.gc.pause.time (s / 1 sec),Rate,0
09/11/2026 05:59:03,System.Runtime,dotnet.thread_pool.queue.length ({work_item} / 1 sec),Rate,0
09/11/2026 05:59:03,System.Runtime,dotnet.gc.last_collection.memory.committed_size (By),Metric,0
09/11/2026 05:59:03,System.Runtime,dotnet.gc.last_collection.heap.fragmentation.size (By)[gc.heap.generation=gen2],Metric,0
09/11/2026 05:59:03,System.Runtime,dotnet.gc.last_collection.heap.fragmentation.size (By)[gc.heap.generation=gen0],Metric,0
09/11/2026 05:59:03,System.Runtime,dotnet.gc.last_collection.heap.fragmentation.size (By)[gc.heap.generation=gen1],Metric,0
09/11/2026 05:59:03,System.Runtime,dotnet.gc.last_collection.heap.fragmentation.size (By)[gc.heap.generation=poh],Metric,0
09/11/2026 05:59:03,System.Runtime,dotnet.gc.last_collection.heap.fragmentation.size (By)[gc.heap.generation=loh],Metric,0
09/11/2026 05:59:03,System.Runtime,dotnet.timer.count ({timer}),Metric,3
09/11/2026 05:59:03,System.Runtime,dotnet.assembly.count ({assembly}),Metric,61
09/11/2026 05:59:03,System.Runtime,dotnet.gc.heap.total_allocated (By / 1 sec),Rate,139416
09/11/2026 05:59:03,System.Runtime,dotnet.gc.last_collection.heap.size (By)[gc.heap.generation=gen2],Metric,0
09/11/2026 05:59:03,System.Runtime,dotnet.gc.last_collection.heap.size (By)[gc.heap.generation=gen0],Metric,0
09/11/2026 05:59:03,System.Runtime,dotnet.gc.last_collection.heap.size (By)[gc.heap.generation=gen1],Metric,0
09/11/2026 05:59:03,System.Runtime,dotnet.gc.last_collection.heap.size (By)[gc.heap.generation=poh],Metric,0
09/11/2026 05:59:03,System.Runtime,dotnet.gc.last_collection.heap.size (By)[gc.heap.generation=loh],Metric,0
09/11/2026 05:59:03,System.Runtime,dotnet.thread_pool.work_item.count ({work_item} / 1 sec),Rate,602
09/11/2026 05:59:03,System.Runtime,dotnet.process.memory.working_set (By),Metric,87736320
09/11/2026 05:59:03,System.Runtime,dotnet.thread_pool.thread.count ({thread} / 1 sec),Rate,0
09/11/2026 05:59:03,System.Runtime,dotnet.jit.compilation.time (s / 1 sec),Rate,0.0013343999999999578
09/11/2026 05:59:04,System.Runtime,dotnet.jit.compiled_il.size (By / 1 sec),Rate,0
09/11/2026 05:59:04,System.Runtime,dotnet.jit.compiled_methods ({method} / 1 sec),Rate,0
09/11/2026 05:59:04,System.Runtime,dotnet.monitor.lock_contentions ({contention} / 1 sec),Rate,0
09/11/2026 05:59:04,System.Runtime,dotnet.gc.collections ({collection} / 1 sec)[gc.heap.generation=gen2],Rate,0
09/11/2026 05:59:04,System.Runtime,dotnet.gc.collections ({collection} / 1 sec)[gc.heap.generation=gen0],Rate,0
09/11/2026 05:59:04,System.Runtime,dotnet.gc.collections ({collection} / 1 sec)[gc.heap.generation=gen1],Rate,0
09/11/2026 05:59:04,System.Runtime,dotnet.process.cpu.time (s / 1 sec)[cpu.mode=system],Rate,0.037941
09/11/2026 05:59:04,System.Runtime,dotnet.process.cpu.time (s / 1 sec)[cpu.mode=user],Rate,0.5778159999999986
09/11/2026 05:59:04,System.Runtime,dotnet.process.cpu.count ({cpu}),Metric,15
09/11/2026 05:59:04,System.Runtime,dotnet.gc.pause.time (s / 1 sec),Rate,0
09/11/2026 05:59:04,System.Runtime,dotnet.thread_pool.queue.length ({work_item} / 1 sec),Rate,0
09/11/2026 05:59:04,System.Runtime,dotnet.gc.last_collection.memory.committed_size (By),Metric,0
09/11/2026 05:59:04,System.Runtime,dotnet.gc.last_collection.heap.fragmentation.size (By)[gc.heap.generation=gen2],Metric,0
09/11/2026 05:59:04,System.Runtime,dotnet.gc.last_collection.heap.fragmentation.size (By)[gc.heap.generation=gen0],Metric,0
09/11/2026 05:59:04,System.Runtime,dotnet.gc.last_collection.heap.fragmentation.size (By)[gc.heap.generation=gen1],Metric,0
09/11/2026 05:59:04,System.Runtime,dotnet.gc.last_collection.heap.fragmentation.size (By)[gc.heap.generation=poh],Metric,0
09/11/2026 05:59:04,System.Runtime,dotnet.gc.last_collection.heap.fragmentation.size (By)[gc.heap.generation=loh],Metric,0
09/11/2026 05:59:04,System.Runtime,dotnet.timer.count ({timer}),Metric,2
09/11/2026 05:59:04,System.Runtime,dotnet.assembly.count ({assembly}),Metric,61
09/11/2026 05:59:04,System.Runtime,dotnet.gc.heap.total_allocated (By / 1 sec),Rate,146576
09/11/2026 05:59:04,System.Runtime,dotnet.gc.last_collection.heap.size (By)[gc.heap.generation=gen2],Metric,0
09/11/2026 05:59:04,System.Runtime,dotnet.gc.last_collection.heap.size (By)[gc.heap.generation=gen0],Metric,0
09/11/2026 05:59:04,System.Runtime,dotnet.gc.last_collection.heap.size (By)[gc.heap.generation=gen1],Metric,0
09/11/2026 05:59:04,System.Runtime,dotnet.gc.last_collection.heap.size (By)[gc.heap.generation=poh],Metric,0
09/11/2026 05:59:04,System.Runtime,dotnet.gc.last_collection.heap.size (By)[gc.heap.generation=loh],Metric,0
09/11/2026 05:59:04,System.Runtime,dotnet.thread_pool.work_item.count ({work_item} / 1 sec),Rate,601
09/11/2026 05:59:04,System.Runtime,dotnet.process.memory.working_set (By),Metric,87900160
09/11/2026 05:59:04,System.Runtime,dotnet.thread_pool.thread.count ({thread} / 1 sec),Rate,0
09/11/2026 05:59:04,System.Runtime,dotnet.jit.compilation.time (s / 1 sec),Rate,0
09/11/2026 05:59:05,System.Runtime,dotnet.jit.compiled_il.size (By / 1 sec),Rate,0
09/11/2026 05:59:05,System.Runtime,dotnet.jit.compiled_methods ({method} / 1 sec),Rate,0
09/11/2026 05:59:05,System.Runtime,dotnet.monitor.lock_contentions ({contention} / 1 sec),Rate,0
09/11/2026 05:59:05,System.Runtime,dotnet.gc.collections ({collection} / 1 sec)[gc.heap.generation=gen2],Rate,0
09/11/2026 05:59:05,System.Runtime,dotnet.gc.collections ({collection} / 1 sec)[gc.heap.generation=gen0],Rate,0
09/11/2026 05:59:05,System.Runtime,dotnet.gc.collections ({collection} / 1 sec)[gc.heap.generation=gen1],Rate,0
09/11/2026 05:59:05,System.Runtime,dotnet.process.cpu.time (s / 1 sec)[cpu.mode=system],Rate,0.04202400000000006
09/11/2026 05:59:05,System.Runtime,dotnet.process.cpu.time (s / 1 sec)[cpu.mode=user],Rate,0.5809660000000001
09/11/2026 05:59:05,System.Runtime,dotnet.process.cpu.count ({cpu}),Metric,15
09/11/2026 05:59:05,System.Runtime,dotnet.gc.pause.time (s / 1 sec),Rate,0
09/11/2026 05:59:05,System.Runtime,dotnet.thread_pool.queue.length ({work_item} / 1 sec),Rate,0
09/11/2026 05:59:05,System.Runtime,dotnet.gc.last_collection.memory.committed_size (By),Metric,0
09/11/2026 05:59:05,System.Runtime,dotnet.gc.last_collection.heap.fragmentation.size (By)[gc.heap.generation=gen2],Metric,0
09/11/2026 05:59:05,System.Runtime,dotnet.gc.last_collection.heap.fragmentation.size (By)[gc.heap.generation=gen0],Metric,0
09/11/2026 05:59:05,System.Runtime,dotnet.gc.last_collection.heap.fragmentation.size (By)[gc.heap.generation=gen1],Metric,0
09/11/2026 05:59:05,System.Runtime,dotnet.gc.last_collection.heap.fragmentation.size (By)[gc.heap.generation=poh],Metric,0
09/11/2026 05:59:05,System.Runtime,dotnet.gc.last_collection.heap.fragmentation.size (By)[gc.heap.generation=loh],Metric,0
09/11/2026 05:59:05,System.Runtime,dotnet.timer.count ({timer}),Metric,3
09/11/2026 05:59:05,System.Runtime,dotnet.assembly.count ({assembly}),Metric,61
09/11/2026 05:59:05,System.Runtime,dotnet.gc.heap.total_allocated (By / 1 sec),Rate,123000
09/11/2026 05:59:05,System.Runtime,dotnet.gc.last_collection.heap.size (By)[gc.heap.generation=gen2],Metric,0
09/11/2026 05:59:05,System.Runtime,dotnet.gc.last_collection.heap.size (By)[gc.heap.generation=gen0],Metric,0
09/11/2026 05:59:05,System.Runtime,dotnet.gc.last_collection.heap.size (By)[gc.heap.generation=gen1],Metric,0
09/11/2026 05:59:05,System.Runtime,dotnet.gc.last_collection.heap.size (By)[gc.heap.generation=poh],Metric,0
09/11/2026 05:59:05,System.Runtime,dotnet.gc.last_collection.heap.size (By)[gc.heap.generation=loh],Metric,0
09/11/2026 05:59:05,System.Runtime,dotnet.thread_pool.work_item.count ({work_item} / 1 sec),Rate,601
09/11/2026 05:59:05,System.Runtime,dotnet.process.memory.working_set (By),Metric,88047616
09/11/2026 05:59:05,System.Runtime,dotnet.thread_pool.thread.count ({thread} / 1 sec),Rate,0
09/11/2026 05:59:05,System.Runtime,dotnet.jit.compilation.time (s / 1 sec),Rate,0
09/11/2026 05:59:06,System.Runtime,dotnet.jit.compiled_il.size (By / 1 sec),Rate,0
09/11/2026 05:59:06,System.Runtime,dotnet.jit.compiled_methods ({method} / 1 sec),Rate,0
09/11/2026 05:59:06,System.Runtime,dotnet.monitor.lock_contentions ({contention} / 1 sec),Rate,0
09/11/2026 05:59:06,System.Runtime,dotnet.gc.collections ({collection} / 1 sec)[gc.heap.generation=gen2],Rate,0
09/11/2026 05:59:06,System.Runtime,dotnet.gc.collections ({collection} / 1 sec)[gc.heap.generation=gen0],Rate,0
09/11/2026 05:59:06,System.Runtime,dotnet.gc.collections ({collection} / 1 sec)[gc.heap.generation=gen1],Rate,0
09/11/2026 05:59:06,System.Runtime,dotnet.process.cpu.time (s / 1 sec)[cpu.mode=system],Rate,0.03886900000000004
09/11/2026 05:59:06,System.Runtime,dotnet.process.cpu.time (s / 1 sec)[cpu.mode=user],Rate,0.5823180000000008
09/11/2026 05:59:06,System.Runtime,dotnet.process.cpu.count ({cpu}),Metric,15
09/11/2026 05:59:06,System.Runtime,dotnet.gc.pause.time (s / 1 sec),Rate,0
09/11/2026 05:59:06,System.Runtime,dotnet.thread_pool.queue.length ({work_item} / 1 sec),Rate,0
09/11/2026 05:59:06,System.Runtime,dotnet.gc.last_collection.memory.committed_size (By),Metric,0
09/11/2026 05:59:06,System.Runtime,dotnet.gc.last_collection.heap.fragmentation.size (By)[gc.heap.generation=gen2],Metric,0
09/11/2026 05:59:06,System.Runtime,dotnet.gc.last_collection.heap.fragmentation.size (By)[gc.heap.generation=gen0],Metric,0
09/11/2026 05:59:06,System.Runtime,dotnet.gc.last_collection.heap.fragmentation.size (By)[gc.heap.generation=gen1],Metric,0
09/11/2026 05:59:06,System.Runtime,dotnet.gc.last_collection.heap.fragmentation.size (By)[gc.heap.generation=poh],Metric,0
09/11/2026 05:59:06,System.Runtime,dotnet.gc.last_collection.heap.fragmentation.size (By)[gc.heap.generation=loh],Metric,0
09/11/2026 05:59:06,System.Runtime,dotnet.timer.count ({timer}),Metric,2
09/11/2026 05:59:06,System.Runtime,dotnet.assembly.count ({assembly}),Metric,61
09/11/2026 05:59:06,System.Runtime,dotnet.gc.heap.total_allocated (By / 1 sec),Rate,146552
09/11/2026 05:59:06,System.Runtime,dotnet.gc.last_collection.heap.size (By)[gc.heap.generation=gen2],Metric,0
09/11/2026 05:59:06,System.Runtime,dotnet.gc.last_collection.heap.size (By)[gc.heap.generation=gen0],Metric,0
09/11/2026 05:59:06,System.Runtime,dotnet.gc.last_collection.heap.size (By)[gc.heap.generation=gen1],Metric,0
09/11/2026 05:59:06,System.Runtime,dotnet.gc.last_collection.heap.size (By)[gc.heap.generation=poh],Metric,0
09/11/2026 05:59:06,System.Runtime,dotnet.gc.last_collection.heap.size (By)[gc.heap.generation=loh],Metric,0
09/11/2026 05:59:06,System.Runtime,dotnet.thread_pool.work_item.count ({work_item} / 1 sec),Rate,601
09/11/2026 05:59:06,System.Runtime,dotnet.process.memory.working_set (By),Metric,88195072
09/11/2026 05:59:06,System.Runtime,dotnet.thread_pool.thread.count ({thread} / 1 sec),Rate,0
09/11/2026 05:59:06,System.Runtime,dotnet.jit.compilation.time (s / 1 sec),Rate,0
09/11/2026 05:59:07,System.Runtime,dotnet.jit.compiled_il.size (By / 1 sec),Rate,0
09/11/2026 05:59:07,System.Runtime,dotnet.jit.compiled_methods ({method} / 1 sec),Rate,0
09/11/2026 05:59:07,System.Runtime,dotnet.monitor.lock_contentions ({contention} / 1 sec),Rate,0
09/11/2026 05:59:07,System.Runtime,dotnet.gc.collections ({collection} / 1 sec)[gc.heap.generation=gen2],Rate,0
09/11/2026 05:59:07,System.Runtime,dotnet.gc.collections ({collection} / 1 sec)[gc.heap.generation=gen0],Rate,0
09/11/2026 05:59:07,System.Runtime,dotnet.gc.collections ({collection} / 1 sec)[gc.heap.generation=gen1],Rate,0
09/11/2026 05:59:07,System.Runtime,dotnet.process.cpu.time (s / 1 sec)[cpu.mode=system],Rate,0.03833899999999968
09/11/2026 05:59:07,System.Runtime,dotnet.process.cpu.time (s / 1 sec)[cpu.mode=user],Rate,0.5815989999999971
09/11/2026 05:59:07,System.Runtime,dotnet.process.cpu.count ({cpu}),Metric,15
09/11/2026 05:59:07,System.Runtime,dotnet.gc.pause.time (s / 1 sec),Rate,0
09/11/2026 05:59:07,System.Runtime,dotnet.thread_pool.queue.length ({work_item} / 1 sec),Rate,0
09/11/2026 05:59:07,System.Runtime,dotnet.gc.last_collection.memory.committed_size (By),Metric,0
09/11/2026 05:59:07,System.Runtime,dotnet.gc.last_collection.heap.fragmentation.size (By)[gc.heap.generation=gen2],Metric,0
09/11/2026 05:59:07,System.Runtime,dotnet.gc.last_collection.heap.fragmentation.size (By)[gc.heap.generation=gen0],Metric,0
09/11/2026 05:59:07,System.Runtime,dotnet.gc.last_collection.heap.fragmentation.size (By)[gc.heap.generation=gen1],Metric,0
09/11/2026 05:59:07,System.Runtime,dotnet.gc.last_collection.heap.fragmentation.size (By)[gc.heap.generation=poh],Metric,0
09/11/2026 05:59:07,System.Runtime,dotnet.gc.last_collection.heap.fragmentation.size (By)[gc.heap.generation=loh],Metric,0
09/11/2026 05:59:07,System.Runtime,dotnet.timer.count ({timer}),Metric,3
09/11/2026 05:59:07,System.Runtime,dotnet.assembly.count ({assembly}),Metric,61
09/11/2026 05:59:07,System.Runtime,dotnet.gc.heap.total_allocated (By / 1 sec),Rate,131192
09/11/2026 05:59:07,System.Runtime,dotnet.gc.last_collection.heap.size (By)[gc.heap.generation=gen2],Metric,0
09/11/2026 05:59:07,System.Runtime,dotnet.gc.last_collection.heap.size (By)[gc.heap.generation=gen0],Metric,0
09/11/2026 05:59:07,System.Runtime,dotnet.gc.last_collection.heap.size (By)[gc.heap.generation=gen1],Metric,0
09/11/2026 05:59:07,System.Runtime,dotnet.gc.last_collection.heap.size (By)[gc.heap.generation=poh],Metric,0
09/11/2026 05:59:07,System.Runtime,dotnet.gc.last_collection.heap.size (By)[gc.heap.generation=loh],Metric,0
09/11/2026 05:59:07,System.Runtime,dotnet.thread_pool.work_item.count ({work_item} / 1 sec),Rate,601
09/11/2026 05:59:07,System.Runtime,dotnet.process.memory.working_set (By),Metric,88293376
09/11/2026 05:59:07,System.Runtime,dotnet.thread_pool.thread.count ({thread} / 1 sec),Rate,0
09/11/2026 05:59:07,System.Runtime,dotnet.jit.compilation.time (s / 1 sec),Rate,0
09/11/2026 05:59:08,System.Runtime,dotnet.jit.compiled_il.size (By / 1 sec),Rate,259
09/11/2026 05:59:08,System.Runtime,dotnet.jit.compiled_methods ({method} / 1 sec),Rate,7
09/11/2026 05:59:08,System.Runtime,dotnet.monitor.lock_contentions ({contention} / 1 sec),Rate,0
09/11/2026 05:59:08,System.Runtime,dotnet.gc.collections ({collection} / 1 sec)[gc.heap.generation=gen2],Rate,0
09/11/2026 05:59:08,System.Runtime,dotnet.gc.collections ({collection} / 1 sec)[gc.heap.generation=gen0],Rate,0
09/11/2026 05:59:08,System.Runtime,dotnet.gc.collections ({collection} / 1 sec)[gc.heap.generation=gen1],Rate,0
09/11/2026 05:59:08,System.Runtime,dotnet.process.cpu.time (s / 1 sec)[cpu.mode=system],Rate,0.037908000000000275
09/11/2026 05:59:08,System.Runtime,dotnet.process.cpu.time (s / 1 sec)[cpu.mode=user],Rate,0.5798270000000016
09/11/2026 05:59:08,System.Runtime,dotnet.process.cpu.count ({cpu}),Metric,15
09/11/2026 05:59:08,System.Runtime,dotnet.gc.pause.time (s / 1 sec),Rate,0
09/11/2026 05:59:08,System.Runtime,dotnet.thread_pool.queue.length ({work_item} / 1 sec),Rate,0
09/11/2026 05:59:08,System.Runtime,dotnet.gc.last_collection.memory.committed_size (By),Metric,0
09/11/2026 05:59:08,System.Runtime,dotnet.gc.last_collection.heap.fragmentation.size (By)[gc.heap.generation=gen2],Metric,0
09/11/2026 05:59:08,System.Runtime,dotnet.gc.last_collection.heap.fragmentation.size (By)[gc.heap.generation=gen0],Metric,0
09/11/2026 05:59:08,System.Runtime,dotnet.gc.last_collection.heap.fragmentation.size (By)[gc.heap.generation=gen1],Metric,0
09/11/2026 05:59:08,System.Runtime,dotnet.gc.last_collection.heap.fragmentation.size (By)[gc.heap.generation=poh],Metric,0
09/11/2026 05:59:08,System.Runtime,dotnet.gc.last_collection.heap.fragmentation.size (By)[gc.heap.generation=loh],Metric,0
09/11/2026 05:59:08,System.Runtime,dotnet.timer.count ({timer}),Metric,2
09/11/2026 05:59:08,System.Runtime,dotnet.assembly.count ({assembly}),Metric,61
09/11/2026 05:59:08,System.Runtime,dotnet.gc.heap.total_allocated (By / 1 sec),Rate,146592
09/11/2026 05:59:08,System.Runtime,dotnet.gc.last_collection.heap.size (By)[gc.heap.generation=gen2],Metric,0
09/11/2026 05:59:08,System.Runtime,dotnet.gc.last_collection.heap.size (By)[gc.heap.generation=gen0],Metric,0
09/11/2026 05:59:08,System.Runtime,dotnet.gc.last_collection.heap.size (By)[gc.heap.generation=gen1],Metric,0
09/11/2026 05:59:08,System.Runtime,dotnet.gc.last_collection.heap.size (By)[gc.heap.generation=poh],Metric,0
09/11/2026 05:59:08,System.Runtime,dotnet.gc.last_collection.heap.size (By)[gc.heap.generation=loh],Metric,0
09/11/2026 05:59:08,System.Runtime,dotnet.thread_pool.work_item.count ({work_item} / 1 sec),Rate,602
09/11/2026 05:59:08,System.Runtime,dotnet.process.memory.working_set (By),Metric,88555520
09/11/2026 05:59:08,System.Runtime,dotnet.thread_pool.thread.count ({thread} / 1 sec),Rate,0
09/11/2026 05:59:08,System.Runtime,dotnet.jit.compilation.time (s / 1 sec),Rate,0.0013423000000000185
09/11/2026 05:59:09,System.Runtime,dotnet.jit.compiled_il.size (By / 1 sec),Rate,0
09/11/2026 05:59:09,System.Runtime,dotnet.jit.compiled_methods ({method} / 1 sec),Rate,0
09/11/2026 05:59:09,System.Runtime,dotnet.monitor.lock_contentions ({contention} / 1 sec),Rate,0
09/11/2026 05:59:09,System.Runtime,dotnet.gc.collections ({collection} / 1 sec)[gc.heap.generation=gen2],Rate,0
09/11/2026 05:59:09,System.Runtime,dotnet.gc.collections ({collection} / 1 sec)[gc.heap.generation=gen0],Rate,0
09/11/2026 05:59:09,System.Runtime,dotnet.gc.collections ({collection} / 1 sec)[gc.heap.generation=gen1],Rate,0
09/11/2026 05:59:09,System.Runtime,dotnet.process.cpu.time (s / 1 sec)[cpu.mode=system],Rate,0.03784399999999977
09/11/2026 05:59:09,System.Runtime,dotnet.process.cpu.time (s / 1 sec)[cpu.mode=user],Rate,0.5796660000000031
09/11/2026 05:59:09,System.Runtime,dotnet.process.cpu.count ({cpu}),Metric,15
09/11/2026 05:59:09,System.Runtime,dotnet.gc.pause.time (s / 1 sec),Rate,0
09/11/2026 05:59:09,System.Runtime,dotnet.thread_pool.queue.length ({work_item} / 1 sec),Rate,0
09/11/2026 05:59:09,System.Runtime,dotnet.gc.last_collection.memory.committed_size (By),Metric,0
09/11/2026 05:59:09,System.Runtime,dotnet.gc.last_collection.heap.fragmentation.size (By)[gc.heap.generation=gen2],Metric,0
09/11/2026 05:59:09,System.Runtime,dotnet.gc.last_collection.heap.fragmentation.size (By)[gc.heap.generation=gen0],Metric,0
09/11/2026 05:59:09,System.Runtime,dotnet.gc.last_collection.heap.fragmentation.size (By)[gc.heap.generation=gen1],Metric,0
09/11/2026 05:59:09,System.Runtime,dotnet.gc.last_collection.heap.fragmentation.size (By)[gc.heap.generation=poh],Metric,0
09/11/2026 05:59:09,System.Runtime,dotnet.gc.last_collection.heap.fragmentation.size (By)[gc.heap.generation=loh],Metric,0
09/11/2026 05:59:09,System.Runtime,dotnet.timer.count ({timer}),Metric,2
09/11/2026 05:59:09,System.Runtime,dotnet.assembly.count ({assembly}),Metric,61
09/11/2026 05:59:09,System.Runtime,dotnet.gc.heap.total_allocated (By / 1 sec),Rate,131200
09/11/2026 05:59:09,System.Runtime,dotnet.gc.last_collection.heap.size (By)[gc.heap.generation=gen2],Metric,0
09/11/2026 05:59:09,System.Runtime,dotnet.gc.last_collection.heap.size (By)[gc.heap.generation=gen0],Metric,0
09/11/2026 05:59:09,System.Runtime,dotnet.gc.last_collection.heap.size (By)[gc.heap.generation=gen1],Metric,0
09/11/2026 05:59:09,System.Runtime,dotnet.gc.last_collection.heap.size (By)[gc.heap.generation=poh],Metric,0
09/11/2026 05:59:09,System.Runtime,dotnet.gc.last_collection.heap.size (By)[gc.heap.generation=loh],Metric,0
09/11/2026 05:59:09,System.Runtime,dotnet.thread_pool.work_item.count ({work_item} / 1 sec),Rate,601
09/11/2026 05:59:09,System.Runtime,dotnet.process.memory.working_set (By),Metric,88702976
09/11/2026 05:59:09,System.Runtime,dotnet.thread_pool.thread.count ({thread} / 1 sec),Rate,0
09/11/2026 05:59:09,System.Runtime,dotnet.jit.compilation.time (s / 1 sec),Rate,0
09/11/2026 05:59:10,System.Runtime,dotnet.jit.compiled_il.size (By / 1 sec),Rate,0
09/11/2026 05:59:10,System.Runtime,dotnet.jit.compiled_methods ({method} / 1 sec),Rate,0
09/11/2026 05:59:10,System.Runtime,dotnet.monitor.lock_contentions ({contention} / 1 sec),Rate,0
09/11/2026 05:59:10,System.Runtime,dotnet.gc.collections ({collection} / 1 sec)[gc.heap.generation=gen2],Rate,0
09/11/2026 05:59:10,System.Runtime,dotnet.gc.collections ({collection} / 1 sec)[gc.heap.generation=gen0],Rate,0
09/11/2026 05:59:10,System.Runtime,dotnet.gc.collections ({collection} / 1 sec)[gc.heap.generation=gen1],Rate,0
09/11/2026 05:59:10,System.Runtime,dotnet.process.cpu.time (s / 1 sec)[cpu.mode=system],Rate,0.03801600000000027
09/11/2026 05:59:10,System.Runtime,dotnet.process.cpu.time (s / 1 sec)[cpu.mode=user],Rate,0.5830339999999978
09/11/2026 05:59:10,System.Runtime,dotnet.process.cpu.count ({cpu}),Metric,15
09/11/2026 05:59:10,System.Runtime,dotnet.gc.pause.time (s / 1 sec),Rate,0
09/11/2026 05:59:10,System.Runtime,dotnet.thread_pool.queue.length ({work_item} / 1 sec),Rate,0
09/11/2026 05:59:10,System.Runtime,dotnet.gc.last_collection.memory.committed_size (By),Metric,0
09/11/2026 05:59:10,System.Runtime,dotnet.gc.last_collection.heap.fragmentation.size (By)[gc.heap.generation=gen2],Metric,0
09/11/2026 05:59:10,System.Runtime,dotnet.gc.last_collection.heap.fragmentation.size (By)[gc.heap.generation=gen0],Metric,0
09/11/2026 05:59:10,System.Runtime,dotnet.gc.last_collection.heap.fragmentation.size (By)[gc.heap.generation=gen1],Metric,0
09/11/2026 05:59:10,System.Runtime,dotnet.gc.last_collection.heap.fragmentation.size (By)[gc.heap.generation=poh],Metric,0
09/11/2026 05:59:10,System.Runtime,dotnet.gc.last_collection.heap.fragmentation.size (By)[gc.heap.generation=loh],Metric,0
09/11/2026 05:59:10,System.Runtime,dotnet.timer.count ({timer}),Metric,2
09/11/2026 05:59:10,System.Runtime,dotnet.assembly.count ({assembly}),Metric,61
09/11/2026 05:59:10,System.Runtime,dotnet.gc.heap.total_allocated (By / 1 sec),Rate,147472
09/11/2026 05:59:10,System.Runtime,dotnet.gc.last_collection.heap.size (By)[gc.heap.generation=gen2],Metric,0
09/11/2026 05:59:10,System.Runtime,dotnet.gc.last_collection.heap.size (By)[gc.heap.generation=gen0],Metric,0
09/11/2026 05:59:10,System.Runtime,dotnet.gc.last_collection.heap.size (By)[gc.heap.generation=gen1],Metric,0
09/11/2026 05:59:10,System.Runtime,dotnet.gc.last_collection.heap.size (By)[gc.heap.generation=poh],Metric,0
09/11/2026 05:59:10,System.Runtime,dotnet.gc.last_collection.heap.size (By)[gc.heap.generation=loh],Metric,0
09/11/2026 05:59:10,System.Runtime,dotnet.thread_pool.work_item.count ({work_item} / 1 sec),Rate,601
09/11/2026 05:59:10,System.Runtime,dotnet.process.memory.working_set (By),Metric,88866816
09/11/2026 05:59:10,System.Runtime,dotnet.thread_pool.thread.count ({thread} / 1 sec),Rate,0
09/11/2026 05:59:10,System.Runtime,dotnet.jit.compilation.time (s / 1 sec),Rate,0
09/11/2026 05:59:11,System.Runtime,dotnet.jit.compiled_il.size (By / 1 sec),Rate,0
09/11/2026 05:59:11,System.Runtime,dotnet.jit.compiled_methods ({method} / 1 sec),Rate,0
09/11/2026 05:59:11,System.Runtime,dotnet.monitor.lock_contentions ({contention} / 1 sec),Rate,0
09/11/2026 05:59:11,System.Runtime,dotnet.gc.collections ({collection} / 1 sec)[gc.heap.generation=gen2],Rate,0
09/11/2026 05:59:11,System.Runtime,dotnet.gc.collections ({collection} / 1 sec)[gc.heap.generation=gen0],Rate,0
09/11/2026 05:59:11,System.Runtime,dotnet.gc.collections ({collection} / 1 sec)[gc.heap.generation=gen1],Rate,0
09/11/2026 05:59:11,System.Runtime,dotnet.process.cpu.time (s / 1 sec)[cpu.mode=system],Rate,0.03700499999999973
09/11/2026 05:59:11,System.Runtime,dotnet.process.cpu.time (s / 1 sec)[cpu.mode=user],Rate,0.5839890000000025
09/11/2026 05:59:11,System.Runtime,dotnet.process.cpu.count ({cpu}),Metric,15
09/11/2026 05:59:11,System.Runtime,dotnet.gc.pause.time (s / 1 sec),Rate,0
09/11/2026 05:59:11,System.Runtime,dotnet.thread_pool.queue.length ({work_item} / 1 sec),Rate,0
09/11/2026 05:59:11,System.Runtime,dotnet.gc.last_collection.memory.committed_size (By),Metric,0
09/11/2026 05:59:11,System.Runtime,dotnet.gc.last_collection.heap.fragmentation.size (By)[gc.heap.generation=gen2],Metric,0
09/11/2026 05:59:11,System.Runtime,dotnet.gc.last_collection.heap.fragmentation.size (By)[gc.heap.generation=gen0],Metric,0
09/11/2026 05:59:11,System.Runtime,dotnet.gc.last_collection.heap.fragmentation.size (By)[gc.heap.generation=gen1],Metric,0
09/11/2026 05:59:11,System.Runtime,dotnet.gc.last_collection.heap.fragmentation.size (By)[gc.heap.generation=poh],Metric,0
09/11/2026 05:59:11,System.Runtime,dotnet.gc.last_collection.heap.fragmentation.size (By)[gc.heap.generation=loh],Metric,0
09/11/2026 05:59:11,System.Runtime,dotnet.timer.count ({timer}),Metric,2
09/11/2026 05:59:11,System.Runtime,dotnet.assembly.count ({assembly}),Metric,61
09/11/2026 05:59:11,System.Runtime,dotnet.gc.heap.total_allocated (By / 1 sec),Rate,123000
09/11/2026 05:59:11,System.Runtime,dotnet.gc.last_collection.heap.size (By)[gc.heap.generation=gen2],Metric,0
09/11/2026 05:59:11,System.Runtime,dotnet.gc.last_collection.heap.size (By)[gc.heap.generation=gen0],Metric,0
09/11/2026 05:59:11,System.Runtime,dotnet.gc.last_collection.heap.size (By)[gc.heap.generation=gen1],Metric,0
09/11/2026 05:59:11,System.Runtime,dotnet.gc.last_collection.heap.size (By)[gc.heap.generation=poh],Metric,0
09/11/2026 05:59:11,System.Runtime,dotnet.gc.last_collection.heap.size (By)[gc.heap.generation=loh],Metric,0
09/11/2026 05:59:11,System.Runtime,dotnet.thread_pool.work_item.count ({work_item} / 1 sec),Rate,601
09/11/2026 05:59:11,System.Runtime,dotnet.process.memory.working_set (By),Metric,89014272
09/11/2026 05:59:11,System.Runtime,dotnet.thread_pool.thread.count ({thread} / 1 sec),Rate,0
09/11/2026 05:59:11,System.Runtime,dotnet.jit.compilation.time (s / 1 sec),Rate,0
09/11/2026 05:59:12,System.Runtime,dotnet.jit.compiled_il.size (By / 1 sec),Rate,0
09/11/2026 05:59:12,System.Runtime,dotnet.jit.compiled_methods ({method} / 1 sec),Rate,0
09/11/2026 05:59:12,System.Runtime,dotnet.monitor.lock_contentions ({contention} / 1 sec),Rate,0
09/11/2026 05:59:12,System.Runtime,dotnet.gc.collections ({collection} / 1 sec)[gc.heap.generation=gen2],Rate,0
09/11/2026 05:59:12,System.Runtime,dotnet.gc.collections ({collection} / 1 sec)[gc.heap.generation=gen0],Rate,0
09/11/2026 05:59:12,System.Runtime,dotnet.gc.collections ({collection} / 1 sec)[gc.heap.generation=gen1],Rate,0
09/11/2026 05:59:12,System.Runtime,dotnet.process.cpu.time (s / 1 sec)[cpu.mode=system],Rate,0.037676000000000265
09/11/2026 05:59:12,System.Runtime,dotnet.process.cpu.time (s / 1 sec)[cpu.mode=user],Rate,0.5831510000000009
09/11/2026 05:59:12,System.Runtime,dotnet.process.cpu.count ({cpu}),Metric,15
09/11/2026 05:59:12,System.Runtime,dotnet.gc.pause.time (s / 1 sec),Rate,0
09/11/2026 05:59:12,System.Runtime,dotnet.thread_pool.queue.length ({work_item} / 1 sec),Rate,0
09/11/2026 05:59:12,System.Runtime,dotnet.gc.last_collection.memory.committed_size (By),Metric,0
09/11/2026 05:59:12,System.Runtime,dotnet.gc.last_collection.heap.fragmentation.size (By)[gc.heap.generation=gen2],Metric,0
09/11/2026 05:59:12,System.Runtime,dotnet.gc.last_collection.heap.fragmentation.size (By)[gc.heap.generation=gen0],Metric,0
09/11/2026 05:59:12,System.Runtime,dotnet.gc.last_collection.heap.fragmentation.size (By)[gc.heap.generation=gen1],Metric,0
09/11/2026 05:59:12,System.Runtime,dotnet.gc.last_collection.heap.fragmentation.size (By)[gc.heap.generation=poh],Metric,0
09/11/2026 05:59:12,System.Runtime,dotnet.gc.last_collection.heap.fragmentation.size (By)[gc.heap.generation=loh],Metric,0
09/11/2026 05:59:12,System.Runtime,dotnet.timer.count ({timer}),Metric,2
09/11/2026 05:59:12,System.Runtime,dotnet.assembly.count ({assembly}),Metric,61
09/11/2026 05:59:12,System.Runtime,dotnet.gc.heap.total_allocated (By / 1 sec),Rate,139376
09/11/2026 05:59:12,System.Runtime,dotnet.gc.last_collection.heap.size (By)[gc.heap.generation=gen2],Metric,0
09/11/2026 05:59:12,System.Runtime,dotnet.gc.last_collection.heap.size (By)[gc.heap.generation=gen0],Metric,0
09/11/2026 05:59:12,System.Runtime,dotnet.gc.last_collection.heap.size (By)[gc.heap.generation=gen1],Metric,0
09/11/2026 05:59:12,System.Runtime,dotnet.gc.last_collection.heap.size (By)[gc.heap.generation=poh],Metric,0
09/11/2026 05:59:12,System.Runtime,dotnet.gc.last_collection.heap.size (By)[gc.heap.generation=loh],Metric,0
09/11/2026 05:59:12,System.Runtime,dotnet.thread_pool.work_item.count ({work_item} / 1 sec),Rate,601
09/11/2026 05:59:12,System.Runtime,dotnet.process.memory.working_set (By),Metric,89128960
09/11/2026 05:59:12,System.Runtime,dotnet.thread_pool.thread.count ({thread} / 1 sec),Rate,0
09/11/2026 05:59:12,System.Runtime,dotnet.jit.compilation.time (s / 1 sec),Rate,0
09/11/2026 05:59:13,System.Runtime,dotnet.jit.compiled_il.size (By / 1 sec),Rate,0
09/11/2026 05:59:13,System.Runtime,dotnet.jit.compiled_methods ({method} / 1 sec),Rate,0
09/11/2026 05:59:13,System.Runtime,dotnet.monitor.lock_contentions ({contention} / 1 sec),Rate,0
09/11/2026 05:59:13,System.Runtime,dotnet.gc.collections ({collection} / 1 sec)[gc.heap.generation=gen2],Rate,0
09/11/2026 05:59:13,System.Runtime,dotnet.gc.collections ({collection} / 1 sec)[gc.heap.generation=gen0],Rate,0
09/11/2026 05:59:13,System.Runtime,dotnet.gc.collections ({collection} / 1 sec)[gc.heap.generation=gen1],Rate,0
09/11/2026 05:59:13,System.Runtime,dotnet.process.cpu.time (s / 1 sec)[cpu.mode=system],Rate,0.03554599999999963
09/11/2026 05:59:13,System.Runtime,dotnet.process.cpu.time (s / 1 sec)[cpu.mode=user],Rate,0.5829059999999942
09/11/2026 05:59:13,System.Runtime,dotnet.process.cpu.count ({cpu}),Metric,15
09/11/2026 05:59:13,System.Runtime,dotnet.gc.pause.time (s / 1 sec),Rate,0
09/11/2026 05:59:13,System.Runtime,dotnet.thread_pool.queue.length ({work_item} / 1 sec),Rate,0
09/11/2026 05:59:13,System.Runtime,dotnet.gc.last_collection.memory.committed_size (By),Metric,0
09/11/2026 05:59:13,System.Runtime,dotnet.gc.last_collection.heap.fragmentation.size (By)[gc.heap.generation=gen2],Metric,0
09/11/2026 05:59:13,System.Runtime,dotnet.gc.last_collection.heap.fragmentation.size (By)[gc.heap.generation=gen0],Metric,0
09/11/2026 05:59:13,System.Runtime,dotnet.gc.last_collection.heap.fragmentation.size (By)[gc.heap.generation=gen1],Metric,0
09/11/2026 05:59:13,System.Runtime,dotnet.gc.last_collection.heap.fragmentation.size (By)[gc.heap.generation=poh],Metric,0
09/11/2026 05:59:13,System.Runtime,dotnet.gc.last_collection.heap.fragmentation.size (By)[gc.heap.generation=loh],Metric,0
09/11/2026 05:59:13,System.Runtime,dotnet.timer.count ({timer}),Metric,2
09/11/2026 05:59:13,System.Runtime,dotnet.assembly.count ({assembly}),Metric,61
09/11/2026 05:59:13,System.Runtime,dotnet.gc.heap.total_allocated (By / 1 sec),Rate,138392
09/11/2026 05:59:13,System.Runtime,dotnet.gc.last_collection.heap.size (By)[gc.heap.generation=gen2],Metric,0
09/11/2026 05:59:13,System.Runtime,dotnet.gc.last_collection.heap.size (By)[gc.heap.generation=gen0],Metric,0
09/11/2026 05:59:13,System.Runtime,dotnet.gc.last_collection.heap.size (By)[gc.heap.generation=gen1],Metric,0
09/11/2026 05:59:13,System.Runtime,dotnet.gc.last_collection.heap.size (By)[gc.heap.generation=poh],Metric,0
09/11/2026 05:59:13,System.Runtime,dotnet.gc.last_collection.heap.size (By)[gc.heap.generation=loh],Metric,0
09/11/2026 05:59:13,System.Runtime,dotnet.thread_pool.work_item.count ({work_item} / 1 sec),Rate,602
09/11/2026 05:59:13,System.Runtime,dotnet.process.memory.working_set (By),Metric,89292800
09/11/2026 05:59:13,System.Runtime,dotnet.thread_pool.thread.count ({thread} / 1 sec),Rate,0
09/11/2026 05:59:13,System.Runtime,dotnet.jit.compilation.time (s / 1 sec),Rate,0
09/11/2026 05:59:14,System.Runtime,dotnet.jit.compiled_il.size (By / 1 sec),Rate,0
09/11/2026 05:59:14,System.Runtime,dotnet.jit.compiled_methods ({method} / 1 sec),Rate,0
09/11/2026 05:59:14,System.Runtime,dotnet.monitor.lock_contentions ({contention} / 1 sec),Rate,0
09/11/2026 05:59:14,System.Runtime,dotnet.gc.collections ({collection} / 1 sec)[gc.heap.generation=gen2],Rate,0
09/11/2026 05:59:14,System.Runtime,dotnet.gc.collections ({collection} / 1 sec)[gc.heap.generation=gen0],Rate,0
09/11/2026 05:59:14,System.Runtime,dotnet.gc.collections ({collection} / 1 sec)[gc.heap.generation=gen1],Rate,0
09/11/2026 05:59:14,System.Runtime,dotnet.process.cpu.time (s / 1 sec)[cpu.mode=system],Rate,0.03740999999999994
09/11/2026 05:59:14,System.Runtime,dotnet.process.cpu.time (s / 1 sec)[cpu.mode=user],Rate,0.583510000000004
09/11/2026 05:59:14,System.Runtime,dotnet.process.cpu.count ({cpu}),Metric,15
09/11/2026 05:59:14,System.Runtime,dotnet.gc.pause.time (s / 1 sec),Rate,0
09/11/2026 05:59:14,System.Runtime,dotnet.thread_pool.queue.length ({work_item} / 1 sec),Rate,0
09/11/2026 05:59:14,System.Runtime,dotnet.gc.last_collection.memory.committed_size (By),Metric,0
09/11/2026 05:59:14,System.Runtime,dotnet.gc.last_collection.heap.fragmentation.size (By)[gc.heap.generation=gen2],Metric,0
09/11/2026 05:59:14,System.Runtime,dotnet.gc.last_collection.heap.fragmentation.size (By)[gc.heap.generation=gen0],Metric,0
09/11/2026 05:59:14,System.Runtime,dotnet.gc.last_collection.heap.fragmentation.size (By)[gc.heap.generation=gen1],Metric,0
09/11/2026 05:59:14,System.Runtime,dotnet.gc.last_collection.heap.fragmentation.size (By)[gc.heap.generation=poh],Metric,0
09/11/2026 05:59:14,System.Runtime,dotnet.gc.last_collection.heap.fragmentation.size (By)[gc.heap.generation=loh],Metric,0
09/11/2026 05:59:14,System.Runtime,dotnet.timer.count ({timer}),Metric,2
09/11/2026 05:59:14,System.Runtime,dotnet.assembly.count ({assembly}),Metric,61
09/11/2026 05:59:14,System.Runtime,dotnet.gc.heap.total_allocated (By / 1 sec),Rate,146576
09/11/2026 05:59:14,System.Runtime,dotnet.gc.last_collection.heap.size (By)[gc.heap.generation=gen2],Metric,0
09/11/2026 05:59:14,System.Runtime,dotnet.gc.last_collection.heap.size (By)[gc.heap.generation=gen0],Metric,0
09/11/2026 05:59:14,System.Runtime,dotnet.gc.last_collection.heap.size (By)[gc.heap.generation=gen1],Metric,0
09/11/2026 05:59:14,System.Runtime,dotnet.gc.last_collection.heap.size (By)[gc.heap.generation=poh],Metric,0
09/11/2026 05:59:14,System.Runtime,dotnet.gc.last_collection.heap.size (By)[gc.heap.generation=loh],Metric,0
09/11/2026 05:59:14,System.Runtime,dotnet.thread_pool.work_item.count ({work_item} / 1 sec),Rate,601
09/11/2026 05:59:14,System.Runtime,dotnet.process.memory.working_set (By),Metric,89456640
09/11/2026 05:59:14,System.Runtime,dotnet.thread_pool.thread.count ({thread} / 1 sec),Rate,0
09/11/2026 05:59:14,System.Runtime,dotnet.jit.compilation.time (s / 1 sec),Rate,0
09/11/2026 05:59:15,System.Runtime,dotnet.jit.compiled_il.size (By / 1 sec),Rate,0
09/11/2026 05:59:15,System.Runtime,dotnet.jit.compiled_methods ({method} / 1 sec),Rate,0
09/11/2026 05:59:15,System.Runtime,dotnet.monitor.lock_contentions ({contention} / 1 sec),Rate,0
09/11/2026 05:59:15,System.Runtime,dotnet.gc.collections ({collection} / 1 sec)[gc.heap.generation=gen2],Rate,0
09/11/2026 05:59:15,System.Runtime,dotnet.gc.collections ({collection} / 1 sec)[gc.heap.generation=gen0],Rate,0
09/11/2026 05:59:15,System.Runtime,dotnet.gc.collections ({collection} / 1 sec)[gc.heap.generation=gen1],Rate,0
09/11/2026 05:59:15,System.Runtime,dotnet.process.cpu.time (s / 1 sec)[cpu.mode=system],Rate,0.03632200000000019
09/11/2026 05:59:15,System.Runtime,dotnet.process.cpu.time (s / 1 sec)[cpu.mode=user],Rate,0.5854689999999962
09/11/2026 05:59:15,System.Runtime,dotnet.process.cpu.count ({cpu}),Metric,15
09/11/2026 05:59:15,System.Runtime,dotnet.gc.pause.time (s / 1 sec),Rate,0
09/11/2026 05:59:15,System.Runtime,dotnet.thread_pool.queue.length ({work_item} / 1 sec),Rate,0
09/11/2026 05:59:15,System.Runtime,dotnet.gc.last_collection.memory.committed_size (By),Metric,0
09/11/2026 05:59:15,System.Runtime,dotnet.gc.last_collection.heap.fragmentation.size (By)[gc.heap.generation=gen2],Metric,0
09/11/2026 05:59:15,System.Runtime,dotnet.gc.last_collection.heap.fragmentation.size (By)[gc.heap.generation=gen0],Metric,0
09/11/2026 05:59:15,System.Runtime,dotnet.gc.last_collection.heap.fragmentation.size (By)[gc.heap.generation=gen1],Metric,0
09/11/2026 05:59:15,System.Runtime,dotnet.gc.last_collection.heap.fragmentation.size (By)[gc.heap.generation=poh],Metric,0
09/11/2026 05:59:15,System.Runtime,dotnet.gc.last_collection.heap.fragmentation.size (By)[gc.heap.generation=loh],Metric,0
09/11/2026 05:59:15,System.Runtime,dotnet.timer.count ({timer}),Metric,2
09/11/2026 05:59:15,System.Runtime,dotnet.assembly.count ({assembly}),Metric,61
09/11/2026 05:59:15,System.Runtime,dotnet.gc.heap.total_allocated (By / 1 sec),Rate,130072
09/11/2026 05:59:15,System.Runtime,dotnet.gc.last_collection.heap.size (By)[gc.heap.generation=gen2],Metric,0
09/11/2026 05:59:15,System.Runtime,dotnet.gc.last_collection.heap.size (By)[gc.heap.generation=gen0],Metric,0
09/11/2026 05:59:15,System.Runtime,dotnet.gc.last_collection.heap.size (By)[gc.heap.generation=gen1],Metric,0
09/11/2026 05:59:15,System.Runtime,dotnet.gc.last_collection.heap.size (By)[gc.heap.generation=poh],Metric,0
09/11/2026 05:59:15,System.Runtime,dotnet.gc.last_collection.heap.size (By)[gc.heap.generation=loh],Metric,0
09/11/2026 05:59:15,System.Runtime,dotnet.thread_pool.work_item.count ({work_item} / 1 sec),Rate,601
09/11/2026 05:59:15,System.Runtime,dotnet.process.memory.working_set (By),Metric,89571328
09/11/2026 05:59:15,System.Runtime,dotnet.thread_pool.thread.count ({thread} / 1 sec),Rate,0
09/11/2026 05:59:15,System.Runtime,dotnet.jit.compilation.time (s / 1 sec),Rate,0
09/11/2026 05:59:16,System.Runtime,dotnet.jit.compiled_il.size (By / 1 sec),Rate,0
09/11/2026 05:59:16,System.Runtime,dotnet.jit.compiled_methods ({method} / 1 sec),Rate,0
09/11/2026 05:59:16,System.Runtime,dotnet.monitor.lock_contentions ({contention} / 1 sec),Rate,0
09/11/2026 05:59:16,System.Runtime,dotnet.gc.collections ({collection} / 1 sec)[gc.heap.generation=gen2],Rate,0
09/11/2026 05:59:16,System.Runtime,dotnet.gc.collections ({collection} / 1 sec)[gc.heap.generation=gen0],Rate,0
09/11/2026 05:59:16,System.Runtime,dotnet.gc.collections ({collection} / 1 sec)[gc.heap.generation=gen1],Rate,0
09/11/2026 05:59:16,System.Runtime,dotnet.process.cpu.time (s / 1 sec)[cpu.mode=system],Rate,0.03460699999999983
09/11/2026 05:59:16,System.Runtime,dotnet.process.cpu.time (s / 1 sec)[cpu.mode=user],Rate,0.5819260000000028
09/11/2026 05:59:16,System.Runtime,dotnet.process.cpu.count ({cpu}),Metric,15
09/11/2026 05:59:16,System.Runtime,dotnet.gc.pause.time (s / 1 sec),Rate,0
09/11/2026 05:59:16,System.Runtime,dotnet.thread_pool.queue.length ({work_item} / 1 sec),Rate,0
09/11/2026 05:59:16,System.Runtime,dotnet.gc.last_collection.memory.committed_size (By),Metric,0
09/11/2026 05:59:16,System.Runtime,dotnet.gc.last_collection.heap.fragmentation.size (By)[gc.heap.generation=gen2],Metric,0
09/11/2026 05:59:16,System.Runtime,dotnet.gc.last_collection.heap.fragmentation.size (By)[gc.heap.generation=gen0],Metric,0
09/11/2026 05:59:16,System.Runtime,dotnet.gc.last_collection.heap.fragmentation.size (By)[gc.heap.generation=gen1],Metric,0
09/11/2026 05:59:16,System.Runtime,dotnet.gc.last_collection.heap.fragmentation.size (By)[gc.heap.generation=poh],Metric,0
09/11/2026 05:59:16,System.Runtime,dotnet.gc.last_collection.heap.fragmentation.size (By)[gc.heap.generation=loh],Metric,0
09/11/2026 05:59:16,System.Runtime,dotnet.timer.count ({timer}),Metric,2
09/11/2026 05:59:16,System.Runtime,dotnet.assembly.count ({assembly}),Metric,61
09/11/2026 05:59:16,System.Runtime,dotnet.gc.heap.total_allocated (By / 1 sec),Rate,139400
09/11/2026 05:59:16,System.Runtime,dotnet.gc.last_collection.heap.size (By)[gc.heap.generation=gen2],Metric,0
09/11/2026 05:59:16,System.Runtime,dotnet.gc.last_collection.heap.size (By)[gc.heap.generation=gen0],Metric,0
09/11/2026 05:59:16,System.Runtime,dotnet.gc.last_collection.heap.size (By)[gc.heap.generation=gen1],Metric,0
09/11/2026 05:59:16,System.Runtime,dotnet.gc.last_collection.heap.size (By)[gc.heap.generation=poh],Metric,0
09/11/2026 05:59:16,System.Runtime,dotnet.gc.last_collection.heap.size (By)[gc.heap.generation=loh],Metric,0
09/11/2026 05:59:16,System.Runtime,dotnet.thread_pool.work_item.count ({work_item} / 1 sec),Rate,601
09/11/2026 05:59:16,System.Runtime,dotnet.process.memory.working_set (By),Metric,89751552
09/11/2026 05:59:16,System.Runtime,dotnet.thread_pool.thread.count ({thread} / 1 sec),Rate,0
09/11/2026 05:59:16,System.Runtime,dotnet.jit.compilation.time (s / 1 sec),Rate,0
09/11/2026 05:59:17,System.Runtime,dotnet.jit.compiled_il.size (By / 1 sec),Rate,0
09/11/2026 05:59:17,System.Runtime,dotnet.jit.compiled_methods ({method} / 1 sec),Rate,0
09/11/2026 05:59:17,System.Runtime,dotnet.monitor.lock_contentions ({contention} / 1 sec),Rate,0
09/11/2026 05:59:17,System.Runtime,dotnet.gc.collections ({collection} / 1 sec)[gc.heap.generation=gen2],Rate,0
09/11/2026 05:59:17,System.Runtime,dotnet.gc.collections ({collection} / 1 sec)[gc.heap.generation=gen0],Rate,0
09/11/2026 05:59:17,System.Runtime,dotnet.gc.collections ({collection} / 1 sec)[gc.heap.generation=gen1],Rate,0
09/11/2026 05:59:17,System.Runtime,dotnet.process.cpu.time (s / 1 sec)[cpu.mode=system],Rate,0.03686400000000001
09/11/2026 05:59:17,System.Runtime,dotnet.process.cpu.time (s / 1 sec)[cpu.mode=user],Rate,0.5921820000000011
09/11/2026 05:59:17,System.Runtime,dotnet.process.cpu.count ({cpu}),Metric,15
09/11/2026 05:59:17,System.Runtime,dotnet.gc.pause.time (s / 1 sec),Rate,0
09/11/2026 05:59:17,System.Runtime,dotnet.thread_pool.queue.length ({work_item} / 1 sec),Rate,0
09/11/2026 05:59:17,System.Runtime,dotnet.gc.last_collection.memory.committed_size (By),Metric,0
09/11/2026 05:59:17,System.Runtime,dotnet.gc.last_collection.heap.fragmentation.size (By)[gc.heap.generation=gen2],Metric,0
09/11/2026 05:59:17,System.Runtime,dotnet.gc.last_collection.heap.fragmentation.size (By)[gc.heap.generation=gen0],Metric,0
09/11/2026 05:59:17,System.Runtime,dotnet.gc.last_collection.heap.fragmentation.size (By)[gc.heap.generation=gen1],Metric,0
09/11/2026 05:59:17,System.Runtime,dotnet.gc.last_collection.heap.fragmentation.size (By)[gc.heap.generation=poh],Metric,0
09/11/2026 05:59:17,System.Runtime,dotnet.gc.last_collection.heap.fragmentation.size (By)[gc.heap.generation=loh],Metric,0
09/11/2026 05:59:17,System.Runtime,dotnet.timer.count ({timer}),Metric,2
09/11/2026 05:59:17,System.Runtime,dotnet.assembly.count ({assembly}),Metric,61
09/11/2026 05:59:17,System.Runtime,dotnet.gc.heap.total_allocated (By / 1 sec),Rate,125120
09/11/2026 05:59:17,System.Runtime,dotnet.gc.last_collection.heap.size (By)[gc.heap.generation=gen2],Metric,0
09/11/2026 05:59:17,System.Runtime,dotnet.gc.last_collection.heap.size (By)[gc.heap.generation=gen0],Metric,0
09/11/2026 05:59:17,System.Runtime,dotnet.gc.last_collection.heap.size (By)[gc.heap.generation=gen1],Metric,0
09/11/2026 05:59:17,System.Runtime,dotnet.gc.last_collection.heap.size (By)[gc.heap.generation=poh],Metric,0
09/11/2026 05:59:17,System.Runtime,dotnet.gc.last_collection.heap.size (By)[gc.heap.generation=loh],Metric,0
09/11/2026 05:59:17,System.Runtime,dotnet.thread_pool.work_item.count ({work_item} / 1 sec),Rate,601
09/11/2026 05:59:17,System.Runtime,dotnet.process.memory.working_set (By),Metric,89882624
09/11/2026 05:59:17,System.Runtime,dotnet.thread_pool.thread.count ({thread} / 1 sec),Rate,0
09/11/2026 05:59:17,System.Runtime,dotnet.jit.compilation.time (s / 1 sec),Rate,0
09/11/2026 05:59:18,System.Runtime,dotnet.jit.compiled_il.size (By / 1 sec),Rate,1199
09/11/2026 05:59:18,System.Runtime,dotnet.jit.compiled_methods ({method} / 1 sec),Rate,3
09/11/2026 05:59:18,System.Runtime,dotnet.monitor.lock_contentions ({contention} / 1 sec),Rate,0
09/11/2026 05:59:18,System.Runtime,dotnet.gc.collections ({collection} / 1 sec)[gc.heap.generation=gen2],Rate,0
09/11/2026 05:59:18,System.Runtime,dotnet.gc.collections ({collection} / 1 sec)[gc.heap.generation=gen0],Rate,0
09/11/2026 05:59:18,System.Runtime,dotnet.gc.collections ({collection} / 1 sec)[gc.heap.generation=gen1],Rate,0
09/11/2026 05:59:18,System.Runtime,dotnet.process.cpu.time (s / 1 sec)[cpu.mode=system],Rate,0.036687000000000136
09/11/2026 05:59:18,System.Runtime,dotnet.process.cpu.time (s / 1 sec)[cpu.mode=user],Rate,0.6041579999999982
09/11/2026 05:59:18,System.Runtime,dotnet.process.cpu.count ({cpu}),Metric,15
09/11/2026 05:59:18,System.Runtime,dotnet.gc.pause.time (s / 1 sec),Rate,0
09/11/2026 05:59:18,System.Runtime,dotnet.thread_pool.queue.length ({work_item} / 1 sec),Rate,0
09/11/2026 05:59:18,System.Runtime,dotnet.gc.last_collection.memory.committed_size (By),Metric,0
09/11/2026 05:59:18,System.Runtime,dotnet.gc.last_collection.heap.fragmentation.size (By)[gc.heap.generation=gen2],Metric,0
09/11/2026 05:59:18,System.Runtime,dotnet.gc.last_collection.heap.fragmentation.size (By)[gc.heap.generation=gen0],Metric,0
09/11/2026 05:59:18,System.Runtime,dotnet.gc.last_collection.heap.fragmentation.size (By)[gc.heap.generation=gen1],Metric,0
09/11/2026 05:59:18,System.Runtime,dotnet.gc.last_collection.heap.fragmentation.size (By)[gc.heap.generation=poh],Metric,0
09/11/2026 05:59:18,System.Runtime,dotnet.gc.last_collection.heap.fragmentation.size (By)[gc.heap.generation=loh],Metric,0
09/11/2026 05:59:18,System.Runtime,dotnet.timer.count ({timer}),Metric,2
09/11/2026 05:59:18,System.Runtime,dotnet.assembly.count ({assembly}),Metric,61
09/11/2026 05:59:18,System.Runtime,dotnet.gc.heap.total_allocated (By / 1 sec),Rate,155816
09/11/2026 05:59:18,System.Runtime,dotnet.gc.last_collection.heap.size (By)[gc.heap.generation=gen2],Metric,0
09/11/2026 05:59:18,System.Runtime,dotnet.gc.last_collection.heap.size (By)[gc.heap.generation=gen0],Metric,0
09/11/2026 05:59:18,System.Runtime,dotnet.gc.last_collection.heap.size (By)[gc.heap.generation=gen1],Metric,0
09/11/2026 05:59:18,System.Runtime,dotnet.gc.last_collection.heap.size (By)[gc.heap.generation=poh],Metric,0
09/11/2026 05:59:18,System.Runtime,dotnet.gc.last_collection.heap.size (By)[gc.heap.generation=loh],Metric,0
09/11/2026 05:59:18,System.Runtime,dotnet.thread_pool.work_item.count ({work_item} / 1 sec),Rate,602
09/11/2026 05:59:18,System.Runtime,dotnet.process.memory.working_set (By),Metric,90456064
09/11/2026 05:59:18,System.Runtime,dotnet.thread_pool.thread.count ({thread} / 1 sec),Rate,0
09/11/2026 05:59:18,System.Runtime,dotnet.jit.compilation.time (s / 1 sec),Rate,0.014939099999999983
09/11/2026 05:59:19,System.Runtime,dotnet.jit.compiled_il.size (By / 1 sec),Rate,0
09/11/2026 05:59:19,System.Runtime,dotnet.jit.compiled_methods ({method} / 1 sec),Rate,0
09/11/2026 05:59:19,System.Runtime,dotnet.monitor.lock_contentions ({contention} / 1 sec),Rate,0
09/11/2026 05:59:19,System.Runtime,dotnet.gc.collections ({collection} / 1 sec)[gc.heap.generation=gen2],Rate,0
09/11/2026 05:59:19,System.Runtime,dotnet.gc.collections ({collection} / 1 sec)[gc.heap.generation=gen0],Rate,0
09/11/2026 05:59:19,System.Runtime,dotnet.gc.collections ({collection} / 1 sec)[gc.heap.generation=gen1],Rate,0
09/11/2026 05:59:19,System.Runtime,dotnet.process.cpu.time (s / 1 sec)[cpu.mode=system],Rate,0.03734200000000021
09/11/2026 05:59:19,System.Runtime,dotnet.process.cpu.time (s / 1 sec)[cpu.mode=user],Rate,0.5841130000000021
09/11/2026 05:59:19,System.Runtime,dotnet.process.cpu.count ({cpu}),Metric,15
09/11/2026 05:59:19,System.Runtime,dotnet.gc.pause.time (s / 1 sec),Rate,0
09/11/2026 05:59:19,System.Runtime,dotnet.thread_pool.queue.length ({work_item} / 1 sec),Rate,0
09/11/2026 05:59:19,System.Runtime,dotnet.gc.last_collection.memory.committed_size (By),Metric,0
09/11/2026 05:59:19,System.Runtime,dotnet.gc.last_collection.heap.fragmentation.size (By)[gc.heap.generation=gen2],Metric,0
09/11/2026 05:59:19,System.Runtime,dotnet.gc.last_collection.heap.fragmentation.size (By)[gc.heap.generation=gen0],Metric,0
09/11/2026 05:59:19,System.Runtime,dotnet.gc.last_collection.heap.fragmentation.size (By)[gc.heap.generation=gen1],Metric,0
09/11/2026 05:59:19,System.Runtime,dotnet.gc.last_collection.heap.fragmentation.size (By)[gc.heap.generation=poh],Metric,0
09/11/2026 05:59:19,System.Runtime,dotnet.gc.last_collection.heap.fragmentation.size (By)[gc.heap.generation=loh],Metric,0
09/11/2026 05:59:19,System.Runtime,dotnet.timer.count ({timer}),Metric,2
09/11/2026 05:59:19,System.Runtime,dotnet.assembly.count ({assembly}),Metric,61
09/11/2026 05:59:19,System.Runtime,dotnet.gc.heap.total_allocated (By / 1 sec),Rate,121976
09/11/2026 05:59:19,System.Runtime,dotnet.gc.last_collection.heap.size (By)[gc.heap.generation=gen2],Metric,0
09/11/2026 05:59:19,System.Runtime,dotnet.gc.last_collection.heap.size (By)[gc.heap.generation=gen0],Metric,0
09/11/2026 05:59:19,System.Runtime,dotnet.gc.last_collection.heap.size (By)[gc.heap.generation=gen1],Metric,0
09/11/2026 05:59:19,System.Runtime,dotnet.gc.last_collection.heap.size (By)[gc.heap.generation=poh],Metric,0
09/11/2026 05:59:19,System.Runtime,dotnet.gc.last_collection.heap.size (By)[gc.heap.generation=loh],Metric,0
09/11/2026 05:59:19,System.Runtime,dotnet.thread_pool.work_item.count ({work_item} / 1 sec),Rate,601
09/11/2026 05:59:19,System.Runtime,dotnet.process.memory.working_set (By),Metric,90587136
09/11/2026 05:59:19,System.Runtime,dotnet.thread_pool.thread.count ({thread} / 1 sec),Rate,0
09/11/2026 05:59:19,System.Runtime,dotnet.jit.compilation.time (s / 1 sec),Rate,0
09/11/2026 05:59:20,System.Runtime,dotnet.jit.compiled_il.size (By / 1 sec),Rate,0
09/11/2026 05:59:20,System.Runtime,dotnet.jit.compiled_methods ({method} / 1 sec),Rate,0
09/11/2026 05:59:20,System.Runtime,dotnet.monitor.lock_contentions ({contention} / 1 sec),Rate,0
09/11/2026 05:59:20,System.Runtime,dotnet.gc.collections ({collection} / 1 sec)[gc.heap.generation=gen2],Rate,0
09/11/2026 05:59:20,System.Runtime,dotnet.gc.collections ({collection} / 1 sec)[gc.heap.generation=gen0],Rate,0
09/11/2026 05:59:20,System.Runtime,dotnet.gc.collections ({collection} / 1 sec)[gc.heap.generation=gen1],Rate,0
09/11/2026 05:59:20,System.Runtime,dotnet.process.cpu.time (s / 1 sec)[cpu.mode=system],Rate,0.0358069999999997
09/11/2026 05:59:20,System.Runtime,dotnet.process.cpu.time (s / 1 sec)[cpu.mode=user],Rate,0.5897649999999999
09/11/2026 05:59:20,System.Runtime,dotnet.process.cpu.count ({cpu}),Metric,15
09/11/2026 05:59:20,System.Runtime,dotnet.gc.pause.time (s / 1 sec),Rate,0
09/11/2026 05:59:20,System.Runtime,dotnet.thread_pool.queue.length ({work_item} / 1 sec),Rate,0
09/11/2026 05:59:20,System.Runtime,dotnet.gc.last_collection.memory.committed_size (By),Metric,0
09/11/2026 05:59:20,System.Runtime,dotnet.gc.last_collection.heap.fragmentation.size (By)[gc.heap.generation=gen2],Metric,0
09/11/2026 05:59:20,System.Runtime,dotnet.gc.last_collection.heap.fragmentation.size (By)[gc.heap.generation=gen0],Metric,0
09/11/2026 05:59:20,System.Runtime,dotnet.gc.last_collection.heap.fragmentation.size (By)[gc.heap.generation=gen1],Metric,0
09/11/2026 05:59:20,System.Runtime,dotnet.gc.last_collection.heap.fragmentation.size (By)[gc.heap.generation=poh],Metric,0
09/11/2026 05:59:20,System.Runtime,dotnet.gc.last_collection.heap.fragmentation.size (By)[gc.heap.generation=loh],Metric,0
09/11/2026 05:59:20,System.Runtime,dotnet.timer.count ({timer}),Metric,2
09/11/2026 05:59:20,System.Runtime,dotnet.assembly.count ({assembly}),Metric,61
09/11/2026 05:59:20,System.Runtime,dotnet.gc.heap.total_allocated (By / 1 sec),Rate,138312
09/11/2026 05:59:20,System.Runtime,dotnet.gc.last_collection.heap.size (By)[gc.heap.generation=gen2],Metric,0
09/11/2026 05:59:20,System.Runtime,dotnet.gc.last_collection.heap.size (By)[gc.heap.generation=gen0],Metric,0
09/11/2026 05:59:20,System.Runtime,dotnet.gc.last_collection.heap.size (By)[gc.heap.generation=gen1],Metric,0
09/11/2026 05:59:20,System.Runtime,dotnet.gc.last_collection.heap.size (By)[gc.heap.generation=poh],Metric,0
09/11/2026 05:59:20,System.Runtime,dotnet.gc.last_collection.heap.size (By)[gc.heap.generation=loh],Metric,0
09/11/2026 05:59:20,System.Runtime,dotnet.thread_pool.work_item.count ({work_item} / 1 sec),Rate,601
09/11/2026 05:59:20,System.Runtime,dotnet.process.memory.working_set (By),Metric,90767360
09/11/2026 05:59:20,System.Runtime,dotnet.thread_pool.thread.count ({thread} / 1 sec),Rate,0
09/11/2026 05:59:20,System.Runtime,dotnet.jit.compilation.time (s / 1 sec),Rate,0
09/11/2026 05:59:21,System.Runtime,dotnet.jit.compiled_il.size (By / 1 sec),Rate,0
09/11/2026 05:59:21,System.Runtime,dotnet.jit.compiled_methods ({method} / 1 sec),Rate,0
09/11/2026 05:59:21,System.Runtime,dotnet.monitor.lock_contentions ({contention} / 1 sec),Rate,0
09/11/2026 05:59:21,System.Runtime,dotnet.gc.collections ({collection} / 1 sec)[gc.heap.generation=gen2],Rate,0
09/11/2026 05:59:21,System.Runtime,dotnet.gc.collections ({collection} / 1 sec)[gc.heap.generation=gen0],Rate,0
09/11/2026 05:59:21,System.Runtime,dotnet.gc.collections ({collection} / 1 sec)[gc.heap.generation=gen1],Rate,0
09/11/2026 05:59:21,System.Runtime,dotnet.process.cpu.time (s / 1 sec)[cpu.mode=system],Rate,0.03644700000000034
09/11/2026 05:59:21,System.Runtime,dotnet.process.cpu.time (s / 1 sec)[cpu.mode=user],Rate,0.5921669999999963
09/11/2026 05:59:21,System.Runtime,dotnet.process.cpu.count ({cpu}),Metric,15
09/11/2026 05:59:21,System.Runtime,dotnet.gc.pause.time (s / 1 sec),Rate,0
09/11/2026 05:59:21,System.Runtime,dotnet.thread_pool.queue.length ({work_item} / 1 sec),Rate,0
09/11/2026 05:59:21,System.Runtime,dotnet.gc.last_collection.memory.committed_size (By),Metric,0
09/11/2026 05:59:21,System.Runtime,dotnet.gc.last_collection.heap.fragmentation.size (By)[gc.heap.generation=gen2],Metric,0
09/11/2026 05:59:21,System.Runtime,dotnet.gc.last_collection.heap.fragmentation.size (By)[gc.heap.generation=gen0],Metric,0
09/11/2026 05:59:21,System.Runtime,dotnet.gc.last_collection.heap.fragmentation.size (By)[gc.heap.generation=gen1],Metric,0
09/11/2026 05:59:21,System.Runtime,dotnet.gc.last_collection.heap.fragmentation.size (By)[gc.heap.generation=poh],Metric,0
09/11/2026 05:59:21,System.Runtime,dotnet.gc.last_collection.heap.fragmentation.size (By)[gc.heap.generation=loh],Metric,0
09/11/2026 05:59:21,System.Runtime,dotnet.timer.count ({timer}),Metric,2
09/11/2026 05:59:21,System.Runtime,dotnet.assembly.count ({assembly}),Metric,61
09/11/2026 05:59:21,System.Runtime,dotnet.gc.heap.total_allocated (By / 1 sec),Rate,138376
09/11/2026 05:59:21,System.Runtime,dotnet.gc.last_collection.heap.size (By)[gc.heap.generation=gen2],Metric,0
09/11/2026 05:59:21,System.Runtime,dotnet.gc.last_collection.heap.size (By)[gc.heap.generation=gen0],Metric,0
09/11/2026 05:59:21,System.Runtime,dotnet.gc.last_collection.heap.size (By)[gc.heap.generation=gen1],Metric,0
09/11/2026 05:59:21,System.Runtime,dotnet.gc.last_collection.heap.size (By)[gc.heap.generation=poh],Metric,0
09/11/2026 05:59:21,System.Runtime,dotnet.gc.last_collection.heap.size (By)[gc.heap.generation=loh],Metric,0
09/11/2026 05:59:21,System.Runtime,dotnet.thread_pool.work_item.count ({work_item} / 1 sec),Rate,601
09/11/2026 05:59:21,System.Runtime,dotnet.process.memory.working_set (By),Metric,90914816
09/11/2026 05:59:21,System.Runtime,dotnet.thread_pool.thread.count ({thread} / 1 sec),Rate,0
09/11/2026 05:59:21,System.Runtime,dotnet.jit.compilation.time (s / 1 sec),Rate,0
09/11/2026 05:59:22,System.Runtime,dotnet.jit.compiled_il.size (By / 1 sec),Rate,0
09/11/2026 05:59:22,System.Runtime,dotnet.jit.compiled_methods ({method} / 1 sec),Rate,0
09/11/2026 05:59:22,System.Runtime,dotnet.monitor.lock_contentions ({contention} / 1 sec),Rate,0
09/11/2026 05:59:22,System.Runtime,dotnet.gc.collections ({collection} / 1 sec)[gc.heap.generation=gen2],Rate,0
09/11/2026 05:59:22,System.Runtime,dotnet.gc.collections ({collection} / 1 sec)[gc.heap.generation=gen0],Rate,0
09/11/2026 05:59:22,System.Runtime,dotnet.gc.collections ({collection} / 1 sec)[gc.heap.generation=gen1],Rate,0
09/11/2026 05:59:22,System.Runtime,dotnet.process.cpu.time (s / 1 sec)[cpu.mode=system],Rate,0.037201999999999735
09/11/2026 05:59:22,System.Runtime,dotnet.process.cpu.time (s / 1 sec)[cpu.mode=user],Rate,0.5906170000000017
09/11/2026 05:59:22,System.Runtime,dotnet.process.cpu.count ({cpu}),Metric,15
09/11/2026 05:59:22,System.Runtime,dotnet.gc.pause.time (s / 1 sec),Rate,0
09/11/2026 05:59:22,System.Runtime,dotnet.thread_pool.queue.length ({work_item} / 1 sec),Rate,0
09/11/2026 05:59:22,System.Runtime,dotnet.gc.last_collection.memory.committed_size (By),Metric,0
09/11/2026 05:59:22,System.Runtime,dotnet.gc.last_collection.heap.fragmentation.size (By)[gc.heap.generation=gen2],Metric,0
09/11/2026 05:59:22,System.Runtime,dotnet.gc.last_collection.heap.fragmentation.size (By)[gc.heap.generation=gen0],Metric,0
09/11/2026 05:59:22,System.Runtime,dotnet.gc.last_collection.heap.fragmentation.size (By)[gc.heap.generation=gen1],Metric,0
09/11/2026 05:59:22,System.Runtime,dotnet.gc.last_collection.heap.fragmentation.size (By)[gc.heap.generation=poh],Metric,0
09/11/2026 05:59:22,System.Runtime,dotnet.gc.last_collection.heap.fragmentation.size (By)[gc.heap.generation=loh],Metric,0
09/11/2026 05:59:22,System.Runtime,dotnet.timer.count ({timer}),Metric,2
09/11/2026 05:59:22,System.Runtime,dotnet.assembly.count ({assembly}),Metric,61
09/11/2026 05:59:22,System.Runtime,dotnet.gc.heap.total_allocated (By / 1 sec),Rate,139400
09/11/2026 05:59:22,System.Runtime,dotnet.gc.last_collection.heap.size (By)[gc.heap.generation=gen2],Metric,0
09/11/2026 05:59:22,System.Runtime,dotnet.gc.last_collection.heap.size (By)[gc.heap.generation=gen0],Metric,0
09/11/2026 05:59:22,System.Runtime,dotnet.gc.last_collection.heap.size (By)[gc.heap.generation=gen1],Metric,0
09/11/2026 05:59:22,System.Runtime,dotnet.gc.last_collection.heap.size (By)[gc.heap.generation=poh],Metric,0
09/11/2026 05:59:22,System.Runtime,dotnet.gc.last_collection.heap.size (By)[gc.heap.generation=loh],Metric,0
09/11/2026 05:59:22,System.Runtime,dotnet.thread_pool.work_item.count ({work_item} / 1 sec),Rate,601
09/11/2026 05:59:22,System.Runtime,dotnet.process.memory.working_set (By),Metric,91045888
09/11/2026 05:59:22,System.Runtime,dotnet.thread_pool.thread.count ({thread} / 1 sec),Rate,0
09/11/2026 05:59:22,System.Runtime,dotnet.jit.compilation.time (s / 1 sec),Rate,0
09/11/2026 05:59:23,System.Runtime,dotnet.jit.compiled_il.size (By / 1 sec),Rate,0
09/11/2026 05:59:23,System.Runtime,dotnet.jit.compiled_methods ({method} / 1 sec),Rate,0
09/11/2026 05:59:23,System.Runtime,dotnet.monitor.lock_contentions ({contention} / 1 sec),Rate,0
09/11/2026 05:59:23,System.Runtime,dotnet.gc.collections ({collection} / 1 sec)[gc.heap.generation=gen2],Rate,0
09/11/2026 05:59:23,System.Runtime,dotnet.gc.collections ({collection} / 1 sec)[gc.heap.generation=gen0],Rate,0
09/11/2026 05:59:23,System.Runtime,dotnet.gc.collections ({collection} / 1 sec)[gc.heap.generation=gen1],Rate,0
09/11/2026 05:59:23,System.Runtime,dotnet.process.cpu.time (s / 1 sec)[cpu.mode=system],Rate,0.035905000000000076
09/11/2026 05:59:23,System.Runtime,dotnet.process.cpu.time (s / 1 sec)[cpu.mode=user],Rate,0.589852999999998
09/11/2026 05:59:23,System.Runtime,dotnet.process.cpu.count ({cpu}),Metric,15
09/11/2026 05:59:23,System.Runtime,dotnet.gc.pause.time (s / 1 sec),Rate,0
09/11/2026 05:59:23,System.Runtime,dotnet.thread_pool.queue.length ({work_item} / 1 sec),Rate,0
09/11/2026 05:59:23,System.Runtime,dotnet.gc.last_collection.memory.committed_size (By),Metric,0
09/11/2026 05:59:23,System.Runtime,dotnet.gc.last_collection.heap.fragmentation.size (By)[gc.heap.generation=gen2],Metric,0
09/11/2026 05:59:23,System.Runtime,dotnet.gc.last_collection.heap.fragmentation.size (By)[gc.heap.generation=gen0],Metric,0
09/11/2026 05:59:23,System.Runtime,dotnet.gc.last_collection.heap.fragmentation.size (By)[gc.heap.generation=gen1],Metric,0
09/11/2026 05:59:23,System.Runtime,dotnet.gc.last_collection.heap.fragmentation.size (By)[gc.heap.generation=poh],Metric,0
09/11/2026 05:59:23,System.Runtime,dotnet.gc.last_collection.heap.fragmentation.size (By)[gc.heap.generation=loh],Metric,0
09/11/2026 05:59:23,System.Runtime,dotnet.timer.count ({timer}),Metric,2
09/11/2026 05:59:23,System.Runtime,dotnet.assembly.count ({assembly}),Metric,61
09/11/2026 05:59:23,System.Runtime,dotnet.gc.heap.total_allocated (By / 1 sec),Rate,139416
09/11/2026 05:59:23,System.Runtime,dotnet.gc.last_collection.heap.size (By)[gc.heap.generation=gen2],Metric,0
09/11/2026 05:59:23,System.Runtime,dotnet.gc.last_collection.heap.size (By)[gc.heap.generation=gen0],Metric,0
09/11/2026 05:59:23,System.Runtime,dotnet.gc.last_collection.heap.size (By)[gc.heap.generation=gen1],Metric,0
09/11/2026 05:59:23,System.Runtime,dotnet.gc.last_collection.heap.size (By)[gc.heap.generation=poh],Metric,0
09/11/2026 05:59:23,System.Runtime,dotnet.gc.last_collection.heap.size (By)[gc.heap.generation=loh],Metric,0
09/11/2026 05:59:23,System.Runtime,dotnet.thread_pool.work_item.count ({work_item} / 1 sec),Rate,602
09/11/2026 05:59:23,System.Runtime,dotnet.process.memory.working_set (By),Metric,91209728
09/11/2026 05:59:23,System.Runtime,dotnet.thread_pool.thread.count ({thread} / 1 sec),Rate,0
09/11/2026 05:59:23,System.Runtime,dotnet.jit.compilation.time (s / 1 sec),Rate,0
09/11/2026 05:59:24,System.Runtime,dotnet.jit.compiled_il.size (By / 1 sec),Rate,0
09/11/2026 05:59:24,System.Runtime,dotnet.jit.compiled_methods ({method} / 1 sec),Rate,0
09/11/2026 05:59:24,System.Runtime,dotnet.monitor.lock_contentions ({contention} / 1 sec),Rate,0
09/11/2026 05:59:24,System.Runtime,dotnet.gc.collections ({collection} / 1 sec)[gc.heap.generation=gen2],Rate,0
09/11/2026 05:59:24,System.Runtime,dotnet.gc.collections ({collection} / 1 sec)[gc.heap.generation=gen0],Rate,0
09/11/2026 05:59:24,System.Runtime,dotnet.gc.collections ({collection} / 1 sec)[gc.heap.generation=gen1],Rate,0
09/11/2026 05:59:24,System.Runtime,dotnet.process.cpu.time (s / 1 sec)[cpu.mode=system],Rate,0.03537200000000018
09/11/2026 05:59:24,System.Runtime,dotnet.process.cpu.time (s / 1 sec)[cpu.mode=user],Rate,0.5886440000000022
09/11/2026 05:59:24,System.Runtime,dotnet.process.cpu.count ({cpu}),Metric,15
09/11/2026 05:59:24,System.Runtime,dotnet.gc.pause.time (s / 1 sec),Rate,0
09/11/2026 05:59:24,System.Runtime,dotnet.thread_pool.queue.length ({work_item} / 1 sec),Rate,0
09/11/2026 05:59:24,System.Runtime,dotnet.gc.last_collection.memory.committed_size (By),Metric,0
09/11/2026 05:59:24,System.Runtime,dotnet.gc.last_collection.heap.fragmentation.size (By)[gc.heap.generation=gen2],Metric,0
09/11/2026 05:59:24,System.Runtime,dotnet.gc.last_collection.heap.fragmentation.size (By)[gc.heap.generation=gen0],Metric,0
09/11/2026 05:59:24,System.Runtime,dotnet.gc.last_collection.heap.fragmentation.size (By)[gc.heap.generation=gen1],Metric,0
09/11/2026 05:59:24,System.Runtime,dotnet.gc.last_collection.heap.fragmentation.size (By)[gc.heap.generation=poh],Metric,0
09/11/2026 05:59:24,System.Runtime,dotnet.gc.last_collection.heap.fragmentation.size (By)[gc.heap.generation=loh],Metric,0
09/11/2026 05:59:24,System.Runtime,dotnet.timer.count ({timer}),Metric,2
09/11/2026 05:59:24,System.Runtime,dotnet.assembly.count ({assembly}),Metric,61
09/11/2026 05:59:24,System.Runtime,dotnet.gc.heap.total_allocated (By / 1 sec),Rate,138320
09/11/2026 05:59:24,System.Runtime,dotnet.gc.last_collection.heap.size (By)[gc.heap.generation=gen2],Metric,0
09/11/2026 05:59:24,System.Runtime,dotnet.gc.last_collection.heap.size (By)[gc.heap.generation=gen0],Metric,0
09/11/2026 05:59:24,System.Runtime,dotnet.gc.last_collection.heap.size (By)[gc.heap.generation=gen1],Metric,0
09/11/2026 05:59:24,System.Runtime,dotnet.gc.last_collection.heap.size (By)[gc.heap.generation=poh],Metric,0
09/11/2026 05:59:24,System.Runtime,dotnet.gc.last_collection.heap.size (By)[gc.heap.generation=loh],Metric,0
09/11/2026 05:59:24,System.Runtime,dotnet.thread_pool.work_item.count ({work_item} / 1 sec),Rate,601
09/11/2026 05:59:24,System.Runtime,dotnet.process.memory.working_set (By),Metric,91340800
09/11/2026 05:59:24,System.Runtime,dotnet.thread_pool.thread.count ({thread} / 1 sec),Rate,0
09/11/2026 05:59:24,System.Runtime,dotnet.jit.compilation.time (s / 1 sec),Rate,0
09/11/2026 05:59:25,System.Runtime,dotnet.jit.compiled_il.size (By / 1 sec),Rate,0
09/11/2026 05:59:25,System.Runtime,dotnet.jit.compiled_methods ({method} / 1 sec),Rate,0
09/11/2026 05:59:25,System.Runtime,dotnet.monitor.lock_contentions ({contention} / 1 sec),Rate,0
09/11/2026 05:59:25,System.Runtime,dotnet.gc.collections ({collection} / 1 sec)[gc.heap.generation=gen2],Rate,0
09/11/2026 05:59:25,System.Runtime,dotnet.gc.collections ({collection} / 1 sec)[gc.heap.generation=gen0],Rate,0
09/11/2026 05:59:25,System.Runtime,dotnet.gc.collections ({collection} / 1 sec)[gc.heap.generation=gen1],Rate,0
09/11/2026 05:59:25,System.Runtime,dotnet.process.cpu.time (s / 1 sec)[cpu.mode=system],Rate,0.039110999999999674
09/11/2026 05:59:25,System.Runtime,dotnet.process.cpu.time (s / 1 sec)[cpu.mode=user],Rate,0.5912590000000009
09/11/2026 05:59:25,System.Runtime,dotnet.process.cpu.count ({cpu}),Metric,15
09/11/2026 05:59:25,System.Runtime,dotnet.gc.pause.time (s / 1 sec),Rate,0
09/11/2026 05:59:25,System.Runtime,dotnet.thread_pool.queue.length ({work_item} / 1 sec),Rate,0
09/11/2026 05:59:25,System.Runtime,dotnet.gc.last_collection.memory.committed_size (By),Metric,0
09/11/2026 05:59:25,System.Runtime,dotnet.gc.last_collection.heap.fragmentation.size (By)[gc.heap.generation=gen2],Metric,0
09/11/2026 05:59:25,System.Runtime,dotnet.gc.last_collection.heap.fragmentation.size (By)[gc.heap.generation=gen0],Metric,0
09/11/2026 05:59:25,System.Runtime,dotnet.gc.last_collection.heap.fragmentation.size (By)[gc.heap.generation=gen1],Metric,0
09/11/2026 05:59:25,System.Runtime,dotnet.gc.last_collection.heap.fragmentation.size (By)[gc.heap.generation=poh],Metric,0
09/11/2026 05:59:25,System.Runtime,dotnet.gc.last_collection.heap.fragmentation.size (By)[gc.heap.generation=loh],Metric,0
09/11/2026 05:59:25,System.Runtime,dotnet.timer.count ({timer}),Metric,2
09/11/2026 05:59:25,System.Runtime,dotnet.assembly.count ({assembly}),Metric,61
09/11/2026 05:59:25,System.Runtime,dotnet.gc.heap.total_allocated (By / 1 sec),Rate,131200
09/11/2026 05:59:25,System.Runtime,dotnet.gc.last_collection.heap.size (By)[gc.heap.generation=gen2],Metric,0
09/11/2026 05:59:25,System.Runtime,dotnet.gc.last_collection.heap.size (By)[gc.heap.generation=gen0],Metric,0
09/11/2026 05:59:25,System.Runtime,dotnet.gc.last_collection.heap.size (By)[gc.heap.generation=gen1],Metric,0
09/11/2026 05:59:25,System.Runtime,dotnet.gc.last_collection.heap.size (By)[gc.heap.generation=poh],Metric,0
09/11/2026 05:59:25,System.Runtime,dotnet.gc.last_collection.heap.size (By)[gc.heap.generation=loh],Metric,0
09/11/2026 05:59:25,System.Runtime,dotnet.thread_pool.work_item.count ({work_item} / 1 sec),Rate,601
09/11/2026 05:59:25,System.Runtime,dotnet.process.memory.working_set (By),Metric,91504640
09/11/2026 05:59:25,System.Runtime,dotnet.thread_pool.thread.count ({thread} / 1 sec),Rate,0
09/11/2026 05:59:25,System.Runtime,dotnet.jit.compilation.time (s / 1 sec),Rate,0
09/11/2026 05:59:26,System.Runtime,dotnet.jit.compiled_il.size (By / 1 sec),Rate,0
09/11/2026 05:59:26,System.Runtime,dotnet.jit.compiled_methods ({method} / 1 sec),Rate,0
09/11/2026 05:59:26,System.Runtime,dotnet.monitor.lock_contentions ({contention} / 1 sec),Rate,0
09/11/2026 05:59:26,System.Runtime,dotnet.gc.collections ({collection} / 1 sec)[gc.heap.generation=gen2],Rate,0
09/11/2026 05:59:26,System.Runtime,dotnet.gc.collections ({collection} / 1 sec)[gc.heap.generation=gen0],Rate,0
09/11/2026 05:59:26,System.Runtime,dotnet.gc.collections ({collection} / 1 sec)[gc.heap.generation=gen1],Rate,0
09/11/2026 05:59:26,System.Runtime,dotnet.process.cpu.time (s / 1 sec)[cpu.mode=system],Rate,0.036609000000000336
09/11/2026 05:59:26,System.Runtime,dotnet.process.cpu.time (s / 1 sec)[cpu.mode=user],Rate,0.5888539999999978
09/11/2026 05:59:26,System.Runtime,dotnet.process.cpu.count ({cpu}),Metric,15
09/11/2026 05:59:26,System.Runtime,dotnet.gc.pause.time (s / 1 sec),Rate,0
09/11/2026 05:59:26,System.Runtime,dotnet.thread_pool.queue.length ({work_item} / 1 sec),Rate,0
09/11/2026 05:59:26,System.Runtime,dotnet.gc.last_collection.memory.committed_size (By),Metric,0
09/11/2026 05:59:26,System.Runtime,dotnet.gc.last_collection.heap.fragmentation.size (By)[gc.heap.generation=gen2],Metric,0
09/11/2026 05:59:26,System.Runtime,dotnet.gc.last_collection.heap.fragmentation.size (By)[gc.heap.generation=gen0],Metric,0
09/11/2026 05:59:26,System.Runtime,dotnet.gc.last_collection.heap.fragmentation.size (By)[gc.heap.generation=gen1],Metric,0
09/11/2026 05:59:26,System.Runtime,dotnet.gc.last_collection.heap.fragmentation.size (By)[gc.heap.generation=poh],Metric,0
09/11/2026 05:59:26,System.Runtime,dotnet.gc.last_collection.heap.fragmentation.size (By)[gc.heap.generation=loh],Metric,0
09/11/2026 05:59:26,System.Runtime,dotnet.timer.count ({timer}),Metric,2
09/11/2026 05:59:26,System.Runtime,dotnet.assembly.count ({assembly}),Metric,61
09/11/2026 05:59:26,System.Runtime,dotnet.gc.heap.total_allocated (By / 1 sec),Rate,146536
09/11/2026 05:59:26,System.Runtime,dotnet.gc.last_collection.heap.size (By)[gc.heap.generation=gen2],Metric,0
09/11/2026 05:59:26,System.Runtime,dotnet.gc.last_collection.heap.size (By)[gc.heap.generation=gen0],Metric,0
09/11/2026 05:59:26,System.Runtime,dotnet.gc.last_collection.heap.size (By)[gc.heap.generation=gen1],Metric,0
09/11/2026 05:59:26,System.Runtime,dotnet.gc.last_collection.heap.size (By)[gc.heap.generation=poh],Metric,0
09/11/2026 05:59:26,System.Runtime,dotnet.gc.last_collection.heap.size (By)[gc.heap.generation=loh],Metric,0
09/11/2026 05:59:26,System.Runtime,dotnet.thread_pool.work_item.count ({work_item} / 1 sec),Rate,631
09/11/2026 05:59:26,System.Runtime,dotnet.process.memory.working_set (By),Metric,91652096
09/11/2026 05:59:26,System.Runtime,dotnet.thread_pool.thread.count ({thread} / 1 sec),Rate,0
09/11/2026 05:59:26,System.Runtime,dotnet.jit.compilation.time (s / 1 sec),Rate,0
09/11/2026 05:59:27,System.Runtime,dotnet.jit.compiled_il.size (By / 1 sec),Rate,0
09/11/2026 05:59:27,System.Runtime,dotnet.jit.compiled_methods ({method} / 1 sec),Rate,0
09/11/2026 05:59:27,System.Runtime,dotnet.monitor.lock_contentions ({contention} / 1 sec),Rate,0
09/11/2026 05:59:27,System.Runtime,dotnet.gc.collections ({collection} / 1 sec)[gc.heap.generation=gen2],Rate,0
09/11/2026 05:59:27,System.Runtime,dotnet.gc.collections ({collection} / 1 sec)[gc.heap.generation=gen0],Rate,0
09/11/2026 05:59:27,System.Runtime,dotnet.gc.collections ({collection} / 1 sec)[gc.heap.generation=gen1],Rate,0
09/11/2026 05:59:27,System.Runtime,dotnet.process.cpu.time (s / 1 sec)[cpu.mode=system],Rate,0.03986999999999963
09/11/2026 05:59:27,System.Runtime,dotnet.process.cpu.time (s / 1 sec)[cpu.mode=user],Rate,0.6010340000000056
09/11/2026 05:59:27,System.Runtime,dotnet.process.cpu.count ({cpu}),Metric,15
09/11/2026 05:59:27,System.Runtime,dotnet.gc.pause.time (s / 1 sec),Rate,0
09/11/2026 05:59:27,System.Runtime,dotnet.thread_pool.queue.length ({work_item} / 1 sec),Rate,0
09/11/2026 05:59:27,System.Runtime,dotnet.gc.last_collection.memory.committed_size (By),Metric,0
09/11/2026 05:59:27,System.Runtime,dotnet.gc.last_collection.heap.fragmentation.size (By)[gc.heap.generation=gen2],Metric,0
09/11/2026 05:59:27,System.Runtime,dotnet.gc.last_collection.heap.fragmentation.size (By)[gc.heap.generation=gen0],Metric,0
09/11/2026 05:59:27,System.Runtime,dotnet.gc.last_collection.heap.fragmentation.size (By)[gc.heap.generation=gen1],Metric,0
09/11/2026 05:59:27,System.Runtime,dotnet.gc.last_collection.heap.fragmentation.size (By)[gc.heap.generation=poh],Metric,0
09/11/2026 05:59:27,System.Runtime,dotnet.gc.last_collection.heap.fragmentation.size (By)[gc.heap.generation=loh],Metric,0
09/11/2026 05:59:27,System.Runtime,dotnet.timer.count ({timer}),Metric,2
09/11/2026 05:59:27,System.Runtime,dotnet.assembly.count ({assembly}),Metric,61
09/11/2026 05:59:27,System.Runtime,dotnet.gc.heap.total_allocated (By / 1 sec),Rate,146576
09/11/2026 05:59:27,System.Runtime,dotnet.gc.last_collection.heap.size (By)[gc.heap.generation=gen2],Metric,0
09/11/2026 05:59:27,System.Runtime,dotnet.gc.last_collection.heap.size (By)[gc.heap.generation=gen0],Metric,0
09/11/2026 05:59:27,System.Runtime,dotnet.gc.last_collection.heap.size (By)[gc.heap.generation=gen1],Metric,0
09/11/2026 05:59:27,System.Runtime,dotnet.gc.last_collection.heap.size (By)[gc.heap.generation=poh],Metric,0
09/11/2026 05:59:27,System.Runtime,dotnet.gc.last_collection.heap.size (By)[gc.heap.generation=loh],Metric,0
09/11/2026 05:59:27,System.Runtime,dotnet.thread_pool.work_item.count ({work_item} / 1 sec),Rate,709
09/11/2026 05:59:27,System.Runtime,dotnet.process.memory.working_set (By),Metric,91799552
09/11/2026 05:59:27,System.Runtime,dotnet.thread_pool.thread.count ({thread} / 1 sec),Rate,0
09/11/2026 05:59:27,System.Runtime,dotnet.jit.compilation.time (s / 1 sec),Rate,0
09/11/2026 05:59:28,System.Runtime,dotnet.jit.compiled_il.size (By / 1 sec),Rate,23
09/11/2026 05:59:28,System.Runtime,dotnet.jit.compiled_methods ({method} / 1 sec),Rate,1
09/11/2026 05:59:28,System.Runtime,dotnet.monitor.lock_contentions ({contention} / 1 sec),Rate,0
09/11/2026 05:59:28,System.Runtime,dotnet.gc.collections ({collection} / 1 sec)[gc.heap.generation=gen2],Rate,0
09/11/2026 05:59:28,System.Runtime,dotnet.gc.collections ({collection} / 1 sec)[gc.heap.generation=gen0],Rate,0
09/11/2026 05:59:28,System.Runtime,dotnet.gc.collections ({collection} / 1 sec)[gc.heap.generation=gen1],Rate,0
09/11/2026 05:59:28,System.Runtime,dotnet.process.cpu.time (s / 1 sec)[cpu.mode=system],Rate,0.03643799999999997
09/11/2026 05:59:28,System.Runtime,dotnet.process.cpu.time (s / 1 sec)[cpu.mode=user],Rate,0.5916889999999952
09/11/2026 05:59:28,System.Runtime,dotnet.process.cpu.count ({cpu}),Metric,15
09/11/2026 05:59:28,System.Runtime,dotnet.gc.pause.time (s / 1 sec),Rate,0
09/11/2026 05:59:28,System.Runtime,dotnet.thread_pool.queue.length ({work_item} / 1 sec),Rate,0
09/11/2026 05:59:28,System.Runtime,dotnet.gc.last_collection.memory.committed_size (By),Metric,0
09/11/2026 05:59:28,System.Runtime,dotnet.gc.last_collection.heap.fragmentation.size (By)[gc.heap.generation=gen2],Metric,0
09/11/2026 05:59:28,System.Runtime,dotnet.gc.last_collection.heap.fragmentation.size (By)[gc.heap.generation=gen0],Metric,0
09/11/2026 05:59:28,System.Runtime,dotnet.gc.last_collection.heap.fragmentation.size (By)[gc.heap.generation=gen1],Metric,0
09/11/2026 05:59:28,System.Runtime,dotnet.gc.last_collection.heap.fragmentation.size (By)[gc.heap.generation=poh],Metric,0
09/11/2026 05:59:28,System.Runtime,dotnet.gc.last_collection.heap.fragmentation.size (By)[gc.heap.generation=loh],Metric,0
09/11/2026 05:59:28,System.Runtime,dotnet.timer.count ({timer}),Metric,2
09/11/2026 05:59:28,System.Runtime,dotnet.assembly.count ({assembly}),Metric,61
09/11/2026 05:59:28,System.Runtime,dotnet.gc.heap.total_allocated (By / 1 sec),Rate,146592
09/11/2026 05:59:28,System.Runtime,dotnet.gc.last_collection.heap.size (By)[gc.heap.generation=gen2],Metric,0
09/11/2026 05:59:28,System.Runtime,dotnet.gc.last_collection.heap.size (By)[gc.heap.generation=gen0],Metric,0
09/11/2026 05:59:28,System.Runtime,dotnet.gc.last_collection.heap.size (By)[gc.heap.generation=gen1],Metric,0
09/11/2026 05:59:28,System.Runtime,dotnet.gc.last_collection.heap.size (By)[gc.heap.generation=poh],Metric,0
09/11/2026 05:59:28,System.Runtime,dotnet.gc.last_collection.heap.size (By)[gc.heap.generation=loh],Metric,0
09/11/2026 05:59:28,System.Runtime,dotnet.thread_pool.work_item.count ({work_item} / 1 sec),Rate,606
09/11/2026 05:59:28,System.Runtime,dotnet.process.memory.working_set (By),Metric,91996160
09/11/2026 05:59:28,System.Runtime,dotnet.thread_pool.thread.count ({thread} / 1 sec),Rate,0
09/11/2026 05:59:28,System.Runtime,dotnet.jit.compilation.time (s / 1 sec),Rate,0.0004146999999999901
09/11/2026 05:59:29,System.Runtime,dotnet.jit.compiled_il.size (By / 1 sec),Rate,0
09/11/2026 05:59:29,System.Runtime,dotnet.jit.compiled_methods ({method} / 1 sec),Rate,0
09/11/2026 05:59:29,System.Runtime,dotnet.monitor.lock_contentions ({contention} / 1 sec),Rate,0
09/11/2026 05:59:29,System.Runtime,dotnet.gc.collections ({collection} / 1 sec)[gc.heap.generation=gen2],Rate,0
09/11/2026 05:59:29,System.Runtime,dotnet.gc.collections ({collection} / 1 sec)[gc.heap.generation=gen0],Rate,0
09/11/2026 05:59:29,System.Runtime,dotnet.gc.collections ({collection} / 1 sec)[gc.heap.generation=gen1],Rate,0
09/11/2026 05:59:29,System.Runtime,dotnet.process.cpu.time (s / 1 sec)[cpu.mode=system],Rate,0.03808800000000012
09/11/2026 05:59:29,System.Runtime,dotnet.process.cpu.time (s / 1 sec)[cpu.mode=user],Rate,0.584814999999999
09/11/2026 05:59:29,System.Runtime,dotnet.process.cpu.count ({cpu}),Metric,15
09/11/2026 05:59:29,System.Runtime,dotnet.gc.pause.time (s / 1 sec),Rate,0
09/11/2026 05:59:29,System.Runtime,dotnet.thread_pool.queue.length ({work_item} / 1 sec),Rate,0
09/11/2026 05:59:29,System.Runtime,dotnet.gc.last_collection.memory.committed_size (By),Metric,0
09/11/2026 05:59:29,System.Runtime,dotnet.gc.last_collection.heap.fragmentation.size (By)[gc.heap.generation=gen2],Metric,0
09/11/2026 05:59:29,System.Runtime,dotnet.gc.last_collection.heap.fragmentation.size (By)[gc.heap.generation=gen0],Metric,0
09/11/2026 05:59:29,System.Runtime,dotnet.gc.last_collection.heap.fragmentation.size (By)[gc.heap.generation=gen1],Metric,0
09/11/2026 05:59:29,System.Runtime,dotnet.gc.last_collection.heap.fragmentation.size (By)[gc.heap.generation=poh],Metric,0
09/11/2026 05:59:29,System.Runtime,dotnet.gc.last_collection.heap.fragmentation.size (By)[gc.heap.generation=loh],Metric,0
09/11/2026 05:59:29,System.Runtime,dotnet.timer.count ({timer}),Metric,2
09/11/2026 05:59:29,System.Runtime,dotnet.assembly.count ({assembly}),Metric,61
09/11/2026 05:59:29,System.Runtime,dotnet.gc.heap.total_allocated (By / 1 sec),Rate,139400
09/11/2026 05:59:29,System.Runtime,dotnet.gc.last_collection.heap.size (By)[gc.heap.generation=gen2],Metric,0
09/11/2026 05:59:29,System.Runtime,dotnet.gc.last_collection.heap.size (By)[gc.heap.generation=gen0],Metric,0
09/11/2026 05:59:29,System.Runtime,dotnet.gc.last_collection.heap.size (By)[gc.heap.generation=gen1],Metric,0
09/11/2026 05:59:29,System.Runtime,dotnet.gc.last_collection.heap.size (By)[gc.heap.generation=poh],Metric,0
09/11/2026 05:59:29,System.Runtime,dotnet.gc.last_collection.heap.size (By)[gc.heap.generation=loh],Metric,0
09/11/2026 05:59:29,System.Runtime,dotnet.thread_pool.work_item.count ({work_item} / 1 sec),Rate,602
09/11/2026 05:59:29,System.Runtime,dotnet.process.memory.working_set (By),Metric,92160000
09/11/2026 05:59:29,System.Runtime,dotnet.thread_pool.thread.count ({thread} / 1 sec),Rate,0
09/11/2026 05:59:29,System.Runtime,dotnet.jit.compilation.time (s / 1 sec),Rate,0
09/11/2026 05:59:30,System.Runtime,dotnet.jit.compiled_il.size (By / 1 sec),Rate,0
09/11/2026 05:59:30,System.Runtime,dotnet.jit.compiled_methods ({method} / 1 sec),Rate,0
09/11/2026 05:59:30,System.Runtime,dotnet.monitor.lock_contentions ({contention} / 1 sec),Rate,0
09/11/2026 05:59:30,System.Runtime,dotnet.gc.collections ({collection} / 1 sec)[gc.heap.generation=gen2],Rate,0
09/11/2026 05:59:30,System.Runtime,dotnet.gc.collections ({collection} / 1 sec)[gc.heap.generation=gen0],Rate,0
09/11/2026 05:59:30,System.Runtime,dotnet.gc.collections ({collection} / 1 sec)[gc.heap.generation=gen1],Rate,0
09/11/2026 05:59:30,System.Runtime,dotnet.process.cpu.time (s / 1 sec)[cpu.mode=system],Rate,0.03545899999999991
09/11/2026 05:59:30,System.Runtime,dotnet.process.cpu.time (s / 1 sec)[cpu.mode=user],Rate,0.5916830000000033
09/11/2026 05:59:30,System.Runtime,dotnet.process.cpu.count ({cpu}),Metric,15
09/11/2026 05:59:30,System.Runtime,dotnet.gc.pause.time (s / 1 sec),Rate,0
09/11/2026 05:59:30,System.Runtime,dotnet.thread_pool.queue.length ({work_item} / 1 sec),Rate,0
09/11/2026 05:59:30,System.Runtime,dotnet.gc.last_collection.memory.committed_size (By),Metric,0
09/11/2026 05:59:30,System.Runtime,dotnet.gc.last_collection.heap.fragmentation.size (By)[gc.heap.generation=gen2],Metric,0
09/11/2026 05:59:30,System.Runtime,dotnet.gc.last_collection.heap.fragmentation.size (By)[gc.heap.generation=gen0],Metric,0
09/11/2026 05:59:30,System.Runtime,dotnet.gc.last_collection.heap.fragmentation.size (By)[gc.heap.generation=gen1],Metric,0
09/11/2026 05:59:30,System.Runtime,dotnet.gc.last_collection.heap.fragmentation.size (By)[gc.heap.generation=poh],Metric,0
09/11/2026 05:59:30,System.Runtime,dotnet.gc.last_collection.heap.fragmentation.size (By)[gc.heap.generation=loh],Metric,0
09/11/2026 05:59:30,System.Runtime,dotnet.timer.count ({timer}),Metric,2
09/11/2026 05:59:30,System.Runtime,dotnet.assembly.count ({assembly}),Metric,61
09/11/2026 05:59:30,System.Runtime,dotnet.gc.heap.total_allocated (By / 1 sec),Rate,130160
09/11/2026 05:59:30,System.Runtime,dotnet.gc.last_collection.heap.size (By)[gc.heap.generation=gen2],Metric,0
09/11/2026 05:59:30,System.Runtime,dotnet.gc.last_collection.heap.size (By)[gc.heap.generation=gen0],Metric,0
09/11/2026 05:59:30,System.Runtime,dotnet.gc.last_collection.heap.size (By)[gc.heap.generation=gen1],Metric,0
09/11/2026 05:59:30,System.Runtime,dotnet.gc.last_collection.heap.size (By)[gc.heap.generation=poh],Metric,0
09/11/2026 05:59:30,System.Runtime,dotnet.gc.last_collection.heap.size (By)[gc.heap.generation=loh],Metric,0
09/11/2026 05:59:30,System.Runtime,dotnet.thread_pool.work_item.count ({work_item} / 1 sec),Rate,601
09/11/2026 05:59:30,System.Runtime,dotnet.process.memory.working_set (By),Metric,92307456
09/11/2026 05:59:30,System.Runtime,dotnet.thread_pool.thread.count ({thread} / 1 sec),Rate,0
09/11/2026 05:59:30,System.Runtime,dotnet.jit.compilation.time (s / 1 sec),Rate,0
09/11/2026 05:59:31,System.Runtime,dotnet.jit.compiled_il.size (By / 1 sec),Rate,0
09/11/2026 05:59:31,System.Runtime,dotnet.jit.compiled_methods ({method} / 1 sec),Rate,0
09/11/2026 05:59:31,System.Runtime,dotnet.monitor.lock_contentions ({contention} / 1 sec),Rate,0
09/11/2026 05:59:31,System.Runtime,dotnet.gc.collections ({collection} / 1 sec)[gc.heap.generation=gen2],Rate,0
09/11/2026 05:59:31,System.Runtime,dotnet.gc.collections ({collection} / 1 sec)[gc.heap.generation=gen0],Rate,0
09/11/2026 05:59:31,System.Runtime,dotnet.gc.collections ({collection} / 1 sec)[gc.heap.generation=gen1],Rate,0
09/11/2026 05:59:31,System.Runtime,dotnet.process.cpu.time (s / 1 sec)[cpu.mode=system],Rate,0.03578600000000032
09/11/2026 05:59:31,System.Runtime,dotnet.process.cpu.time (s / 1 sec)[cpu.mode=user],Rate,0.5877160000000003
09/11/2026 05:59:31,System.Runtime,dotnet.process.cpu.count ({cpu}),Metric,15
09/11/2026 05:59:31,System.Runtime,dotnet.gc.pause.time (s / 1 sec),Rate,0
09/11/2026 05:59:31,System.Runtime,dotnet.thread_pool.queue.length ({work_item} / 1 sec),Rate,0
09/11/2026 05:59:31,System.Runtime,dotnet.gc.last_collection.memory.committed_size (By),Metric,0
09/11/2026 05:59:31,System.Runtime,dotnet.gc.last_collection.heap.fragmentation.size (By)[gc.heap.generation=gen2],Metric,0
09/11/2026 05:59:31,System.Runtime,dotnet.gc.last_collection.heap.fragmentation.size (By)[gc.heap.generation=gen0],Metric,0
09/11/2026 05:59:31,System.Runtime,dotnet.gc.last_collection.heap.fragmentation.size (By)[gc.heap.generation=gen1],Metric,0
09/11/2026 05:59:31,System.Runtime,dotnet.gc.last_collection.heap.fragmentation.size (By)[gc.heap.generation=poh],Metric,0
09/11/2026 05:59:31,System.Runtime,dotnet.gc.last_collection.heap.fragmentation.size (By)[gc.heap.generation=loh],Metric,0
09/11/2026 05:59:31,System.Runtime,dotnet.timer.count ({timer}),Metric,2
09/11/2026 05:59:31,System.Runtime,dotnet.assembly.count ({assembly}),Metric,61
09/11/2026 05:59:31,System.Runtime,dotnet.gc.heap.total_allocated (By / 1 sec),Rate,139384
09/11/2026 05:59:31,System.Runtime,dotnet.gc.last_collection.heap.size (By)[gc.heap.generation=gen2],Metric,0
09/11/2026 05:59:31,System.Runtime,dotnet.gc.last_collection.heap.size (By)[gc.heap.generation=gen0],Metric,0
09/11/2026 05:59:31,System.Runtime,dotnet.gc.last_collection.heap.size (By)[gc.heap.generation=gen1],Metric,0
09/11/2026 05:59:31,System.Runtime,dotnet.gc.last_collection.heap.size (By)[gc.heap.generation=poh],Metric,0
09/11/2026 05:59:31,System.Runtime,dotnet.gc.last_collection.heap.size (By)[gc.heap.generation=loh],Metric,0
09/11/2026 05:59:31,System.Runtime,dotnet.thread_pool.work_item.count ({work_item} / 1 sec),Rate,601
09/11/2026 05:59:31,System.Runtime,dotnet.process.memory.working_set (By),Metric,92504064
09/11/2026 05:59:31,System.Runtime,dotnet.thread_pool.thread.count ({thread} / 1 sec),Rate,0
09/11/2026 05:59:31,System.Runtime,dotnet.jit.compilation.time (s / 1 sec),Rate,0
09/11/2026 05:59:32,System.Runtime,dotnet.jit.compiled_il.size (By / 1 sec),Rate,0
09/11/2026 05:59:32,System.Runtime,dotnet.jit.compiled_methods ({method} / 1 sec),Rate,0
09/11/2026 05:59:32,System.Runtime,dotnet.monitor.lock_contentions ({contention} / 1 sec),Rate,0
09/11/2026 05:59:32,System.Runtime,dotnet.gc.collections ({collection} / 1 sec)[gc.heap.generation=gen2],Rate,0
09/11/2026 05:59:32,System.Runtime,dotnet.gc.collections ({collection} / 1 sec)[gc.heap.generation=gen0],Rate,0
09/11/2026 05:59:32,System.Runtime,dotnet.gc.collections ({collection} / 1 sec)[gc.heap.generation=gen1],Rate,0
09/11/2026 05:59:32,System.Runtime,dotnet.process.cpu.time (s / 1 sec)[cpu.mode=system],Rate,0.03629199999999999
09/11/2026 05:59:32,System.Runtime,dotnet.process.cpu.time (s / 1 sec)[cpu.mode=user],Rate,0.5903020000000012
09/11/2026 05:59:32,System.Runtime,dotnet.process.cpu.count ({cpu}),Metric,15
09/11/2026 05:59:32,System.Runtime,dotnet.gc.pause.time (s / 1 sec),Rate,0
09/11/2026 05:59:32,System.Runtime,dotnet.thread_pool.queue.length ({work_item} / 1 sec),Rate,0
09/11/2026 05:59:32,System.Runtime,dotnet.gc.last_collection.memory.committed_size (By),Metric,0
09/11/2026 05:59:32,System.Runtime,dotnet.gc.last_collection.heap.fragmentation.size (By)[gc.heap.generation=gen2],Metric,0
09/11/2026 05:59:32,System.Runtime,dotnet.gc.last_collection.heap.fragmentation.size (By)[gc.heap.generation=gen0],Metric,0
09/11/2026 05:59:32,System.Runtime,dotnet.gc.last_collection.heap.fragmentation.size (By)[gc.heap.generation=gen1],Metric,0
09/11/2026 05:59:32,System.Runtime,dotnet.gc.last_collection.heap.fragmentation.size (By)[gc.heap.generation=poh],Metric,0
09/11/2026 05:59:32,System.Runtime,dotnet.gc.last_collection.heap.fragmentation.size (By)[gc.heap.generation=loh],Metric,0
09/11/2026 05:59:32,System.Runtime,dotnet.timer.count ({timer}),Metric,2
09/11/2026 05:59:32,System.Runtime,dotnet.assembly.count ({assembly}),Metric,61
09/11/2026 05:59:32,System.Runtime,dotnet.gc.heap.total_allocated (By / 1 sec),Rate,131200
09/11/2026 05:59:32,System.Runtime,dotnet.gc.last_collection.heap.size (By)[gc.heap.generation=gen2],Metric,0
09/11/2026 05:59:32,System.Runtime,dotnet.gc.last_collection.heap.size (By)[gc.heap.generation=gen0],Metric,0
09/11/2026 05:59:32,System.Runtime,dotnet.gc.last_collection.heap.size (By)[gc.heap.generation=gen1],Metric,0
09/11/2026 05:59:32,System.Runtime,dotnet.gc.last_collection.heap.size (By)[gc.heap.generation=poh],Metric,0
09/11/2026 05:59:32,System.Runtime,dotnet.gc.last_collection.heap.size (By)[gc.heap.generation=loh],Metric,0
09/11/2026 05:59:32,System.Runtime,dotnet.thread_pool.work_item.count ({work_item} / 1 sec),Rate,601
09/11/2026 05:59:32,System.Runtime,dotnet.process.memory.working_set (By),Metric,92635136
09/11/2026 05:59:32,System.Runtime,dotnet.thread_pool.thread.count ({thread} / 1 sec),Rate,0
09/11/2026 05:59:32,System.Runtime,dotnet.jit.compilation.time (s / 1 sec),Rate,0
09/11/2026 05:59:33,System.Runtime,dotnet.jit.compiled_il.size (By / 1 sec),Rate,340
09/11/2026 05:59:33,System.Runtime,dotnet.jit.compiled_methods ({method} / 1 sec),Rate,5
09/11/2026 05:59:33,System.Runtime,dotnet.monitor.lock_contentions ({contention} / 1 sec),Rate,0
09/11/2026 05:59:33,System.Runtime,dotnet.gc.collections ({collection} / 1 sec)[gc.heap.generation=gen2],Rate,0
09/11/2026 05:59:33,System.Runtime,dotnet.gc.collections ({collection} / 1 sec)[gc.heap.generation=gen0],Rate,0
09/11/2026 05:59:33,System.Runtime,dotnet.gc.collections ({collection} / 1 sec)[gc.heap.generation=gen1],Rate,0
09/11/2026 05:59:33,System.Runtime,dotnet.process.cpu.time (s / 1 sec)[cpu.mode=system],Rate,0.036985000000000046
09/11/2026 05:59:33,System.Runtime,dotnet.process.cpu.time (s / 1 sec)[cpu.mode=user],Rate,0.5959369999999993
09/11/2026 05:59:33,System.Runtime,dotnet.process.cpu.count ({cpu}),Metric,15
09/11/2026 05:59:33,System.Runtime,dotnet.gc.pause.time (s / 1 sec),Rate,0
09/11/2026 05:59:33,System.Runtime,dotnet.thread_pool.queue.length ({work_item} / 1 sec),Rate,0
09/11/2026 05:59:33,System.Runtime,dotnet.gc.last_collection.memory.committed_size (By),Metric,0
09/11/2026 05:59:33,System.Runtime,dotnet.gc.last_collection.heap.fragmentation.size (By)[gc.heap.generation=gen2],Metric,0
09/11/2026 05:59:33,System.Runtime,dotnet.gc.last_collection.heap.fragmentation.size (By)[gc.heap.generation=gen0],Metric,0
09/11/2026 05:59:33,System.Runtime,dotnet.gc.last_collection.heap.fragmentation.size (By)[gc.heap.generation=gen1],Metric,0
09/11/2026 05:59:33,System.Runtime,dotnet.gc.last_collection.heap.fragmentation.size (By)[gc.heap.generation=poh],Metric,0
09/11/2026 05:59:33,System.Runtime,dotnet.gc.last_collection.heap.fragmentation.size (By)[gc.heap.generation=loh],Metric,0
09/11/2026 05:59:33,System.Runtime,dotnet.timer.count ({timer}),Metric,2
09/11/2026 05:59:33,System.Runtime,dotnet.assembly.count ({assembly}),Metric,61
09/11/2026 05:59:33,System.Runtime,dotnet.gc.heap.total_allocated (By / 1 sec),Rate,146592
09/11/2026 05:59:33,System.Runtime,dotnet.gc.last_collection.heap.size (By)[gc.heap.generation=gen2],Metric,0
09/11/2026 05:59:33,System.Runtime,dotnet.gc.last_collection.heap.size (By)[gc.heap.generation=gen0],Metric,0
09/11/2026 05:59:33,System.Runtime,dotnet.gc.last_collection.heap.size (By)[gc.heap.generation=gen1],Metric,0
09/11/2026 05:59:33,System.Runtime,dotnet.gc.last_collection.heap.size (By)[gc.heap.generation=poh],Metric,0
09/11/2026 05:59:33,System.Runtime,dotnet.gc.last_collection.heap.size (By)[gc.heap.generation=loh],Metric,0
09/11/2026 05:59:33,System.Runtime,dotnet.thread_pool.work_item.count ({work_item} / 1 sec),Rate,602
09/11/2026 05:59:33,System.Runtime,dotnet.process.memory.working_set (By),Metric,92831744
09/11/2026 05:59:33,System.Runtime,dotnet.thread_pool.thread.count ({thread} / 1 sec),Rate,0
09/11/2026 05:59:33,System.Runtime,dotnet.jit.compilation.time (s / 1 sec),Rate,0.003933900000000046
09/11/2026 05:59:34,System.Runtime,dotnet.jit.compiled_il.size (By / 1 sec),Rate,0
09/11/2026 05:59:34,System.Runtime,dotnet.jit.compiled_methods ({method} / 1 sec),Rate,0
09/11/2026 05:59:34,System.Runtime,dotnet.monitor.lock_contentions ({contention} / 1 sec),Rate,0
09/11/2026 05:59:34,System.Runtime,dotnet.gc.collections ({collection} / 1 sec)[gc.heap.generation=gen2],Rate,0
09/11/2026 05:59:34,System.Runtime,dotnet.gc.collections ({collection} / 1 sec)[gc.heap.generation=gen0],Rate,0
09/11/2026 05:59:34,System.Runtime,dotnet.gc.collections ({collection} / 1 sec)[gc.heap.generation=gen1],Rate,0
09/11/2026 05:59:34,System.Runtime,dotnet.process.cpu.time (s / 1 sec)[cpu.mode=system],Rate,0.03677899999999967
09/11/2026 05:59:34,System.Runtime,dotnet.process.cpu.time (s / 1 sec)[cpu.mode=user],Rate,0.5903379999999956
09/11/2026 05:59:34,System.Runtime,dotnet.process.cpu.count ({cpu}),Metric,15
09/11/2026 05:59:34,System.Runtime,dotnet.gc.pause.time (s / 1 sec),Rate,0
09/11/2026 05:59:34,System.Runtime,dotnet.thread_pool.queue.length ({work_item} / 1 sec),Rate,0
09/11/2026 05:59:34,System.Runtime,dotnet.gc.last_collection.memory.committed_size (By),Metric,0
09/11/2026 05:59:34,System.Runtime,dotnet.gc.last_collection.heap.fragmentation.size (By)[gc.heap.generation=gen2],Metric,0
09/11/2026 05:59:34,System.Runtime,dotnet.gc.last_collection.heap.fragmentation.size (By)[gc.heap.generation=gen0],Metric,0
09/11/2026 05:59:34,System.Runtime,dotnet.gc.last_collection.heap.fragmentation.size (By)[gc.heap.generation=gen1],Metric,0
09/11/2026 05:59:34,System.Runtime,dotnet.gc.last_collection.heap.fragmentation.size (By)[gc.heap.generation=poh],Metric,0
09/11/2026 05:59:34,System.Runtime,dotnet.gc.last_collection.heap.fragmentation.size (By)[gc.heap.generation=loh],Metric,0
09/11/2026 05:59:34,System.Runtime,dotnet.timer.count ({timer}),Metric,3
09/11/2026 05:59:34,System.Runtime,dotnet.assembly.count ({assembly}),Metric,61
09/11/2026 05:59:34,System.Runtime,dotnet.gc.heap.total_allocated (By / 1 sec),Rate,131200
09/11/2026 05:59:34,System.Runtime,dotnet.gc.last_collection.heap.size (By)[gc.heap.generation=gen2],Metric,0
09/11/2026 05:59:34,System.Runtime,dotnet.gc.last_collection.heap.size (By)[gc.heap.generation=gen0],Metric,0
09/11/2026 05:59:34,System.Runtime,dotnet.gc.last_collection.heap.size (By)[gc.heap.generation=gen1],Metric,0
09/11/2026 05:59:34,System.Runtime,dotnet.gc.last_collection.heap.size (By)[gc.heap.generation=poh],Metric,0
09/11/2026 05:59:34,System.Runtime,dotnet.gc.last_collection.heap.size (By)[gc.heap.generation=loh],Metric,0
09/11/2026 05:59:34,System.Runtime,dotnet.thread_pool.work_item.count ({work_item} / 1 sec),Rate,601
09/11/2026 05:59:34,System.Runtime,dotnet.process.memory.working_set (By),Metric,92979200
09/11/2026 05:59:34,System.Runtime,dotnet.thread_pool.thread.count ({thread} / 1 sec),Rate,0
09/11/2026 05:59:34,System.Runtime,dotnet.jit.compilation.time (s / 1 sec),Rate,0
09/11/2026 05:59:35,System.Runtime,dotnet.jit.compiled_il.size (By / 1 sec),Rate,0
09/11/2026 05:59:35,System.Runtime,dotnet.jit.compiled_methods ({method} / 1 sec),Rate,0
09/11/2026 05:59:35,System.Runtime,dotnet.monitor.lock_contentions ({contention} / 1 sec),Rate,0
09/11/2026 05:59:35,System.Runtime,dotnet.gc.collections ({collection} / 1 sec)[gc.heap.generation=gen2],Rate,0
09/11/2026 05:59:35,System.Runtime,dotnet.gc.collections ({collection} / 1 sec)[gc.heap.generation=gen0],Rate,0
09/11/2026 05:59:35,System.Runtime,dotnet.gc.collections ({collection} / 1 sec)[gc.heap.generation=gen1],Rate,0
09/11/2026 05:59:35,System.Runtime,dotnet.process.cpu.time (s / 1 sec)[cpu.mode=system],Rate,0.036524
09/11/2026 05:59:35,System.Runtime,dotnet.process.cpu.time (s / 1 sec)[cpu.mode=user],Rate,0.5904060000000015
09/11/2026 05:59:35,System.Runtime,dotnet.process.cpu.count ({cpu}),Metric,15
09/11/2026 05:59:35,System.Runtime,dotnet.gc.pause.time (s / 1 sec),Rate,0
09/11/2026 05:59:35,System.Runtime,dotnet.thread_pool.queue.length ({work_item} / 1 sec),Rate,0
09/11/2026 05:59:35,System.Runtime,dotnet.gc.last_collection.memory.committed_size (By),Metric,0
09/11/2026 05:59:35,System.Runtime,dotnet.gc.last_collection.heap.fragmentation.size (By)[gc.heap.generation=gen2],Metric,0
09/11/2026 05:59:35,System.Runtime,dotnet.gc.last_collection.heap.fragmentation.size (By)[gc.heap.generation=gen0],Metric,0
09/11/2026 05:59:35,System.Runtime,dotnet.gc.last_collection.heap.fragmentation.size (By)[gc.heap.generation=gen1],Metric,0
09/11/2026 05:59:35,System.Runtime,dotnet.gc.last_collection.heap.fragmentation.size (By)[gc.heap.generation=poh],Metric,0
09/11/2026 05:59:35,System.Runtime,dotnet.gc.last_collection.heap.fragmentation.size (By)[gc.heap.generation=loh],Metric,0
09/11/2026 05:59:35,System.Runtime,dotnet.timer.count ({timer}),Metric,2
09/11/2026 05:59:35,System.Runtime,dotnet.assembly.count ({assembly}),Metric,61
09/11/2026 05:59:35,System.Runtime,dotnet.gc.heap.total_allocated (By / 1 sec),Rate,139384
09/11/2026 05:59:35,System.Runtime,dotnet.gc.last_collection.heap.size (By)[gc.heap.generation=gen2],Metric,0
09/11/2026 05:59:35,System.Runtime,dotnet.gc.last_collection.heap.size (By)[gc.heap.generation=gen0],Metric,0
09/11/2026 05:59:35,System.Runtime,dotnet.gc.last_collection.heap.size (By)[gc.heap.generation=gen1],Metric,0
09/11/2026 05:59:35,System.Runtime,dotnet.gc.last_collection.heap.size (By)[gc.heap.generation=poh],Metric,0
09/11/2026 05:59:35,System.Runtime,dotnet.gc.last_collection.heap.size (By)[gc.heap.generation=loh],Metric,0
09/11/2026 05:59:35,System.Runtime,dotnet.thread_pool.work_item.count ({work_item} / 1 sec),Rate,601
09/11/2026 05:59:35,System.Runtime,dotnet.process.memory.working_set (By),Metric,93126656
09/11/2026 05:59:35,System.Runtime,dotnet.thread_pool.thread.count ({thread} / 1 sec),Rate,0
09/11/2026 05:59:35,System.Runtime,dotnet.jit.compilation.time (s / 1 sec),Rate,0
09/11/2026 05:59:36,System.Runtime,dotnet.jit.compiled_il.size (By / 1 sec),Rate,0
09/11/2026 05:59:36,System.Runtime,dotnet.jit.compiled_methods ({method} / 1 sec),Rate,0
09/11/2026 05:59:36,System.Runtime,dotnet.monitor.lock_contentions ({contention} / 1 sec),Rate,0
09/11/2026 05:59:36,System.Runtime,dotnet.gc.collections ({collection} / 1 sec)[gc.heap.generation=gen2],Rate,0
09/11/2026 05:59:36,System.Runtime,dotnet.gc.collections ({collection} / 1 sec)[gc.heap.generation=gen0],Rate,0
09/11/2026 05:59:36,System.Runtime,dotnet.gc.collections ({collection} / 1 sec)[gc.heap.generation=gen1],Rate,0
09/11/2026 05:59:36,System.Runtime,dotnet.process.cpu.time (s / 1 sec)[cpu.mode=system],Rate,0.03483800000000015
09/11/2026 05:59:36,System.Runtime,dotnet.process.cpu.time (s / 1 sec)[cpu.mode=user],Rate,0.5883389999999977
09/11/2026 05:59:36,System.Runtime,dotnet.process.cpu.count ({cpu}),Metric,15
09/11/2026 05:59:36,System.Runtime,dotnet.gc.pause.time (s / 1 sec),Rate,0
09/11/2026 05:59:36,System.Runtime,dotnet.thread_pool.queue.length ({work_item} / 1 sec),Rate,0
09/11/2026 05:59:36,System.Runtime,dotnet.gc.last_collection.memory.committed_size (By),Metric,0
09/11/2026 05:59:36,System.Runtime,dotnet.gc.last_collection.heap.fragmentation.size (By)[gc.heap.generation=gen2],Metric,0
09/11/2026 05:59:36,System.Runtime,dotnet.gc.last_collection.heap.fragmentation.size (By)[gc.heap.generation=gen0],Metric,0
09/11/2026 05:59:36,System.Runtime,dotnet.gc.last_collection.heap.fragmentation.size (By)[gc.heap.generation=gen1],Metric,0
09/11/2026 05:59:36,System.Runtime,dotnet.gc.last_collection.heap.fragmentation.size (By)[gc.heap.generation=poh],Metric,0
09/11/2026 05:59:36,System.Runtime,dotnet.gc.last_collection.heap.fragmentation.size (By)[gc.heap.generation=loh],Metric,0
09/11/2026 05:59:36,System.Runtime,dotnet.timer.count ({timer}),Metric,2
09/11/2026 05:59:36,System.Runtime,dotnet.assembly.count ({assembly}),Metric,61
09/11/2026 05:59:36,System.Runtime,dotnet.gc.heap.total_allocated (By / 1 sec),Rate,139400
09/11/2026 05:59:36,System.Runtime,dotnet.gc.last_collection.heap.size (By)[gc.heap.generation=gen2],Metric,0
09/11/2026 05:59:36,System.Runtime,dotnet.gc.last_collection.heap.size (By)[gc.heap.generation=gen0],Metric,0
09/11/2026 05:59:36,System.Runtime,dotnet.gc.last_collection.heap.size (By)[gc.heap.generation=gen1],Metric,0
09/11/2026 05:59:36,System.Runtime,dotnet.gc.last_collection.heap.size (By)[gc.heap.generation=poh],Metric,0
09/11/2026 05:59:36,System.Runtime,dotnet.gc.last_collection.heap.size (By)[gc.heap.generation=loh],Metric,0
09/11/2026 05:59:36,System.Runtime,dotnet.thread_pool.work_item.count ({work_item} / 1 sec),Rate,601
09/11/2026 05:59:36,System.Runtime,dotnet.process.memory.working_set (By),Metric,93290496
09/11/2026 05:59:36,System.Runtime,dotnet.thread_pool.thread.count ({thread} / 1 sec),Rate,0
09/11/2026 05:59:36,System.Runtime,dotnet.jit.compilation.time (s / 1 sec),Rate,0
09/11/2026 05:59:37,System.Runtime,dotnet.jit.compiled_il.size (By / 1 sec),Rate,0
09/11/2026 05:59:37,System.Runtime,dotnet.jit.compiled_methods ({method} / 1 sec),Rate,0
09/11/2026 05:59:37,System.Runtime,dotnet.monitor.lock_contentions ({contention} / 1 sec),Rate,0
09/11/2026 05:59:37,System.Runtime,dotnet.gc.collections ({collection} / 1 sec)[gc.heap.generation=gen2],Rate,0
09/11/2026 05:59:37,System.Runtime,dotnet.gc.collections ({collection} / 1 sec)[gc.heap.generation=gen0],Rate,0
09/11/2026 05:59:37,System.Runtime,dotnet.gc.collections ({collection} / 1 sec)[gc.heap.generation=gen1],Rate,0
09/11/2026 05:59:37,System.Runtime,dotnet.process.cpu.time (s / 1 sec)[cpu.mode=system],Rate,0.03678800000000004
09/11/2026 05:59:37,System.Runtime,dotnet.process.cpu.time (s / 1 sec)[cpu.mode=user],Rate,0.5889900000000026
09/11/2026 05:59:37,System.Runtime,dotnet.process.cpu.count ({cpu}),Metric,15
09/11/2026 05:59:37,System.Runtime,dotnet.gc.pause.time (s / 1 sec),Rate,0
09/11/2026 05:59:37,System.Runtime,dotnet.thread_pool.queue.length ({work_item} / 1 sec),Rate,0
09/11/2026 05:59:37,System.Runtime,dotnet.gc.last_collection.memory.committed_size (By),Metric,0
09/11/2026 05:59:37,System.Runtime,dotnet.gc.last_collection.heap.fragmentation.size (By)[gc.heap.generation=gen2],Metric,0
09/11/2026 05:59:37,System.Runtime,dotnet.gc.last_collection.heap.fragmentation.size (By)[gc.heap.generation=gen0],Metric,0
09/11/2026 05:59:37,System.Runtime,dotnet.gc.last_collection.heap.fragmentation.size (By)[gc.heap.generation=gen1],Metric,0
09/11/2026 05:59:37,System.Runtime,dotnet.gc.last_collection.heap.fragmentation.size (By)[gc.heap.generation=poh],Metric,0
09/11/2026 05:59:37,System.Runtime,dotnet.gc.last_collection.heap.fragmentation.size (By)[gc.heap.generation=loh],Metric,0
09/11/2026 05:59:37,System.Runtime,dotnet.timer.count ({timer}),Metric,2
09/11/2026 05:59:37,System.Runtime,dotnet.assembly.count ({assembly}),Metric,61
09/11/2026 05:59:37,System.Runtime,dotnet.gc.heap.total_allocated (By / 1 sec),Rate,121976
09/11/2026 05:59:37,System.Runtime,dotnet.gc.last_collection.heap.size (By)[gc.heap.generation=gen2],Metric,0
09/11/2026 05:59:37,System.Runtime,dotnet.gc.last_collection.heap.size (By)[gc.heap.generation=gen0],Metric,0
09/11/2026 05:59:37,System.Runtime,dotnet.gc.last_collection.heap.size (By)[gc.heap.generation=gen1],Metric,0
09/11/2026 05:59:37,System.Runtime,dotnet.gc.last_collection.heap.size (By)[gc.heap.generation=poh],Metric,0
09/11/2026 05:59:37,System.Runtime,dotnet.gc.last_collection.heap.size (By)[gc.heap.generation=loh],Metric,0
09/11/2026 05:59:37,System.Runtime,dotnet.thread_pool.work_item.count ({work_item} / 1 sec),Rate,601
09/11/2026 05:59:37,System.Runtime,dotnet.process.memory.working_set (By),Metric,93372416
09/11/2026 05:59:37,System.Runtime,dotnet.thread_pool.thread.count ({thread} / 1 sec),Rate,0
09/11/2026 05:59:37,System.Runtime,dotnet.jit.compilation.time (s / 1 sec),Rate,0
09/11/2026 05:59:38,System.Runtime,dotnet.jit.compiled_il.size (By / 1 sec),Rate,0
09/11/2026 05:59:38,System.Runtime,dotnet.jit.compiled_methods ({method} / 1 sec),Rate,0
09/11/2026 05:59:38,System.Runtime,dotnet.monitor.lock_contentions ({contention} / 1 sec),Rate,0
09/11/2026 05:59:38,System.Runtime,dotnet.gc.collections ({collection} / 1 sec)[gc.heap.generation=gen2],Rate,0
09/11/2026 05:59:38,System.Runtime,dotnet.gc.collections ({collection} / 1 sec)[gc.heap.generation=gen0],Rate,0
09/11/2026 05:59:38,System.Runtime,dotnet.gc.collections ({collection} / 1 sec)[gc.heap.generation=gen1],Rate,0
09/11/2026 05:59:38,System.Runtime,dotnet.process.cpu.time (s / 1 sec)[cpu.mode=system],Rate,0.040489
09/11/2026 05:59:38,System.Runtime,dotnet.process.cpu.time (s / 1 sec)[cpu.mode=user],Rate,0.5902650000000023
09/11/2026 05:59:38,System.Runtime,dotnet.process.cpu.count ({cpu}),Metric,15
09/11/2026 05:59:38,System.Runtime,dotnet.gc.pause.time (s / 1 sec),Rate,0
09/11/2026 05:59:38,System.Runtime,dotnet.thread_pool.queue.length ({work_item} / 1 sec),Rate,0
09/11/2026 05:59:38,System.Runtime,dotnet.gc.last_collection.memory.committed_size (By),Metric,0
09/11/2026 05:59:38,System.Runtime,dotnet.gc.last_collection.heap.fragmentation.size (By)[gc.heap.generation=gen2],Metric,0
09/11/2026 05:59:38,System.Runtime,dotnet.gc.last_collection.heap.fragmentation.size (By)[gc.heap.generation=gen0],Metric,0
09/11/2026 05:59:38,System.Runtime,dotnet.gc.last_collection.heap.fragmentation.size (By)[gc.heap.generation=gen1],Metric,0
09/11/2026 05:59:38,System.Runtime,dotnet.gc.last_collection.heap.fragmentation.size (By)[gc.heap.generation=poh],Metric,0
09/11/2026 05:59:38,System.Runtime,dotnet.gc.last_collection.heap.fragmentation.size (By)[gc.heap.generation=loh],Metric,0
09/11/2026 05:59:38,System.Runtime,dotnet.timer.count ({timer}),Metric,2
09/11/2026 05:59:38,System.Runtime,dotnet.assembly.count ({assembly}),Metric,61
09/11/2026 05:59:38,System.Runtime,dotnet.gc.heap.total_allocated (By / 1 sec),Rate,164016
09/11/2026 05:59:38,System.Runtime,dotnet.gc.last_collection.heap.size (By)[gc.heap.generation=gen2],Metric,0
09/11/2026 05:59:38,System.Runtime,dotnet.gc.last_collection.heap.size (By)[gc.heap.generation=gen0],Metric,0
09/11/2026 05:59:38,System.Runtime,dotnet.gc.last_collection.heap.size (By)[gc.heap.generation=gen1],Metric,0
09/11/2026 05:59:38,System.Runtime,dotnet.gc.last_collection.heap.size (By)[gc.heap.generation=poh],Metric,0
09/11/2026 05:59:38,System.Runtime,dotnet.gc.last_collection.heap.size (By)[gc.heap.generation=loh],Metric,0
09/11/2026 05:59:38,System.Runtime,dotnet.thread_pool.work_item.count ({work_item} / 1 sec),Rate,602
09/11/2026 05:59:38,System.Runtime,dotnet.process.memory.working_set (By),Metric,93552640
09/11/2026 05:59:38,System.Runtime,dotnet.thread_pool.thread.count ({thread} / 1 sec),Rate,0
09/11/2026 05:59:38,System.Runtime,dotnet.jit.compilation.time (s / 1 sec),Rate,0
09/11/2026 05:59:39,System.Runtime,dotnet.jit.compiled_il.size (By / 1 sec),Rate,0
09/11/2026 05:59:39,System.Runtime,dotnet.jit.compiled_methods ({method} / 1 sec),Rate,0
09/11/2026 05:59:39,System.Runtime,dotnet.monitor.lock_contentions ({contention} / 1 sec),Rate,0
09/11/2026 05:59:39,System.Runtime,dotnet.gc.collections ({collection} / 1 sec)[gc.heap.generation=gen2],Rate,0
09/11/2026 05:59:39,System.Runtime,dotnet.gc.collections ({collection} / 1 sec)[gc.heap.generation=gen0],Rate,0
09/11/2026 05:59:39,System.Runtime,dotnet.gc.collections ({collection} / 1 sec)[gc.heap.generation=gen1],Rate,0
09/11/2026 05:59:39,System.Runtime,dotnet.process.cpu.time (s / 1 sec)[cpu.mode=system],Rate,0.036792999999999854
09/11/2026 05:59:39,System.Runtime,dotnet.process.cpu.time (s / 1 sec)[cpu.mode=user],Rate,0.5846639999999965
09/11/2026 05:59:39,System.Runtime,dotnet.process.cpu.count ({cpu}),Metric,15
09/11/2026 05:59:39,System.Runtime,dotnet.gc.pause.time (s / 1 sec),Rate,0
09/11/2026 05:59:39,System.Runtime,dotnet.thread_pool.queue.length ({work_item} / 1 sec),Rate,0
09/11/2026 05:59:39,System.Runtime,dotnet.gc.last_collection.memory.committed_size (By),Metric,0
09/11/2026 05:59:39,System.Runtime,dotnet.gc.last_collection.heap.fragmentation.size (By)[gc.heap.generation=gen2],Metric,0
09/11/2026 05:59:39,System.Runtime,dotnet.gc.last_collection.heap.fragmentation.size (By)[gc.heap.generation=gen0],Metric,0
09/11/2026 05:59:39,System.Runtime,dotnet.gc.last_collection.heap.fragmentation.size (By)[gc.heap.generation=gen1],Metric,0
09/11/2026 05:59:39,System.Runtime,dotnet.gc.last_collection.heap.fragmentation.size (By)[gc.heap.generation=poh],Metric,0
09/11/2026 05:59:39,System.Runtime,dotnet.gc.last_collection.heap.fragmentation.size (By)[gc.heap.generation=loh],Metric,0
09/11/2026 05:59:39,System.Runtime,dotnet.timer.count ({timer}),Metric,2
09/11/2026 05:59:39,System.Runtime,dotnet.assembly.count ({assembly}),Metric,61
09/11/2026 05:59:39,System.Runtime,dotnet.gc.heap.total_allocated (By / 1 sec),Rate,122984
09/11/2026 05:59:39,System.Runtime,dotnet.gc.last_collection.heap.size (By)[gc.heap.generation=gen2],Metric,0
09/11/2026 05:59:39,System.Runtime,dotnet.gc.last_collection.heap.size (By)[gc.heap.generation=gen0],Metric,0
09/11/2026 05:59:39,System.Runtime,dotnet.gc.last_collection.heap.size (By)[gc.heap.generation=gen1],Metric,0
09/11/2026 05:59:39,System.Runtime,dotnet.gc.last_collection.heap.size (By)[gc.heap.generation=poh],Metric,0
09/11/2026 05:59:39,System.Runtime,dotnet.gc.last_collection.heap.size (By)[gc.heap.generation=loh],Metric,0
09/11/2026 05:59:39,System.Runtime,dotnet.thread_pool.work_item.count ({work_item} / 1 sec),Rate,601
09/11/2026 05:59:39,System.Runtime,dotnet.process.memory.working_set (By),Metric,93700096
09/11/2026 05:59:39,System.Runtime,dotnet.thread_pool.thread.count ({thread} / 1 sec),Rate,0
09/11/2026 05:59:39,System.Runtime,dotnet.jit.compilation.time (s / 1 sec),Rate,0
09/11/2026 05:59:40,System.Runtime,dotnet.jit.compiled_il.size (By / 1 sec),Rate,0
09/11/2026 05:59:40,System.Runtime,dotnet.jit.compiled_methods ({method} / 1 sec),Rate,0
09/11/2026 05:59:40,System.Runtime,dotnet.monitor.lock_contentions ({contention} / 1 sec),Rate,0
09/11/2026 05:59:40,System.Runtime,dotnet.gc.collections ({collection} / 1 sec)[gc.heap.generation=gen2],Rate,0
09/11/2026 05:59:40,System.Runtime,dotnet.gc.collections ({collection} / 1 sec)[gc.heap.generation=gen0],Rate,0
09/11/2026 05:59:40,System.Runtime,dotnet.gc.collections ({collection} / 1 sec)[gc.heap.generation=gen1],Rate,0
09/11/2026 05:59:40,System.Runtime,dotnet.process.cpu.time (s / 1 sec)[cpu.mode=system],Rate,0.047331000000000234
09/11/2026 05:59:40,System.Runtime,dotnet.process.cpu.time (s / 1 sec)[cpu.mode=user],Rate,0.5816050000000033
09/11/2026 05:59:40,System.Runtime,dotnet.process.cpu.count ({cpu}),Metric,15
09/11/2026 05:59:40,System.Runtime,dotnet.gc.pause.time (s / 1 sec),Rate,0
09/11/2026 05:59:40,System.Runtime,dotnet.thread_pool.queue.length ({work_item} / 1 sec),Rate,0
09/11/2026 05:59:40,System.Runtime,dotnet.gc.last_collection.memory.committed_size (By),Metric,0
09/11/2026 05:59:40,System.Runtime,dotnet.gc.last_collection.heap.fragmentation.size (By)[gc.heap.generation=gen2],Metric,0
09/11/2026 05:59:40,System.Runtime,dotnet.gc.last_collection.heap.fragmentation.size (By)[gc.heap.generation=gen0],Metric,0
09/11/2026 05:59:40,System.Runtime,dotnet.gc.last_collection.heap.fragmentation.size (By)[gc.heap.generation=gen1],Metric,0
09/11/2026 05:59:40,System.Runtime,dotnet.gc.last_collection.heap.fragmentation.size (By)[gc.heap.generation=poh],Metric,0
09/11/2026 05:59:40,System.Runtime,dotnet.gc.last_collection.heap.fragmentation.size (By)[gc.heap.generation=loh],Metric,0
09/11/2026 05:59:40,System.Runtime,dotnet.timer.count ({timer}),Metric,2
09/11/2026 05:59:40,System.Runtime,dotnet.assembly.count ({assembly}),Metric,61
09/11/2026 05:59:40,System.Runtime,dotnet.gc.heap.total_allocated (By / 1 sec),Rate,138248
09/11/2026 05:59:40,System.Runtime,dotnet.gc.last_collection.heap.size (By)[gc.heap.generation=gen2],Metric,0
09/11/2026 05:59:40,System.Runtime,dotnet.gc.last_collection.heap.size (By)[gc.heap.generation=gen0],Metric,0
09/11/2026 05:59:40,System.Runtime,dotnet.gc.last_collection.heap.size (By)[gc.heap.generation=gen1],Metric,0
09/11/2026 05:59:40,System.Runtime,dotnet.gc.last_collection.heap.size (By)[gc.heap.generation=poh],Metric,0
09/11/2026 05:59:40,System.Runtime,dotnet.gc.last_collection.heap.size (By)[gc.heap.generation=loh],Metric,0
09/11/2026 05:59:40,System.Runtime,dotnet.thread_pool.work_item.count ({work_item} / 1 sec),Rate,601
09/11/2026 05:59:40,System.Runtime,dotnet.process.memory.working_set (By),Metric,93863936
09/11/2026 05:59:40,System.Runtime,dotnet.thread_pool.thread.count ({thread} / 1 sec),Rate,0
09/11/2026 05:59:40,System.Runtime,dotnet.jit.compilation.time (s / 1 sec),Rate,0
09/11/2026 05:59:41,System.Runtime,dotnet.jit.compiled_il.size (By / 1 sec),Rate,0
09/11/2026 05:59:41,System.Runtime,dotnet.jit.compiled_methods ({method} / 1 sec),Rate,0
09/11/2026 05:59:41,System.Runtime,dotnet.monitor.lock_contentions ({contention} / 1 sec),Rate,0
09/11/2026 05:59:41,System.Runtime,dotnet.gc.collections ({collection} / 1 sec)[gc.heap.generation=gen2],Rate,0
09/11/2026 05:59:41,System.Runtime,dotnet.gc.collections ({collection} / 1 sec)[gc.heap.generation=gen0],Rate,0
09/11/2026 05:59:41,System.Runtime,dotnet.gc.collections ({collection} / 1 sec)[gc.heap.generation=gen1],Rate,0
09/11/2026 05:59:41,System.Runtime,dotnet.process.cpu.time (s / 1 sec)[cpu.mode=system],Rate,0.035558999999999674
09/11/2026 05:59:41,System.Runtime,dotnet.process.cpu.time (s / 1 sec)[cpu.mode=user],Rate,0.5898269999999997
09/11/2026 05:59:41,System.Runtime,dotnet.process.cpu.count ({cpu}),Metric,15
09/11/2026 05:59:41,System.Runtime,dotnet.gc.pause.time (s / 1 sec),Rate,0
09/11/2026 05:59:41,System.Runtime,dotnet.thread_pool.queue.length ({work_item} / 1 sec),Rate,0
09/11/2026 05:59:41,System.Runtime,dotnet.gc.last_collection.memory.committed_size (By),Metric,0
09/11/2026 05:59:41,System.Runtime,dotnet.gc.last_collection.heap.fragmentation.size (By)[gc.heap.generation=gen2],Metric,0
09/11/2026 05:59:41,System.Runtime,dotnet.gc.last_collection.heap.fragmentation.size (By)[gc.heap.generation=gen0],Metric,0
09/11/2026 05:59:41,System.Runtime,dotnet.gc.last_collection.heap.fragmentation.size (By)[gc.heap.generation=gen1],Metric,0
09/11/2026 05:59:41,System.Runtime,dotnet.gc.last_collection.heap.fragmentation.size (By)[gc.heap.generation=poh],Metric,0
09/11/2026 05:59:41,System.Runtime,dotnet.gc.last_collection.heap.fragmentation.size (By)[gc.heap.generation=loh],Metric,0
09/11/2026 05:59:41,System.Runtime,dotnet.timer.count ({timer}),Metric,3
09/11/2026 05:59:41,System.Runtime,dotnet.assembly.count ({assembly}),Metric,61
09/11/2026 05:59:41,System.Runtime,dotnet.gc.heap.total_allocated (By / 1 sec),Rate,123000
09/11/2026 05:59:41,System.Runtime,dotnet.gc.last_collection.heap.size (By)[gc.heap.generation=gen2],Metric,0
09/11/2026 05:59:41,System.Runtime,dotnet.gc.last_collection.heap.size (By)[gc.heap.generation=gen0],Metric,0
09/11/2026 05:59:41,System.Runtime,dotnet.gc.last_collection.heap.size (By)[gc.heap.generation=gen1],Metric,0
09/11/2026 05:59:41,System.Runtime,dotnet.gc.last_collection.heap.size (By)[gc.heap.generation=poh],Metric,0
09/11/2026 05:59:41,System.Runtime,dotnet.gc.last_collection.heap.size (By)[gc.heap.generation=loh],Metric,0
09/11/2026 05:59:41,System.Runtime,dotnet.thread_pool.work_item.count ({work_item} / 1 sec),Rate,601
09/11/2026 05:59:41,System.Runtime,dotnet.process.memory.working_set (By),Metric,93995008
09/11/2026 05:59:41,System.Runtime,dotnet.thread_pool.thread.count ({thread} / 1 sec),Rate,0
09/11/2026 05:59:41,System.Runtime,dotnet.jit.compilation.time (s / 1 sec),Rate,0
09/11/2026 05:59:42,System.Runtime,dotnet.jit.compiled_il.size (By / 1 sec),Rate,0
09/11/2026 05:59:42,System.Runtime,dotnet.jit.compiled_methods ({method} / 1 sec),Rate,0
09/11/2026 05:59:42,System.Runtime,dotnet.monitor.lock_contentions ({contention} / 1 sec),Rate,0
09/11/2026 05:59:42,System.Runtime,dotnet.gc.collections ({collection} / 1 sec)[gc.heap.generation=gen2],Rate,0
09/11/2026 05:59:42,System.Runtime,dotnet.gc.collections ({collection} / 1 sec)[gc.heap.generation=gen0],Rate,0
09/11/2026 05:59:42,System.Runtime,dotnet.gc.collections ({collection} / 1 sec)[gc.heap.generation=gen1],Rate,0
09/11/2026 05:59:42,System.Runtime,dotnet.process.cpu.time (s / 1 sec)[cpu.mode=system],Rate,0.03424900000000042
09/11/2026 05:59:42,System.Runtime,dotnet.process.cpu.time (s / 1 sec)[cpu.mode=user],Rate,0.570684
09/11/2026 05:59:42,System.Runtime,dotnet.process.cpu.count ({cpu}),Metric,15
09/11/2026 05:59:42,System.Runtime,dotnet.gc.pause.time (s / 1 sec),Rate,0
09/11/2026 05:59:42,System.Runtime,dotnet.thread_pool.queue.length ({work_item} / 1 sec),Rate,0
09/11/2026 05:59:42,System.Runtime,dotnet.gc.last_collection.memory.committed_size (By),Metric,0
09/11/2026 05:59:42,System.Runtime,dotnet.gc.last_collection.heap.fragmentation.size (By)[gc.heap.generation=gen2],Metric,0
09/11/2026 05:59:42,System.Runtime,dotnet.gc.last_collection.heap.fragmentation.size (By)[gc.heap.generation=gen0],Metric,0
09/11/2026 05:59:42,System.Runtime,dotnet.gc.last_collection.heap.fragmentation.size (By)[gc.heap.generation=gen1],Metric,0
09/11/2026 05:59:42,System.Runtime,dotnet.gc.last_collection.heap.fragmentation.size (By)[gc.heap.generation=poh],Metric,0
09/11/2026 05:59:42,System.Runtime,dotnet.gc.last_collection.heap.fragmentation.size (By)[gc.heap.generation=loh],Metric,0
09/11/2026 05:59:42,System.Runtime,dotnet.timer.count ({timer}),Metric,2
09/11/2026 05:59:42,System.Runtime,dotnet.assembly.count ({assembly}),Metric,61
09/11/2026 05:59:42,System.Runtime,dotnet.gc.heap.total_allocated (By / 1 sec),Rate,162976
09/11/2026 05:59:42,System.Runtime,dotnet.gc.last_collection.heap.size (By)[gc.heap.generation=gen2],Metric,0
09/11/2026 05:59:42,System.Runtime,dotnet.gc.last_collection.heap.size (By)[gc.heap.generation=gen0],Metric,0
09/11/2026 05:59:42,System.Runtime,dotnet.gc.last_collection.heap.size (By)[gc.heap.generation=gen1],Metric,0
09/11/2026 05:59:42,System.Runtime,dotnet.gc.last_collection.heap.size (By)[gc.heap.generation=poh],Metric,0
09/11/2026 05:59:42,System.Runtime,dotnet.gc.last_collection.heap.size (By)[gc.heap.generation=loh],Metric,0
09/11/2026 05:59:42,System.Runtime,dotnet.thread_pool.work_item.count ({work_item} / 1 sec),Rate,594
09/11/2026 05:59:42,System.Runtime,dotnet.process.memory.working_set (By),Metric,94191616
09/11/2026 05:59:42,System.Runtime,dotnet.thread_pool.thread.count ({thread} / 1 sec),Rate,0
09/11/2026 05:59:42,System.Runtime,dotnet.jit.compilation.time (s / 1 sec),Rate,0
09/11/2026 05:59:43,System.Runtime,dotnet.jit.compiled_il.size (By / 1 sec),Rate,0
09/11/2026 05:59:43,System.Runtime,dotnet.jit.compiled_methods ({method} / 1 sec),Rate,0
09/11/2026 05:59:43,System.Runtime,dotnet.monitor.lock_contentions ({contention} / 1 sec),Rate,0
09/11/2026 05:59:43,System.Runtime,dotnet.gc.collections ({collection} / 1 sec)[gc.heap.generation=gen2],Rate,0
09/11/2026 05:59:43,System.Runtime,dotnet.gc.collections ({collection} / 1 sec)[gc.heap.generation=gen0],Rate,0
09/11/2026 05:59:43,System.Runtime,dotnet.gc.collections ({collection} / 1 sec)[gc.heap.generation=gen1],Rate,0
09/11/2026 05:59:43,System.Runtime,dotnet.process.cpu.time (s / 1 sec)[cpu.mode=system],Rate,0.03976399999999991
09/11/2026 05:59:43,System.Runtime,dotnet.process.cpu.time (s / 1 sec)[cpu.mode=user],Rate,0.5908149999999992
09/11/2026 05:59:43,System.Runtime,dotnet.process.cpu.count ({cpu}),Metric,15
09/11/2026 05:59:43,System.Runtime,dotnet.gc.pause.time (s / 1 sec),Rate,0
09/11/2026 05:59:43,System.Runtime,dotnet.thread_pool.queue.length ({work_item} / 1 sec),Rate,0
09/11/2026 05:59:43,System.Runtime,dotnet.gc.last_collection.memory.committed_size (By),Metric,0
09/11/2026 05:59:43,System.Runtime,dotnet.gc.last_collection.heap.fragmentation.size (By)[gc.heap.generation=gen2],Metric,0
09/11/2026 05:59:43,System.Runtime,dotnet.gc.last_collection.heap.fragmentation.size (By)[gc.heap.generation=gen0],Metric,0
09/11/2026 05:59:43,System.Runtime,dotnet.gc.last_collection.heap.fragmentation.size (By)[gc.heap.generation=gen1],Metric,0
09/11/2026 05:59:43,System.Runtime,dotnet.gc.last_collection.heap.fragmentation.size (By)[gc.heap.generation=poh],Metric,0
09/11/2026 05:59:43,System.Runtime,dotnet.gc.last_collection.heap.fragmentation.size (By)[gc.heap.generation=loh],Metric,0
09/11/2026 05:59:43,System.Runtime,dotnet.timer.count ({timer}),Metric,2
09/11/2026 05:59:43,System.Runtime,dotnet.assembly.count ({assembly}),Metric,61
09/11/2026 05:59:43,System.Runtime,dotnet.gc.heap.total_allocated (By / 1 sec),Rate,139344
09/11/2026 05:59:43,System.Runtime,dotnet.gc.last_collection.heap.size (By)[gc.heap.generation=gen2],Metric,0
09/11/2026 05:59:43,System.Runtime,dotnet.gc.last_collection.heap.size (By)[gc.heap.generation=gen0],Metric,0
09/11/2026 05:59:43,System.Runtime,dotnet.gc.last_collection.heap.size (By)[gc.heap.generation=gen1],Metric,0
09/11/2026 05:59:43,System.Runtime,dotnet.gc.last_collection.heap.size (By)[gc.heap.generation=poh],Metric,0
09/11/2026 05:59:43,System.Runtime,dotnet.gc.last_collection.heap.size (By)[gc.heap.generation=loh],Metric,0
09/11/2026 05:59:43,System.Runtime,dotnet.thread_pool.work_item.count ({work_item} / 1 sec),Rate,602
09/11/2026 05:59:43,System.Runtime,dotnet.process.memory.working_set (By),Metric,94355456
09/11/2026 05:59:43,System.Runtime,dotnet.thread_pool.thread.count ({thread} / 1 sec),Rate,0
09/11/2026 05:59:43,System.Runtime,dotnet.jit.compilation.time (s / 1 sec),Rate,0
09/11/2026 05:59:44,System.Runtime,dotnet.jit.compiled_il.size (By / 1 sec),Rate,0
09/11/2026 05:59:44,System.Runtime,dotnet.jit.compiled_methods ({method} / 1 sec),Rate,0
09/11/2026 05:59:44,System.Runtime,dotnet.monitor.lock_contentions ({contention} / 1 sec),Rate,0
09/11/2026 05:59:44,System.Runtime,dotnet.gc.collections ({collection} / 1 sec)[gc.heap.generation=gen2],Rate,0
09/11/2026 05:59:44,System.Runtime,dotnet.gc.collections ({collection} / 1 sec)[gc.heap.generation=gen0],Rate,0
09/11/2026 05:59:44,System.Runtime,dotnet.gc.collections ({collection} / 1 sec)[gc.heap.generation=gen1],Rate,0
09/11/2026 05:59:44,System.Runtime,dotnet.process.cpu.time (s / 1 sec)[cpu.mode=system],Rate,0.03625800000000012
09/11/2026 05:59:44,System.Runtime,dotnet.process.cpu.time (s / 1 sec)[cpu.mode=user],Rate,0.590601999999997
09/11/2026 05:59:44,System.Runtime,dotnet.process.cpu.count ({cpu}),Metric,15
09/11/2026 05:59:44,System.Runtime,dotnet.gc.pause.time (s / 1 sec),Rate,0
09/11/2026 05:59:44,System.Runtime,dotnet.thread_pool.queue.length ({work_item} / 1 sec),Rate,0
09/11/2026 05:59:44,System.Runtime,dotnet.gc.last_collection.memory.committed_size (By),Metric,0
09/11/2026 05:59:44,System.Runtime,dotnet.gc.last_collection.heap.fragmentation.size (By)[gc.heap.generation=gen2],Metric,0
09/11/2026 05:59:44,System.Runtime,dotnet.gc.last_collection.heap.fragmentation.size (By)[gc.heap.generation=gen0],Metric,0
09/11/2026 05:59:44,System.Runtime,dotnet.gc.last_collection.heap.fragmentation.size (By)[gc.heap.generation=gen1],Metric,0
09/11/2026 05:59:44,System.Runtime,dotnet.gc.last_collection.heap.fragmentation.size (By)[gc.heap.generation=poh],Metric,0
09/11/2026 05:59:44,System.Runtime,dotnet.gc.last_collection.heap.fragmentation.size (By)[gc.heap.generation=loh],Metric,0
09/11/2026 05:59:44,System.Runtime,dotnet.timer.count ({timer}),Metric,2
09/11/2026 05:59:44,System.Runtime,dotnet.assembly.count ({assembly}),Metric,61
09/11/2026 05:59:44,System.Runtime,dotnet.gc.heap.total_allocated (By / 1 sec),Rate,146536
09/11/2026 05:59:44,System.Runtime,dotnet.gc.last_collection.heap.size (By)[gc.heap.generation=gen2],Metric,0
09/11/2026 05:59:44,System.Runtime,dotnet.gc.last_collection.heap.size (By)[gc.heap.generation=gen0],Metric,0
09/11/2026 05:59:44,System.Runtime,dotnet.gc.last_collection.heap.size (By)[gc.heap.generation=gen1],Metric,0
09/11/2026 05:59:44,System.Runtime,dotnet.gc.last_collection.heap.size (By)[gc.heap.generation=poh],Metric,0
09/11/2026 05:59:44,System.Runtime,dotnet.gc.last_collection.heap.size (By)[gc.heap.generation=loh],Metric,0
09/11/2026 05:59:44,System.Runtime,dotnet.thread_pool.work_item.count ({work_item} / 1 sec),Rate,601
09/11/2026 05:59:44,System.Runtime,dotnet.process.memory.working_set (By),Metric,94502912
09/11/2026 05:59:44,System.Runtime,dotnet.thread_pool.thread.count ({thread} / 1 sec),Rate,0
09/11/2026 05:59:44,System.Runtime,dotnet.jit.compilation.time (s / 1 sec),Rate,0
09/11/2026 05:59:45,System.Runtime,dotnet.jit.compiled_il.size (By / 1 sec),Rate,0
09/11/2026 05:59:45,System.Runtime,dotnet.jit.compiled_methods ({method} / 1 sec),Rate,0
09/11/2026 05:59:45,System.Runtime,dotnet.monitor.lock_contentions ({contention} / 1 sec),Rate,0
09/11/2026 05:59:45,System.Runtime,dotnet.gc.collections ({collection} / 1 sec)[gc.heap.generation=gen2],Rate,0
09/11/2026 05:59:45,System.Runtime,dotnet.gc.collections ({collection} / 1 sec)[gc.heap.generation=gen0],Rate,0
09/11/2026 05:59:45,System.Runtime,dotnet.gc.collections ({collection} / 1 sec)[gc.heap.generation=gen1],Rate,0
09/11/2026 05:59:45,System.Runtime,dotnet.process.cpu.time (s / 1 sec)[cpu.mode=system],Rate,0.03618100000000002
09/11/2026 05:59:45,System.Runtime,dotnet.process.cpu.time (s / 1 sec)[cpu.mode=user],Rate,0.5881290000000021
09/11/2026 05:59:45,System.Runtime,dotnet.process.cpu.count ({cpu}),Metric,15
09/11/2026 05:59:45,System.Runtime,dotnet.gc.pause.time (s / 1 sec),Rate,0
09/11/2026 05:59:45,System.Runtime,dotnet.thread_pool.queue.length ({work_item} / 1 sec),Rate,0
09/11/2026 05:59:45,System.Runtime,dotnet.gc.last_collection.memory.committed_size (By),Metric,0
09/11/2026 05:59:45,System.Runtime,dotnet.gc.last_collection.heap.fragmentation.size (By)[gc.heap.generation=gen2],Metric,0
09/11/2026 05:59:45,System.Runtime,dotnet.gc.last_collection.heap.fragmentation.size (By)[gc.heap.generation=gen0],Metric,0
09/11/2026 05:59:45,System.Runtime,dotnet.gc.last_collection.heap.fragmentation.size (By)[gc.heap.generation=gen1],Metric,0
09/11/2026 05:59:45,System.Runtime,dotnet.gc.last_collection.heap.fragmentation.size (By)[gc.heap.generation=poh],Metric,0
09/11/2026 05:59:45,System.Runtime,dotnet.gc.last_collection.heap.fragmentation.size (By)[gc.heap.generation=loh],Metric,0
09/11/2026 05:59:45,System.Runtime,dotnet.timer.count ({timer}),Metric,2
09/11/2026 05:59:45,System.Runtime,dotnet.assembly.count ({assembly}),Metric,61
09/11/2026 05:59:45,System.Runtime,dotnet.gc.heap.total_allocated (By / 1 sec),Rate,123000
09/11/2026 05:59:45,System.Runtime,dotnet.gc.last_collection.heap.size (By)[gc.heap.generation=gen2],Metric,0
09/11/2026 05:59:45,System.Runtime,dotnet.gc.last_collection.heap.size (By)[gc.heap.generation=gen0],Metric,0
09/11/2026 05:59:45,System.Runtime,dotnet.gc.last_collection.heap.size (By)[gc.heap.generation=gen1],Metric,0
09/11/2026 05:59:45,System.Runtime,dotnet.gc.last_collection.heap.size (By)[gc.heap.generation=poh],Metric,0
09/11/2026 05:59:45,System.Runtime,dotnet.gc.last_collection.heap.size (By)[gc.heap.generation=loh],Metric,0
09/11/2026 05:59:45,System.Runtime,dotnet.thread_pool.work_item.count ({work_item} / 1 sec),Rate,601
09/11/2026 05:59:45,System.Runtime,dotnet.process.memory.working_set (By),Metric,94666752
09/11/2026 05:59:45,System.Runtime,dotnet.thread_pool.thread.count ({thread} / 1 sec),Rate,0
09/11/2026 05:59:45,System.Runtime,dotnet.jit.compilation.time (s / 1 sec),Rate,0
09/11/2026 05:59:46,System.Runtime,dotnet.jit.compiled_il.size (By / 1 sec),Rate,0
09/11/2026 05:59:46,System.Runtime,dotnet.jit.compiled_methods ({method} / 1 sec),Rate,0
09/11/2026 05:59:46,System.Runtime,dotnet.monitor.lock_contentions ({contention} / 1 sec),Rate,0
09/11/2026 05:59:46,System.Runtime,dotnet.gc.collections ({collection} / 1 sec)[gc.heap.generation=gen2],Rate,0
09/11/2026 05:59:46,System.Runtime,dotnet.gc.collections ({collection} / 1 sec)[gc.heap.generation=gen0],Rate,0
09/11/2026 05:59:46,System.Runtime,dotnet.gc.collections ({collection} / 1 sec)[gc.heap.generation=gen1],Rate,0
09/11/2026 05:59:46,System.Runtime,dotnet.process.cpu.time (s / 1 sec)[cpu.mode=system],Rate,0.03615799999999947
09/11/2026 05:59:46,System.Runtime,dotnet.process.cpu.time (s / 1 sec)[cpu.mode=user],Rate,0.5906340000000014
09/11/2026 05:59:46,System.Runtime,dotnet.process.cpu.count ({cpu}),Metric,15
09/11/2026 05:59:46,System.Runtime,dotnet.gc.pause.time (s / 1 sec),Rate,0
09/11/2026 05:59:46,System.Runtime,dotnet.thread_pool.queue.length ({work_item} / 1 sec),Rate,0
09/11/2026 05:59:46,System.Runtime,dotnet.gc.last_collection.memory.committed_size (By),Metric,0
09/11/2026 05:59:46,System.Runtime,dotnet.gc.last_collection.heap.fragmentation.size (By)[gc.heap.generation=gen2],Metric,0
09/11/2026 05:59:46,System.Runtime,dotnet.gc.last_collection.heap.fragmentation.size (By)[gc.heap.generation=gen0],Metric,0
09/11/2026 05:59:46,System.Runtime,dotnet.gc.last_collection.heap.fragmentation.size (By)[gc.heap.generation=gen1],Metric,0
09/11/2026 05:59:46,System.Runtime,dotnet.gc.last_collection.heap.fragmentation.size (By)[gc.heap.generation=poh],Metric,0
09/11/2026 05:59:46,System.Runtime,dotnet.gc.last_collection.heap.fragmentation.size (By)[gc.heap.generation=loh],Metric,0
09/11/2026 05:59:46,System.Runtime,dotnet.timer.count ({timer}),Metric,2
09/11/2026 05:59:46,System.Runtime,dotnet.assembly.count ({assembly}),Metric,61
09/11/2026 05:59:46,System.Runtime,dotnet.gc.heap.total_allocated (By / 1 sec),Rate,146576
09/11/2026 05:59:46,System.Runtime,dotnet.gc.last_collection.heap.size (By)[gc.heap.generation=gen2],Metric,0
09/11/2026 05:59:46,System.Runtime,dotnet.gc.last_collection.heap.size (By)[gc.heap.generation=gen0],Metric,0
09/11/2026 05:59:46,System.Runtime,dotnet.gc.last_collection.heap.size (By)[gc.heap.generation=gen1],Metric,0
09/11/2026 05:59:46,System.Runtime,dotnet.gc.last_collection.heap.size (By)[gc.heap.generation=poh],Metric,0
09/11/2026 05:59:46,System.Runtime,dotnet.gc.last_collection.heap.size (By)[gc.heap.generation=loh],Metric,0
09/11/2026 05:59:46,System.Runtime,dotnet.thread_pool.work_item.count ({work_item} / 1 sec),Rate,601
09/11/2026 05:59:46,System.Runtime,dotnet.process.memory.working_set (By),Metric,94814208
09/11/2026 05:59:46,System.Runtime,dotnet.thread_pool.thread.count ({thread} / 1 sec),Rate,0
09/11/2026 05:59:46,System.Runtime,dotnet.jit.compilation.time (s / 1 sec),Rate,0
09/11/2026 05:59:47,System.Runtime,dotnet.jit.compiled_il.size (By / 1 sec),Rate,0
09/11/2026 05:59:47,System.Runtime,dotnet.jit.compiled_methods ({method} / 1 sec),Rate,0
09/11/2026 05:59:47,System.Runtime,dotnet.monitor.lock_contentions ({contention} / 1 sec),Rate,0
09/11/2026 05:59:47,System.Runtime,dotnet.gc.collections ({collection} / 1 sec)[gc.heap.generation=gen2],Rate,0
09/11/2026 05:59:47,System.Runtime,dotnet.gc.collections ({collection} / 1 sec)[gc.heap.generation=gen0],Rate,0
09/11/2026 05:59:47,System.Runtime,dotnet.gc.collections ({collection} / 1 sec)[gc.heap.generation=gen1],Rate,0
09/11/2026 05:59:47,System.Runtime,dotnet.process.cpu.time (s / 1 sec)[cpu.mode=system],Rate,0.036437000000000275
09/11/2026 05:59:47,System.Runtime,dotnet.process.cpu.time (s / 1 sec)[cpu.mode=user],Rate,0.5906880000000001
09/11/2026 05:59:47,System.Runtime,dotnet.process.cpu.count ({cpu}),Metric,15
09/11/2026 05:59:47,System.Runtime,dotnet.gc.pause.time (s / 1 sec),Rate,0
09/11/2026 05:59:47,System.Runtime,dotnet.thread_pool.queue.length ({work_item} / 1 sec),Rate,0
09/11/2026 05:59:47,System.Runtime,dotnet.gc.last_collection.memory.committed_size (By),Metric,0
09/11/2026 05:59:47,System.Runtime,dotnet.gc.last_collection.heap.fragmentation.size (By)[gc.heap.generation=gen2],Metric,0
09/11/2026 05:59:47,System.Runtime,dotnet.gc.last_collection.heap.fragmentation.size (By)[gc.heap.generation=gen0],Metric,0
09/11/2026 05:59:47,System.Runtime,dotnet.gc.last_collection.heap.fragmentation.size (By)[gc.heap.generation=gen1],Metric,0
09/11/2026 05:59:47,System.Runtime,dotnet.gc.last_collection.heap.fragmentation.size (By)[gc.heap.generation=poh],Metric,0
09/11/2026 05:59:47,System.Runtime,dotnet.gc.last_collection.heap.fragmentation.size (By)[gc.heap.generation=loh],Metric,0
09/11/2026 05:59:47,System.Runtime,dotnet.timer.count ({timer}),Metric,2
09/11/2026 05:59:47,System.Runtime,dotnet.assembly.count ({assembly}),Metric,61
09/11/2026 05:59:47,System.Runtime,dotnet.gc.heap.total_allocated (By / 1 sec),Rate,121928
09/11/2026 05:59:47,System.Runtime,dotnet.gc.last_collection.heap.size (By)[gc.heap.generation=gen2],Metric,0
09/11/2026 05:59:47,System.Runtime,dotnet.gc.last_collection.heap.size (By)[gc.heap.generation=gen0],Metric,0
09/11/2026 05:59:47,System.Runtime,dotnet.gc.last_collection.heap.size (By)[gc.heap.generation=gen1],Metric,0
09/11/2026 05:59:47,System.Runtime,dotnet.gc.last_collection.heap.size (By)[gc.heap.generation=poh],Metric,0
09/11/2026 05:59:47,System.Runtime,dotnet.gc.last_collection.heap.size (By)[gc.heap.generation=loh],Metric,0
09/11/2026 05:59:47,System.Runtime,dotnet.thread_pool.work_item.count ({work_item} / 1 sec),Rate,601
09/11/2026 05:59:47,System.Runtime,dotnet.process.memory.working_set (By),Metric,94945280
09/11/2026 05:59:47,System.Runtime,dotnet.thread_pool.thread.count ({thread} / 1 sec),Rate,0
09/11/2026 05:59:47,System.Runtime,dotnet.jit.compilation.time (s / 1 sec),Rate,0
09/11/2026 05:59:48,System.Runtime,dotnet.jit.compiled_il.size (By / 1 sec),Rate,0
09/11/2026 05:59:48,System.Runtime,dotnet.jit.compiled_methods ({method} / 1 sec),Rate,0
09/11/2026 05:59:48,System.Runtime,dotnet.monitor.lock_contentions ({contention} / 1 sec),Rate,0
09/11/2026 05:59:48,System.Runtime,dotnet.gc.collections ({collection} / 1 sec)[gc.heap.generation=gen2],Rate,0
09/11/2026 05:59:48,System.Runtime,dotnet.gc.collections ({collection} / 1 sec)[gc.heap.generation=gen0],Rate,0
09/11/2026 05:59:48,System.Runtime,dotnet.gc.collections ({collection} / 1 sec)[gc.heap.generation=gen1],Rate,0
09/11/2026 05:59:48,System.Runtime,dotnet.process.cpu.time (s / 1 sec)[cpu.mode=system],Rate,0.03680600000000034
09/11/2026 05:59:48,System.Runtime,dotnet.process.cpu.time (s / 1 sec)[cpu.mode=user],Rate,0.5899050000000017
09/11/2026 05:59:48,System.Runtime,dotnet.process.cpu.count ({cpu}),Metric,15
09/11/2026 05:59:48,System.Runtime,dotnet.gc.pause.time (s / 1 sec),Rate,0
09/11/2026 05:59:48,System.Runtime,dotnet.thread_pool.queue.length ({work_item} / 1 sec),Rate,0
09/11/2026 05:59:48,System.Runtime,dotnet.gc.last_collection.memory.committed_size (By),Metric,0
09/11/2026 05:59:48,System.Runtime,dotnet.gc.last_collection.heap.fragmentation.size (By)[gc.heap.generation=gen2],Metric,0
09/11/2026 05:59:48,System.Runtime,dotnet.gc.last_collection.heap.fragmentation.size (By)[gc.heap.generation=gen0],Metric,0
09/11/2026 05:59:48,System.Runtime,dotnet.gc.last_collection.heap.fragmentation.size (By)[gc.heap.generation=gen1],Metric,0
09/11/2026 05:59:48,System.Runtime,dotnet.gc.last_collection.heap.fragmentation.size (By)[gc.heap.generation=poh],Metric,0
09/11/2026 05:59:48,System.Runtime,dotnet.gc.last_collection.heap.fragmentation.size (By)[gc.heap.generation=loh],Metric,0
09/11/2026 05:59:48,System.Runtime,dotnet.timer.count ({timer}),Metric,2
09/11/2026 05:59:48,System.Runtime,dotnet.assembly.count ({assembly}),Metric,61
09/11/2026 05:59:48,System.Runtime,dotnet.gc.heap.total_allocated (By / 1 sec),Rate,154664
09/11/2026 05:59:48,System.Runtime,dotnet.gc.last_collection.heap.size (By)[gc.heap.generation=gen2],Metric,0
09/11/2026 05:59:48,System.Runtime,dotnet.gc.last_collection.heap.size (By)[gc.heap.generation=gen0],Metric,0
09/11/2026 05:59:48,System.Runtime,dotnet.gc.last_collection.heap.size (By)[gc.heap.generation=gen1],Metric,0
09/11/2026 05:59:48,System.Runtime,dotnet.gc.last_collection.heap.size (By)[gc.heap.generation=poh],Metric,0
09/11/2026 05:59:48,System.Runtime,dotnet.gc.last_collection.heap.size (By)[gc.heap.generation=loh],Metric,0
09/11/2026 05:59:48,System.Runtime,dotnet.thread_pool.work_item.count ({work_item} / 1 sec),Rate,602
09/11/2026 05:59:48,System.Runtime,dotnet.process.memory.working_set (By),Metric,95109120
09/11/2026 05:59:48,System.Runtime,dotnet.thread_pool.thread.count ({thread} / 1 sec),Rate,0
09/11/2026 05:59:48,System.Runtime,dotnet.jit.compilation.time (s / 1 sec),Rate,0
09/11/2026 05:59:49,System.Runtime,dotnet.jit.compiled_il.size (By / 1 sec),Rate,0
09/11/2026 05:59:49,System.Runtime,dotnet.jit.compiled_methods ({method} / 1 sec),Rate,0
09/11/2026 05:59:49,System.Runtime,dotnet.monitor.lock_contentions ({contention} / 1 sec),Rate,0
09/11/2026 05:59:49,System.Runtime,dotnet.gc.collections ({collection} / 1 sec)[gc.heap.generation=gen2],Rate,0
09/11/2026 05:59:49,System.Runtime,dotnet.gc.collections ({collection} / 1 sec)[gc.heap.generation=gen0],Rate,0
09/11/2026 05:59:49,System.Runtime,dotnet.gc.collections ({collection} / 1 sec)[gc.heap.generation=gen1],Rate,0
09/11/2026 05:59:49,System.Runtime,dotnet.process.cpu.time (s / 1 sec)[cpu.mode=system],Rate,0.036710999999999494
09/11/2026 05:59:49,System.Runtime,dotnet.process.cpu.time (s / 1 sec)[cpu.mode=user],Rate,0.5851939999999942
09/11/2026 05:59:49,System.Runtime,dotnet.process.cpu.count ({cpu}),Metric,15
09/11/2026 05:59:49,System.Runtime,dotnet.gc.pause.time (s / 1 sec),Rate,0
09/11/2026 05:59:49,System.Runtime,dotnet.thread_pool.queue.length ({work_item} / 1 sec),Rate,0
09/11/2026 05:59:49,System.Runtime,dotnet.gc.last_collection.memory.committed_size (By),Metric,0
09/11/2026 05:59:49,System.Runtime,dotnet.gc.last_collection.heap.fragmentation.size (By)[gc.heap.generation=gen2],Metric,0
09/11/2026 05:59:49,System.Runtime,dotnet.gc.last_collection.heap.fragmentation.size (By)[gc.heap.generation=gen0],Metric,0
09/11/2026 05:59:49,System.Runtime,dotnet.gc.last_collection.heap.fragmentation.size (By)[gc.heap.generation=gen1],Metric,0
09/11/2026 05:59:49,System.Runtime,dotnet.gc.last_collection.heap.fragmentation.size (By)[gc.heap.generation=poh],Metric,0
09/11/2026 05:59:49,System.Runtime,dotnet.gc.last_collection.heap.fragmentation.size (By)[gc.heap.generation=loh],Metric,0
09/11/2026 05:59:49,System.Runtime,dotnet.timer.count ({timer}),Metric,2
09/11/2026 05:59:49,System.Runtime,dotnet.assembly.count ({assembly}),Metric,61
09/11/2026 05:59:49,System.Runtime,dotnet.gc.heap.total_allocated (By / 1 sec),Rate,131200
09/11/2026 05:59:49,System.Runtime,dotnet.gc.last_collection.heap.size (By)[gc.heap.generation=gen2],Metric,0
09/11/2026 05:59:49,System.Runtime,dotnet.gc.last_collection.heap.size (By)[gc.heap.generation=gen0],Metric,0
09/11/2026 05:59:49,System.Runtime,dotnet.gc.last_collection.heap.size (By)[gc.heap.generation=gen1],Metric,0
09/11/2026 05:59:49,System.Runtime,dotnet.gc.last_collection.heap.size (By)[gc.heap.generation=poh],Metric,0
09/11/2026 05:59:49,System.Runtime,dotnet.gc.last_collection.heap.size (By)[gc.heap.generation=loh],Metric,0
09/11/2026 05:59:49,System.Runtime,dotnet.thread_pool.work_item.count ({work_item} / 1 sec),Rate,601
09/11/2026 05:59:49,System.Runtime,dotnet.process.memory.working_set (By),Metric,95272960
09/11/2026 05:59:49,System.Runtime,dotnet.thread_pool.thread.count ({thread} / 1 sec),Rate,0
09/11/2026 05:59:49,System.Runtime,dotnet.jit.compilation.time (s / 1 sec),Rate,0
09/11/2026 05:59:50,System.Runtime,dotnet.jit.compiled_il.size (By / 1 sec),Rate,0
09/11/2026 05:59:50,System.Runtime,dotnet.jit.compiled_methods ({method} / 1 sec),Rate,0
09/11/2026 05:59:50,System.Runtime,dotnet.monitor.lock_contentions ({contention} / 1 sec),Rate,0
09/11/2026 05:59:50,System.Runtime,dotnet.gc.collections ({collection} / 1 sec)[gc.heap.generation=gen2],Rate,0
09/11/2026 05:59:50,System.Runtime,dotnet.gc.collections ({collection} / 1 sec)[gc.heap.generation=gen0],Rate,0
09/11/2026 05:59:50,System.Runtime,dotnet.gc.collections ({collection} / 1 sec)[gc.heap.generation=gen1],Rate,0
09/11/2026 05:59:50,System.Runtime,dotnet.process.cpu.time (s / 1 sec)[cpu.mode=system],Rate,0.03608600000000006
09/11/2026 05:59:50,System.Runtime,dotnet.process.cpu.time (s / 1 sec)[cpu.mode=user],Rate,0.589227000000001
09/11/2026 05:59:50,System.Runtime,dotnet.process.cpu.count ({cpu}),Metric,15
09/11/2026 05:59:50,System.Runtime,dotnet.gc.pause.time (s / 1 sec),Rate,0
09/11/2026 05:59:50,System.Runtime,dotnet.thread_pool.queue.length ({work_item} / 1 sec),Rate,0
09/11/2026 05:59:50,System.Runtime,dotnet.gc.last_collection.memory.committed_size (By),Metric,0
09/11/2026 05:59:50,System.Runtime,dotnet.gc.last_collection.heap.fragmentation.size (By)[gc.heap.generation=gen2],Metric,0
09/11/2026 05:59:50,System.Runtime,dotnet.gc.last_collection.heap.fragmentation.size (By)[gc.heap.generation=gen0],Metric,0
09/11/2026 05:59:50,System.Runtime,dotnet.gc.last_collection.heap.fragmentation.size (By)[gc.heap.generation=gen1],Metric,0
09/11/2026 05:59:50,System.Runtime,dotnet.gc.last_collection.heap.fragmentation.size (By)[gc.heap.generation=poh],Metric,0
09/11/2026 05:59:50,System.Runtime,dotnet.gc.last_collection.heap.fragmentation.size (By)[gc.heap.generation=loh],Metric,0
09/11/2026 05:59:50,System.Runtime,dotnet.timer.count ({timer}),Metric,2
09/11/2026 05:59:50,System.Runtime,dotnet.assembly.count ({assembly}),Metric,61
09/11/2026 05:59:50,System.Runtime,dotnet.gc.heap.total_allocated (By / 1 sec),Rate,130160
09/11/2026 05:59:50,System.Runtime,dotnet.gc.last_collection.heap.size (By)[gc.heap.generation=gen2],Metric,0
09/11/2026 05:59:50,System.Runtime,dotnet.gc.last_collection.heap.size (By)[gc.heap.generation=gen0],Metric,0
09/11/2026 05:59:50,System.Runtime,dotnet.gc.last_collection.heap.size (By)[gc.heap.generation=gen1],Metric,0
09/11/2026 05:59:50,System.Runtime,dotnet.gc.last_collection.heap.size (By)[gc.heap.generation=poh],Metric,0
09/11/2026 05:59:50,System.Runtime,dotnet.gc.last_collection.heap.size (By)[gc.heap.generation=loh],Metric,0
09/11/2026 05:59:50,System.Runtime,dotnet.thread_pool.work_item.count ({work_item} / 1 sec),Rate,601
09/11/2026 05:59:50,System.Runtime,dotnet.process.memory.working_set (By),Metric,95420416
09/11/2026 05:59:50,System.Runtime,dotnet.thread_pool.thread.count ({thread} / 1 sec),Rate,0
09/11/2026 05:59:50,System.Runtime,dotnet.jit.compilation.time (s / 1 sec),Rate,0
09/11/2026 05:59:51,System.Runtime,dotnet.jit.compiled_il.size (By / 1 sec),Rate,0
09/11/2026 05:59:51,System.Runtime,dotnet.jit.compiled_methods ({method} / 1 sec),Rate,0
09/11/2026 05:59:51,System.Runtime,dotnet.monitor.lock_contentions ({contention} / 1 sec),Rate,0
09/11/2026 05:59:51,System.Runtime,dotnet.gc.collections ({collection} / 1 sec)[gc.heap.generation=gen2],Rate,0
09/11/2026 05:59:51,System.Runtime,dotnet.gc.collections ({collection} / 1 sec)[gc.heap.generation=gen0],Rate,0
09/11/2026 05:59:51,System.Runtime,dotnet.gc.collections ({collection} / 1 sec)[gc.heap.generation=gen1],Rate,0
09/11/2026 05:59:51,System.Runtime,dotnet.process.cpu.time (s / 1 sec)[cpu.mode=system],Rate,0.03701500000000024
09/11/2026 05:59:51,System.Runtime,dotnet.process.cpu.time (s / 1 sec)[cpu.mode=user],Rate,0.5903410000000022
09/11/2026 05:59:51,System.Runtime,dotnet.process.cpu.count ({cpu}),Metric,15
09/11/2026 05:59:51,System.Runtime,dotnet.gc.pause.time (s / 1 sec),Rate,0
09/11/2026 05:59:51,System.Runtime,dotnet.thread_pool.queue.length ({work_item} / 1 sec),Rate,0
09/11/2026 05:59:51,System.Runtime,dotnet.gc.last_collection.memory.committed_size (By),Metric,0
09/11/2026 05:59:51,System.Runtime,dotnet.gc.last_collection.heap.fragmentation.size (By)[gc.heap.generation=gen2],Metric,0
09/11/2026 05:59:51,System.Runtime,dotnet.gc.last_collection.heap.fragmentation.size (By)[gc.heap.generation=gen0],Metric,0
09/11/2026 05:59:51,System.Runtime,dotnet.gc.last_collection.heap.fragmentation.size (By)[gc.heap.generation=gen1],Metric,0
09/11/2026 05:59:51,System.Runtime,dotnet.gc.last_collection.heap.fragmentation.size (By)[gc.heap.generation=poh],Metric,0
09/11/2026 05:59:51,System.Runtime,dotnet.gc.last_collection.heap.fragmentation.size (By)[gc.heap.generation=loh],Metric,0
09/11/2026 05:59:51,System.Runtime,dotnet.timer.count ({timer}),Metric,2
09/11/2026 05:59:51,System.Runtime,dotnet.assembly.count ({assembly}),Metric,61
09/11/2026 05:59:51,System.Runtime,dotnet.gc.heap.total_allocated (By / 1 sec),Rate,138376
09/11/2026 05:59:51,System.Runtime,dotnet.gc.last_collection.heap.size (By)[gc.heap.generation=gen2],Metric,0
09/11/2026 05:59:51,System.Runtime,dotnet.gc.last_collection.heap.size (By)[gc.heap.generation=gen0],Metric,0
09/11/2026 05:59:51,System.Runtime,dotnet.gc.last_collection.heap.size (By)[gc.heap.generation=gen1],Metric,0
09/11/2026 05:59:51,System.Runtime,dotnet.gc.last_collection.heap.size (By)[gc.heap.generation=poh],Metric,0
09/11/2026 05:59:51,System.Runtime,dotnet.gc.last_collection.heap.size (By)[gc.heap.generation=loh],Metric,0
09/11/2026 05:59:51,System.Runtime,dotnet.thread_pool.work_item.count ({work_item} / 1 sec),Rate,601
09/11/2026 05:59:51,System.Runtime,dotnet.process.memory.working_set (By),Metric,95584256
09/11/2026 05:59:51,System.Runtime,dotnet.thread_pool.thread.count ({thread} / 1 sec),Rate,0
09/11/2026 05:59:51,System.Runtime,dotnet.jit.compilation.time (s / 1 sec),Rate,0
09/11/2026 05:59:52,System.Runtime,dotnet.jit.compiled_il.size (By / 1 sec),Rate,0
09/11/2026 05:59:52,System.Runtime,dotnet.jit.compiled_methods ({method} / 1 sec),Rate,0
09/11/2026 05:59:52,System.Runtime,dotnet.monitor.lock_contentions ({contention} / 1 sec),Rate,0
09/11/2026 05:59:52,System.Runtime,dotnet.gc.collections ({collection} / 1 sec)[gc.heap.generation=gen2],Rate,0
09/11/2026 05:59:52,System.Runtime,dotnet.gc.collections ({collection} / 1 sec)[gc.heap.generation=gen0],Rate,0
09/11/2026 05:59:52,System.Runtime,dotnet.gc.collections ({collection} / 1 sec)[gc.heap.generation=gen1],Rate,0
09/11/2026 05:59:52,System.Runtime,dotnet.process.cpu.time (s / 1 sec)[cpu.mode=system],Rate,0.03600400000000015
09/11/2026 05:59:52,System.Runtime,dotnet.process.cpu.time (s / 1 sec)[cpu.mode=user],Rate,0.5917600000000007
09/11/2026 05:59:52,System.Runtime,dotnet.process.cpu.count ({cpu}),Metric,15
09/11/2026 05:59:52,System.Runtime,dotnet.gc.pause.time (s / 1 sec),Rate,0
09/11/2026 05:59:52,System.Runtime,dotnet.thread_pool.queue.length ({work_item} / 1 sec),Rate,0
09/11/2026 05:59:52,System.Runtime,dotnet.gc.last_collection.memory.committed_size (By),Metric,0
09/11/2026 05:59:52,System.Runtime,dotnet.gc.last_collection.heap.fragmentation.size (By)[gc.heap.generation=gen2],Metric,0
09/11/2026 05:59:52,System.Runtime,dotnet.gc.last_collection.heap.fragmentation.size (By)[gc.heap.generation=gen0],Metric,0
09/11/2026 05:59:52,System.Runtime,dotnet.gc.last_collection.heap.fragmentation.size (By)[gc.heap.generation=gen1],Metric,0
09/11/2026 05:59:52,System.Runtime,dotnet.gc.last_collection.heap.fragmentation.size (By)[gc.heap.generation=poh],Metric,0
09/11/2026 05:59:52,System.Runtime,dotnet.gc.last_collection.heap.fragmentation.size (By)[gc.heap.generation=loh],Metric,0
09/11/2026 05:59:52,System.Runtime,dotnet.timer.count ({timer}),Metric,2
09/11/2026 05:59:52,System.Runtime,dotnet.assembly.count ({assembly}),Metric,61
09/11/2026 05:59:52,System.Runtime,dotnet.gc.heap.total_allocated (By / 1 sec),Rate,146576
09/11/2026 05:59:52,System.Runtime,dotnet.gc.last_collection.heap.size (By)[gc.heap.generation=gen2],Metric,0
09/11/2026 05:59:52,System.Runtime,dotnet.gc.last_collection.heap.size (By)[gc.heap.generation=gen0],Metric,0
09/11/2026 05:59:52,System.Runtime,dotnet.gc.last_collection.heap.size (By)[gc.heap.generation=gen1],Metric,0
09/11/2026 05:59:52,System.Runtime,dotnet.gc.last_collection.heap.size (By)[gc.heap.generation=poh],Metric,0
09/11/2026 05:59:52,System.Runtime,dotnet.gc.last_collection.heap.size (By)[gc.heap.generation=loh],Metric,0
09/11/2026 05:59:52,System.Runtime,dotnet.thread_pool.work_item.count ({work_item} / 1 sec),Rate,601
09/11/2026 05:59:52,System.Runtime,dotnet.process.memory.working_set (By),Metric,95748096
09/11/2026 05:59:52,System.Runtime,dotnet.thread_pool.thread.count ({thread} / 1 sec),Rate,0
09/11/2026 05:59:52,System.Runtime,dotnet.jit.compilation.time (s / 1 sec),Rate,0
09/11/2026 05:59:53,System.Runtime,dotnet.jit.compiled_il.size (By / 1 sec),Rate,899
09/11/2026 05:59:53,System.Runtime,dotnet.jit.compiled_methods ({method} / 1 sec),Rate,5
09/11/2026 05:59:53,System.Runtime,dotnet.monitor.lock_contentions ({contention} / 1 sec),Rate,0
09/11/2026 05:59:53,System.Runtime,dotnet.gc.collections ({collection} / 1 sec)[gc.heap.generation=gen2],Rate,0
09/11/2026 05:59:53,System.Runtime,dotnet.gc.collections ({collection} / 1 sec)[gc.heap.generation=gen0],Rate,0
09/11/2026 05:59:53,System.Runtime,dotnet.gc.collections ({collection} / 1 sec)[gc.heap.generation=gen1],Rate,0
09/11/2026 05:59:53,System.Runtime,dotnet.process.cpu.time (s / 1 sec)[cpu.mode=system],Rate,0.03556699999999946
09/11/2026 05:59:53,System.Runtime,dotnet.process.cpu.time (s / 1 sec)[cpu.mode=user],Rate,0.5921850000000006
09/11/2026 05:59:53,System.Runtime,dotnet.process.cpu.count ({cpu}),Metric,15
09/11/2026 05:59:53,System.Runtime,dotnet.gc.pause.time (s / 1 sec),Rate,0
09/11/2026 05:59:53,System.Runtime,dotnet.thread_pool.queue.length ({work_item} / 1 sec),Rate,0
09/11/2026 05:59:53,System.Runtime,dotnet.gc.last_collection.memory.committed_size (By),Metric,0
09/11/2026 05:59:53,System.Runtime,dotnet.gc.last_collection.heap.fragmentation.size (By)[gc.heap.generation=gen2],Metric,0
09/11/2026 05:59:53,System.Runtime,dotnet.gc.last_collection.heap.fragmentation.size (By)[gc.heap.generation=gen0],Metric,0
09/11/2026 05:59:53,System.Runtime,dotnet.gc.last_collection.heap.fragmentation.size (By)[gc.heap.generation=gen1],Metric,0
09/11/2026 05:59:53,System.Runtime,dotnet.gc.last_collection.heap.fragmentation.size (By)[gc.heap.generation=poh],Metric,0
09/11/2026 05:59:53,System.Runtime,dotnet.gc.last_collection.heap.fragmentation.size (By)[gc.heap.generation=loh],Metric,0
09/11/2026 05:59:53,System.Runtime,dotnet.timer.count ({timer}),Metric,2
09/11/2026 05:59:53,System.Runtime,dotnet.assembly.count ({assembly}),Metric,61
09/11/2026 05:59:53,System.Runtime,dotnet.gc.heap.total_allocated (By / 1 sec),Rate,145440
09/11/2026 05:59:53,System.Runtime,dotnet.gc.last_collection.heap.size (By)[gc.heap.generation=gen2],Metric,0
09/11/2026 05:59:53,System.Runtime,dotnet.gc.last_collection.heap.size (By)[gc.heap.generation=gen0],Metric,0
09/11/2026 05:59:53,System.Runtime,dotnet.gc.last_collection.heap.size (By)[gc.heap.generation=gen1],Metric,0
09/11/2026 05:59:53,System.Runtime,dotnet.gc.last_collection.heap.size (By)[gc.heap.generation=poh],Metric,0
09/11/2026 05:59:53,System.Runtime,dotnet.gc.last_collection.heap.size (By)[gc.heap.generation=loh],Metric,0
09/11/2026 05:59:53,System.Runtime,dotnet.thread_pool.work_item.count ({work_item} / 1 sec),Rate,602
09/11/2026 05:59:53,System.Runtime,dotnet.process.memory.working_set (By),Metric,96010240
09/11/2026 05:59:53,System.Runtime,dotnet.thread_pool.thread.count ({thread} / 1 sec),Rate,0
09/11/2026 05:59:53,System.Runtime,dotnet.jit.compilation.time (s / 1 sec),Rate,0.004468099999999975
09/11/2026 05:59:54,System.Runtime,dotnet.jit.compiled_il.size (By / 1 sec),Rate,0
09/11/2026 05:59:54,System.Runtime,dotnet.jit.compiled_methods ({method} / 1 sec),Rate,0
09/11/2026 05:59:54,System.Runtime,dotnet.monitor.lock_contentions ({contention} / 1 sec),Rate,0
09/11/2026 05:59:54,System.Runtime,dotnet.gc.collections ({collection} / 1 sec)[gc.heap.generation=gen2],Rate,0
09/11/2026 05:59:54,System.Runtime,dotnet.gc.collections ({collection} / 1 sec)[gc.heap.generation=gen0],Rate,0
09/11/2026 05:59:54,System.Runtime,dotnet.gc.collections ({collection} / 1 sec)[gc.heap.generation=gen1],Rate,0
09/11/2026 05:59:54,System.Runtime,dotnet.process.cpu.time (s / 1 sec)[cpu.mode=system],Rate,0.03714100000000009
09/11/2026 05:59:54,System.Runtime,dotnet.process.cpu.time (s / 1 sec)[cpu.mode=user],Rate,0.5869209999999967
09/11/2026 05:59:54,System.Runtime,dotnet.process.cpu.count ({cpu}),Metric,15
09/11/2026 05:59:54,System.Runtime,dotnet.gc.pause.time (s / 1 sec),Rate,0
09/11/2026 05:59:54,System.Runtime,dotnet.thread_pool.queue.length ({work_item} / 1 sec),Rate,0
09/11/2026 05:59:54,System.Runtime,dotnet.gc.last_collection.memory.committed_size (By),Metric,0
09/11/2026 05:59:54,System.Runtime,dotnet.gc.last_collection.heap.fragmentation.size (By)[gc.heap.generation=gen2],Metric,0
09/11/2026 05:59:54,System.Runtime,dotnet.gc.last_collection.heap.fragmentation.size (By)[gc.heap.generation=gen0],Metric,0
09/11/2026 05:59:54,System.Runtime,dotnet.gc.last_collection.heap.fragmentation.size (By)[gc.heap.generation=gen1],Metric,0
09/11/2026 05:59:54,System.Runtime,dotnet.gc.last_collection.heap.fragmentation.size (By)[gc.heap.generation=poh],Metric,0
09/11/2026 05:59:54,System.Runtime,dotnet.gc.last_collection.heap.fragmentation.size (By)[gc.heap.generation=loh],Metric,0
09/11/2026 05:59:54,System.Runtime,dotnet.timer.count ({timer}),Metric,2
09/11/2026 05:59:54,System.Runtime,dotnet.assembly.count ({assembly}),Metric,61
09/11/2026 05:59:54,System.Runtime,dotnet.gc.heap.total_allocated (By / 1 sec),Rate,131200
09/11/2026 05:59:54,System.Runtime,dotnet.gc.last_collection.heap.size (By)[gc.heap.generation=gen2],Metric,0
09/11/2026 05:59:54,System.Runtime,dotnet.gc.last_collection.heap.size (By)[gc.heap.generation=gen0],Metric,0
09/11/2026 05:59:54,System.Runtime,dotnet.gc.last_collection.heap.size (By)[gc.heap.generation=gen1],Metric,0
09/11/2026 05:59:54,System.Runtime,dotnet.gc.last_collection.heap.size (By)[gc.heap.generation=poh],Metric,0
09/11/2026 05:59:54,System.Runtime,dotnet.gc.last_collection.heap.size (By)[gc.heap.generation=loh],Metric,0
09/11/2026 05:59:54,System.Runtime,dotnet.thread_pool.work_item.count ({work_item} / 1 sec),Rate,601
09/11/2026 05:59:54,System.Runtime,dotnet.process.memory.working_set (By),Metric,96141312
09/11/2026 05:59:54,System.Runtime,dotnet.thread_pool.thread.count ({thread} / 1 sec),Rate,0
09/11/2026 05:59:54,System.Runtime,dotnet.jit.compilation.time (s / 1 sec),Rate,0
09/11/2026 05:59:55,System.Runtime,dotnet.jit.compiled_il.size (By / 1 sec),Rate,0
09/11/2026 05:59:55,System.Runtime,dotnet.jit.compiled_methods ({method} / 1 sec),Rate,0
09/11/2026 05:59:55,System.Runtime,dotnet.monitor.lock_contentions ({contention} / 1 sec),Rate,0
09/11/2026 05:59:55,System.Runtime,dotnet.gc.collections ({collection} / 1 sec)[gc.heap.generation=gen2],Rate,0
09/11/2026 05:59:55,System.Runtime,dotnet.gc.collections ({collection} / 1 sec)[gc.heap.generation=gen0],Rate,0
09/11/2026 05:59:55,System.Runtime,dotnet.gc.collections ({collection} / 1 sec)[gc.heap.generation=gen1],Rate,0
09/11/2026 05:59:55,System.Runtime,dotnet.process.cpu.time (s / 1 sec)[cpu.mode=system],Rate,0.039384000000000086
09/11/2026 05:59:55,System.Runtime,dotnet.process.cpu.time (s / 1 sec)[cpu.mode=user],Rate,0.5904560000000032
09/11/2026 05:59:55,System.Runtime,dotnet.process.cpu.count ({cpu}),Metric,15
09/11/2026 05:59:55,System.Runtime,dotnet.gc.pause.time (s / 1 sec),Rate,0
09/11/2026 05:59:55,System.Runtime,dotnet.thread_pool.queue.length ({work_item} / 1 sec),Rate,0
09/11/2026 05:59:55,System.Runtime,dotnet.gc.last_collection.memory.committed_size (By),Metric,0
09/11/2026 05:59:55,System.Runtime,dotnet.gc.last_collection.heap.fragmentation.size (By)[gc.heap.generation=gen2],Metric,0
09/11/2026 05:59:55,System.Runtime,dotnet.gc.last_collection.heap.fragmentation.size (By)[gc.heap.generation=gen0],Metric,0
09/11/2026 05:59:55,System.Runtime,dotnet.gc.last_collection.heap.fragmentation.size (By)[gc.heap.generation=gen1],Metric,0
09/11/2026 05:59:55,System.Runtime,dotnet.gc.last_collection.heap.fragmentation.size (By)[gc.heap.generation=poh],Metric,0
09/11/2026 05:59:55,System.Runtime,dotnet.gc.last_collection.heap.fragmentation.size (By)[gc.heap.generation=loh],Metric,0
09/11/2026 05:59:55,System.Runtime,dotnet.timer.count ({timer}),Metric,2
09/11/2026 05:59:55,System.Runtime,dotnet.assembly.count ({assembly}),Metric,61
09/11/2026 05:59:55,System.Runtime,dotnet.gc.heap.total_allocated (By / 1 sec),Rate,130176
09/11/2026 05:59:55,System.Runtime,dotnet.gc.last_collection.heap.size (By)[gc.heap.generation=gen2],Metric,0
09/11/2026 05:59:55,System.Runtime,dotnet.gc.last_collection.heap.size (By)[gc.heap.generation=gen0],Metric,0
09/11/2026 05:59:55,System.Runtime,dotnet.gc.last_collection.heap.size (By)[gc.heap.generation=gen1],Metric,0
09/11/2026 05:59:55,System.Runtime,dotnet.gc.last_collection.heap.size (By)[gc.heap.generation=poh],Metric,0
09/11/2026 05:59:55,System.Runtime,dotnet.gc.last_collection.heap.size (By)[gc.heap.generation=loh],Metric,0
09/11/2026 05:59:55,System.Runtime,dotnet.thread_pool.work_item.count ({work_item} / 1 sec),Rate,601
09/11/2026 05:59:55,System.Runtime,dotnet.process.memory.working_set (By),Metric,96288768
09/11/2026 05:59:55,System.Runtime,dotnet.thread_pool.thread.count ({thread} / 1 sec),Rate,0
09/11/2026 05:59:55,System.Runtime,dotnet.jit.compilation.time (s / 1 sec),Rate,0
09/11/2026 05:59:56,System.Runtime,dotnet.jit.compiled_il.size (By / 1 sec),Rate,0
09/11/2026 05:59:56,System.Runtime,dotnet.jit.compiled_methods ({method} / 1 sec),Rate,0
09/11/2026 05:59:56,System.Runtime,dotnet.monitor.lock_contentions ({contention} / 1 sec),Rate,0
09/11/2026 05:59:56,System.Runtime,dotnet.gc.collections ({collection} / 1 sec)[gc.heap.generation=gen2],Rate,0
09/11/2026 05:59:56,System.Runtime,dotnet.gc.collections ({collection} / 1 sec)[gc.heap.generation=gen0],Rate,0
09/11/2026 05:59:56,System.Runtime,dotnet.gc.collections ({collection} / 1 sec)[gc.heap.generation=gen1],Rate,0
09/11/2026 05:59:56,System.Runtime,dotnet.process.cpu.time (s / 1 sec)[cpu.mode=system],Rate,0.037239000000000466
09/11/2026 05:59:56,System.Runtime,dotnet.process.cpu.time (s / 1 sec)[cpu.mode=user],Rate,0.5906790000000015
09/11/2026 05:59:56,System.Runtime,dotnet.process.cpu.count ({cpu}),Metric,15
09/11/2026 05:59:56,System.Runtime,dotnet.gc.pause.time (s / 1 sec),Rate,0
09/11/2026 05:59:56,System.Runtime,dotnet.thread_pool.queue.length ({work_item} / 1 sec),Rate,0
09/11/2026 05:59:56,System.Runtime,dotnet.gc.last_collection.memory.committed_size (By),Metric,0
09/11/2026 05:59:56,System.Runtime,dotnet.gc.last_collection.heap.fragmentation.size (By)[gc.heap.generation=gen2],Metric,0
09/11/2026 05:59:56,System.Runtime,dotnet.gc.last_collection.heap.fragmentation.size (By)[gc.heap.generation=gen0],Metric,0
09/11/2026 05:59:56,System.Runtime,dotnet.gc.last_collection.heap.fragmentation.size (By)[gc.heap.generation=gen1],Metric,0
09/11/2026 05:59:56,System.Runtime,dotnet.gc.last_collection.heap.fragmentation.size (By)[gc.heap.generation=poh],Metric,0
09/11/2026 05:59:56,System.Runtime,dotnet.gc.last_collection.heap.fragmentation.size (By)[gc.heap.generation=loh],Metric,0
09/11/2026 05:59:56,System.Runtime,dotnet.timer.count ({timer}),Metric,2
09/11/2026 05:59:56,System.Runtime,dotnet.assembly.count ({assembly}),Metric,61
09/11/2026 05:59:56,System.Runtime,dotnet.gc.heap.total_allocated (By / 1 sec),Rate,139400
09/11/2026 05:59:56,System.Runtime,dotnet.gc.last_collection.heap.size (By)[gc.heap.generation=gen2],Metric,0
09/11/2026 05:59:56,System.Runtime,dotnet.gc.last_collection.heap.size (By)[gc.heap.generation=gen0],Metric,0
09/11/2026 05:59:56,System.Runtime,dotnet.gc.last_collection.heap.size (By)[gc.heap.generation=gen1],Metric,0
09/11/2026 05:59:56,System.Runtime,dotnet.gc.last_collection.heap.size (By)[gc.heap.generation=poh],Metric,0
09/11/2026 05:59:56,System.Runtime,dotnet.gc.last_collection.heap.size (By)[gc.heap.generation=loh],Metric,0
09/11/2026 05:59:56,System.Runtime,dotnet.thread_pool.work_item.count ({work_item} / 1 sec),Rate,601
09/11/2026 05:59:56,System.Runtime,dotnet.process.memory.working_set (By),Metric,96468992
09/11/2026 05:59:56,System.Runtime,dotnet.thread_pool.thread.count ({thread} / 1 sec),Rate,0
09/11/2026 05:59:56,System.Runtime,dotnet.jit.compilation.time (s / 1 sec),Rate,0
09/11/2026 05:59:57,System.Runtime,dotnet.jit.compiled_il.size (By / 1 sec),Rate,0
09/11/2026 05:59:57,System.Runtime,dotnet.jit.compiled_methods ({method} / 1 sec),Rate,0
09/11/2026 05:59:57,System.Runtime,dotnet.monitor.lock_contentions ({contention} / 1 sec),Rate,0
09/11/2026 05:59:57,System.Runtime,dotnet.gc.collections ({collection} / 1 sec)[gc.heap.generation=gen2],Rate,0
09/11/2026 05:59:57,System.Runtime,dotnet.gc.collections ({collection} / 1 sec)[gc.heap.generation=gen0],Rate,0
09/11/2026 05:59:57,System.Runtime,dotnet.gc.collections ({collection} / 1 sec)[gc.heap.generation=gen1],Rate,0
09/11/2026 05:59:57,System.Runtime,dotnet.process.cpu.time (s / 1 sec)[cpu.mode=system],Rate,0.034713999999999245
09/11/2026 05:59:57,System.Runtime,dotnet.process.cpu.time (s / 1 sec)[cpu.mode=user],Rate,0.5867699999999942
09/11/2026 05:59:57,System.Runtime,dotnet.process.cpu.count ({cpu}),Metric,15
09/11/2026 05:59:57,System.Runtime,dotnet.gc.pause.time (s / 1 sec),Rate,0
09/11/2026 05:59:57,System.Runtime,dotnet.thread_pool.queue.length ({work_item} / 1 sec),Rate,0
09/11/2026 05:59:57,System.Runtime,dotnet.gc.last_collection.memory.committed_size (By),Metric,0
09/11/2026 05:59:57,System.Runtime,dotnet.gc.last_collection.heap.fragmentation.size (By)[gc.heap.generation=gen2],Metric,0
09/11/2026 05:59:57,System.Runtime,dotnet.gc.last_collection.heap.fragmentation.size (By)[gc.heap.generation=gen0],Metric,0
09/11/2026 05:59:57,System.Runtime,dotnet.gc.last_collection.heap.fragmentation.size (By)[gc.heap.generation=gen1],Metric,0
09/11/2026 05:59:57,System.Runtime,dotnet.gc.last_collection.heap.fragmentation.size (By)[gc.heap.generation=poh],Metric,0
09/11/2026 05:59:57,System.Runtime,dotnet.gc.last_collection.heap.fragmentation.size (By)[gc.heap.generation=loh],Metric,0
09/11/2026 05:59:57,System.Runtime,dotnet.timer.count ({timer}),Metric,2
09/11/2026 05:59:57,System.Runtime,dotnet.assembly.count ({assembly}),Metric,61
09/11/2026 05:59:57,System.Runtime,dotnet.gc.heap.total_allocated (By / 1 sec),Rate,130176
09/11/2026 05:59:57,System.Runtime,dotnet.gc.last_collection.heap.size (By)[gc.heap.generation=gen2],Metric,0
09/11/2026 05:59:57,System.Runtime,dotnet.gc.last_collection.heap.size (By)[gc.heap.generation=gen0],Metric,0
09/11/2026 05:59:57,System.Runtime,dotnet.gc.last_collection.heap.size (By)[gc.heap.generation=gen1],Metric,0
09/11/2026 05:59:57,System.Runtime,dotnet.gc.last_collection.heap.size (By)[gc.heap.generation=poh],Metric,0
09/11/2026 05:59:57,System.Runtime,dotnet.gc.last_collection.heap.size (By)[gc.heap.generation=loh],Metric,0
09/11/2026 05:59:57,System.Runtime,dotnet.thread_pool.work_item.count ({work_item} / 1 sec),Rate,601
09/11/2026 05:59:57,System.Runtime,dotnet.process.memory.working_set (By),Metric,96567296
09/11/2026 05:59:57,System.Runtime,dotnet.thread_pool.thread.count ({thread} / 1 sec),Rate,0
09/11/2026 05:59:57,System.Runtime,dotnet.jit.compilation.time (s / 1 sec),Rate,0
09/11/2026 05:59:58,System.Runtime,dotnet.jit.compiled_il.size (By / 1 sec),Rate,6032
09/11/2026 05:59:58,System.Runtime,dotnet.jit.compiled_methods ({method} / 1 sec),Rate,97
09/11/2026 05:59:58,System.Runtime,dotnet.monitor.lock_contentions ({contention} / 1 sec),Rate,0
09/11/2026 05:59:58,System.Runtime,dotnet.gc.collections ({collection} / 1 sec)[gc.heap.generation=gen2],Rate,0
09/11/2026 05:59:58,System.Runtime,dotnet.gc.collections ({collection} / 1 sec)[gc.heap.generation=gen0],Rate,0
09/11/2026 05:59:58,System.Runtime,dotnet.gc.collections ({collection} / 1 sec)[gc.heap.generation=gen1],Rate,0
09/11/2026 05:59:58,System.Runtime,dotnet.process.cpu.time (s / 1 sec)[cpu.mode=system],Rate,0.036289000000000016
09/11/2026 05:59:58,System.Runtime,dotnet.process.cpu.time (s / 1 sec)[cpu.mode=user],Rate,0.6026350000000065
09/11/2026 05:59:58,System.Runtime,dotnet.process.cpu.count ({cpu}),Metric,15
09/11/2026 05:59:58,System.Runtime,dotnet.gc.pause.time (s / 1 sec),Rate,0
09/11/2026 05:59:58,System.Runtime,dotnet.thread_pool.queue.length ({work_item} / 1 sec),Rate,0
09/11/2026 05:59:58,System.Runtime,dotnet.gc.last_collection.memory.committed_size (By),Metric,0
09/11/2026 05:59:58,System.Runtime,dotnet.gc.last_collection.heap.fragmentation.size (By)[gc.heap.generation=gen2],Metric,0
09/11/2026 05:59:58,System.Runtime,dotnet.gc.last_collection.heap.fragmentation.size (By)[gc.heap.generation=gen0],Metric,0
09/11/2026 05:59:58,System.Runtime,dotnet.gc.last_collection.heap.fragmentation.size (By)[gc.heap.generation=gen1],Metric,0
09/11/2026 05:59:58,System.Runtime,dotnet.gc.last_collection.heap.fragmentation.size (By)[gc.heap.generation=poh],Metric,0
09/11/2026 05:59:58,System.Runtime,dotnet.gc.last_collection.heap.fragmentation.size (By)[gc.heap.generation=loh],Metric,0
09/11/2026 05:59:58,System.Runtime,dotnet.timer.count ({timer}),Metric,2
09/11/2026 05:59:58,System.Runtime,dotnet.assembly.count ({assembly}),Metric,61
09/11/2026 05:59:58,System.Runtime,dotnet.gc.heap.total_allocated (By / 1 sec),Rate,147584
09/11/2026 05:59:58,System.Runtime,dotnet.gc.last_collection.heap.size (By)[gc.heap.generation=gen2],Metric,0
09/11/2026 05:59:58,System.Runtime,dotnet.gc.last_collection.heap.size (By)[gc.heap.generation=gen0],Metric,0
09/11/2026 05:59:58,System.Runtime,dotnet.gc.last_collection.heap.size (By)[gc.heap.generation=gen1],Metric,0
09/11/2026 05:59:58,System.Runtime,dotnet.gc.last_collection.heap.size (By)[gc.heap.generation=poh],Metric,0
09/11/2026 05:59:58,System.Runtime,dotnet.gc.last_collection.heap.size (By)[gc.heap.generation=loh],Metric,0
09/11/2026 05:59:58,System.Runtime,dotnet.thread_pool.work_item.count ({work_item} / 1 sec),Rate,602
09/11/2026 05:59:58,System.Runtime,dotnet.process.memory.working_set (By),Metric,96845824
09/11/2026 05:59:58,System.Runtime,dotnet.thread_pool.thread.count ({thread} / 1 sec),Rate,0
09/11/2026 05:59:58,System.Runtime,dotnet.jit.compilation.time (s / 1 sec),Rate,0.012518699999999994
09/11/2026 05:59:59,System.Runtime,dotnet.jit.compiled_il.size (By / 1 sec),Rate,0
09/11/2026 05:59:59,System.Runtime,dotnet.jit.compiled_methods ({method} / 1 sec),Rate,0
09/11/2026 05:59:59,System.Runtime,dotnet.monitor.lock_contentions ({contention} / 1 sec),Rate,0
09/11/2026 05:59:59,System.Runtime,dotnet.gc.collections ({collection} / 1 sec)[gc.heap.generation=gen2],Rate,0
09/11/2026 05:59:59,System.Runtime,dotnet.gc.collections ({collection} / 1 sec)[gc.heap.generation=gen0],Rate,0
09/11/2026 05:59:59,System.Runtime,dotnet.gc.collections ({collection} / 1 sec)[gc.heap.generation=gen1],Rate,0
09/11/2026 05:59:59,System.Runtime,dotnet.process.cpu.time (s / 1 sec)[cpu.mode=system],Rate,0.035999000000000336
09/11/2026 05:59:59,System.Runtime,dotnet.process.cpu.time (s / 1 sec)[cpu.mode=user],Rate,0.581350999999998
09/11/2026 05:59:59,System.Runtime,dotnet.process.cpu.count ({cpu}),Metric,15
09/11/2026 05:59:59,System.Runtime,dotnet.gc.pause.time (s / 1 sec),Rate,0
09/11/2026 05:59:59,System.Runtime,dotnet.thread_pool.queue.length ({work_item} / 1 sec),Rate,0
09/11/2026 05:59:59,System.Runtime,dotnet.gc.last_collection.memory.committed_size (By),Metric,0
09/11/2026 05:59:59,System.Runtime,dotnet.gc.last_collection.heap.fragmentation.size (By)[gc.heap.generation=gen2],Metric,0
09/11/2026 05:59:59,System.Runtime,dotnet.gc.last_collection.heap.fragmentation.size (By)[gc.heap.generation=gen0],Metric,0
09/11/2026 05:59:59,System.Runtime,dotnet.gc.last_collection.heap.fragmentation.size (By)[gc.heap.generation=gen1],Metric,0
09/11/2026 05:59:59,System.Runtime,dotnet.gc.last_collection.heap.fragmentation.size (By)[gc.heap.generation=poh],Metric,0
09/11/2026 05:59:59,System.Runtime,dotnet.gc.last_collection.heap.fragmentation.size (By)[gc.heap.generation=loh],Metric,0
09/11/2026 05:59:59,System.Runtime,dotnet.timer.count ({timer}),Metric,2
09/11/2026 05:59:59,System.Runtime,dotnet.assembly.count ({assembly}),Metric,61
09/11/2026 05:59:59,System.Runtime,dotnet.gc.heap.total_allocated (By / 1 sec),Rate,131104
09/11/2026 05:59:59,System.Runtime,dotnet.gc.last_collection.heap.size (By)[gc.heap.generation=gen2],Metric,0
09/11/2026 05:59:59,System.Runtime,dotnet.gc.last_collection.heap.size (By)[gc.heap.generation=gen0],Metric,0
09/11/2026 05:59:59,System.Runtime,dotnet.gc.last_collection.heap.size (By)[gc.heap.generation=gen1],Metric,0
09/11/2026 05:59:59,System.Runtime,dotnet.gc.last_collection.heap.size (By)[gc.heap.generation=poh],Metric,0
09/11/2026 05:59:59,System.Runtime,dotnet.gc.last_collection.heap.size (By)[gc.heap.generation=loh],Metric,0
09/11/2026 05:59:59,System.Runtime,dotnet.thread_pool.work_item.count ({work_item} / 1 sec),Rate,601
09/11/2026 05:59:59,System.Runtime,dotnet.process.memory.working_set (By),Metric,97009664
09/11/2026 05:59:59,System.Runtime,dotnet.thread_pool.thread.count ({thread} / 1 sec),Rate,0
09/11/2026 05:59:59,System.Runtime,dotnet.jit.compilation.time (s / 1 sec),Rate,0
09/11/2026 06:00:00,System.Runtime,dotnet.jit.compiled_il.size (By / 1 sec),Rate,0
09/11/2026 06:00:00,System.Runtime,dotnet.jit.compiled_methods ({method} / 1 sec),Rate,0
09/11/2026 06:00:00,System.Runtime,dotnet.monitor.lock_contentions ({contention} / 1 sec),Rate,0
09/11/2026 06:00:00,System.Runtime,dotnet.gc.collections ({collection} / 1 sec)[gc.heap.generation=gen2],Rate,0
09/11/2026 06:00:00,System.Runtime,dotnet.gc.collections ({collection} / 1 sec)[gc.heap.generation=gen0],Rate,0
09/11/2026 06:00:00,System.Runtime,dotnet.gc.collections ({collection} / 1 sec)[gc.heap.generation=gen1],Rate,0
09/11/2026 06:00:00,System.Runtime,dotnet.process.cpu.time (s / 1 sec)[cpu.mode=system],Rate,0.04364900000000027
09/11/2026 06:00:00,System.Runtime,dotnet.process.cpu.time (s / 1 sec)[cpu.mode=user],Rate,0.5902980000000042
09/11/2026 06:00:00,System.Runtime,dotnet.process.cpu.count ({cpu}),Metric,15
09/11/2026 06:00:00,System.Runtime,dotnet.gc.pause.time (s / 1 sec),Rate,0
09/11/2026 06:00:00,System.Runtime,dotnet.thread_pool.queue.length ({work_item} / 1 sec),Rate,0
09/11/2026 06:00:00,System.Runtime,dotnet.gc.last_collection.memory.committed_size (By),Metric,0
09/11/2026 06:00:00,System.Runtime,dotnet.gc.last_collection.heap.fragmentation.size (By)[gc.heap.generation=gen2],Metric,0
09/11/2026 06:00:00,System.Runtime,dotnet.gc.last_collection.heap.fragmentation.size (By)[gc.heap.generation=gen0],Metric,0
09/11/2026 06:00:00,System.Runtime,dotnet.gc.last_collection.heap.fragmentation.size (By)[gc.heap.generation=gen1],Metric,0
09/11/2026 06:00:00,System.Runtime,dotnet.gc.last_collection.heap.fragmentation.size (By)[gc.heap.generation=poh],Metric,0
09/11/2026 06:00:00,System.Runtime,dotnet.gc.last_collection.heap.fragmentation.size (By)[gc.heap.generation=loh],Metric,0
09/11/2026 06:00:00,System.Runtime,dotnet.timer.count ({timer}),Metric,2
09/11/2026 06:00:00,System.Runtime,dotnet.assembly.count ({assembly}),Metric,61
09/11/2026 06:00:00,System.Runtime,dotnet.gc.heap.total_allocated (By / 1 sec),Rate,130176
09/11/2026 06:00:00,System.Runtime,dotnet.gc.last_collection.heap.size (By)[gc.heap.generation=gen2],Metric,0
09/11/2026 06:00:00,System.Runtime,dotnet.gc.last_collection.heap.size (By)[gc.heap.generation=gen0],Metric,0
09/11/2026 06:00:00,System.Runtime,dotnet.gc.last_collection.heap.size (By)[gc.heap.generation=gen1],Metric,0
09/11/2026 06:00:00,System.Runtime,dotnet.gc.last_collection.heap.size (By)[gc.heap.generation=poh],Metric,0
09/11/2026 06:00:00,System.Runtime,dotnet.gc.last_collection.heap.size (By)[gc.heap.generation=loh],Metric,0
09/11/2026 06:00:00,System.Runtime,dotnet.thread_pool.work_item.count ({work_item} / 1 sec),Rate,601
09/11/2026 06:00:00,System.Runtime,dotnet.process.memory.working_set (By),Metric,97173504
09/11/2026 06:00:00,System.Runtime,dotnet.thread_pool.thread.count ({thread} / 1 sec),Rate,0
09/11/2026 06:00:00,System.Runtime,dotnet.jit.compilation.time (s / 1 sec),Rate,0
09/11/2026 06:00:01,System.Runtime,dotnet.jit.compiled_il.size (By / 1 sec),Rate,0
09/11/2026 06:00:01,System.Runtime,dotnet.jit.compiled_methods ({method} / 1 sec),Rate,0
09/11/2026 06:00:01,System.Runtime,dotnet.monitor.lock_contentions ({contention} / 1 sec),Rate,0
09/11/2026 06:00:01,System.Runtime,dotnet.gc.collections ({collection} / 1 sec)[gc.heap.generation=gen2],Rate,0
09/11/2026 06:00:01,System.Runtime,dotnet.gc.collections ({collection} / 1 sec)[gc.heap.generation=gen0],Rate,0
09/11/2026 06:00:01,System.Runtime,dotnet.gc.collections ({collection} / 1 sec)[gc.heap.generation=gen1],Rate,0
09/11/2026 06:00:01,System.Runtime,dotnet.process.cpu.time (s / 1 sec)[cpu.mode=system],Rate,0.03496200000000016
09/11/2026 06:00:01,System.Runtime,dotnet.process.cpu.time (s / 1 sec)[cpu.mode=user],Rate,0.5888289999999898
09/11/2026 06:00:01,System.Runtime,dotnet.process.cpu.count ({cpu}),Metric,15
09/11/2026 06:00:01,System.Runtime,dotnet.gc.pause.time (s / 1 sec),Rate,0
09/11/2026 06:00:01,System.Runtime,dotnet.thread_pool.queue.length ({work_item} / 1 sec),Rate,0
09/11/2026 06:00:01,System.Runtime,dotnet.gc.last_collection.memory.committed_size (By),Metric,0
09/11/2026 06:00:01,System.Runtime,dotnet.gc.last_collection.heap.fragmentation.size (By)[gc.heap.generation=gen2],Metric,0
09/11/2026 06:00:01,System.Runtime,dotnet.gc.last_collection.heap.fragmentation.size (By)[gc.heap.generation=gen0],Metric,0
09/11/2026 06:00:01,System.Runtime,dotnet.gc.last_collection.heap.fragmentation.size (By)[gc.heap.generation=gen1],Metric,0
09/11/2026 06:00:01,System.Runtime,dotnet.gc.last_collection.heap.fragmentation.size (By)[gc.heap.generation=poh],Metric,0
09/11/2026 06:00:01,System.Runtime,dotnet.gc.last_collection.heap.fragmentation.size (By)[gc.heap.generation=loh],Metric,0
09/11/2026 06:00:01,System.Runtime,dotnet.timer.count ({timer}),Metric,2
09/11/2026 06:00:01,System.Runtime,dotnet.assembly.count ({assembly}),Metric,61
09/11/2026 06:00:01,System.Runtime,dotnet.gc.heap.total_allocated (By / 1 sec),Rate,131200
09/11/2026 06:00:01,System.Runtime,dotnet.gc.last_collection.heap.size (By)[gc.heap.generation=gen2],Metric,0
09/11/2026 06:00:01,System.Runtime,dotnet.gc.last_collection.heap.size (By)[gc.heap.generation=gen0],Metric,0
09/11/2026 06:00:01,System.Runtime,dotnet.gc.last_collection.heap.size (By)[gc.heap.generation=gen1],Metric,0
09/11/2026 06:00:01,System.Runtime,dotnet.gc.last_collection.heap.size (By)[gc.heap.generation=poh],Metric,0
09/11/2026 06:00:01,System.Runtime,dotnet.gc.last_collection.heap.size (By)[gc.heap.generation=loh],Metric,0
09/11/2026 06:00:01,System.Runtime,dotnet.thread_pool.work_item.count ({work_item} / 1 sec),Rate,600
09/11/2026 06:00:01,System.Runtime,dotnet.process.memory.working_set (By),Metric,97304576
09/11/2026 06:00:01,System.Runtime,dotnet.thread_pool.thread.count ({thread} / 1 sec),Rate,0
09/11/2026 06:00:01,System.Runtime,dotnet.jit.compilation.time (s / 1 sec),Rate,0
09/11/2026 06:00:02,System.Runtime,dotnet.jit.compiled_il.size (By / 1 sec),Rate,0
09/11/2026 06:00:02,System.Runtime,dotnet.jit.compiled_methods ({method} / 1 sec),Rate,0
09/11/2026 06:00:02,System.Runtime,dotnet.monitor.lock_contentions ({contention} / 1 sec),Rate,0
09/11/2026 06:00:02,System.Runtime,dotnet.gc.collections ({collection} / 1 sec)[gc.heap.generation=gen2],Rate,0
09/11/2026 06:00:02,System.Runtime,dotnet.gc.collections ({collection} / 1 sec)[gc.heap.generation=gen0],Rate,0
09/11/2026 06:00:02,System.Runtime,dotnet.gc.collections ({collection} / 1 sec)[gc.heap.generation=gen1],Rate,0
09/11/2026 06:00:02,System.Runtime,dotnet.process.cpu.time (s / 1 sec)[cpu.mode=system],Rate,0.034702999999999484
09/11/2026 06:00:02,System.Runtime,dotnet.process.cpu.time (s / 1 sec)[cpu.mode=user],Rate,0.5875850000000042
09/11/2026 06:00:02,System.Runtime,dotnet.process.cpu.count ({cpu}),Metric,15
09/11/2026 06:00:02,System.Runtime,dotnet.gc.pause.time (s / 1 sec),Rate,0
09/11/2026 06:00:02,System.Runtime,dotnet.thread_pool.queue.length ({work_item} / 1 sec),Rate,0
09/11/2026 06:00:02,System.Runtime,dotnet.gc.last_collection.memory.committed_size (By),Metric,0
09/11/2026 06:00:02,System.Runtime,dotnet.gc.last_collection.heap.fragmentation.size (By)[gc.heap.generation=gen2],Metric,0
09/11/2026 06:00:02,System.Runtime,dotnet.gc.last_collection.heap.fragmentation.size (By)[gc.heap.generation=gen0],Metric,0
09/11/2026 06:00:02,System.Runtime,dotnet.gc.last_collection.heap.fragmentation.size (By)[gc.heap.generation=gen1],Metric,0
09/11/2026 06:00:02,System.Runtime,dotnet.gc.last_collection.heap.fragmentation.size (By)[gc.heap.generation=poh],Metric,0
09/11/2026 06:00:02,System.Runtime,dotnet.gc.last_collection.heap.fragmentation.size (By)[gc.heap.generation=loh],Metric,0
09/11/2026 06:00:02,System.Runtime,dotnet.timer.count ({timer}),Metric,2
09/11/2026 06:00:02,System.Runtime,dotnet.assembly.count ({assembly}),Metric,61
09/11/2026 06:00:02,System.Runtime,dotnet.gc.heap.total_allocated (By / 1 sec),Rate,146576
09/11/2026 06:00:02,System.Runtime,dotnet.gc.last_collection.heap.size (By)[gc.heap.generation=gen2],Metric,0
09/11/2026 06:00:02,System.Runtime,dotnet.gc.last_collection.heap.size (By)[gc.heap.generation=gen0],Metric,0
09/11/2026 06:00:02,System.Runtime,dotnet.gc.last_collection.heap.size (By)[gc.heap.generation=gen1],Metric,0
09/11/2026 06:00:02,System.Runtime,dotnet.gc.last_collection.heap.size (By)[gc.heap.generation=poh],Metric,0
09/11/2026 06:00:02,System.Runtime,dotnet.gc.last_collection.heap.size (By)[gc.heap.generation=loh],Metric,0
09/11/2026 06:00:02,System.Runtime,dotnet.thread_pool.work_item.count ({work_item} / 1 sec),Rate,601
09/11/2026 06:00:02,System.Runtime,dotnet.process.memory.working_set (By),Metric,97435648
09/11/2026 06:00:02,System.Runtime,dotnet.thread_pool.thread.count ({thread} / 1 sec),Rate,0
09/11/2026 06:00:02,System.Runtime,dotnet.jit.compilation.time (s / 1 sec),Rate,0
09/11/2026 06:00:03,System.Runtime,dotnet.jit.compiled_il.size (By / 1 sec),Rate,271
09/11/2026 06:00:03,System.Runtime,dotnet.jit.compiled_methods ({method} / 1 sec),Rate,1
09/11/2026 06:00:03,System.Runtime,dotnet.monitor.lock_contentions ({contention} / 1 sec),Rate,0
09/11/2026 06:00:03,System.Runtime,dotnet.gc.collections ({collection} / 1 sec)[gc.heap.generation=gen2],Rate,0
09/11/2026 06:00:03,System.Runtime,dotnet.gc.collections ({collection} / 1 sec)[gc.heap.generation=gen0],Rate,0
09/11/2026 06:00:03,System.Runtime,dotnet.gc.collections ({collection} / 1 sec)[gc.heap.generation=gen1],Rate,0
09/11/2026 06:00:03,System.Runtime,dotnet.process.cpu.time (s / 1 sec)[cpu.mode=system],Rate,0.037852
09/11/2026 06:00:03,System.Runtime,dotnet.process.cpu.time (s / 1 sec)[cpu.mode=user],Rate,0.5943589999999972
09/11/2026 06:00:03,System.Runtime,dotnet.process.cpu.count ({cpu}),Metric,15
09/11/2026 06:00:03,System.Runtime,dotnet.gc.pause.time (s / 1 sec),Rate,0
09/11/2026 06:00:03,System.Runtime,dotnet.thread_pool.queue.length ({work_item} / 1 sec),Rate,0
09/11/2026 06:00:03,System.Runtime,dotnet.gc.last_collection.memory.committed_size (By),Metric,0
09/11/2026 06:00:03,System.Runtime,dotnet.gc.last_collection.heap.fragmentation.size (By)[gc.heap.generation=gen2],Metric,0
09/11/2026 06:00:03,System.Runtime,dotnet.gc.last_collection.heap.fragmentation.size (By)[gc.heap.generation=gen0],Metric,0
09/11/2026 06:00:03,System.Runtime,dotnet.gc.last_collection.heap.fragmentation.size (By)[gc.heap.generation=gen1],Metric,0
09/11/2026 06:00:03,System.Runtime,dotnet.gc.last_collection.heap.fragmentation.size (By)[gc.heap.generation=poh],Metric,0
09/11/2026 06:00:03,System.Runtime,dotnet.gc.last_collection.heap.fragmentation.size (By)[gc.heap.generation=loh],Metric,0
09/11/2026 06:00:03,System.Runtime,dotnet.timer.count ({timer}),Metric,2
09/11/2026 06:00:03,System.Runtime,dotnet.assembly.count ({assembly}),Metric,61
09/11/2026 06:00:03,System.Runtime,dotnet.gc.heap.total_allocated (By / 1 sec),Rate,139416
09/11/2026 06:00:03,System.Runtime,dotnet.gc.last_collection.heap.size (By)[gc.heap.generation=gen2],Metric,0
09/11/2026 06:00:03,System.Runtime,dotnet.gc.last_collection.heap.size (By)[gc.heap.generation=gen0],Metric,0
09/11/2026 06:00:03,System.Runtime,dotnet.gc.last_collection.heap.size (By)[gc.heap.generation=gen1],Metric,0
09/11/2026 06:00:03,System.Runtime,dotnet.gc.last_collection.heap.size (By)[gc.heap.generation=poh],Metric,0
09/11/2026 06:00:03,System.Runtime,dotnet.gc.last_collection.heap.size (By)[gc.heap.generation=loh],Metric,0
09/11/2026 06:00:03,System.Runtime,dotnet.thread_pool.work_item.count ({work_item} / 1 sec),Rate,602
09/11/2026 06:00:03,System.Runtime,dotnet.process.memory.working_set (By),Metric,97615872
09/11/2026 06:00:03,System.Runtime,dotnet.thread_pool.thread.count ({thread} / 1 sec),Rate,0
09/11/2026 06:00:03,System.Runtime,dotnet.jit.compilation.time (s / 1 sec),Rate,0.0027175999999999867
09/11/2026 06:00:04,System.Runtime,dotnet.jit.compiled_il.size (By / 1 sec),Rate,0
09/11/2026 06:00:04,System.Runtime,dotnet.jit.compiled_methods ({method} / 1 sec),Rate,0
09/11/2026 06:00:04,System.Runtime,dotnet.monitor.lock_contentions ({contention} / 1 sec),Rate,0
09/11/2026 06:00:04,System.Runtime,dotnet.gc.collections ({collection} / 1 sec)[gc.heap.generation=gen2],Rate,0
09/11/2026 06:00:04,System.Runtime,dotnet.gc.collections ({collection} / 1 sec)[gc.heap.generation=gen0],Rate,0
09/11/2026 06:00:04,System.Runtime,dotnet.gc.collections ({collection} / 1 sec)[gc.heap.generation=gen1],Rate,0
09/11/2026 06:00:04,System.Runtime,dotnet.process.cpu.time (s / 1 sec)[cpu.mode=system],Rate,0.036408999999999914
09/11/2026 06:00:04,System.Runtime,dotnet.process.cpu.time (s / 1 sec)[cpu.mode=user],Rate,0.5922320000000099
09/11/2026 06:00:04,System.Runtime,dotnet.process.cpu.count ({cpu}),Metric,15
09/11/2026 06:00:04,System.Runtime,dotnet.gc.pause.time (s / 1 sec),Rate,0
09/11/2026 06:00:04,System.Runtime,dotnet.thread_pool.queue.length ({work_item} / 1 sec),Rate,0
09/11/2026 06:00:04,System.Runtime,dotnet.gc.last_collection.memory.committed_size (By),Metric,0
09/11/2026 06:00:04,System.Runtime,dotnet.gc.last_collection.heap.fragmentation.size (By)[gc.heap.generation=gen2],Metric,0
09/11/2026 06:00:04,System.Runtime,dotnet.gc.last_collection.heap.fragmentation.size (By)[gc.heap.generation=gen0],Metric,0
09/11/2026 06:00:04,System.Runtime,dotnet.gc.last_collection.heap.fragmentation.size (By)[gc.heap.generation=gen1],Metric,0
09/11/2026 06:00:04,System.Runtime,dotnet.gc.last_collection.heap.fragmentation.size (By)[gc.heap.generation=poh],Metric,0
09/11/2026 06:00:04,System.Runtime,dotnet.gc.last_collection.heap.fragmentation.size (By)[gc.heap.generation=loh],Metric,0
09/11/2026 06:00:04,System.Runtime,dotnet.timer.count ({timer}),Metric,2
09/11/2026 06:00:04,System.Runtime,dotnet.assembly.count ({assembly}),Metric,61
09/11/2026 06:00:04,System.Runtime,dotnet.gc.heap.total_allocated (By / 1 sec),Rate,138376
09/11/2026 06:00:04,System.Runtime,dotnet.gc.last_collection.heap.size (By)[gc.heap.generation=gen2],Metric,0
09/11/2026 06:00:04,System.Runtime,dotnet.gc.last_collection.heap.size (By)[gc.heap.generation=gen0],Metric,0
09/11/2026 06:00:04,System.Runtime,dotnet.gc.last_collection.heap.size (By)[gc.heap.generation=gen1],Metric,0
09/11/2026 06:00:04,System.Runtime,dotnet.gc.last_collection.heap.size (By)[gc.heap.generation=poh],Metric,0
09/11/2026 06:00:04,System.Runtime,dotnet.gc.last_collection.heap.size (By)[gc.heap.generation=loh],Metric,0
09/11/2026 06:00:04,System.Runtime,dotnet.thread_pool.work_item.count ({work_item} / 1 sec),Rate,601
09/11/2026 06:00:04,System.Runtime,dotnet.process.memory.working_set (By),Metric,97763328
09/11/2026 06:00:04,System.Runtime,dotnet.thread_pool.thread.count ({thread} / 1 sec),Rate,0
09/11/2026 06:00:04,System.Runtime,dotnet.jit.compilation.time (s / 1 sec),Rate,0
09/11/2026 06:00:05,System.Runtime,dotnet.jit.compiled_il.size (By / 1 sec),Rate,0
09/11/2026 06:00:05,System.Runtime,dotnet.jit.compiled_methods ({method} / 1 sec),Rate,0
09/11/2026 06:00:05,System.Runtime,dotnet.monitor.lock_contentions ({contention} / 1 sec),Rate,0
09/11/2026 06:00:05,System.Runtime,dotnet.gc.collections ({collection} / 1 sec)[gc.heap.generation=gen2],Rate,0
09/11/2026 06:00:05,System.Runtime,dotnet.gc.collections ({collection} / 1 sec)[gc.heap.generation=gen0],Rate,0
09/11/2026 06:00:05,System.Runtime,dotnet.gc.collections ({collection} / 1 sec)[gc.heap.generation=gen1],Rate,0
09/11/2026 06:00:05,System.Runtime,dotnet.process.cpu.time (s / 1 sec)[cpu.mode=system],Rate,0.036891999999999925
09/11/2026 06:00:05,System.Runtime,dotnet.process.cpu.time (s / 1 sec)[cpu.mode=user],Rate,0.5882429999999914
09/11/2026 06:00:05,System.Runtime,dotnet.process.cpu.count ({cpu}),Metric,15
09/11/2026 06:00:05,System.Runtime,dotnet.gc.pause.time (s / 1 sec),Rate,0
09/11/2026 06:00:05,System.Runtime,dotnet.thread_pool.queue.length ({work_item} / 1 sec),Rate,0
09/11/2026 06:00:05,System.Runtime,dotnet.gc.last_collection.memory.committed_size (By),Metric,0
09/11/2026 06:00:05,System.Runtime,dotnet.gc.last_collection.heap.fragmentation.size (By)[gc.heap.generation=gen2],Metric,0
09/11/2026 06:00:05,System.Runtime,dotnet.gc.last_collection.heap.fragmentation.size (By)[gc.heap.generation=gen0],Metric,0
09/11/2026 06:00:05,System.Runtime,dotnet.gc.last_collection.heap.fragmentation.size (By)[gc.heap.generation=gen1],Metric,0
09/11/2026 06:00:05,System.Runtime,dotnet.gc.last_collection.heap.fragmentation.size (By)[gc.heap.generation=poh],Metric,0
09/11/2026 06:00:05,System.Runtime,dotnet.gc.last_collection.heap.fragmentation.size (By)[gc.heap.generation=loh],Metric,0
09/11/2026 06:00:05,System.Runtime,dotnet.timer.count ({timer}),Metric,2
09/11/2026 06:00:05,System.Runtime,dotnet.assembly.count ({assembly}),Metric,61
09/11/2026 06:00:05,System.Runtime,dotnet.gc.heap.total_allocated (By / 1 sec),Rate,138376
09/11/2026 06:00:05,System.Runtime,dotnet.gc.last_collection.heap.size (By)[gc.heap.generation=gen2],Metric,0
09/11/2026 06:00:05,System.Runtime,dotnet.gc.last_collection.heap.size (By)[gc.heap.generation=gen0],Metric,0
09/11/2026 06:00:05,System.Runtime,dotnet.gc.last_collection.heap.size (By)[gc.heap.generation=gen1],Metric,0
09/11/2026 06:00:05,System.Runtime,dotnet.gc.last_collection.heap.size (By)[gc.heap.generation=poh],Metric,0
09/11/2026 06:00:05,System.Runtime,dotnet.gc.last_collection.heap.size (By)[gc.heap.generation=loh],Metric,0
09/11/2026 06:00:05,System.Runtime,dotnet.thread_pool.work_item.count ({work_item} / 1 sec),Rate,601
09/11/2026 06:00:05,System.Runtime,dotnet.process.memory.working_set (By),Metric,97910784
09/11/2026 06:00:05,System.Runtime,dotnet.thread_pool.thread.count ({thread} / 1 sec),Rate,0
09/11/2026 06:00:05,System.Runtime,dotnet.jit.compilation.time (s / 1 sec),Rate,0
09/11/2026 06:00:06,System.Runtime,dotnet.jit.compiled_il.size (By / 1 sec),Rate,0
09/11/2026 06:00:06,System.Runtime,dotnet.jit.compiled_methods ({method} / 1 sec),Rate,0
09/11/2026 06:00:06,System.Runtime,dotnet.monitor.lock_contentions ({contention} / 1 sec),Rate,0
09/11/2026 06:00:06,System.Runtime,dotnet.gc.collections ({collection} / 1 sec)[gc.heap.generation=gen2],Rate,0
09/11/2026 06:00:06,System.Runtime,dotnet.gc.collections ({collection} / 1 sec)[gc.heap.generation=gen0],Rate,0
09/11/2026 06:00:06,System.Runtime,dotnet.gc.collections ({collection} / 1 sec)[gc.heap.generation=gen1],Rate,0
09/11/2026 06:00:06,System.Runtime,dotnet.process.cpu.time (s / 1 sec)[cpu.mode=system],Rate,0.03587200000000035
09/11/2026 06:00:06,System.Runtime,dotnet.process.cpu.time (s / 1 sec)[cpu.mode=user],Rate,0.5886250000000075
09/11/2026 06:00:06,System.Runtime,dotnet.process.cpu.count ({cpu}),Metric,15
09/11/2026 06:00:06,System.Runtime,dotnet.gc.pause.time (s / 1 sec),Rate,0
09/11/2026 06:00:06,System.Runtime,dotnet.thread_pool.queue.length ({work_item} / 1 sec),Rate,0
09/11/2026 06:00:06,System.Runtime,dotnet.gc.last_collection.memory.committed_size (By),Metric,0
09/11/2026 06:00:06,System.Runtime,dotnet.gc.last_collection.heap.fragmentation.size (By)[gc.heap.generation=gen2],Metric,0
09/11/2026 06:00:06,System.Runtime,dotnet.gc.last_collection.heap.fragmentation.size (By)[gc.heap.generation=gen0],Metric,0
09/11/2026 06:00:06,System.Runtime,dotnet.gc.last_collection.heap.fragmentation.size (By)[gc.heap.generation=gen1],Metric,0
09/11/2026 06:00:06,System.Runtime,dotnet.gc.last_collection.heap.fragmentation.size (By)[gc.heap.generation=poh],Metric,0
09/11/2026 06:00:06,System.Runtime,dotnet.gc.last_collection.heap.fragmentation.size (By)[gc.heap.generation=loh],Metric,0
09/11/2026 06:00:06,System.Runtime,dotnet.timer.count ({timer}),Metric,2
09/11/2026 06:00:06,System.Runtime,dotnet.assembly.count ({assembly}),Metric,61
09/11/2026 06:00:06,System.Runtime,dotnet.gc.heap.total_allocated (By / 1 sec),Rate,138376
09/11/2026 06:00:06,System.Runtime,dotnet.gc.last_collection.heap.size (By)[gc.heap.generation=gen2],Metric,0
09/11/2026 06:00:06,System.Runtime,dotnet.gc.last_collection.heap.size (By)[gc.heap.generation=gen0],Metric,0
09/11/2026 06:00:06,System.Runtime,dotnet.gc.last_collection.heap.size (By)[gc.heap.generation=gen1],Metric,0
09/11/2026 06:00:06,System.Runtime,dotnet.gc.last_collection.heap.size (By)[gc.heap.generation=poh],Metric,0
09/11/2026 06:00:06,System.Runtime,dotnet.gc.last_collection.heap.size (By)[gc.heap.generation=loh],Metric,0
09/11/2026 06:00:06,System.Runtime,dotnet.thread_pool.work_item.count ({work_item} / 1 sec),Rate,601
09/11/2026 06:00:06,System.Runtime,dotnet.process.memory.working_set (By),Metric,98074624
09/11/2026 06:00:06,System.Runtime,dotnet.thread_pool.thread.count ({thread} / 1 sec),Rate,0
09/11/2026 06:00:06,System.Runtime,dotnet.jit.compilation.time (s / 1 sec),Rate,0
09/11/2026 06:00:07,System.Runtime,dotnet.jit.compiled_il.size (By / 1 sec),Rate,0
09/11/2026 06:00:07,System.Runtime,dotnet.jit.compiled_methods ({method} / 1 sec),Rate,0
09/11/2026 06:00:07,System.Runtime,dotnet.monitor.lock_contentions ({contention} / 1 sec),Rate,0
09/11/2026 06:00:07,System.Runtime,dotnet.gc.collections ({collection} / 1 sec)[gc.heap.generation=gen2],Rate,0
09/11/2026 06:00:07,System.Runtime,dotnet.gc.collections ({collection} / 1 sec)[gc.heap.generation=gen0],Rate,0
09/11/2026 06:00:07,System.Runtime,dotnet.gc.collections ({collection} / 1 sec)[gc.heap.generation=gen1],Rate,0
09/11/2026 06:00:07,System.Runtime,dotnet.process.cpu.time (s / 1 sec)[cpu.mode=system],Rate,0.03562400000000032
09/11/2026 06:00:07,System.Runtime,dotnet.process.cpu.time (s / 1 sec)[cpu.mode=user],Rate,0.5902619999999956
09/11/2026 06:00:07,System.Runtime,dotnet.process.cpu.count ({cpu}),Metric,15
09/11/2026 06:00:07,System.Runtime,dotnet.gc.pause.time (s / 1 sec),Rate,0
09/11/2026 06:00:07,System.Runtime,dotnet.thread_pool.queue.length ({work_item} / 1 sec),Rate,0
09/11/2026 06:00:07,System.Runtime,dotnet.gc.last_collection.memory.committed_size (By),Metric,0
09/11/2026 06:00:07,System.Runtime,dotnet.gc.last_collection.heap.fragmentation.size (By)[gc.heap.generation=gen2],Metric,0
09/11/2026 06:00:07,System.Runtime,dotnet.gc.last_collection.heap.fragmentation.size (By)[gc.heap.generation=gen0],Metric,0
09/11/2026 06:00:07,System.Runtime,dotnet.gc.last_collection.heap.fragmentation.size (By)[gc.heap.generation=gen1],Metric,0
09/11/2026 06:00:07,System.Runtime,dotnet.gc.last_collection.heap.fragmentation.size (By)[gc.heap.generation=poh],Metric,0
09/11/2026 06:00:07,System.Runtime,dotnet.gc.last_collection.heap.fragmentation.size (By)[gc.heap.generation=loh],Metric,0
09/11/2026 06:00:07,System.Runtime,dotnet.timer.count ({timer}),Metric,2
09/11/2026 06:00:07,System.Runtime,dotnet.assembly.count ({assembly}),Metric,61
09/11/2026 06:00:07,System.Runtime,dotnet.gc.heap.total_allocated (By / 1 sec),Rate,114800
09/11/2026 06:00:07,System.Runtime,dotnet.gc.last_collection.heap.size (By)[gc.heap.generation=gen2],Metric,0
09/11/2026 06:00:07,System.Runtime,dotnet.gc.last_collection.heap.size (By)[gc.heap.generation=gen0],Metric,0
09/11/2026 06:00:07,System.Runtime,dotnet.gc.last_collection.heap.size (By)[gc.heap.generation=gen1],Metric,0
09/11/2026 06:00:07,System.Runtime,dotnet.gc.last_collection.heap.size (By)[gc.heap.generation=poh],Metric,0
09/11/2026 06:00:07,System.Runtime,dotnet.gc.last_collection.heap.size (By)[gc.heap.generation=loh],Metric,0
09/11/2026 06:00:07,System.Runtime,dotnet.thread_pool.work_item.count ({work_item} / 1 sec),Rate,601
09/11/2026 06:00:07,System.Runtime,dotnet.process.memory.working_set (By),Metric,98205696
09/11/2026 06:00:07,System.Runtime,dotnet.thread_pool.thread.count ({thread} / 1 sec),Rate,0
09/11/2026 06:00:07,System.Runtime,dotnet.jit.compilation.time (s / 1 sec),Rate,0
09/11/2026 06:00:08,System.Runtime,dotnet.jit.compiled_il.size (By / 1 sec),Rate,330
09/11/2026 06:00:08,System.Runtime,dotnet.jit.compiled_methods ({method} / 1 sec),Rate,4
09/11/2026 06:00:08,System.Runtime,dotnet.monitor.lock_contentions ({contention} / 1 sec),Rate,0
09/11/2026 06:00:08,System.Runtime,dotnet.gc.collections ({collection} / 1 sec)[gc.heap.generation=gen2],Rate,0
09/11/2026 06:00:08,System.Runtime,dotnet.gc.collections ({collection} / 1 sec)[gc.heap.generation=gen0],Rate,0
09/11/2026 06:00:08,System.Runtime,dotnet.gc.collections ({collection} / 1 sec)[gc.heap.generation=gen1],Rate,0
09/11/2026 06:00:08,System.Runtime,dotnet.process.cpu.time (s / 1 sec)[cpu.mode=system],Rate,0.039510999999999186
09/11/2026 06:00:08,System.Runtime,dotnet.process.cpu.time (s / 1 sec)[cpu.mode=user],Rate,0.5922429999999963
09/11/2026 06:00:08,System.Runtime,dotnet.process.cpu.count ({cpu}),Metric,15
09/11/2026 06:00:08,System.Runtime,dotnet.gc.pause.time (s / 1 sec),Rate,0
09/11/2026 06:00:08,System.Runtime,dotnet.thread_pool.queue.length ({work_item} / 1 sec),Rate,0
09/11/2026 06:00:08,System.Runtime,dotnet.gc.last_collection.memory.committed_size (By),Metric,0
09/11/2026 06:00:08,System.Runtime,dotnet.gc.last_collection.heap.fragmentation.size (By)[gc.heap.generation=gen2],Metric,0
09/11/2026 06:00:08,System.Runtime,dotnet.gc.last_collection.heap.fragmentation.size (By)[gc.heap.generation=gen0],Metric,0
09/11/2026 06:00:08,System.Runtime,dotnet.gc.last_collection.heap.fragmentation.size (By)[gc.heap.generation=gen1],Metric,0
09/11/2026 06:00:08,System.Runtime,dotnet.gc.last_collection.heap.fragmentation.size (By)[gc.heap.generation=poh],Metric,0
09/11/2026 06:00:08,System.Runtime,dotnet.gc.last_collection.heap.fragmentation.size (By)[gc.heap.generation=loh],Metric,0
09/11/2026 06:00:08,System.Runtime,dotnet.timer.count ({timer}),Metric,2
09/11/2026 06:00:08,System.Runtime,dotnet.assembly.count ({assembly}),Metric,61
09/11/2026 06:00:08,System.Runtime,dotnet.gc.heap.total_allocated (By / 1 sec),Rate,162992
09/11/2026 06:00:08,System.Runtime,dotnet.gc.last_collection.heap.size (By)[gc.heap.generation=gen2],Metric,0
09/11/2026 06:00:08,System.Runtime,dotnet.gc.last_collection.heap.size (By)[gc.heap.generation=gen0],Metric,0
09/11/2026 06:00:08,System.Runtime,dotnet.gc.last_collection.heap.size (By)[gc.heap.generation=gen1],Metric,0
09/11/2026 06:00:08,System.Runtime,dotnet.gc.last_collection.heap.size (By)[gc.heap.generation=poh],Metric,0
09/11/2026 06:00:08,System.Runtime,dotnet.gc.last_collection.heap.size (By)[gc.heap.generation=loh],Metric,0
09/11/2026 06:00:08,System.Runtime,dotnet.thread_pool.work_item.count ({work_item} / 1 sec),Rate,602
09/11/2026 06:00:08,System.Runtime,dotnet.process.memory.working_set (By),Metric,98435072
09/11/2026 06:00:08,System.Runtime,dotnet.thread_pool.thread.count ({thread} / 1 sec),Rate,0
09/11/2026 06:00:08,System.Runtime,dotnet.jit.compilation.time (s / 1 sec),Rate,0.0021453000000000166
09/11/2026 06:00:09,System.Runtime,dotnet.jit.compiled_il.size (By / 1 sec),Rate,0
09/11/2026 06:00:09,System.Runtime,dotnet.jit.compiled_methods ({method} / 1 sec),Rate,0
09/11/2026 06:00:09,System.Runtime,dotnet.monitor.lock_contentions ({contention} / 1 sec),Rate,0
09/11/2026 06:00:09,System.Runtime,dotnet.gc.collections ({collection} / 1 sec)[gc.heap.generation=gen2],Rate,0
09/11/2026 06:00:09,System.Runtime,dotnet.gc.collections ({collection} / 1 sec)[gc.heap.generation=gen0],Rate,0
09/11/2026 06:00:09,System.Runtime,dotnet.gc.collections ({collection} / 1 sec)[gc.heap.generation=gen1],Rate,0
09/11/2026 06:00:09,System.Runtime,dotnet.process.cpu.time (s / 1 sec)[cpu.mode=system],Rate,0.041077000000000474
09/11/2026 06:00:09,System.Runtime,dotnet.process.cpu.time (s / 1 sec)[cpu.mode=user],Rate,0.5829700000000031
09/11/2026 06:00:09,System.Runtime,dotnet.process.cpu.count ({cpu}),Metric,15
09/11/2026 06:00:09,System.Runtime,dotnet.gc.pause.time (s / 1 sec),Rate,0
09/11/2026 06:00:09,System.Runtime,dotnet.thread_pool.queue.length ({work_item} / 1 sec),Rate,0
09/11/2026 06:00:09,System.Runtime,dotnet.gc.last_collection.memory.committed_size (By),Metric,0
09/11/2026 06:00:09,System.Runtime,dotnet.gc.last_collection.heap.fragmentation.size (By)[gc.heap.generation=gen2],Metric,0
09/11/2026 06:00:09,System.Runtime,dotnet.gc.last_collection.heap.fragmentation.size (By)[gc.heap.generation=gen0],Metric,0
09/11/2026 06:00:09,System.Runtime,dotnet.gc.last_collection.heap.fragmentation.size (By)[gc.heap.generation=gen1],Metric,0
09/11/2026 06:00:09,System.Runtime,dotnet.gc.last_collection.heap.fragmentation.size (By)[gc.heap.generation=poh],Metric,0
09/11/2026 06:00:09,System.Runtime,dotnet.gc.last_collection.heap.fragmentation.size (By)[gc.heap.generation=loh],Metric,0
09/11/2026 06:00:09,System.Runtime,dotnet.timer.count ({timer}),Metric,2
09/11/2026 06:00:09,System.Runtime,dotnet.assembly.count ({assembly}),Metric,61
09/11/2026 06:00:09,System.Runtime,dotnet.gc.heap.total_allocated (By / 1 sec),Rate,122968
09/11/2026 06:00:09,System.Runtime,dotnet.gc.last_collection.heap.size (By)[gc.heap.generation=gen2],Metric,0
09/11/2026 06:00:09,System.Runtime,dotnet.gc.last_collection.heap.size (By)[gc.heap.generation=gen0],Metric,0
09/11/2026 06:00:09,System.Runtime,dotnet.gc.last_collection.heap.size (By)[gc.heap.generation=gen1],Metric,0
09/11/2026 06:00:09,System.Runtime,dotnet.gc.last_collection.heap.size (By)[gc.heap.generation=poh],Metric,0
09/11/2026 06:00:09,System.Runtime,dotnet.gc.last_collection.heap.size (By)[gc.heap.generation=loh],Metric,0
09/11/2026 06:00:09,System.Runtime,dotnet.thread_pool.work_item.count ({work_item} / 1 sec),Rate,601
09/11/2026 06:00:09,System.Runtime,dotnet.process.memory.working_set (By),Metric,98566144
09/11/2026 06:00:09,System.Runtime,dotnet.thread_pool.thread.count ({thread} / 1 sec),Rate,0
09/11/2026 06:00:09,System.Runtime,dotnet.jit.compilation.time (s / 1 sec),Rate,0
09/11/2026 06:00:10,System.Runtime,dotnet.jit.compiled_il.size (By / 1 sec),Rate,0
09/11/2026 06:00:10,System.Runtime,dotnet.jit.compiled_methods ({method} / 1 sec),Rate,0
09/11/2026 06:00:10,System.Runtime,dotnet.monitor.lock_contentions ({contention} / 1 sec),Rate,0
09/11/2026 06:00:10,System.Runtime,dotnet.gc.collections ({collection} / 1 sec)[gc.heap.generation=gen2],Rate,0
09/11/2026 06:00:10,System.Runtime,dotnet.gc.collections ({collection} / 1 sec)[gc.heap.generation=gen0],Rate,0
09/11/2026 06:00:10,System.Runtime,dotnet.gc.collections ({collection} / 1 sec)[gc.heap.generation=gen1],Rate,0
09/11/2026 06:00:10,System.Runtime,dotnet.process.cpu.time (s / 1 sec)[cpu.mode=system],Rate,0.03792200000000001
09/11/2026 06:00:10,System.Runtime,dotnet.process.cpu.time (s / 1 sec)[cpu.mode=user],Rate,0.5903500000000008
09/11/2026 06:00:10,System.Runtime,dotnet.process.cpu.count ({cpu}),Metric,15
09/11/2026 06:00:10,System.Runtime,dotnet.gc.pause.time (s / 1 sec),Rate,0
09/11/2026 06:00:10,System.Runtime,dotnet.thread_pool.queue.length ({work_item} / 1 sec),Rate,0
09/11/2026 06:00:10,System.Runtime,dotnet.gc.last_collection.memory.committed_size (By),Metric,0
09/11/2026 06:00:10,System.Runtime,dotnet.gc.last_collection.heap.fragmentation.size (By)[gc.heap.generation=gen2],Metric,0
09/11/2026 06:00:10,System.Runtime,dotnet.gc.last_collection.heap.fragmentation.size (By)[gc.heap.generation=gen0],Metric,0
09/11/2026 06:00:10,System.Runtime,dotnet.gc.last_collection.heap.fragmentation.size (By)[gc.heap.generation=gen1],Metric,0
09/11/2026 06:00:10,System.Runtime,dotnet.gc.last_collection.heap.fragmentation.size (By)[gc.heap.generation=poh],Metric,0
09/11/2026 06:00:10,System.Runtime,dotnet.gc.last_collection.heap.fragmentation.size (By)[gc.heap.generation=loh],Metric,0
09/11/2026 06:00:10,System.Runtime,dotnet.timer.count ({timer}),Metric,2
09/11/2026 06:00:10,System.Runtime,dotnet.assembly.count ({assembly}),Metric,61
09/11/2026 06:00:10,System.Runtime,dotnet.gc.heap.total_allocated (By / 1 sec),Rate,147600
09/11/2026 06:00:10,System.Runtime,dotnet.gc.last_collection.heap.size (By)[gc.heap.generation=gen2],Metric,0
09/11/2026 06:00:10,System.Runtime,dotnet.gc.last_collection.heap.size (By)[gc.heap.generation=gen0],Metric,0
09/11/2026 06:00:10,System.Runtime,dotnet.gc.last_collection.heap.size (By)[gc.heap.generation=gen1],Metric,0
09/11/2026 06:00:10,System.Runtime,dotnet.gc.last_collection.heap.size (By)[gc.heap.generation=poh],Metric,0
09/11/2026 06:00:10,System.Runtime,dotnet.gc.last_collection.heap.size (By)[gc.heap.generation=loh],Metric,0
09/11/2026 06:00:10,System.Runtime,dotnet.thread_pool.work_item.count ({work_item} / 1 sec),Rate,647
09/11/2026 06:00:10,System.Runtime,dotnet.process.memory.working_set (By),Metric,98729984
09/11/2026 06:00:10,System.Runtime,dotnet.thread_pool.thread.count ({thread} / 1 sec),Rate,0
09/11/2026 06:00:10,System.Runtime,dotnet.jit.compilation.time (s / 1 sec),Rate,0
09/11/2026 06:00:11,System.Runtime,dotnet.jit.compiled_il.size (By / 1 sec),Rate,0
09/11/2026 06:00:11,System.Runtime,dotnet.jit.compiled_methods ({method} / 1 sec),Rate,0
09/11/2026 06:00:11,System.Runtime,dotnet.monitor.lock_contentions ({contention} / 1 sec),Rate,0
09/11/2026 06:00:11,System.Runtime,dotnet.gc.collections ({collection} / 1 sec)[gc.heap.generation=gen2],Rate,0
09/11/2026 06:00:11,System.Runtime,dotnet.gc.collections ({collection} / 1 sec)[gc.heap.generation=gen0],Rate,0
09/11/2026 06:00:11,System.Runtime,dotnet.gc.collections ({collection} / 1 sec)[gc.heap.generation=gen1],Rate,0
09/11/2026 06:00:11,System.Runtime,dotnet.process.cpu.time (s / 1 sec)[cpu.mode=system],Rate,0.04209499999999977
09/11/2026 06:00:11,System.Runtime,dotnet.process.cpu.time (s / 1 sec)[cpu.mode=user],Rate,0.6009190000000046
09/11/2026 06:00:11,System.Runtime,dotnet.process.cpu.count ({cpu}),Metric,15
09/11/2026 06:00:11,System.Runtime,dotnet.gc.pause.time (s / 1 sec),Rate,0
09/11/2026 06:00:11,System.Runtime,dotnet.thread_pool.queue.length ({work_item} / 1 sec),Rate,0
09/11/2026 06:00:11,System.Runtime,dotnet.gc.last_collection.memory.committed_size (By),Metric,0
09/11/2026 06:00:11,System.Runtime,dotnet.gc.last_collection.heap.fragmentation.size (By)[gc.heap.generation=gen2],Metric,0
09/11/2026 06:00:11,System.Runtime,dotnet.gc.last_collection.heap.fragmentation.size (By)[gc.heap.generation=gen0],Metric,0
09/11/2026 06:00:11,System.Runtime,dotnet.gc.last_collection.heap.fragmentation.size (By)[gc.heap.generation=gen1],Metric,0
09/11/2026 06:00:11,System.Runtime,dotnet.gc.last_collection.heap.fragmentation.size (By)[gc.heap.generation=poh],Metric,0
09/11/2026 06:00:11,System.Runtime,dotnet.gc.last_collection.heap.fragmentation.size (By)[gc.heap.generation=loh],Metric,0
09/11/2026 06:00:11,System.Runtime,dotnet.timer.count ({timer}),Metric,3
09/11/2026 06:00:11,System.Runtime,dotnet.assembly.count ({assembly}),Metric,61
09/11/2026 06:00:11,System.Runtime,dotnet.gc.heap.total_allocated (By / 1 sec),Rate,146576
09/11/2026 06:00:11,System.Runtime,dotnet.gc.last_collection.heap.size (By)[gc.heap.generation=gen2],Metric,0
09/11/2026 06:00:11,System.Runtime,dotnet.gc.last_collection.heap.size (By)[gc.heap.generation=gen0],Metric,0
09/11/2026 06:00:11,System.Runtime,dotnet.gc.last_collection.heap.size (By)[gc.heap.generation=gen1],Metric,0
09/11/2026 06:00:11,System.Runtime,dotnet.gc.last_collection.heap.size (By)[gc.heap.generation=poh],Metric,0
09/11/2026 06:00:11,System.Runtime,dotnet.gc.last_collection.heap.size (By)[gc.heap.generation=loh],Metric,0
09/11/2026 06:00:11,System.Runtime,dotnet.thread_pool.work_item.count ({work_item} / 1 sec),Rate,692
09/11/2026 06:00:11,System.Runtime,dotnet.process.memory.working_set (By),Metric,98893824
09/11/2026 06:00:11,System.Runtime,dotnet.thread_pool.thread.count ({thread} / 1 sec),Rate,0
09/11/2026 06:00:11,System.Runtime,dotnet.jit.compilation.time (s / 1 sec),Rate,0
09/11/2026 06:00:12,System.Runtime,dotnet.jit.compiled_il.size (By / 1 sec),Rate,0
09/11/2026 06:00:12,System.Runtime,dotnet.jit.compiled_methods ({method} / 1 sec),Rate,0
09/11/2026 06:00:12,System.Runtime,dotnet.monitor.lock_contentions ({contention} / 1 sec),Rate,0
09/11/2026 06:00:12,System.Runtime,dotnet.gc.collections ({collection} / 1 sec)[gc.heap.generation=gen2],Rate,0
09/11/2026 06:00:12,System.Runtime,dotnet.gc.collections ({collection} / 1 sec)[gc.heap.generation=gen0],Rate,0
09/11/2026 06:00:12,System.Runtime,dotnet.gc.collections ({collection} / 1 sec)[gc.heap.generation=gen1],Rate,0
09/11/2026 06:00:12,System.Runtime,dotnet.process.cpu.time (s / 1 sec)[cpu.mode=system],Rate,0.0371459999999999
09/11/2026 06:00:12,System.Runtime,dotnet.process.cpu.time (s / 1 sec)[cpu.mode=user],Rate,0.59246499999999
09/11/2026 06:00:12,System.Runtime,dotnet.process.cpu.count ({cpu}),Metric,15
09/11/2026 06:00:12,System.Runtime,dotnet.gc.pause.time (s / 1 sec),Rate,0
09/11/2026 06:00:12,System.Runtime,dotnet.thread_pool.queue.length ({work_item} / 1 sec),Rate,0
09/11/2026 06:00:12,System.Runtime,dotnet.gc.last_collection.memory.committed_size (By),Metric,0
09/11/2026 06:00:12,System.Runtime,dotnet.gc.last_collection.heap.fragmentation.size (By)[gc.heap.generation=gen2],Metric,0
09/11/2026 06:00:12,System.Runtime,dotnet.gc.last_collection.heap.fragmentation.size (By)[gc.heap.generation=gen0],Metric,0
09/11/2026 06:00:12,System.Runtime,dotnet.gc.last_collection.heap.fragmentation.size (By)[gc.heap.generation=gen1],Metric,0
09/11/2026 06:00:12,System.Runtime,dotnet.gc.last_collection.heap.fragmentation.size (By)[gc.heap.generation=poh],Metric,0
09/11/2026 06:00:12,System.Runtime,dotnet.gc.last_collection.heap.fragmentation.size (By)[gc.heap.generation=loh],Metric,0
09/11/2026 06:00:12,System.Runtime,dotnet.timer.count ({timer}),Metric,2
09/11/2026 06:00:12,System.Runtime,dotnet.assembly.count ({assembly}),Metric,61
09/11/2026 06:00:12,System.Runtime,dotnet.gc.heap.total_allocated (By / 1 sec),Rate,147600
09/11/2026 06:00:12,System.Runtime,dotnet.gc.last_collection.heap.size (By)[gc.heap.generation=gen2],Metric,0
09/11/2026 06:00:12,System.Runtime,dotnet.gc.last_collection.heap.size (By)[gc.heap.generation=gen0],Metric,0
09/11/2026 06:00:12,System.Runtime,dotnet.gc.last_collection.heap.size (By)[gc.heap.generation=gen1],Metric,0
09/11/2026 06:00:12,System.Runtime,dotnet.gc.last_collection.heap.size (By)[gc.heap.generation=poh],Metric,0
09/11/2026 06:00:12,System.Runtime,dotnet.gc.last_collection.heap.size (By)[gc.heap.generation=loh],Metric,0
09/11/2026 06:00:12,System.Runtime,dotnet.thread_pool.work_item.count ({work_item} / 1 sec),Rate,606
09/11/2026 06:00:12,System.Runtime,dotnet.process.memory.working_set (By),Metric,99024896
09/11/2026 06:00:12,System.Runtime,dotnet.thread_pool.thread.count ({thread} / 1 sec),Rate,0
09/11/2026 06:00:12,System.Runtime,dotnet.jit.compilation.time (s / 1 sec),Rate,0
09/11/2026 06:00:13,System.Runtime,dotnet.jit.compiled_il.size (By / 1 sec),Rate,0
09/11/2026 06:00:13,System.Runtime,dotnet.jit.compiled_methods ({method} / 1 sec),Rate,0
09/11/2026 06:00:13,System.Runtime,dotnet.monitor.lock_contentions ({contention} / 1 sec),Rate,0
09/11/2026 06:00:13,System.Runtime,dotnet.gc.collections ({collection} / 1 sec)[gc.heap.generation=gen2],Rate,0
09/11/2026 06:00:13,System.Runtime,dotnet.gc.collections ({collection} / 1 sec)[gc.heap.generation=gen0],Rate,0
09/11/2026 06:00:13,System.Runtime,dotnet.gc.collections ({collection} / 1 sec)[gc.heap.generation=gen1],Rate,0
09/11/2026 06:00:13,System.Runtime,dotnet.process.cpu.time (s / 1 sec)[cpu.mode=system],Rate,0.035519999999999996
09/11/2026 06:00:13,System.Runtime,dotnet.process.cpu.time (s / 1 sec)[cpu.mode=user],Rate,0.5869050000000016
09/11/2026 06:00:13,System.Runtime,dotnet.process.cpu.count ({cpu}),Metric,15
09/11/2026 06:00:13,System.Runtime,dotnet.gc.pause.time (s / 1 sec),Rate,0
09/11/2026 06:00:13,System.Runtime,dotnet.thread_pool.queue.length ({work_item} / 1 sec),Rate,0
09/11/2026 06:00:13,System.Runtime,dotnet.gc.last_collection.memory.committed_size (By),Metric,0
09/11/2026 06:00:13,System.Runtime,dotnet.gc.last_collection.heap.fragmentation.size (By)[gc.heap.generation=gen2],Metric,0
09/11/2026 06:00:13,System.Runtime,dotnet.gc.last_collection.heap.fragmentation.size (By)[gc.heap.generation=gen0],Metric,0
09/11/2026 06:00:13,System.Runtime,dotnet.gc.last_collection.heap.fragmentation.size (By)[gc.heap.generation=gen1],Metric,0
09/11/2026 06:00:13,System.Runtime,dotnet.gc.last_collection.heap.fragmentation.size (By)[gc.heap.generation=poh],Metric,0
09/11/2026 06:00:13,System.Runtime,dotnet.gc.last_collection.heap.fragmentation.size (By)[gc.heap.generation=loh],Metric,0
09/11/2026 06:00:13,System.Runtime,dotnet.timer.count ({timer}),Metric,2
09/11/2026 06:00:13,System.Runtime,dotnet.assembly.count ({assembly}),Metric,61
09/11/2026 06:00:13,System.Runtime,dotnet.gc.heap.total_allocated (By / 1 sec),Rate,139416
09/11/2026 06:00:13,System.Runtime,dotnet.gc.last_collection.heap.size (By)[gc.heap.generation=gen2],Metric,0
09/11/2026 06:00:13,System.Runtime,dotnet.gc.last_collection.heap.size (By)[gc.heap.generation=gen0],Metric,0
09/11/2026 06:00:13,System.Runtime,dotnet.gc.last_collection.heap.size (By)[gc.heap.generation=gen1],Metric,0
09/11/2026 06:00:13,System.Runtime,dotnet.gc.last_collection.heap.size (By)[gc.heap.generation=poh],Metric,0
09/11/2026 06:00:13,System.Runtime,dotnet.gc.last_collection.heap.size (By)[gc.heap.generation=loh],Metric,0
09/11/2026 06:00:13,System.Runtime,dotnet.thread_pool.work_item.count ({work_item} / 1 sec),Rate,603
09/11/2026 06:00:13,System.Runtime,dotnet.process.memory.working_set (By),Metric,99188736
09/11/2026 06:00:13,System.Runtime,dotnet.thread_pool.thread.count ({thread} / 1 sec),Rate,0
09/11/2026 06:00:13,System.Runtime,dotnet.jit.compilation.time (s / 1 sec),Rate,0
09/11/2026 06:00:14,System.Runtime,dotnet.jit.compiled_il.size (By / 1 sec),Rate,0
09/11/2026 06:00:14,System.Runtime,dotnet.jit.compiled_methods ({method} / 1 sec),Rate,0
09/11/2026 06:00:14,System.Runtime,dotnet.monitor.lock_contentions ({contention} / 1 sec),Rate,0
09/11/2026 06:00:14,System.Runtime,dotnet.gc.collections ({collection} / 1 sec)[gc.heap.generation=gen2],Rate,0
09/11/2026 06:00:14,System.Runtime,dotnet.gc.collections ({collection} / 1 sec)[gc.heap.generation=gen0],Rate,0
09/11/2026 06:00:14,System.Runtime,dotnet.gc.collections ({collection} / 1 sec)[gc.heap.generation=gen1],Rate,0
09/11/2026 06:00:14,System.Runtime,dotnet.process.cpu.time (s / 1 sec)[cpu.mode=system],Rate,0.035511000000000514
09/11/2026 06:00:14,System.Runtime,dotnet.process.cpu.time (s / 1 sec)[cpu.mode=user],Rate,0.5898740000000089
09/11/2026 06:00:14,System.Runtime,dotnet.process.cpu.count ({cpu}),Metric,15
09/11/2026 06:00:14,System.Runtime,dotnet.gc.pause.time (s / 1 sec),Rate,0
09/11/2026 06:00:14,System.Runtime,dotnet.thread_pool.queue.length ({work_item} / 1 sec),Rate,0
09/11/2026 06:00:14,System.Runtime,dotnet.gc.last_collection.memory.committed_size (By),Metric,0
09/11/2026 06:00:14,System.Runtime,dotnet.gc.last_collection.heap.fragmentation.size (By)[gc.heap.generation=gen2],Metric,0
09/11/2026 06:00:14,System.Runtime,dotnet.gc.last_collection.heap.fragmentation.size (By)[gc.heap.generation=gen0],Metric,0
09/11/2026 06:00:14,System.Runtime,dotnet.gc.last_collection.heap.fragmentation.size (By)[gc.heap.generation=gen1],Metric,0
09/11/2026 06:00:14,System.Runtime,dotnet.gc.last_collection.heap.fragmentation.size (By)[gc.heap.generation=poh],Metric,0
09/11/2026 06:00:14,System.Runtime,dotnet.gc.last_collection.heap.fragmentation.size (By)[gc.heap.generation=loh],Metric,0
09/11/2026 06:00:14,System.Runtime,dotnet.timer.count ({timer}),Metric,2
09/11/2026 06:00:14,System.Runtime,dotnet.assembly.count ({assembly}),Metric,61
09/11/2026 06:00:14,System.Runtime,dotnet.gc.heap.total_allocated (By / 1 sec),Rate,139400
09/11/2026 06:00:14,System.Runtime,dotnet.gc.last_collection.heap.size (By)[gc.heap.generation=gen2],Metric,0
09/11/2026 06:00:14,System.Runtime,dotnet.gc.last_collection.heap.size (By)[gc.heap.generation=gen0],Metric,0
09/11/2026 06:00:14,System.Runtime,dotnet.gc.last_collection.heap.size (By)[gc.heap.generation=gen1],Metric,0
09/11/2026 06:00:14,System.Runtime,dotnet.gc.last_collection.heap.size (By)[gc.heap.generation=poh],Metric,0
09/11/2026 06:00:14,System.Runtime,dotnet.gc.last_collection.heap.size (By)[gc.heap.generation=loh],Metric,0
09/11/2026 06:00:14,System.Runtime,dotnet.thread_pool.work_item.count ({work_item} / 1 sec),Rate,601
09/11/2026 06:00:14,System.Runtime,dotnet.process.memory.working_set (By),Metric,99336192
09/11/2026 06:00:14,System.Runtime,dotnet.thread_pool.thread.count ({thread} / 1 sec),Rate,0
09/11/2026 06:00:14,System.Runtime,dotnet.jit.compilation.time (s / 1 sec),Rate,0
09/11/2026 06:00:15,System.Runtime,dotnet.jit.compiled_il.size (By / 1 sec),Rate,0
09/11/2026 06:00:15,System.Runtime,dotnet.jit.compiled_methods ({method} / 1 sec),Rate,0
09/11/2026 06:00:15,System.Runtime,dotnet.monitor.lock_contentions ({contention} / 1 sec),Rate,0
09/11/2026 06:00:15,System.Runtime,dotnet.gc.collections ({collection} / 1 sec)[gc.heap.generation=gen2],Rate,0
09/11/2026 06:00:15,System.Runtime,dotnet.gc.collections ({collection} / 1 sec)[gc.heap.generation=gen0],Rate,0
09/11/2026 06:00:15,System.Runtime,dotnet.gc.collections ({collection} / 1 sec)[gc.heap.generation=gen1],Rate,0
09/11/2026 06:00:15,System.Runtime,dotnet.process.cpu.time (s / 1 sec)[cpu.mode=system],Rate,0.035178000000000154
09/11/2026 06:00:15,System.Runtime,dotnet.process.cpu.time (s / 1 sec)[cpu.mode=user],Rate,0.5903589999999923
09/11/2026 06:00:15,System.Runtime,dotnet.process.cpu.count ({cpu}),Metric,15
09/11/2026 06:00:15,System.Runtime,dotnet.gc.pause.time (s / 1 sec),Rate,0
09/11/2026 06:00:15,System.Runtime,dotnet.thread_pool.queue.length ({work_item} / 1 sec),Rate,0
09/11/2026 06:00:15,System.Runtime,dotnet.gc.last_collection.memory.committed_size (By),Metric,0
09/11/2026 06:00:15,System.Runtime,dotnet.gc.last_collection.heap.fragmentation.size (By)[gc.heap.generation=gen2],Metric,0
09/11/2026 06:00:15,System.Runtime,dotnet.gc.last_collection.heap.fragmentation.size (By)[gc.heap.generation=gen0],Metric,0
09/11/2026 06:00:15,System.Runtime,dotnet.gc.last_collection.heap.fragmentation.size (By)[gc.heap.generation=gen1],Metric,0
09/11/2026 06:00:15,System.Runtime,dotnet.gc.last_collection.heap.fragmentation.size (By)[gc.heap.generation=poh],Metric,0
09/11/2026 06:00:15,System.Runtime,dotnet.gc.last_collection.heap.fragmentation.size (By)[gc.heap.generation=loh],Metric,0
09/11/2026 06:00:15,System.Runtime,dotnet.timer.count ({timer}),Metric,2
09/11/2026 06:00:15,System.Runtime,dotnet.assembly.count ({assembly}),Metric,61
09/11/2026 06:00:15,System.Runtime,dotnet.gc.heap.total_allocated (By / 1 sec),Rate,123000
09/11/2026 06:00:15,System.Runtime,dotnet.gc.last_collection.heap.size (By)[gc.heap.generation=gen2],Metric,0
09/11/2026 06:00:15,System.Runtime,dotnet.gc.last_collection.heap.size (By)[gc.heap.generation=gen0],Metric,0
09/11/2026 06:00:15,System.Runtime,dotnet.gc.last_collection.heap.size (By)[gc.heap.generation=gen1],Metric,0
09/11/2026 06:00:15,System.Runtime,dotnet.gc.last_collection.heap.size (By)[gc.heap.generation=poh],Metric,0
09/11/2026 06:00:15,System.Runtime,dotnet.gc.last_collection.heap.size (By)[gc.heap.generation=loh],Metric,0
09/11/2026 06:00:15,System.Runtime,dotnet.thread_pool.work_item.count ({work_item} / 1 sec),Rate,602
09/11/2026 06:00:15,System.Runtime,dotnet.process.memory.working_set (By),Metric,99467264
09/11/2026 06:00:15,System.Runtime,dotnet.thread_pool.thread.count ({thread} / 1 sec),Rate,0
09/11/2026 06:00:15,System.Runtime,dotnet.jit.compilation.time (s / 1 sec),Rate,0
09/11/2026 06:00:16,System.Runtime,dotnet.jit.compiled_il.size (By / 1 sec),Rate,0
09/11/2026 06:00:16,System.Runtime,dotnet.jit.compiled_methods ({method} / 1 sec),Rate,0
09/11/2026 06:00:16,System.Runtime,dotnet.monitor.lock_contentions ({contention} / 1 sec),Rate,0
09/11/2026 06:00:16,System.Runtime,dotnet.gc.collections ({collection} / 1 sec)[gc.heap.generation=gen2],Rate,0
09/11/2026 06:00:16,System.Runtime,dotnet.gc.collections ({collection} / 1 sec)[gc.heap.generation=gen0],Rate,0
09/11/2026 06:00:16,System.Runtime,dotnet.gc.collections ({collection} / 1 sec)[gc.heap.generation=gen1],Rate,0
09/11/2026 06:00:16,System.Runtime,dotnet.process.cpu.time (s / 1 sec)[cpu.mode=system],Rate,0.03556099999999951
09/11/2026 06:00:16,System.Runtime,dotnet.process.cpu.time (s / 1 sec)[cpu.mode=user],Rate,0.5898420000000044
09/11/2026 06:00:16,System.Runtime,dotnet.process.cpu.count ({cpu}),Metric,15
09/11/2026 06:00:16,System.Runtime,dotnet.gc.pause.time (s / 1 sec),Rate,0
09/11/2026 06:00:16,System.Runtime,dotnet.thread_pool.queue.length ({work_item} / 1 sec),Rate,0
09/11/2026 06:00:16,System.Runtime,dotnet.gc.last_collection.memory.committed_size (By),Metric,0
09/11/2026 06:00:16,System.Runtime,dotnet.gc.last_collection.heap.fragmentation.size (By)[gc.heap.generation=gen2],Metric,0
09/11/2026 06:00:16,System.Runtime,dotnet.gc.last_collection.heap.fragmentation.size (By)[gc.heap.generation=gen0],Metric,0
09/11/2026 06:00:16,System.Runtime,dotnet.gc.last_collection.heap.fragmentation.size (By)[gc.heap.generation=gen1],Metric,0
09/11/2026 06:00:16,System.Runtime,dotnet.gc.last_collection.heap.fragmentation.size (By)[gc.heap.generation=poh],Metric,0
09/11/2026 06:00:16,System.Runtime,dotnet.gc.last_collection.heap.fragmentation.size (By)[gc.heap.generation=loh],Metric,0
09/11/2026 06:00:16,System.Runtime,dotnet.timer.count ({timer}),Metric,2
09/11/2026 06:00:16,System.Runtime,dotnet.assembly.count ({assembly}),Metric,61
09/11/2026 06:00:16,System.Runtime,dotnet.gc.heap.total_allocated (By / 1 sec),Rate,146576
09/11/2026 06:00:16,System.Runtime,dotnet.gc.last_collection.heap.size (By)[gc.heap.generation=gen2],Metric,0
09/11/2026 06:00:16,System.Runtime,dotnet.gc.last_collection.heap.size (By)[gc.heap.generation=gen0],Metric,0
09/11/2026 06:00:16,System.Runtime,dotnet.gc.last_collection.heap.size (By)[gc.heap.generation=gen1],Metric,0
09/11/2026 06:00:16,System.Runtime,dotnet.gc.last_collection.heap.size (By)[gc.heap.generation=poh],Metric,0
09/11/2026 06:00:16,System.Runtime,dotnet.gc.last_collection.heap.size (By)[gc.heap.generation=loh],Metric,0
09/11/2026 06:00:16,System.Runtime,dotnet.thread_pool.work_item.count ({work_item} / 1 sec),Rate,601
09/11/2026 06:00:16,System.Runtime,dotnet.process.memory.working_set (By),Metric,99647488
09/11/2026 06:00:16,System.Runtime,dotnet.thread_pool.thread.count ({thread} / 1 sec),Rate,0
09/11/2026 06:00:16,System.Runtime,dotnet.jit.compilation.time (s / 1 sec),Rate,0
09/11/2026 06:00:17,System.Runtime,dotnet.jit.compiled_il.size (By / 1 sec),Rate,0
09/11/2026 06:00:17,System.Runtime,dotnet.jit.compiled_methods ({method} / 1 sec),Rate,0
09/11/2026 06:00:17,System.Runtime,dotnet.monitor.lock_contentions ({contention} / 1 sec),Rate,0
09/11/2026 06:00:17,System.Runtime,dotnet.gc.collections ({collection} / 1 sec)[gc.heap.generation=gen2],Rate,0
09/11/2026 06:00:17,System.Runtime,dotnet.gc.collections ({collection} / 1 sec)[gc.heap.generation=gen0],Rate,0
09/11/2026 06:00:17,System.Runtime,dotnet.gc.collections ({collection} / 1 sec)[gc.heap.generation=gen1],Rate,0
09/11/2026 06:00:17,System.Runtime,dotnet.process.cpu.time (s / 1 sec)[cpu.mode=system],Rate,0.0345380000000004
09/11/2026 06:00:17,System.Runtime,dotnet.process.cpu.time (s / 1 sec)[cpu.mode=user],Rate,0.5883639999999986
09/11/2026 06:00:17,System.Runtime,dotnet.process.cpu.count ({cpu}),Metric,15
09/11/2026 06:00:17,System.Runtime,dotnet.gc.pause.time (s / 1 sec),Rate,0
09/11/2026 06:00:17,System.Runtime,dotnet.thread_pool.queue.length ({work_item} / 1 sec),Rate,0
09/11/2026 06:00:17,System.Runtime,dotnet.gc.last_collection.memory.committed_size (By),Metric,0
09/11/2026 06:00:17,System.Runtime,dotnet.gc.last_collection.heap.fragmentation.size (By)[gc.heap.generation=gen2],Metric,0
09/11/2026 06:00:17,System.Runtime,dotnet.gc.last_collection.heap.fragmentation.size (By)[gc.heap.generation=gen0],Metric,0
09/11/2026 06:00:17,System.Runtime,dotnet.gc.last_collection.heap.fragmentation.size (By)[gc.heap.generation=gen1],Metric,0
09/11/2026 06:00:17,System.Runtime,dotnet.gc.last_collection.heap.fragmentation.size (By)[gc.heap.generation=poh],Metric,0
09/11/2026 06:00:17,System.Runtime,dotnet.gc.last_collection.heap.fragmentation.size (By)[gc.heap.generation=loh],Metric,0
09/11/2026 06:00:17,System.Runtime,dotnet.timer.count ({timer}),Metric,2
09/11/2026 06:00:17,System.Runtime,dotnet.assembly.count ({assembly}),Metric,61
09/11/2026 06:00:17,System.Runtime,dotnet.gc.heap.total_allocated (By / 1 sec),Rate,122872
09/11/2026 06:00:17,System.Runtime,dotnet.gc.last_collection.heap.size (By)[gc.heap.generation=gen2],Metric,0
09/11/2026 06:00:17,System.Runtime,dotnet.gc.last_collection.heap.size (By)[gc.heap.generation=gen0],Metric,0
09/11/2026 06:00:17,System.Runtime,dotnet.gc.last_collection.heap.size (By)[gc.heap.generation=gen1],Metric,0
09/11/2026 06:00:17,System.Runtime,dotnet.gc.last_collection.heap.size (By)[gc.heap.generation=poh],Metric,0
09/11/2026 06:00:17,System.Runtime,dotnet.gc.last_collection.heap.size (By)[gc.heap.generation=loh],Metric,0
09/11/2026 06:00:17,System.Runtime,dotnet.thread_pool.work_item.count ({work_item} / 1 sec),Rate,601
09/11/2026 06:00:17,System.Runtime,dotnet.process.memory.working_set (By),Metric,99778560
09/11/2026 06:00:17,System.Runtime,dotnet.thread_pool.thread.count ({thread} / 1 sec),Rate,0
09/11/2026 06:00:17,System.Runtime,dotnet.jit.compilation.time (s / 1 sec),Rate,0
09/11/2026 06:00:18,System.Runtime,dotnet.jit.compiled_il.size (By / 1 sec),Rate,1018
09/11/2026 06:00:18,System.Runtime,dotnet.jit.compiled_methods ({method} / 1 sec),Rate,17
09/11/2026 06:00:18,System.Runtime,dotnet.monitor.lock_contentions ({contention} / 1 sec),Rate,0
09/11/2026 06:00:18,System.Runtime,dotnet.gc.collections ({collection} / 1 sec)[gc.heap.generation=gen2],Rate,0
09/11/2026 06:00:18,System.Runtime,dotnet.gc.collections ({collection} / 1 sec)[gc.heap.generation=gen0],Rate,0
09/11/2026 06:00:18,System.Runtime,dotnet.gc.collections ({collection} / 1 sec)[gc.heap.generation=gen1],Rate,0
09/11/2026 06:00:18,System.Runtime,dotnet.process.cpu.time (s / 1 sec)[cpu.mode=system],Rate,0.03726800000000008
09/11/2026 06:00:18,System.Runtime,dotnet.process.cpu.time (s / 1 sec)[cpu.mode=user],Rate,0.6000569999999925
09/11/2026 06:00:18,System.Runtime,dotnet.process.cpu.count ({cpu}),Metric,15
09/11/2026 06:00:18,System.Runtime,dotnet.gc.pause.time (s / 1 sec),Rate,0
09/11/2026 06:00:18,System.Runtime,dotnet.thread_pool.queue.length ({work_item} / 1 sec),Rate,0
09/11/2026 06:00:18,System.Runtime,dotnet.gc.last_collection.memory.committed_size (By),Metric,0
09/11/2026 06:00:18,System.Runtime,dotnet.gc.last_collection.heap.fragmentation.size (By)[gc.heap.generation=gen2],Metric,0
09/11/2026 06:00:18,System.Runtime,dotnet.gc.last_collection.heap.fragmentation.size (By)[gc.heap.generation=gen0],Metric,0
09/11/2026 06:00:18,System.Runtime,dotnet.gc.last_collection.heap.fragmentation.size (By)[gc.heap.generation=gen1],Metric,0
09/11/2026 06:00:18,System.Runtime,dotnet.gc.last_collection.heap.fragmentation.size (By)[gc.heap.generation=poh],Metric,0
09/11/2026 06:00:18,System.Runtime,dotnet.gc.last_collection.heap.fragmentation.size (By)[gc.heap.generation=loh],Metric,0
09/11/2026 06:00:18,System.Runtime,dotnet.timer.count ({timer}),Metric,2
09/11/2026 06:00:18,System.Runtime,dotnet.assembly.count ({assembly}),Metric,61
09/11/2026 06:00:18,System.Runtime,dotnet.gc.heap.total_allocated (By / 1 sec),Rate,154664
09/11/2026 06:00:18,System.Runtime,dotnet.gc.last_collection.heap.size (By)[gc.heap.generation=gen2],Metric,0
09/11/2026 06:00:18,System.Runtime,dotnet.gc.last_collection.heap.size (By)[gc.heap.generation=gen0],Metric,0
09/11/2026 06:00:18,System.Runtime,dotnet.gc.last_collection.heap.size (By)[gc.heap.generation=gen1],Metric,0
09/11/2026 06:00:18,System.Runtime,dotnet.gc.last_collection.heap.size (By)[gc.heap.generation=poh],Metric,0
09/11/2026 06:00:18,System.Runtime,dotnet.gc.last_collection.heap.size (By)[gc.heap.generation=loh],Metric,0
09/11/2026 06:00:18,System.Runtime,dotnet.thread_pool.work_item.count ({work_item} / 1 sec),Rate,602
09/11/2026 06:00:18,System.Runtime,dotnet.process.memory.working_set (By),Metric,100007936
09/11/2026 06:00:18,System.Runtime,dotnet.thread_pool.thread.count ({thread} / 1 sec),Rate,0
09/11/2026 06:00:18,System.Runtime,dotnet.jit.compilation.time (s / 1 sec),Rate,0.007308500000000051
09/11/2026 06:00:19,System.Runtime,dotnet.jit.compiled_il.size (By / 1 sec),Rate,0
09/11/2026 06:00:19,System.Runtime,dotnet.jit.compiled_methods ({method} / 1 sec),Rate,0
09/11/2026 06:00:19,System.Runtime,dotnet.monitor.lock_contentions ({contention} / 1 sec),Rate,0
09/11/2026 06:00:19,System.Runtime,dotnet.gc.collections ({collection} / 1 sec)[gc.heap.generation=gen2],Rate,0
09/11/2026 06:00:19,System.Runtime,dotnet.gc.collections ({collection} / 1 sec)[gc.heap.generation=gen0],Rate,0
09/11/2026 06:00:19,System.Runtime,dotnet.gc.collections ({collection} / 1 sec)[gc.heap.generation=gen1],Rate,0
09/11/2026 06:00:19,System.Runtime,dotnet.process.cpu.time (s / 1 sec)[cpu.mode=system],Rate,0.03664299999999976
09/11/2026 06:00:19,System.Runtime,dotnet.process.cpu.time (s / 1 sec)[cpu.mode=user],Rate,0.5851240000000075
09/11/2026 06:00:19,System.Runtime,dotnet.process.cpu.count ({cpu}),Metric,15
09/11/2026 06:00:19,System.Runtime,dotnet.gc.pause.time (s / 1 sec),Rate,0
09/11/2026 06:00:19,System.Runtime,dotnet.thread_pool.queue.length ({work_item} / 1 sec),Rate,0
09/11/2026 06:00:19,System.Runtime,dotnet.gc.last_collection.memory.committed_size (By),Metric,0
09/11/2026 06:00:19,System.Runtime,dotnet.gc.last_collection.heap.fragmentation.size (By)[gc.heap.generation=gen2],Metric,0
09/11/2026 06:00:19,System.Runtime,dotnet.gc.last_collection.heap.fragmentation.size (By)[gc.heap.generation=gen0],Metric,0
09/11/2026 06:00:19,System.Runtime,dotnet.gc.last_collection.heap.fragmentation.size (By)[gc.heap.generation=gen1],Metric,0
09/11/2026 06:00:19,System.Runtime,dotnet.gc.last_collection.heap.fragmentation.size (By)[gc.heap.generation=poh],Metric,0
09/11/2026 06:00:19,System.Runtime,dotnet.gc.last_collection.heap.fragmentation.size (By)[gc.heap.generation=loh],Metric,0
09/11/2026 06:00:19,System.Runtime,dotnet.timer.count ({timer}),Metric,2
09/11/2026 06:00:19,System.Runtime,dotnet.assembly.count ({assembly}),Metric,61
09/11/2026 06:00:19,System.Runtime,dotnet.gc.heap.total_allocated (By / 1 sec),Rate,131200
09/11/2026 06:00:19,System.Runtime,dotnet.gc.last_collection.heap.size (By)[gc.heap.generation=gen2],Metric,0
09/11/2026 06:00:19,System.Runtime,dotnet.gc.last_collection.heap.size (By)[gc.heap.generation=gen0],Metric,0
09/11/2026 06:00:19,System.Runtime,dotnet.gc.last_collection.heap.size (By)[gc.heap.generation=gen1],Metric,0
09/11/2026 06:00:19,System.Runtime,dotnet.gc.last_collection.heap.size (By)[gc.heap.generation=poh],Metric,0
09/11/2026 06:00:19,System.Runtime,dotnet.gc.last_collection.heap.size (By)[gc.heap.generation=loh],Metric,0
09/11/2026 06:00:19,System.Runtime,dotnet.thread_pool.work_item.count ({work_item} / 1 sec),Rate,601
09/11/2026 06:00:19,System.Runtime,dotnet.process.memory.working_set (By),Metric,100171776
09/11/2026 06:00:19,System.Runtime,dotnet.thread_pool.thread.count ({thread} / 1 sec),Rate,0
09/11/2026 06:00:19,System.Runtime,dotnet.jit.compilation.time (s / 1 sec),Rate,0
09/11/2026 06:00:20,System.Runtime,dotnet.jit.compiled_il.size (By / 1 sec),Rate,0
09/11/2026 06:00:20,System.Runtime,dotnet.jit.compiled_methods ({method} / 1 sec),Rate,0
09/11/2026 06:00:20,System.Runtime,dotnet.monitor.lock_contentions ({contention} / 1 sec),Rate,0
09/11/2026 06:00:20,System.Runtime,dotnet.gc.collections ({collection} / 1 sec)[gc.heap.generation=gen2],Rate,0
09/11/2026 06:00:20,System.Runtime,dotnet.gc.collections ({collection} / 1 sec)[gc.heap.generation=gen0],Rate,0
09/11/2026 06:00:20,System.Runtime,dotnet.gc.collections ({collection} / 1 sec)[gc.heap.generation=gen1],Rate,0
09/11/2026 06:00:20,System.Runtime,dotnet.process.cpu.time (s / 1 sec)[cpu.mode=system],Rate,0.03446000000000016
09/11/2026 06:00:20,System.Runtime,dotnet.process.cpu.time (s / 1 sec)[cpu.mode=user],Rate,0.5877200000000045
09/11/2026 06:00:20,System.Runtime,dotnet.process.cpu.count ({cpu}),Metric,15
09/11/2026 06:00:20,System.Runtime,dotnet.gc.pause.time (s / 1 sec),Rate,0
09/11/2026 06:00:20,System.Runtime,dotnet.thread_pool.queue.length ({work_item} / 1 sec),Rate,0
09/11/2026 06:00:20,System.Runtime,dotnet.gc.last_collection.memory.committed_size (By),Metric,0
09/11/2026 06:00:20,System.Runtime,dotnet.gc.last_collection.heap.fragmentation.size (By)[gc.heap.generation=gen2],Metric,0
09/11/2026 06:00:20,System.Runtime,dotnet.gc.last_collection.heap.fragmentation.size (By)[gc.heap.generation=gen0],Metric,0
09/11/2026 06:00:20,System.Runtime,dotnet.gc.last_collection.heap.fragmentation.size (By)[gc.heap.generation=gen1],Metric,0
09/11/2026 06:00:20,System.Runtime,dotnet.gc.last_collection.heap.fragmentation.size (By)[gc.heap.generation=poh],Metric,0
09/11/2026 06:00:20,System.Runtime,dotnet.gc.last_collection.heap.fragmentation.size (By)[gc.heap.generation=loh],Metric,0
09/11/2026 06:00:20,System.Runtime,dotnet.timer.count ({timer}),Metric,2
09/11/2026 06:00:20,System.Runtime,dotnet.assembly.count ({assembly}),Metric,61
09/11/2026 06:00:20,System.Runtime,dotnet.gc.heap.total_allocated (By / 1 sec),Rate,138376
09/11/2026 06:00:20,System.Runtime,dotnet.gc.last_collection.heap.size (By)[gc.heap.generation=gen2],Metric,0
09/11/2026 06:00:20,System.Runtime,dotnet.gc.last_collection.heap.size (By)[gc.heap.generation=gen0],Metric,0
09/11/2026 06:00:20,System.Runtime,dotnet.gc.last_collection.heap.size (By)[gc.heap.generation=gen1],Metric,0
09/11/2026 06:00:20,System.Runtime,dotnet.gc.last_collection.heap.size (By)[gc.heap.generation=poh],Metric,0
09/11/2026 06:00:20,System.Runtime,dotnet.gc.last_collection.heap.size (By)[gc.heap.generation=loh],Metric,0
09/11/2026 06:00:20,System.Runtime,dotnet.thread_pool.work_item.count ({work_item} / 1 sec),Rate,601
09/11/2026 06:00:20,System.Runtime,dotnet.process.memory.working_set (By),Metric,100335616
09/11/2026 06:00:20,System.Runtime,dotnet.thread_pool.thread.count ({thread} / 1 sec),Rate,0
09/11/2026 06:00:20,System.Runtime,dotnet.jit.compilation.time (s / 1 sec),Rate,0
09/11/2026 06:00:21,System.Runtime,dotnet.jit.compiled_il.size (By / 1 sec),Rate,0
09/11/2026 06:00:21,System.Runtime,dotnet.jit.compiled_methods ({method} / 1 sec),Rate,0
09/11/2026 06:00:21,System.Runtime,dotnet.monitor.lock_contentions ({contention} / 1 sec),Rate,0
09/11/2026 06:00:21,System.Runtime,dotnet.gc.collections ({collection} / 1 sec)[gc.heap.generation=gen2],Rate,0
09/11/2026 06:00:21,System.Runtime,dotnet.gc.collections ({collection} / 1 sec)[gc.heap.generation=gen0],Rate,0
09/11/2026 06:00:21,System.Runtime,dotnet.gc.collections ({collection} / 1 sec)[gc.heap.generation=gen1],Rate,0
09/11/2026 06:00:21,System.Runtime,dotnet.process.cpu.time (s / 1 sec)[cpu.mode=system],Rate,0.0369609999999998
09/11/2026 06:00:21,System.Runtime,dotnet.process.cpu.time (s / 1 sec)[cpu.mode=user],Rate,0.5856739999999974
09/11/2026 06:00:21,System.Runtime,dotnet.process.cpu.count ({cpu}),Metric,15
09/11/2026 06:00:21,System.Runtime,dotnet.gc.pause.time (s / 1 sec),Rate,0
09/11/2026 06:00:21,System.Runtime,dotnet.thread_pool.queue.length ({work_item} / 1 sec),Rate,0
09/11/2026 06:00:21,System.Runtime,dotnet.gc.last_collection.memory.committed_size (By),Metric,0
09/11/2026 06:00:21,System.Runtime,dotnet.gc.last_collection.heap.fragmentation.size (By)[gc.heap.generation=gen2],Metric,0
09/11/2026 06:00:21,System.Runtime,dotnet.gc.last_collection.heap.fragmentation.size (By)[gc.heap.generation=gen0],Metric,0
09/11/2026 06:00:21,System.Runtime,dotnet.gc.last_collection.heap.fragmentation.size (By)[gc.heap.generation=gen1],Metric,0
09/11/2026 06:00:21,System.Runtime,dotnet.gc.last_collection.heap.fragmentation.size (By)[gc.heap.generation=poh],Metric,0
09/11/2026 06:00:21,System.Runtime,dotnet.gc.last_collection.heap.fragmentation.size (By)[gc.heap.generation=loh],Metric,0
09/11/2026 06:00:21,System.Runtime,dotnet.timer.count ({timer}),Metric,3
09/11/2026 06:00:21,System.Runtime,dotnet.assembly.count ({assembly}),Metric,61
09/11/2026 06:00:21,System.Runtime,dotnet.gc.heap.total_allocated (By / 1 sec),Rate,123000
09/11/2026 06:00:21,System.Runtime,dotnet.gc.last_collection.heap.size (By)[gc.heap.generation=gen2],Metric,0
09/11/2026 06:00:21,System.Runtime,dotnet.gc.last_collection.heap.size (By)[gc.heap.generation=gen0],Metric,0
09/11/2026 06:00:21,System.Runtime,dotnet.gc.last_collection.heap.size (By)[gc.heap.generation=gen1],Metric,0
09/11/2026 06:00:21,System.Runtime,dotnet.gc.last_collection.heap.size (By)[gc.heap.generation=poh],Metric,0
09/11/2026 06:00:21,System.Runtime,dotnet.gc.last_collection.heap.size (By)[gc.heap.generation=loh],Metric,0
09/11/2026 06:00:21,System.Runtime,dotnet.thread_pool.work_item.count ({work_item} / 1 sec),Rate,601
09/11/2026 06:00:21,System.Runtime,dotnet.process.memory.working_set (By),Metric,100466688
09/11/2026 06:00:21,System.Runtime,dotnet.thread_pool.thread.count ({thread} / 1 sec),Rate,0
09/11/2026 06:00:21,System.Runtime,dotnet.jit.compilation.time (s / 1 sec),Rate,0
09/11/2026 06:00:22,System.Runtime,dotnet.jit.compiled_il.size (By / 1 sec),Rate,0
09/11/2026 06:00:22,System.Runtime,dotnet.jit.compiled_methods ({method} / 1 sec),Rate,0
09/11/2026 06:00:22,System.Runtime,dotnet.monitor.lock_contentions ({contention} / 1 sec),Rate,0
09/11/2026 06:00:22,System.Runtime,dotnet.gc.collections ({collection} / 1 sec)[gc.heap.generation=gen2],Rate,0
09/11/2026 06:00:22,System.Runtime,dotnet.gc.collections ({collection} / 1 sec)[gc.heap.generation=gen0],Rate,0
09/11/2026 06:00:22,System.Runtime,dotnet.gc.collections ({collection} / 1 sec)[gc.heap.generation=gen1],Rate,0
09/11/2026 06:00:22,System.Runtime,dotnet.process.cpu.time (s / 1 sec)[cpu.mode=system],Rate,0.03893799999999992
09/11/2026 06:00:22,System.Runtime,dotnet.process.cpu.time (s / 1 sec)[cpu.mode=user],Rate,0.5888879999999972
09/11/2026 06:00:22,System.Runtime,dotnet.process.cpu.count ({cpu}),Metric,15
09/11/2026 06:00:22,System.Runtime,dotnet.gc.pause.time (s / 1 sec),Rate,0
09/11/2026 06:00:22,System.Runtime,dotnet.thread_pool.queue.length ({work_item} / 1 sec),Rate,0
09/11/2026 06:00:22,System.Runtime,dotnet.gc.last_collection.memory.committed_size (By),Metric,0
09/11/2026 06:00:22,System.Runtime,dotnet.gc.last_collection.heap.fragmentation.size (By)[gc.heap.generation=gen2],Metric,0
09/11/2026 06:00:22,System.Runtime,dotnet.gc.last_collection.heap.fragmentation.size (By)[gc.heap.generation=gen0],Metric,0
09/11/2026 06:00:22,System.Runtime,dotnet.gc.last_collection.heap.fragmentation.size (By)[gc.heap.generation=gen1],Metric,0
09/11/2026 06:00:22,System.Runtime,dotnet.gc.last_collection.heap.fragmentation.size (By)[gc.heap.generation=poh],Metric,0
09/11/2026 06:00:22,System.Runtime,dotnet.gc.last_collection.heap.fragmentation.size (By)[gc.heap.generation=loh],Metric,0
09/11/2026 06:00:22,System.Runtime,dotnet.timer.count ({timer}),Metric,2
09/11/2026 06:00:22,System.Runtime,dotnet.assembly.count ({assembly}),Metric,61
09/11/2026 06:00:22,System.Runtime,dotnet.gc.heap.total_allocated (By / 1 sec),Rate,146512
09/11/2026 06:00:22,System.Runtime,dotnet.gc.last_collection.heap.size (By)[gc.heap.generation=gen2],Metric,0
09/11/2026 06:00:22,System.Runtime,dotnet.gc.last_collection.heap.size (By)[gc.heap.generation=gen0],Metric,0
09/11/2026 06:00:22,System.Runtime,dotnet.gc.last_collection.heap.size (By)[gc.heap.generation=gen1],Metric,0
09/11/2026 06:00:22,System.Runtime,dotnet.gc.last_collection.heap.size (By)[gc.heap.generation=poh],Metric,0
09/11/2026 06:00:22,System.Runtime,dotnet.gc.last_collection.heap.size (By)[gc.heap.generation=loh],Metric,0
09/11/2026 06:00:22,System.Runtime,dotnet.thread_pool.work_item.count ({work_item} / 1 sec),Rate,601
09/11/2026 06:00:22,System.Runtime,dotnet.process.memory.working_set (By),Metric,100581376
09/11/2026 06:00:22,System.Runtime,dotnet.thread_pool.thread.count ({thread} / 1 sec),Rate,0
09/11/2026 06:00:22,System.Runtime,dotnet.jit.compilation.time (s / 1 sec),Rate,0
09/11/2026 06:00:23,System.Runtime,dotnet.jit.compiled_il.size (By / 1 sec),Rate,3190
09/11/2026 06:00:23,System.Runtime,dotnet.jit.compiled_methods ({method} / 1 sec),Rate,38
09/11/2026 06:00:23,System.Runtime,dotnet.monitor.lock_contentions ({contention} / 1 sec),Rate,0
09/11/2026 06:00:23,System.Runtime,dotnet.gc.collections ({collection} / 1 sec)[gc.heap.generation=gen2],Rate,0
09/11/2026 06:00:23,System.Runtime,dotnet.gc.collections ({collection} / 1 sec)[gc.heap.generation=gen0],Rate,0
09/11/2026 06:00:23,System.Runtime,dotnet.gc.collections ({collection} / 1 sec)[gc.heap.generation=gen1],Rate,0
09/11/2026 06:00:23,System.Runtime,dotnet.process.cpu.time (s / 1 sec)[cpu.mode=system],Rate,0.03645199999999971
09/11/2026 06:00:23,System.Runtime,dotnet.process.cpu.time (s / 1 sec)[cpu.mode=user],Rate,0.6053370000000058
09/11/2026 06:00:23,System.Runtime,dotnet.process.cpu.count ({cpu}),Metric,15
09/11/2026 06:00:23,System.Runtime,dotnet.gc.pause.time (s / 1 sec),Rate,0
09/11/2026 06:00:23,System.Runtime,dotnet.thread_pool.queue.length ({work_item} / 1 sec),Rate,0
09/11/2026 06:00:23,System.Runtime,dotnet.gc.last_collection.memory.committed_size (By),Metric,0
09/11/2026 06:00:23,System.Runtime,dotnet.gc.last_collection.heap.fragmentation.size (By)[gc.heap.generation=gen2],Metric,0
09/11/2026 06:00:23,System.Runtime,dotnet.gc.last_collection.heap.fragmentation.size (By)[gc.heap.generation=gen0],Metric,0
09/11/2026 06:00:23,System.Runtime,dotnet.gc.last_collection.heap.fragmentation.size (By)[gc.heap.generation=gen1],Metric,0
09/11/2026 06:00:23,System.Runtime,dotnet.gc.last_collection.heap.fragmentation.size (By)[gc.heap.generation=poh],Metric,0
09/11/2026 06:00:23,System.Runtime,dotnet.gc.last_collection.heap.fragmentation.size (By)[gc.heap.generation=loh],Metric,0
09/11/2026 06:00:23,System.Runtime,dotnet.timer.count ({timer}),Metric,2
09/11/2026 06:00:23,System.Runtime,dotnet.assembly.count ({assembly}),Metric,61
09/11/2026 06:00:23,System.Runtime,dotnet.gc.heap.total_allocated (By / 1 sec),Rate,147584
09/11/2026 06:00:23,System.Runtime,dotnet.gc.last_collection.heap.size (By)[gc.heap.generation=gen2],Metric,0
09/11/2026 06:00:23,System.Runtime,dotnet.gc.last_collection.heap.size (By)[gc.heap.generation=gen0],Metric,0
09/11/2026 06:00:23,System.Runtime,dotnet.gc.last_collection.heap.size (By)[gc.heap.generation=gen1],Metric,0
09/11/2026 06:00:23,System.Runtime,dotnet.gc.last_collection.heap.size (By)[gc.heap.generation=poh],Metric,0
09/11/2026 06:00:23,System.Runtime,dotnet.gc.last_collection.heap.size (By)[gc.heap.generation=loh],Metric,0
09/11/2026 06:00:23,System.Runtime,dotnet.thread_pool.work_item.count ({work_item} / 1 sec),Rate,602
09/11/2026 06:00:23,System.Runtime,dotnet.process.memory.working_set (By),Metric,100810752
09/11/2026 06:00:23,System.Runtime,dotnet.thread_pool.thread.count ({thread} / 1 sec),Rate,0
09/11/2026 06:00:23,System.Runtime,dotnet.jit.compilation.time (s / 1 sec),Rate,0.014569899999999913
09/11/2026 06:00:24,System.Runtime,dotnet.jit.compiled_il.size (By / 1 sec),Rate,0
09/11/2026 06:00:24,System.Runtime,dotnet.jit.compiled_methods ({method} / 1 sec),Rate,0
09/11/2026 06:00:24,System.Runtime,dotnet.monitor.lock_contentions ({contention} / 1 sec),Rate,0
09/11/2026 06:00:24,System.Runtime,dotnet.gc.collections ({collection} / 1 sec)[gc.heap.generation=gen2],Rate,0
09/11/2026 06:00:24,System.Runtime,dotnet.gc.collections ({collection} / 1 sec)[gc.heap.generation=gen0],Rate,0
09/11/2026 06:00:24,System.Runtime,dotnet.gc.collections ({collection} / 1 sec)[gc.heap.generation=gen1],Rate,0
09/11/2026 06:00:24,System.Runtime,dotnet.process.cpu.time (s / 1 sec)[cpu.mode=system],Rate,0.03576800000000002
09/11/2026 06:00:24,System.Runtime,dotnet.process.cpu.time (s / 1 sec)[cpu.mode=user],Rate,0.5870049999999907
09/11/2026 06:00:24,System.Runtime,dotnet.process.cpu.count ({cpu}),Metric,15
09/11/2026 06:00:24,System.Runtime,dotnet.gc.pause.time (s / 1 sec),Rate,0
09/11/2026 06:00:24,System.Runtime,dotnet.thread_pool.queue.length ({work_item} / 1 sec),Rate,0
09/11/2026 06:00:24,System.Runtime,dotnet.gc.last_collection.memory.committed_size (By),Metric,0
09/11/2026 06:00:24,System.Runtime,dotnet.gc.last_collection.heap.fragmentation.size (By)[gc.heap.generation=gen2],Metric,0
09/11/2026 06:00:24,System.Runtime,dotnet.gc.last_collection.heap.fragmentation.size (By)[gc.heap.generation=gen0],Metric,0
09/11/2026 06:00:24,System.Runtime,dotnet.gc.last_collection.heap.fragmentation.size (By)[gc.heap.generation=gen1],Metric,0
09/11/2026 06:00:24,System.Runtime,dotnet.gc.last_collection.heap.fragmentation.size (By)[gc.heap.generation=poh],Metric,0
09/11/2026 06:00:24,System.Runtime,dotnet.gc.last_collection.heap.fragmentation.size (By)[gc.heap.generation=loh],Metric,0
09/11/2026 06:00:24,System.Runtime,dotnet.timer.count ({timer}),Metric,2
09/11/2026 06:00:24,System.Runtime,dotnet.assembly.count ({assembly}),Metric,61
09/11/2026 06:00:24,System.Runtime,dotnet.gc.heap.total_allocated (By / 1 sec),Rate,121976
09/11/2026 06:00:24,System.Runtime,dotnet.gc.last_collection.heap.size (By)[gc.heap.generation=gen2],Metric,0
09/11/2026 06:00:24,System.Runtime,dotnet.gc.last_collection.heap.size (By)[gc.heap.generation=gen0],Metric,0
09/11/2026 06:00:24,System.Runtime,dotnet.gc.last_collection.heap.size (By)[gc.heap.generation=gen1],Metric,0
09/11/2026 06:00:24,System.Runtime,dotnet.gc.last_collection.heap.size (By)[gc.heap.generation=poh],Metric,0
09/11/2026 06:00:24,System.Runtime,dotnet.gc.last_collection.heap.size (By)[gc.heap.generation=loh],Metric,0
09/11/2026 06:00:24,System.Runtime,dotnet.thread_pool.work_item.count ({work_item} / 1 sec),Rate,601
09/11/2026 06:00:24,System.Runtime,dotnet.process.memory.working_set (By),Metric,100958208
09/11/2026 06:00:24,System.Runtime,dotnet.thread_pool.thread.count ({thread} / 1 sec),Rate,0
09/11/2026 06:00:24,System.Runtime,dotnet.jit.compilation.time (s / 1 sec),Rate,0
09/11/2026 06:00:25,System.Runtime,dotnet.jit.compiled_il.size (By / 1 sec),Rate,0
09/11/2026 06:00:25,System.Runtime,dotnet.jit.compiled_methods ({method} / 1 sec),Rate,0
09/11/2026 06:00:25,System.Runtime,dotnet.monitor.lock_contentions ({contention} / 1 sec),Rate,0
09/11/2026 06:00:25,System.Runtime,dotnet.gc.collections ({collection} / 1 sec)[gc.heap.generation=gen2],Rate,0
09/11/2026 06:00:25,System.Runtime,dotnet.gc.collections ({collection} / 1 sec)[gc.heap.generation=gen0],Rate,0
09/11/2026 06:00:25,System.Runtime,dotnet.gc.collections ({collection} / 1 sec)[gc.heap.generation=gen1],Rate,0
09/11/2026 06:00:25,System.Runtime,dotnet.process.cpu.time (s / 1 sec)[cpu.mode=system],Rate,0.0355490000000005
09/11/2026 06:00:25,System.Runtime,dotnet.process.cpu.time (s / 1 sec)[cpu.mode=user],Rate,0.5889779999999973
09/11/2026 06:00:25,System.Runtime,dotnet.process.cpu.count ({cpu}),Metric,15
09/11/2026 06:00:25,System.Runtime,dotnet.gc.pause.time (s / 1 sec),Rate,0
09/11/2026 06:00:25,System.Runtime,dotnet.thread_pool.queue.length ({work_item} / 1 sec),Rate,0
09/11/2026 06:00:25,System.Runtime,dotnet.gc.last_collection.memory.committed_size (By),Metric,0
09/11/2026 06:00:25,System.Runtime,dotnet.gc.last_collection.heap.fragmentation.size (By)[gc.heap.generation=gen2],Metric,0
09/11/2026 06:00:25,System.Runtime,dotnet.gc.last_collection.heap.fragmentation.size (By)[gc.heap.generation=gen0],Metric,0
09/11/2026 06:00:25,System.Runtime,dotnet.gc.last_collection.heap.fragmentation.size (By)[gc.heap.generation=gen1],Metric,0
09/11/2026 06:00:25,System.Runtime,dotnet.gc.last_collection.heap.fragmentation.size (By)[gc.heap.generation=poh],Metric,0
09/11/2026 06:00:25,System.Runtime,dotnet.gc.last_collection.heap.fragmentation.size (By)[gc.heap.generation=loh],Metric,0
09/11/2026 06:00:25,System.Runtime,dotnet.timer.count ({timer}),Metric,2
09/11/2026 06:00:25,System.Runtime,dotnet.assembly.count ({assembly}),Metric,61
09/11/2026 06:00:25,System.Runtime,dotnet.gc.heap.total_allocated (By / 1 sec),Rate,147600
09/11/2026 06:00:25,System.Runtime,dotnet.gc.last_collection.heap.size (By)[gc.heap.generation=gen2],Metric,0
09/11/2026 06:00:25,System.Runtime,dotnet.gc.last_collection.heap.size (By)[gc.heap.generation=gen0],Metric,0
09/11/2026 06:00:25,System.Runtime,dotnet.gc.last_collection.heap.size (By)[gc.heap.generation=gen1],Metric,0
09/11/2026 06:00:25,System.Runtime,dotnet.gc.last_collection.heap.size (By)[gc.heap.generation=poh],Metric,0
09/11/2026 06:00:25,System.Runtime,dotnet.gc.last_collection.heap.size (By)[gc.heap.generation=loh],Metric,0
09/11/2026 06:00:25,System.Runtime,dotnet.thread_pool.work_item.count ({work_item} / 1 sec),Rate,601
09/11/2026 06:00:25,System.Runtime,dotnet.process.memory.working_set (By),Metric,101122048
09/11/2026 06:00:25,System.Runtime,dotnet.thread_pool.thread.count ({thread} / 1 sec),Rate,0
09/11/2026 06:00:25,System.Runtime,dotnet.jit.compilation.time (s / 1 sec),Rate,0
09/11/2026 06:00:26,System.Runtime,dotnet.jit.compiled_il.size (By / 1 sec),Rate,0
09/11/2026 06:00:26,System.Runtime,dotnet.jit.compiled_methods ({method} / 1 sec),Rate,0
09/11/2026 06:00:26,System.Runtime,dotnet.monitor.lock_contentions ({contention} / 1 sec),Rate,0
09/11/2026 06:00:26,System.Runtime,dotnet.gc.collections ({collection} / 1 sec)[gc.heap.generation=gen2],Rate,0
09/11/2026 06:00:26,System.Runtime,dotnet.gc.collections ({collection} / 1 sec)[gc.heap.generation=gen0],Rate,0
09/11/2026 06:00:26,System.Runtime,dotnet.gc.collections ({collection} / 1 sec)[gc.heap.generation=gen1],Rate,0
09/11/2026 06:00:26,System.Runtime,dotnet.process.cpu.time (s / 1 sec)[cpu.mode=system],Rate,0.03576099999999993
09/11/2026 06:00:26,System.Runtime,dotnet.process.cpu.time (s / 1 sec)[cpu.mode=user],Rate,0.5897640000000024
09/11/2026 06:00:26,System.Runtime,dotnet.process.cpu.count ({cpu}),Metric,15
09/11/2026 06:00:26,System.Runtime,dotnet.gc.pause.time (s / 1 sec),Rate,0
09/11/2026 06:00:26,System.Runtime,dotnet.thread_pool.queue.length ({work_item} / 1 sec),Rate,0
09/11/2026 06:00:26,System.Runtime,dotnet.gc.last_collection.memory.committed_size (By),Metric,0
09/11/2026 06:00:26,System.Runtime,dotnet.gc.last_collection.heap.fragmentation.size (By)[gc.heap.generation=gen2],Metric,0
09/11/2026 06:00:26,System.Runtime,dotnet.gc.last_collection.heap.fragmentation.size (By)[gc.heap.generation=gen0],Metric,0
09/11/2026 06:00:26,System.Runtime,dotnet.gc.last_collection.heap.fragmentation.size (By)[gc.heap.generation=gen1],Metric,0
09/11/2026 06:00:26,System.Runtime,dotnet.gc.last_collection.heap.fragmentation.size (By)[gc.heap.generation=poh],Metric,0
09/11/2026 06:00:26,System.Runtime,dotnet.gc.last_collection.heap.fragmentation.size (By)[gc.heap.generation=loh],Metric,0
09/11/2026 06:00:26,System.Runtime,dotnet.timer.count ({timer}),Metric,2
09/11/2026 06:00:26,System.Runtime,dotnet.assembly.count ({assembly}),Metric,61
09/11/2026 06:00:26,System.Runtime,dotnet.gc.heap.total_allocated (By / 1 sec),Rate,131176
09/11/2026 06:00:26,System.Runtime,dotnet.gc.last_collection.heap.size (By)[gc.heap.generation=gen2],Metric,0
09/11/2026 06:00:26,System.Runtime,dotnet.gc.last_collection.heap.size (By)[gc.heap.generation=gen0],Metric,0
09/11/2026 06:00:26,System.Runtime,dotnet.gc.last_collection.heap.size (By)[gc.heap.generation=gen1],Metric,0
09/11/2026 06:00:26,System.Runtime,dotnet.gc.last_collection.heap.size (By)[gc.heap.generation=poh],Metric,0
09/11/2026 06:00:26,System.Runtime,dotnet.gc.last_collection.heap.size (By)[gc.heap.generation=loh],Metric,0
09/11/2026 06:00:26,System.Runtime,dotnet.thread_pool.work_item.count ({work_item} / 1 sec),Rate,601
09/11/2026 06:00:26,System.Runtime,dotnet.process.memory.working_set (By),Metric,101253120
09/11/2026 06:00:26,System.Runtime,dotnet.thread_pool.thread.count ({thread} / 1 sec),Rate,0
09/11/2026 06:00:26,System.Runtime,dotnet.jit.compilation.time (s / 1 sec),Rate,0
09/11/2026 06:00:27,System.Runtime,dotnet.jit.compiled_il.size (By / 1 sec),Rate,0
09/11/2026 06:00:27,System.Runtime,dotnet.jit.compiled_methods ({method} / 1 sec),Rate,0
09/11/2026 06:00:27,System.Runtime,dotnet.monitor.lock_contentions ({contention} / 1 sec),Rate,0
09/11/2026 06:00:27,System.Runtime,dotnet.gc.collections ({collection} / 1 sec)[gc.heap.generation=gen2],Rate,0
09/11/2026 06:00:27,System.Runtime,dotnet.gc.collections ({collection} / 1 sec)[gc.heap.generation=gen0],Rate,0
09/11/2026 06:00:27,System.Runtime,dotnet.gc.collections ({collection} / 1 sec)[gc.heap.generation=gen1],Rate,0
09/11/2026 06:00:27,System.Runtime,dotnet.process.cpu.time (s / 1 sec)[cpu.mode=system],Rate,0.0366559999999998
09/11/2026 06:00:27,System.Runtime,dotnet.process.cpu.time (s / 1 sec)[cpu.mode=user],Rate,0.5916509999999988
09/11/2026 06:00:27,System.Runtime,dotnet.process.cpu.count ({cpu}),Metric,15
09/11/2026 06:00:27,System.Runtime,dotnet.gc.pause.time (s / 1 sec),Rate,0
09/11/2026 06:00:27,System.Runtime,dotnet.thread_pool.queue.length ({work_item} / 1 sec),Rate,0
09/11/2026 06:00:27,System.Runtime,dotnet.gc.last_collection.memory.committed_size (By),Metric,0
09/11/2026 06:00:27,System.Runtime,dotnet.gc.last_collection.heap.fragmentation.size (By)[gc.heap.generation=gen2],Metric,0
09/11/2026 06:00:27,System.Runtime,dotnet.gc.last_collection.heap.fragmentation.size (By)[gc.heap.generation=gen0],Metric,0
09/11/2026 06:00:27,System.Runtime,dotnet.gc.last_collection.heap.fragmentation.size (By)[gc.heap.generation=gen1],Metric,0
09/11/2026 06:00:27,System.Runtime,dotnet.gc.last_collection.heap.fragmentation.size (By)[gc.heap.generation=poh],Metric,0
09/11/2026 06:00:27,System.Runtime,dotnet.gc.last_collection.heap.fragmentation.size (By)[gc.heap.generation=loh],Metric,0
09/11/2026 06:00:27,System.Runtime,dotnet.timer.count ({timer}),Metric,2
09/11/2026 06:00:27,System.Runtime,dotnet.assembly.count ({assembly}),Metric,61
09/11/2026 06:00:27,System.Runtime,dotnet.gc.heap.total_allocated (By / 1 sec),Rate,131200
09/11/2026 06:00:27,System.Runtime,dotnet.gc.last_collection.heap.size (By)[gc.heap.generation=gen2],Metric,0
09/11/2026 06:00:27,System.Runtime,dotnet.gc.last_collection.heap.size (By)[gc.heap.generation=gen0],Metric,0
09/11/2026 06:00:27,System.Runtime,dotnet.gc.last_collection.heap.size (By)[gc.heap.generation=gen1],Metric,0
09/11/2026 06:00:27,System.Runtime,dotnet.gc.last_collection.heap.size (By)[gc.heap.generation=poh],Metric,0
09/11/2026 06:00:27,System.Runtime,dotnet.gc.last_collection.heap.size (By)[gc.heap.generation=loh],Metric,0
09/11/2026 06:00:27,System.Runtime,dotnet.thread_pool.work_item.count ({work_item} / 1 sec),Rate,601
09/11/2026 06:00:27,System.Runtime,dotnet.process.memory.working_set (By),Metric,101384192
09/11/2026 06:00:27,System.Runtime,dotnet.thread_pool.thread.count ({thread} / 1 sec),Rate,0
09/11/2026 06:00:27,System.Runtime,dotnet.jit.compilation.time (s / 1 sec),Rate,0
09/11/2026 06:00:28,System.Runtime,dotnet.jit.compiled_il.size (By / 1 sec),Rate,44
09/11/2026 06:00:28,System.Runtime,dotnet.jit.compiled_methods ({method} / 1 sec),Rate,1
09/11/2026 06:00:28,System.Runtime,dotnet.monitor.lock_contentions ({contention} / 1 sec),Rate,0
09/11/2026 06:00:28,System.Runtime,dotnet.gc.collections ({collection} / 1 sec)[gc.heap.generation=gen2],Rate,0
09/11/2026 06:00:28,System.Runtime,dotnet.gc.collections ({collection} / 1 sec)[gc.heap.generation=gen0],Rate,0
09/11/2026 06:00:28,System.Runtime,dotnet.gc.collections ({collection} / 1 sec)[gc.heap.generation=gen1],Rate,0
09/11/2026 06:00:28,System.Runtime,dotnet.process.cpu.time (s / 1 sec)[cpu.mode=system],Rate,0.03655600000000003
09/11/2026 06:00:28,System.Runtime,dotnet.process.cpu.time (s / 1 sec)[cpu.mode=user],Rate,0.5894470000000069
09/11/2026 06:00:28,System.Runtime,dotnet.process.cpu.count ({cpu}),Metric,15
09/11/2026 06:00:28,System.Runtime,dotnet.gc.pause.time (s / 1 sec),Rate,0
09/11/2026 06:00:28,System.Runtime,dotnet.thread_pool.queue.length ({work_item} / 1 sec),Rate,0
09/11/2026 06:00:28,System.Runtime,dotnet.gc.last_collection.memory.committed_size (By),Metric,0
09/11/2026 06:00:28,System.Runtime,dotnet.gc.last_collection.heap.fragmentation.size (By)[gc.heap.generation=gen2],Metric,0
09/11/2026 06:00:28,System.Runtime,dotnet.gc.last_collection.heap.fragmentation.size (By)[gc.heap.generation=gen0],Metric,0
09/11/2026 06:00:28,System.Runtime,dotnet.gc.last_collection.heap.fragmentation.size (By)[gc.heap.generation=gen1],Metric,0
09/11/2026 06:00:28,System.Runtime,dotnet.gc.last_collection.heap.fragmentation.size (By)[gc.heap.generation=poh],Metric,0
09/11/2026 06:00:28,System.Runtime,dotnet.gc.last_collection.heap.fragmentation.size (By)[gc.heap.generation=loh],Metric,0
09/11/2026 06:00:28,System.Runtime,dotnet.timer.count ({timer}),Metric,2
09/11/2026 06:00:28,System.Runtime,dotnet.assembly.count ({assembly}),Metric,61
09/11/2026 06:00:28,System.Runtime,dotnet.gc.heap.total_allocated (By / 1 sec),Rate,146584
09/11/2026 06:00:28,System.Runtime,dotnet.gc.last_collection.heap.size (By)[gc.heap.generation=gen2],Metric,0
09/11/2026 06:00:28,System.Runtime,dotnet.gc.last_collection.heap.size (By)[gc.heap.generation=gen0],Metric,0
09/11/2026 06:00:28,System.Runtime,dotnet.gc.last_collection.heap.size (By)[gc.heap.generation=gen1],Metric,0
09/11/2026 06:00:28,System.Runtime,dotnet.gc.last_collection.heap.size (By)[gc.heap.generation=poh],Metric,0
09/11/2026 06:00:28,System.Runtime,dotnet.gc.last_collection.heap.size (By)[gc.heap.generation=loh],Metric,0
09/11/2026 06:00:28,System.Runtime,dotnet.thread_pool.work_item.count ({work_item} / 1 sec),Rate,602
09/11/2026 06:00:28,System.Runtime,dotnet.process.memory.working_set (By),Metric,101564416
09/11/2026 06:00:28,System.Runtime,dotnet.thread_pool.thread.count ({thread} / 1 sec),Rate,0
09/11/2026 06:00:28,System.Runtime,dotnet.jit.compilation.time (s / 1 sec),Rate,0.0006257000000000623
09/11/2026 06:00:29,System.Runtime,dotnet.jit.compiled_il.size (By / 1 sec),Rate,0
09/11/2026 06:00:29,System.Runtime,dotnet.jit.compiled_methods ({method} / 1 sec),Rate,0
09/11/2026 06:00:29,System.Runtime,dotnet.monitor.lock_contentions ({contention} / 1 sec),Rate,0
09/11/2026 06:00:29,System.Runtime,dotnet.gc.collections ({collection} / 1 sec)[gc.heap.generation=gen2],Rate,0
09/11/2026 06:00:29,System.Runtime,dotnet.gc.collections ({collection} / 1 sec)[gc.heap.generation=gen0],Rate,0
09/11/2026 06:00:29,System.Runtime,dotnet.gc.collections ({collection} / 1 sec)[gc.heap.generation=gen1],Rate,0
09/11/2026 06:00:29,System.Runtime,dotnet.process.cpu.time (s / 1 sec)[cpu.mode=system],Rate,0.037842000000000375
09/11/2026 06:00:29,System.Runtime,dotnet.process.cpu.time (s / 1 sec)[cpu.mode=user],Rate,0.586314999999999
09/11/2026 06:00:29,System.Runtime,dotnet.process.cpu.count ({cpu}),Metric,15
09/11/2026 06:00:29,System.Runtime,dotnet.gc.pause.time (s / 1 sec),Rate,0
09/11/2026 06:00:29,System.Runtime,dotnet.thread_pool.queue.length ({work_item} / 1 sec),Rate,0
09/11/2026 06:00:29,System.Runtime,dotnet.gc.last_collection.memory.committed_size (By),Metric,0
09/11/2026 06:00:29,System.Runtime,dotnet.gc.last_collection.heap.fragmentation.size (By)[gc.heap.generation=gen2],Metric,0
09/11/2026 06:00:29,System.Runtime,dotnet.gc.last_collection.heap.fragmentation.size (By)[gc.heap.generation=gen0],Metric,0
09/11/2026 06:00:29,System.Runtime,dotnet.gc.last_collection.heap.fragmentation.size (By)[gc.heap.generation=gen1],Metric,0
09/11/2026 06:00:29,System.Runtime,dotnet.gc.last_collection.heap.fragmentation.size (By)[gc.heap.generation=poh],Metric,0
09/11/2026 06:00:29,System.Runtime,dotnet.gc.last_collection.heap.fragmentation.size (By)[gc.heap.generation=loh],Metric,0
09/11/2026 06:00:29,System.Runtime,dotnet.timer.count ({timer}),Metric,2
09/11/2026 06:00:29,System.Runtime,dotnet.assembly.count ({assembly}),Metric,61
09/11/2026 06:00:29,System.Runtime,dotnet.gc.heap.total_allocated (By / 1 sec),Rate,138376
09/11/2026 06:00:29,System.Runtime,dotnet.gc.last_collection.heap.size (By)[gc.heap.generation=gen2],Metric,0
09/11/2026 06:00:29,System.Runtime,dotnet.gc.last_collection.heap.size (By)[gc.heap.generation=gen0],Metric,0
09/11/2026 06:00:29,System.Runtime,dotnet.gc.last_collection.heap.size (By)[gc.heap.generation=gen1],Metric,0
09/11/2026 06:00:29,System.Runtime,dotnet.gc.last_collection.heap.size (By)[gc.heap.generation=poh],Metric,0
09/11/2026 06:00:29,System.Runtime,dotnet.gc.last_collection.heap.size (By)[gc.heap.generation=loh],Metric,0
09/11/2026 06:00:29,System.Runtime,dotnet.thread_pool.work_item.count ({work_item} / 1 sec),Rate,601
09/11/2026 06:00:29,System.Runtime,dotnet.process.memory.working_set (By),Metric,101761024
09/11/2026 06:00:29,System.Runtime,dotnet.thread_pool.thread.count ({thread} / 1 sec),Rate,0
09/11/2026 06:00:29,System.Runtime,dotnet.jit.compilation.time (s / 1 sec),Rate,0
09/11/2026 06:00:30,System.Runtime,dotnet.jit.compiled_il.size (By / 1 sec),Rate,0
09/11/2026 06:00:30,System.Runtime,dotnet.jit.compiled_methods ({method} / 1 sec),Rate,0
09/11/2026 06:00:30,System.Runtime,dotnet.monitor.lock_contentions ({contention} / 1 sec),Rate,0
09/11/2026 06:00:30,System.Runtime,dotnet.gc.collections ({collection} / 1 sec)[gc.heap.generation=gen2],Rate,0
09/11/2026 06:00:30,System.Runtime,dotnet.gc.collections ({collection} / 1 sec)[gc.heap.generation=gen0],Rate,0
09/11/2026 06:00:30,System.Runtime,dotnet.gc.collections ({collection} / 1 sec)[gc.heap.generation=gen1],Rate,0
09/11/2026 06:00:30,System.Runtime,dotnet.process.cpu.time (s / 1 sec)[cpu.mode=system],Rate,0.03838699999999928
09/11/2026 06:00:30,System.Runtime,dotnet.process.cpu.time (s / 1 sec)[cpu.mode=user],Rate,0.5913690000000003
09/11/2026 06:00:30,System.Runtime,dotnet.process.cpu.count ({cpu}),Metric,15
09/11/2026 06:00:30,System.Runtime,dotnet.gc.pause.time (s / 1 sec),Rate,0
09/11/2026 06:00:30,System.Runtime,dotnet.thread_pool.queue.length ({work_item} / 1 sec),Rate,0
09/11/2026 06:00:30,System.Runtime,dotnet.gc.last_collection.memory.committed_size (By),Metric,0
09/11/2026 06:00:30,System.Runtime,dotnet.gc.last_collection.heap.fragmentation.size (By)[gc.heap.generation=gen2],Metric,0
09/11/2026 06:00:30,System.Runtime,dotnet.gc.last_collection.heap.fragmentation.size (By)[gc.heap.generation=gen0],Metric,0
09/11/2026 06:00:30,System.Runtime,dotnet.gc.last_collection.heap.fragmentation.size (By)[gc.heap.generation=gen1],Metric,0
09/11/2026 06:00:30,System.Runtime,dotnet.gc.last_collection.heap.fragmentation.size (By)[gc.heap.generation=poh],Metric,0
09/11/2026 06:00:30,System.Runtime,dotnet.gc.last_collection.heap.fragmentation.size (By)[gc.heap.generation=loh],Metric,0
09/11/2026 06:00:30,System.Runtime,dotnet.timer.count ({timer}),Metric,3
09/11/2026 06:00:30,System.Runtime,dotnet.assembly.count ({assembly}),Metric,61
09/11/2026 06:00:30,System.Runtime,dotnet.gc.heap.total_allocated (By / 1 sec),Rate,114800
09/11/2026 06:00:30,System.Runtime,dotnet.gc.last_collection.heap.size (By)[gc.heap.generation=gen2],Metric,0
09/11/2026 06:00:30,System.Runtime,dotnet.gc.last_collection.heap.size (By)[gc.heap.generation=gen0],Metric,0
09/11/2026 06:00:30,System.Runtime,dotnet.gc.last_collection.heap.size (By)[gc.heap.generation=gen1],Metric,0
09/11/2026 06:00:30,System.Runtime,dotnet.gc.last_collection.heap.size (By)[gc.heap.generation=poh],Metric,0
09/11/2026 06:00:30,System.Runtime,dotnet.gc.last_collection.heap.size (By)[gc.heap.generation=loh],Metric,0
09/11/2026 06:00:30,System.Runtime,dotnet.thread_pool.work_item.count ({work_item} / 1 sec),Rate,601
09/11/2026 06:00:30,System.Runtime,dotnet.process.memory.working_set (By),Metric,101892096
09/11/2026 06:00:30,System.Runtime,dotnet.thread_pool.thread.count ({thread} / 1 sec),Rate,0
09/11/2026 06:00:30,System.Runtime,dotnet.jit.compilation.time (s / 1 sec),Rate,0
09/11/2026 06:00:31,System.Runtime,dotnet.jit.compiled_il.size (By / 1 sec),Rate,0
09/11/2026 06:00:31,System.Runtime,dotnet.jit.compiled_methods ({method} / 1 sec),Rate,0
09/11/2026 06:00:31,System.Runtime,dotnet.monitor.lock_contentions ({contention} / 1 sec),Rate,0
09/11/2026 06:00:31,System.Runtime,dotnet.gc.collections ({collection} / 1 sec)[gc.heap.generation=gen2],Rate,0
09/11/2026 06:00:31,System.Runtime,dotnet.gc.collections ({collection} / 1 sec)[gc.heap.generation=gen0],Rate,0
09/11/2026 06:00:31,System.Runtime,dotnet.gc.collections ({collection} / 1 sec)[gc.heap.generation=gen1],Rate,0
09/11/2026 06:00:31,System.Runtime,dotnet.process.cpu.time (s / 1 sec)[cpu.mode=system],Rate,0.03610100000000038
09/11/2026 06:00:31,System.Runtime,dotnet.process.cpu.time (s / 1 sec)[cpu.mode=user],Rate,0.590558999999999
09/11/2026 06:00:31,System.Runtime,dotnet.process.cpu.count ({cpu}),Metric,15
09/11/2026 06:00:31,System.Runtime,dotnet.gc.pause.time (s / 1 sec),Rate,0
09/11/2026 06:00:31,System.Runtime,dotnet.thread_pool.queue.length ({work_item} / 1 sec),Rate,0
09/11/2026 06:00:31,System.Runtime,dotnet.gc.last_collection.memory.committed_size (By),Metric,0
09/11/2026 06:00:31,System.Runtime,dotnet.gc.last_collection.heap.fragmentation.size (By)[gc.heap.generation=gen2],Metric,0
09/11/2026 06:00:31,System.Runtime,dotnet.gc.last_collection.heap.fragmentation.size (By)[gc.heap.generation=gen0],Metric,0
09/11/2026 06:00:31,System.Runtime,dotnet.gc.last_collection.heap.fragmentation.size (By)[gc.heap.generation=gen1],Metric,0
09/11/2026 06:00:31,System.Runtime,dotnet.gc.last_collection.heap.fragmentation.size (By)[gc.heap.generation=poh],Metric,0
09/11/2026 06:00:31,System.Runtime,dotnet.gc.last_collection.heap.fragmentation.size (By)[gc.heap.generation=loh],Metric,0
09/11/2026 06:00:31,System.Runtime,dotnet.timer.count ({timer}),Metric,2
09/11/2026 06:00:31,System.Runtime,dotnet.assembly.count ({assembly}),Metric,61
09/11/2026 06:00:31,System.Runtime,dotnet.gc.heap.total_allocated (By / 1 sec),Rate,145552
09/11/2026 06:00:31,System.Runtime,dotnet.gc.last_collection.heap.size (By)[gc.heap.generation=gen2],Metric,0
09/11/2026 06:00:31,System.Runtime,dotnet.gc.last_collection.heap.size (By)[gc.heap.generation=gen0],Metric,0
09/11/2026 06:00:31,System.Runtime,dotnet.gc.last_collection.heap.size (By)[gc.heap.generation=gen1],Metric,0
09/11/2026 06:00:31,System.Runtime,dotnet.gc.last_collection.heap.size (By)[gc.heap.generation=poh],Metric,0
09/11/2026 06:00:31,System.Runtime,dotnet.gc.last_collection.heap.size (By)[gc.heap.generation=loh],Metric,0
09/11/2026 06:00:31,System.Runtime,dotnet.thread_pool.work_item.count ({work_item} / 1 sec),Rate,601
09/11/2026 06:00:31,System.Runtime,dotnet.process.memory.working_set (By),Metric,102055936
09/11/2026 06:00:31,System.Runtime,dotnet.thread_pool.thread.count ({thread} / 1 sec),Rate,0
09/11/2026 06:00:31,System.Runtime,dotnet.jit.compilation.time (s / 1 sec),Rate,0
09/11/2026 06:00:32,System.Runtime,dotnet.jit.compiled_il.size (By / 1 sec),Rate,0
09/11/2026 06:00:32,System.Runtime,dotnet.jit.compiled_methods ({method} / 1 sec),Rate,0
09/11/2026 06:00:32,System.Runtime,dotnet.monitor.lock_contentions ({contention} / 1 sec),Rate,0
09/11/2026 06:00:32,System.Runtime,dotnet.gc.collections ({collection} / 1 sec)[gc.heap.generation=gen2],Rate,0
09/11/2026 06:00:32,System.Runtime,dotnet.gc.collections ({collection} / 1 sec)[gc.heap.generation=gen0],Rate,0
09/11/2026 06:00:32,System.Runtime,dotnet.gc.collections ({collection} / 1 sec)[gc.heap.generation=gen1],Rate,0
09/11/2026 06:00:32,System.Runtime,dotnet.process.cpu.time (s / 1 sec)[cpu.mode=system],Rate,0.03648899999999955
09/11/2026 06:00:32,System.Runtime,dotnet.process.cpu.time (s / 1 sec)[cpu.mode=user],Rate,0.5814330000000041
09/11/2026 06:00:32,System.Runtime,dotnet.process.cpu.count ({cpu}),Metric,15
09/11/2026 06:00:32,System.Runtime,dotnet.gc.pause.time (s / 1 sec),Rate,0
09/11/2026 06:00:32,System.Runtime,dotnet.thread_pool.queue.length ({work_item} / 1 sec),Rate,0
09/11/2026 06:00:32,System.Runtime,dotnet.gc.last_collection.memory.committed_size (By),Metric,0
09/11/2026 06:00:32,System.Runtime,dotnet.gc.last_collection.heap.fragmentation.size (By)[gc.heap.generation=gen2],Metric,0
09/11/2026 06:00:32,System.Runtime,dotnet.gc.last_collection.heap.fragmentation.size (By)[gc.heap.generation=gen0],Metric,0
09/11/2026 06:00:32,System.Runtime,dotnet.gc.last_collection.heap.fragmentation.size (By)[gc.heap.generation=gen1],Metric,0
09/11/2026 06:00:32,System.Runtime,dotnet.gc.last_collection.heap.fragmentation.size (By)[gc.heap.generation=poh],Metric,0
09/11/2026 06:00:32,System.Runtime,dotnet.gc.last_collection.heap.fragmentation.size (By)[gc.heap.generation=loh],Metric,0
09/11/2026 06:00:32,System.Runtime,dotnet.timer.count ({timer}),Metric,2
09/11/2026 06:00:32,System.Runtime,dotnet.assembly.count ({assembly}),Metric,61
09/11/2026 06:00:32,System.Runtime,dotnet.gc.heap.total_allocated (By / 1 sec),Rate,164464
09/11/2026 06:00:32,System.Runtime,dotnet.gc.last_collection.heap.size (By)[gc.heap.generation=gen2],Metric,0
09/11/2026 06:00:32,System.Runtime,dotnet.gc.last_collection.heap.size (By)[gc.heap.generation=gen0],Metric,0
09/11/2026 06:00:32,System.Runtime,dotnet.gc.last_collection.heap.size (By)[gc.heap.generation=gen1],Metric,0
09/11/2026 06:00:32,System.Runtime,dotnet.gc.last_collection.heap.size (By)[gc.heap.generation=poh],Metric,0
09/11/2026 06:00:32,System.Runtime,dotnet.gc.last_collection.heap.size (By)[gc.heap.generation=loh],Metric,0
09/11/2026 06:00:32,System.Runtime,dotnet.thread_pool.work_item.count ({work_item} / 1 sec),Rate,598
09/11/2026 06:00:32,System.Runtime,dotnet.process.memory.working_set (By),Metric,102187008
09/11/2026 06:00:32,System.Runtime,dotnet.thread_pool.thread.count ({thread} / 1 sec),Rate,0
09/11/2026 06:00:32,System.Runtime,dotnet.jit.compilation.time (s / 1 sec),Rate,0
09/11/2026 06:00:33,System.Runtime,dotnet.jit.compiled_il.size (By / 1 sec),Rate,0
09/11/2026 06:00:33,System.Runtime,dotnet.jit.compiled_methods ({method} / 1 sec),Rate,0
09/11/2026 06:00:33,System.Runtime,dotnet.monitor.lock_contentions ({contention} / 1 sec),Rate,0
09/11/2026 06:00:33,System.Runtime,dotnet.gc.collections ({collection} / 1 sec)[gc.heap.generation=gen2],Rate,0
09/11/2026 06:00:33,System.Runtime,dotnet.gc.collections ({collection} / 1 sec)[gc.heap.generation=gen0],Rate,0
09/11/2026 06:00:33,System.Runtime,dotnet.gc.collections ({collection} / 1 sec)[gc.heap.generation=gen1],Rate,0
09/11/2026 06:00:33,System.Runtime,dotnet.process.cpu.time (s / 1 sec)[cpu.mode=system],Rate,0.03439499999999995
09/11/2026 06:00:33,System.Runtime,dotnet.process.cpu.time (s / 1 sec)[cpu.mode=user],Rate,0.5863899999999944
09/11/2026 06:00:33,System.Runtime,dotnet.process.cpu.count ({cpu}),Metric,15
09/11/2026 06:00:33,System.Runtime,dotnet.gc.pause.time (s / 1 sec),Rate,0
09/11/2026 06:00:33,System.Runtime,dotnet.thread_pool.queue.length ({work_item} / 1 sec),Rate,0
09/11/2026 06:00:33,System.Runtime,dotnet.gc.last_collection.memory.committed_size (By),Metric,0
09/11/2026 06:00:33,System.Runtime,dotnet.gc.last_collection.heap.fragmentation.size (By)[gc.heap.generation=gen2],Metric,0
09/11/2026 06:00:33,System.Runtime,dotnet.gc.last_collection.heap.fragmentation.size (By)[gc.heap.generation=gen0],Metric,0
09/11/2026 06:00:33,System.Runtime,dotnet.gc.last_collection.heap.fragmentation.size (By)[gc.heap.generation=gen1],Metric,0
09/11/2026 06:00:33,System.Runtime,dotnet.gc.last_collection.heap.fragmentation.size (By)[gc.heap.generation=poh],Metric,0
09/11/2026 06:00:33,System.Runtime,dotnet.gc.last_collection.heap.fragmentation.size (By)[gc.heap.generation=loh],Metric,0
09/11/2026 06:00:33,System.Runtime,dotnet.timer.count ({timer}),Metric,2
09/11/2026 06:00:33,System.Runtime,dotnet.assembly.count ({assembly}),Metric,61
09/11/2026 06:00:33,System.Runtime,dotnet.gc.heap.total_allocated (By / 1 sec),Rate,136880
09/11/2026 06:00:33,System.Runtime,dotnet.gc.last_collection.heap.size (By)[gc.heap.generation=gen2],Metric,0
09/11/2026 06:00:33,System.Runtime,dotnet.gc.last_collection.heap.size (By)[gc.heap.generation=gen0],Metric,0
09/11/2026 06:00:33,System.Runtime,dotnet.gc.last_collection.heap.size (By)[gc.heap.generation=gen1],Metric,0
09/11/2026 06:00:33,System.Runtime,dotnet.gc.last_collection.heap.size (By)[gc.heap.generation=poh],Metric,0
09/11/2026 06:00:33,System.Runtime,dotnet.gc.last_collection.heap.size (By)[gc.heap.generation=loh],Metric,0
09/11/2026 06:00:33,System.Runtime,dotnet.thread_pool.work_item.count ({work_item} / 1 sec),Rate,602
09/11/2026 06:00:33,System.Runtime,dotnet.process.memory.working_set (By),Metric,102334464
09/11/2026 06:00:33,System.Runtime,dotnet.thread_pool.thread.count ({thread} / 1 sec),Rate,0
09/11/2026 06:00:33,System.Runtime,dotnet.jit.compilation.time (s / 1 sec),Rate,0
09/11/2026 06:00:34,System.Runtime,dotnet.jit.compiled_il.size (By / 1 sec),Rate,0
09/11/2026 06:00:34,System.Runtime,dotnet.jit.compiled_methods ({method} / 1 sec),Rate,0
09/11/2026 06:00:34,System.Runtime,dotnet.monitor.lock_contentions ({contention} / 1 sec),Rate,0
09/11/2026 06:00:34,System.Runtime,dotnet.gc.collections ({collection} / 1 sec)[gc.heap.generation=gen2],Rate,0
09/11/2026 06:00:34,System.Runtime,dotnet.gc.collections ({collection} / 1 sec)[gc.heap.generation=gen0],Rate,0
09/11/2026 06:00:34,System.Runtime,dotnet.gc.collections ({collection} / 1 sec)[gc.heap.generation=gen1],Rate,0
09/11/2026 06:00:34,System.Runtime,dotnet.process.cpu.time (s / 1 sec)[cpu.mode=system],Rate,0.037033000000000094
09/11/2026 06:00:34,System.Runtime,dotnet.process.cpu.time (s / 1 sec)[cpu.mode=user],Rate,0.5879189999999994
09/11/2026 06:00:34,System.Runtime,dotnet.process.cpu.count ({cpu}),Metric,15
09/11/2026 06:00:34,System.Runtime,dotnet.gc.pause.time (s / 1 sec),Rate,0
09/11/2026 06:00:34,System.Runtime,dotnet.thread_pool.queue.length ({work_item} / 1 sec),Rate,0
09/11/2026 06:00:34,System.Runtime,dotnet.gc.last_collection.memory.committed_size (By),Metric,0
09/11/2026 06:00:34,System.Runtime,dotnet.gc.last_collection.heap.fragmentation.size (By)[gc.heap.generation=gen2],Metric,0
09/11/2026 06:00:34,System.Runtime,dotnet.gc.last_collection.heap.fragmentation.size (By)[gc.heap.generation=gen0],Metric,0
09/11/2026 06:00:34,System.Runtime,dotnet.gc.last_collection.heap.fragmentation.size (By)[gc.heap.generation=gen1],Metric,0
09/11/2026 06:00:34,System.Runtime,dotnet.gc.last_collection.heap.fragmentation.size (By)[gc.heap.generation=poh],Metric,0
09/11/2026 06:00:34,System.Runtime,dotnet.gc.last_collection.heap.fragmentation.size (By)[gc.heap.generation=loh],Metric,0
09/11/2026 06:00:34,System.Runtime,dotnet.timer.count ({timer}),Metric,2
09/11/2026 06:00:34,System.Runtime,dotnet.assembly.count ({assembly}),Metric,61
09/11/2026 06:00:34,System.Runtime,dotnet.gc.heap.total_allocated (By / 1 sec),Rate,147600
09/11/2026 06:00:34,System.Runtime,dotnet.gc.last_collection.heap.size (By)[gc.heap.generation=gen2],Metric,0
09/11/2026 06:00:34,System.Runtime,dotnet.gc.last_collection.heap.size (By)[gc.heap.generation=gen0],Metric,0
09/11/2026 06:00:34,System.Runtime,dotnet.gc.last_collection.heap.size (By)[gc.heap.generation=gen1],Metric,0
09/11/2026 06:00:34,System.Runtime,dotnet.gc.last_collection.heap.size (By)[gc.heap.generation=poh],Metric,0
09/11/2026 06:00:34,System.Runtime,dotnet.gc.last_collection.heap.size (By)[gc.heap.generation=loh],Metric,0
09/11/2026 06:00:34,System.Runtime,dotnet.thread_pool.work_item.count ({work_item} / 1 sec),Rate,601
09/11/2026 06:00:34,System.Runtime,dotnet.process.memory.working_set (By),Metric,102498304
09/11/2026 06:00:34,System.Runtime,dotnet.thread_pool.thread.count ({thread} / 1 sec),Rate,0
09/11/2026 06:00:34,System.Runtime,dotnet.jit.compilation.time (s / 1 sec),Rate,0
09/11/2026 06:00:35,System.Runtime,dotnet.jit.compiled_il.size (By / 1 sec),Rate,0
09/11/2026 06:00:35,System.Runtime,dotnet.jit.compiled_methods ({method} / 1 sec),Rate,0
09/11/2026 06:00:35,System.Runtime,dotnet.monitor.lock_contentions ({contention} / 1 sec),Rate,0
09/11/2026 06:00:35,System.Runtime,dotnet.gc.collections ({collection} / 1 sec)[gc.heap.generation=gen2],Rate,0
09/11/2026 06:00:35,System.Runtime,dotnet.gc.collections ({collection} / 1 sec)[gc.heap.generation=gen0],Rate,0
09/11/2026 06:00:35,System.Runtime,dotnet.gc.collections ({collection} / 1 sec)[gc.heap.generation=gen1],Rate,0
09/11/2026 06:00:35,System.Runtime,dotnet.process.cpu.time (s / 1 sec)[cpu.mode=system],Rate,0.037832000000000754
09/11/2026 06:00:35,System.Runtime,dotnet.process.cpu.time (s / 1 sec)[cpu.mode=user],Rate,0.5898669999999981
09/11/2026 06:00:35,System.Runtime,dotnet.process.cpu.count ({cpu}),Metric,15
09/11/2026 06:00:35,System.Runtime,dotnet.gc.pause.time (s / 1 sec),Rate,0
09/11/2026 06:00:35,System.Runtime,dotnet.thread_pool.queue.length ({work_item} / 1 sec),Rate,0
09/11/2026 06:00:35,System.Runtime,dotnet.gc.last_collection.memory.committed_size (By),Metric,0
09/11/2026 06:00:35,System.Runtime,dotnet.gc.last_collection.heap.fragmentation.size (By)[gc.heap.generation=gen2],Metric,0
09/11/2026 06:00:35,System.Runtime,dotnet.gc.last_collection.heap.fragmentation.size (By)[gc.heap.generation=gen0],Metric,0
09/11/2026 06:00:35,System.Runtime,dotnet.gc.last_collection.heap.fragmentation.size (By)[gc.heap.generation=gen1],Metric,0
09/11/2026 06:00:35,System.Runtime,dotnet.gc.last_collection.heap.fragmentation.size (By)[gc.heap.generation=poh],Metric,0
09/11/2026 06:00:35,System.Runtime,dotnet.gc.last_collection.heap.fragmentation.size (By)[gc.heap.generation=loh],Metric,0
09/11/2026 06:00:35,System.Runtime,dotnet.timer.count ({timer}),Metric,2
09/11/2026 06:00:35,System.Runtime,dotnet.assembly.count ({assembly}),Metric,61
09/11/2026 06:00:35,System.Runtime,dotnet.gc.heap.total_allocated (By / 1 sec),Rate,121976
09/11/2026 06:00:35,System.Runtime,dotnet.gc.last_collection.heap.size (By)[gc.heap.generation=gen2],Metric,0
09/11/2026 06:00:35,System.Runtime,dotnet.gc.last_collection.heap.size (By)[gc.heap.generation=gen0],Metric,0
09/11/2026 06:00:35,System.Runtime,dotnet.gc.last_collection.heap.size (By)[gc.heap.generation=gen1],Metric,0
09/11/2026 06:00:35,System.Runtime,dotnet.gc.last_collection.heap.size (By)[gc.heap.generation=poh],Metric,0
09/11/2026 06:00:35,System.Runtime,dotnet.gc.last_collection.heap.size (By)[gc.heap.generation=loh],Metric,0
09/11/2026 06:00:35,System.Runtime,dotnet.thread_pool.work_item.count ({work_item} / 1 sec),Rate,601
09/11/2026 06:00:35,System.Runtime,dotnet.process.memory.working_set (By),Metric,102629376
09/11/2026 06:00:35,System.Runtime,dotnet.thread_pool.thread.count ({thread} / 1 sec),Rate,0
09/11/2026 06:00:35,System.Runtime,dotnet.jit.compilation.time (s / 1 sec),Rate,0
09/11/2026 06:00:36,System.Runtime,dotnet.jit.compiled_il.size (By / 1 sec),Rate,0
09/11/2026 06:00:36,System.Runtime,dotnet.jit.compiled_methods ({method} / 1 sec),Rate,0
09/11/2026 06:00:36,System.Runtime,dotnet.monitor.lock_contentions ({contention} / 1 sec),Rate,0
09/11/2026 06:00:36,System.Runtime,dotnet.gc.collections ({collection} / 1 sec)[gc.heap.generation=gen2],Rate,0
09/11/2026 06:00:36,System.Runtime,dotnet.gc.collections ({collection} / 1 sec)[gc.heap.generation=gen0],Rate,0
09/11/2026 06:00:36,System.Runtime,dotnet.gc.collections ({collection} / 1 sec)[gc.heap.generation=gen1],Rate,0
09/11/2026 06:00:36,System.Runtime,dotnet.process.cpu.time (s / 1 sec)[cpu.mode=system],Rate,0.03649299999999922
09/11/2026 06:00:36,System.Runtime,dotnet.process.cpu.time (s / 1 sec)[cpu.mode=user],Rate,0.5903840000000002
09/11/2026 06:00:36,System.Runtime,dotnet.process.cpu.count ({cpu}),Metric,15
09/11/2026 06:00:36,System.Runtime,dotnet.gc.pause.time (s / 1 sec),Rate,0
09/11/2026 06:00:36,System.Runtime,dotnet.thread_pool.queue.length ({work_item} / 1 sec),Rate,0
09/11/2026 06:00:36,System.Runtime,dotnet.gc.last_collection.memory.committed_size (By),Metric,0
09/11/2026 06:00:36,System.Runtime,dotnet.gc.last_collection.heap.fragmentation.size (By)[gc.heap.generation=gen2],Metric,0
09/11/2026 06:00:36,System.Runtime,dotnet.gc.last_collection.heap.fragmentation.size (By)[gc.heap.generation=gen0],Metric,0
09/11/2026 06:00:36,System.Runtime,dotnet.gc.last_collection.heap.fragmentation.size (By)[gc.heap.generation=gen1],Metric,0
09/11/2026 06:00:36,System.Runtime,dotnet.gc.last_collection.heap.fragmentation.size (By)[gc.heap.generation=poh],Metric,0
09/11/2026 06:00:36,System.Runtime,dotnet.gc.last_collection.heap.fragmentation.size (By)[gc.heap.generation=loh],Metric,0
09/11/2026 06:00:36,System.Runtime,dotnet.timer.count ({timer}),Metric,2
09/11/2026 06:00:36,System.Runtime,dotnet.assembly.count ({assembly}),Metric,61
09/11/2026 06:00:36,System.Runtime,dotnet.gc.heap.total_allocated (By / 1 sec),Rate,147536
09/11/2026 06:00:36,System.Runtime,dotnet.gc.last_collection.heap.size (By)[gc.heap.generation=gen2],Metric,0
09/11/2026 06:00:36,System.Runtime,dotnet.gc.last_collection.heap.size (By)[gc.heap.generation=gen0],Metric,0
09/11/2026 06:00:36,System.Runtime,dotnet.gc.last_collection.heap.size (By)[gc.heap.generation=gen1],Metric,0
09/11/2026 06:00:36,System.Runtime,dotnet.gc.last_collection.heap.size (By)[gc.heap.generation=poh],Metric,0
09/11/2026 06:00:36,System.Runtime,dotnet.gc.last_collection.heap.size (By)[gc.heap.generation=loh],Metric,0
09/11/2026 06:00:36,System.Runtime,dotnet.thread_pool.work_item.count ({work_item} / 1 sec),Rate,601
09/11/2026 06:00:36,System.Runtime,dotnet.process.memory.working_set (By),Metric,102825984
09/11/2026 06:00:36,System.Runtime,dotnet.thread_pool.thread.count ({thread} / 1 sec),Rate,0
09/11/2026 06:00:36,System.Runtime,dotnet.jit.compilation.time (s / 1 sec),Rate,0
09/11/2026 06:00:37,System.Runtime,dotnet.jit.compiled_il.size (By / 1 sec),Rate,0
09/11/2026 06:00:37,System.Runtime,dotnet.jit.compiled_methods ({method} / 1 sec),Rate,0
09/11/2026 06:00:37,System.Runtime,dotnet.monitor.lock_contentions ({contention} / 1 sec),Rate,0
09/11/2026 06:00:37,System.Runtime,dotnet.gc.collections ({collection} / 1 sec)[gc.heap.generation=gen2],Rate,0
09/11/2026 06:00:37,System.Runtime,dotnet.gc.collections ({collection} / 1 sec)[gc.heap.generation=gen0],Rate,0
09/11/2026 06:00:37,System.Runtime,dotnet.gc.collections ({collection} / 1 sec)[gc.heap.generation=gen1],Rate,0
09/11/2026 06:00:37,System.Runtime,dotnet.process.cpu.time (s / 1 sec)[cpu.mode=system],Rate,0.0379700000000005
09/11/2026 06:00:37,System.Runtime,dotnet.process.cpu.time (s / 1 sec)[cpu.mode=user],Rate,0.5891940000000062
09/11/2026 06:00:37,System.Runtime,dotnet.process.cpu.count ({cpu}),Metric,15
09/11/2026 06:00:37,System.Runtime,dotnet.gc.pause.time (s / 1 sec),Rate,0
09/11/2026 06:00:37,System.Runtime,dotnet.thread_pool.queue.length ({work_item} / 1 sec),Rate,0
09/11/2026 06:00:37,System.Runtime,dotnet.gc.last_collection.memory.committed_size (By),Metric,0
09/11/2026 06:00:37,System.Runtime,dotnet.gc.last_collection.heap.fragmentation.size (By)[gc.heap.generation=gen2],Metric,0
09/11/2026 06:00:37,System.Runtime,dotnet.gc.last_collection.heap.fragmentation.size (By)[gc.heap.generation=gen0],Metric,0
09/11/2026 06:00:37,System.Runtime,dotnet.gc.last_collection.heap.fragmentation.size (By)[gc.heap.generation=gen1],Metric,0
09/11/2026 06:00:37,System.Runtime,dotnet.gc.last_collection.heap.fragmentation.size (By)[gc.heap.generation=poh],Metric,0
09/11/2026 06:00:37,System.Runtime,dotnet.gc.last_collection.heap.fragmentation.size (By)[gc.heap.generation=loh],Metric,0
09/11/2026 06:00:37,System.Runtime,dotnet.timer.count ({timer}),Metric,2
09/11/2026 06:00:37,System.Runtime,dotnet.assembly.count ({assembly}),Metric,61
09/11/2026 06:00:37,System.Runtime,dotnet.gc.heap.total_allocated (By / 1 sec),Rate,131104
09/11/2026 06:00:37,System.Runtime,dotnet.gc.last_collection.heap.size (By)[gc.heap.generation=gen2],Metric,0
09/11/2026 06:00:37,System.Runtime,dotnet.gc.last_collection.heap.size (By)[gc.heap.generation=gen0],Metric,0
09/11/2026 06:00:37,System.Runtime,dotnet.gc.last_collection.heap.size (By)[gc.heap.generation=gen1],Metric,0
09/11/2026 06:00:37,System.Runtime,dotnet.gc.last_collection.heap.size (By)[gc.heap.generation=poh],Metric,0
09/11/2026 06:00:37,System.Runtime,dotnet.gc.last_collection.heap.size (By)[gc.heap.generation=loh],Metric,0
09/11/2026 06:00:37,System.Runtime,dotnet.thread_pool.work_item.count ({work_item} / 1 sec),Rate,601
09/11/2026 06:00:37,System.Runtime,dotnet.process.memory.working_set (By),Metric,102973440
09/11/2026 06:00:37,System.Runtime,dotnet.thread_pool.thread.count ({thread} / 1 sec),Rate,0
09/11/2026 06:00:37,System.Runtime,dotnet.jit.compilation.time (s / 1 sec),Rate,0
09/11/2026 06:00:38,System.Runtime,dotnet.jit.compiled_il.size (By / 1 sec),Rate,0
09/11/2026 06:00:38,System.Runtime,dotnet.jit.compiled_methods ({method} / 1 sec),Rate,0
09/11/2026 06:00:38,System.Runtime,dotnet.monitor.lock_contentions ({contention} / 1 sec),Rate,0
09/11/2026 06:00:38,System.Runtime,dotnet.gc.collections ({collection} / 1 sec)[gc.heap.generation=gen2],Rate,0
09/11/2026 06:00:38,System.Runtime,dotnet.gc.collections ({collection} / 1 sec)[gc.heap.generation=gen0],Rate,0
09/11/2026 06:00:38,System.Runtime,dotnet.gc.collections ({collection} / 1 sec)[gc.heap.generation=gen1],Rate,0
09/11/2026 06:00:38,System.Runtime,dotnet.process.cpu.time (s / 1 sec)[cpu.mode=system],Rate,0.036412999999999585
09/11/2026 06:00:38,System.Runtime,dotnet.process.cpu.time (s / 1 sec)[cpu.mode=user],Rate,0.5864919999999927
09/11/2026 06:00:38,System.Runtime,dotnet.process.cpu.count ({cpu}),Metric,15
09/11/2026 06:00:38,System.Runtime,dotnet.gc.pause.time (s / 1 sec),Rate,0
09/11/2026 06:00:38,System.Runtime,dotnet.thread_pool.queue.length ({work_item} / 1 sec),Rate,0
09/11/2026 06:00:38,System.Runtime,dotnet.gc.last_collection.memory.committed_size (By),Metric,0
09/11/2026 06:00:38,System.Runtime,dotnet.gc.last_collection.heap.fragmentation.size (By)[gc.heap.generation=gen2],Metric,0
09/11/2026 06:00:38,System.Runtime,dotnet.gc.last_collection.heap.fragmentation.size (By)[gc.heap.generation=gen0],Metric,0
09/11/2026 06:00:38,System.Runtime,dotnet.gc.last_collection.heap.fragmentation.size (By)[gc.heap.generation=gen1],Metric,0
09/11/2026 06:00:38,System.Runtime,dotnet.gc.last_collection.heap.fragmentation.size (By)[gc.heap.generation=poh],Metric,0
09/11/2026 06:00:38,System.Runtime,dotnet.gc.last_collection.heap.fragmentation.size (By)[gc.heap.generation=loh],Metric,0
09/11/2026 06:00:38,System.Runtime,dotnet.timer.count ({timer}),Metric,2
09/11/2026 06:00:38,System.Runtime,dotnet.assembly.count ({assembly}),Metric,61
09/11/2026 06:00:38,System.Runtime,dotnet.gc.heap.total_allocated (By / 1 sec),Rate,130192
09/11/2026 06:00:38,System.Runtime,dotnet.gc.last_collection.heap.size (By)[gc.heap.generation=gen2],Metric,0
09/11/2026 06:00:38,System.Runtime,dotnet.gc.last_collection.heap.size (By)[gc.heap.generation=gen0],Metric,0
09/11/2026 06:00:38,System.Runtime,dotnet.gc.last_collection.heap.size (By)[gc.heap.generation=gen1],Metric,0
09/11/2026 06:00:38,System.Runtime,dotnet.gc.last_collection.heap.size (By)[gc.heap.generation=poh],Metric,0
09/11/2026 06:00:38,System.Runtime,dotnet.gc.last_collection.heap.size (By)[gc.heap.generation=loh],Metric,0
09/11/2026 06:00:38,System.Runtime,dotnet.thread_pool.work_item.count ({work_item} / 1 sec),Rate,602
09/11/2026 06:00:38,System.Runtime,dotnet.process.memory.working_set (By),Metric,103104512
09/11/2026 06:00:38,System.Runtime,dotnet.thread_pool.thread.count ({thread} / 1 sec),Rate,0
09/11/2026 06:00:38,System.Runtime,dotnet.jit.compilation.time (s / 1 sec),Rate,0
09/11/2026 06:00:39,System.Runtime,dotnet.jit.compiled_il.size (By / 1 sec),Rate,0
09/11/2026 06:00:39,System.Runtime,dotnet.jit.compiled_methods ({method} / 1 sec),Rate,0
09/11/2026 06:00:39,System.Runtime,dotnet.monitor.lock_contentions ({contention} / 1 sec),Rate,0
09/11/2026 06:00:39,System.Runtime,dotnet.gc.collections ({collection} / 1 sec)[gc.heap.generation=gen2],Rate,0
09/11/2026 06:00:39,System.Runtime,dotnet.gc.collections ({collection} / 1 sec)[gc.heap.generation=gen0],Rate,0
09/11/2026 06:00:39,System.Runtime,dotnet.gc.collections ({collection} / 1 sec)[gc.heap.generation=gen1],Rate,0
09/11/2026 06:00:39,System.Runtime,dotnet.process.cpu.time (s / 1 sec)[cpu.mode=system],Rate,0.037694000000000116
09/11/2026 06:00:39,System.Runtime,dotnet.process.cpu.time (s / 1 sec)[cpu.mode=user],Rate,0.5823000000000036
09/11/2026 06:00:39,System.Runtime,dotnet.process.cpu.count ({cpu}),Metric,15
09/11/2026 06:00:39,System.Runtime,dotnet.gc.pause.time (s / 1 sec),Rate,0
09/11/2026 06:00:39,System.Runtime,dotnet.thread_pool.queue.length ({work_item} / 1 sec),Rate,0
09/11/2026 06:00:39,System.Runtime,dotnet.gc.last_collection.memory.committed_size (By),Metric,0
09/11/2026 06:00:39,System.Runtime,dotnet.gc.last_collection.heap.fragmentation.size (By)[gc.heap.generation=gen2],Metric,0
09/11/2026 06:00:39,System.Runtime,dotnet.gc.last_collection.heap.fragmentation.size (By)[gc.heap.generation=gen0],Metric,0
09/11/2026 06:00:39,System.Runtime,dotnet.gc.last_collection.heap.fragmentation.size (By)[gc.heap.generation=gen1],Metric,0
09/11/2026 06:00:39,System.Runtime,dotnet.gc.last_collection.heap.fragmentation.size (By)[gc.heap.generation=poh],Metric,0
09/11/2026 06:00:39,System.Runtime,dotnet.gc.last_collection.heap.fragmentation.size (By)[gc.heap.generation=loh],Metric,0
09/11/2026 06:00:39,System.Runtime,dotnet.timer.count ({timer}),Metric,2
09/11/2026 06:00:39,System.Runtime,dotnet.assembly.count ({assembly}),Metric,61
09/11/2026 06:00:39,System.Runtime,dotnet.gc.heap.total_allocated (By / 1 sec),Rate,147600
09/11/2026 06:00:39,System.Runtime,dotnet.gc.last_collection.heap.size (By)[gc.heap.generation=gen2],Metric,0
09/11/2026 06:00:39,System.Runtime,dotnet.gc.last_collection.heap.size (By)[gc.heap.generation=gen0],Metric,0
09/11/2026 06:00:39,System.Runtime,dotnet.gc.last_collection.heap.size (By)[gc.heap.generation=gen1],Metric,0
09/11/2026 06:00:39,System.Runtime,dotnet.gc.last_collection.heap.size (By)[gc.heap.generation=poh],Metric,0
09/11/2026 06:00:39,System.Runtime,dotnet.gc.last_collection.heap.size (By)[gc.heap.generation=loh],Metric,0
09/11/2026 06:00:39,System.Runtime,dotnet.thread_pool.work_item.count ({work_item} / 1 sec),Rate,601
09/11/2026 06:00:39,System.Runtime,dotnet.process.memory.working_set (By),Metric,103284736
09/11/2026 06:00:39,System.Runtime,dotnet.thread_pool.thread.count ({thread} / 1 sec),Rate,0
09/11/2026 06:00:39,System.Runtime,dotnet.jit.compilation.time (s / 1 sec),Rate,0
09/11/2026 06:00:40,System.Runtime,dotnet.jit.compiled_il.size (By / 1 sec),Rate,0
09/11/2026 06:00:40,System.Runtime,dotnet.jit.compiled_methods ({method} / 1 sec),Rate,0
09/11/2026 06:00:40,System.Runtime,dotnet.monitor.lock_contentions ({contention} / 1 sec),Rate,0
09/11/2026 06:00:40,System.Runtime,dotnet.gc.collections ({collection} / 1 sec)[gc.heap.generation=gen2],Rate,0
09/11/2026 06:00:40,System.Runtime,dotnet.gc.collections ({collection} / 1 sec)[gc.heap.generation=gen0],Rate,0
09/11/2026 06:00:40,System.Runtime,dotnet.gc.collections ({collection} / 1 sec)[gc.heap.generation=gen1],Rate,0
09/11/2026 06:00:40,System.Runtime,dotnet.process.cpu.time (s / 1 sec)[cpu.mode=system],Rate,0.03639499999999973
09/11/2026 06:00:40,System.Runtime,dotnet.process.cpu.time (s / 1 sec)[cpu.mode=user],Rate,0.5896460000000019
09/11/2026 06:00:40,System.Runtime,dotnet.process.cpu.count ({cpu}),Metric,15
09/11/2026 06:00:40,System.Runtime,dotnet.gc.pause.time (s / 1 sec),Rate,0
09/11/2026 06:00:40,System.Runtime,dotnet.thread_pool.queue.length ({work_item} / 1 sec),Rate,0
09/11/2026 06:00:40,System.Runtime,dotnet.gc.last_collection.memory.committed_size (By),Metric,0
09/11/2026 06:00:40,System.Runtime,dotnet.gc.last_collection.heap.fragmentation.size (By)[gc.heap.generation=gen2],Metric,0
09/11/2026 06:00:40,System.Runtime,dotnet.gc.last_collection.heap.fragmentation.size (By)[gc.heap.generation=gen0],Metric,0
09/11/2026 06:00:40,System.Runtime,dotnet.gc.last_collection.heap.fragmentation.size (By)[gc.heap.generation=gen1],Metric,0
09/11/2026 06:00:40,System.Runtime,dotnet.gc.last_collection.heap.fragmentation.size (By)[gc.heap.generation=poh],Metric,0
09/11/2026 06:00:40,System.Runtime,dotnet.gc.last_collection.heap.fragmentation.size (By)[gc.heap.generation=loh],Metric,0
09/11/2026 06:00:40,System.Runtime,dotnet.timer.count ({timer}),Metric,2
09/11/2026 06:00:40,System.Runtime,dotnet.assembly.count ({assembly}),Metric,61
09/11/2026 06:00:40,System.Runtime,dotnet.gc.heap.total_allocated (By / 1 sec),Rate,130176
09/11/2026 06:00:40,System.Runtime,dotnet.gc.last_collection.heap.size (By)[gc.heap.generation=gen2],Metric,0
09/11/2026 06:00:40,System.Runtime,dotnet.gc.last_collection.heap.size (By)[gc.heap.generation=gen0],Metric,0
09/11/2026 06:00:40,System.Runtime,dotnet.gc.last_collection.heap.size (By)[gc.heap.generation=gen1],Metric,0
09/11/2026 06:00:40,System.Runtime,dotnet.gc.last_collection.heap.size (By)[gc.heap.generation=poh],Metric,0
09/11/2026 06:00:40,System.Runtime,dotnet.gc.last_collection.heap.size (By)[gc.heap.generation=loh],Metric,0
09/11/2026 06:00:40,System.Runtime,dotnet.thread_pool.work_item.count ({work_item} / 1 sec),Rate,601
09/11/2026 06:00:40,System.Runtime,dotnet.process.memory.working_set (By),Metric,103415808
09/11/2026 06:00:40,System.Runtime,dotnet.thread_pool.thread.count ({thread} / 1 sec),Rate,0
09/11/2026 06:00:40,System.Runtime,dotnet.jit.compilation.time (s / 1 sec),Rate,0
09/11/2026 06:00:41,System.Runtime,dotnet.jit.compiled_il.size (By / 1 sec),Rate,0
09/11/2026 06:00:41,System.Runtime,dotnet.jit.compiled_methods ({method} / 1 sec),Rate,0
09/11/2026 06:00:41,System.Runtime,dotnet.monitor.lock_contentions ({contention} / 1 sec),Rate,0
09/11/2026 06:00:41,System.Runtime,dotnet.gc.collections ({collection} / 1 sec)[gc.heap.generation=gen2],Rate,0
09/11/2026 06:00:41,System.Runtime,dotnet.gc.collections ({collection} / 1 sec)[gc.heap.generation=gen0],Rate,0
09/11/2026 06:00:41,System.Runtime,dotnet.gc.collections ({collection} / 1 sec)[gc.heap.generation=gen1],Rate,0
09/11/2026 06:00:41,System.Runtime,dotnet.process.cpu.time (s / 1 sec)[cpu.mode=system],Rate,0.036921000000000426
09/11/2026 06:00:41,System.Runtime,dotnet.process.cpu.time (s / 1 sec)[cpu.mode=user],Rate,0.588981000000004
09/11/2026 06:00:41,System.Runtime,dotnet.process.cpu.count ({cpu}),Metric,15
09/11/2026 06:00:41,System.Runtime,dotnet.gc.pause.time (s / 1 sec),Rate,0
09/11/2026 06:00:41,System.Runtime,dotnet.thread_pool.queue.length ({work_item} / 1 sec),Rate,0
09/11/2026 06:00:41,System.Runtime,dotnet.gc.last_collection.memory.committed_size (By),Metric,0
09/11/2026 06:00:41,System.Runtime,dotnet.gc.last_collection.heap.fragmentation.size (By)[gc.heap.generation=gen2],Metric,0
09/11/2026 06:00:41,System.Runtime,dotnet.gc.last_collection.heap.fragmentation.size (By)[gc.heap.generation=gen0],Metric,0
09/11/2026 06:00:41,System.Runtime,dotnet.gc.last_collection.heap.fragmentation.size (By)[gc.heap.generation=gen1],Metric,0
09/11/2026 06:00:41,System.Runtime,dotnet.gc.last_collection.heap.fragmentation.size (By)[gc.heap.generation=poh],Metric,0
09/11/2026 06:00:41,System.Runtime,dotnet.gc.last_collection.heap.fragmentation.size (By)[gc.heap.generation=loh],Metric,0
09/11/2026 06:00:41,System.Runtime,dotnet.timer.count ({timer}),Metric,2
09/11/2026 06:00:41,System.Runtime,dotnet.assembly.count ({assembly}),Metric,61
09/11/2026 06:00:41,System.Runtime,dotnet.gc.heap.total_allocated (By / 1 sec),Rate,123000
09/11/2026 06:00:41,System.Runtime,dotnet.gc.last_collection.heap.size (By)[gc.heap.generation=gen2],Metric,0
09/11/2026 06:00:41,System.Runtime,dotnet.gc.last_collection.heap.size (By)[gc.heap.generation=gen0],Metric,0
09/11/2026 06:00:41,System.Runtime,dotnet.gc.last_collection.heap.size (By)[gc.heap.generation=gen1],Metric,0
09/11/2026 06:00:41,System.Runtime,dotnet.gc.last_collection.heap.size (By)[gc.heap.generation=poh],Metric,0
09/11/2026 06:00:41,System.Runtime,dotnet.gc.last_collection.heap.size (By)[gc.heap.generation=loh],Metric,0
09/11/2026 06:00:41,System.Runtime,dotnet.thread_pool.work_item.count ({work_item} / 1 sec),Rate,601
09/11/2026 06:00:41,System.Runtime,dotnet.process.memory.working_set (By),Metric,103579648
09/11/2026 06:00:41,System.Runtime,dotnet.thread_pool.thread.count ({thread} / 1 sec),Rate,0
09/11/2026 06:00:41,System.Runtime,dotnet.jit.compilation.time (s / 1 sec),Rate,0
09/11/2026 06:00:42,System.Runtime,dotnet.jit.compiled_il.size (By / 1 sec),Rate,0
09/11/2026 06:00:42,System.Runtime,dotnet.jit.compiled_methods ({method} / 1 sec),Rate,0
09/11/2026 06:00:42,System.Runtime,dotnet.monitor.lock_contentions ({contention} / 1 sec),Rate,0
09/11/2026 06:00:42,System.Runtime,dotnet.gc.collections ({collection} / 1 sec)[gc.heap.generation=gen2],Rate,0
09/11/2026 06:00:42,System.Runtime,dotnet.gc.collections ({collection} / 1 sec)[gc.heap.generation=gen0],Rate,0
09/11/2026 06:00:42,System.Runtime,dotnet.gc.collections ({collection} / 1 sec)[gc.heap.generation=gen1],Rate,0
09/11/2026 06:00:42,System.Runtime,dotnet.process.cpu.time (s / 1 sec)[cpu.mode=system],Rate,0.03725999999999985
09/11/2026 06:00:42,System.Runtime,dotnet.process.cpu.time (s / 1 sec)[cpu.mode=user],Rate,0.5878939999999915
09/11/2026 06:00:42,System.Runtime,dotnet.process.cpu.count ({cpu}),Metric,15
09/11/2026 06:00:42,System.Runtime,dotnet.gc.pause.time (s / 1 sec),Rate,0
09/11/2026 06:00:42,System.Runtime,dotnet.thread_pool.queue.length ({work_item} / 1 sec),Rate,0
09/11/2026 06:00:42,System.Runtime,dotnet.gc.last_collection.memory.committed_size (By),Metric,0
09/11/2026 06:00:42,System.Runtime,dotnet.gc.last_collection.heap.fragmentation.size (By)[gc.heap.generation=gen2],Metric,0
09/11/2026 06:00:42,System.Runtime,dotnet.gc.last_collection.heap.fragmentation.size (By)[gc.heap.generation=gen0],Metric,0
09/11/2026 06:00:42,System.Runtime,dotnet.gc.last_collection.heap.fragmentation.size (By)[gc.heap.generation=gen1],Metric,0
09/11/2026 06:00:42,System.Runtime,dotnet.gc.last_collection.heap.fragmentation.size (By)[gc.heap.generation=poh],Metric,0
09/11/2026 06:00:42,System.Runtime,dotnet.gc.last_collection.heap.fragmentation.size (By)[gc.heap.generation=loh],Metric,0
09/11/2026 06:00:42,System.Runtime,dotnet.timer.count ({timer}),Metric,3
09/11/2026 06:00:42,System.Runtime,dotnet.assembly.count ({assembly}),Metric,61
09/11/2026 06:00:42,System.Runtime,dotnet.gc.heap.total_allocated (By / 1 sec),Rate,138376
09/11/2026 06:00:42,System.Runtime,dotnet.gc.last_collection.heap.size (By)[gc.heap.generation=gen2],Metric,0
09/11/2026 06:00:42,System.Runtime,dotnet.gc.last_collection.heap.size (By)[gc.heap.generation=gen0],Metric,0
09/11/2026 06:00:42,System.Runtime,dotnet.gc.last_collection.heap.size (By)[gc.heap.generation=gen1],Metric,0
09/11/2026 06:00:42,System.Runtime,dotnet.gc.last_collection.heap.size (By)[gc.heap.generation=poh],Metric,0
09/11/2026 06:00:42,System.Runtime,dotnet.gc.last_collection.heap.size (By)[gc.heap.generation=loh],Metric,0
09/11/2026 06:00:42,System.Runtime,dotnet.thread_pool.work_item.count ({work_item} / 1 sec),Rate,601
09/11/2026 06:00:42,System.Runtime,dotnet.process.memory.working_set (By),Metric,103727104
09/11/2026 06:00:42,System.Runtime,dotnet.thread_pool.thread.count ({thread} / 1 sec),Rate,0
09/11/2026 06:00:42,System.Runtime,dotnet.jit.compilation.time (s / 1 sec),Rate,0
09/11/2026 06:00:43,System.Runtime,dotnet.jit.compiled_il.size (By / 1 sec),Rate,0
09/11/2026 06:00:43,System.Runtime,dotnet.jit.compiled_methods ({method} / 1 sec),Rate,0
09/11/2026 06:00:43,System.Runtime,dotnet.monitor.lock_contentions ({contention} / 1 sec),Rate,0
09/11/2026 06:00:43,System.Runtime,dotnet.gc.collections ({collection} / 1 sec)[gc.heap.generation=gen2],Rate,0
09/11/2026 06:00:43,System.Runtime,dotnet.gc.collections ({collection} / 1 sec)[gc.heap.generation=gen0],Rate,0
09/11/2026 06:00:43,System.Runtime,dotnet.gc.collections ({collection} / 1 sec)[gc.heap.generation=gen1],Rate,0
09/11/2026 06:00:43,System.Runtime,dotnet.process.cpu.time (s / 1 sec)[cpu.mode=system],Rate,0.038167000000000506
09/11/2026 06:00:43,System.Runtime,dotnet.process.cpu.time (s / 1 sec)[cpu.mode=user],Rate,0.590676000000002
09/11/2026 06:00:43,System.Runtime,dotnet.process.cpu.count ({cpu}),Metric,15
09/11/2026 06:00:43,System.Runtime,dotnet.gc.pause.time (s / 1 sec),Rate,0
09/11/2026 06:00:43,System.Runtime,dotnet.thread_pool.queue.length ({work_item} / 1 sec),Rate,0
09/11/2026 06:00:43,System.Runtime,dotnet.gc.last_collection.memory.committed_size (By),Metric,0
09/11/2026 06:00:43,System.Runtime,dotnet.gc.last_collection.heap.fragmentation.size (By)[gc.heap.generation=gen2],Metric,0
09/11/2026 06:00:43,System.Runtime,dotnet.gc.last_collection.heap.fragmentation.size (By)[gc.heap.generation=gen0],Metric,0
09/11/2026 06:00:43,System.Runtime,dotnet.gc.last_collection.heap.fragmentation.size (By)[gc.heap.generation=gen1],Metric,0
09/11/2026 06:00:43,System.Runtime,dotnet.gc.last_collection.heap.fragmentation.size (By)[gc.heap.generation=poh],Metric,0
09/11/2026 06:00:43,System.Runtime,dotnet.gc.last_collection.heap.fragmentation.size (By)[gc.heap.generation=loh],Metric,0
09/11/2026 06:00:43,System.Runtime,dotnet.timer.count ({timer}),Metric,2
09/11/2026 06:00:43,System.Runtime,dotnet.assembly.count ({assembly}),Metric,61
09/11/2026 06:00:43,System.Runtime,dotnet.gc.heap.total_allocated (By / 1 sec),Rate,147616
09/11/2026 06:00:43,System.Runtime,dotnet.gc.last_collection.heap.size (By)[gc.heap.generation=gen2],Metric,0
09/11/2026 06:00:43,System.Runtime,dotnet.gc.last_collection.heap.size (By)[gc.heap.generation=gen0],Metric,0
09/11/2026 06:00:43,System.Runtime,dotnet.gc.last_collection.heap.size (By)[gc.heap.generation=gen1],Metric,0
09/11/2026 06:00:43,System.Runtime,dotnet.gc.last_collection.heap.size (By)[gc.heap.generation=poh],Metric,0
09/11/2026 06:00:43,System.Runtime,dotnet.gc.last_collection.heap.size (By)[gc.heap.generation=loh],Metric,0
09/11/2026 06:00:43,System.Runtime,dotnet.thread_pool.work_item.count ({work_item} / 1 sec),Rate,602
09/11/2026 06:00:43,System.Runtime,dotnet.process.memory.working_set (By),Metric,103890944
09/11/2026 06:00:43,System.Runtime,dotnet.thread_pool.thread.count ({thread} / 1 sec),Rate,0
09/11/2026 06:00:43,System.Runtime,dotnet.jit.compilation.time (s / 1 sec),Rate,0
09/11/2026 06:00:44,System.Runtime,dotnet.jit.compiled_il.size (By / 1 sec),Rate,0
09/11/2026 06:00:44,System.Runtime,dotnet.jit.compiled_methods ({method} / 1 sec),Rate,0
09/11/2026 06:00:44,System.Runtime,dotnet.monitor.lock_contentions ({contention} / 1 sec),Rate,0
09/11/2026 06:00:44,System.Runtime,dotnet.gc.collections ({collection} / 1 sec)[gc.heap.generation=gen2],Rate,0
09/11/2026 06:00:44,System.Runtime,dotnet.gc.collections ({collection} / 1 sec)[gc.heap.generation=gen0],Rate,0
09/11/2026 06:00:44,System.Runtime,dotnet.gc.collections ({collection} / 1 sec)[gc.heap.generation=gen1],Rate,0
09/11/2026 06:00:44,System.Runtime,dotnet.process.cpu.time (s / 1 sec)[cpu.mode=system],Rate,0.03884299999999996
09/11/2026 06:00:44,System.Runtime,dotnet.process.cpu.time (s / 1 sec)[cpu.mode=user],Rate,0.588868000000005
09/11/2026 06:00:44,System.Runtime,dotnet.process.cpu.count ({cpu}),Metric,15
09/11/2026 06:00:44,System.Runtime,dotnet.gc.pause.time (s / 1 sec),Rate,0
09/11/2026 06:00:44,System.Runtime,dotnet.thread_pool.queue.length ({work_item} / 1 sec),Rate,0
09/11/2026 06:00:44,System.Runtime,dotnet.gc.last_collection.memory.committed_size (By),Metric,0
09/11/2026 06:00:44,System.Runtime,dotnet.gc.last_collection.heap.fragmentation.size (By)[gc.heap.generation=gen2],Metric,0
09/11/2026 06:00:44,System.Runtime,dotnet.gc.last_collection.heap.fragmentation.size (By)[gc.heap.generation=gen0],Metric,0
09/11/2026 06:00:44,System.Runtime,dotnet.gc.last_collection.heap.fragmentation.size (By)[gc.heap.generation=gen1],Metric,0
09/11/2026 06:00:44,System.Runtime,dotnet.gc.last_collection.heap.fragmentation.size (By)[gc.heap.generation=poh],Metric,0
09/11/2026 06:00:44,System.Runtime,dotnet.gc.last_collection.heap.fragmentation.size (By)[gc.heap.generation=loh],Metric,0
09/11/2026 06:00:44,System.Runtime,dotnet.timer.count ({timer}),Metric,2
09/11/2026 06:00:44,System.Runtime,dotnet.assembly.count ({assembly}),Metric,61
09/11/2026 06:00:44,System.Runtime,dotnet.gc.heap.total_allocated (By / 1 sec),Rate,145552
09/11/2026 06:00:44,System.Runtime,dotnet.gc.last_collection.heap.size (By)[gc.heap.generation=gen2],Metric,0
09/11/2026 06:00:44,System.Runtime,dotnet.gc.last_collection.heap.size (By)[gc.heap.generation=gen0],Metric,0
09/11/2026 06:00:44,System.Runtime,dotnet.gc.last_collection.heap.size (By)[gc.heap.generation=gen1],Metric,0
09/11/2026 06:00:44,System.Runtime,dotnet.gc.last_collection.heap.size (By)[gc.heap.generation=poh],Metric,0
09/11/2026 06:00:44,System.Runtime,dotnet.gc.last_collection.heap.size (By)[gc.heap.generation=loh],Metric,0
09/11/2026 06:00:44,System.Runtime,dotnet.thread_pool.work_item.count ({work_item} / 1 sec),Rate,601
09/11/2026 06:00:44,System.Runtime,dotnet.process.memory.working_set (By),Metric,104054784
09/11/2026 06:00:44,System.Runtime,dotnet.thread_pool.thread.count ({thread} / 1 sec),Rate,0
09/11/2026 06:00:44,System.Runtime,dotnet.jit.compilation.time (s / 1 sec),Rate,0
09/11/2026 06:00:45,System.Runtime,dotnet.jit.compiled_il.size (By / 1 sec),Rate,0
09/11/2026 06:00:45,System.Runtime,dotnet.jit.compiled_methods ({method} / 1 sec),Rate,0
09/11/2026 06:00:45,System.Runtime,dotnet.monitor.lock_contentions ({contention} / 1 sec),Rate,0
09/11/2026 06:00:45,System.Runtime,dotnet.gc.collections ({collection} / 1 sec)[gc.heap.generation=gen2],Rate,0
09/11/2026 06:00:45,System.Runtime,dotnet.gc.collections ({collection} / 1 sec)[gc.heap.generation=gen0],Rate,0
09/11/2026 06:00:45,System.Runtime,dotnet.gc.collections ({collection} / 1 sec)[gc.heap.generation=gen1],Rate,0
09/11/2026 06:00:45,System.Runtime,dotnet.process.cpu.time (s / 1 sec)[cpu.mode=system],Rate,0.036910999999999916
09/11/2026 06:00:45,System.Runtime,dotnet.process.cpu.time (s / 1 sec)[cpu.mode=user],Rate,0.5906299999999902
09/11/2026 06:00:45,System.Runtime,dotnet.process.cpu.count ({cpu}),Metric,15
09/11/2026 06:00:45,System.Runtime,dotnet.gc.pause.time (s / 1 sec),Rate,0
09/11/2026 06:00:45,System.Runtime,dotnet.thread_pool.queue.length ({work_item} / 1 sec),Rate,0
09/11/2026 06:00:45,System.Runtime,dotnet.gc.last_collection.memory.committed_size (By),Metric,0
09/11/2026 06:00:45,System.Runtime,dotnet.gc.last_collection.heap.fragmentation.size (By)[gc.heap.generation=gen2],Metric,0
09/11/2026 06:00:45,System.Runtime,dotnet.gc.last_collection.heap.fragmentation.size (By)[gc.heap.generation=gen0],Metric,0
09/11/2026 06:00:45,System.Runtime,dotnet.gc.last_collection.heap.fragmentation.size (By)[gc.heap.generation=gen1],Metric,0
09/11/2026 06:00:45,System.Runtime,dotnet.gc.last_collection.heap.fragmentation.size (By)[gc.heap.generation=poh],Metric,0
09/11/2026 06:00:45,System.Runtime,dotnet.gc.last_collection.heap.fragmentation.size (By)[gc.heap.generation=loh],Metric,0
09/11/2026 06:00:45,System.Runtime,dotnet.timer.count ({timer}),Metric,2
09/11/2026 06:00:45,System.Runtime,dotnet.assembly.count ({assembly}),Metric,61
09/11/2026 06:00:45,System.Runtime,dotnet.gc.heap.total_allocated (By / 1 sec),Rate,131200
09/11/2026 06:00:45,System.Runtime,dotnet.gc.last_collection.heap.size (By)[gc.heap.generation=gen2],Metric,0
09/11/2026 06:00:45,System.Runtime,dotnet.gc.last_collection.heap.size (By)[gc.heap.generation=gen0],Metric,0
09/11/2026 06:00:45,System.Runtime,dotnet.gc.last_collection.heap.size (By)[gc.heap.generation=gen1],Metric,0
09/11/2026 06:00:45,System.Runtime,dotnet.gc.last_collection.heap.size (By)[gc.heap.generation=poh],Metric,0
09/11/2026 06:00:45,System.Runtime,dotnet.gc.last_collection.heap.size (By)[gc.heap.generation=loh],Metric,0
09/11/2026 06:00:45,System.Runtime,dotnet.thread_pool.work_item.count ({work_item} / 1 sec),Rate,601
09/11/2026 06:00:45,System.Runtime,dotnet.process.memory.working_set (By),Metric,104218624
09/11/2026 06:00:45,System.Runtime,dotnet.thread_pool.thread.count ({thread} / 1 sec),Rate,0
09/11/2026 06:00:45,System.Runtime,dotnet.jit.compilation.time (s / 1 sec),Rate,0
09/11/2026 06:00:46,System.Runtime,dotnet.jit.compiled_il.size (By / 1 sec),Rate,0
09/11/2026 06:00:46,System.Runtime,dotnet.jit.compiled_methods ({method} / 1 sec),Rate,0
09/11/2026 06:00:46,System.Runtime,dotnet.monitor.lock_contentions ({contention} / 1 sec),Rate,0
09/11/2026 06:00:46,System.Runtime,dotnet.gc.collections ({collection} / 1 sec)[gc.heap.generation=gen2],Rate,0
09/11/2026 06:00:46,System.Runtime,dotnet.gc.collections ({collection} / 1 sec)[gc.heap.generation=gen0],Rate,0
09/11/2026 06:00:46,System.Runtime,dotnet.gc.collections ({collection} / 1 sec)[gc.heap.generation=gen1],Rate,0
09/11/2026 06:00:46,System.Runtime,dotnet.process.cpu.time (s / 1 sec)[cpu.mode=system],Rate,0.037190999999999974
09/11/2026 06:00:46,System.Runtime,dotnet.process.cpu.time (s / 1 sec)[cpu.mode=user],Rate,0.5867670000000089
09/11/2026 06:00:46,System.Runtime,dotnet.process.cpu.count ({cpu}),Metric,15
09/11/2026 06:00:46,System.Runtime,dotnet.gc.pause.time (s / 1 sec),Rate,0
09/11/2026 06:00:46,System.Runtime,dotnet.thread_pool.queue.length ({work_item} / 1 sec),Rate,0
09/11/2026 06:00:46,System.Runtime,dotnet.gc.last_collection.memory.committed_size (By),Metric,0
09/11/2026 06:00:46,System.Runtime,dotnet.gc.last_collection.heap.fragmentation.size (By)[gc.heap.generation=gen2],Metric,0
09/11/2026 06:00:46,System.Runtime,dotnet.gc.last_collection.heap.fragmentation.size (By)[gc.heap.generation=gen0],Metric,0
09/11/2026 06:00:46,System.Runtime,dotnet.gc.last_collection.heap.fragmentation.size (By)[gc.heap.generation=gen1],Metric,0
09/11/2026 06:00:46,System.Runtime,dotnet.gc.last_collection.heap.fragmentation.size (By)[gc.heap.generation=poh],Metric,0
09/11/2026 06:00:46,System.Runtime,dotnet.gc.last_collection.heap.fragmentation.size (By)[gc.heap.generation=loh],Metric,0
09/11/2026 06:00:46,System.Runtime,dotnet.timer.count ({timer}),Metric,2
09/11/2026 06:00:46,System.Runtime,dotnet.assembly.count ({assembly}),Metric,61
09/11/2026 06:00:46,System.Runtime,dotnet.gc.heap.total_allocated (By / 1 sec),Rate,130176
09/11/2026 06:00:46,System.Runtime,dotnet.gc.last_collection.heap.size (By)[gc.heap.generation=gen2],Metric,0
09/11/2026 06:00:46,System.Runtime,dotnet.gc.last_collection.heap.size (By)[gc.heap.generation=gen0],Metric,0
09/11/2026 06:00:46,System.Runtime,dotnet.gc.last_collection.heap.size (By)[gc.heap.generation=gen1],Metric,0
09/11/2026 06:00:46,System.Runtime,dotnet.gc.last_collection.heap.size (By)[gc.heap.generation=poh],Metric,0
09/11/2026 06:00:46,System.Runtime,dotnet.gc.last_collection.heap.size (By)[gc.heap.generation=loh],Metric,0
09/11/2026 06:00:46,System.Runtime,dotnet.thread_pool.work_item.count ({work_item} / 1 sec),Rate,601
09/11/2026 06:00:46,System.Runtime,dotnet.process.memory.working_set (By),Metric,104349696
09/11/2026 06:00:46,System.Runtime,dotnet.thread_pool.thread.count ({thread} / 1 sec),Rate,0
09/11/2026 06:00:46,System.Runtime,dotnet.jit.compilation.time (s / 1 sec),Rate,0
09/11/2026 06:00:47,System.Runtime,dotnet.jit.compiled_il.size (By / 1 sec),Rate,0
09/11/2026 06:00:47,System.Runtime,dotnet.jit.compiled_methods ({method} / 1 sec),Rate,0
09/11/2026 06:00:47,System.Runtime,dotnet.monitor.lock_contentions ({contention} / 1 sec),Rate,0
09/11/2026 06:00:47,System.Runtime,dotnet.gc.collections ({collection} / 1 sec)[gc.heap.generation=gen2],Rate,0
09/11/2026 06:00:47,System.Runtime,dotnet.gc.collections ({collection} / 1 sec)[gc.heap.generation=gen0],Rate,0
09/11/2026 06:00:47,System.Runtime,dotnet.gc.collections ({collection} / 1 sec)[gc.heap.generation=gen1],Rate,0
09/11/2026 06:00:47,System.Runtime,dotnet.process.cpu.time (s / 1 sec)[cpu.mode=system],Rate,0.033663999999999916
09/11/2026 06:00:47,System.Runtime,dotnet.process.cpu.time (s / 1 sec)[cpu.mode=user],Rate,0.5713179999999909
09/11/2026 06:00:47,System.Runtime,dotnet.process.cpu.count ({cpu}),Metric,15
09/11/2026 06:00:47,System.Runtime,dotnet.gc.pause.time (s / 1 sec),Rate,0
09/11/2026 06:00:47,System.Runtime,dotnet.thread_pool.queue.length ({work_item} / 1 sec),Rate,0
09/11/2026 06:00:47,System.Runtime,dotnet.gc.last_collection.memory.committed_size (By),Metric,0
09/11/2026 06:00:47,System.Runtime,dotnet.gc.last_collection.heap.fragmentation.size (By)[gc.heap.generation=gen2],Metric,0
09/11/2026 06:00:47,System.Runtime,dotnet.gc.last_collection.heap.fragmentation.size (By)[gc.heap.generation=gen0],Metric,0
09/11/2026 06:00:47,System.Runtime,dotnet.gc.last_collection.heap.fragmentation.size (By)[gc.heap.generation=gen1],Metric,0
09/11/2026 06:00:47,System.Runtime,dotnet.gc.last_collection.heap.fragmentation.size (By)[gc.heap.generation=poh],Metric,0
09/11/2026 06:00:47,System.Runtime,dotnet.gc.last_collection.heap.fragmentation.size (By)[gc.heap.generation=loh],Metric,0
09/11/2026 06:00:47,System.Runtime,dotnet.timer.count ({timer}),Metric,2
09/11/2026 06:00:47,System.Runtime,dotnet.assembly.count ({assembly}),Metric,61
09/11/2026 06:00:47,System.Runtime,dotnet.gc.heap.total_allocated (By / 1 sec),Rate,139368
09/11/2026 06:00:47,System.Runtime,dotnet.gc.last_collection.heap.size (By)[gc.heap.generation=gen2],Metric,0
09/11/2026 06:00:47,System.Runtime,dotnet.gc.last_collection.heap.size (By)[gc.heap.generation=gen0],Metric,0
09/11/2026 06:00:47,System.Runtime,dotnet.gc.last_collection.heap.size (By)[gc.heap.generation=gen1],Metric,0
09/11/2026 06:00:47,System.Runtime,dotnet.gc.last_collection.heap.size (By)[gc.heap.generation=poh],Metric,0
09/11/2026 06:00:47,System.Runtime,dotnet.gc.last_collection.heap.size (By)[gc.heap.generation=loh],Metric,0
09/11/2026 06:00:47,System.Runtime,dotnet.thread_pool.work_item.count ({work_item} / 1 sec),Rate,594
09/11/2026 06:00:47,System.Runtime,dotnet.process.memory.working_set (By),Metric,104513536
09/11/2026 06:00:47,System.Runtime,dotnet.thread_pool.thread.count ({thread} / 1 sec),Rate,0
09/11/2026 06:00:47,System.Runtime,dotnet.jit.compilation.time (s / 1 sec),Rate,0
09/11/2026 06:00:48,System.Runtime,dotnet.jit.compiled_il.size (By / 1 sec),Rate,0
09/11/2026 06:00:48,System.Runtime,dotnet.jit.compiled_methods ({method} / 1 sec),Rate,0
09/11/2026 06:00:48,System.Runtime,dotnet.monitor.lock_contentions ({contention} / 1 sec),Rate,0
09/11/2026 06:00:48,System.Runtime,dotnet.gc.collections ({collection} / 1 sec)[gc.heap.generation=gen2],Rate,0
09/11/2026 06:00:48,System.Runtime,dotnet.gc.collections ({collection} / 1 sec)[gc.heap.generation=gen0],Rate,0
09/11/2026 06:00:48,System.Runtime,dotnet.gc.collections ({collection} / 1 sec)[gc.heap.generation=gen1],Rate,0
09/11/2026 06:00:48,System.Runtime,dotnet.process.cpu.time (s / 1 sec)[cpu.mode=system],Rate,0.041544000000000025
09/11/2026 06:00:48,System.Runtime,dotnet.process.cpu.time (s / 1 sec)[cpu.mode=user],Rate,0.5757430000000028
09/11/2026 06:00:48,System.Runtime,dotnet.process.cpu.count ({cpu}),Metric,15
09/11/2026 06:00:48,System.Runtime,dotnet.gc.pause.time (s / 1 sec),Rate,0
09/11/2026 06:00:48,System.Runtime,dotnet.thread_pool.queue.length ({work_item} / 1 sec),Rate,0
09/11/2026 06:00:48,System.Runtime,dotnet.gc.last_collection.memory.committed_size (By),Metric,0
09/11/2026 06:00:48,System.Runtime,dotnet.gc.last_collection.heap.fragmentation.size (By)[gc.heap.generation=gen2],Metric,0
09/11/2026 06:00:48,System.Runtime,dotnet.gc.last_collection.heap.fragmentation.size (By)[gc.heap.generation=gen0],Metric,0
09/11/2026 06:00:48,System.Runtime,dotnet.gc.last_collection.heap.fragmentation.size (By)[gc.heap.generation=gen1],Metric,0
09/11/2026 06:00:48,System.Runtime,dotnet.gc.last_collection.heap.fragmentation.size (By)[gc.heap.generation=poh],Metric,0
09/11/2026 06:00:48,System.Runtime,dotnet.gc.last_collection.heap.fragmentation.size (By)[gc.heap.generation=loh],Metric,0
09/11/2026 06:00:48,System.Runtime,dotnet.timer.count ({timer}),Metric,2
09/11/2026 06:00:48,System.Runtime,dotnet.assembly.count ({assembly}),Metric,61
09/11/2026 06:00:48,System.Runtime,dotnet.gc.heap.total_allocated (By / 1 sec),Rate,131216
09/11/2026 06:00:48,System.Runtime,dotnet.gc.last_collection.heap.size (By)[gc.heap.generation=gen2],Metric,0
09/11/2026 06:00:48,System.Runtime,dotnet.gc.last_collection.heap.size (By)[gc.heap.generation=gen0],Metric,0
09/11/2026 06:00:48,System.Runtime,dotnet.gc.last_collection.heap.size (By)[gc.heap.generation=gen1],Metric,0
09/11/2026 06:00:48,System.Runtime,dotnet.gc.last_collection.heap.size (By)[gc.heap.generation=poh],Metric,0
09/11/2026 06:00:48,System.Runtime,dotnet.gc.last_collection.heap.size (By)[gc.heap.generation=loh],Metric,0
09/11/2026 06:00:48,System.Runtime,dotnet.thread_pool.work_item.count ({work_item} / 1 sec),Rate,601
09/11/2026 06:00:48,System.Runtime,dotnet.process.memory.working_set (By),Metric,104677376
09/11/2026 06:00:48,System.Runtime,dotnet.thread_pool.thread.count ({thread} / 1 sec),Rate,0
09/11/2026 06:00:48,System.Runtime,dotnet.jit.compilation.time (s / 1 sec),Rate,0
09/11/2026 06:00:49,System.Runtime,dotnet.jit.compiled_il.size (By / 1 sec),Rate,0
09/11/2026 06:00:49,System.Runtime,dotnet.jit.compiled_methods ({method} / 1 sec),Rate,0
09/11/2026 06:00:49,System.Runtime,dotnet.monitor.lock_contentions ({contention} / 1 sec),Rate,0
09/11/2026 06:00:49,System.Runtime,dotnet.gc.collections ({collection} / 1 sec)[gc.heap.generation=gen2],Rate,0
09/11/2026 06:00:49,System.Runtime,dotnet.gc.collections ({collection} / 1 sec)[gc.heap.generation=gen0],Rate,0
09/11/2026 06:00:49,System.Runtime,dotnet.gc.collections ({collection} / 1 sec)[gc.heap.generation=gen1],Rate,0
09/11/2026 06:00:49,System.Runtime,dotnet.process.cpu.time (s / 1 sec)[cpu.mode=system],Rate,0.04998099999999983
09/11/2026 06:00:49,System.Runtime,dotnet.process.cpu.time (s / 1 sec)[cpu.mode=user],Rate,0.5735860000000059
09/11/2026 06:00:49,System.Runtime,dotnet.process.cpu.count ({cpu}),Metric,15
09/11/2026 06:00:49,System.Runtime,dotnet.gc.pause.time (s / 1 sec),Rate,0
09/11/2026 06:00:49,System.Runtime,dotnet.thread_pool.queue.length ({work_item} / 1 sec),Rate,0
09/11/2026 06:00:49,System.Runtime,dotnet.gc.last_collection.memory.committed_size (By),Metric,0
09/11/2026 06:00:49,System.Runtime,dotnet.gc.last_collection.heap.fragmentation.size (By)[gc.heap.generation=gen2],Metric,0
09/11/2026 06:00:49,System.Runtime,dotnet.gc.last_collection.heap.fragmentation.size (By)[gc.heap.generation=gen0],Metric,0
09/11/2026 06:00:49,System.Runtime,dotnet.gc.last_collection.heap.fragmentation.size (By)[gc.heap.generation=gen1],Metric,0
09/11/2026 06:00:49,System.Runtime,dotnet.gc.last_collection.heap.fragmentation.size (By)[gc.heap.generation=poh],Metric,0
09/11/2026 06:00:49,System.Runtime,dotnet.gc.last_collection.heap.fragmentation.size (By)[gc.heap.generation=loh],Metric,0
09/11/2026 06:00:49,System.Runtime,dotnet.timer.count ({timer}),Metric,2
09/11/2026 06:00:49,System.Runtime,dotnet.assembly.count ({assembly}),Metric,61
09/11/2026 06:00:49,System.Runtime,dotnet.gc.heap.total_allocated (By / 1 sec),Rate,154776
09/11/2026 06:00:49,System.Runtime,dotnet.gc.last_collection.heap.size (By)[gc.heap.generation=gen2],Metric,0
09/11/2026 06:00:49,System.Runtime,dotnet.gc.last_collection.heap.size (By)[gc.heap.generation=gen0],Metric,0
09/11/2026 06:00:49,System.Runtime,dotnet.gc.last_collection.heap.size (By)[gc.heap.generation=gen1],Metric,0
09/11/2026 06:00:49,System.Runtime,dotnet.gc.last_collection.heap.size (By)[gc.heap.generation=poh],Metric,0
09/11/2026 06:00:49,System.Runtime,dotnet.gc.last_collection.heap.size (By)[gc.heap.generation=loh],Metric,0
09/11/2026 06:00:49,System.Runtime,dotnet.thread_pool.work_item.count ({work_item} / 1 sec),Rate,601
09/11/2026 06:00:49,System.Runtime,dotnet.process.memory.working_set (By),Metric,104841216
09/11/2026 06:00:49,System.Runtime,dotnet.thread_pool.thread.count ({thread} / 1 sec),Rate,0
09/11/2026 06:00:49,System.Runtime,dotnet.jit.compilation.time (s / 1 sec),Rate,0
09/11/2026 06:00:50,System.Runtime,dotnet.jit.compiled_il.size (By / 1 sec),Rate,0
09/11/2026 06:00:50,System.Runtime,dotnet.jit.compiled_methods ({method} / 1 sec),Rate,0
09/11/2026 06:00:50,System.Runtime,dotnet.monitor.lock_contentions ({contention} / 1 sec),Rate,0
09/11/2026 06:00:50,System.Runtime,dotnet.gc.collections ({collection} / 1 sec)[gc.heap.generation=gen2],Rate,0
09/11/2026 06:00:50,System.Runtime,dotnet.gc.collections ({collection} / 1 sec)[gc.heap.generation=gen0],Rate,0
09/11/2026 06:00:50,System.Runtime,dotnet.gc.collections ({collection} / 1 sec)[gc.heap.generation=gen1],Rate,0
09/11/2026 06:00:50,System.Runtime,dotnet.process.cpu.time (s / 1 sec)[cpu.mode=system],Rate,0.03558600000000034
09/11/2026 06:00:50,System.Runtime,dotnet.process.cpu.time (s / 1 sec)[cpu.mode=user],Rate,0.590327000000002
09/11/2026 06:00:50,System.Runtime,dotnet.process.cpu.count ({cpu}),Metric,15
09/11/2026 06:00:50,System.Runtime,dotnet.gc.pause.time (s / 1 sec),Rate,0
09/11/2026 06:00:50,System.Runtime,dotnet.thread_pool.queue.length ({work_item} / 1 sec),Rate,0
09/11/2026 06:00:50,System.Runtime,dotnet.gc.last_collection.memory.committed_size (By),Metric,0
09/11/2026 06:00:50,System.Runtime,dotnet.gc.last_collection.heap.fragmentation.size (By)[gc.heap.generation=gen2],Metric,0
09/11/2026 06:00:50,System.Runtime,dotnet.gc.last_collection.heap.fragmentation.size (By)[gc.heap.generation=gen0],Metric,0
09/11/2026 06:00:50,System.Runtime,dotnet.gc.last_collection.heap.fragmentation.size (By)[gc.heap.generation=gen1],Metric,0
09/11/2026 06:00:50,System.Runtime,dotnet.gc.last_collection.heap.fragmentation.size (By)[gc.heap.generation=poh],Metric,0
09/11/2026 06:00:50,System.Runtime,dotnet.gc.last_collection.heap.fragmentation.size (By)[gc.heap.generation=loh],Metric,0
09/11/2026 06:00:50,System.Runtime,dotnet.timer.count ({timer}),Metric,2
09/11/2026 06:00:50,System.Runtime,dotnet.assembly.count ({assembly}),Metric,61
09/11/2026 06:00:50,System.Runtime,dotnet.gc.heap.total_allocated (By / 1 sec),Rate,123000
09/11/2026 06:00:50,System.Runtime,dotnet.gc.last_collection.heap.size (By)[gc.heap.generation=gen2],Metric,0
09/11/2026 06:00:50,System.Runtime,dotnet.gc.last_collection.heap.size (By)[gc.heap.generation=gen0],Metric,0
09/11/2026 06:00:50,System.Runtime,dotnet.gc.last_collection.heap.size (By)[gc.heap.generation=gen1],Metric,0
09/11/2026 06:00:50,System.Runtime,dotnet.gc.last_collection.heap.size (By)[gc.heap.generation=poh],Metric,0
09/11/2026 06:00:50,System.Runtime,dotnet.gc.last_collection.heap.size (By)[gc.heap.generation=loh],Metric,0
09/11/2026 06:00:50,System.Runtime,dotnet.thread_pool.work_item.count ({work_item} / 1 sec),Rate,601
09/11/2026 06:00:50,System.Runtime,dotnet.process.memory.working_set (By),Metric,104988672
09/11/2026 06:00:50,System.Runtime,dotnet.thread_pool.thread.count ({thread} / 1 sec),Rate,0
09/11/2026 06:00:50,System.Runtime,dotnet.jit.compilation.time (s / 1 sec),Rate,0
09/11/2026 06:00:51,System.Runtime,dotnet.jit.compiled_il.size (By / 1 sec),Rate,0
09/11/2026 06:00:51,System.Runtime,dotnet.jit.compiled_methods ({method} / 1 sec),Rate,0
09/11/2026 06:00:51,System.Runtime,dotnet.monitor.lock_contentions ({contention} / 1 sec),Rate,0
09/11/2026 06:00:51,System.Runtime,dotnet.gc.collections ({collection} / 1 sec)[gc.heap.generation=gen2],Rate,0
09/11/2026 06:00:51,System.Runtime,dotnet.gc.collections ({collection} / 1 sec)[gc.heap.generation=gen0],Rate,0
09/11/2026 06:00:51,System.Runtime,dotnet.gc.collections ({collection} / 1 sec)[gc.heap.generation=gen1],Rate,0
09/11/2026 06:00:51,System.Runtime,dotnet.process.cpu.time (s / 1 sec)[cpu.mode=system],Rate,0.044608999999999455
09/11/2026 06:00:51,System.Runtime,dotnet.process.cpu.time (s / 1 sec)[cpu.mode=user],Rate,0.5797269999999912
09/11/2026 06:00:51,System.Runtime,dotnet.process.cpu.count ({cpu}),Metric,15
09/11/2026 06:00:51,System.Runtime,dotnet.gc.pause.time (s / 1 sec),Rate,0
09/11/2026 06:00:51,System.Runtime,dotnet.thread_pool.queue.length ({work_item} / 1 sec),Rate,0
09/11/2026 06:00:51,System.Runtime,dotnet.gc.last_collection.memory.committed_size (By),Metric,0
09/11/2026 06:00:51,System.Runtime,dotnet.gc.last_collection.heap.fragmentation.size (By)[gc.heap.generation=gen2],Metric,0
09/11/2026 06:00:51,System.Runtime,dotnet.gc.last_collection.heap.fragmentation.size (By)[gc.heap.generation=gen0],Metric,0
09/11/2026 06:00:51,System.Runtime,dotnet.gc.last_collection.heap.fragmentation.size (By)[gc.heap.generation=gen1],Metric,0
09/11/2026 06:00:51,System.Runtime,dotnet.gc.last_collection.heap.fragmentation.size (By)[gc.heap.generation=poh],Metric,0
09/11/2026 06:00:51,System.Runtime,dotnet.gc.last_collection.heap.fragmentation.size (By)[gc.heap.generation=loh],Metric,0
09/11/2026 06:00:51,System.Runtime,dotnet.timer.count ({timer}),Metric,2
09/11/2026 06:00:51,System.Runtime,dotnet.assembly.count ({assembly}),Metric,61
09/11/2026 06:00:51,System.Runtime,dotnet.gc.heap.total_allocated (By / 1 sec),Rate,131200
09/11/2026 06:00:51,System.Runtime,dotnet.gc.last_collection.heap.size (By)[gc.heap.generation=gen2],Metric,0
09/11/2026 06:00:51,System.Runtime,dotnet.gc.last_collection.heap.size (By)[gc.heap.generation=gen0],Metric,0
09/11/2026 06:00:51,System.Runtime,dotnet.gc.last_collection.heap.size (By)[gc.heap.generation=gen1],Metric,0
09/11/2026 06:00:51,System.Runtime,dotnet.gc.last_collection.heap.size (By)[gc.heap.generation=poh],Metric,0
09/11/2026 06:00:51,System.Runtime,dotnet.gc.last_collection.heap.size (By)[gc.heap.generation=loh],Metric,0
09/11/2026 06:00:51,System.Runtime,dotnet.thread_pool.work_item.count ({work_item} / 1 sec),Rate,601
09/11/2026 06:00:51,System.Runtime,dotnet.process.memory.working_set (By),Metric,105119744
09/11/2026 06:00:51,System.Runtime,dotnet.thread_pool.thread.count ({thread} / 1 sec),Rate,0
09/11/2026 06:00:51,System.Runtime,dotnet.jit.compilation.time (s / 1 sec),Rate,0
09/11/2026 06:00:52,System.Runtime,dotnet.jit.compiled_il.size (By / 1 sec),Rate,0
09/11/2026 06:00:52,System.Runtime,dotnet.jit.compiled_methods ({method} / 1 sec),Rate,0
09/11/2026 06:00:52,System.Runtime,dotnet.monitor.lock_contentions ({contention} / 1 sec),Rate,0
09/11/2026 06:00:52,System.Runtime,dotnet.gc.collections ({collection} / 1 sec)[gc.heap.generation=gen2],Rate,0
09/11/2026 06:00:52,System.Runtime,dotnet.gc.collections ({collection} / 1 sec)[gc.heap.generation=gen0],Rate,0
09/11/2026 06:00:52,System.Runtime,dotnet.gc.collections ({collection} / 1 sec)[gc.heap.generation=gen1],Rate,0
09/11/2026 06:00:52,System.Runtime,dotnet.process.cpu.time (s / 1 sec)[cpu.mode=system],Rate,0.03878700000000013
09/11/2026 06:00:52,System.Runtime,dotnet.process.cpu.time (s / 1 sec)[cpu.mode=user],Rate,0.5872430000000008
09/11/2026 06:00:52,System.Runtime,dotnet.process.cpu.count ({cpu}),Metric,15
09/11/2026 06:00:52,System.Runtime,dotnet.gc.pause.time (s / 1 sec),Rate,0
09/11/2026 06:00:52,System.Runtime,dotnet.thread_pool.queue.length ({work_item} / 1 sec),Rate,0
09/11/2026 06:00:52,System.Runtime,dotnet.gc.last_collection.memory.committed_size (By),Metric,0
09/11/2026 06:00:52,System.Runtime,dotnet.gc.last_collection.heap.fragmentation.size (By)[gc.heap.generation=gen2],Metric,0
09/11/2026 06:00:52,System.Runtime,dotnet.gc.last_collection.heap.fragmentation.size (By)[gc.heap.generation=gen0],Metric,0
09/11/2026 06:00:52,System.Runtime,dotnet.gc.last_collection.heap.fragmentation.size (By)[gc.heap.generation=gen1],Metric,0
09/11/2026 06:00:52,System.Runtime,dotnet.gc.last_collection.heap.fragmentation.size (By)[gc.heap.generation=poh],Metric,0
09/11/2026 06:00:52,System.Runtime,dotnet.gc.last_collection.heap.fragmentation.size (By)[gc.heap.generation=loh],Metric,0
09/11/2026 06:00:52,System.Runtime,dotnet.timer.count ({timer}),Metric,2
09/11/2026 06:00:52,System.Runtime,dotnet.assembly.count ({assembly}),Metric,61
09/11/2026 06:00:52,System.Runtime,dotnet.gc.heap.total_allocated (By / 1 sec),Rate,139400
09/11/2026 06:00:52,System.Runtime,dotnet.gc.last_collection.heap.size (By)[gc.heap.generation=gen2],Metric,0
09/11/2026 06:00:52,System.Runtime,dotnet.gc.last_collection.heap.size (By)[gc.heap.generation=gen0],Metric,0
09/11/2026 06:00:52,System.Runtime,dotnet.gc.last_collection.heap.size (By)[gc.heap.generation=gen1],Metric,0
09/11/2026 06:00:52,System.Runtime,dotnet.gc.last_collection.heap.size (By)[gc.heap.generation=poh],Metric,0
09/11/2026 06:00:52,System.Runtime,dotnet.gc.last_collection.heap.size (By)[gc.heap.generation=loh],Metric,0
09/11/2026 06:00:52,System.Runtime,dotnet.thread_pool.work_item.count ({work_item} / 1 sec),Rate,601
09/11/2026 06:00:52,System.Runtime,dotnet.process.memory.working_set (By),Metric,105299968
09/11/2026 06:00:52,System.Runtime,dotnet.thread_pool.thread.count ({thread} / 1 sec),Rate,0
09/11/2026 06:00:52,System.Runtime,dotnet.jit.compilation.time (s / 1 sec),Rate,0
09/11/2026 06:00:53,System.Runtime,dotnet.jit.compiled_il.size (By / 1 sec),Rate,0
09/11/2026 06:00:53,System.Runtime,dotnet.jit.compiled_methods ({method} / 1 sec),Rate,0
09/11/2026 06:00:53,System.Runtime,dotnet.monitor.lock_contentions ({contention} / 1 sec),Rate,0
09/11/2026 06:00:53,System.Runtime,dotnet.gc.collections ({collection} / 1 sec)[gc.heap.generation=gen2],Rate,0
09/11/2026 06:00:53,System.Runtime,dotnet.gc.collections ({collection} / 1 sec)[gc.heap.generation=gen0],Rate,0
09/11/2026 06:00:53,System.Runtime,dotnet.gc.collections ({collection} / 1 sec)[gc.heap.generation=gen1],Rate,0
09/11/2026 06:00:53,System.Runtime,dotnet.process.cpu.time (s / 1 sec)[cpu.mode=system],Rate,0.05272599999999983
09/11/2026 06:00:53,System.Runtime,dotnet.process.cpu.time (s / 1 sec)[cpu.mode=user],Rate,0.582341999999997
09/11/2026 06:00:53,System.Runtime,dotnet.process.cpu.count ({cpu}),Metric,15
09/11/2026 06:00:53,System.Runtime,dotnet.gc.pause.time (s / 1 sec),Rate,0
09/11/2026 06:00:53,System.Runtime,dotnet.thread_pool.queue.length ({work_item} / 1 sec),Rate,0
09/11/2026 06:00:53,System.Runtime,dotnet.gc.last_collection.memory.committed_size (By),Metric,0
09/11/2026 06:00:53,System.Runtime,dotnet.gc.last_collection.heap.fragmentation.size (By)[gc.heap.generation=gen2],Metric,0
09/11/2026 06:00:53,System.Runtime,dotnet.gc.last_collection.heap.fragmentation.size (By)[gc.heap.generation=gen0],Metric,0
09/11/2026 06:00:53,System.Runtime,dotnet.gc.last_collection.heap.fragmentation.size (By)[gc.heap.generation=gen1],Metric,0
09/11/2026 06:00:53,System.Runtime,dotnet.gc.last_collection.heap.fragmentation.size (By)[gc.heap.generation=poh],Metric,0
09/11/2026 06:00:53,System.Runtime,dotnet.gc.last_collection.heap.fragmentation.size (By)[gc.heap.generation=loh],Metric,0
09/11/2026 06:00:53,System.Runtime,dotnet.timer.count ({timer}),Metric,2
09/11/2026 06:00:53,System.Runtime,dotnet.assembly.count ({assembly}),Metric,61
09/11/2026 06:00:53,System.Runtime,dotnet.gc.heap.total_allocated (By / 1 sec),Rate,139416
09/11/2026 06:00:53,System.Runtime,dotnet.gc.last_collection.heap.size (By)[gc.heap.generation=gen2],Metric,0
09/11/2026 06:00:53,System.Runtime,dotnet.gc.last_collection.heap.size (By)[gc.heap.generation=gen0],Metric,0
09/11/2026 06:00:53,System.Runtime,dotnet.gc.last_collection.heap.size (By)[gc.heap.generation=gen1],Metric,0
09/11/2026 06:00:53,System.Runtime,dotnet.gc.last_collection.heap.size (By)[gc.heap.generation=poh],Metric,0
09/11/2026 06:00:53,System.Runtime,dotnet.gc.last_collection.heap.size (By)[gc.heap.generation=loh],Metric,0
09/11/2026 06:00:53,System.Runtime,dotnet.thread_pool.work_item.count ({work_item} / 1 sec),Rate,602
09/11/2026 06:00:53,System.Runtime,dotnet.process.memory.working_set (By),Metric,105480192
09/11/2026 06:00:53,System.Runtime,dotnet.thread_pool.thread.count ({thread} / 1 sec),Rate,0
09/11/2026 06:00:53,System.Runtime,dotnet.jit.compilation.time (s / 1 sec),Rate,0
09/11/2026 06:00:54,System.Runtime,dotnet.jit.compiled_il.size (By / 1 sec),Rate,0
09/11/2026 06:00:54,System.Runtime,dotnet.jit.compiled_methods ({method} / 1 sec),Rate,0
09/11/2026 06:00:54,System.Runtime,dotnet.monitor.lock_contentions ({contention} / 1 sec),Rate,0
09/11/2026 06:00:54,System.Runtime,dotnet.gc.collections ({collection} / 1 sec)[gc.heap.generation=gen2],Rate,0
09/11/2026 06:00:54,System.Runtime,dotnet.gc.collections ({collection} / 1 sec)[gc.heap.generation=gen0],Rate,0
09/11/2026 06:00:54,System.Runtime,dotnet.gc.collections ({collection} / 1 sec)[gc.heap.generation=gen1],Rate,0
09/11/2026 06:00:54,System.Runtime,dotnet.process.cpu.time (s / 1 sec)[cpu.mode=system],Rate,0.04373700000000014
09/11/2026 06:00:54,System.Runtime,dotnet.process.cpu.time (s / 1 sec)[cpu.mode=user],Rate,0.5917920000000123
09/11/2026 06:00:54,System.Runtime,dotnet.process.cpu.count ({cpu}),Metric,15
09/11/2026 06:00:54,System.Runtime,dotnet.gc.pause.time (s / 1 sec),Rate,0
09/11/2026 06:00:54,System.Runtime,dotnet.thread_pool.queue.length ({work_item} / 1 sec),Rate,0
09/11/2026 06:00:54,System.Runtime,dotnet.gc.last_collection.memory.committed_size (By),Metric,0
09/11/2026 06:00:54,System.Runtime,dotnet.gc.last_collection.heap.fragmentation.size (By)[gc.heap.generation=gen2],Metric,0
09/11/2026 06:00:54,System.Runtime,dotnet.gc.last_collection.heap.fragmentation.size (By)[gc.heap.generation=gen0],Metric,0
09/11/2026 06:00:54,System.Runtime,dotnet.gc.last_collection.heap.fragmentation.size (By)[gc.heap.generation=gen1],Metric,0
09/11/2026 06:00:54,System.Runtime,dotnet.gc.last_collection.heap.fragmentation.size (By)[gc.heap.generation=poh],Metric,0
09/11/2026 06:00:54,System.Runtime,dotnet.gc.last_collection.heap.fragmentation.size (By)[gc.heap.generation=loh],Metric,0
09/11/2026 06:00:54,System.Runtime,dotnet.timer.count ({timer}),Metric,2
09/11/2026 06:00:54,System.Runtime,dotnet.assembly.count ({assembly}),Metric,61
09/11/2026 06:00:54,System.Runtime,dotnet.gc.heap.total_allocated (By / 1 sec),Rate,154776
09/11/2026 06:00:54,System.Runtime,dotnet.gc.last_collection.heap.size (By)[gc.heap.generation=gen2],Metric,0
09/11/2026 06:00:54,System.Runtime,dotnet.gc.last_collection.heap.size (By)[gc.heap.generation=gen0],Metric,0
09/11/2026 06:00:54,System.Runtime,dotnet.gc.last_collection.heap.size (By)[gc.heap.generation=gen1],Metric,0
09/11/2026 06:00:54,System.Runtime,dotnet.gc.last_collection.heap.size (By)[gc.heap.generation=poh],Metric,0
09/11/2026 06:00:54,System.Runtime,dotnet.gc.last_collection.heap.size (By)[gc.heap.generation=loh],Metric,0
09/11/2026 06:00:54,System.Runtime,dotnet.thread_pool.work_item.count ({work_item} / 1 sec),Rate,679
09/11/2026 06:00:54,System.Runtime,dotnet.process.memory.working_set (By),Metric,105644032
09/11/2026 06:00:54,System.Runtime,dotnet.thread_pool.thread.count ({thread} / 1 sec),Rate,0
09/11/2026 06:00:54,System.Runtime,dotnet.jit.compilation.time (s / 1 sec),Rate,0
09/11/2026 06:00:55,System.Runtime,dotnet.jit.compiled_il.size (By / 1 sec),Rate,0
09/11/2026 06:00:55,System.Runtime,dotnet.jit.compiled_methods ({method} / 1 sec),Rate,0
09/11/2026 06:00:55,System.Runtime,dotnet.monitor.lock_contentions ({contention} / 1 sec),Rate,0
09/11/2026 06:00:55,System.Runtime,dotnet.gc.collections ({collection} / 1 sec)[gc.heap.generation=gen2],Rate,0
09/11/2026 06:00:55,System.Runtime,dotnet.gc.collections ({collection} / 1 sec)[gc.heap.generation=gen0],Rate,0
09/11/2026 06:00:55,System.Runtime,dotnet.gc.collections ({collection} / 1 sec)[gc.heap.generation=gen1],Rate,0
09/11/2026 06:00:55,System.Runtime,dotnet.process.cpu.time (s / 1 sec)[cpu.mode=system],Rate,0.04177199999999992
09/11/2026 06:00:55,System.Runtime,dotnet.process.cpu.time (s / 1 sec)[cpu.mode=user],Rate,0.5932929999999885
09/11/2026 06:00:55,System.Runtime,dotnet.process.cpu.count ({cpu}),Metric,15
09/11/2026 06:00:55,System.Runtime,dotnet.gc.pause.time (s / 1 sec),Rate,0
09/11/2026 06:00:55,System.Runtime,dotnet.thread_pool.queue.length ({work_item} / 1 sec),Rate,0
09/11/2026 06:00:55,System.Runtime,dotnet.gc.last_collection.memory.committed_size (By),Metric,0
09/11/2026 06:00:55,System.Runtime,dotnet.gc.last_collection.heap.fragmentation.size (By)[gc.heap.generation=gen2],Metric,0
09/11/2026 06:00:55,System.Runtime,dotnet.gc.last_collection.heap.fragmentation.size (By)[gc.heap.generation=gen0],Metric,0
09/11/2026 06:00:55,System.Runtime,dotnet.gc.last_collection.heap.fragmentation.size (By)[gc.heap.generation=gen1],Metric,0
09/11/2026 06:00:55,System.Runtime,dotnet.gc.last_collection.heap.fragmentation.size (By)[gc.heap.generation=poh],Metric,0
09/11/2026 06:00:55,System.Runtime,dotnet.gc.last_collection.heap.fragmentation.size (By)[gc.heap.generation=loh],Metric,0
09/11/2026 06:00:55,System.Runtime,dotnet.timer.count ({timer}),Metric,2
09/11/2026 06:00:55,System.Runtime,dotnet.assembly.count ({assembly}),Metric,61
09/11/2026 06:00:55,System.Runtime,dotnet.gc.heap.total_allocated (By / 1 sec),Rate,155672
09/11/2026 06:00:55,System.Runtime,dotnet.gc.last_collection.heap.size (By)[gc.heap.generation=gen2],Metric,0
09/11/2026 06:00:55,System.Runtime,dotnet.gc.last_collection.heap.size (By)[gc.heap.generation=gen0],Metric,0
09/11/2026 06:00:55,System.Runtime,dotnet.gc.last_collection.heap.size (By)[gc.heap.generation=gen1],Metric,0
09/11/2026 06:00:55,System.Runtime,dotnet.gc.last_collection.heap.size (By)[gc.heap.generation=poh],Metric,0
09/11/2026 06:00:55,System.Runtime,dotnet.gc.last_collection.heap.size (By)[gc.heap.generation=loh],Metric,0
09/11/2026 06:00:55,System.Runtime,dotnet.thread_pool.work_item.count ({work_item} / 1 sec),Rate,661
09/11/2026 06:00:55,System.Runtime,dotnet.process.memory.working_set (By),Metric,105791488
09/11/2026 06:00:55,System.Runtime,dotnet.thread_pool.thread.count ({thread} / 1 sec),Rate,0
09/11/2026 06:00:55,System.Runtime,dotnet.jit.compilation.time (s / 1 sec),Rate,0
09/11/2026 06:00:56,System.Runtime,dotnet.jit.compiled_il.size (By / 1 sec),Rate,0
09/11/2026 06:00:56,System.Runtime,dotnet.jit.compiled_methods ({method} / 1 sec),Rate,0
09/11/2026 06:00:56,System.Runtime,dotnet.monitor.lock_contentions ({contention} / 1 sec),Rate,0
09/11/2026 06:00:56,System.Runtime,dotnet.gc.collections ({collection} / 1 sec)[gc.heap.generation=gen2],Rate,0
09/11/2026 06:00:56,System.Runtime,dotnet.gc.collections ({collection} / 1 sec)[gc.heap.generation=gen0],Rate,0
09/11/2026 06:00:56,System.Runtime,dotnet.gc.collections ({collection} / 1 sec)[gc.heap.generation=gen1],Rate,0
09/11/2026 06:00:56,System.Runtime,dotnet.process.cpu.time (s / 1 sec)[cpu.mode=system],Rate,0.05776400000000059
09/11/2026 06:00:56,System.Runtime,dotnet.process.cpu.time (s / 1 sec)[cpu.mode=user],Rate,0.58291100000001
09/11/2026 06:00:56,System.Runtime,dotnet.process.cpu.count ({cpu}),Metric,15
09/11/2026 06:00:56,System.Runtime,dotnet.gc.pause.time (s / 1 sec),Rate,0
09/11/2026 06:00:56,System.Runtime,dotnet.thread_pool.queue.length ({work_item} / 1 sec),Rate,0
09/11/2026 06:00:56,System.Runtime,dotnet.gc.last_collection.memory.committed_size (By),Metric,0
09/11/2026 06:00:56,System.Runtime,dotnet.gc.last_collection.heap.fragmentation.size (By)[gc.heap.generation=gen2],Metric,0
09/11/2026 06:00:56,System.Runtime,dotnet.gc.last_collection.heap.fragmentation.size (By)[gc.heap.generation=gen0],Metric,0
09/11/2026 06:00:56,System.Runtime,dotnet.gc.last_collection.heap.fragmentation.size (By)[gc.heap.generation=gen1],Metric,0
09/11/2026 06:00:56,System.Runtime,dotnet.gc.last_collection.heap.fragmentation.size (By)[gc.heap.generation=poh],Metric,0
09/11/2026 06:00:56,System.Runtime,dotnet.gc.last_collection.heap.fragmentation.size (By)[gc.heap.generation=loh],Metric,0
09/11/2026 06:00:56,System.Runtime,dotnet.timer.count ({timer}),Metric,2
09/11/2026 06:00:56,System.Runtime,dotnet.assembly.count ({assembly}),Metric,61
09/11/2026 06:00:56,System.Runtime,dotnet.gc.heap.total_allocated (By / 1 sec),Rate,122872
09/11/2026 06:00:56,System.Runtime,dotnet.gc.last_collection.heap.size (By)[gc.heap.generation=gen2],Metric,0
09/11/2026 06:00:56,System.Runtime,dotnet.gc.last_collection.heap.size (By)[gc.heap.generation=gen0],Metric,0
09/11/2026 06:00:56,System.Runtime,dotnet.gc.last_collection.heap.size (By)[gc.heap.generation=gen1],Metric,0
09/11/2026 06:00:56,System.Runtime,dotnet.gc.last_collection.heap.size (By)[gc.heap.generation=poh],Metric,0
09/11/2026 06:00:56,System.Runtime,dotnet.gc.last_collection.heap.size (By)[gc.heap.generation=loh],Metric,0
09/11/2026 06:00:56,System.Runtime,dotnet.thread_pool.work_item.count ({work_item} / 1 sec),Rate,613
09/11/2026 06:00:56,System.Runtime,dotnet.process.memory.working_set (By),Metric,105955328
09/11/2026 06:00:56,System.Runtime,dotnet.thread_pool.thread.count ({thread} / 1 sec),Rate,0
09/11/2026 06:00:56,System.Runtime,dotnet.jit.compilation.time (s / 1 sec),Rate,0
09/11/2026 06:00:57,System.Runtime,dotnet.jit.compiled_il.size (By / 1 sec),Rate,0
09/11/2026 06:00:57,System.Runtime,dotnet.jit.compiled_methods ({method} / 1 sec),Rate,0
09/11/2026 06:00:57,System.Runtime,dotnet.monitor.lock_contentions ({contention} / 1 sec),Rate,0
09/11/2026 06:00:57,System.Runtime,dotnet.gc.collections ({collection} / 1 sec)[gc.heap.generation=gen2],Rate,0
09/11/2026 06:00:57,System.Runtime,dotnet.gc.collections ({collection} / 1 sec)[gc.heap.generation=gen0],Rate,0
09/11/2026 06:00:57,System.Runtime,dotnet.gc.collections ({collection} / 1 sec)[gc.heap.generation=gen1],Rate,0
09/11/2026 06:00:57,System.Runtime,dotnet.process.cpu.time (s / 1 sec)[cpu.mode=system],Rate,0.0554869999999994
09/11/2026 06:00:57,System.Runtime,dotnet.process.cpu.time (s / 1 sec)[cpu.mode=user],Rate,0.578762999999995
09/11/2026 06:00:57,System.Runtime,dotnet.process.cpu.count ({cpu}),Metric,15
09/11/2026 06:00:57,System.Runtime,dotnet.gc.pause.time (s / 1 sec),Rate,0
09/11/2026 06:00:57,System.Runtime,dotnet.thread_pool.queue.length ({work_item} / 1 sec),Rate,0
09/11/2026 06:00:57,System.Runtime,dotnet.gc.last_collection.memory.committed_size (By),Metric,0
09/11/2026 06:00:57,System.Runtime,dotnet.gc.last_collection.heap.fragmentation.size (By)[gc.heap.generation=gen2],Metric,0
09/11/2026 06:00:57,System.Runtime,dotnet.gc.last_collection.heap.fragmentation.size (By)[gc.heap.generation=gen0],Metric,0
09/11/2026 06:00:57,System.Runtime,dotnet.gc.last_collection.heap.fragmentation.size (By)[gc.heap.generation=gen1],Metric,0
09/11/2026 06:00:57,System.Runtime,dotnet.gc.last_collection.heap.fragmentation.size (By)[gc.heap.generation=poh],Metric,0
09/11/2026 06:00:57,System.Runtime,dotnet.gc.last_collection.heap.fragmentation.size (By)[gc.heap.generation=loh],Metric,0
09/11/2026 06:00:57,System.Runtime,dotnet.timer.count ({timer}),Metric,2
09/11/2026 06:00:57,System.Runtime,dotnet.assembly.count ({assembly}),Metric,61
09/11/2026 06:00:57,System.Runtime,dotnet.gc.heap.total_allocated (By / 1 sec),Rate,154776
09/11/2026 06:00:57,System.Runtime,dotnet.gc.last_collection.heap.size (By)[gc.heap.generation=gen2],Metric,0
09/11/2026 06:00:57,System.Runtime,dotnet.gc.last_collection.heap.size (By)[gc.heap.generation=gen0],Metric,0
09/11/2026 06:00:57,System.Runtime,dotnet.gc.last_collection.heap.size (By)[gc.heap.generation=gen1],Metric,0
09/11/2026 06:00:57,System.Runtime,dotnet.gc.last_collection.heap.size (By)[gc.heap.generation=poh],Metric,0
09/11/2026 06:00:57,System.Runtime,dotnet.gc.last_collection.heap.size (By)[gc.heap.generation=loh],Metric,0
09/11/2026 06:00:57,System.Runtime,dotnet.thread_pool.work_item.count ({work_item} / 1 sec),Rate,603
09/11/2026 06:00:57,System.Runtime,dotnet.process.memory.working_set (By),Metric,106119168
09/11/2026 06:00:57,System.Runtime,dotnet.thread_pool.thread.count ({thread} / 1 sec),Rate,0
09/11/2026 06:00:57,System.Runtime,dotnet.jit.compilation.time (s / 1 sec),Rate,0
09/11/2026 06:00:58,System.Runtime,dotnet.jit.compiled_il.size (By / 1 sec),Rate,0
09/11/2026 06:00:58,System.Runtime,dotnet.jit.compiled_methods ({method} / 1 sec),Rate,0
09/11/2026 06:00:58,System.Runtime,dotnet.monitor.lock_contentions ({contention} / 1 sec),Rate,0
09/11/2026 06:00:58,System.Runtime,dotnet.gc.collections ({collection} / 1 sec)[gc.heap.generation=gen2],Rate,0
09/11/2026 06:00:58,System.Runtime,dotnet.gc.collections ({collection} / 1 sec)[gc.heap.generation=gen0],Rate,0
09/11/2026 06:00:58,System.Runtime,dotnet.gc.collections ({collection} / 1 sec)[gc.heap.generation=gen1],Rate,0
09/11/2026 06:00:58,System.Runtime,dotnet.process.cpu.time (s / 1 sec)[cpu.mode=system],Rate,0.05065400000000064
09/11/2026 06:00:58,System.Runtime,dotnet.process.cpu.time (s / 1 sec)[cpu.mode=user],Rate,0.5829779999999971
09/11/2026 06:00:58,System.Runtime,dotnet.process.cpu.count ({cpu}),Metric,15
09/11/2026 06:00:58,System.Runtime,dotnet.gc.pause.time (s / 1 sec),Rate,0
09/11/2026 06:00:58,System.Runtime,dotnet.thread_pool.queue.length ({work_item} / 1 sec),Rate,0
09/11/2026 06:00:58,System.Runtime,dotnet.gc.last_collection.memory.committed_size (By),Metric,0
09/11/2026 06:00:58,System.Runtime,dotnet.gc.last_collection.heap.fragmentation.size (By)[gc.heap.generation=gen2],Metric,0
09/11/2026 06:00:58,System.Runtime,dotnet.gc.last_collection.heap.fragmentation.size (By)[gc.heap.generation=gen0],Metric,0
09/11/2026 06:00:58,System.Runtime,dotnet.gc.last_collection.heap.fragmentation.size (By)[gc.heap.generation=gen1],Metric,0
09/11/2026 06:00:58,System.Runtime,dotnet.gc.last_collection.heap.fragmentation.size (By)[gc.heap.generation=poh],Metric,0
09/11/2026 06:00:58,System.Runtime,dotnet.gc.last_collection.heap.fragmentation.size (By)[gc.heap.generation=loh],Metric,0
09/11/2026 06:00:58,System.Runtime,dotnet.timer.count ({timer}),Metric,2
09/11/2026 06:00:58,System.Runtime,dotnet.assembly.count ({assembly}),Metric,61
09/11/2026 06:00:58,System.Runtime,dotnet.gc.heap.total_allocated (By / 1 sec),Rate,121992
09/11/2026 06:00:58,System.Runtime,dotnet.gc.last_collection.heap.size (By)[gc.heap.generation=gen2],Metric,0
09/11/2026 06:00:58,System.Runtime,dotnet.gc.last_collection.heap.size (By)[gc.heap.generation=gen0],Metric,0
09/11/2026 06:00:58,System.Runtime,dotnet.gc.last_collection.heap.size (By)[gc.heap.generation=gen1],Metric,0
09/11/2026 06:00:58,System.Runtime,dotnet.gc.last_collection.heap.size (By)[gc.heap.generation=poh],Metric,0
09/11/2026 06:00:58,System.Runtime,dotnet.gc.last_collection.heap.size (By)[gc.heap.generation=loh],Metric,0
09/11/2026 06:00:58,System.Runtime,dotnet.thread_pool.work_item.count ({work_item} / 1 sec),Rate,602
09/11/2026 06:00:58,System.Runtime,dotnet.process.memory.working_set (By),Metric,106266624
09/11/2026 06:00:58,System.Runtime,dotnet.thread_pool.thread.count ({thread} / 1 sec),Rate,0
09/11/2026 06:00:58,System.Runtime,dotnet.jit.compilation.time (s / 1 sec),Rate,0
09/11/2026 06:00:59,System.Runtime,dotnet.jit.compiled_il.size (By / 1 sec),Rate,0
09/11/2026 06:00:59,System.Runtime,dotnet.jit.compiled_methods ({method} / 1 sec),Rate,0
09/11/2026 06:00:59,System.Runtime,dotnet.monitor.lock_contentions ({contention} / 1 sec),Rate,0
09/11/2026 06:00:59,System.Runtime,dotnet.gc.collections ({collection} / 1 sec)[gc.heap.generation=gen2],Rate,0
09/11/2026 06:00:59,System.Runtime,dotnet.gc.collections ({collection} / 1 sec)[gc.heap.generation=gen0],Rate,0
09/11/2026 06:00:59,System.Runtime,dotnet.gc.collections ({collection} / 1 sec)[gc.heap.generation=gen1],Rate,0
09/11/2026 06:00:59,System.Runtime,dotnet.process.cpu.time (s / 1 sec)[cpu.mode=system],Rate,0.05411399999999933
09/11/2026 06:00:59,System.Runtime,dotnet.process.cpu.time (s / 1 sec)[cpu.mode=user],Rate,0.5762380000000036
09/11/2026 06:00:59,System.Runtime,dotnet.process.cpu.count ({cpu}),Metric,15
09/11/2026 06:00:59,System.Runtime,dotnet.gc.pause.time (s / 1 sec),Rate,0
09/11/2026 06:00:59,System.Runtime,dotnet.thread_pool.queue.length ({work_item} / 1 sec),Rate,0
09/11/2026 06:00:59,System.Runtime,dotnet.gc.last_collection.memory.committed_size (By),Metric,0
09/11/2026 06:00:59,System.Runtime,dotnet.gc.last_collection.heap.fragmentation.size (By)[gc.heap.generation=gen2],Metric,0
09/11/2026 06:00:59,System.Runtime,dotnet.gc.last_collection.heap.fragmentation.size (By)[gc.heap.generation=gen0],Metric,0
09/11/2026 06:00:59,System.Runtime,dotnet.gc.last_collection.heap.fragmentation.size (By)[gc.heap.generation=gen1],Metric,0
09/11/2026 06:00:59,System.Runtime,dotnet.gc.last_collection.heap.fragmentation.size (By)[gc.heap.generation=poh],Metric,0
09/11/2026 06:00:59,System.Runtime,dotnet.gc.last_collection.heap.fragmentation.size (By)[gc.heap.generation=loh],Metric,0
09/11/2026 06:00:59,System.Runtime,dotnet.timer.count ({timer}),Metric,2
09/11/2026 06:00:59,System.Runtime,dotnet.assembly.count ({assembly}),Metric,61
09/11/2026 06:00:59,System.Runtime,dotnet.gc.heap.total_allocated (By / 1 sec),Rate,147600
09/11/2026 06:00:59,System.Runtime,dotnet.gc.last_collection.heap.size (By)[gc.heap.generation=gen2],Metric,0
09/11/2026 06:00:59,System.Runtime,dotnet.gc.last_collection.heap.size (By)[gc.heap.generation=gen0],Metric,0
09/11/2026 06:00:59,System.Runtime,dotnet.gc.last_collection.heap.size (By)[gc.heap.generation=gen1],Metric,0
09/11/2026 06:00:59,System.Runtime,dotnet.gc.last_collection.heap.size (By)[gc.heap.generation=poh],Metric,0
09/11/2026 06:00:59,System.Runtime,dotnet.gc.last_collection.heap.size (By)[gc.heap.generation=loh],Metric,0
09/11/2026 06:00:59,System.Runtime,dotnet.thread_pool.work_item.count ({work_item} / 1 sec),Rate,599
09/11/2026 06:00:59,System.Runtime,dotnet.process.memory.working_set (By),Metric,106430464
09/11/2026 06:00:59,System.Runtime,dotnet.thread_pool.thread.count ({thread} / 1 sec),Rate,0
09/11/2026 06:00:59,System.Runtime,dotnet.jit.compilation.time (s / 1 sec),Rate,0
09/11/2026 06:01:00,System.Runtime,dotnet.jit.compiled_il.size (By / 1 sec),Rate,0
09/11/2026 06:01:00,System.Runtime,dotnet.jit.compiled_methods ({method} / 1 sec),Rate,0
09/11/2026 06:01:00,System.Runtime,dotnet.monitor.lock_contentions ({contention} / 1 sec),Rate,0
09/11/2026 06:01:00,System.Runtime,dotnet.gc.collections ({collection} / 1 sec)[gc.heap.generation=gen2],Rate,0
09/11/2026 06:01:00,System.Runtime,dotnet.gc.collections ({collection} / 1 sec)[gc.heap.generation=gen0],Rate,0
09/11/2026 06:01:00,System.Runtime,dotnet.gc.collections ({collection} / 1 sec)[gc.heap.generation=gen1],Rate,0
09/11/2026 06:01:00,System.Runtime,dotnet.process.cpu.time (s / 1 sec)[cpu.mode=system],Rate,0.05479600000000051
09/11/2026 06:01:00,System.Runtime,dotnet.process.cpu.time (s / 1 sec)[cpu.mode=user],Rate,0.5874730000000028
09/11/2026 06:01:00,System.Runtime,dotnet.process.cpu.count ({cpu}),Metric,15
09/11/2026 06:01:00,System.Runtime,dotnet.gc.pause.time (s / 1 sec),Rate,0
09/11/2026 06:01:00,System.Runtime,dotnet.thread_pool.queue.length ({work_item} / 1 sec),Rate,0
09/11/2026 06:01:00,System.Runtime,dotnet.gc.last_collection.memory.committed_size (By),Metric,0
09/11/2026 06:01:00,System.Runtime,dotnet.gc.last_collection.heap.fragmentation.size (By)[gc.heap.generation=gen2],Metric,0
09/11/2026 06:01:00,System.Runtime,dotnet.gc.last_collection.heap.fragmentation.size (By)[gc.heap.generation=gen0],Metric,0
09/11/2026 06:01:00,System.Runtime,dotnet.gc.last_collection.heap.fragmentation.size (By)[gc.heap.generation=gen1],Metric,0
09/11/2026 06:01:00,System.Runtime,dotnet.gc.last_collection.heap.fragmentation.size (By)[gc.heap.generation=poh],Metric,0
09/11/2026 06:01:00,System.Runtime,dotnet.gc.last_collection.heap.fragmentation.size (By)[gc.heap.generation=loh],Metric,0
09/11/2026 06:01:00,System.Runtime,dotnet.timer.count ({timer}),Metric,2
09/11/2026 06:01:00,System.Runtime,dotnet.assembly.count ({assembly}),Metric,61
09/11/2026 06:01:00,System.Runtime,dotnet.gc.heap.total_allocated (By / 1 sec),Rate,130112
09/11/2026 06:01:00,System.Runtime,dotnet.gc.last_collection.heap.size (By)[gc.heap.generation=gen2],Metric,0
09/11/2026 06:01:00,System.Runtime,dotnet.gc.last_collection.heap.size (By)[gc.heap.generation=gen0],Metric,0
09/11/2026 06:01:00,System.Runtime,dotnet.gc.last_collection.heap.size (By)[gc.heap.generation=gen1],Metric,0
09/11/2026 06:01:00,System.Runtime,dotnet.gc.last_collection.heap.size (By)[gc.heap.generation=poh],Metric,0
09/11/2026 06:01:00,System.Runtime,dotnet.gc.last_collection.heap.size (By)[gc.heap.generation=loh],Metric,0
09/11/2026 06:01:00,System.Runtime,dotnet.thread_pool.work_item.count ({work_item} / 1 sec),Rate,601
09/11/2026 06:01:00,System.Runtime,dotnet.process.memory.working_set (By),Metric,106545152
09/11/2026 06:01:00,System.Runtime,dotnet.thread_pool.thread.count ({thread} / 1 sec),Rate,0
09/11/2026 06:01:00,System.Runtime,dotnet.jit.compilation.time (s / 1 sec),Rate,0
09/11/2026 06:01:01,System.Runtime,dotnet.jit.compiled_il.size (By / 1 sec),Rate,0
09/11/2026 06:01:01,System.Runtime,dotnet.jit.compiled_methods ({method} / 1 sec),Rate,0
09/11/2026 06:01:01,System.Runtime,dotnet.monitor.lock_contentions ({contention} / 1 sec),Rate,0
09/11/2026 06:01:01,System.Runtime,dotnet.gc.collections ({collection} / 1 sec)[gc.heap.generation=gen2],Rate,0
09/11/2026 06:01:01,System.Runtime,dotnet.gc.collections ({collection} / 1 sec)[gc.heap.generation=gen0],Rate,0
09/11/2026 06:01:01,System.Runtime,dotnet.gc.collections ({collection} / 1 sec)[gc.heap.generation=gen1],Rate,0
09/11/2026 06:01:01,System.Runtime,dotnet.process.cpu.time (s / 1 sec)[cpu.mode=system],Rate,0.04147199999999973
09/11/2026 06:01:01,System.Runtime,dotnet.process.cpu.time (s / 1 sec)[cpu.mode=user],Rate,0.5865489999999909
09/11/2026 06:01:01,System.Runtime,dotnet.process.cpu.count ({cpu}),Metric,15
09/11/2026 06:01:01,System.Runtime,dotnet.gc.pause.time (s / 1 sec),Rate,0
09/11/2026 06:01:01,System.Runtime,dotnet.thread_pool.queue.length ({work_item} / 1 sec),Rate,0
09/11/2026 06:01:01,System.Runtime,dotnet.gc.last_collection.memory.committed_size (By),Metric,0
09/11/2026 06:01:01,System.Runtime,dotnet.gc.last_collection.heap.fragmentation.size (By)[gc.heap.generation=gen2],Metric,0
09/11/2026 06:01:01,System.Runtime,dotnet.gc.last_collection.heap.fragmentation.size (By)[gc.heap.generation=gen0],Metric,0
09/11/2026 06:01:01,System.Runtime,dotnet.gc.last_collection.heap.fragmentation.size (By)[gc.heap.generation=gen1],Metric,0
09/11/2026 06:01:01,System.Runtime,dotnet.gc.last_collection.heap.fragmentation.size (By)[gc.heap.generation=poh],Metric,0
09/11/2026 06:01:01,System.Runtime,dotnet.gc.last_collection.heap.fragmentation.size (By)[gc.heap.generation=loh],Metric,0
09/11/2026 06:01:01,System.Runtime,dotnet.timer.count ({timer}),Metric,2
09/11/2026 06:01:01,System.Runtime,dotnet.assembly.count ({assembly}),Metric,61
09/11/2026 06:01:01,System.Runtime,dotnet.gc.heap.total_allocated (By / 1 sec),Rate,138248
09/11/2026 06:01:01,System.Runtime,dotnet.gc.last_collection.heap.size (By)[gc.heap.generation=gen2],Metric,0
09/11/2026 06:01:01,System.Runtime,dotnet.gc.last_collection.heap.size (By)[gc.heap.generation=gen0],Metric,0
09/11/2026 06:01:01,System.Runtime,dotnet.gc.last_collection.heap.size (By)[gc.heap.generation=gen1],Metric,0
09/11/2026 06:01:01,System.Runtime,dotnet.gc.last_collection.heap.size (By)[gc.heap.generation=poh],Metric,0
09/11/2026 06:01:01,System.Runtime,dotnet.gc.last_collection.heap.size (By)[gc.heap.generation=loh],Metric,0
09/11/2026 06:01:01,System.Runtime,dotnet.thread_pool.work_item.count ({work_item} / 1 sec),Rate,601
09/11/2026 06:01:01,System.Runtime,dotnet.process.memory.working_set (By),Metric,106708992
09/11/2026 06:01:01,System.Runtime,dotnet.thread_pool.thread.count ({thread} / 1 sec),Rate,0
09/11/2026 06:01:01,System.Runtime,dotnet.jit.compilation.time (s / 1 sec),Rate,0
09/11/2026 06:01:02,System.Runtime,dotnet.jit.compiled_il.size (By / 1 sec),Rate,0
09/11/2026 06:01:02,System.Runtime,dotnet.jit.compiled_methods ({method} / 1 sec),Rate,0
09/11/2026 06:01:02,System.Runtime,dotnet.monitor.lock_contentions ({contention} / 1 sec),Rate,0
09/11/2026 06:01:02,System.Runtime,dotnet.gc.collections ({collection} / 1 sec)[gc.heap.generation=gen2],Rate,0
09/11/2026 06:01:02,System.Runtime,dotnet.gc.collections ({collection} / 1 sec)[gc.heap.generation=gen0],Rate,0
09/11/2026 06:01:02,System.Runtime,dotnet.gc.collections ({collection} / 1 sec)[gc.heap.generation=gen1],Rate,0
09/11/2026 06:01:02,System.Runtime,dotnet.process.cpu.time (s / 1 sec)[cpu.mode=system],Rate,0.03865199999999991
09/11/2026 06:01:02,System.Runtime,dotnet.process.cpu.time (s / 1 sec)[cpu.mode=user],Rate,0.590795
09/11/2026 06:01:02,System.Runtime,dotnet.process.cpu.count ({cpu}),Metric,15
09/11/2026 06:01:02,System.Runtime,dotnet.gc.pause.time (s / 1 sec),Rate,0
09/11/2026 06:01:02,System.Runtime,dotnet.thread_pool.queue.length ({work_item} / 1 sec),Rate,0
09/11/2026 06:01:02,System.Runtime,dotnet.gc.last_collection.memory.committed_size (By),Metric,0
09/11/2026 06:01:02,System.Runtime,dotnet.gc.last_collection.heap.fragmentation.size (By)[gc.heap.generation=gen2],Metric,0
09/11/2026 06:01:02,System.Runtime,dotnet.gc.last_collection.heap.fragmentation.size (By)[gc.heap.generation=gen0],Metric,0
09/11/2026 06:01:02,System.Runtime,dotnet.gc.last_collection.heap.fragmentation.size (By)[gc.heap.generation=gen1],Metric,0
09/11/2026 06:01:02,System.Runtime,dotnet.gc.last_collection.heap.fragmentation.size (By)[gc.heap.generation=poh],Metric,0
09/11/2026 06:01:02,System.Runtime,dotnet.gc.last_collection.heap.fragmentation.size (By)[gc.heap.generation=loh],Metric,0
09/11/2026 06:01:02,System.Runtime,dotnet.timer.count ({timer}),Metric,2
09/11/2026 06:01:02,System.Runtime,dotnet.assembly.count ({assembly}),Metric,61
09/11/2026 06:01:02,System.Runtime,dotnet.gc.heap.total_allocated (By / 1 sec),Rate,130176
09/11/2026 06:01:02,System.Runtime,dotnet.gc.last_collection.heap.size (By)[gc.heap.generation=gen2],Metric,0
09/11/2026 06:01:02,System.Runtime,dotnet.gc.last_collection.heap.size (By)[gc.heap.generation=gen0],Metric,0
09/11/2026 06:01:02,System.Runtime,dotnet.gc.last_collection.heap.size (By)[gc.heap.generation=gen1],Metric,0
09/11/2026 06:01:02,System.Runtime,dotnet.gc.last_collection.heap.size (By)[gc.heap.generation=poh],Metric,0
09/11/2026 06:01:02,System.Runtime,dotnet.gc.last_collection.heap.size (By)[gc.heap.generation=loh],Metric,0
09/11/2026 06:01:02,System.Runtime,dotnet.thread_pool.work_item.count ({work_item} / 1 sec),Rate,601
09/11/2026 06:01:02,System.Runtime,dotnet.process.memory.working_set (By),Metric,106872832
09/11/2026 06:01:02,System.Runtime,dotnet.thread_pool.thread.count ({thread} / 1 sec),Rate,0
09/11/2026 06:01:02,System.Runtime,dotnet.jit.compilation.time (s / 1 sec),Rate,0
09/11/2026 06:01:03,System.Runtime,dotnet.jit.compiled_il.size (By / 1 sec),Rate,0
09/11/2026 06:01:03,System.Runtime,dotnet.jit.compiled_methods ({method} / 1 sec),Rate,0
09/11/2026 06:01:03,System.Runtime,dotnet.monitor.lock_contentions ({contention} / 1 sec),Rate,0
09/11/2026 06:01:03,System.Runtime,dotnet.gc.collections ({collection} / 1 sec)[gc.heap.generation=gen2],Rate,0
09/11/2026 06:01:03,System.Runtime,dotnet.gc.collections ({collection} / 1 sec)[gc.heap.generation=gen0],Rate,0
09/11/2026 06:01:03,System.Runtime,dotnet.gc.collections ({collection} / 1 sec)[gc.heap.generation=gen1],Rate,0
09/11/2026 06:01:03,System.Runtime,dotnet.process.cpu.time (s / 1 sec)[cpu.mode=system],Rate,0.03806300000000018
09/11/2026 06:01:03,System.Runtime,dotnet.process.cpu.time (s / 1 sec)[cpu.mode=user],Rate,0.5906500000000108
09/11/2026 06:01:03,System.Runtime,dotnet.process.cpu.count ({cpu}),Metric,15
09/11/2026 06:01:03,System.Runtime,dotnet.gc.pause.time (s / 1 sec),Rate,0
09/11/2026 06:01:03,System.Runtime,dotnet.thread_pool.queue.length ({work_item} / 1 sec),Rate,0
09/11/2026 06:01:03,System.Runtime,dotnet.gc.last_collection.memory.committed_size (By),Metric,0
09/11/2026 06:01:03,System.Runtime,dotnet.gc.last_collection.heap.fragmentation.size (By)[gc.heap.generation=gen2],Metric,0
09/11/2026 06:01:03,System.Runtime,dotnet.gc.last_collection.heap.fragmentation.size (By)[gc.heap.generation=gen0],Metric,0
09/11/2026 06:01:03,System.Runtime,dotnet.gc.last_collection.heap.fragmentation.size (By)[gc.heap.generation=gen1],Metric,0
09/11/2026 06:01:03,System.Runtime,dotnet.gc.last_collection.heap.fragmentation.size (By)[gc.heap.generation=poh],Metric,0
09/11/2026 06:01:03,System.Runtime,dotnet.gc.last_collection.heap.fragmentation.size (By)[gc.heap.generation=loh],Metric,0
09/11/2026 06:01:03,System.Runtime,dotnet.timer.count ({timer}),Metric,2
09/11/2026 06:01:03,System.Runtime,dotnet.assembly.count ({assembly}),Metric,61
09/11/2026 06:01:03,System.Runtime,dotnet.gc.heap.total_allocated (By / 1 sec),Rate,147616
09/11/2026 06:01:03,System.Runtime,dotnet.gc.last_collection.heap.size (By)[gc.heap.generation=gen2],Metric,0
09/11/2026 06:01:03,System.Runtime,dotnet.gc.last_collection.heap.size (By)[gc.heap.generation=gen0],Metric,0
09/11/2026 06:01:03,System.Runtime,dotnet.gc.last_collection.heap.size (By)[gc.heap.generation=gen1],Metric,0
09/11/2026 06:01:03,System.Runtime,dotnet.gc.last_collection.heap.size (By)[gc.heap.generation=poh],Metric,0
09/11/2026 06:01:03,System.Runtime,dotnet.gc.last_collection.heap.size (By)[gc.heap.generation=loh],Metric,0
09/11/2026 06:01:03,System.Runtime,dotnet.thread_pool.work_item.count ({work_item} / 1 sec),Rate,602
09/11/2026 06:01:03,System.Runtime,dotnet.process.memory.working_set (By),Metric,107003904
09/11/2026 06:01:03,System.Runtime,dotnet.thread_pool.thread.count ({thread} / 1 sec),Rate,0
09/11/2026 06:01:03,System.Runtime,dotnet.jit.compilation.time (s / 1 sec),Rate,0
09/11/2026 06:01:04,System.Runtime,dotnet.jit.compiled_il.size (By / 1 sec),Rate,0
09/11/2026 06:01:04,System.Runtime,dotnet.jit.compiled_methods ({method} / 1 sec),Rate,0
09/11/2026 06:01:04,System.Runtime,dotnet.monitor.lock_contentions ({contention} / 1 sec),Rate,0
09/11/2026 06:01:04,System.Runtime,dotnet.gc.collections ({collection} / 1 sec)[gc.heap.generation=gen2],Rate,0
09/11/2026 06:01:04,System.Runtime,dotnet.gc.collections ({collection} / 1 sec)[gc.heap.generation=gen0],Rate,0
09/11/2026 06:01:04,System.Runtime,dotnet.gc.collections ({collection} / 1 sec)[gc.heap.generation=gen1],Rate,0
09/11/2026 06:01:04,System.Runtime,dotnet.process.cpu.time (s / 1 sec)[cpu.mode=system],Rate,0.03973799999999983
09/11/2026 06:01:04,System.Runtime,dotnet.process.cpu.time (s / 1 sec)[cpu.mode=user],Rate,0.5881849999999957
09/11/2026 06:01:04,System.Runtime,dotnet.process.cpu.count ({cpu}),Metric,15
09/11/2026 06:01:04,System.Runtime,dotnet.gc.pause.time (s / 1 sec),Rate,0
09/11/2026 06:01:04,System.Runtime,dotnet.thread_pool.queue.length ({work_item} / 1 sec),Rate,0
09/11/2026 06:01:04,System.Runtime,dotnet.gc.last_collection.memory.committed_size (By),Metric,0
09/11/2026 06:01:04,System.Runtime,dotnet.gc.last_collection.heap.fragmentation.size (By)[gc.heap.generation=gen2],Metric,0
09/11/2026 06:01:04,System.Runtime,dotnet.gc.last_collection.heap.fragmentation.size (By)[gc.heap.generation=gen0],Metric,0
09/11/2026 06:01:04,System.Runtime,dotnet.gc.last_collection.heap.fragmentation.size (By)[gc.heap.generation=gen1],Metric,0
09/11/2026 06:01:04,System.Runtime,dotnet.gc.last_collection.heap.fragmentation.size (By)[gc.heap.generation=poh],Metric,0
09/11/2026 06:01:04,System.Runtime,dotnet.gc.last_collection.heap.fragmentation.size (By)[gc.heap.generation=loh],Metric,0
09/11/2026 06:01:04,System.Runtime,dotnet.timer.count ({timer}),Metric,2
09/11/2026 06:01:04,System.Runtime,dotnet.assembly.count ({assembly}),Metric,61
09/11/2026 06:01:04,System.Runtime,dotnet.gc.heap.total_allocated (By / 1 sec),Rate,131176
09/11/2026 06:01:04,System.Runtime,dotnet.gc.last_collection.heap.size (By)[gc.heap.generation=gen2],Metric,0
09/11/2026 06:01:04,System.Runtime,dotnet.gc.last_collection.heap.size (By)[gc.heap.generation=gen0],Metric,0
09/11/2026 06:01:04,System.Runtime,dotnet.gc.last_collection.heap.size (By)[gc.heap.generation=gen1],Metric,0
09/11/2026 06:01:04,System.Runtime,dotnet.gc.last_collection.heap.size (By)[gc.heap.generation=poh],Metric,0
09/11/2026 06:01:04,System.Runtime,dotnet.gc.last_collection.heap.size (By)[gc.heap.generation=loh],Metric,0
09/11/2026 06:01:04,System.Runtime,dotnet.thread_pool.work_item.count ({work_item} / 1 sec),Rate,601
09/11/2026 06:01:04,System.Runtime,dotnet.process.memory.working_set (By),Metric,107184128
09/11/2026 06:01:04,System.Runtime,dotnet.thread_pool.thread.count ({thread} / 1 sec),Rate,0
09/11/2026 06:01:04,System.Runtime,dotnet.jit.compilation.time (s / 1 sec),Rate,0
09/11/2026 06:01:05,System.Runtime,dotnet.jit.compiled_il.size (By / 1 sec),Rate,0
09/11/2026 06:01:05,System.Runtime,dotnet.jit.compiled_methods ({method} / 1 sec),Rate,0
09/11/2026 06:01:05,System.Runtime,dotnet.monitor.lock_contentions ({contention} / 1 sec),Rate,0
09/11/2026 06:01:05,System.Runtime,dotnet.gc.collections ({collection} / 1 sec)[gc.heap.generation=gen2],Rate,0
09/11/2026 06:01:05,System.Runtime,dotnet.gc.collections ({collection} / 1 sec)[gc.heap.generation=gen0],Rate,0
09/11/2026 06:01:05,System.Runtime,dotnet.gc.collections ({collection} / 1 sec)[gc.heap.generation=gen1],Rate,0
09/11/2026 06:01:05,System.Runtime,dotnet.process.cpu.time (s / 1 sec)[cpu.mode=system],Rate,0.03666199999999975
09/11/2026 06:01:05,System.Runtime,dotnet.process.cpu.time (s / 1 sec)[cpu.mode=user],Rate,0.5856890000000021
09/11/2026 06:01:05,System.Runtime,dotnet.process.cpu.count ({cpu}),Metric,15
09/11/2026 06:01:05,System.Runtime,dotnet.gc.pause.time (s / 1 sec),Rate,0
09/11/2026 06:01:05,System.Runtime,dotnet.thread_pool.queue.length ({work_item} / 1 sec),Rate,0
09/11/2026 06:01:05,System.Runtime,dotnet.gc.last_collection.memory.committed_size (By),Metric,0
09/11/2026 06:01:05,System.Runtime,dotnet.gc.last_collection.heap.fragmentation.size (By)[gc.heap.generation=gen2],Metric,0
09/11/2026 06:01:05,System.Runtime,dotnet.gc.last_collection.heap.fragmentation.size (By)[gc.heap.generation=gen0],Metric,0
09/11/2026 06:01:05,System.Runtime,dotnet.gc.last_collection.heap.fragmentation.size (By)[gc.heap.generation=gen1],Metric,0
09/11/2026 06:01:05,System.Runtime,dotnet.gc.last_collection.heap.fragmentation.size (By)[gc.heap.generation=poh],Metric,0
09/11/2026 06:01:05,System.Runtime,dotnet.gc.last_collection.heap.fragmentation.size (By)[gc.heap.generation=loh],Metric,0
09/11/2026 06:01:05,System.Runtime,dotnet.timer.count ({timer}),Metric,3
09/11/2026 06:01:05,System.Runtime,dotnet.assembly.count ({assembly}),Metric,61
09/11/2026 06:01:05,System.Runtime,dotnet.gc.heap.total_allocated (By / 1 sec),Rate,139400
09/11/2026 06:01:05,System.Runtime,dotnet.gc.last_collection.heap.size (By)[gc.heap.generation=gen2],Metric,0
09/11/2026 06:01:05,System.Runtime,dotnet.gc.last_collection.heap.size (By)[gc.heap.generation=gen0],Metric,0
09/11/2026 06:01:05,System.Runtime,dotnet.gc.last_collection.heap.size (By)[gc.heap.generation=gen1],Metric,0
09/11/2026 06:01:05,System.Runtime,dotnet.gc.last_collection.heap.size (By)[gc.heap.generation=poh],Metric,0
09/11/2026 06:01:05,System.Runtime,dotnet.gc.last_collection.heap.size (By)[gc.heap.generation=loh],Metric,0
09/11/2026 06:01:05,System.Runtime,dotnet.thread_pool.work_item.count ({work_item} / 1 sec),Rate,601
09/11/2026 06:01:05,System.Runtime,dotnet.process.memory.working_set (By),Metric,107364352
09/11/2026 06:01:05,System.Runtime,dotnet.thread_pool.thread.count ({thread} / 1 sec),Rate,0
09/11/2026 06:01:05,System.Runtime,dotnet.jit.compilation.time (s / 1 sec),Rate,0
09/11/2026 06:01:06,System.Runtime,dotnet.jit.compiled_il.size (By / 1 sec),Rate,0
09/11/2026 06:01:06,System.Runtime,dotnet.jit.compiled_methods ({method} / 1 sec),Rate,0
09/11/2026 06:01:06,System.Runtime,dotnet.monitor.lock_contentions ({contention} / 1 sec),Rate,0
09/11/2026 06:01:06,System.Runtime,dotnet.gc.collections ({collection} / 1 sec)[gc.heap.generation=gen2],Rate,0
09/11/2026 06:01:06,System.Runtime,dotnet.gc.collections ({collection} / 1 sec)[gc.heap.generation=gen0],Rate,0
09/11/2026 06:01:06,System.Runtime,dotnet.gc.collections ({collection} / 1 sec)[gc.heap.generation=gen1],Rate,0
09/11/2026 06:01:06,System.Runtime,dotnet.process.cpu.time (s / 1 sec)[cpu.mode=system],Rate,0.038310000000000066
09/11/2026 06:01:06,System.Runtime,dotnet.process.cpu.time (s / 1 sec)[cpu.mode=user],Rate,0.5905369999999976
09/11/2026 06:01:06,System.Runtime,dotnet.process.cpu.count ({cpu}),Metric,15
09/11/2026 06:01:06,System.Runtime,dotnet.gc.pause.time (s / 1 sec),Rate,0
09/11/2026 06:01:06,System.Runtime,dotnet.thread_pool.queue.length ({work_item} / 1 sec),Rate,0
09/11/2026 06:01:06,System.Runtime,dotnet.gc.last_collection.memory.committed_size (By),Metric,0
09/11/2026 06:01:06,System.Runtime,dotnet.gc.last_collection.heap.fragmentation.size (By)[gc.heap.generation=gen2],Metric,0
09/11/2026 06:01:06,System.Runtime,dotnet.gc.last_collection.heap.fragmentation.size (By)[gc.heap.generation=gen0],Metric,0
09/11/2026 06:01:06,System.Runtime,dotnet.gc.last_collection.heap.fragmentation.size (By)[gc.heap.generation=gen1],Metric,0
09/11/2026 06:01:06,System.Runtime,dotnet.gc.last_collection.heap.fragmentation.size (By)[gc.heap.generation=poh],Metric,0
09/11/2026 06:01:06,System.Runtime,dotnet.gc.last_collection.heap.fragmentation.size (By)[gc.heap.generation=loh],Metric,0
09/11/2026 06:01:06,System.Runtime,dotnet.timer.count ({timer}),Metric,2
09/11/2026 06:01:06,System.Runtime,dotnet.assembly.count ({assembly}),Metric,61
09/11/2026 06:01:06,System.Runtime,dotnet.gc.heap.total_allocated (By / 1 sec),Rate,121968
09/11/2026 06:01:06,System.Runtime,dotnet.gc.last_collection.heap.size (By)[gc.heap.generation=gen2],Metric,0
09/11/2026 06:01:06,System.Runtime,dotnet.gc.last_collection.heap.size (By)[gc.heap.generation=gen0],Metric,0
09/11/2026 06:01:06,System.Runtime,dotnet.gc.last_collection.heap.size (By)[gc.heap.generation=gen1],Metric,0
09/11/2026 06:01:06,System.Runtime,dotnet.gc.last_collection.heap.size (By)[gc.heap.generation=poh],Metric,0
09/11/2026 06:01:06,System.Runtime,dotnet.gc.last_collection.heap.size (By)[gc.heap.generation=loh],Metric,0
09/11/2026 06:01:06,System.Runtime,dotnet.thread_pool.work_item.count ({work_item} / 1 sec),Rate,601
09/11/2026 06:01:06,System.Runtime,dotnet.process.memory.working_set (By),Metric,107495424
09/11/2026 06:01:06,System.Runtime,dotnet.thread_pool.thread.count ({thread} / 1 sec),Rate,0
09/11/2026 06:01:06,System.Runtime,dotnet.jit.compilation.time (s / 1 sec),Rate,0
09/11/2026 06:01:07,System.Runtime,dotnet.jit.compiled_il.size (By / 1 sec),Rate,0
09/11/2026 06:01:07,System.Runtime,dotnet.jit.compiled_methods ({method} / 1 sec),Rate,0
09/11/2026 06:01:07,System.Runtime,dotnet.monitor.lock_contentions ({contention} / 1 sec),Rate,0
09/11/2026 06:01:07,System.Runtime,dotnet.gc.collections ({collection} / 1 sec)[gc.heap.generation=gen2],Rate,0
09/11/2026 06:01:07,System.Runtime,dotnet.gc.collections ({collection} / 1 sec)[gc.heap.generation=gen0],Rate,0
09/11/2026 06:01:07,System.Runtime,dotnet.gc.collections ({collection} / 1 sec)[gc.heap.generation=gen1],Rate,0
09/11/2026 06:01:07,System.Runtime,dotnet.process.cpu.time (s / 1 sec)[cpu.mode=system],Rate,0.03882700000000039
09/11/2026 06:01:07,System.Runtime,dotnet.process.cpu.time (s / 1 sec)[cpu.mode=user],Rate,0.5920540000000045
09/11/2026 06:01:07,System.Runtime,dotnet.process.cpu.count ({cpu}),Metric,15
09/11/2026 06:01:07,System.Runtime,dotnet.gc.pause.time (s / 1 sec),Rate,0
09/11/2026 06:01:07,System.Runtime,dotnet.thread_pool.queue.length ({work_item} / 1 sec),Rate,0
09/11/2026 06:01:07,System.Runtime,dotnet.gc.last_collection.memory.committed_size (By),Metric,0
09/11/2026 06:01:07,System.Runtime,dotnet.gc.last_collection.heap.fragmentation.size (By)[gc.heap.generation=gen2],Metric,0
09/11/2026 06:01:07,System.Runtime,dotnet.gc.last_collection.heap.fragmentation.size (By)[gc.heap.generation=gen0],Metric,0
09/11/2026 06:01:07,System.Runtime,dotnet.gc.last_collection.heap.fragmentation.size (By)[gc.heap.generation=gen1],Metric,0
09/11/2026 06:01:07,System.Runtime,dotnet.gc.last_collection.heap.fragmentation.size (By)[gc.heap.generation=poh],Metric,0
09/11/2026 06:01:07,System.Runtime,dotnet.gc.last_collection.heap.fragmentation.size (By)[gc.heap.generation=loh],Metric,0
09/11/2026 06:01:07,System.Runtime,dotnet.timer.count ({timer}),Metric,2
09/11/2026 06:01:07,System.Runtime,dotnet.assembly.count ({assembly}),Metric,61
09/11/2026 06:01:07,System.Runtime,dotnet.gc.heap.total_allocated (By / 1 sec),Rate,154776
09/11/2026 06:01:07,System.Runtime,dotnet.gc.last_collection.heap.size (By)[gc.heap.generation=gen2],Metric,0
09/11/2026 06:01:07,System.Runtime,dotnet.gc.last_collection.heap.size (By)[gc.heap.generation=gen0],Metric,0
09/11/2026 06:01:07,System.Runtime,dotnet.gc.last_collection.heap.size (By)[gc.heap.generation=gen1],Metric,0
09/11/2026 06:01:07,System.Runtime,dotnet.gc.last_collection.heap.size (By)[gc.heap.generation=poh],Metric,0
09/11/2026 06:01:07,System.Runtime,dotnet.gc.last_collection.heap.size (By)[gc.heap.generation=loh],Metric,0
09/11/2026 06:01:07,System.Runtime,dotnet.thread_pool.work_item.count ({work_item} / 1 sec),Rate,601
09/11/2026 06:01:07,System.Runtime,dotnet.process.memory.working_set (By),Metric,107675648
09/11/2026 06:01:07,System.Runtime,dotnet.thread_pool.thread.count ({thread} / 1 sec),Rate,0
09/11/2026 06:01:07,System.Runtime,dotnet.jit.compilation.time (s / 1 sec),Rate,0
09/11/2026 06:01:08,System.Runtime,dotnet.jit.compiled_il.size (By / 1 sec),Rate,0
09/11/2026 06:01:08,System.Runtime,dotnet.jit.compiled_methods ({method} / 1 sec),Rate,0
09/11/2026 06:01:08,System.Runtime,dotnet.monitor.lock_contentions ({contention} / 1 sec),Rate,0
09/11/2026 06:01:08,System.Runtime,dotnet.gc.collections ({collection} / 1 sec)[gc.heap.generation=gen2],Rate,0
09/11/2026 06:01:08,System.Runtime,dotnet.gc.collections ({collection} / 1 sec)[gc.heap.generation=gen0],Rate,0
09/11/2026 06:01:08,System.Runtime,dotnet.gc.collections ({collection} / 1 sec)[gc.heap.generation=gen1],Rate,0
09/11/2026 06:01:08,System.Runtime,dotnet.process.cpu.time (s / 1 sec)[cpu.mode=system],Rate,0.038914000000000115
09/11/2026 06:01:08,System.Runtime,dotnet.process.cpu.time (s / 1 sec)[cpu.mode=user],Rate,0.5879659999999944
09/11/2026 06:01:08,System.Runtime,dotnet.process.cpu.count ({cpu}),Metric,15
09/11/2026 06:01:08,System.Runtime,dotnet.gc.pause.time (s / 1 sec),Rate,0
09/11/2026 06:01:08,System.Runtime,dotnet.thread_pool.queue.length ({work_item} / 1 sec),Rate,0
09/11/2026 06:01:08,System.Runtime,dotnet.gc.last_collection.memory.committed_size (By),Metric,0
09/11/2026 06:01:08,System.Runtime,dotnet.gc.last_collection.heap.fragmentation.size (By)[gc.heap.generation=gen2],Metric,0
09/11/2026 06:01:08,System.Runtime,dotnet.gc.last_collection.heap.fragmentation.size (By)[gc.heap.generation=gen0],Metric,0
09/11/2026 06:01:08,System.Runtime,dotnet.gc.last_collection.heap.fragmentation.size (By)[gc.heap.generation=gen1],Metric,0
09/11/2026 06:01:08,System.Runtime,dotnet.gc.last_collection.heap.fragmentation.size (By)[gc.heap.generation=poh],Metric,0
09/11/2026 06:01:08,System.Runtime,dotnet.gc.last_collection.heap.fragmentation.size (By)[gc.heap.generation=loh],Metric,0
09/11/2026 06:01:08,System.Runtime,dotnet.timer.count ({timer}),Metric,2
09/11/2026 06:01:08,System.Runtime,dotnet.assembly.count ({assembly}),Metric,61
09/11/2026 06:01:08,System.Runtime,dotnet.gc.heap.total_allocated (By / 1 sec),Rate,123016
09/11/2026 06:01:08,System.Runtime,dotnet.gc.last_collection.heap.size (By)[gc.heap.generation=gen2],Metric,0
09/11/2026 06:01:08,System.Runtime,dotnet.gc.last_collection.heap.size (By)[gc.heap.generation=gen0],Metric,0
09/11/2026 06:01:08,System.Runtime,dotnet.gc.last_collection.heap.size (By)[gc.heap.generation=gen1],Metric,0
09/11/2026 06:01:08,System.Runtime,dotnet.gc.last_collection.heap.size (By)[gc.heap.generation=poh],Metric,0
09/11/2026 06:01:08,System.Runtime,dotnet.gc.last_collection.heap.size (By)[gc.heap.generation=loh],Metric,0
09/11/2026 06:01:08,System.Runtime,dotnet.thread_pool.work_item.count ({work_item} / 1 sec),Rate,602
09/11/2026 06:01:08,System.Runtime,dotnet.process.memory.working_set (By),Metric,107823104
09/11/2026 06:01:08,System.Runtime,dotnet.thread_pool.thread.count ({thread} / 1 sec),Rate,0
09/11/2026 06:01:08,System.Runtime,dotnet.jit.compilation.time (s / 1 sec),Rate,0
09/11/2026 06:01:09,System.Runtime,dotnet.jit.compiled_il.size (By / 1 sec),Rate,0
09/11/2026 06:01:09,System.Runtime,dotnet.jit.compiled_methods ({method} / 1 sec),Rate,0
09/11/2026 06:01:09,System.Runtime,dotnet.monitor.lock_contentions ({contention} / 1 sec),Rate,0
09/11/2026 06:01:09,System.Runtime,dotnet.gc.collections ({collection} / 1 sec)[gc.heap.generation=gen2],Rate,0
09/11/2026 06:01:09,System.Runtime,dotnet.gc.collections ({collection} / 1 sec)[gc.heap.generation=gen0],Rate,0
09/11/2026 06:01:09,System.Runtime,dotnet.gc.collections ({collection} / 1 sec)[gc.heap.generation=gen1],Rate,0
09/11/2026 06:01:09,System.Runtime,dotnet.process.cpu.time (s / 1 sec)[cpu.mode=system],Rate,0.03961300000000012
09/11/2026 06:01:09,System.Runtime,dotnet.process.cpu.time (s / 1 sec)[cpu.mode=user],Rate,0.5860629999999958
09/11/2026 06:01:09,System.Runtime,dotnet.process.cpu.count ({cpu}),Metric,15
09/11/2026 06:01:09,System.Runtime,dotnet.gc.pause.time (s / 1 sec),Rate,0
09/11/2026 06:01:09,System.Runtime,dotnet.thread_pool.queue.length ({work_item} / 1 sec),Rate,0
09/11/2026 06:01:09,System.Runtime,dotnet.gc.last_collection.memory.committed_size (By),Metric,0
09/11/2026 06:01:09,System.Runtime,dotnet.gc.last_collection.heap.fragmentation.size (By)[gc.heap.generation=gen2],Metric,0
09/11/2026 06:01:09,System.Runtime,dotnet.gc.last_collection.heap.fragmentation.size (By)[gc.heap.generation=gen0],Metric,0
09/11/2026 06:01:09,System.Runtime,dotnet.gc.last_collection.heap.fragmentation.size (By)[gc.heap.generation=gen1],Metric,0
09/11/2026 06:01:09,System.Runtime,dotnet.gc.last_collection.heap.fragmentation.size (By)[gc.heap.generation=poh],Metric,0
09/11/2026 06:01:09,System.Runtime,dotnet.gc.last_collection.heap.fragmentation.size (By)[gc.heap.generation=loh],Metric,0
09/11/2026 06:01:09,System.Runtime,dotnet.timer.count ({timer}),Metric,3
09/11/2026 06:01:09,System.Runtime,dotnet.assembly.count ({assembly}),Metric,61
09/11/2026 06:01:09,System.Runtime,dotnet.gc.heap.total_allocated (By / 1 sec),Rate,138376
09/11/2026 06:01:09,System.Runtime,dotnet.gc.last_collection.heap.size (By)[gc.heap.generation=gen2],Metric,0
09/11/2026 06:01:09,System.Runtime,dotnet.gc.last_collection.heap.size (By)[gc.heap.generation=gen0],Metric,0
09/11/2026 06:01:09,System.Runtime,dotnet.gc.last_collection.heap.size (By)[gc.heap.generation=gen1],Metric,0
09/11/2026 06:01:09,System.Runtime,dotnet.gc.last_collection.heap.size (By)[gc.heap.generation=poh],Metric,0
09/11/2026 06:01:09,System.Runtime,dotnet.gc.last_collection.heap.size (By)[gc.heap.generation=loh],Metric,0
09/11/2026 06:01:09,System.Runtime,dotnet.thread_pool.work_item.count ({work_item} / 1 sec),Rate,601
09/11/2026 06:01:09,System.Runtime,dotnet.process.memory.working_set (By),Metric,107954176
09/11/2026 06:01:09,System.Runtime,dotnet.thread_pool.thread.count ({thread} / 1 sec),Rate,0
09/11/2026 06:01:09,System.Runtime,dotnet.jit.compilation.time (s / 1 sec),Rate,0
09/11/2026 06:01:10,System.Runtime,dotnet.jit.compiled_il.size (By / 1 sec),Rate,0
09/11/2026 06:01:10,System.Runtime,dotnet.jit.compiled_methods ({method} / 1 sec),Rate,0
09/11/2026 06:01:10,System.Runtime,dotnet.monitor.lock_contentions ({contention} / 1 sec),Rate,0
09/11/2026 06:01:10,System.Runtime,dotnet.gc.collections ({collection} / 1 sec)[gc.heap.generation=gen2],Rate,0
09/11/2026 06:01:10,System.Runtime,dotnet.gc.collections ({collection} / 1 sec)[gc.heap.generation=gen0],Rate,0
09/11/2026 06:01:10,System.Runtime,dotnet.gc.collections ({collection} / 1 sec)[gc.heap.generation=gen1],Rate,0
09/11/2026 06:01:10,System.Runtime,dotnet.process.cpu.time (s / 1 sec)[cpu.mode=system],Rate,0.03635399999999933
09/11/2026 06:01:10,System.Runtime,dotnet.process.cpu.time (s / 1 sec)[cpu.mode=user],Rate,0.5879919999999998
09/11/2026 06:01:10,System.Runtime,dotnet.process.cpu.count ({cpu}),Metric,15
09/11/2026 06:01:10,System.Runtime,dotnet.gc.pause.time (s / 1 sec),Rate,0
09/11/2026 06:01:10,System.Runtime,dotnet.thread_pool.queue.length ({work_item} / 1 sec),Rate,0
09/11/2026 06:01:10,System.Runtime,dotnet.gc.last_collection.memory.committed_size (By),Metric,0
09/11/2026 06:01:10,System.Runtime,dotnet.gc.last_collection.heap.fragmentation.size (By)[gc.heap.generation=gen2],Metric,0
09/11/2026 06:01:10,System.Runtime,dotnet.gc.last_collection.heap.fragmentation.size (By)[gc.heap.generation=gen0],Metric,0
09/11/2026 06:01:10,System.Runtime,dotnet.gc.last_collection.heap.fragmentation.size (By)[gc.heap.generation=gen1],Metric,0
09/11/2026 06:01:10,System.Runtime,dotnet.gc.last_collection.heap.fragmentation.size (By)[gc.heap.generation=poh],Metric,0
09/11/2026 06:01:10,System.Runtime,dotnet.gc.last_collection.heap.fragmentation.size (By)[gc.heap.generation=loh],Metric,0
09/11/2026 06:01:10,System.Runtime,dotnet.timer.count ({timer}),Metric,2
09/11/2026 06:01:10,System.Runtime,dotnet.assembly.count ({assembly}),Metric,61
09/11/2026 06:01:10,System.Runtime,dotnet.gc.heap.total_allocated (By / 1 sec),Rate,146552
09/11/2026 06:01:10,System.Runtime,dotnet.gc.last_collection.heap.size (By)[gc.heap.generation=gen2],Metric,0
09/11/2026 06:01:10,System.Runtime,dotnet.gc.last_collection.heap.size (By)[gc.heap.generation=gen0],Metric,0
09/11/2026 06:01:10,System.Runtime,dotnet.gc.last_collection.heap.size (By)[gc.heap.generation=gen1],Metric,0
09/11/2026 06:01:10,System.Runtime,dotnet.gc.last_collection.heap.size (By)[gc.heap.generation=poh],Metric,0
09/11/2026 06:01:10,System.Runtime,dotnet.gc.last_collection.heap.size (By)[gc.heap.generation=loh],Metric,0
09/11/2026 06:01:10,System.Runtime,dotnet.thread_pool.work_item.count ({work_item} / 1 sec),Rate,601
09/11/2026 06:01:10,System.Runtime,dotnet.process.memory.working_set (By),Metric,108134400
09/11/2026 06:01:10,System.Runtime,dotnet.thread_pool.thread.count ({thread} / 1 sec),Rate,0
09/11/2026 06:01:10,System.Runtime,dotnet.jit.compilation.time (s / 1 sec),Rate,0
09/11/2026 06:01:11,System.Runtime,dotnet.jit.compiled_il.size (By / 1 sec),Rate,0
09/11/2026 06:01:11,System.Runtime,dotnet.jit.compiled_methods ({method} / 1 sec),Rate,0
09/11/2026 06:01:11,System.Runtime,dotnet.monitor.lock_contentions ({contention} / 1 sec),Rate,0
09/11/2026 06:01:11,System.Runtime,dotnet.gc.collections ({collection} / 1 sec)[gc.heap.generation=gen2],Rate,0
09/11/2026 06:01:11,System.Runtime,dotnet.gc.collections ({collection} / 1 sec)[gc.heap.generation=gen0],Rate,0
09/11/2026 06:01:11,System.Runtime,dotnet.gc.collections ({collection} / 1 sec)[gc.heap.generation=gen1],Rate,0
09/11/2026 06:01:11,System.Runtime,dotnet.process.cpu.time (s / 1 sec)[cpu.mode=system],Rate,0.03819499999999998
09/11/2026 06:01:11,System.Runtime,dotnet.process.cpu.time (s / 1 sec)[cpu.mode=user],Rate,0.5892979999999994
09/11/2026 06:01:11,System.Runtime,dotnet.process.cpu.count ({cpu}),Metric,15
09/11/2026 06:01:11,System.Runtime,dotnet.gc.pause.time (s / 1 sec),Rate,0
09/11/2026 06:01:11,System.Runtime,dotnet.thread_pool.queue.length ({work_item} / 1 sec),Rate,0
09/11/2026 06:01:11,System.Runtime,dotnet.gc.last_collection.memory.committed_size (By),Metric,0
09/11/2026 06:01:11,System.Runtime,dotnet.gc.last_collection.heap.fragmentation.size (By)[gc.heap.generation=gen2],Metric,0
09/11/2026 06:01:11,System.Runtime,dotnet.gc.last_collection.heap.fragmentation.size (By)[gc.heap.generation=gen0],Metric,0
09/11/2026 06:01:11,System.Runtime,dotnet.gc.last_collection.heap.fragmentation.size (By)[gc.heap.generation=gen1],Metric,0
09/11/2026 06:01:11,System.Runtime,dotnet.gc.last_collection.heap.fragmentation.size (By)[gc.heap.generation=poh],Metric,0
09/11/2026 06:01:11,System.Runtime,dotnet.gc.last_collection.heap.fragmentation.size (By)[gc.heap.generation=loh],Metric,0
09/11/2026 06:01:11,System.Runtime,dotnet.timer.count ({timer}),Metric,2
09/11/2026 06:01:11,System.Runtime,dotnet.assembly.count ({assembly}),Metric,61
09/11/2026 06:01:11,System.Runtime,dotnet.gc.heap.total_allocated (By / 1 sec),Rate,121976
09/11/2026 06:01:11,System.Runtime,dotnet.gc.last_collection.heap.size (By)[gc.heap.generation=gen2],Metric,0
09/11/2026 06:01:11,System.Runtime,dotnet.gc.last_collection.heap.size (By)[gc.heap.generation=gen0],Metric,0
09/11/2026 06:01:11,System.Runtime,dotnet.gc.last_collection.heap.size (By)[gc.heap.generation=gen1],Metric,0
09/11/2026 06:01:11,System.Runtime,dotnet.gc.last_collection.heap.size (By)[gc.heap.generation=poh],Metric,0
09/11/2026 06:01:11,System.Runtime,dotnet.gc.last_collection.heap.size (By)[gc.heap.generation=loh],Metric,0
09/11/2026 06:01:11,System.Runtime,dotnet.thread_pool.work_item.count ({work_item} / 1 sec),Rate,601
09/11/2026 06:01:11,System.Runtime,dotnet.process.memory.working_set (By),Metric,108265472
09/11/2026 06:01:11,System.Runtime,dotnet.thread_pool.thread.count ({thread} / 1 sec),Rate,0
09/11/2026 06:01:11,System.Runtime,dotnet.jit.compilation.time (s / 1 sec),Rate,0
09/11/2026 06:01:12,System.Runtime,dotnet.jit.compiled_il.size (By / 1 sec),Rate,0
09/11/2026 06:01:12,System.Runtime,dotnet.jit.compiled_methods ({method} / 1 sec),Rate,0
09/11/2026 06:01:12,System.Runtime,dotnet.monitor.lock_contentions ({contention} / 1 sec),Rate,0
09/11/2026 06:01:12,System.Runtime,dotnet.gc.collections ({collection} / 1 sec)[gc.heap.generation=gen2],Rate,0
09/11/2026 06:01:12,System.Runtime,dotnet.gc.collections ({collection} / 1 sec)[gc.heap.generation=gen0],Rate,0
09/11/2026 06:01:12,System.Runtime,dotnet.gc.collections ({collection} / 1 sec)[gc.heap.generation=gen1],Rate,0
09/11/2026 06:01:12,System.Runtime,dotnet.process.cpu.time (s / 1 sec)[cpu.mode=system],Rate,0.037538000000000515
09/11/2026 06:01:12,System.Runtime,dotnet.process.cpu.time (s / 1 sec)[cpu.mode=user],Rate,0.5898660000000007
09/11/2026 06:01:12,System.Runtime,dotnet.process.cpu.count ({cpu}),Metric,15
09/11/2026 06:01:12,System.Runtime,dotnet.gc.pause.time (s / 1 sec),Rate,0
09/11/2026 06:01:12,System.Runtime,dotnet.thread_pool.queue.length ({work_item} / 1 sec),Rate,0
09/11/2026 06:01:12,System.Runtime,dotnet.gc.last_collection.memory.committed_size (By),Metric,0
09/11/2026 06:01:12,System.Runtime,dotnet.gc.last_collection.heap.fragmentation.size (By)[gc.heap.generation=gen2],Metric,0
09/11/2026 06:01:12,System.Runtime,dotnet.gc.last_collection.heap.fragmentation.size (By)[gc.heap.generation=gen0],Metric,0
09/11/2026 06:01:12,System.Runtime,dotnet.gc.last_collection.heap.fragmentation.size (By)[gc.heap.generation=gen1],Metric,0
09/11/2026 06:01:12,System.Runtime,dotnet.gc.last_collection.heap.fragmentation.size (By)[gc.heap.generation=poh],Metric,0
09/11/2026 06:01:12,System.Runtime,dotnet.gc.last_collection.heap.fragmentation.size (By)[gc.heap.generation=loh],Metric,0
09/11/2026 06:01:12,System.Runtime,dotnet.timer.count ({timer}),Metric,2
09/11/2026 06:01:12,System.Runtime,dotnet.assembly.count ({assembly}),Metric,61
09/11/2026 06:01:12,System.Runtime,dotnet.gc.heap.total_allocated (By / 1 sec),Rate,131200
09/11/2026 06:01:12,System.Runtime,dotnet.gc.last_collection.heap.size (By)[gc.heap.generation=gen2],Metric,0
09/11/2026 06:01:12,System.Runtime,dotnet.gc.last_collection.heap.size (By)[gc.heap.generation=gen0],Metric,0
09/11/2026 06:01:12,System.Runtime,dotnet.gc.last_collection.heap.size (By)[gc.heap.generation=gen1],Metric,0
09/11/2026 06:01:12,System.Runtime,dotnet.gc.last_collection.heap.size (By)[gc.heap.generation=poh],Metric,0
09/11/2026 06:01:12,System.Runtime,dotnet.gc.last_collection.heap.size (By)[gc.heap.generation=loh],Metric,0
09/11/2026 06:01:12,System.Runtime,dotnet.thread_pool.work_item.count ({work_item} / 1 sec),Rate,601
09/11/2026 06:01:12,System.Runtime,dotnet.process.memory.working_set (By),Metric,108412928
09/11/2026 06:01:12,System.Runtime,dotnet.thread_pool.thread.count ({thread} / 1 sec),Rate,0
09/11/2026 06:01:12,System.Runtime,dotnet.jit.compilation.time (s / 1 sec),Rate,0
09/11/2026 06:01:13,System.Runtime,dotnet.jit.compiled_il.size (By / 1 sec),Rate,324
09/11/2026 06:01:13,System.Runtime,dotnet.jit.compiled_methods ({method} / 1 sec),Rate,1
09/11/2026 06:01:13,System.Runtime,dotnet.monitor.lock_contentions ({contention} / 1 sec),Rate,0
09/11/2026 06:01:13,System.Runtime,dotnet.gc.collections ({collection} / 1 sec)[gc.heap.generation=gen2],Rate,0
09/11/2026 06:01:13,System.Runtime,dotnet.gc.collections ({collection} / 1 sec)[gc.heap.generation=gen0],Rate,0
09/11/2026 06:01:13,System.Runtime,dotnet.gc.collections ({collection} / 1 sec)[gc.heap.generation=gen1],Rate,0
09/11/2026 06:01:13,System.Runtime,dotnet.process.cpu.time (s / 1 sec)[cpu.mode=system],Rate,0.036399999999999544
09/11/2026 06:01:13,System.Runtime,dotnet.process.cpu.time (s / 1 sec)[cpu.mode=user],Rate,0.5889430000000004
09/11/2026 06:01:13,System.Runtime,dotnet.process.cpu.count ({cpu}),Metric,15
09/11/2026 06:01:13,System.Runtime,dotnet.gc.pause.time (s / 1 sec),Rate,0
09/11/2026 06:01:13,System.Runtime,dotnet.thread_pool.queue.length ({work_item} / 1 sec),Rate,0
09/11/2026 06:01:13,System.Runtime,dotnet.gc.last_collection.memory.committed_size (By),Metric,0
09/11/2026 06:01:13,System.Runtime,dotnet.gc.last_collection.heap.fragmentation.size (By)[gc.heap.generation=gen2],Metric,0
09/11/2026 06:01:13,System.Runtime,dotnet.gc.last_collection.heap.fragmentation.size (By)[gc.heap.generation=gen0],Metric,0
09/11/2026 06:01:13,System.Runtime,dotnet.gc.last_collection.heap.fragmentation.size (By)[gc.heap.generation=gen1],Metric,0
09/11/2026 06:01:13,System.Runtime,dotnet.gc.last_collection.heap.fragmentation.size (By)[gc.heap.generation=poh],Metric,0
09/11/2026 06:01:13,System.Runtime,dotnet.gc.last_collection.heap.fragmentation.size (By)[gc.heap.generation=loh],Metric,0
09/11/2026 06:01:13,System.Runtime,dotnet.timer.count ({timer}),Metric,2
09/11/2026 06:01:13,System.Runtime,dotnet.assembly.count ({assembly}),Metric,61
09/11/2026 06:01:13,System.Runtime,dotnet.gc.heap.total_allocated (By / 1 sec),Rate,155816
09/11/2026 06:01:13,System.Runtime,dotnet.gc.last_collection.heap.size (By)[gc.heap.generation=gen2],Metric,0
09/11/2026 06:01:13,System.Runtime,dotnet.gc.last_collection.heap.size (By)[gc.heap.generation=gen0],Metric,0
09/11/2026 06:01:13,System.Runtime,dotnet.gc.last_collection.heap.size (By)[gc.heap.generation=gen1],Metric,0
09/11/2026 06:01:13,System.Runtime,dotnet.gc.last_collection.heap.size (By)[gc.heap.generation=poh],Metric,0
09/11/2026 06:01:13,System.Runtime,dotnet.gc.last_collection.heap.size (By)[gc.heap.generation=loh],Metric,0
09/11/2026 06:01:13,System.Runtime,dotnet.thread_pool.work_item.count ({work_item} / 1 sec),Rate,602
09/11/2026 06:01:13,System.Runtime,dotnet.process.memory.working_set (By),Metric,108593152
09/11/2026 06:01:13,System.Runtime,dotnet.thread_pool.thread.count ({thread} / 1 sec),Rate,0
09/11/2026 06:01:13,System.Runtime,dotnet.jit.compilation.time (s / 1 sec),Rate,0.0006724999999999648
09/11/2026 06:01:14,System.Runtime,dotnet.jit.compiled_il.size (By / 1 sec),Rate,0
09/11/2026 06:01:14,System.Runtime,dotnet.jit.compiled_methods ({method} / 1 sec),Rate,0
09/11/2026 06:01:14,System.Runtime,dotnet.monitor.lock_contentions ({contention} / 1 sec),Rate,0
09/11/2026 06:01:14,System.Runtime,dotnet.gc.collections ({collection} / 1 sec)[gc.heap.generation=gen2],Rate,0
09/11/2026 06:01:14,System.Runtime,dotnet.gc.collections ({collection} / 1 sec)[gc.heap.generation=gen0],Rate,0
09/11/2026 06:01:14,System.Runtime,dotnet.gc.collections ({collection} / 1 sec)[gc.heap.generation=gen1],Rate,0
09/11/2026 06:01:14,System.Runtime,dotnet.process.cpu.time (s / 1 sec)[cpu.mode=system],Rate,0.035655000000000214
09/11/2026 06:01:14,System.Runtime,dotnet.process.cpu.time (s / 1 sec)[cpu.mode=user],Rate,0.5867220000000088
09/11/2026 06:01:14,System.Runtime,dotnet.process.cpu.count ({cpu}),Metric,15
09/11/2026 06:01:14,System.Runtime,dotnet.gc.pause.time (s / 1 sec),Rate,0
09/11/2026 06:01:14,System.Runtime,dotnet.thread_pool.queue.length ({work_item} / 1 sec),Rate,0
09/11/2026 06:01:14,System.Runtime,dotnet.gc.last_collection.memory.committed_size (By),Metric,0
09/11/2026 06:01:14,System.Runtime,dotnet.gc.last_collection.heap.fragmentation.size (By)[gc.heap.generation=gen2],Metric,0
09/11/2026 06:01:14,System.Runtime,dotnet.gc.last_collection.heap.fragmentation.size (By)[gc.heap.generation=gen0],Metric,0
09/11/2026 06:01:14,System.Runtime,dotnet.gc.last_collection.heap.fragmentation.size (By)[gc.heap.generation=gen1],Metric,0
09/11/2026 06:01:14,System.Runtime,dotnet.gc.last_collection.heap.fragmentation.size (By)[gc.heap.generation=poh],Metric,0
09/11/2026 06:01:14,System.Runtime,dotnet.gc.last_collection.heap.fragmentation.size (By)[gc.heap.generation=loh],Metric,0
09/11/2026 06:01:14,System.Runtime,dotnet.timer.count ({timer}),Metric,2
09/11/2026 06:01:14,System.Runtime,dotnet.assembly.count ({assembly}),Metric,61
09/11/2026 06:01:14,System.Runtime,dotnet.gc.heap.total_allocated (By / 1 sec),Rate,121872
09/11/2026 06:01:14,System.Runtime,dotnet.gc.last_collection.heap.size (By)[gc.heap.generation=gen2],Metric,0
09/11/2026 06:01:14,System.Runtime,dotnet.gc.last_collection.heap.size (By)[gc.heap.generation=gen0],Metric,0
09/11/2026 06:01:14,System.Runtime,dotnet.gc.last_collection.heap.size (By)[gc.heap.generation=gen1],Metric,0
09/11/2026 06:01:14,System.Runtime,dotnet.gc.last_collection.heap.size (By)[gc.heap.generation=poh],Metric,0
09/11/2026 06:01:14,System.Runtime,dotnet.gc.last_collection.heap.size (By)[gc.heap.generation=loh],Metric,0
09/11/2026 06:01:14,System.Runtime,dotnet.thread_pool.work_item.count ({work_item} / 1 sec),Rate,601
09/11/2026 06:01:14,System.Runtime,dotnet.process.memory.working_set (By),Metric,108724224
09/11/2026 06:01:14,System.Runtime,dotnet.thread_pool.thread.count ({thread} / 1 sec),Rate,0
09/11/2026 06:01:14,System.Runtime,dotnet.jit.compilation.time (s / 1 sec),Rate,0
09/11/2026 06:01:15,System.Runtime,dotnet.jit.compiled_il.size (By / 1 sec),Rate,0
09/11/2026 06:01:15,System.Runtime,dotnet.jit.compiled_methods ({method} / 1 sec),Rate,0
09/11/2026 06:01:15,System.Runtime,dotnet.monitor.lock_contentions ({contention} / 1 sec),Rate,0
09/11/2026 06:01:15,System.Runtime,dotnet.gc.collections ({collection} / 1 sec)[gc.heap.generation=gen2],Rate,0
09/11/2026 06:01:15,System.Runtime,dotnet.gc.collections ({collection} / 1 sec)[gc.heap.generation=gen0],Rate,0
09/11/2026 06:01:15,System.Runtime,dotnet.gc.collections ({collection} / 1 sec)[gc.heap.generation=gen1],Rate,0
09/11/2026 06:01:15,System.Runtime,dotnet.process.cpu.time (s / 1 sec)[cpu.mode=system],Rate,0.038909000000000304
09/11/2026 06:01:15,System.Runtime,dotnet.process.cpu.time (s / 1 sec)[cpu.mode=user],Rate,0.5866319999999945
09/11/2026 06:01:15,System.Runtime,dotnet.process.cpu.count ({cpu}),Metric,15
09/11/2026 06:01:15,System.Runtime,dotnet.gc.pause.time (s / 1 sec),Rate,0
09/11/2026 06:01:15,System.Runtime,dotnet.thread_pool.queue.length ({work_item} / 1 sec),Rate,0
09/11/2026 06:01:15,System.Runtime,dotnet.gc.last_collection.memory.committed_size (By),Metric,0
09/11/2026 06:01:15,System.Runtime,dotnet.gc.last_collection.heap.fragmentation.size (By)[gc.heap.generation=gen2],Metric,0
09/11/2026 06:01:15,System.Runtime,dotnet.gc.last_collection.heap.fragmentation.size (By)[gc.heap.generation=gen0],Metric,0
09/11/2026 06:01:15,System.Runtime,dotnet.gc.last_collection.heap.fragmentation.size (By)[gc.heap.generation=gen1],Metric,0
09/11/2026 06:01:15,System.Runtime,dotnet.gc.last_collection.heap.fragmentation.size (By)[gc.heap.generation=poh],Metric,0
09/11/2026 06:01:15,System.Runtime,dotnet.gc.last_collection.heap.fragmentation.size (By)[gc.heap.generation=loh],Metric,0
09/11/2026 06:01:15,System.Runtime,dotnet.timer.count ({timer}),Metric,2
09/11/2026 06:01:15,System.Runtime,dotnet.assembly.count ({assembly}),Metric,61
09/11/2026 06:01:15,System.Runtime,dotnet.gc.heap.total_allocated (By / 1 sec),Rate,147504
09/11/2026 06:01:15,System.Runtime,dotnet.gc.last_collection.heap.size (By)[gc.heap.generation=gen2],Metric,0
09/11/2026 06:01:15,System.Runtime,dotnet.gc.last_collection.heap.size (By)[gc.heap.generation=gen0],Metric,0
09/11/2026 06:01:15,System.Runtime,dotnet.gc.last_collection.heap.size (By)[gc.heap.generation=gen1],Metric,0
09/11/2026 06:01:15,System.Runtime,dotnet.gc.last_collection.heap.size (By)[gc.heap.generation=poh],Metric,0
09/11/2026 06:01:15,System.Runtime,dotnet.gc.last_collection.heap.size (By)[gc.heap.generation=loh],Metric,0
09/11/2026 06:01:15,System.Runtime,dotnet.thread_pool.work_item.count ({work_item} / 1 sec),Rate,601
09/11/2026 06:01:15,System.Runtime,dotnet.process.memory.working_set (By),Metric,108888064
09/11/2026 06:01:15,System.Runtime,dotnet.thread_pool.thread.count ({thread} / 1 sec),Rate,0
09/11/2026 06:01:15,System.Runtime,dotnet.jit.compilation.time (s / 1 sec),Rate,0
09/11/2026 06:01:16,System.Runtime,dotnet.jit.compiled_il.size (By / 1 sec),Rate,0
09/11/2026 06:01:16,System.Runtime,dotnet.jit.compiled_methods ({method} / 1 sec),Rate,0
09/11/2026 06:01:16,System.Runtime,dotnet.monitor.lock_contentions ({contention} / 1 sec),Rate,0
09/11/2026 06:01:16,System.Runtime,dotnet.gc.collections ({collection} / 1 sec)[gc.heap.generation=gen2],Rate,0
09/11/2026 06:01:16,System.Runtime,dotnet.gc.collections ({collection} / 1 sec)[gc.heap.generation=gen0],Rate,0
09/11/2026 06:01:16,System.Runtime,dotnet.gc.collections ({collection} / 1 sec)[gc.heap.generation=gen1],Rate,0
09/11/2026 06:01:16,System.Runtime,dotnet.process.cpu.time (s / 1 sec)[cpu.mode=system],Rate,0.039645999999999404
09/11/2026 06:01:16,System.Runtime,dotnet.process.cpu.time (s / 1 sec)[cpu.mode=user],Rate,0.5882310000000075
09/11/2026 06:01:16,System.Runtime,dotnet.process.cpu.count ({cpu}),Metric,15
09/11/2026 06:01:16,System.Runtime,dotnet.gc.pause.time (s / 1 sec),Rate,0
09/11/2026 06:01:16,System.Runtime,dotnet.thread_pool.queue.length ({work_item} / 1 sec),Rate,0
09/11/2026 06:01:16,System.Runtime,dotnet.gc.last_collection.memory.committed_size (By),Metric,0
09/11/2026 06:01:16,System.Runtime,dotnet.gc.last_collection.heap.fragmentation.size (By)[gc.heap.generation=gen2],Metric,0
09/11/2026 06:01:16,System.Runtime,dotnet.gc.last_collection.heap.fragmentation.size (By)[gc.heap.generation=gen0],Metric,0
09/11/2026 06:01:16,System.Runtime,dotnet.gc.last_collection.heap.fragmentation.size (By)[gc.heap.generation=gen1],Metric,0
09/11/2026 06:01:16,System.Runtime,dotnet.gc.last_collection.heap.fragmentation.size (By)[gc.heap.generation=poh],Metric,0
09/11/2026 06:01:16,System.Runtime,dotnet.gc.last_collection.heap.fragmentation.size (By)[gc.heap.generation=loh],Metric,0
09/11/2026 06:01:16,System.Runtime,dotnet.timer.count ({timer}),Metric,2
09/11/2026 06:01:16,System.Runtime,dotnet.assembly.count ({assembly}),Metric,61
09/11/2026 06:01:16,System.Runtime,dotnet.gc.heap.total_allocated (By / 1 sec),Rate,130176
09/11/2026 06:01:16,System.Runtime,dotnet.gc.last_collection.heap.size (By)[gc.heap.generation=gen2],Metric,0
09/11/2026 06:01:16,System.Runtime,dotnet.gc.last_collection.heap.size (By)[gc.heap.generation=gen0],Metric,0
09/11/2026 06:01:16,System.Runtime,dotnet.gc.last_collection.heap.size (By)[gc.heap.generation=gen1],Metric,0
09/11/2026 06:01:16,System.Runtime,dotnet.gc.last_collection.heap.size (By)[gc.heap.generation=poh],Metric,0
09/11/2026 06:01:16,System.Runtime,dotnet.gc.last_collection.heap.size (By)[gc.heap.generation=loh],Metric,0
09/11/2026 06:01:16,System.Runtime,dotnet.thread_pool.work_item.count ({work_item} / 1 sec),Rate,601
09/11/2026 06:01:16,System.Runtime,dotnet.process.memory.working_set (By),Metric,109051904
09/11/2026 06:01:16,System.Runtime,dotnet.thread_pool.thread.count ({thread} / 1 sec),Rate,0
09/11/2026 06:01:16,System.Runtime,dotnet.jit.compilation.time (s / 1 sec),Rate,0
09/11/2026 06:01:17,System.Runtime,dotnet.jit.compiled_il.size (By / 1 sec),Rate,0
09/11/2026 06:01:17,System.Runtime,dotnet.jit.compiled_methods ({method} / 1 sec),Rate,0
09/11/2026 06:01:17,System.Runtime,dotnet.monitor.lock_contentions ({contention} / 1 sec),Rate,0
09/11/2026 06:01:17,System.Runtime,dotnet.gc.collections ({collection} / 1 sec)[gc.heap.generation=gen2],Rate,0
09/11/2026 06:01:17,System.Runtime,dotnet.gc.collections ({collection} / 1 sec)[gc.heap.generation=gen0],Rate,0
09/11/2026 06:01:17,System.Runtime,dotnet.gc.collections ({collection} / 1 sec)[gc.heap.generation=gen1],Rate,0
09/11/2026 06:01:17,System.Runtime,dotnet.process.cpu.time (s / 1 sec)[cpu.mode=system],Rate,0.0385150000000003
09/11/2026 06:01:17,System.Runtime,dotnet.process.cpu.time (s / 1 sec)[cpu.mode=user],Rate,0.5895679999999999
09/11/2026 06:01:17,System.Runtime,dotnet.process.cpu.count ({cpu}),Metric,15
09/11/2026 06:01:17,System.Runtime,dotnet.gc.pause.time (s / 1 sec),Rate,0
09/11/2026 06:01:17,System.Runtime,dotnet.thread_pool.queue.length ({work_item} / 1 sec),Rate,0
09/11/2026 06:01:17,System.Runtime,dotnet.gc.last_collection.memory.committed_size (By),Metric,0
09/11/2026 06:01:17,System.Runtime,dotnet.gc.last_collection.heap.fragmentation.size (By)[gc.heap.generation=gen2],Metric,0
09/11/2026 06:01:17,System.Runtime,dotnet.gc.last_collection.heap.fragmentation.size (By)[gc.heap.generation=gen0],Metric,0
09/11/2026 06:01:17,System.Runtime,dotnet.gc.last_collection.heap.fragmentation.size (By)[gc.heap.generation=gen1],Metric,0
09/11/2026 06:01:17,System.Runtime,dotnet.gc.last_collection.heap.fragmentation.size (By)[gc.heap.generation=poh],Metric,0
09/11/2026 06:01:17,System.Runtime,dotnet.gc.last_collection.heap.fragmentation.size (By)[gc.heap.generation=loh],Metric,0
09/11/2026 06:01:17,System.Runtime,dotnet.timer.count ({timer}),Metric,2
09/11/2026 06:01:17,System.Runtime,dotnet.assembly.count ({assembly}),Metric,61
09/11/2026 06:01:17,System.Runtime,dotnet.gc.heap.total_allocated (By / 1 sec),Rate,139400
09/11/2026 06:01:17,System.Runtime,dotnet.gc.last_collection.heap.size (By)[gc.heap.generation=gen2],Metric,0
09/11/2026 06:01:17,System.Runtime,dotnet.gc.last_collection.heap.size (By)[gc.heap.generation=gen0],Metric,0
09/11/2026 06:01:17,System.Runtime,dotnet.gc.last_collection.heap.size (By)[gc.heap.generation=gen1],Metric,0
09/11/2026 06:01:17,System.Runtime,dotnet.gc.last_collection.heap.size (By)[gc.heap.generation=poh],Metric,0
09/11/2026 06:01:17,System.Runtime,dotnet.gc.last_collection.heap.size (By)[gc.heap.generation=loh],Metric,0
09/11/2026 06:01:17,System.Runtime,dotnet.thread_pool.work_item.count ({work_item} / 1 sec),Rate,601
09/11/2026 06:01:17,System.Runtime,dotnet.process.memory.working_set (By),Metric,109215744
09/11/2026 06:01:17,System.Runtime,dotnet.thread_pool.thread.count ({thread} / 1 sec),Rate,0
09/11/2026 06:01:17,System.Runtime,dotnet.jit.compilation.time (s / 1 sec),Rate,0
09/11/2026 06:01:18,System.Runtime,dotnet.jit.compiled_il.size (By / 1 sec),Rate,0
09/11/2026 06:01:18,System.Runtime,dotnet.jit.compiled_methods ({method} / 1 sec),Rate,0
09/11/2026 06:01:18,System.Runtime,dotnet.monitor.lock_contentions ({contention} / 1 sec),Rate,0
09/11/2026 06:01:18,System.Runtime,dotnet.gc.collections ({collection} / 1 sec)[gc.heap.generation=gen2],Rate,0
09/11/2026 06:01:18,System.Runtime,dotnet.gc.collections ({collection} / 1 sec)[gc.heap.generation=gen0],Rate,0
09/11/2026 06:01:18,System.Runtime,dotnet.gc.collections ({collection} / 1 sec)[gc.heap.generation=gen1],Rate,0
09/11/2026 06:01:18,System.Runtime,dotnet.process.cpu.time (s / 1 sec)[cpu.mode=system],Rate,0.03756999999999966
09/11/2026 06:01:18,System.Runtime,dotnet.process.cpu.time (s / 1 sec)[cpu.mode=user],Rate,0.5868949999999984
09/11/2026 06:01:18,System.Runtime,dotnet.process.cpu.count ({cpu}),Metric,15
09/11/2026 06:01:18,System.Runtime,dotnet.gc.pause.time (s / 1 sec),Rate,0
09/11/2026 06:01:18,System.Runtime,dotnet.thread_pool.queue.length ({work_item} / 1 sec),Rate,0
09/11/2026 06:01:18,System.Runtime,dotnet.gc.last_collection.memory.committed_size (By),Metric,0
09/11/2026 06:01:18,System.Runtime,dotnet.gc.last_collection.heap.fragmentation.size (By)[gc.heap.generation=gen2],Metric,0
09/11/2026 06:01:18,System.Runtime,dotnet.gc.last_collection.heap.fragmentation.size (By)[gc.heap.generation=gen0],Metric,0
09/11/2026 06:01:18,System.Runtime,dotnet.gc.last_collection.heap.fragmentation.size (By)[gc.heap.generation=gen1],Metric,0
09/11/2026 06:01:18,System.Runtime,dotnet.gc.last_collection.heap.fragmentation.size (By)[gc.heap.generation=poh],Metric,0
09/11/2026 06:01:18,System.Runtime,dotnet.gc.last_collection.heap.fragmentation.size (By)[gc.heap.generation=loh],Metric,0
09/11/2026 06:01:18,System.Runtime,dotnet.timer.count ({timer}),Metric,2
09/11/2026 06:01:18,System.Runtime,dotnet.assembly.count ({assembly}),Metric,61
09/11/2026 06:01:18,System.Runtime,dotnet.gc.heap.total_allocated (By / 1 sec),Rate,139416
09/11/2026 06:01:18,System.Runtime,dotnet.gc.last_collection.heap.size (By)[gc.heap.generation=gen2],Metric,0
09/11/2026 06:01:18,System.Runtime,dotnet.gc.last_collection.heap.size (By)[gc.heap.generation=gen0],Metric,0
09/11/2026 06:01:18,System.Runtime,dotnet.gc.last_collection.heap.size (By)[gc.heap.generation=gen1],Metric,0
09/11/2026 06:01:18,System.Runtime,dotnet.gc.last_collection.heap.size (By)[gc.heap.generation=poh],Metric,0
09/11/2026 06:01:18,System.Runtime,dotnet.gc.last_collection.heap.size (By)[gc.heap.generation=loh],Metric,0
09/11/2026 06:01:18,System.Runtime,dotnet.thread_pool.work_item.count ({work_item} / 1 sec),Rate,602
09/11/2026 06:01:18,System.Runtime,dotnet.process.memory.working_set (By),Metric,109363200
09/11/2026 06:01:18,System.Runtime,dotnet.thread_pool.thread.count ({thread} / 1 sec),Rate,0
09/11/2026 06:01:18,System.Runtime,dotnet.jit.compilation.time (s / 1 sec),Rate,0
09/11/2026 06:01:19,System.Runtime,dotnet.jit.compiled_il.size (By / 1 sec),Rate,0
09/11/2026 06:01:19,System.Runtime,dotnet.jit.compiled_methods ({method} / 1 sec),Rate,0
09/11/2026 06:01:19,System.Runtime,dotnet.monitor.lock_contentions ({contention} / 1 sec),Rate,0
09/11/2026 06:01:19,System.Runtime,dotnet.gc.collections ({collection} / 1 sec)[gc.heap.generation=gen2],Rate,0
09/11/2026 06:01:19,System.Runtime,dotnet.gc.collections ({collection} / 1 sec)[gc.heap.generation=gen0],Rate,0
09/11/2026 06:01:19,System.Runtime,dotnet.gc.collections ({collection} / 1 sec)[gc.heap.generation=gen1],Rate,0
09/11/2026 06:01:19,System.Runtime,dotnet.process.cpu.time (s / 1 sec)[cpu.mode=system],Rate,0.03755700000000051
09/11/2026 06:01:19,System.Runtime,dotnet.process.cpu.time (s / 1 sec)[cpu.mode=user],Rate,0.5838719999999995
09/11/2026 06:01:19,System.Runtime,dotnet.process.cpu.count ({cpu}),Metric,15
09/11/2026 06:01:19,System.Runtime,dotnet.gc.pause.time (s / 1 sec),Rate,0
09/11/2026 06:01:19,System.Runtime,dotnet.thread_pool.queue.length ({work_item} / 1 sec),Rate,0
09/11/2026 06:01:19,System.Runtime,dotnet.gc.last_collection.memory.committed_size (By),Metric,0
09/11/2026 06:01:19,System.Runtime,dotnet.gc.last_collection.heap.fragmentation.size (By)[gc.heap.generation=gen2],Metric,0
09/11/2026 06:01:19,System.Runtime,dotnet.gc.last_collection.heap.fragmentation.size (By)[gc.heap.generation=gen0],Metric,0
09/11/2026 06:01:19,System.Runtime,dotnet.gc.last_collection.heap.fragmentation.size (By)[gc.heap.generation=gen1],Metric,0
09/11/2026 06:01:19,System.Runtime,dotnet.gc.last_collection.heap.fragmentation.size (By)[gc.heap.generation=poh],Metric,0
09/11/2026 06:01:19,System.Runtime,dotnet.gc.last_collection.heap.fragmentation.size (By)[gc.heap.generation=loh],Metric,0
09/11/2026 06:01:19,System.Runtime,dotnet.timer.count ({timer}),Metric,2
09/11/2026 06:01:19,System.Runtime,dotnet.assembly.count ({assembly}),Metric,61
09/11/2026 06:01:19,System.Runtime,dotnet.gc.heap.total_allocated (By / 1 sec),Rate,137320
09/11/2026 06:01:19,System.Runtime,dotnet.gc.last_collection.heap.size (By)[gc.heap.generation=gen2],Metric,0
09/11/2026 06:01:19,System.Runtime,dotnet.gc.last_collection.heap.size (By)[gc.heap.generation=gen0],Metric,0
09/11/2026 06:01:19,System.Runtime,dotnet.gc.last_collection.heap.size (By)[gc.heap.generation=gen1],Metric,0
09/11/2026 06:01:19,System.Runtime,dotnet.gc.last_collection.heap.size (By)[gc.heap.generation=poh],Metric,0
09/11/2026 06:01:19,System.Runtime,dotnet.gc.last_collection.heap.size (By)[gc.heap.generation=loh],Metric,0
09/11/2026 06:01:19,System.Runtime,dotnet.thread_pool.work_item.count ({work_item} / 1 sec),Rate,601
09/11/2026 06:01:19,System.Runtime,dotnet.process.memory.working_set (By),Metric,109494272
09/11/2026 06:01:19,System.Runtime,dotnet.thread_pool.thread.count ({thread} / 1 sec),Rate,0
09/11/2026 06:01:19,System.Runtime,dotnet.jit.compilation.time (s / 1 sec),Rate,0
09/11/2026 06:01:20,System.Runtime,dotnet.jit.compiled_il.size (By / 1 sec),Rate,0
09/11/2026 06:01:20,System.Runtime,dotnet.jit.compiled_methods ({method} / 1 sec),Rate,0
09/11/2026 06:01:20,System.Runtime,dotnet.monitor.lock_contentions ({contention} / 1 sec),Rate,0
09/11/2026 06:01:20,System.Runtime,dotnet.gc.collections ({collection} / 1 sec)[gc.heap.generation=gen2],Rate,0
09/11/2026 06:01:20,System.Runtime,dotnet.gc.collections ({collection} / 1 sec)[gc.heap.generation=gen0],Rate,0
09/11/2026 06:01:20,System.Runtime,dotnet.gc.collections ({collection} / 1 sec)[gc.heap.generation=gen1],Rate,0
09/11/2026 06:01:20,System.Runtime,dotnet.process.cpu.time (s / 1 sec)[cpu.mode=system],Rate,0.036134999999999806
09/11/2026 06:01:20,System.Runtime,dotnet.process.cpu.time (s / 1 sec)[cpu.mode=user],Rate,0.5891419999999954
09/11/2026 06:01:20,System.Runtime,dotnet.process.cpu.count ({cpu}),Metric,15
09/11/2026 06:01:20,System.Runtime,dotnet.gc.pause.time (s / 1 sec),Rate,0
09/11/2026 06:01:20,System.Runtime,dotnet.thread_pool.queue.length ({work_item} / 1 sec),Rate,0
09/11/2026 06:01:20,System.Runtime,dotnet.gc.last_collection.memory.committed_size (By),Metric,0
09/11/2026 06:01:20,System.Runtime,dotnet.gc.last_collection.heap.fragmentation.size (By)[gc.heap.generation=gen2],Metric,0
09/11/2026 06:01:20,System.Runtime,dotnet.gc.last_collection.heap.fragmentation.size (By)[gc.heap.generation=gen0],Metric,0
09/11/2026 06:01:20,System.Runtime,dotnet.gc.last_collection.heap.fragmentation.size (By)[gc.heap.generation=gen1],Metric,0
09/11/2026 06:01:20,System.Runtime,dotnet.gc.last_collection.heap.fragmentation.size (By)[gc.heap.generation=poh],Metric,0
09/11/2026 06:01:20,System.Runtime,dotnet.gc.last_collection.heap.fragmentation.size (By)[gc.heap.generation=loh],Metric,0
09/11/2026 06:01:20,System.Runtime,dotnet.timer.count ({timer}),Metric,2
09/11/2026 06:01:20,System.Runtime,dotnet.assembly.count ({assembly}),Metric,61
09/11/2026 06:01:20,System.Runtime,dotnet.gc.heap.total_allocated (By / 1 sec),Rate,138280
09/11/2026 06:01:20,System.Runtime,dotnet.gc.last_collection.heap.size (By)[gc.heap.generation=gen2],Metric,0
09/11/2026 06:01:20,System.Runtime,dotnet.gc.last_collection.heap.size (By)[gc.heap.generation=gen0],Metric,0
09/11/2026 06:01:20,System.Runtime,dotnet.gc.last_collection.heap.size (By)[gc.heap.generation=gen1],Metric,0
09/11/2026 06:01:20,System.Runtime,dotnet.gc.last_collection.heap.size (By)[gc.heap.generation=poh],Metric,0
09/11/2026 06:01:20,System.Runtime,dotnet.gc.last_collection.heap.size (By)[gc.heap.generation=loh],Metric,0
09/11/2026 06:01:20,System.Runtime,dotnet.thread_pool.work_item.count ({work_item} / 1 sec),Rate,601
09/11/2026 06:01:20,System.Runtime,dotnet.process.memory.working_set (By),Metric,109674496
09/11/2026 06:01:20,System.Runtime,dotnet.thread_pool.thread.count ({thread} / 1 sec),Rate,0
09/11/2026 06:01:20,System.Runtime,dotnet.jit.compilation.time (s / 1 sec),Rate,0
09/11/2026 06:01:21,System.Runtime,dotnet.jit.compiled_il.size (By / 1 sec),Rate,0
09/11/2026 06:01:21,System.Runtime,dotnet.jit.compiled_methods ({method} / 1 sec),Rate,0
09/11/2026 06:01:21,System.Runtime,dotnet.monitor.lock_contentions ({contention} / 1 sec),Rate,0
09/11/2026 06:01:21,System.Runtime,dotnet.gc.collections ({collection} / 1 sec)[gc.heap.generation=gen2],Rate,0
09/11/2026 06:01:21,System.Runtime,dotnet.gc.collections ({collection} / 1 sec)[gc.heap.generation=gen0],Rate,0
09/11/2026 06:01:21,System.Runtime,dotnet.gc.collections ({collection} / 1 sec)[gc.heap.generation=gen1],Rate,0
09/11/2026 06:01:21,System.Runtime,dotnet.process.cpu.time (s / 1 sec)[cpu.mode=system],Rate,0.03544899999999984
09/11/2026 06:01:21,System.Runtime,dotnet.process.cpu.time (s / 1 sec)[cpu.mode=user],Rate,0.5876990000000006
09/11/2026 06:01:21,System.Runtime,dotnet.process.cpu.count ({cpu}),Metric,15
09/11/2026 06:01:21,System.Runtime,dotnet.gc.pause.time (s / 1 sec),Rate,0
09/11/2026 06:01:21,System.Runtime,dotnet.thread_pool.queue.length ({work_item} / 1 sec),Rate,0
09/11/2026 06:01:21,System.Runtime,dotnet.gc.last_collection.memory.committed_size (By),Metric,0
09/11/2026 06:01:21,System.Runtime,dotnet.gc.last_collection.heap.fragmentation.size (By)[gc.heap.generation=gen2],Metric,0
09/11/2026 06:01:21,System.Runtime,dotnet.gc.last_collection.heap.fragmentation.size (By)[gc.heap.generation=gen0],Metric,0
09/11/2026 06:01:21,System.Runtime,dotnet.gc.last_collection.heap.fragmentation.size (By)[gc.heap.generation=gen1],Metric,0
09/11/2026 06:01:21,System.Runtime,dotnet.gc.last_collection.heap.fragmentation.size (By)[gc.heap.generation=poh],Metric,0
09/11/2026 06:01:21,System.Runtime,dotnet.gc.last_collection.heap.fragmentation.size (By)[gc.heap.generation=loh],Metric,0
09/11/2026 06:01:21,System.Runtime,dotnet.timer.count ({timer}),Metric,2
09/11/2026 06:01:21,System.Runtime,dotnet.assembly.count ({assembly}),Metric,61
09/11/2026 06:01:21,System.Runtime,dotnet.gc.heap.total_allocated (By / 1 sec),Rate,139400
09/11/2026 06:01:21,System.Runtime,dotnet.gc.last_collection.heap.size (By)[gc.heap.generation=gen2],Metric,0
09/11/2026 06:01:21,System.Runtime,dotnet.gc.last_collection.heap.size (By)[gc.heap.generation=gen0],Metric,0
09/11/2026 06:01:21,System.Runtime,dotnet.gc.last_collection.heap.size (By)[gc.heap.generation=gen1],Metric,0
09/11/2026 06:01:21,System.Runtime,dotnet.gc.last_collection.heap.size (By)[gc.heap.generation=poh],Metric,0
09/11/2026 06:01:21,System.Runtime,dotnet.gc.last_collection.heap.size (By)[gc.heap.generation=loh],Metric,0
09/11/2026 06:01:21,System.Runtime,dotnet.thread_pool.work_item.count ({work_item} / 1 sec),Rate,601
09/11/2026 06:01:21,System.Runtime,dotnet.process.memory.working_set (By),Metric,109838336
09/11/2026 06:01:21,System.Runtime,dotnet.thread_pool.thread.count ({thread} / 1 sec),Rate,0
09/11/2026 06:01:21,System.Runtime,dotnet.jit.compilation.time (s / 1 sec),Rate,0
09/11/2026 06:01:22,System.Runtime,dotnet.jit.compiled_il.size (By / 1 sec),Rate,0
09/11/2026 06:01:22,System.Runtime,dotnet.jit.compiled_methods ({method} / 1 sec),Rate,0
09/11/2026 06:01:22,System.Runtime,dotnet.monitor.lock_contentions ({contention} / 1 sec),Rate,0
09/11/2026 06:01:22,System.Runtime,dotnet.gc.collections ({collection} / 1 sec)[gc.heap.generation=gen2],Rate,0
09/11/2026 06:01:22,System.Runtime,dotnet.gc.collections ({collection} / 1 sec)[gc.heap.generation=gen0],Rate,0
09/11/2026 06:01:22,System.Runtime,dotnet.gc.collections ({collection} / 1 sec)[gc.heap.generation=gen1],Rate,0
09/11/2026 06:01:22,System.Runtime,dotnet.process.cpu.time (s / 1 sec)[cpu.mode=system],Rate,0.037690000000000445
09/11/2026 06:01:22,System.Runtime,dotnet.process.cpu.time (s / 1 sec)[cpu.mode=user],Rate,0.5881550000000004
09/11/2026 06:01:22,System.Runtime,dotnet.process.cpu.count ({cpu}),Metric,15
09/11/2026 06:01:22,System.Runtime,dotnet.gc.pause.time (s / 1 sec),Rate,0
09/11/2026 06:01:22,System.Runtime,dotnet.thread_pool.queue.length ({work_item} / 1 sec),Rate,0
09/11/2026 06:01:22,System.Runtime,dotnet.gc.last_collection.memory.committed_size (By),Metric,0
09/11/2026 06:01:22,System.Runtime,dotnet.gc.last_collection.heap.fragmentation.size (By)[gc.heap.generation=gen2],Metric,0
09/11/2026 06:01:22,System.Runtime,dotnet.gc.last_collection.heap.fragmentation.size (By)[gc.heap.generation=gen0],Metric,0
09/11/2026 06:01:22,System.Runtime,dotnet.gc.last_collection.heap.fragmentation.size (By)[gc.heap.generation=gen1],Metric,0
09/11/2026 06:01:22,System.Runtime,dotnet.gc.last_collection.heap.fragmentation.size (By)[gc.heap.generation=poh],Metric,0
09/11/2026 06:01:22,System.Runtime,dotnet.gc.last_collection.heap.fragmentation.size (By)[gc.heap.generation=loh],Metric,0
09/11/2026 06:01:22,System.Runtime,dotnet.timer.count ({timer}),Metric,2
09/11/2026 06:01:22,System.Runtime,dotnet.assembly.count ({assembly}),Metric,61
09/11/2026 06:01:22,System.Runtime,dotnet.gc.heap.total_allocated (By / 1 sec),Rate,121976
09/11/2026 06:01:22,System.Runtime,dotnet.gc.last_collection.heap.size (By)[gc.heap.generation=gen2],Metric,0
09/11/2026 06:01:22,System.Runtime,dotnet.gc.last_collection.heap.size (By)[gc.heap.generation=gen0],Metric,0
09/11/2026 06:01:22,System.Runtime,dotnet.gc.last_collection.heap.size (By)[gc.heap.generation=gen1],Metric,0
09/11/2026 06:01:22,System.Runtime,dotnet.gc.last_collection.heap.size (By)[gc.heap.generation=poh],Metric,0
09/11/2026 06:01:22,System.Runtime,dotnet.gc.last_collection.heap.size (By)[gc.heap.generation=loh],Metric,0
09/11/2026 06:01:22,System.Runtime,dotnet.thread_pool.work_item.count ({work_item} / 1 sec),Rate,601
09/11/2026 06:01:22,System.Runtime,dotnet.process.memory.working_set (By),Metric,109969408
09/11/2026 06:01:22,System.Runtime,dotnet.thread_pool.thread.count ({thread} / 1 sec),Rate,0
09/11/2026 06:01:22,System.Runtime,dotnet.jit.compilation.time (s / 1 sec),Rate,0
09/11/2026 06:01:23,System.Runtime,dotnet.jit.compiled_il.size (By / 1 sec),Rate,0
09/11/2026 06:01:23,System.Runtime,dotnet.jit.compiled_methods ({method} / 1 sec),Rate,0
09/11/2026 06:01:23,System.Runtime,dotnet.monitor.lock_contentions ({contention} / 1 sec),Rate,0
09/11/2026 06:01:23,System.Runtime,dotnet.gc.collections ({collection} / 1 sec)[gc.heap.generation=gen2],Rate,0
09/11/2026 06:01:23,System.Runtime,dotnet.gc.collections ({collection} / 1 sec)[gc.heap.generation=gen0],Rate,0
09/11/2026 06:01:23,System.Runtime,dotnet.gc.collections ({collection} / 1 sec)[gc.heap.generation=gen1],Rate,0
09/11/2026 06:01:23,System.Runtime,dotnet.process.cpu.time (s / 1 sec)[cpu.mode=system],Rate,0.035645999999999844
09/11/2026 06:01:23,System.Runtime,dotnet.process.cpu.time (s / 1 sec)[cpu.mode=user],Rate,0.5869809999999944
09/11/2026 06:01:23,System.Runtime,dotnet.process.cpu.count ({cpu}),Metric,15
09/11/2026 06:01:23,System.Runtime,dotnet.gc.pause.time (s / 1 sec),Rate,0
09/11/2026 06:01:23,System.Runtime,dotnet.thread_pool.queue.length ({work_item} / 1 sec),Rate,0
09/11/2026 06:01:23,System.Runtime,dotnet.gc.last_collection.memory.committed_size (By),Metric,0
09/11/2026 06:01:23,System.Runtime,dotnet.gc.last_collection.heap.fragmentation.size (By)[gc.heap.generation=gen2],Metric,0
09/11/2026 06:01:23,System.Runtime,dotnet.gc.last_collection.heap.fragmentation.size (By)[gc.heap.generation=gen0],Metric,0
09/11/2026 06:01:23,System.Runtime,dotnet.gc.last_collection.heap.fragmentation.size (By)[gc.heap.generation=gen1],Metric,0
09/11/2026 06:01:23,System.Runtime,dotnet.gc.last_collection.heap.fragmentation.size (By)[gc.heap.generation=poh],Metric,0
09/11/2026 06:01:23,System.Runtime,dotnet.gc.last_collection.heap.fragmentation.size (By)[gc.heap.generation=loh],Metric,0
09/11/2026 06:01:23,System.Runtime,dotnet.timer.count ({timer}),Metric,2
09/11/2026 06:01:23,System.Runtime,dotnet.assembly.count ({assembly}),Metric,61
09/11/2026 06:01:23,System.Runtime,dotnet.gc.heap.total_allocated (By / 1 sec),Rate,154792
09/11/2026 06:01:23,System.Runtime,dotnet.gc.last_collection.heap.size (By)[gc.heap.generation=gen2],Metric,0
09/11/2026 06:01:23,System.Runtime,dotnet.gc.last_collection.heap.size (By)[gc.heap.generation=gen0],Metric,0
09/11/2026 06:01:23,System.Runtime,dotnet.gc.last_collection.heap.size (By)[gc.heap.generation=gen1],Metric,0
09/11/2026 06:01:23,System.Runtime,dotnet.gc.last_collection.heap.size (By)[gc.heap.generation=poh],Metric,0
09/11/2026 06:01:23,System.Runtime,dotnet.gc.last_collection.heap.size (By)[gc.heap.generation=loh],Metric,0
09/11/2026 06:01:23,System.Runtime,dotnet.thread_pool.work_item.count ({work_item} / 1 sec),Rate,602
09/11/2026 06:01:23,System.Runtime,dotnet.process.memory.working_set (By),Metric,110149632
09/11/2026 06:01:23,System.Runtime,dotnet.thread_pool.thread.count ({thread} / 1 sec),Rate,0
09/11/2026 06:01:23,System.Runtime,dotnet.jit.compilation.time (s / 1 sec),Rate,0
09/11/2026 06:01:24,System.Runtime,dotnet.jit.compiled_il.size (By / 1 sec),Rate,0
09/11/2026 06:01:24,System.Runtime,dotnet.jit.compiled_methods ({method} / 1 sec),Rate,0
09/11/2026 06:01:24,System.Runtime,dotnet.monitor.lock_contentions ({contention} / 1 sec),Rate,0
09/11/2026 06:01:24,System.Runtime,dotnet.gc.collections ({collection} / 1 sec)[gc.heap.generation=gen2],Rate,0
09/11/2026 06:01:24,System.Runtime,dotnet.gc.collections ({collection} / 1 sec)[gc.heap.generation=gen0],Rate,0
09/11/2026 06:01:24,System.Runtime,dotnet.gc.collections ({collection} / 1 sec)[gc.heap.generation=gen1],Rate,0
09/11/2026 06:01:24,System.Runtime,dotnet.process.cpu.time (s / 1 sec)[cpu.mode=system],Rate,0.037951999999999764
09/11/2026 06:01:24,System.Runtime,dotnet.process.cpu.time (s / 1 sec)[cpu.mode=user],Rate,0.5874689999999987
09/11/2026 06:01:24,System.Runtime,dotnet.process.cpu.count ({cpu}),Metric,15
09/11/2026 06:01:24,System.Runtime,dotnet.gc.pause.time (s / 1 sec),Rate,0
09/11/2026 06:01:24,System.Runtime,dotnet.thread_pool.queue.length ({work_item} / 1 sec),Rate,0
09/11/2026 06:01:24,System.Runtime,dotnet.gc.last_collection.memory.committed_size (By),Metric,0
09/11/2026 06:01:24,System.Runtime,dotnet.gc.last_collection.heap.fragmentation.size (By)[gc.heap.generation=gen2],Metric,0
09/11/2026 06:01:24,System.Runtime,dotnet.gc.last_collection.heap.fragmentation.size (By)[gc.heap.generation=gen0],Metric,0
09/11/2026 06:01:24,System.Runtime,dotnet.gc.last_collection.heap.fragmentation.size (By)[gc.heap.generation=gen1],Metric,0
09/11/2026 06:01:24,System.Runtime,dotnet.gc.last_collection.heap.fragmentation.size (By)[gc.heap.generation=poh],Metric,0
09/11/2026 06:01:24,System.Runtime,dotnet.gc.last_collection.heap.fragmentation.size (By)[gc.heap.generation=loh],Metric,0
09/11/2026 06:01:24,System.Runtime,dotnet.timer.count ({timer}),Metric,3
09/11/2026 06:01:24,System.Runtime,dotnet.assembly.count ({assembly}),Metric,61
09/11/2026 06:01:24,System.Runtime,dotnet.gc.heap.total_allocated (By / 1 sec),Rate,123000
09/11/2026 06:01:24,System.Runtime,dotnet.gc.last_collection.heap.size (By)[gc.heap.generation=gen2],Metric,0
09/11/2026 06:01:24,System.Runtime,dotnet.gc.last_collection.heap.size (By)[gc.heap.generation=gen0],Metric,0
09/11/2026 06:01:24,System.Runtime,dotnet.gc.last_collection.heap.size (By)[gc.heap.generation=gen1],Metric,0
09/11/2026 06:01:24,System.Runtime,dotnet.gc.last_collection.heap.size (By)[gc.heap.generation=poh],Metric,0
09/11/2026 06:01:24,System.Runtime,dotnet.gc.last_collection.heap.size (By)[gc.heap.generation=loh],Metric,0
09/11/2026 06:01:24,System.Runtime,dotnet.thread_pool.work_item.count ({work_item} / 1 sec),Rate,601
09/11/2026 06:01:24,System.Runtime,dotnet.process.memory.working_set (By),Metric,110280704
09/11/2026 06:01:24,System.Runtime,dotnet.thread_pool.thread.count ({thread} / 1 sec),Rate,0
09/11/2026 06:01:24,System.Runtime,dotnet.jit.compilation.time (s / 1 sec),Rate,0
09/11/2026 06:01:25,System.Runtime,dotnet.jit.compiled_il.size (By / 1 sec),Rate,0
09/11/2026 06:01:25,System.Runtime,dotnet.jit.compiled_methods ({method} / 1 sec),Rate,0
09/11/2026 06:01:25,System.Runtime,dotnet.monitor.lock_contentions ({contention} / 1 sec),Rate,0
09/11/2026 06:01:25,System.Runtime,dotnet.gc.collections ({collection} / 1 sec)[gc.heap.generation=gen2],Rate,0
09/11/2026 06:01:25,System.Runtime,dotnet.gc.collections ({collection} / 1 sec)[gc.heap.generation=gen0],Rate,0
09/11/2026 06:01:25,System.Runtime,dotnet.gc.collections ({collection} / 1 sec)[gc.heap.generation=gen1],Rate,0
09/11/2026 06:01:25,System.Runtime,dotnet.process.cpu.time (s / 1 sec)[cpu.mode=system],Rate,0.037209999999999965
09/11/2026 06:01:25,System.Runtime,dotnet.process.cpu.time (s / 1 sec)[cpu.mode=user],Rate,0.5886090000000053
09/11/2026 06:01:25,System.Runtime,dotnet.process.cpu.count ({cpu}),Metric,15
09/11/2026 06:01:25,System.Runtime,dotnet.gc.pause.time (s / 1 sec),Rate,0
09/11/2026 06:01:25,System.Runtime,dotnet.thread_pool.queue.length ({work_item} / 1 sec),Rate,0
09/11/2026 06:01:25,System.Runtime,dotnet.gc.last_collection.memory.committed_size (By),Metric,0
09/11/2026 06:01:25,System.Runtime,dotnet.gc.last_collection.heap.fragmentation.size (By)[gc.heap.generation=gen2],Metric,0
09/11/2026 06:01:25,System.Runtime,dotnet.gc.last_collection.heap.fragmentation.size (By)[gc.heap.generation=gen0],Metric,0
09/11/2026 06:01:25,System.Runtime,dotnet.gc.last_collection.heap.fragmentation.size (By)[gc.heap.generation=gen1],Metric,0
09/11/2026 06:01:25,System.Runtime,dotnet.gc.last_collection.heap.fragmentation.size (By)[gc.heap.generation=poh],Metric,0
09/11/2026 06:01:25,System.Runtime,dotnet.gc.last_collection.heap.fragmentation.size (By)[gc.heap.generation=loh],Metric,0
09/11/2026 06:01:25,System.Runtime,dotnet.timer.count ({timer}),Metric,2
09/11/2026 06:01:25,System.Runtime,dotnet.assembly.count ({assembly}),Metric,61
09/11/2026 06:01:25,System.Runtime,dotnet.gc.heap.total_allocated (By / 1 sec),Rate,138344
09/11/2026 06:01:25,System.Runtime,dotnet.gc.last_collection.heap.size (By)[gc.heap.generation=gen2],Metric,0
09/11/2026 06:01:25,System.Runtime,dotnet.gc.last_collection.heap.size (By)[gc.heap.generation=gen0],Metric,0
09/11/2026 06:01:25,System.Runtime,dotnet.gc.last_collection.heap.size (By)[gc.heap.generation=gen1],Metric,0
09/11/2026 06:01:25,System.Runtime,dotnet.gc.last_collection.heap.size (By)[gc.heap.generation=poh],Metric,0
09/11/2026 06:01:25,System.Runtime,dotnet.gc.last_collection.heap.size (By)[gc.heap.generation=loh],Metric,0
09/11/2026 06:01:25,System.Runtime,dotnet.thread_pool.work_item.count ({work_item} / 1 sec),Rate,601
09/11/2026 06:01:25,System.Runtime,dotnet.process.memory.working_set (By),Metric,110460928
09/11/2026 06:01:25,System.Runtime,dotnet.thread_pool.thread.count ({thread} / 1 sec),Rate,0
09/11/2026 06:01:25,System.Runtime,dotnet.jit.compilation.time (s / 1 sec),Rate,0
09/11/2026 06:01:26,System.Runtime,dotnet.jit.compiled_il.size (By / 1 sec),Rate,0
09/11/2026 06:01:26,System.Runtime,dotnet.jit.compiled_methods ({method} / 1 sec),Rate,0
09/11/2026 06:01:26,System.Runtime,dotnet.monitor.lock_contentions ({contention} / 1 sec),Rate,0
09/11/2026 06:01:26,System.Runtime,dotnet.gc.collections ({collection} / 1 sec)[gc.heap.generation=gen2],Rate,0
09/11/2026 06:01:26,System.Runtime,dotnet.gc.collections ({collection} / 1 sec)[gc.heap.generation=gen0],Rate,0
09/11/2026 06:01:26,System.Runtime,dotnet.gc.collections ({collection} / 1 sec)[gc.heap.generation=gen1],Rate,0
09/11/2026 06:01:26,System.Runtime,dotnet.process.cpu.time (s / 1 sec)[cpu.mode=system],Rate,0.03579700000000052
09/11/2026 06:01:26,System.Runtime,dotnet.process.cpu.time (s / 1 sec)[cpu.mode=user],Rate,0.5865239999999972
09/11/2026 06:01:26,System.Runtime,dotnet.process.cpu.count ({cpu}),Metric,15
09/11/2026 06:01:26,System.Runtime,dotnet.gc.pause.time (s / 1 sec),Rate,0
09/11/2026 06:01:26,System.Runtime,dotnet.thread_pool.queue.length ({work_item} / 1 sec),Rate,0
09/11/2026 06:01:26,System.Runtime,dotnet.gc.last_collection.memory.committed_size (By),Metric,0
09/11/2026 06:01:26,System.Runtime,dotnet.gc.last_collection.heap.fragmentation.size (By)[gc.heap.generation=gen2],Metric,0
09/11/2026 06:01:26,System.Runtime,dotnet.gc.last_collection.heap.fragmentation.size (By)[gc.heap.generation=gen0],Metric,0
09/11/2026 06:01:26,System.Runtime,dotnet.gc.last_collection.heap.fragmentation.size (By)[gc.heap.generation=gen1],Metric,0
09/11/2026 06:01:26,System.Runtime,dotnet.gc.last_collection.heap.fragmentation.size (By)[gc.heap.generation=poh],Metric,0
09/11/2026 06:01:26,System.Runtime,dotnet.gc.last_collection.heap.fragmentation.size (By)[gc.heap.generation=loh],Metric,0
09/11/2026 06:01:26,System.Runtime,dotnet.timer.count ({timer}),Metric,2
09/11/2026 06:01:26,System.Runtime,dotnet.assembly.count ({assembly}),Metric,61
09/11/2026 06:01:26,System.Runtime,dotnet.gc.heap.total_allocated (By / 1 sec),Rate,139400
09/11/2026 06:01:26,System.Runtime,dotnet.gc.last_collection.heap.size (By)[gc.heap.generation=gen2],Metric,0
09/11/2026 06:01:26,System.Runtime,dotnet.gc.last_collection.heap.size (By)[gc.heap.generation=gen0],Metric,0
09/11/2026 06:01:26,System.Runtime,dotnet.gc.last_collection.heap.size (By)[gc.heap.generation=gen1],Metric,0
09/11/2026 06:01:26,System.Runtime,dotnet.gc.last_collection.heap.size (By)[gc.heap.generation=poh],Metric,0
09/11/2026 06:01:26,System.Runtime,dotnet.gc.last_collection.heap.size (By)[gc.heap.generation=loh],Metric,0
09/11/2026 06:01:26,System.Runtime,dotnet.thread_pool.work_item.count ({work_item} / 1 sec),Rate,601
09/11/2026 06:01:26,System.Runtime,dotnet.process.memory.working_set (By),Metric,110608384
09/11/2026 06:01:26,System.Runtime,dotnet.thread_pool.thread.count ({thread} / 1 sec),Rate,0
09/11/2026 06:01:26,System.Runtime,dotnet.jit.compilation.time (s / 1 sec),Rate,0
09/11/2026 06:01:27,System.Runtime,dotnet.jit.compiled_il.size (By / 1 sec),Rate,0
09/11/2026 06:01:27,System.Runtime,dotnet.jit.compiled_methods ({method} / 1 sec),Rate,0
09/11/2026 06:01:27,System.Runtime,dotnet.monitor.lock_contentions ({contention} / 1 sec),Rate,0
09/11/2026 06:01:27,System.Runtime,dotnet.gc.collections ({collection} / 1 sec)[gc.heap.generation=gen2],Rate,0
09/11/2026 06:01:27,System.Runtime,dotnet.gc.collections ({collection} / 1 sec)[gc.heap.generation=gen0],Rate,0
09/11/2026 06:01:27,System.Runtime,dotnet.gc.collections ({collection} / 1 sec)[gc.heap.generation=gen1],Rate,0
09/11/2026 06:01:27,System.Runtime,dotnet.process.cpu.time (s / 1 sec)[cpu.mode=system],Rate,0.037200000000000344
09/11/2026 06:01:27,System.Runtime,dotnet.process.cpu.time (s / 1 sec)[cpu.mode=user],Rate,0.5875240000000019
09/11/2026 06:01:27,System.Runtime,dotnet.process.cpu.count ({cpu}),Metric,15
09/11/2026 06:01:27,System.Runtime,dotnet.gc.pause.time (s / 1 sec),Rate,0
09/11/2026 06:01:27,System.Runtime,dotnet.thread_pool.queue.length ({work_item} / 1 sec),Rate,0
09/11/2026 06:01:27,System.Runtime,dotnet.gc.last_collection.memory.committed_size (By),Metric,0
09/11/2026 06:01:27,System.Runtime,dotnet.gc.last_collection.heap.fragmentation.size (By)[gc.heap.generation=gen2],Metric,0
09/11/2026 06:01:27,System.Runtime,dotnet.gc.last_collection.heap.fragmentation.size (By)[gc.heap.generation=gen0],Metric,0
09/11/2026 06:01:27,System.Runtime,dotnet.gc.last_collection.heap.fragmentation.size (By)[gc.heap.generation=gen1],Metric,0
09/11/2026 06:01:27,System.Runtime,dotnet.gc.last_collection.heap.fragmentation.size (By)[gc.heap.generation=poh],Metric,0
09/11/2026 06:01:27,System.Runtime,dotnet.gc.last_collection.heap.fragmentation.size (By)[gc.heap.generation=loh],Metric,0
09/11/2026 06:01:27,System.Runtime,dotnet.timer.count ({timer}),Metric,2
09/11/2026 06:01:27,System.Runtime,dotnet.assembly.count ({assembly}),Metric,61
09/11/2026 06:01:27,System.Runtime,dotnet.gc.heap.total_allocated (By / 1 sec),Rate,139400
09/11/2026 06:01:27,System.Runtime,dotnet.gc.last_collection.heap.size (By)[gc.heap.generation=gen2],Metric,0
09/11/2026 06:01:27,System.Runtime,dotnet.gc.last_collection.heap.size (By)[gc.heap.generation=gen0],Metric,0
09/11/2026 06:01:27,System.Runtime,dotnet.gc.last_collection.heap.size (By)[gc.heap.generation=gen1],Metric,0
09/11/2026 06:01:27,System.Runtime,dotnet.gc.last_collection.heap.size (By)[gc.heap.generation=poh],Metric,0
09/11/2026 06:01:27,System.Runtime,dotnet.gc.last_collection.heap.size (By)[gc.heap.generation=loh],Metric,0
09/11/2026 06:01:27,System.Runtime,dotnet.thread_pool.work_item.count ({work_item} / 1 sec),Rate,601
09/11/2026 06:01:27,System.Runtime,dotnet.process.memory.working_set (By),Metric,110772224
09/11/2026 06:01:27,System.Runtime,dotnet.thread_pool.thread.count ({thread} / 1 sec),Rate,0
09/11/2026 06:01:27,System.Runtime,dotnet.jit.compilation.time (s / 1 sec),Rate,0
09/11/2026 06:01:28,System.Runtime,dotnet.jit.compiled_il.size (By / 1 sec),Rate,0
09/11/2026 06:01:28,System.Runtime,dotnet.jit.compiled_methods ({method} / 1 sec),Rate,0
09/11/2026 06:01:28,System.Runtime,dotnet.monitor.lock_contentions ({contention} / 1 sec),Rate,0
09/11/2026 06:01:28,System.Runtime,dotnet.gc.collections ({collection} / 1 sec)[gc.heap.generation=gen2],Rate,0
09/11/2026 06:01:28,System.Runtime,dotnet.gc.collections ({collection} / 1 sec)[gc.heap.generation=gen0],Rate,0
09/11/2026 06:01:28,System.Runtime,dotnet.gc.collections ({collection} / 1 sec)[gc.heap.generation=gen1],Rate,0
09/11/2026 06:01:28,System.Runtime,dotnet.process.cpu.time (s / 1 sec)[cpu.mode=system],Rate,0.03489499999999879
09/11/2026 06:01:28,System.Runtime,dotnet.process.cpu.time (s / 1 sec)[cpu.mode=user],Rate,0.5869169999999997
09/11/2026 06:01:28,System.Runtime,dotnet.process.cpu.count ({cpu}),Metric,15
09/11/2026 06:01:28,System.Runtime,dotnet.gc.pause.time (s / 1 sec),Rate,0
09/11/2026 06:01:28,System.Runtime,dotnet.thread_pool.queue.length ({work_item} / 1 sec),Rate,0
09/11/2026 06:01:28,System.Runtime,dotnet.gc.last_collection.memory.committed_size (By),Metric,0
09/11/2026 06:01:28,System.Runtime,dotnet.gc.last_collection.heap.fragmentation.size (By)[gc.heap.generation=gen2],Metric,0
09/11/2026 06:01:28,System.Runtime,dotnet.gc.last_collection.heap.fragmentation.size (By)[gc.heap.generation=gen0],Metric,0
09/11/2026 06:01:28,System.Runtime,dotnet.gc.last_collection.heap.fragmentation.size (By)[gc.heap.generation=gen1],Metric,0
09/11/2026 06:01:28,System.Runtime,dotnet.gc.last_collection.heap.fragmentation.size (By)[gc.heap.generation=poh],Metric,0
09/11/2026 06:01:28,System.Runtime,dotnet.gc.last_collection.heap.fragmentation.size (By)[gc.heap.generation=loh],Metric,0
09/11/2026 06:01:28,System.Runtime,dotnet.timer.count ({timer}),Metric,2
09/11/2026 06:01:28,System.Runtime,dotnet.assembly.count ({assembly}),Metric,61
09/11/2026 06:01:28,System.Runtime,dotnet.gc.heap.total_allocated (By / 1 sec),Rate,130192
09/11/2026 06:01:28,System.Runtime,dotnet.gc.last_collection.heap.size (By)[gc.heap.generation=gen2],Metric,0
09/11/2026 06:01:28,System.Runtime,dotnet.gc.last_collection.heap.size (By)[gc.heap.generation=gen0],Metric,0
09/11/2026 06:01:28,System.Runtime,dotnet.gc.last_collection.heap.size (By)[gc.heap.generation=gen1],Metric,0
09/11/2026 06:01:28,System.Runtime,dotnet.gc.last_collection.heap.size (By)[gc.heap.generation=poh],Metric,0
09/11/2026 06:01:28,System.Runtime,dotnet.gc.last_collection.heap.size (By)[gc.heap.generation=loh],Metric,0
09/11/2026 06:01:28,System.Runtime,dotnet.thread_pool.work_item.count ({work_item} / 1 sec),Rate,602
09/11/2026 06:01:28,System.Runtime,dotnet.process.memory.working_set (By),Metric,110919680
09/11/2026 06:01:28,System.Runtime,dotnet.thread_pool.thread.count ({thread} / 1 sec),Rate,0
09/11/2026 06:01:28,System.Runtime,dotnet.jit.compilation.time (s / 1 sec),Rate,0
09/11/2026 06:01:29,System.Runtime,dotnet.jit.compiled_il.size (By / 1 sec),Rate,0
09/11/2026 06:01:29,System.Runtime,dotnet.jit.compiled_methods ({method} / 1 sec),Rate,0
09/11/2026 06:01:29,System.Runtime,dotnet.monitor.lock_contentions ({contention} / 1 sec),Rate,0
09/11/2026 06:01:29,System.Runtime,dotnet.gc.collections ({collection} / 1 sec)[gc.heap.generation=gen2],Rate,0
09/11/2026 06:01:29,System.Runtime,dotnet.gc.collections ({collection} / 1 sec)[gc.heap.generation=gen0],Rate,0
09/11/2026 06:01:29,System.Runtime,dotnet.gc.collections ({collection} / 1 sec)[gc.heap.generation=gen1],Rate,0
09/11/2026 06:01:29,System.Runtime,dotnet.process.cpu.time (s / 1 sec)[cpu.mode=system],Rate,0.03746100000000041
09/11/2026 06:01:29,System.Runtime,dotnet.process.cpu.time (s / 1 sec)[cpu.mode=user],Rate,0.5817619999999977
09/11/2026 06:01:29,System.Runtime,dotnet.process.cpu.count ({cpu}),Metric,15
09/11/2026 06:01:29,System.Runtime,dotnet.gc.pause.time (s / 1 sec),Rate,0
09/11/2026 06:01:29,System.Runtime,dotnet.thread_pool.queue.length ({work_item} / 1 sec),Rate,0
09/11/2026 06:01:29,System.Runtime,dotnet.gc.last_collection.memory.committed_size (By),Metric,0
09/11/2026 06:01:29,System.Runtime,dotnet.gc.last_collection.heap.fragmentation.size (By)[gc.heap.generation=gen2],Metric,0
09/11/2026 06:01:29,System.Runtime,dotnet.gc.last_collection.heap.fragmentation.size (By)[gc.heap.generation=gen0],Metric,0
09/11/2026 06:01:29,System.Runtime,dotnet.gc.last_collection.heap.fragmentation.size (By)[gc.heap.generation=gen1],Metric,0
09/11/2026 06:01:29,System.Runtime,dotnet.gc.last_collection.heap.fragmentation.size (By)[gc.heap.generation=poh],Metric,0
09/11/2026 06:01:29,System.Runtime,dotnet.gc.last_collection.heap.fragmentation.size (By)[gc.heap.generation=loh],Metric,0
09/11/2026 06:01:29,System.Runtime,dotnet.timer.count ({timer}),Metric,2
09/11/2026 06:01:29,System.Runtime,dotnet.assembly.count ({assembly}),Metric,61
09/11/2026 06:01:29,System.Runtime,dotnet.gc.heap.total_allocated (By / 1 sec),Rate,147600
09/11/2026 06:01:29,System.Runtime,dotnet.gc.last_collection.heap.size (By)[gc.heap.generation=gen2],Metric,0
09/11/2026 06:01:29,System.Runtime,dotnet.gc.last_collection.heap.size (By)[gc.heap.generation=gen0],Metric,0
09/11/2026 06:01:29,System.Runtime,dotnet.gc.last_collection.heap.size (By)[gc.heap.generation=gen1],Metric,0
09/11/2026 06:01:29,System.Runtime,dotnet.gc.last_collection.heap.size (By)[gc.heap.generation=poh],Metric,0
09/11/2026 06:01:29,System.Runtime,dotnet.gc.last_collection.heap.size (By)[gc.heap.generation=loh],Metric,0
09/11/2026 06:01:29,System.Runtime,dotnet.thread_pool.work_item.count ({work_item} / 1 sec),Rate,601
09/11/2026 06:01:29,System.Runtime,dotnet.process.memory.working_set (By),Metric,111083520
09/11/2026 06:01:29,System.Runtime,dotnet.thread_pool.thread.count ({thread} / 1 sec),Rate,0
09/11/2026 06:01:29,System.Runtime,dotnet.jit.compilation.time (s / 1 sec),Rate,0
09/11/2026 06:01:30,System.Runtime,dotnet.jit.compiled_il.size (By / 1 sec),Rate,0
09/11/2026 06:01:30,System.Runtime,dotnet.jit.compiled_methods ({method} / 1 sec),Rate,0
09/11/2026 06:01:30,System.Runtime,dotnet.monitor.lock_contentions ({contention} / 1 sec),Rate,0
09/11/2026 06:01:30,System.Runtime,dotnet.gc.collections ({collection} / 1 sec)[gc.heap.generation=gen2],Rate,0
09/11/2026 06:01:30,System.Runtime,dotnet.gc.collections ({collection} / 1 sec)[gc.heap.generation=gen0],Rate,0
09/11/2026 06:01:30,System.Runtime,dotnet.gc.collections ({collection} / 1 sec)[gc.heap.generation=gen1],Rate,0
09/11/2026 06:01:30,System.Runtime,dotnet.process.cpu.time (s / 1 sec)[cpu.mode=system],Rate,0.035669000000000395
09/11/2026 06:01:30,System.Runtime,dotnet.process.cpu.time (s / 1 sec)[cpu.mode=user],Rate,0.5870129999999989
09/11/2026 06:01:30,System.Runtime,dotnet.process.cpu.count ({cpu}),Metric,15
09/11/2026 06:01:30,System.Runtime,dotnet.gc.pause.time (s / 1 sec),Rate,0
09/11/2026 06:01:30,System.Runtime,dotnet.thread_pool.queue.length ({work_item} / 1 sec),Rate,0
09/11/2026 06:01:30,System.Runtime,dotnet.gc.last_collection.memory.committed_size (By),Metric,0
09/11/2026 06:01:30,System.Runtime,dotnet.gc.last_collection.heap.fragmentation.size (By)[gc.heap.generation=gen2],Metric,0
09/11/2026 06:01:30,System.Runtime,dotnet.gc.last_collection.heap.fragmentation.size (By)[gc.heap.generation=gen0],Metric,0
09/11/2026 06:01:30,System.Runtime,dotnet.gc.last_collection.heap.fragmentation.size (By)[gc.heap.generation=gen1],Metric,0
09/11/2026 06:01:30,System.Runtime,dotnet.gc.last_collection.heap.fragmentation.size (By)[gc.heap.generation=poh],Metric,0
09/11/2026 06:01:30,System.Runtime,dotnet.gc.last_collection.heap.fragmentation.size (By)[gc.heap.generation=loh],Metric,0
09/11/2026 06:01:30,System.Runtime,dotnet.timer.count ({timer}),Metric,2
09/11/2026 06:01:30,System.Runtime,dotnet.assembly.count ({assembly}),Metric,61
09/11/2026 06:01:30,System.Runtime,dotnet.gc.heap.total_allocated (By / 1 sec),Rate,123000
09/11/2026 06:01:30,System.Runtime,dotnet.gc.last_collection.heap.size (By)[gc.heap.generation=gen2],Metric,0
09/11/2026 06:01:30,System.Runtime,dotnet.gc.last_collection.heap.size (By)[gc.heap.generation=gen0],Metric,0
09/11/2026 06:01:30,System.Runtime,dotnet.gc.last_collection.heap.size (By)[gc.heap.generation=gen1],Metric,0
09/11/2026 06:01:30,System.Runtime,dotnet.gc.last_collection.heap.size (By)[gc.heap.generation=poh],Metric,0
09/11/2026 06:01:30,System.Runtime,dotnet.gc.last_collection.heap.size (By)[gc.heap.generation=loh],Metric,0
09/11/2026 06:01:30,System.Runtime,dotnet.thread_pool.work_item.count ({work_item} / 1 sec),Rate,601
09/11/2026 06:01:30,System.Runtime,dotnet.process.memory.working_set (By),Metric,111214592
09/11/2026 06:01:30,System.Runtime,dotnet.thread_pool.thread.count ({thread} / 1 sec),Rate,0
09/11/2026 06:01:30,System.Runtime,dotnet.jit.compilation.time (s / 1 sec),Rate,0
09/11/2026 06:01:31,System.Runtime,dotnet.jit.compiled_il.size (By / 1 sec),Rate,0
09/11/2026 06:01:31,System.Runtime,dotnet.jit.compiled_methods ({method} / 1 sec),Rate,0
09/11/2026 06:01:31,System.Runtime,dotnet.monitor.lock_contentions ({contention} / 1 sec),Rate,0
09/11/2026 06:01:31,System.Runtime,dotnet.gc.collections ({collection} / 1 sec)[gc.heap.generation=gen2],Rate,0
09/11/2026 06:01:31,System.Runtime,dotnet.gc.collections ({collection} / 1 sec)[gc.heap.generation=gen0],Rate,0
09/11/2026 06:01:31,System.Runtime,dotnet.gc.collections ({collection} / 1 sec)[gc.heap.generation=gen1],Rate,0
09/11/2026 06:01:31,System.Runtime,dotnet.process.cpu.time (s / 1 sec)[cpu.mode=system],Rate,0.03654000000000046
09/11/2026 06:01:31,System.Runtime,dotnet.process.cpu.time (s / 1 sec)[cpu.mode=user],Rate,0.5886550000000028
09/11/2026 06:01:31,System.Runtime,dotnet.process.cpu.count ({cpu}),Metric,15
09/11/2026 06:01:31,System.Runtime,dotnet.gc.pause.time (s / 1 sec),Rate,0
09/11/2026 06:01:31,System.Runtime,dotnet.thread_pool.queue.length ({work_item} / 1 sec),Rate,0
09/11/2026 06:01:31,System.Runtime,dotnet.gc.last_collection.memory.committed_size (By),Metric,0
09/11/2026 06:01:31,System.Runtime,dotnet.gc.last_collection.heap.fragmentation.size (By)[gc.heap.generation=gen2],Metric,0
09/11/2026 06:01:31,System.Runtime,dotnet.gc.last_collection.heap.fragmentation.size (By)[gc.heap.generation=gen0],Metric,0
09/11/2026 06:01:31,System.Runtime,dotnet.gc.last_collection.heap.fragmentation.size (By)[gc.heap.generation=gen1],Metric,0
09/11/2026 06:01:31,System.Runtime,dotnet.gc.last_collection.heap.fragmentation.size (By)[gc.heap.generation=poh],Metric,0
09/11/2026 06:01:31,System.Runtime,dotnet.gc.last_collection.heap.fragmentation.size (By)[gc.heap.generation=loh],Metric,0
09/11/2026 06:01:31,System.Runtime,dotnet.timer.count ({timer}),Metric,2
09/11/2026 06:01:31,System.Runtime,dotnet.assembly.count ({assembly}),Metric,61
09/11/2026 06:01:31,System.Runtime,dotnet.gc.heap.total_allocated (By / 1 sec),Rate,147600
09/11/2026 06:01:31,System.Runtime,dotnet.gc.last_collection.heap.size (By)[gc.heap.generation=gen2],Metric,0
09/11/2026 06:01:31,System.Runtime,dotnet.gc.last_collection.heap.size (By)[gc.heap.generation=gen0],Metric,0
09/11/2026 06:01:31,System.Runtime,dotnet.gc.last_collection.heap.size (By)[gc.heap.generation=gen1],Metric,0
09/11/2026 06:01:31,System.Runtime,dotnet.gc.last_collection.heap.size (By)[gc.heap.generation=poh],Metric,0
09/11/2026 06:01:31,System.Runtime,dotnet.gc.last_collection.heap.size (By)[gc.heap.generation=loh],Metric,0
09/11/2026 06:01:31,System.Runtime,dotnet.thread_pool.work_item.count ({work_item} / 1 sec),Rate,601
09/11/2026 06:01:31,System.Runtime,dotnet.process.memory.working_set (By),Metric,111394816
09/11/2026 06:01:31,System.Runtime,dotnet.thread_pool.thread.count ({thread} / 1 sec),Rate,0
09/11/2026 06:01:31,System.Runtime,dotnet.jit.compilation.time (s / 1 sec),Rate,0
09/11/2026 06:01:32,System.Runtime,dotnet.jit.compiled_il.size (By / 1 sec),Rate,0
09/11/2026 06:01:32,System.Runtime,dotnet.jit.compiled_methods ({method} / 1 sec),Rate,0
09/11/2026 06:01:32,System.Runtime,dotnet.monitor.lock_contentions ({contention} / 1 sec),Rate,0
09/11/2026 06:01:32,System.Runtime,dotnet.gc.collections ({collection} / 1 sec)[gc.heap.generation=gen2],Rate,0
09/11/2026 06:01:32,System.Runtime,dotnet.gc.collections ({collection} / 1 sec)[gc.heap.generation=gen0],Rate,0
09/11/2026 06:01:32,System.Runtime,dotnet.gc.collections ({collection} / 1 sec)[gc.heap.generation=gen1],Rate,0
09/11/2026 06:01:32,System.Runtime,dotnet.process.cpu.time (s / 1 sec)[cpu.mode=system],Rate,0.037474999999998815
09/11/2026 06:01:32,System.Runtime,dotnet.process.cpu.time (s / 1 sec)[cpu.mode=user],Rate,0.5899320000000046
09/11/2026 06:01:32,System.Runtime,dotnet.process.cpu.count ({cpu}),Metric,15
09/11/2026 06:01:32,System.Runtime,dotnet.gc.pause.time (s / 1 sec),Rate,0
09/11/2026 06:01:32,System.Runtime,dotnet.thread_pool.queue.length ({work_item} / 1 sec),Rate,0
09/11/2026 06:01:32,System.Runtime,dotnet.gc.last_collection.memory.committed_size (By),Metric,0
09/11/2026 06:01:32,System.Runtime,dotnet.gc.last_collection.heap.fragmentation.size (By)[gc.heap.generation=gen2],Metric,0
09/11/2026 06:01:32,System.Runtime,dotnet.gc.last_collection.heap.fragmentation.size (By)[gc.heap.generation=gen0],Metric,0
09/11/2026 06:01:32,System.Runtime,dotnet.gc.last_collection.heap.fragmentation.size (By)[gc.heap.generation=gen1],Metric,0
09/11/2026 06:01:32,System.Runtime,dotnet.gc.last_collection.heap.fragmentation.size (By)[gc.heap.generation=poh],Metric,0
09/11/2026 06:01:32,System.Runtime,dotnet.gc.last_collection.heap.fragmentation.size (By)[gc.heap.generation=loh],Metric,0
09/11/2026 06:01:32,System.Runtime,dotnet.timer.count ({timer}),Metric,2
09/11/2026 06:01:32,System.Runtime,dotnet.assembly.count ({assembly}),Metric,61
09/11/2026 06:01:32,System.Runtime,dotnet.gc.heap.total_allocated (By / 1 sec),Rate,121976
09/11/2026 06:01:32,System.Runtime,dotnet.gc.last_collection.heap.size (By)[gc.heap.generation=gen2],Metric,0
09/11/2026 06:01:32,System.Runtime,dotnet.gc.last_collection.heap.size (By)[gc.heap.generation=gen0],Metric,0
09/11/2026 06:01:32,System.Runtime,dotnet.gc.last_collection.heap.size (By)[gc.heap.generation=gen1],Metric,0
09/11/2026 06:01:32,System.Runtime,dotnet.gc.last_collection.heap.size (By)[gc.heap.generation=poh],Metric,0
09/11/2026 06:01:32,System.Runtime,dotnet.gc.last_collection.heap.size (By)[gc.heap.generation=loh],Metric,0
09/11/2026 06:01:32,System.Runtime,dotnet.thread_pool.work_item.count ({work_item} / 1 sec),Rate,601
09/11/2026 06:01:32,System.Runtime,dotnet.process.memory.working_set (By),Metric,111525888
09/11/2026 06:01:32,System.Runtime,dotnet.thread_pool.thread.count ({thread} / 1 sec),Rate,0
09/11/2026 06:01:32,System.Runtime,dotnet.jit.compilation.time (s / 1 sec),Rate,0
09/11/2026 06:01:33,System.Runtime,dotnet.jit.compiled_il.size (By / 1 sec),Rate,0
09/11/2026 06:01:33,System.Runtime,dotnet.jit.compiled_methods ({method} / 1 sec),Rate,0
09/11/2026 06:01:33,System.Runtime,dotnet.monitor.lock_contentions ({contention} / 1 sec),Rate,0
09/11/2026 06:01:33,System.Runtime,dotnet.gc.collections ({collection} / 1 sec)[gc.heap.generation=gen2],Rate,0
09/11/2026 06:01:33,System.Runtime,dotnet.gc.collections ({collection} / 1 sec)[gc.heap.generation=gen0],Rate,0
09/11/2026 06:01:33,System.Runtime,dotnet.gc.collections ({collection} / 1 sec)[gc.heap.generation=gen1],Rate,0
09/11/2026 06:01:33,System.Runtime,dotnet.process.cpu.time (s / 1 sec)[cpu.mode=system],Rate,0.03805800000000126
09/11/2026 06:01:33,System.Runtime,dotnet.process.cpu.time (s / 1 sec)[cpu.mode=user],Rate,0.591588999999999
09/11/2026 06:01:33,System.Runtime,dotnet.process.cpu.count ({cpu}),Metric,15
09/11/2026 06:01:33,System.Runtime,dotnet.gc.pause.time (s / 1 sec),Rate,0
09/11/2026 06:01:33,System.Runtime,dotnet.thread_pool.queue.length ({work_item} / 1 sec),Rate,0
09/11/2026 06:01:33,System.Runtime,dotnet.gc.last_collection.memory.committed_size (By),Metric,0
09/11/2026 06:01:33,System.Runtime,dotnet.gc.last_collection.heap.fragmentation.size (By)[gc.heap.generation=gen2],Metric,0
09/11/2026 06:01:33,System.Runtime,dotnet.gc.last_collection.heap.fragmentation.size (By)[gc.heap.generation=gen0],Metric,0
09/11/2026 06:01:33,System.Runtime,dotnet.gc.last_collection.heap.fragmentation.size (By)[gc.heap.generation=gen1],Metric,0
09/11/2026 06:01:33,System.Runtime,dotnet.gc.last_collection.heap.fragmentation.size (By)[gc.heap.generation=poh],Metric,0
09/11/2026 06:01:33,System.Runtime,dotnet.gc.last_collection.heap.fragmentation.size (By)[gc.heap.generation=loh],Metric,0
09/11/2026 06:01:33,System.Runtime,dotnet.timer.count ({timer}),Metric,2
09/11/2026 06:01:33,System.Runtime,dotnet.assembly.count ({assembly}),Metric,61
09/11/2026 06:01:33,System.Runtime,dotnet.gc.heap.total_allocated (By / 1 sec),Rate,155688
09/11/2026 06:01:33,System.Runtime,dotnet.gc.last_collection.heap.size (By)[gc.heap.generation=gen2],Metric,0
09/11/2026 06:01:33,System.Runtime,dotnet.gc.last_collection.heap.size (By)[gc.heap.generation=gen0],Metric,0
09/11/2026 06:01:33,System.Runtime,dotnet.gc.last_collection.heap.size (By)[gc.heap.generation=gen1],Metric,0
09/11/2026 06:01:33,System.Runtime,dotnet.gc.last_collection.heap.size (By)[gc.heap.generation=poh],Metric,0
09/11/2026 06:01:33,System.Runtime,dotnet.gc.last_collection.heap.size (By)[gc.heap.generation=loh],Metric,0
09/11/2026 06:01:33,System.Runtime,dotnet.thread_pool.work_item.count ({work_item} / 1 sec),Rate,602
09/11/2026 06:01:33,System.Runtime,dotnet.process.memory.working_set (By),Metric,111689728
09/11/2026 06:01:33,System.Runtime,dotnet.thread_pool.thread.count ({thread} / 1 sec),Rate,0
09/11/2026 06:01:33,System.Runtime,dotnet.jit.compilation.time (s / 1 sec),Rate,0
09/11/2026 06:01:34,System.Runtime,dotnet.jit.compiled_il.size (By / 1 sec),Rate,0
09/11/2026 06:01:34,System.Runtime,dotnet.jit.compiled_methods ({method} / 1 sec),Rate,0
09/11/2026 06:01:34,System.Runtime,dotnet.monitor.lock_contentions ({contention} / 1 sec),Rate,0
09/11/2026 06:01:34,System.Runtime,dotnet.gc.collections ({collection} / 1 sec)[gc.heap.generation=gen2],Rate,0
09/11/2026 06:01:34,System.Runtime,dotnet.gc.collections ({collection} / 1 sec)[gc.heap.generation=gen0],Rate,0
09/11/2026 06:01:34,System.Runtime,dotnet.gc.collections ({collection} / 1 sec)[gc.heap.generation=gen1],Rate,0
09/11/2026 06:01:34,System.Runtime,dotnet.process.cpu.time (s / 1 sec)[cpu.mode=system],Rate,0.038533999999998514
09/11/2026 06:01:34,System.Runtime,dotnet.process.cpu.time (s / 1 sec)[cpu.mode=user],Rate,0.5883439999999922
09/11/2026 06:01:34,System.Runtime,dotnet.process.cpu.count ({cpu}),Metric,15
09/11/2026 06:01:34,System.Runtime,dotnet.gc.pause.time (s / 1 sec),Rate,0
09/11/2026 06:01:34,System.Runtime,dotnet.thread_pool.queue.length ({work_item} / 1 sec),Rate,0
09/11/2026 06:01:34,System.Runtime,dotnet.gc.last_collection.memory.committed_size (By),Metric,0
09/11/2026 06:01:34,System.Runtime,dotnet.gc.last_collection.heap.fragmentation.size (By)[gc.heap.generation=gen2],Metric,0
09/11/2026 06:01:34,System.Runtime,dotnet.gc.last_collection.heap.fragmentation.size (By)[gc.heap.generation=gen0],Metric,0
09/11/2026 06:01:34,System.Runtime,dotnet.gc.last_collection.heap.fragmentation.size (By)[gc.heap.generation=gen1],Metric,0
09/11/2026 06:01:34,System.Runtime,dotnet.gc.last_collection.heap.fragmentation.size (By)[gc.heap.generation=poh],Metric,0
09/11/2026 06:01:34,System.Runtime,dotnet.gc.last_collection.heap.fragmentation.size (By)[gc.heap.generation=loh],Metric,0
09/11/2026 06:01:34,System.Runtime,dotnet.timer.count ({timer}),Metric,2
09/11/2026 06:01:34,System.Runtime,dotnet.assembly.count ({assembly}),Metric,61
09/11/2026 06:01:34,System.Runtime,dotnet.gc.heap.total_allocated (By / 1 sec),Rate,131072
09/11/2026 06:01:34,System.Runtime,dotnet.gc.last_collection.heap.size (By)[gc.heap.generation=gen2],Metric,0
09/11/2026 06:01:34,System.Runtime,dotnet.gc.last_collection.heap.size (By)[gc.heap.generation=gen0],Metric,0
09/11/2026 06:01:34,System.Runtime,dotnet.gc.last_collection.heap.size (By)[gc.heap.generation=gen1],Metric,0
09/11/2026 06:01:34,System.Runtime,dotnet.gc.last_collection.heap.size (By)[gc.heap.generation=poh],Metric,0
09/11/2026 06:01:34,System.Runtime,dotnet.gc.last_collection.heap.size (By)[gc.heap.generation=loh],Metric,0
09/11/2026 06:01:34,System.Runtime,dotnet.thread_pool.work_item.count ({work_item} / 1 sec),Rate,601
09/11/2026 06:01:34,System.Runtime,dotnet.process.memory.working_set (By),Metric,111853568
09/11/2026 06:01:34,System.Runtime,dotnet.thread_pool.thread.count ({thread} / 1 sec),Rate,0
09/11/2026 06:01:34,System.Runtime,dotnet.jit.compilation.time (s / 1 sec),Rate,0
09/11/2026 06:01:35,System.Runtime,dotnet.jit.compiled_il.size (By / 1 sec),Rate,0
09/11/2026 06:01:35,System.Runtime,dotnet.jit.compiled_methods ({method} / 1 sec),Rate,0
09/11/2026 06:01:35,System.Runtime,dotnet.monitor.lock_contentions ({contention} / 1 sec),Rate,0
09/11/2026 06:01:35,System.Runtime,dotnet.gc.collections ({collection} / 1 sec)[gc.heap.generation=gen2],Rate,0
09/11/2026 06:01:35,System.Runtime,dotnet.gc.collections ({collection} / 1 sec)[gc.heap.generation=gen0],Rate,0
09/11/2026 06:01:35,System.Runtime,dotnet.gc.collections ({collection} / 1 sec)[gc.heap.generation=gen1],Rate,0
09/11/2026 06:01:35,System.Runtime,dotnet.process.cpu.time (s / 1 sec)[cpu.mode=system],Rate,0.0373190000000001
09/11/2026 06:01:35,System.Runtime,dotnet.process.cpu.time (s / 1 sec)[cpu.mode=user],Rate,0.5892570000000035
09/11/2026 06:01:35,System.Runtime,dotnet.process.cpu.count ({cpu}),Metric,15
09/11/2026 06:01:35,System.Runtime,dotnet.gc.pause.time (s / 1 sec),Rate,0
09/11/2026 06:01:35,System.Runtime,dotnet.thread_pool.queue.length ({work_item} / 1 sec),Rate,0
09/11/2026 06:01:35,System.Runtime,dotnet.gc.last_collection.memory.committed_size (By),Metric,0
09/11/2026 06:01:35,System.Runtime,dotnet.gc.last_collection.heap.fragmentation.size (By)[gc.heap.generation=gen2],Metric,0
09/11/2026 06:01:35,System.Runtime,dotnet.gc.last_collection.heap.fragmentation.size (By)[gc.heap.generation=gen0],Metric,0
09/11/2026 06:01:35,System.Runtime,dotnet.gc.last_collection.heap.fragmentation.size (By)[gc.heap.generation=gen1],Metric,0
09/11/2026 06:01:35,System.Runtime,dotnet.gc.last_collection.heap.fragmentation.size (By)[gc.heap.generation=poh],Metric,0
09/11/2026 06:01:35,System.Runtime,dotnet.gc.last_collection.heap.fragmentation.size (By)[gc.heap.generation=loh],Metric,0
09/11/2026 06:01:35,System.Runtime,dotnet.timer.count ({timer}),Metric,2
09/11/2026 06:01:35,System.Runtime,dotnet.assembly.count ({assembly}),Metric,61
09/11/2026 06:01:35,System.Runtime,dotnet.gc.heap.total_allocated (By / 1 sec),Rate,130176
09/11/2026 06:01:35,System.Runtime,dotnet.gc.last_collection.heap.size (By)[gc.heap.generation=gen2],Metric,0
09/11/2026 06:01:35,System.Runtime,dotnet.gc.last_collection.heap.size (By)[gc.heap.generation=gen0],Metric,0
09/11/2026 06:01:35,System.Runtime,dotnet.gc.last_collection.heap.size (By)[gc.heap.generation=gen1],Metric,0
09/11/2026 06:01:35,System.Runtime,dotnet.gc.last_collection.heap.size (By)[gc.heap.generation=poh],Metric,0
09/11/2026 06:01:35,System.Runtime,dotnet.gc.last_collection.heap.size (By)[gc.heap.generation=loh],Metric,0
09/11/2026 06:01:35,System.Runtime,dotnet.thread_pool.work_item.count ({work_item} / 1 sec),Rate,601
09/11/2026 06:01:35,System.Runtime,dotnet.process.memory.working_set (By),Metric,111984640
09/11/2026 06:01:35,System.Runtime,dotnet.thread_pool.thread.count ({thread} / 1 sec),Rate,0
09/11/2026 06:01:35,System.Runtime,dotnet.jit.compilation.time (s / 1 sec),Rate,0
09/11/2026 06:01:36,System.Runtime,dotnet.jit.compiled_il.size (By / 1 sec),Rate,0
09/11/2026 06:01:36,System.Runtime,dotnet.jit.compiled_methods ({method} / 1 sec),Rate,0
09/11/2026 06:01:36,System.Runtime,dotnet.monitor.lock_contentions ({contention} / 1 sec),Rate,0
09/11/2026 06:01:36,System.Runtime,dotnet.gc.collections ({collection} / 1 sec)[gc.heap.generation=gen2],Rate,0
09/11/2026 06:01:36,System.Runtime,dotnet.gc.collections ({collection} / 1 sec)[gc.heap.generation=gen0],Rate,0
09/11/2026 06:01:36,System.Runtime,dotnet.gc.collections ({collection} / 1 sec)[gc.heap.generation=gen1],Rate,0
09/11/2026 06:01:36,System.Runtime,dotnet.process.cpu.time (s / 1 sec)[cpu.mode=system],Rate,0.03705400000000125
09/11/2026 06:01:36,System.Runtime,dotnet.process.cpu.time (s / 1 sec)[cpu.mode=user],Rate,0.5874960000000016
09/11/2026 06:01:36,System.Runtime,dotnet.process.cpu.count ({cpu}),Metric,15
09/11/2026 06:01:36,System.Runtime,dotnet.gc.pause.time (s / 1 sec),Rate,0
09/11/2026 06:01:36,System.Runtime,dotnet.thread_pool.queue.length ({work_item} / 1 sec),Rate,0
09/11/2026 06:01:36,System.Runtime,dotnet.gc.last_collection.memory.committed_size (By),Metric,0
09/11/2026 06:01:36,System.Runtime,dotnet.gc.last_collection.heap.fragmentation.size (By)[gc.heap.generation=gen2],Metric,0
09/11/2026 06:01:36,System.Runtime,dotnet.gc.last_collection.heap.fragmentation.size (By)[gc.heap.generation=gen0],Metric,0
09/11/2026 06:01:36,System.Runtime,dotnet.gc.last_collection.heap.fragmentation.size (By)[gc.heap.generation=gen1],Metric,0
09/11/2026 06:01:36,System.Runtime,dotnet.gc.last_collection.heap.fragmentation.size (By)[gc.heap.generation=poh],Metric,0
09/11/2026 06:01:36,System.Runtime,dotnet.gc.last_collection.heap.fragmentation.size (By)[gc.heap.generation=loh],Metric,0
09/11/2026 06:01:36,System.Runtime,dotnet.timer.count ({timer}),Metric,2
09/11/2026 06:01:36,System.Runtime,dotnet.assembly.count ({assembly}),Metric,61
09/11/2026 06:01:36,System.Runtime,dotnet.gc.heap.total_allocated (By / 1 sec),Rate,139400
09/11/2026 06:01:36,System.Runtime,dotnet.gc.last_collection.heap.size (By)[gc.heap.generation=gen2],Metric,0
09/11/2026 06:01:36,System.Runtime,dotnet.gc.last_collection.heap.size (By)[gc.heap.generation=gen0],Metric,0
09/11/2026 06:01:36,System.Runtime,dotnet.gc.last_collection.heap.size (By)[gc.heap.generation=gen1],Metric,0
09/11/2026 06:01:36,System.Runtime,dotnet.gc.last_collection.heap.size (By)[gc.heap.generation=poh],Metric,0
09/11/2026 06:01:36,System.Runtime,dotnet.gc.last_collection.heap.size (By)[gc.heap.generation=loh],Metric,0
09/11/2026 06:01:36,System.Runtime,dotnet.thread_pool.work_item.count ({work_item} / 1 sec),Rate,601
09/11/2026 06:01:36,System.Runtime,dotnet.process.memory.working_set (By),Metric,112148480
09/11/2026 06:01:36,System.Runtime,dotnet.thread_pool.thread.count ({thread} / 1 sec),Rate,0
09/11/2026 06:01:36,System.Runtime,dotnet.jit.compilation.time (s / 1 sec),Rate,0
09/11/2026 06:01:37,System.Runtime,dotnet.jit.compiled_il.size (By / 1 sec),Rate,0
09/11/2026 06:01:37,System.Runtime,dotnet.jit.compiled_methods ({method} / 1 sec),Rate,0
09/11/2026 06:01:37,System.Runtime,dotnet.monitor.lock_contentions ({contention} / 1 sec),Rate,0
09/11/2026 06:01:37,System.Runtime,dotnet.gc.collections ({collection} / 1 sec)[gc.heap.generation=gen2],Rate,0
09/11/2026 06:01:37,System.Runtime,dotnet.gc.collections ({collection} / 1 sec)[gc.heap.generation=gen0],Rate,0
09/11/2026 06:01:37,System.Runtime,dotnet.gc.collections ({collection} / 1 sec)[gc.heap.generation=gen1],Rate,0
09/11/2026 06:01:37,System.Runtime,dotnet.process.cpu.time (s / 1 sec)[cpu.mode=system],Rate,0.037619999999998655
09/11/2026 06:01:37,System.Runtime,dotnet.process.cpu.time (s / 1 sec)[cpu.mode=user],Rate,0.5891570000000002
09/11/2026 06:01:37,System.Runtime,dotnet.process.cpu.count ({cpu}),Metric,15
09/11/2026 06:01:37,System.Runtime,dotnet.gc.pause.time (s / 1 sec),Rate,0
09/11/2026 06:01:37,System.Runtime,dotnet.thread_pool.queue.length ({work_item} / 1 sec),Rate,0
09/11/2026 06:01:37,System.Runtime,dotnet.gc.last_collection.memory.committed_size (By),Metric,0
09/11/2026 06:01:37,System.Runtime,dotnet.gc.last_collection.heap.fragmentation.size (By)[gc.heap.generation=gen2],Metric,0
09/11/2026 06:01:37,System.Runtime,dotnet.gc.last_collection.heap.fragmentation.size (By)[gc.heap.generation=gen0],Metric,0
09/11/2026 06:01:37,System.Runtime,dotnet.gc.last_collection.heap.fragmentation.size (By)[gc.heap.generation=gen1],Metric,0
09/11/2026 06:01:37,System.Runtime,dotnet.gc.last_collection.heap.fragmentation.size (By)[gc.heap.generation=poh],Metric,0
09/11/2026 06:01:37,System.Runtime,dotnet.gc.last_collection.heap.fragmentation.size (By)[gc.heap.generation=loh],Metric,0
09/11/2026 06:01:37,System.Runtime,dotnet.timer.count ({timer}),Metric,2
09/11/2026 06:01:37,System.Runtime,dotnet.assembly.count ({assembly}),Metric,61
09/11/2026 06:01:37,System.Runtime,dotnet.gc.heap.total_allocated (By / 1 sec),Rate,138376
09/11/2026 06:01:37,System.Runtime,dotnet.gc.last_collection.heap.size (By)[gc.heap.generation=gen2],Metric,0
09/11/2026 06:01:37,System.Runtime,dotnet.gc.last_collection.heap.size (By)[gc.heap.generation=gen0],Metric,0
09/11/2026 06:01:37,System.Runtime,dotnet.gc.last_collection.heap.size (By)[gc.heap.generation=gen1],Metric,0
09/11/2026 06:01:37,System.Runtime,dotnet.gc.last_collection.heap.size (By)[gc.heap.generation=poh],Metric,0
09/11/2026 06:01:37,System.Runtime,dotnet.gc.last_collection.heap.size (By)[gc.heap.generation=loh],Metric,0
09/11/2026 06:01:37,System.Runtime,dotnet.thread_pool.work_item.count ({work_item} / 1 sec),Rate,601
09/11/2026 06:01:37,System.Runtime,dotnet.process.memory.working_set (By),Metric,112312320
09/11/2026 06:01:37,System.Runtime,dotnet.thread_pool.thread.count ({thread} / 1 sec),Rate,0
09/11/2026 06:01:37,System.Runtime,dotnet.jit.compilation.time (s / 1 sec),Rate,0
09/11/2026 06:01:38,System.Runtime,dotnet.jit.compiled_il.size (By / 1 sec),Rate,31
09/11/2026 06:01:38,System.Runtime,dotnet.jit.compiled_methods ({method} / 1 sec),Rate,1
09/11/2026 06:01:38,System.Runtime,dotnet.monitor.lock_contentions ({contention} / 1 sec),Rate,0
09/11/2026 06:01:38,System.Runtime,dotnet.gc.collections ({collection} / 1 sec)[gc.heap.generation=gen2],Rate,0
09/11/2026 06:01:38,System.Runtime,dotnet.gc.collections ({collection} / 1 sec)[gc.heap.generation=gen0],Rate,0
09/11/2026 06:01:38,System.Runtime,dotnet.gc.collections ({collection} / 1 sec)[gc.heap.generation=gen1],Rate,0
09/11/2026 06:01:38,System.Runtime,dotnet.process.cpu.time (s / 1 sec)[cpu.mode=system],Rate,0.04131800000000041
09/11/2026 06:01:38,System.Runtime,dotnet.process.cpu.time (s / 1 sec)[cpu.mode=user],Rate,0.5953449999999947
09/11/2026 06:01:38,System.Runtime,dotnet.process.cpu.count ({cpu}),Metric,15
09/11/2026 06:01:38,System.Runtime,dotnet.gc.pause.time (s / 1 sec),Rate,0
09/11/2026 06:01:38,System.Runtime,dotnet.thread_pool.queue.length ({work_item} / 1 sec),Rate,0
09/11/2026 06:01:38,System.Runtime,dotnet.gc.last_collection.memory.committed_size (By),Metric,0
09/11/2026 06:01:38,System.Runtime,dotnet.gc.last_collection.heap.fragmentation.size (By)[gc.heap.generation=gen2],Metric,0
09/11/2026 06:01:38,System.Runtime,dotnet.gc.last_collection.heap.fragmentation.size (By)[gc.heap.generation=gen0],Metric,0
09/11/2026 06:01:38,System.Runtime,dotnet.gc.last_collection.heap.fragmentation.size (By)[gc.heap.generation=gen1],Metric,0
09/11/2026 06:01:38,System.Runtime,dotnet.gc.last_collection.heap.fragmentation.size (By)[gc.heap.generation=poh],Metric,0
09/11/2026 06:01:38,System.Runtime,dotnet.gc.last_collection.heap.fragmentation.size (By)[gc.heap.generation=loh],Metric,0
09/11/2026 06:01:38,System.Runtime,dotnet.timer.count ({timer}),Metric,2
09/11/2026 06:01:38,System.Runtime,dotnet.assembly.count ({assembly}),Metric,61
09/11/2026 06:01:38,System.Runtime,dotnet.gc.heap.total_allocated (By / 1 sec),Rate,154728
09/11/2026 06:01:38,System.Runtime,dotnet.gc.last_collection.heap.size (By)[gc.heap.generation=gen2],Metric,0
09/11/2026 06:01:38,System.Runtime,dotnet.gc.last_collection.heap.size (By)[gc.heap.generation=gen0],Metric,0
09/11/2026 06:01:38,System.Runtime,dotnet.gc.last_collection.heap.size (By)[gc.heap.generation=gen1],Metric,0
09/11/2026 06:01:38,System.Runtime,dotnet.gc.last_collection.heap.size (By)[gc.heap.generation=poh],Metric,0
09/11/2026 06:01:38,System.Runtime,dotnet.gc.last_collection.heap.size (By)[gc.heap.generation=loh],Metric,0
09/11/2026 06:01:38,System.Runtime,dotnet.thread_pool.work_item.count ({work_item} / 1 sec),Rate,639
09/11/2026 06:01:38,System.Runtime,dotnet.process.memory.working_set (By),Metric,112525312
09/11/2026 06:01:38,System.Runtime,dotnet.thread_pool.thread.count ({thread} / 1 sec),Rate,0
09/11/2026 06:01:38,System.Runtime,dotnet.jit.compilation.time (s / 1 sec),Rate,0.0005629000000000328
09/11/2026 06:01:39,System.Runtime,dotnet.jit.compiled_il.size (By / 1 sec),Rate,0
09/11/2026 06:01:39,System.Runtime,dotnet.jit.compiled_methods ({method} / 1 sec),Rate,0
09/11/2026 06:01:39,System.Runtime,dotnet.monitor.lock_contentions ({contention} / 1 sec),Rate,0
09/11/2026 06:01:39,System.Runtime,dotnet.gc.collections ({collection} / 1 sec)[gc.heap.generation=gen2],Rate,0
09/11/2026 06:01:39,System.Runtime,dotnet.gc.collections ({collection} / 1 sec)[gc.heap.generation=gen0],Rate,0
09/11/2026 06:01:39,System.Runtime,dotnet.gc.collections ({collection} / 1 sec)[gc.heap.generation=gen1],Rate,0
09/11/2026 06:01:39,System.Runtime,dotnet.process.cpu.time (s / 1 sec)[cpu.mode=system],Rate,0.04138600000000103
09/11/2026 06:01:39,System.Runtime,dotnet.process.cpu.time (s / 1 sec)[cpu.mode=user],Rate,0.5891430000000071
09/11/2026 06:01:39,System.Runtime,dotnet.process.cpu.count ({cpu}),Metric,15
09/11/2026 06:01:39,System.Runtime,dotnet.gc.pause.time (s / 1 sec),Rate,0
09/11/2026 06:01:39,System.Runtime,dotnet.thread_pool.queue.length ({work_item} / 1 sec),Rate,0
09/11/2026 06:01:39,System.Runtime,dotnet.gc.last_collection.memory.committed_size (By),Metric,0
09/11/2026 06:01:39,System.Runtime,dotnet.gc.last_collection.heap.fragmentation.size (By)[gc.heap.generation=gen2],Metric,0
09/11/2026 06:01:39,System.Runtime,dotnet.gc.last_collection.heap.fragmentation.size (By)[gc.heap.generation=gen0],Metric,0
09/11/2026 06:01:39,System.Runtime,dotnet.gc.last_collection.heap.fragmentation.size (By)[gc.heap.generation=gen1],Metric,0
09/11/2026 06:01:39,System.Runtime,dotnet.gc.last_collection.heap.fragmentation.size (By)[gc.heap.generation=poh],Metric,0
09/11/2026 06:01:39,System.Runtime,dotnet.gc.last_collection.heap.fragmentation.size (By)[gc.heap.generation=loh],Metric,0
09/11/2026 06:01:39,System.Runtime,dotnet.timer.count ({timer}),Metric,2
09/11/2026 06:01:39,System.Runtime,dotnet.assembly.count ({assembly}),Metric,61
09/11/2026 06:01:39,System.Runtime,dotnet.gc.heap.total_allocated (By / 1 sec),Rate,139368
09/11/2026 06:01:39,System.Runtime,dotnet.gc.last_collection.heap.size (By)[gc.heap.generation=gen2],Metric,0
09/11/2026 06:01:39,System.Runtime,dotnet.gc.last_collection.heap.size (By)[gc.heap.generation=gen0],Metric,0
09/11/2026 06:01:39,System.Runtime,dotnet.gc.last_collection.heap.size (By)[gc.heap.generation=gen1],Metric,0
09/11/2026 06:01:39,System.Runtime,dotnet.gc.last_collection.heap.size (By)[gc.heap.generation=poh],Metric,0
09/11/2026 06:01:39,System.Runtime,dotnet.gc.last_collection.heap.size (By)[gc.heap.generation=loh],Metric,0
09/11/2026 06:01:39,System.Runtime,dotnet.thread_pool.work_item.count ({work_item} / 1 sec),Rate,647
09/11/2026 06:01:39,System.Runtime,dotnet.process.memory.working_set (By),Metric,112689152
09/11/2026 06:01:39,System.Runtime,dotnet.thread_pool.thread.count ({thread} / 1 sec),Rate,0
09/11/2026 06:01:39,System.Runtime,dotnet.jit.compilation.time (s / 1 sec),Rate,0
09/11/2026 06:01:40,System.Runtime,dotnet.jit.compiled_il.size (By / 1 sec),Rate,0
09/11/2026 06:01:40,System.Runtime,dotnet.jit.compiled_methods ({method} / 1 sec),Rate,0
09/11/2026 06:01:40,System.Runtime,dotnet.monitor.lock_contentions ({contention} / 1 sec),Rate,0
09/11/2026 06:01:40,System.Runtime,dotnet.gc.collections ({collection} / 1 sec)[gc.heap.generation=gen2],Rate,0
09/11/2026 06:01:40,System.Runtime,dotnet.gc.collections ({collection} / 1 sec)[gc.heap.generation=gen0],Rate,0
09/11/2026 06:01:40,System.Runtime,dotnet.gc.collections ({collection} / 1 sec)[gc.heap.generation=gen1],Rate,0
09/11/2026 06:01:40,System.Runtime,dotnet.process.cpu.time (s / 1 sec)[cpu.mode=system],Rate,0.0375249999999987
09/11/2026 06:01:40,System.Runtime,dotnet.process.cpu.time (s / 1 sec)[cpu.mode=user],Rate,0.5858900000000062
09/11/2026 06:01:40,System.Runtime,dotnet.process.cpu.count ({cpu}),Metric,15
09/11/2026 06:01:40,System.Runtime,dotnet.gc.pause.time (s / 1 sec),Rate,0
09/11/2026 06:01:40,System.Runtime,dotnet.thread_pool.queue.length ({work_item} / 1 sec),Rate,0
09/11/2026 06:01:40,System.Runtime,dotnet.gc.last_collection.memory.committed_size (By),Metric,0
09/11/2026 06:01:40,System.Runtime,dotnet.gc.last_collection.heap.fragmentation.size (By)[gc.heap.generation=gen2],Metric,0
09/11/2026 06:01:40,System.Runtime,dotnet.gc.last_collection.heap.fragmentation.size (By)[gc.heap.generation=gen0],Metric,0
09/11/2026 06:01:40,System.Runtime,dotnet.gc.last_collection.heap.fragmentation.size (By)[gc.heap.generation=gen1],Metric,0
09/11/2026 06:01:40,System.Runtime,dotnet.gc.last_collection.heap.fragmentation.size (By)[gc.heap.generation=poh],Metric,0
09/11/2026 06:01:40,System.Runtime,dotnet.gc.last_collection.heap.fragmentation.size (By)[gc.heap.generation=loh],Metric,0
09/11/2026 06:01:40,System.Runtime,dotnet.timer.count ({timer}),Metric,2
09/11/2026 06:01:40,System.Runtime,dotnet.assembly.count ({assembly}),Metric,61
09/11/2026 06:01:40,System.Runtime,dotnet.gc.heap.total_allocated (By / 1 sec),Rate,138376
09/11/2026 06:01:40,System.Runtime,dotnet.gc.last_collection.heap.size (By)[gc.heap.generation=gen2],Metric,0
09/11/2026 06:01:40,System.Runtime,dotnet.gc.last_collection.heap.size (By)[gc.heap.generation=gen0],Metric,0
09/11/2026 06:01:40,System.Runtime,dotnet.gc.last_collection.heap.size (By)[gc.heap.generation=gen1],Metric,0
09/11/2026 06:01:40,System.Runtime,dotnet.gc.last_collection.heap.size (By)[gc.heap.generation=poh],Metric,0
09/11/2026 06:01:40,System.Runtime,dotnet.gc.last_collection.heap.size (By)[gc.heap.generation=loh],Metric,0
09/11/2026 06:01:40,System.Runtime,dotnet.thread_pool.work_item.count ({work_item} / 1 sec),Rate,603
09/11/2026 06:01:40,System.Runtime,dotnet.process.memory.working_set (By),Metric,112836608
09/11/2026 06:01:40,System.Runtime,dotnet.thread_pool.thread.count ({thread} / 1 sec),Rate,0
09/11/2026 06:01:40,System.Runtime,dotnet.jit.compilation.time (s / 1 sec),Rate,0
09/11/2026 06:01:41,System.Runtime,dotnet.jit.compiled_il.size (By / 1 sec),Rate,0
09/11/2026 06:01:41,System.Runtime,dotnet.jit.compiled_methods ({method} / 1 sec),Rate,0
09/11/2026 06:01:41,System.Runtime,dotnet.monitor.lock_contentions ({contention} / 1 sec),Rate,0
09/11/2026 06:01:41,System.Runtime,dotnet.gc.collections ({collection} / 1 sec)[gc.heap.generation=gen2],Rate,0
09/11/2026 06:01:41,System.Runtime,dotnet.gc.collections ({collection} / 1 sec)[gc.heap.generation=gen0],Rate,0
09/11/2026 06:01:41,System.Runtime,dotnet.gc.collections ({collection} / 1 sec)[gc.heap.generation=gen1],Rate,0
09/11/2026 06:01:41,System.Runtime,dotnet.process.cpu.time (s / 1 sec)[cpu.mode=system],Rate,0.037824000000000524
09/11/2026 06:01:41,System.Runtime,dotnet.process.cpu.time (s / 1 sec)[cpu.mode=user],Rate,0.5885669999999976
09/11/2026 06:01:41,System.Runtime,dotnet.process.cpu.count ({cpu}),Metric,15
09/11/2026 06:01:41,System.Runtime,dotnet.gc.pause.time (s / 1 sec),Rate,0
09/11/2026 06:01:41,System.Runtime,dotnet.thread_pool.queue.length ({work_item} / 1 sec),Rate,0
09/11/2026 06:01:41,System.Runtime,dotnet.gc.last_collection.memory.committed_size (By),Metric,0
09/11/2026 06:01:41,System.Runtime,dotnet.gc.last_collection.heap.fragmentation.size (By)[gc.heap.generation=gen2],Metric,0
09/11/2026 06:01:41,System.Runtime,dotnet.gc.last_collection.heap.fragmentation.size (By)[gc.heap.generation=gen0],Metric,0
09/11/2026 06:01:41,System.Runtime,dotnet.gc.last_collection.heap.fragmentation.size (By)[gc.heap.generation=gen1],Metric,0
09/11/2026 06:01:41,System.Runtime,dotnet.gc.last_collection.heap.fragmentation.size (By)[gc.heap.generation=poh],Metric,0
09/11/2026 06:01:41,System.Runtime,dotnet.gc.last_collection.heap.fragmentation.size (By)[gc.heap.generation=loh],Metric,0
09/11/2026 06:01:41,System.Runtime,dotnet.timer.count ({timer}),Metric,2
09/11/2026 06:01:41,System.Runtime,dotnet.assembly.count ({assembly}),Metric,61
09/11/2026 06:01:41,System.Runtime,dotnet.gc.heap.total_allocated (By / 1 sec),Rate,123000
09/11/2026 06:01:41,System.Runtime,dotnet.gc.last_collection.heap.size (By)[gc.heap.generation=gen2],Metric,0
09/11/2026 06:01:41,System.Runtime,dotnet.gc.last_collection.heap.size (By)[gc.heap.generation=gen0],Metric,0
09/11/2026 06:01:41,System.Runtime,dotnet.gc.last_collection.heap.size (By)[gc.heap.generation=gen1],Metric,0
09/11/2026 06:01:41,System.Runtime,dotnet.gc.last_collection.heap.size (By)[gc.heap.generation=poh],Metric,0
09/11/2026 06:01:41,System.Runtime,dotnet.gc.last_collection.heap.size (By)[gc.heap.generation=loh],Metric,0
09/11/2026 06:01:41,System.Runtime,dotnet.thread_pool.work_item.count ({work_item} / 1 sec),Rate,602
09/11/2026 06:01:41,System.Runtime,dotnet.process.memory.working_set (By),Metric,112984064
09/11/2026 06:01:41,System.Runtime,dotnet.thread_pool.thread.count ({thread} / 1 sec),Rate,0
09/11/2026 06:01:41,System.Runtime,dotnet.jit.compilation.time (s / 1 sec),Rate,0
09/11/2026 06:01:42,System.Runtime,dotnet.jit.compiled_il.size (By / 1 sec),Rate,0
09/11/2026 06:01:42,System.Runtime,dotnet.jit.compiled_methods ({method} / 1 sec),Rate,0
09/11/2026 06:01:42,System.Runtime,dotnet.monitor.lock_contentions ({contention} / 1 sec),Rate,0
09/11/2026 06:01:42,System.Runtime,dotnet.gc.collections ({collection} / 1 sec)[gc.heap.generation=gen2],Rate,0
09/11/2026 06:01:42,System.Runtime,dotnet.gc.collections ({collection} / 1 sec)[gc.heap.generation=gen0],Rate,0
09/11/2026 06:01:42,System.Runtime,dotnet.gc.collections ({collection} / 1 sec)[gc.heap.generation=gen1],Rate,0
09/11/2026 06:01:42,System.Runtime,dotnet.process.cpu.time (s / 1 sec)[cpu.mode=system],Rate,0.03787999999999947
09/11/2026 06:01:42,System.Runtime,dotnet.process.cpu.time (s / 1 sec)[cpu.mode=user],Rate,0.5912879999999916
09/11/2026 06:01:42,System.Runtime,dotnet.process.cpu.count ({cpu}),Metric,15
09/11/2026 06:01:42,System.Runtime,dotnet.gc.pause.time (s / 1 sec),Rate,0
09/11/2026 06:01:42,System.Runtime,dotnet.thread_pool.queue.length ({work_item} / 1 sec),Rate,0
09/11/2026 06:01:42,System.Runtime,dotnet.gc.last_collection.memory.committed_size (By),Metric,0
09/11/2026 06:01:42,System.Runtime,dotnet.gc.last_collection.heap.fragmentation.size (By)[gc.heap.generation=gen2],Metric,0
09/11/2026 06:01:42,System.Runtime,dotnet.gc.last_collection.heap.fragmentation.size (By)[gc.heap.generation=gen0],Metric,0
09/11/2026 06:01:42,System.Runtime,dotnet.gc.last_collection.heap.fragmentation.size (By)[gc.heap.generation=gen1],Metric,0
09/11/2026 06:01:42,System.Runtime,dotnet.gc.last_collection.heap.fragmentation.size (By)[gc.heap.generation=poh],Metric,0
09/11/2026 06:01:42,System.Runtime,dotnet.gc.last_collection.heap.fragmentation.size (By)[gc.heap.generation=loh],Metric,0
09/11/2026 06:01:42,System.Runtime,dotnet.timer.count ({timer}),Metric,2
09/11/2026 06:01:42,System.Runtime,dotnet.assembly.count ({assembly}),Metric,61
09/11/2026 06:01:42,System.Runtime,dotnet.gc.heap.total_allocated (By / 1 sec),Rate,147600
09/11/2026 06:01:42,System.Runtime,dotnet.gc.last_collection.heap.size (By)[gc.heap.generation=gen2],Metric,0
09/11/2026 06:01:42,System.Runtime,dotnet.gc.last_collection.heap.size (By)[gc.heap.generation=gen0],Metric,0
09/11/2026 06:01:42,System.Runtime,dotnet.gc.last_collection.heap.size (By)[gc.heap.generation=gen1],Metric,0
09/11/2026 06:01:42,System.Runtime,dotnet.gc.last_collection.heap.size (By)[gc.heap.generation=poh],Metric,0
09/11/2026 06:01:42,System.Runtime,dotnet.gc.last_collection.heap.size (By)[gc.heap.generation=loh],Metric,0
09/11/2026 06:01:42,System.Runtime,dotnet.thread_pool.work_item.count ({work_item} / 1 sec),Rate,601
09/11/2026 06:01:42,System.Runtime,dotnet.process.memory.working_set (By),Metric,113115136
09/11/2026 06:01:42,System.Runtime,dotnet.thread_pool.thread.count ({thread} / 1 sec),Rate,0
09/11/2026 06:01:42,System.Runtime,dotnet.jit.compilation.time (s / 1 sec),Rate,0
09/11/2026 06:01:43,System.Runtime,dotnet.jit.compiled_il.size (By / 1 sec),Rate,0
09/11/2026 06:01:43,System.Runtime,dotnet.jit.compiled_methods ({method} / 1 sec),Rate,0
09/11/2026 06:01:43,System.Runtime,dotnet.monitor.lock_contentions ({contention} / 1 sec),Rate,0
09/11/2026 06:01:43,System.Runtime,dotnet.gc.collections ({collection} / 1 sec)[gc.heap.generation=gen2],Rate,0
09/11/2026 06:01:43,System.Runtime,dotnet.gc.collections ({collection} / 1 sec)[gc.heap.generation=gen0],Rate,0
09/11/2026 06:01:43,System.Runtime,dotnet.gc.collections ({collection} / 1 sec)[gc.heap.generation=gen1],Rate,0
09/11/2026 06:01:43,System.Runtime,dotnet.process.cpu.time (s / 1 sec)[cpu.mode=system],Rate,0.037845000000000795
09/11/2026 06:01:43,System.Runtime,dotnet.process.cpu.time (s / 1 sec)[cpu.mode=user],Rate,0.585718
09/11/2026 06:01:43,System.Runtime,dotnet.process.cpu.count ({cpu}),Metric,15
09/11/2026 06:01:43,System.Runtime,dotnet.gc.pause.time (s / 1 sec),Rate,0
09/11/2026 06:01:43,System.Runtime,dotnet.thread_pool.queue.length ({work_item} / 1 sec),Rate,0
09/11/2026 06:01:43,System.Runtime,dotnet.gc.last_collection.memory.committed_size (By),Metric,0
09/11/2026 06:01:43,System.Runtime,dotnet.gc.last_collection.heap.fragmentation.size (By)[gc.heap.generation=gen2],Metric,0
09/11/2026 06:01:43,System.Runtime,dotnet.gc.last_collection.heap.fragmentation.size (By)[gc.heap.generation=gen0],Metric,0
09/11/2026 06:01:43,System.Runtime,dotnet.gc.last_collection.heap.fragmentation.size (By)[gc.heap.generation=gen1],Metric,0
09/11/2026 06:01:43,System.Runtime,dotnet.gc.last_collection.heap.fragmentation.size (By)[gc.heap.generation=poh],Metric,0
09/11/2026 06:01:43,System.Runtime,dotnet.gc.last_collection.heap.fragmentation.size (By)[gc.heap.generation=loh],Metric,0
09/11/2026 06:01:43,System.Runtime,dotnet.timer.count ({timer}),Metric,2
09/11/2026 06:01:43,System.Runtime,dotnet.assembly.count ({assembly}),Metric,61
09/11/2026 06:01:43,System.Runtime,dotnet.gc.heap.total_allocated (By / 1 sec),Rate,139392
09/11/2026 06:01:43,System.Runtime,dotnet.gc.last_collection.heap.size (By)[gc.heap.generation=gen2],Metric,0
09/11/2026 06:01:43,System.Runtime,dotnet.gc.last_collection.heap.size (By)[gc.heap.generation=gen0],Metric,0
09/11/2026 06:01:43,System.Runtime,dotnet.gc.last_collection.heap.size (By)[gc.heap.generation=gen1],Metric,0
09/11/2026 06:01:43,System.Runtime,dotnet.gc.last_collection.heap.size (By)[gc.heap.generation=poh],Metric,0
09/11/2026 06:01:43,System.Runtime,dotnet.gc.last_collection.heap.size (By)[gc.heap.generation=loh],Metric,0
09/11/2026 06:01:43,System.Runtime,dotnet.thread_pool.work_item.count ({work_item} / 1 sec),Rate,602
09/11/2026 06:01:43,System.Runtime,dotnet.process.memory.working_set (By),Metric,113262592
09/11/2026 06:01:43,System.Runtime,dotnet.thread_pool.thread.count ({thread} / 1 sec),Rate,0
09/11/2026 06:01:43,System.Runtime,dotnet.jit.compilation.time (s / 1 sec),Rate,0
09/11/2026 06:01:44,System.Runtime,dotnet.jit.compiled_il.size (By / 1 sec),Rate,0
09/11/2026 06:01:44,System.Runtime,dotnet.jit.compiled_methods ({method} / 1 sec),Rate,0
09/11/2026 06:01:44,System.Runtime,dotnet.monitor.lock_contentions ({contention} / 1 sec),Rate,0
09/11/2026 06:01:44,System.Runtime,dotnet.gc.collections ({collection} / 1 sec)[gc.heap.generation=gen2],Rate,0
09/11/2026 06:01:44,System.Runtime,dotnet.gc.collections ({collection} / 1 sec)[gc.heap.generation=gen0],Rate,0
09/11/2026 06:01:44,System.Runtime,dotnet.gc.collections ({collection} / 1 sec)[gc.heap.generation=gen1],Rate,0
09/11/2026 06:01:44,System.Runtime,dotnet.process.cpu.time (s / 1 sec)[cpu.mode=system],Rate,0.03695599999999999
09/11/2026 06:01:44,System.Runtime,dotnet.process.cpu.time (s / 1 sec)[cpu.mode=user],Rate,0.587693999999999
09/11/2026 06:01:44,System.Runtime,dotnet.process.cpu.count ({cpu}),Metric,15
09/11/2026 06:01:44,System.Runtime,dotnet.gc.pause.time (s / 1 sec),Rate,0
09/11/2026 06:01:44,System.Runtime,dotnet.thread_pool.queue.length ({work_item} / 1 sec),Rate,0
09/11/2026 06:01:44,System.Runtime,dotnet.gc.last_collection.memory.committed_size (By),Metric,0
09/11/2026 06:01:44,System.Runtime,dotnet.gc.last_collection.heap.fragmentation.size (By)[gc.heap.generation=gen2],Metric,0
09/11/2026 06:01:44,System.Runtime,dotnet.gc.last_collection.heap.fragmentation.size (By)[gc.heap.generation=gen0],Metric,0
09/11/2026 06:01:44,System.Runtime,dotnet.gc.last_collection.heap.fragmentation.size (By)[gc.heap.generation=gen1],Metric,0
09/11/2026 06:01:44,System.Runtime,dotnet.gc.last_collection.heap.fragmentation.size (By)[gc.heap.generation=poh],Metric,0
09/11/2026 06:01:44,System.Runtime,dotnet.gc.last_collection.heap.fragmentation.size (By)[gc.heap.generation=loh],Metric,0
09/11/2026 06:01:44,System.Runtime,dotnet.timer.count ({timer}),Metric,2
09/11/2026 06:01:44,System.Runtime,dotnet.assembly.count ({assembly}),Metric,61
09/11/2026 06:01:44,System.Runtime,dotnet.gc.heap.total_allocated (By / 1 sec),Rate,154776
09/11/2026 06:01:44,System.Runtime,dotnet.gc.last_collection.heap.size (By)[gc.heap.generation=gen2],Metric,0
09/11/2026 06:01:44,System.Runtime,dotnet.gc.last_collection.heap.size (By)[gc.heap.generation=gen0],Metric,0
09/11/2026 06:01:44,System.Runtime,dotnet.gc.last_collection.heap.size (By)[gc.heap.generation=gen1],Metric,0
09/11/2026 06:01:44,System.Runtime,dotnet.gc.last_collection.heap.size (By)[gc.heap.generation=poh],Metric,0
09/11/2026 06:01:44,System.Runtime,dotnet.gc.last_collection.heap.size (By)[gc.heap.generation=loh],Metric,0
09/11/2026 06:01:44,System.Runtime,dotnet.thread_pool.work_item.count ({work_item} / 1 sec),Rate,601
09/11/2026 06:01:44,System.Runtime,dotnet.process.memory.working_set (By),Metric,113442816
09/11/2026 06:01:44,System.Runtime,dotnet.thread_pool.thread.count ({thread} / 1 sec),Rate,1
09/11/2026 06:01:44,System.Runtime,dotnet.jit.compilation.time (s / 1 sec),Rate,0
09/11/2026 06:01:45,System.Runtime,dotnet.jit.compiled_il.size (By / 1 sec),Rate,0
09/11/2026 06:01:45,System.Runtime,dotnet.jit.compiled_methods ({method} / 1 sec),Rate,0
09/11/2026 06:01:45,System.Runtime,dotnet.monitor.lock_contentions ({contention} / 1 sec),Rate,0
09/11/2026 06:01:45,System.Runtime,dotnet.gc.collections ({collection} / 1 sec)[gc.heap.generation=gen2],Rate,0
09/11/2026 06:01:45,System.Runtime,dotnet.gc.collections ({collection} / 1 sec)[gc.heap.generation=gen0],Rate,0
09/11/2026 06:01:45,System.Runtime,dotnet.gc.collections ({collection} / 1 sec)[gc.heap.generation=gen1],Rate,0
09/11/2026 06:01:45,System.Runtime,dotnet.process.cpu.time (s / 1 sec)[cpu.mode=system],Rate,0.03851799999999983
09/11/2026 06:01:45,System.Runtime,dotnet.process.cpu.time (s / 1 sec)[cpu.mode=user],Rate,0.5915450000000106
09/11/2026 06:01:45,System.Runtime,dotnet.process.cpu.count ({cpu}),Metric,15
09/11/2026 06:01:45,System.Runtime,dotnet.gc.pause.time (s / 1 sec),Rate,0
09/11/2026 06:01:45,System.Runtime,dotnet.thread_pool.queue.length ({work_item} / 1 sec),Rate,0
09/11/2026 06:01:45,System.Runtime,dotnet.gc.last_collection.memory.committed_size (By),Metric,0
09/11/2026 06:01:45,System.Runtime,dotnet.gc.last_collection.heap.fragmentation.size (By)[gc.heap.generation=gen2],Metric,0
09/11/2026 06:01:45,System.Runtime,dotnet.gc.last_collection.heap.fragmentation.size (By)[gc.heap.generation=gen0],Metric,0
09/11/2026 06:01:45,System.Runtime,dotnet.gc.last_collection.heap.fragmentation.size (By)[gc.heap.generation=gen1],Metric,0
09/11/2026 06:01:45,System.Runtime,dotnet.gc.last_collection.heap.fragmentation.size (By)[gc.heap.generation=poh],Metric,0
09/11/2026 06:01:45,System.Runtime,dotnet.gc.last_collection.heap.fragmentation.size (By)[gc.heap.generation=loh],Metric,0
09/11/2026 06:01:45,System.Runtime,dotnet.timer.count ({timer}),Metric,2
09/11/2026 06:01:45,System.Runtime,dotnet.assembly.count ({assembly}),Metric,61
09/11/2026 06:01:45,System.Runtime,dotnet.gc.heap.total_allocated (By / 1 sec),Rate,130096
09/11/2026 06:01:45,System.Runtime,dotnet.gc.last_collection.heap.size (By)[gc.heap.generation=gen2],Metric,0
09/11/2026 06:01:45,System.Runtime,dotnet.gc.last_collection.heap.size (By)[gc.heap.generation=gen0],Metric,0
09/11/2026 06:01:45,System.Runtime,dotnet.gc.last_collection.heap.size (By)[gc.heap.generation=gen1],Metric,0
09/11/2026 06:01:45,System.Runtime,dotnet.gc.last_collection.heap.size (By)[gc.heap.generation=poh],Metric,0
09/11/2026 06:01:45,System.Runtime,dotnet.gc.last_collection.heap.size (By)[gc.heap.generation=loh],Metric,0
09/11/2026 06:01:45,System.Runtime,dotnet.thread_pool.work_item.count ({work_item} / 1 sec),Rate,601
09/11/2026 06:01:45,System.Runtime,dotnet.process.memory.working_set (By),Metric,113606656
09/11/2026 06:01:45,System.Runtime,dotnet.thread_pool.thread.count ({thread} / 1 sec),Rate,0
09/11/2026 06:01:45,System.Runtime,dotnet.jit.compilation.time (s / 1 sec),Rate,0
09/11/2026 06:01:46,System.Runtime,dotnet.jit.compiled_il.size (By / 1 sec),Rate,0
09/11/2026 06:01:46,System.Runtime,dotnet.jit.compiled_methods ({method} / 1 sec),Rate,0
09/11/2026 06:01:46,System.Runtime,dotnet.monitor.lock_contentions ({contention} / 1 sec),Rate,0
09/11/2026 06:01:46,System.Runtime,dotnet.gc.collections ({collection} / 1 sec)[gc.heap.generation=gen2],Rate,0
09/11/2026 06:01:46,System.Runtime,dotnet.gc.collections ({collection} / 1 sec)[gc.heap.generation=gen0],Rate,0
09/11/2026 06:01:46,System.Runtime,dotnet.gc.collections ({collection} / 1 sec)[gc.heap.generation=gen1],Rate,0
09/11/2026 06:01:46,System.Runtime,dotnet.process.cpu.time (s / 1 sec)[cpu.mode=system],Rate,0.03819700000000026
09/11/2026 06:01:46,System.Runtime,dotnet.process.cpu.time (s / 1 sec)[cpu.mode=user],Rate,0.5894489999999877
09/11/2026 06:01:46,System.Runtime,dotnet.process.cpu.count ({cpu}),Metric,15
09/11/2026 06:01:46,System.Runtime,dotnet.gc.pause.time (s / 1 sec),Rate,0
09/11/2026 06:01:46,System.Runtime,dotnet.thread_pool.queue.length ({work_item} / 1 sec),Rate,0
09/11/2026 06:01:46,System.Runtime,dotnet.gc.last_collection.memory.committed_size (By),Metric,0
09/11/2026 06:01:46,System.Runtime,dotnet.gc.last_collection.heap.fragmentation.size (By)[gc.heap.generation=gen2],Metric,0
09/11/2026 06:01:46,System.Runtime,dotnet.gc.last_collection.heap.fragmentation.size (By)[gc.heap.generation=gen0],Metric,0
09/11/2026 06:01:46,System.Runtime,dotnet.gc.last_collection.heap.fragmentation.size (By)[gc.heap.generation=gen1],Metric,0
09/11/2026 06:01:46,System.Runtime,dotnet.gc.last_collection.heap.fragmentation.size (By)[gc.heap.generation=poh],Metric,0
09/11/2026 06:01:46,System.Runtime,dotnet.gc.last_collection.heap.fragmentation.size (By)[gc.heap.generation=loh],Metric,0
09/11/2026 06:01:46,System.Runtime,dotnet.timer.count ({timer}),Metric,2
09/11/2026 06:01:46,System.Runtime,dotnet.assembly.count ({assembly}),Metric,61
09/11/2026 06:01:46,System.Runtime,dotnet.gc.heap.total_allocated (By / 1 sec),Rate,131200
09/11/2026 06:01:46,System.Runtime,dotnet.gc.last_collection.heap.size (By)[gc.heap.generation=gen2],Metric,0
09/11/2026 06:01:46,System.Runtime,dotnet.gc.last_collection.heap.size (By)[gc.heap.generation=gen0],Metric,0
09/11/2026 06:01:46,System.Runtime,dotnet.gc.last_collection.heap.size (By)[gc.heap.generation=gen1],Metric,0
09/11/2026 06:01:46,System.Runtime,dotnet.gc.last_collection.heap.size (By)[gc.heap.generation=poh],Metric,0
09/11/2026 06:01:46,System.Runtime,dotnet.gc.last_collection.heap.size (By)[gc.heap.generation=loh],Metric,0
09/11/2026 06:01:46,System.Runtime,dotnet.thread_pool.work_item.count ({work_item} / 1 sec),Rate,601
09/11/2026 06:01:46,System.Runtime,dotnet.process.memory.working_set (By),Metric,113754112
09/11/2026 06:01:46,System.Runtime,dotnet.thread_pool.thread.count ({thread} / 1 sec),Rate,0
09/11/2026 06:01:46,System.Runtime,dotnet.jit.compilation.time (s / 1 sec),Rate,0
09/11/2026 06:01:47,System.Runtime,dotnet.jit.compiled_il.size (By / 1 sec),Rate,0
09/11/2026 06:01:47,System.Runtime,dotnet.jit.compiled_methods ({method} / 1 sec),Rate,0
09/11/2026 06:01:47,System.Runtime,dotnet.monitor.lock_contentions ({contention} / 1 sec),Rate,0
09/11/2026 06:01:47,System.Runtime,dotnet.gc.collections ({collection} / 1 sec)[gc.heap.generation=gen2],Rate,0
09/11/2026 06:01:47,System.Runtime,dotnet.gc.collections ({collection} / 1 sec)[gc.heap.generation=gen0],Rate,0
09/11/2026 06:01:47,System.Runtime,dotnet.gc.collections ({collection} / 1 sec)[gc.heap.generation=gen1],Rate,0
09/11/2026 06:01:47,System.Runtime,dotnet.process.cpu.time (s / 1 sec)[cpu.mode=system],Rate,0.035947999999999425
09/11/2026 06:01:47,System.Runtime,dotnet.process.cpu.time (s / 1 sec)[cpu.mode=user],Rate,0.5867460000000051
09/11/2026 06:01:47,System.Runtime,dotnet.process.cpu.count ({cpu}),Metric,15
09/11/2026 06:01:47,System.Runtime,dotnet.gc.pause.time (s / 1 sec),Rate,0
09/11/2026 06:01:47,System.Runtime,dotnet.thread_pool.queue.length ({work_item} / 1 sec),Rate,0
09/11/2026 06:01:47,System.Runtime,dotnet.gc.last_collection.memory.committed_size (By),Metric,0
09/11/2026 06:01:47,System.Runtime,dotnet.gc.last_collection.heap.fragmentation.size (By)[gc.heap.generation=gen2],Metric,0
09/11/2026 06:01:47,System.Runtime,dotnet.gc.last_collection.heap.fragmentation.size (By)[gc.heap.generation=gen0],Metric,0
09/11/2026 06:01:47,System.Runtime,dotnet.gc.last_collection.heap.fragmentation.size (By)[gc.heap.generation=gen1],Metric,0
09/11/2026 06:01:47,System.Runtime,dotnet.gc.last_collection.heap.fragmentation.size (By)[gc.heap.generation=poh],Metric,0
09/11/2026 06:01:47,System.Runtime,dotnet.gc.last_collection.heap.fragmentation.size (By)[gc.heap.generation=loh],Metric,0
09/11/2026 06:01:47,System.Runtime,dotnet.timer.count ({timer}),Metric,2
09/11/2026 06:01:47,System.Runtime,dotnet.assembly.count ({assembly}),Metric,61
09/11/2026 06:01:47,System.Runtime,dotnet.gc.heap.total_allocated (By / 1 sec),Rate,147600
09/11/2026 06:01:47,System.Runtime,dotnet.gc.last_collection.heap.size (By)[gc.heap.generation=gen2],Metric,0
09/11/2026 06:01:47,System.Runtime,dotnet.gc.last_collection.heap.size (By)[gc.heap.generation=gen0],Metric,0
09/11/2026 06:01:47,System.Runtime,dotnet.gc.last_collection.heap.size (By)[gc.heap.generation=gen1],Metric,0
09/11/2026 06:01:47,System.Runtime,dotnet.gc.last_collection.heap.size (By)[gc.heap.generation=poh],Metric,0
09/11/2026 06:01:47,System.Runtime,dotnet.gc.last_collection.heap.size (By)[gc.heap.generation=loh],Metric,0
09/11/2026 06:01:47,System.Runtime,dotnet.thread_pool.work_item.count ({work_item} / 1 sec),Rate,601
09/11/2026 06:01:47,System.Runtime,dotnet.process.memory.working_set (By),Metric,113934336
09/11/2026 06:01:47,System.Runtime,dotnet.thread_pool.thread.count ({thread} / 1 sec),Rate,0
09/11/2026 06:01:47,System.Runtime,dotnet.jit.compilation.time (s / 1 sec),Rate,0
09/11/2026 06:01:48,System.Runtime,dotnet.jit.compiled_il.size (By / 1 sec),Rate,0
09/11/2026 06:01:48,System.Runtime,dotnet.jit.compiled_methods ({method} / 1 sec),Rate,0
09/11/2026 06:01:48,System.Runtime,dotnet.monitor.lock_contentions ({contention} / 1 sec),Rate,0
09/11/2026 06:01:48,System.Runtime,dotnet.gc.collections ({collection} / 1 sec)[gc.heap.generation=gen2],Rate,0
09/11/2026 06:01:48,System.Runtime,dotnet.gc.collections ({collection} / 1 sec)[gc.heap.generation=gen0],Rate,0
09/11/2026 06:01:48,System.Runtime,dotnet.gc.collections ({collection} / 1 sec)[gc.heap.generation=gen1],Rate,0
09/11/2026 06:01:48,System.Runtime,dotnet.process.cpu.time (s / 1 sec)[cpu.mode=system],Rate,0.039094000000000406
09/11/2026 06:01:48,System.Runtime,dotnet.process.cpu.time (s / 1 sec)[cpu.mode=user],Rate,0.5923200000000151
09/11/2026 06:01:48,System.Runtime,dotnet.process.cpu.count ({cpu}),Metric,15
09/11/2026 06:01:48,System.Runtime,dotnet.gc.pause.time (s / 1 sec),Rate,0
09/11/2026 06:01:48,System.Runtime,dotnet.thread_pool.queue.length ({work_item} / 1 sec),Rate,0
09/11/2026 06:01:48,System.Runtime,dotnet.gc.last_collection.memory.committed_size (By),Metric,0
09/11/2026 06:01:48,System.Runtime,dotnet.gc.last_collection.heap.fragmentation.size (By)[gc.heap.generation=gen2],Metric,0
09/11/2026 06:01:48,System.Runtime,dotnet.gc.last_collection.heap.fragmentation.size (By)[gc.heap.generation=gen0],Metric,0
09/11/2026 06:01:48,System.Runtime,dotnet.gc.last_collection.heap.fragmentation.size (By)[gc.heap.generation=gen1],Metric,0
09/11/2026 06:01:48,System.Runtime,dotnet.gc.last_collection.heap.fragmentation.size (By)[gc.heap.generation=poh],Metric,0
09/11/2026 06:01:48,System.Runtime,dotnet.gc.last_collection.heap.fragmentation.size (By)[gc.heap.generation=loh],Metric,0
09/11/2026 06:01:48,System.Runtime,dotnet.timer.count ({timer}),Metric,2
09/11/2026 06:01:48,System.Runtime,dotnet.assembly.count ({assembly}),Metric,61
09/11/2026 06:01:48,System.Runtime,dotnet.gc.heap.total_allocated (By / 1 sec),Rate,137240
09/11/2026 06:01:48,System.Runtime,dotnet.gc.last_collection.heap.size (By)[gc.heap.generation=gen2],Metric,0
09/11/2026 06:01:48,System.Runtime,dotnet.gc.last_collection.heap.size (By)[gc.heap.generation=gen0],Metric,0
09/11/2026 06:01:48,System.Runtime,dotnet.gc.last_collection.heap.size (By)[gc.heap.generation=gen1],Metric,0
09/11/2026 06:01:48,System.Runtime,dotnet.gc.last_collection.heap.size (By)[gc.heap.generation=poh],Metric,0
09/11/2026 06:01:48,System.Runtime,dotnet.gc.last_collection.heap.size (By)[gc.heap.generation=loh],Metric,0
09/11/2026 06:01:48,System.Runtime,dotnet.thread_pool.work_item.count ({work_item} / 1 sec),Rate,602
09/11/2026 06:01:48,System.Runtime,dotnet.process.memory.working_set (By),Metric,114098176
09/11/2026 06:01:48,System.Runtime,dotnet.thread_pool.thread.count ({thread} / 1 sec),Rate,0
09/11/2026 06:01:48,System.Runtime,dotnet.jit.compilation.time (s / 1 sec),Rate,0
09/11/2026 06:01:49,System.Runtime,dotnet.jit.compiled_il.size (By / 1 sec),Rate,0
09/11/2026 06:01:49,System.Runtime,dotnet.jit.compiled_methods ({method} / 1 sec),Rate,0
09/11/2026 06:01:49,System.Runtime,dotnet.monitor.lock_contentions ({contention} / 1 sec),Rate,0
09/11/2026 06:01:49,System.Runtime,dotnet.gc.collections ({collection} / 1 sec)[gc.heap.generation=gen2],Rate,0
09/11/2026 06:01:49,System.Runtime,dotnet.gc.collections ({collection} / 1 sec)[gc.heap.generation=gen0],Rate,0
09/11/2026 06:01:49,System.Runtime,dotnet.gc.collections ({collection} / 1 sec)[gc.heap.generation=gen1],Rate,0
09/11/2026 06:01:49,System.Runtime,dotnet.process.cpu.time (s / 1 sec)[cpu.mode=system],Rate,0.03760199999999969
09/11/2026 06:01:49,System.Runtime,dotnet.process.cpu.time (s / 1 sec)[cpu.mode=user],Rate,0.5836959999999749
09/11/2026 06:01:49,System.Runtime,dotnet.process.cpu.count ({cpu}),Metric,15
09/11/2026 06:01:49,System.Runtime,dotnet.gc.pause.time (s / 1 sec),Rate,0
09/11/2026 06:01:49,System.Runtime,dotnet.thread_pool.queue.length ({work_item} / 1 sec),Rate,0
09/11/2026 06:01:49,System.Runtime,dotnet.gc.last_collection.memory.committed_size (By),Metric,0
09/11/2026 06:01:49,System.Runtime,dotnet.gc.last_collection.heap.fragmentation.size (By)[gc.heap.generation=gen2],Metric,0
09/11/2026 06:01:49,System.Runtime,dotnet.gc.last_collection.heap.fragmentation.size (By)[gc.heap.generation=gen0],Metric,0
09/11/2026 06:01:49,System.Runtime,dotnet.gc.last_collection.heap.fragmentation.size (By)[gc.heap.generation=gen1],Metric,0
09/11/2026 06:01:49,System.Runtime,dotnet.gc.last_collection.heap.fragmentation.size (By)[gc.heap.generation=poh],Metric,0
09/11/2026 06:01:49,System.Runtime,dotnet.gc.last_collection.heap.fragmentation.size (By)[gc.heap.generation=loh],Metric,0
09/11/2026 06:01:49,System.Runtime,dotnet.timer.count ({timer}),Metric,2
09/11/2026 06:01:49,System.Runtime,dotnet.assembly.count ({assembly}),Metric,61
09/11/2026 06:01:49,System.Runtime,dotnet.gc.heap.total_allocated (By / 1 sec),Rate,138376
09/11/2026 06:01:49,System.Runtime,dotnet.gc.last_collection.heap.size (By)[gc.heap.generation=gen2],Metric,0
09/11/2026 06:01:49,System.Runtime,dotnet.gc.last_collection.heap.size (By)[gc.heap.generation=gen0],Metric,0
09/11/2026 06:01:49,System.Runtime,dotnet.gc.last_collection.heap.size (By)[gc.heap.generation=gen1],Metric,0
09/11/2026 06:01:49,System.Runtime,dotnet.gc.last_collection.heap.size (By)[gc.heap.generation=poh],Metric,0
09/11/2026 06:01:49,System.Runtime,dotnet.gc.last_collection.heap.size (By)[gc.heap.generation=loh],Metric,0
09/11/2026 06:01:49,System.Runtime,dotnet.thread_pool.work_item.count ({work_item} / 1 sec),Rate,601
09/11/2026 06:01:49,System.Runtime,dotnet.process.memory.working_set (By),Metric,114229248
09/11/2026 06:01:49,System.Runtime,dotnet.thread_pool.thread.count ({thread} / 1 sec),Rate,0
09/11/2026 06:01:49,System.Runtime,dotnet.jit.compilation.time (s / 1 sec),Rate,0
09/11/2026 06:01:50,System.Runtime,dotnet.jit.compiled_il.size (By / 1 sec),Rate,0
09/11/2026 06:01:50,System.Runtime,dotnet.jit.compiled_methods ({method} / 1 sec),Rate,0
09/11/2026 06:01:50,System.Runtime,dotnet.monitor.lock_contentions ({contention} / 1 sec),Rate,0
09/11/2026 06:01:50,System.Runtime,dotnet.gc.collections ({collection} / 1 sec)[gc.heap.generation=gen2],Rate,0
09/11/2026 06:01:50,System.Runtime,dotnet.gc.collections ({collection} / 1 sec)[gc.heap.generation=gen0],Rate,0
09/11/2026 06:01:50,System.Runtime,dotnet.gc.collections ({collection} / 1 sec)[gc.heap.generation=gen1],Rate,0
09/11/2026 06:01:50,System.Runtime,dotnet.process.cpu.time (s / 1 sec)[cpu.mode=system],Rate,0.03563500000000097
09/11/2026 06:01:50,System.Runtime,dotnet.process.cpu.time (s / 1 sec)[cpu.mode=user],Rate,0.5880110000000229
09/11/2026 06:01:50,System.Runtime,dotnet.process.cpu.count ({cpu}),Metric,15
09/11/2026 06:01:50,System.Runtime,dotnet.gc.pause.time (s / 1 sec),Rate,0
09/11/2026 06:01:50,System.Runtime,dotnet.thread_pool.queue.length ({work_item} / 1 sec),Rate,0
09/11/2026 06:01:50,System.Runtime,dotnet.gc.last_collection.memory.committed_size (By),Metric,0
09/11/2026 06:01:50,System.Runtime,dotnet.gc.last_collection.heap.fragmentation.size (By)[gc.heap.generation=gen2],Metric,0
09/11/2026 06:01:50,System.Runtime,dotnet.gc.last_collection.heap.fragmentation.size (By)[gc.heap.generation=gen0],Metric,0
09/11/2026 06:01:50,System.Runtime,dotnet.gc.last_collection.heap.fragmentation.size (By)[gc.heap.generation=gen1],Metric,0
09/11/2026 06:01:50,System.Runtime,dotnet.gc.last_collection.heap.fragmentation.size (By)[gc.heap.generation=poh],Metric,0
09/11/2026 06:01:50,System.Runtime,dotnet.gc.last_collection.heap.fragmentation.size (By)[gc.heap.generation=loh],Metric,0
09/11/2026 06:01:50,System.Runtime,dotnet.timer.count ({timer}),Metric,2
09/11/2026 06:01:50,System.Runtime,dotnet.assembly.count ({assembly}),Metric,61
09/11/2026 06:01:50,System.Runtime,dotnet.gc.heap.total_allocated (By / 1 sec),Rate,131200
09/11/2026 06:01:50,System.Runtime,dotnet.gc.last_collection.heap.size (By)[gc.heap.generation=gen2],Metric,0
09/11/2026 06:01:50,System.Runtime,dotnet.gc.last_collection.heap.size (By)[gc.heap.generation=gen0],Metric,0
09/11/2026 06:01:50,System.Runtime,dotnet.gc.last_collection.heap.size (By)[gc.heap.generation=gen1],Metric,0
09/11/2026 06:01:50,System.Runtime,dotnet.gc.last_collection.heap.size (By)[gc.heap.generation=poh],Metric,0
09/11/2026 06:01:50,System.Runtime,dotnet.gc.last_collection.heap.size (By)[gc.heap.generation=loh],Metric,0
09/11/2026 06:01:50,System.Runtime,dotnet.thread_pool.work_item.count ({work_item} / 1 sec),Rate,601
09/11/2026 06:01:50,System.Runtime,dotnet.process.memory.working_set (By),Metric,114409472
09/11/2026 06:01:50,System.Runtime,dotnet.thread_pool.thread.count ({thread} / 1 sec),Rate,0
09/11/2026 06:01:50,System.Runtime,dotnet.jit.compilation.time (s / 1 sec),Rate,0
09/11/2026 06:01:51,System.Runtime,dotnet.jit.compiled_il.size (By / 1 sec),Rate,0
09/11/2026 06:01:51,System.Runtime,dotnet.jit.compiled_methods ({method} / 1 sec),Rate,0
09/11/2026 06:01:51,System.Runtime,dotnet.monitor.lock_contentions ({contention} / 1 sec),Rate,0
09/11/2026 06:01:51,System.Runtime,dotnet.gc.collections ({collection} / 1 sec)[gc.heap.generation=gen2],Rate,0
09/11/2026 06:01:51,System.Runtime,dotnet.gc.collections ({collection} / 1 sec)[gc.heap.generation=gen0],Rate,0
09/11/2026 06:01:51,System.Runtime,dotnet.gc.collections ({collection} / 1 sec)[gc.heap.generation=gen1],Rate,0
09/11/2026 06:01:51,System.Runtime,dotnet.process.cpu.time (s / 1 sec)[cpu.mode=system],Rate,0.038678999999998354
09/11/2026 06:01:51,System.Runtime,dotnet.process.cpu.time (s / 1 sec)[cpu.mode=user],Rate,0.5889099999999985
09/11/2026 06:01:51,System.Runtime,dotnet.process.cpu.count ({cpu}),Metric,15
09/11/2026 06:01:51,System.Runtime,dotnet.gc.pause.time (s / 1 sec),Rate,0
09/11/2026 06:01:51,System.Runtime,dotnet.thread_pool.queue.length ({work_item} / 1 sec),Rate,0
09/11/2026 06:01:51,System.Runtime,dotnet.gc.last_collection.memory.committed_size (By),Metric,0
09/11/2026 06:01:51,System.Runtime,dotnet.gc.last_collection.heap.fragmentation.size (By)[gc.heap.generation=gen2],Metric,0
09/11/2026 06:01:51,System.Runtime,dotnet.gc.last_collection.heap.fragmentation.size (By)[gc.heap.generation=gen0],Metric,0
09/11/2026 06:01:51,System.Runtime,dotnet.gc.last_collection.heap.fragmentation.size (By)[gc.heap.generation=gen1],Metric,0
09/11/2026 06:01:51,System.Runtime,dotnet.gc.last_collection.heap.fragmentation.size (By)[gc.heap.generation=poh],Metric,0
09/11/2026 06:01:51,System.Runtime,dotnet.gc.last_collection.heap.fragmentation.size (By)[gc.heap.generation=loh],Metric,0
09/11/2026 06:01:51,System.Runtime,dotnet.timer.count ({timer}),Metric,3
09/11/2026 06:01:51,System.Runtime,dotnet.assembly.count ({assembly}),Metric,61
09/11/2026 06:01:51,System.Runtime,dotnet.gc.heap.total_allocated (By / 1 sec),Rate,131192
09/11/2026 06:01:51,System.Runtime,dotnet.gc.last_collection.heap.size (By)[gc.heap.generation=gen2],Metric,0
09/11/2026 06:01:51,System.Runtime,dotnet.gc.last_collection.heap.size (By)[gc.heap.generation=gen0],Metric,0
09/11/2026 06:01:51,System.Runtime,dotnet.gc.last_collection.heap.size (By)[gc.heap.generation=gen1],Metric,0
09/11/2026 06:01:51,System.Runtime,dotnet.gc.last_collection.heap.size (By)[gc.heap.generation=poh],Metric,0
09/11/2026 06:01:51,System.Runtime,dotnet.gc.last_collection.heap.size (By)[gc.heap.generation=loh],Metric,0
09/11/2026 06:01:51,System.Runtime,dotnet.thread_pool.work_item.count ({work_item} / 1 sec),Rate,601
09/11/2026 06:01:51,System.Runtime,dotnet.process.memory.working_set (By),Metric,114540544
09/11/2026 06:01:51,System.Runtime,dotnet.thread_pool.thread.count ({thread} / 1 sec),Rate,0
09/11/2026 06:01:51,System.Runtime,dotnet.jit.compilation.time (s / 1 sec),Rate,0
09/11/2026 06:01:52,System.Runtime,dotnet.jit.compiled_il.size (By / 1 sec),Rate,0
09/11/2026 06:01:52,System.Runtime,dotnet.jit.compiled_methods ({method} / 1 sec),Rate,0
09/11/2026 06:01:52,System.Runtime,dotnet.monitor.lock_contentions ({contention} / 1 sec),Rate,0
09/11/2026 06:01:52,System.Runtime,dotnet.gc.collections ({collection} / 1 sec)[gc.heap.generation=gen2],Rate,0
09/11/2026 06:01:52,System.Runtime,dotnet.gc.collections ({collection} / 1 sec)[gc.heap.generation=gen0],Rate,0
09/11/2026 06:01:52,System.Runtime,dotnet.gc.collections ({collection} / 1 sec)[gc.heap.generation=gen1],Rate,0
09/11/2026 06:01:52,System.Runtime,dotnet.process.cpu.time (s / 1 sec)[cpu.mode=system],Rate,0.04009200000000135
09/11/2026 06:01:52,System.Runtime,dotnet.process.cpu.time (s / 1 sec)[cpu.mode=user],Rate,0.5895659999999907
09/11/2026 06:01:52,System.Runtime,dotnet.process.cpu.count ({cpu}),Metric,15
09/11/2026 06:01:52,System.Runtime,dotnet.gc.pause.time (s / 1 sec),Rate,0
09/11/2026 06:01:52,System.Runtime,dotnet.thread_pool.queue.length ({work_item} / 1 sec),Rate,0
09/11/2026 06:01:52,System.Runtime,dotnet.gc.last_collection.memory.committed_size (By),Metric,0
09/11/2026 06:01:52,System.Runtime,dotnet.gc.last_collection.heap.fragmentation.size (By)[gc.heap.generation=gen2],Metric,0
09/11/2026 06:01:52,System.Runtime,dotnet.gc.last_collection.heap.fragmentation.size (By)[gc.heap.generation=gen0],Metric,0
09/11/2026 06:01:52,System.Runtime,dotnet.gc.last_collection.heap.fragmentation.size (By)[gc.heap.generation=gen1],Metric,0
09/11/2026 06:01:52,System.Runtime,dotnet.gc.last_collection.heap.fragmentation.size (By)[gc.heap.generation=poh],Metric,0
09/11/2026 06:01:52,System.Runtime,dotnet.gc.last_collection.heap.fragmentation.size (By)[gc.heap.generation=loh],Metric,0
09/11/2026 06:01:52,System.Runtime,dotnet.timer.count ({timer}),Metric,2
09/11/2026 06:01:52,System.Runtime,dotnet.assembly.count ({assembly}),Metric,61
09/11/2026 06:01:52,System.Runtime,dotnet.gc.heap.total_allocated (By / 1 sec),Rate,138344
09/11/2026 06:01:52,System.Runtime,dotnet.gc.last_collection.heap.size (By)[gc.heap.generation=gen2],Metric,0
09/11/2026 06:01:52,System.Runtime,dotnet.gc.last_collection.heap.size (By)[gc.heap.generation=gen0],Metric,0
09/11/2026 06:01:52,System.Runtime,dotnet.gc.last_collection.heap.size (By)[gc.heap.generation=gen1],Metric,0
09/11/2026 06:01:52,System.Runtime,dotnet.gc.last_collection.heap.size (By)[gc.heap.generation=poh],Metric,0
09/11/2026 06:01:52,System.Runtime,dotnet.gc.last_collection.heap.size (By)[gc.heap.generation=loh],Metric,0
09/11/2026 06:01:52,System.Runtime,dotnet.thread_pool.work_item.count ({work_item} / 1 sec),Rate,601
09/11/2026 06:01:52,System.Runtime,dotnet.process.memory.working_set (By),Metric,114704384
09/11/2026 06:01:52,System.Runtime,dotnet.thread_pool.thread.count ({thread} / 1 sec),Rate,0
09/11/2026 06:01:52,System.Runtime,dotnet.jit.compilation.time (s / 1 sec),Rate,0
09/11/2026 06:01:53,System.Runtime,dotnet.jit.compiled_il.size (By / 1 sec),Rate,0
09/11/2026 06:01:53,System.Runtime,dotnet.jit.compiled_methods ({method} / 1 sec),Rate,0
09/11/2026 06:01:53,System.Runtime,dotnet.monitor.lock_contentions ({contention} / 1 sec),Rate,0
09/11/2026 06:01:53,System.Runtime,dotnet.gc.collections ({collection} / 1 sec)[gc.heap.generation=gen2],Rate,0
09/11/2026 06:01:53,System.Runtime,dotnet.gc.collections ({collection} / 1 sec)[gc.heap.generation=gen0],Rate,0
09/11/2026 06:01:53,System.Runtime,dotnet.gc.collections ({collection} / 1 sec)[gc.heap.generation=gen1],Rate,0
09/11/2026 06:01:53,System.Runtime,dotnet.process.cpu.time (s / 1 sec)[cpu.mode=system],Rate,0.037479999999998626
09/11/2026 06:01:53,System.Runtime,dotnet.process.cpu.time (s / 1 sec)[cpu.mode=user],Rate,0.5905970000000025
09/11/2026 06:01:53,System.Runtime,dotnet.process.cpu.count ({cpu}),Metric,15
09/11/2026 06:01:53,System.Runtime,dotnet.gc.pause.time (s / 1 sec),Rate,0
09/11/2026 06:01:53,System.Runtime,dotnet.thread_pool.queue.length ({work_item} / 1 sec),Rate,0
09/11/2026 06:01:53,System.Runtime,dotnet.gc.last_collection.memory.committed_size (By),Metric,0
09/11/2026 06:01:53,System.Runtime,dotnet.gc.last_collection.heap.fragmentation.size (By)[gc.heap.generation=gen2],Metric,0
09/11/2026 06:01:53,System.Runtime,dotnet.gc.last_collection.heap.fragmentation.size (By)[gc.heap.generation=gen0],Metric,0
09/11/2026 06:01:53,System.Runtime,dotnet.gc.last_collection.heap.fragmentation.size (By)[gc.heap.generation=gen1],Metric,0
09/11/2026 06:01:53,System.Runtime,dotnet.gc.last_collection.heap.fragmentation.size (By)[gc.heap.generation=poh],Metric,0
09/11/2026 06:01:53,System.Runtime,dotnet.gc.last_collection.heap.fragmentation.size (By)[gc.heap.generation=loh],Metric,0
09/11/2026 06:01:53,System.Runtime,dotnet.timer.count ({timer}),Metric,2
09/11/2026 06:01:53,System.Runtime,dotnet.assembly.count ({assembly}),Metric,61
09/11/2026 06:01:53,System.Runtime,dotnet.gc.heap.total_allocated (By / 1 sec),Rate,147520
09/11/2026 06:01:53,System.Runtime,dotnet.gc.last_collection.heap.size (By)[gc.heap.generation=gen2],Metric,0
09/11/2026 06:01:53,System.Runtime,dotnet.gc.last_collection.heap.size (By)[gc.heap.generation=gen0],Metric,0
09/11/2026 06:01:53,System.Runtime,dotnet.gc.last_collection.heap.size (By)[gc.heap.generation=gen1],Metric,0
09/11/2026 06:01:53,System.Runtime,dotnet.gc.last_collection.heap.size (By)[gc.heap.generation=poh],Metric,0
09/11/2026 06:01:53,System.Runtime,dotnet.gc.last_collection.heap.size (By)[gc.heap.generation=loh],Metric,0
09/11/2026 06:01:53,System.Runtime,dotnet.thread_pool.work_item.count ({work_item} / 1 sec),Rate,602
09/11/2026 06:01:53,System.Runtime,dotnet.process.memory.working_set (By),Metric,114884608
09/11/2026 06:01:53,System.Runtime,dotnet.thread_pool.thread.count ({thread} / 1 sec),Rate,0
09/11/2026 06:01:53,System.Runtime,dotnet.jit.compilation.time (s / 1 sec),Rate,0
09/11/2026 06:01:54,System.Runtime,dotnet.jit.compiled_il.size (By / 1 sec),Rate,0
09/11/2026 06:01:54,System.Runtime,dotnet.jit.compiled_methods ({method} / 1 sec),Rate,0
09/11/2026 06:01:54,System.Runtime,dotnet.monitor.lock_contentions ({contention} / 1 sec),Rate,0
09/11/2026 06:01:54,System.Runtime,dotnet.gc.collections ({collection} / 1 sec)[gc.heap.generation=gen2],Rate,0
09/11/2026 06:01:54,System.Runtime,dotnet.gc.collections ({collection} / 1 sec)[gc.heap.generation=gen0],Rate,0
09/11/2026 06:01:54,System.Runtime,dotnet.gc.collections ({collection} / 1 sec)[gc.heap.generation=gen1],Rate,0
09/11/2026 06:01:54,System.Runtime,dotnet.process.cpu.time (s / 1 sec)[cpu.mode=system],Rate,0.036728000000000094
09/11/2026 06:01:54,System.Runtime,dotnet.process.cpu.time (s / 1 sec)[cpu.mode=user],Rate,0.5878889999999899
09/11/2026 06:01:54,System.Runtime,dotnet.process.cpu.count ({cpu}),Metric,15
09/11/2026 06:01:54,System.Runtime,dotnet.gc.pause.time (s / 1 sec),Rate,0
09/11/2026 06:01:54,System.Runtime,dotnet.thread_pool.queue.length ({work_item} / 1 sec),Rate,0
09/11/2026 06:01:54,System.Runtime,dotnet.gc.last_collection.memory.committed_size (By),Metric,0
09/11/2026 06:01:54,System.Runtime,dotnet.gc.last_collection.heap.fragmentation.size (By)[gc.heap.generation=gen2],Metric,0
09/11/2026 06:01:54,System.Runtime,dotnet.gc.last_collection.heap.fragmentation.size (By)[gc.heap.generation=gen0],Metric,0
09/11/2026 06:01:54,System.Runtime,dotnet.gc.last_collection.heap.fragmentation.size (By)[gc.heap.generation=gen1],Metric,0
09/11/2026 06:01:54,System.Runtime,dotnet.gc.last_collection.heap.fragmentation.size (By)[gc.heap.generation=poh],Metric,0
09/11/2026 06:01:54,System.Runtime,dotnet.gc.last_collection.heap.fragmentation.size (By)[gc.heap.generation=loh],Metric,0
09/11/2026 06:01:54,System.Runtime,dotnet.timer.count ({timer}),Metric,2
09/11/2026 06:01:54,System.Runtime,dotnet.assembly.count ({assembly}),Metric,61
09/11/2026 06:01:54,System.Runtime,dotnet.gc.heap.total_allocated (By / 1 sec),Rate,130176
09/11/2026 06:01:54,System.Runtime,dotnet.gc.last_collection.heap.size (By)[gc.heap.generation=gen2],Metric,0
09/11/2026 06:01:54,System.Runtime,dotnet.gc.last_collection.heap.size (By)[gc.heap.generation=gen0],Metric,0
09/11/2026 06:01:54,System.Runtime,dotnet.gc.last_collection.heap.size (By)[gc.heap.generation=gen1],Metric,0
09/11/2026 06:01:54,System.Runtime,dotnet.gc.last_collection.heap.size (By)[gc.heap.generation=poh],Metric,0
09/11/2026 06:01:54,System.Runtime,dotnet.gc.last_collection.heap.size (By)[gc.heap.generation=loh],Metric,0
09/11/2026 06:01:54,System.Runtime,dotnet.thread_pool.work_item.count ({work_item} / 1 sec),Rate,601
09/11/2026 06:01:54,System.Runtime,dotnet.process.memory.working_set (By),Metric,115015680
09/11/2026 06:01:54,System.Runtime,dotnet.thread_pool.thread.count ({thread} / 1 sec),Rate,0
09/11/2026 06:01:54,System.Runtime,dotnet.jit.compilation.time (s / 1 sec),Rate,0
09/11/2026 06:01:55,System.Runtime,dotnet.jit.compiled_il.size (By / 1 sec),Rate,0
09/11/2026 06:01:55,System.Runtime,dotnet.jit.compiled_methods ({method} / 1 sec),Rate,0
09/11/2026 06:01:55,System.Runtime,dotnet.monitor.lock_contentions ({contention} / 1 sec),Rate,0
09/11/2026 06:01:55,System.Runtime,dotnet.gc.collections ({collection} / 1 sec)[gc.heap.generation=gen2],Rate,0
09/11/2026 06:01:55,System.Runtime,dotnet.gc.collections ({collection} / 1 sec)[gc.heap.generation=gen0],Rate,0
09/11/2026 06:01:55,System.Runtime,dotnet.gc.collections ({collection} / 1 sec)[gc.heap.generation=gen1],Rate,0
09/11/2026 06:01:55,System.Runtime,dotnet.process.cpu.time (s / 1 sec)[cpu.mode=system],Rate,0.036484000000001515
09/11/2026 06:01:55,System.Runtime,dotnet.process.cpu.time (s / 1 sec)[cpu.mode=user],Rate,0.5886670000000152
09/11/2026 06:01:55,System.Runtime,dotnet.process.cpu.count ({cpu}),Metric,15
09/11/2026 06:01:55,System.Runtime,dotnet.gc.pause.time (s / 1 sec),Rate,0
09/11/2026 06:01:55,System.Runtime,dotnet.thread_pool.queue.length ({work_item} / 1 sec),Rate,0
09/11/2026 06:01:55,System.Runtime,dotnet.gc.last_collection.memory.committed_size (By),Metric,0
09/11/2026 06:01:55,System.Runtime,dotnet.gc.last_collection.heap.fragmentation.size (By)[gc.heap.generation=gen2],Metric,0
09/11/2026 06:01:55,System.Runtime,dotnet.gc.last_collection.heap.fragmentation.size (By)[gc.heap.generation=gen0],Metric,0
09/11/2026 06:01:55,System.Runtime,dotnet.gc.last_collection.heap.fragmentation.size (By)[gc.heap.generation=gen1],Metric,0
09/11/2026 06:01:55,System.Runtime,dotnet.gc.last_collection.heap.fragmentation.size (By)[gc.heap.generation=poh],Metric,0
09/11/2026 06:01:55,System.Runtime,dotnet.gc.last_collection.heap.fragmentation.size (By)[gc.heap.generation=loh],Metric,0
09/11/2026 06:01:55,System.Runtime,dotnet.timer.count ({timer}),Metric,2
09/11/2026 06:01:55,System.Runtime,dotnet.assembly.count ({assembly}),Metric,61
09/11/2026 06:01:55,System.Runtime,dotnet.gc.heap.total_allocated (By / 1 sec),Rate,131200
09/11/2026 06:01:55,System.Runtime,dotnet.gc.last_collection.heap.size (By)[gc.heap.generation=gen2],Metric,0
09/11/2026 06:01:55,System.Runtime,dotnet.gc.last_collection.heap.size (By)[gc.heap.generation=gen0],Metric,0
09/11/2026 06:01:55,System.Runtime,dotnet.gc.last_collection.heap.size (By)[gc.heap.generation=gen1],Metric,0
09/11/2026 06:01:55,System.Runtime,dotnet.gc.last_collection.heap.size (By)[gc.heap.generation=poh],Metric,0
09/11/2026 06:01:55,System.Runtime,dotnet.gc.last_collection.heap.size (By)[gc.heap.generation=loh],Metric,0
09/11/2026 06:01:55,System.Runtime,dotnet.thread_pool.work_item.count ({work_item} / 1 sec),Rate,601
09/11/2026 06:01:55,System.Runtime,dotnet.process.memory.working_set (By),Metric,115179520
09/11/2026 06:01:55,System.Runtime,dotnet.thread_pool.thread.count ({thread} / 1 sec),Rate,0
09/11/2026 06:01:55,System.Runtime,dotnet.jit.compilation.time (s / 1 sec),Rate,0
09/11/2026 06:01:56,System.Runtime,dotnet.jit.compiled_il.size (By / 1 sec),Rate,0
09/11/2026 06:01:56,System.Runtime,dotnet.jit.compiled_methods ({method} / 1 sec),Rate,0
09/11/2026 06:01:56,System.Runtime,dotnet.monitor.lock_contentions ({contention} / 1 sec),Rate,0
09/11/2026 06:01:56,System.Runtime,dotnet.gc.collections ({collection} / 1 sec)[gc.heap.generation=gen2],Rate,0
09/11/2026 06:01:56,System.Runtime,dotnet.gc.collections ({collection} / 1 sec)[gc.heap.generation=gen0],Rate,0
09/11/2026 06:01:56,System.Runtime,dotnet.gc.collections ({collection} / 1 sec)[gc.heap.generation=gen1],Rate,0
09/11/2026 06:01:56,System.Runtime,dotnet.process.cpu.time (s / 1 sec)[cpu.mode=system],Rate,0.03584899999999891
09/11/2026 06:01:56,System.Runtime,dotnet.process.cpu.time (s / 1 sec)[cpu.mode=user],Rate,0.5888300000000015
09/11/2026 06:01:56,System.Runtime,dotnet.process.cpu.count ({cpu}),Metric,15
09/11/2026 06:01:56,System.Runtime,dotnet.gc.pause.time (s / 1 sec),Rate,0
09/11/2026 06:01:56,System.Runtime,dotnet.thread_pool.queue.length ({work_item} / 1 sec),Rate,0
09/11/2026 06:01:56,System.Runtime,dotnet.gc.last_collection.memory.committed_size (By),Metric,0
09/11/2026 06:01:56,System.Runtime,dotnet.gc.last_collection.heap.fragmentation.size (By)[gc.heap.generation=gen2],Metric,0
09/11/2026 06:01:56,System.Runtime,dotnet.gc.last_collection.heap.fragmentation.size (By)[gc.heap.generation=gen0],Metric,0
09/11/2026 06:01:56,System.Runtime,dotnet.gc.last_collection.heap.fragmentation.size (By)[gc.heap.generation=gen1],Metric,0
09/11/2026 06:01:56,System.Runtime,dotnet.gc.last_collection.heap.fragmentation.size (By)[gc.heap.generation=poh],Metric,0
09/11/2026 06:01:56,System.Runtime,dotnet.gc.last_collection.heap.fragmentation.size (By)[gc.heap.generation=loh],Metric,0
09/11/2026 06:01:56,System.Runtime,dotnet.timer.count ({timer}),Metric,2
09/11/2026 06:01:56,System.Runtime,dotnet.assembly.count ({assembly}),Metric,61
09/11/2026 06:01:56,System.Runtime,dotnet.gc.heap.total_allocated (By / 1 sec),Rate,139400
09/11/2026 06:01:56,System.Runtime,dotnet.gc.last_collection.heap.size (By)[gc.heap.generation=gen2],Metric,0
09/11/2026 06:01:56,System.Runtime,dotnet.gc.last_collection.heap.size (By)[gc.heap.generation=gen0],Metric,0
09/11/2026 06:01:56,System.Runtime,dotnet.gc.last_collection.heap.size (By)[gc.heap.generation=gen1],Metric,0
09/11/2026 06:01:56,System.Runtime,dotnet.gc.last_collection.heap.size (By)[gc.heap.generation=poh],Metric,0
09/11/2026 06:01:56,System.Runtime,dotnet.gc.last_collection.heap.size (By)[gc.heap.generation=loh],Metric,0
09/11/2026 06:01:56,System.Runtime,dotnet.thread_pool.work_item.count ({work_item} / 1 sec),Rate,601
09/11/2026 06:01:56,System.Runtime,dotnet.process.memory.working_set (By),Metric,115326976
09/11/2026 06:01:56,System.Runtime,dotnet.thread_pool.thread.count ({thread} / 1 sec),Rate,0
09/11/2026 06:01:56,System.Runtime,dotnet.jit.compilation.time (s / 1 sec),Rate,0
09/11/2026 06:01:57,System.Runtime,dotnet.jit.compiled_il.size (By / 1 sec),Rate,0
09/11/2026 06:01:57,System.Runtime,dotnet.jit.compiled_methods ({method} / 1 sec),Rate,0
09/11/2026 06:01:57,System.Runtime,dotnet.monitor.lock_contentions ({contention} / 1 sec),Rate,0
09/11/2026 06:01:57,System.Runtime,dotnet.gc.collections ({collection} / 1 sec)[gc.heap.generation=gen2],Rate,0
09/11/2026 06:01:57,System.Runtime,dotnet.gc.collections ({collection} / 1 sec)[gc.heap.generation=gen0],Rate,0
09/11/2026 06:01:57,System.Runtime,dotnet.gc.collections ({collection} / 1 sec)[gc.heap.generation=gen1],Rate,0
09/11/2026 06:01:57,System.Runtime,dotnet.process.cpu.time (s / 1 sec)[cpu.mode=system],Rate,0.0371100000000002
09/11/2026 06:01:57,System.Runtime,dotnet.process.cpu.time (s / 1 sec)[cpu.mode=user],Rate,0.5893690000000049
09/11/2026 06:01:57,System.Runtime,dotnet.process.cpu.count ({cpu}),Metric,15
09/11/2026 06:01:57,System.Runtime,dotnet.gc.pause.time (s / 1 sec),Rate,0
09/11/2026 06:01:57,System.Runtime,dotnet.thread_pool.queue.length ({work_item} / 1 sec),Rate,0
09/11/2026 06:01:57,System.Runtime,dotnet.gc.last_collection.memory.committed_size (By),Metric,0
09/11/2026 06:01:57,System.Runtime,dotnet.gc.last_collection.heap.fragmentation.size (By)[gc.heap.generation=gen2],Metric,0
09/11/2026 06:01:57,System.Runtime,dotnet.gc.last_collection.heap.fragmentation.size (By)[gc.heap.generation=gen0],Metric,0
09/11/2026 06:01:57,System.Runtime,dotnet.gc.last_collection.heap.fragmentation.size (By)[gc.heap.generation=gen1],Metric,0
09/11/2026 06:01:57,System.Runtime,dotnet.gc.last_collection.heap.fragmentation.size (By)[gc.heap.generation=poh],Metric,0
09/11/2026 06:01:57,System.Runtime,dotnet.gc.last_collection.heap.fragmentation.size (By)[gc.heap.generation=loh],Metric,0
09/11/2026 06:01:57,System.Runtime,dotnet.timer.count ({timer}),Metric,2
09/11/2026 06:01:57,System.Runtime,dotnet.assembly.count ({assembly}),Metric,61
09/11/2026 06:01:57,System.Runtime,dotnet.gc.heap.total_allocated (By / 1 sec),Rate,138376
09/11/2026 06:01:57,System.Runtime,dotnet.gc.last_collection.heap.size (By)[gc.heap.generation=gen2],Metric,0
09/11/2026 06:01:57,System.Runtime,dotnet.gc.last_collection.heap.size (By)[gc.heap.generation=gen0],Metric,0
09/11/2026 06:01:57,System.Runtime,dotnet.gc.last_collection.heap.size (By)[gc.heap.generation=gen1],Metric,0
09/11/2026 06:01:57,System.Runtime,dotnet.gc.last_collection.heap.size (By)[gc.heap.generation=poh],Metric,0
09/11/2026 06:01:57,System.Runtime,dotnet.gc.last_collection.heap.size (By)[gc.heap.generation=loh],Metric,0
09/11/2026 06:01:57,System.Runtime,dotnet.thread_pool.work_item.count ({work_item} / 1 sec),Rate,601
09/11/2026 06:01:57,System.Runtime,dotnet.process.memory.working_set (By),Metric,115474432
09/11/2026 06:01:57,System.Runtime,dotnet.thread_pool.thread.count ({thread} / 1 sec),Rate,0
09/11/2026 06:01:57,System.Runtime,dotnet.jit.compilation.time (s / 1 sec),Rate,0
09/11/2026 06:01:58,System.Runtime,dotnet.jit.compiled_il.size (By / 1 sec),Rate,0
09/11/2026 06:01:58,System.Runtime,dotnet.jit.compiled_methods ({method} / 1 sec),Rate,0
09/11/2026 06:01:58,System.Runtime,dotnet.monitor.lock_contentions ({contention} / 1 sec),Rate,0
09/11/2026 06:01:58,System.Runtime,dotnet.gc.collections ({collection} / 1 sec)[gc.heap.generation=gen2],Rate,0
09/11/2026 06:01:58,System.Runtime,dotnet.gc.collections ({collection} / 1 sec)[gc.heap.generation=gen0],Rate,0
09/11/2026 06:01:58,System.Runtime,dotnet.gc.collections ({collection} / 1 sec)[gc.heap.generation=gen1],Rate,0
09/11/2026 06:01:58,System.Runtime,dotnet.process.cpu.time (s / 1 sec)[cpu.mode=system],Rate,0.03820400000000035
09/11/2026 06:01:58,System.Runtime,dotnet.process.cpu.time (s / 1 sec)[cpu.mode=user],Rate,0.5910939999999982
09/11/2026 06:01:58,System.Runtime,dotnet.process.cpu.count ({cpu}),Metric,15
09/11/2026 06:01:58,System.Runtime,dotnet.gc.pause.time (s / 1 sec),Rate,0
09/11/2026 06:01:58,System.Runtime,dotnet.thread_pool.queue.length ({work_item} / 1 sec),Rate,0
09/11/2026 06:01:58,System.Runtime,dotnet.gc.last_collection.memory.committed_size (By),Metric,0
09/11/2026 06:01:58,System.Runtime,dotnet.gc.last_collection.heap.fragmentation.size (By)[gc.heap.generation=gen2],Metric,0
09/11/2026 06:01:58,System.Runtime,dotnet.gc.last_collection.heap.fragmentation.size (By)[gc.heap.generation=gen0],Metric,0
09/11/2026 06:01:58,System.Runtime,dotnet.gc.last_collection.heap.fragmentation.size (By)[gc.heap.generation=gen1],Metric,0
09/11/2026 06:01:58,System.Runtime,dotnet.gc.last_collection.heap.fragmentation.size (By)[gc.heap.generation=poh],Metric,0
09/11/2026 06:01:58,System.Runtime,dotnet.gc.last_collection.heap.fragmentation.size (By)[gc.heap.generation=loh],Metric,0
09/11/2026 06:01:58,System.Runtime,dotnet.timer.count ({timer}),Metric,2
09/11/2026 06:01:58,System.Runtime,dotnet.assembly.count ({assembly}),Metric,61
09/11/2026 06:01:58,System.Runtime,dotnet.gc.heap.total_allocated (By / 1 sec),Rate,138360
09/11/2026 06:01:58,System.Runtime,dotnet.gc.last_collection.heap.size (By)[gc.heap.generation=gen2],Metric,0
09/11/2026 06:01:58,System.Runtime,dotnet.gc.last_collection.heap.size (By)[gc.heap.generation=gen0],Metric,0
09/11/2026 06:01:58,System.Runtime,dotnet.gc.last_collection.heap.size (By)[gc.heap.generation=gen1],Metric,0
09/11/2026 06:01:58,System.Runtime,dotnet.gc.last_collection.heap.size (By)[gc.heap.generation=poh],Metric,0
09/11/2026 06:01:58,System.Runtime,dotnet.gc.last_collection.heap.size (By)[gc.heap.generation=loh],Metric,0
09/11/2026 06:01:58,System.Runtime,dotnet.thread_pool.work_item.count ({work_item} / 1 sec),Rate,602
09/11/2026 06:01:58,System.Runtime,dotnet.process.memory.working_set (By),Metric,115638272
09/11/2026 06:01:58,System.Runtime,dotnet.thread_pool.thread.count ({thread} / 1 sec),Rate,0
09/11/2026 06:01:58,System.Runtime,dotnet.jit.compilation.time (s / 1 sec),Rate,0
09/11/2026 06:01:59,System.Runtime,dotnet.jit.compiled_il.size (By / 1 sec),Rate,0
09/11/2026 06:01:59,System.Runtime,dotnet.jit.compiled_methods ({method} / 1 sec),Rate,0
09/11/2026 06:01:59,System.Runtime,dotnet.monitor.lock_contentions ({contention} / 1 sec),Rate,0
09/11/2026 06:01:59,System.Runtime,dotnet.gc.collections ({collection} / 1 sec)[gc.heap.generation=gen2],Rate,0
09/11/2026 06:01:59,System.Runtime,dotnet.gc.collections ({collection} / 1 sec)[gc.heap.generation=gen0],Rate,0
09/11/2026 06:01:59,System.Runtime,dotnet.gc.collections ({collection} / 1 sec)[gc.heap.generation=gen1],Rate,0
09/11/2026 06:01:59,System.Runtime,dotnet.process.cpu.time (s / 1 sec)[cpu.mode=system],Rate,0.036327
09/11/2026 06:01:59,System.Runtime,dotnet.process.cpu.time (s / 1 sec)[cpu.mode=user],Rate,0.5844949999999756
09/11/2026 06:01:59,System.Runtime,dotnet.process.cpu.count ({cpu}),Metric,15
09/11/2026 06:01:59,System.Runtime,dotnet.gc.pause.time (s / 1 sec),Rate,0
09/11/2026 06:01:59,System.Runtime,dotnet.thread_pool.queue.length ({work_item} / 1 sec),Rate,0
09/11/2026 06:01:59,System.Runtime,dotnet.gc.last_collection.memory.committed_size (By),Metric,0
09/11/2026 06:01:59,System.Runtime,dotnet.gc.last_collection.heap.fragmentation.size (By)[gc.heap.generation=gen2],Metric,0
09/11/2026 06:01:59,System.Runtime,dotnet.gc.last_collection.heap.fragmentation.size (By)[gc.heap.generation=gen0],Metric,0
09/11/2026 06:01:59,System.Runtime,dotnet.gc.last_collection.heap.fragmentation.size (By)[gc.heap.generation=gen1],Metric,0
09/11/2026 06:01:59,System.Runtime,dotnet.gc.last_collection.heap.fragmentation.size (By)[gc.heap.generation=poh],Metric,0
09/11/2026 06:01:59,System.Runtime,dotnet.gc.last_collection.heap.fragmentation.size (By)[gc.heap.generation=loh],Metric,0
09/11/2026 06:01:59,System.Runtime,dotnet.timer.count ({timer}),Metric,3
09/11/2026 06:01:59,System.Runtime,dotnet.assembly.count ({assembly}),Metric,61
09/11/2026 06:01:59,System.Runtime,dotnet.gc.heap.total_allocated (By / 1 sec),Rate,139400
09/11/2026 06:01:59,System.Runtime,dotnet.gc.last_collection.heap.size (By)[gc.heap.generation=gen2],Metric,0
09/11/2026 06:01:59,System.Runtime,dotnet.gc.last_collection.heap.size (By)[gc.heap.generation=gen0],Metric,0
09/11/2026 06:01:59,System.Runtime,dotnet.gc.last_collection.heap.size (By)[gc.heap.generation=gen1],Metric,0
09/11/2026 06:01:59,System.Runtime,dotnet.gc.last_collection.heap.size (By)[gc.heap.generation=poh],Metric,0
09/11/2026 06:01:59,System.Runtime,dotnet.gc.last_collection.heap.size (By)[gc.heap.generation=loh],Metric,0
09/11/2026 06:01:59,System.Runtime,dotnet.thread_pool.work_item.count ({work_item} / 1 sec),Rate,601
09/11/2026 06:01:59,System.Runtime,dotnet.process.memory.working_set (By),Metric,115802112
09/11/2026 06:01:59,System.Runtime,dotnet.thread_pool.thread.count ({thread} / 1 sec),Rate,0
09/11/2026 06:01:59,System.Runtime,dotnet.jit.compilation.time (s / 1 sec),Rate,0
09/11/2026 06:02:00,System.Runtime,dotnet.jit.compiled_il.size (By / 1 sec),Rate,0
09/11/2026 06:02:00,System.Runtime,dotnet.jit.compiled_methods ({method} / 1 sec),Rate,0
09/11/2026 06:02:00,System.Runtime,dotnet.monitor.lock_contentions ({contention} / 1 sec),Rate,0
09/11/2026 06:02:00,System.Runtime,dotnet.gc.collections ({collection} / 1 sec)[gc.heap.generation=gen2],Rate,0
09/11/2026 06:02:00,System.Runtime,dotnet.gc.collections ({collection} / 1 sec)[gc.heap.generation=gen0],Rate,0
09/11/2026 06:02:00,System.Runtime,dotnet.gc.collections ({collection} / 1 sec)[gc.heap.generation=gen1],Rate,0
09/11/2026 06:02:00,System.Runtime,dotnet.process.cpu.time (s / 1 sec)[cpu.mode=system],Rate,0.03824000000000005
09/11/2026 06:02:00,System.Runtime,dotnet.process.cpu.time (s / 1 sec)[cpu.mode=user],Rate,0.587760000000003
09/11/2026 06:02:00,System.Runtime,dotnet.process.cpu.count ({cpu}),Metric,15
09/11/2026 06:02:00,System.Runtime,dotnet.gc.pause.time (s / 1 sec),Rate,0
09/11/2026 06:02:00,System.Runtime,dotnet.thread_pool.queue.length ({work_item} / 1 sec),Rate,0
09/11/2026 06:02:00,System.Runtime,dotnet.gc.last_collection.memory.committed_size (By),Metric,0
09/11/2026 06:02:00,System.Runtime,dotnet.gc.last_collection.heap.fragmentation.size (By)[gc.heap.generation=gen2],Metric,0
09/11/2026 06:02:00,System.Runtime,dotnet.gc.last_collection.heap.fragmentation.size (By)[gc.heap.generation=gen0],Metric,0
09/11/2026 06:02:00,System.Runtime,dotnet.gc.last_collection.heap.fragmentation.size (By)[gc.heap.generation=gen1],Metric,0
09/11/2026 06:02:00,System.Runtime,dotnet.gc.last_collection.heap.fragmentation.size (By)[gc.heap.generation=poh],Metric,0
09/11/2026 06:02:00,System.Runtime,dotnet.gc.last_collection.heap.fragmentation.size (By)[gc.heap.generation=loh],Metric,0
09/11/2026 06:02:00,System.Runtime,dotnet.timer.count ({timer}),Metric,2
09/11/2026 06:02:00,System.Runtime,dotnet.assembly.count ({assembly}),Metric,61
09/11/2026 06:02:00,System.Runtime,dotnet.gc.heap.total_allocated (By / 1 sec),Rate,131200
09/11/2026 06:02:00,System.Runtime,dotnet.gc.last_collection.heap.size (By)[gc.heap.generation=gen2],Metric,0
09/11/2026 06:02:00,System.Runtime,dotnet.gc.last_collection.heap.size (By)[gc.heap.generation=gen0],Metric,0
09/11/2026 06:02:00,System.Runtime,dotnet.gc.last_collection.heap.size (By)[gc.heap.generation=gen1],Metric,0
09/11/2026 06:02:00,System.Runtime,dotnet.gc.last_collection.heap.size (By)[gc.heap.generation=poh],Metric,0
09/11/2026 06:02:00,System.Runtime,dotnet.gc.last_collection.heap.size (By)[gc.heap.generation=loh],Metric,0
09/11/2026 06:02:00,System.Runtime,dotnet.thread_pool.work_item.count ({work_item} / 1 sec),Rate,598
09/11/2026 06:02:00,System.Runtime,dotnet.process.memory.working_set (By),Metric,115949568
09/11/2026 06:02:00,System.Runtime,dotnet.thread_pool.thread.count ({thread} / 1 sec),Rate,0
09/11/2026 06:02:00,System.Runtime,dotnet.jit.compilation.time (s / 1 sec),Rate,0
09/11/2026 06:02:01,System.Runtime,dotnet.jit.compiled_il.size (By / 1 sec),Rate,0
09/11/2026 06:02:01,System.Runtime,dotnet.jit.compiled_methods ({method} / 1 sec),Rate,0
09/11/2026 06:02:01,System.Runtime,dotnet.monitor.lock_contentions ({contention} / 1 sec),Rate,0
09/11/2026 06:02:01,System.Runtime,dotnet.gc.collections ({collection} / 1 sec)[gc.heap.generation=gen2],Rate,0
09/11/2026 06:02:01,System.Runtime,dotnet.gc.collections ({collection} / 1 sec)[gc.heap.generation=gen0],Rate,0
09/11/2026 06:02:01,System.Runtime,dotnet.gc.collections ({collection} / 1 sec)[gc.heap.generation=gen1],Rate,0
09/11/2026 06:02:01,System.Runtime,dotnet.process.cpu.time (s / 1 sec)[cpu.mode=system],Rate,0.03622799999999948
09/11/2026 06:02:01,System.Runtime,dotnet.process.cpu.time (s / 1 sec)[cpu.mode=user],Rate,0.5881470000000206
09/11/2026 06:02:01,System.Runtime,dotnet.process.cpu.count ({cpu}),Metric,15
09/11/2026 06:02:01,System.Runtime,dotnet.gc.pause.time (s / 1 sec),Rate,0
09/11/2026 06:02:01,System.Runtime,dotnet.thread_pool.queue.length ({work_item} / 1 sec),Rate,0
09/11/2026 06:02:01,System.Runtime,dotnet.gc.last_collection.memory.committed_size (By),Metric,0
09/11/2026 06:02:01,System.Runtime,dotnet.gc.last_collection.heap.fragmentation.size (By)[gc.heap.generation=gen2],Metric,0
09/11/2026 06:02:01,System.Runtime,dotnet.gc.last_collection.heap.fragmentation.size (By)[gc.heap.generation=gen0],Metric,0
09/11/2026 06:02:01,System.Runtime,dotnet.gc.last_collection.heap.fragmentation.size (By)[gc.heap.generation=gen1],Metric,0
09/11/2026 06:02:01,System.Runtime,dotnet.gc.last_collection.heap.fragmentation.size (By)[gc.heap.generation=poh],Metric,0
09/11/2026 06:02:01,System.Runtime,dotnet.gc.last_collection.heap.fragmentation.size (By)[gc.heap.generation=loh],Metric,0
09/11/2026 06:02:01,System.Runtime,dotnet.timer.count ({timer}),Metric,2
09/11/2026 06:02:01,System.Runtime,dotnet.assembly.count ({assembly}),Metric,61
09/11/2026 06:02:01,System.Runtime,dotnet.gc.heap.total_allocated (By / 1 sec),Rate,137352
09/11/2026 06:02:01,System.Runtime,dotnet.gc.last_collection.heap.size (By)[gc.heap.generation=gen2],Metric,0
09/11/2026 06:02:01,System.Runtime,dotnet.gc.last_collection.heap.size (By)[gc.heap.generation=gen0],Metric,0
09/11/2026 06:02:01,System.Runtime,dotnet.gc.last_collection.heap.size (By)[gc.heap.generation=gen1],Metric,0
09/11/2026 06:02:01,System.Runtime,dotnet.gc.last_collection.heap.size (By)[gc.heap.generation=poh],Metric,0
09/11/2026 06:02:01,System.Runtime,dotnet.gc.last_collection.heap.size (By)[gc.heap.generation=loh],Metric,0
09/11/2026 06:02:01,System.Runtime,dotnet.thread_pool.work_item.count ({work_item} / 1 sec),Rate,603
09/11/2026 06:02:01,System.Runtime,dotnet.process.memory.working_set (By),Metric,116097024
09/11/2026 06:02:01,System.Runtime,dotnet.thread_pool.thread.count ({thread} / 1 sec),Rate,0
09/11/2026 06:02:01,System.Runtime,dotnet.jit.compilation.time (s / 1 sec),Rate,0
09/11/2026 06:02:02,System.Runtime,dotnet.jit.compiled_il.size (By / 1 sec),Rate,0
09/11/2026 06:02:02,System.Runtime,dotnet.jit.compiled_methods ({method} / 1 sec),Rate,0
09/11/2026 06:02:02,System.Runtime,dotnet.monitor.lock_contentions ({contention} / 1 sec),Rate,0
09/11/2026 06:02:02,System.Runtime,dotnet.gc.collections ({collection} / 1 sec)[gc.heap.generation=gen2],Rate,0
09/11/2026 06:02:02,System.Runtime,dotnet.gc.collections ({collection} / 1 sec)[gc.heap.generation=gen0],Rate,0
09/11/2026 06:02:02,System.Runtime,dotnet.gc.collections ({collection} / 1 sec)[gc.heap.generation=gen1],Rate,0
09/11/2026 06:02:02,System.Runtime,dotnet.process.cpu.time (s / 1 sec)[cpu.mode=system],Rate,0.039068999999999576
09/11/2026 06:02:02,System.Runtime,dotnet.process.cpu.time (s / 1 sec)[cpu.mode=user],Rate,0.5909169999999904
09/11/2026 06:02:02,System.Runtime,dotnet.process.cpu.count ({cpu}),Metric,15
09/11/2026 06:02:02,System.Runtime,dotnet.gc.pause.time (s / 1 sec),Rate,0
09/11/2026 06:02:02,System.Runtime,dotnet.thread_pool.queue.length ({work_item} / 1 sec),Rate,0
09/11/2026 06:02:02,System.Runtime,dotnet.gc.last_collection.memory.committed_size (By),Metric,0
09/11/2026 06:02:02,System.Runtime,dotnet.gc.last_collection.heap.fragmentation.size (By)[gc.heap.generation=gen2],Metric,0
09/11/2026 06:02:02,System.Runtime,dotnet.gc.last_collection.heap.fragmentation.size (By)[gc.heap.generation=gen0],Metric,0
09/11/2026 06:02:02,System.Runtime,dotnet.gc.last_collection.heap.fragmentation.size (By)[gc.heap.generation=gen1],Metric,0
09/11/2026 06:02:02,System.Runtime,dotnet.gc.last_collection.heap.fragmentation.size (By)[gc.heap.generation=poh],Metric,0
09/11/2026 06:02:02,System.Runtime,dotnet.gc.last_collection.heap.fragmentation.size (By)[gc.heap.generation=loh],Metric,0
09/11/2026 06:02:02,System.Runtime,dotnet.timer.count ({timer}),Metric,2
09/11/2026 06:02:02,System.Runtime,dotnet.assembly.count ({assembly}),Metric,61
09/11/2026 06:02:02,System.Runtime,dotnet.gc.heap.total_allocated (By / 1 sec),Rate,122896
09/11/2026 06:02:02,System.Runtime,dotnet.gc.last_collection.heap.size (By)[gc.heap.generation=gen2],Metric,0
09/11/2026 06:02:02,System.Runtime,dotnet.gc.last_collection.heap.size (By)[gc.heap.generation=gen0],Metric,0
09/11/2026 06:02:02,System.Runtime,dotnet.gc.last_collection.heap.size (By)[gc.heap.generation=gen1],Metric,0
09/11/2026 06:02:02,System.Runtime,dotnet.gc.last_collection.heap.size (By)[gc.heap.generation=poh],Metric,0
09/11/2026 06:02:02,System.Runtime,dotnet.gc.last_collection.heap.size (By)[gc.heap.generation=loh],Metric,0
09/11/2026 06:02:02,System.Runtime,dotnet.thread_pool.work_item.count ({work_item} / 1 sec),Rate,601
09/11/2026 06:02:02,System.Runtime,dotnet.process.memory.working_set (By),Metric,116260864
09/11/2026 06:02:02,System.Runtime,dotnet.thread_pool.thread.count ({thread} / 1 sec),Rate,0
09/11/2026 06:02:02,System.Runtime,dotnet.jit.compilation.time (s / 1 sec),Rate,0
09/11/2026 06:02:03,System.Runtime,dotnet.jit.compiled_il.size (By / 1 sec),Rate,872
09/11/2026 06:02:03,System.Runtime,dotnet.jit.compiled_methods ({method} / 1 sec),Rate,2
09/11/2026 06:02:03,System.Runtime,dotnet.monitor.lock_contentions ({contention} / 1 sec),Rate,0
09/11/2026 06:02:03,System.Runtime,dotnet.gc.collections ({collection} / 1 sec)[gc.heap.generation=gen2],Rate,0
09/11/2026 06:02:03,System.Runtime,dotnet.gc.collections ({collection} / 1 sec)[gc.heap.generation=gen0],Rate,0
09/11/2026 06:02:03,System.Runtime,dotnet.gc.collections ({collection} / 1 sec)[gc.heap.generation=gen1],Rate,0
09/11/2026 06:02:03,System.Runtime,dotnet.process.cpu.time (s / 1 sec)[cpu.mode=system],Rate,0.03605400000000003
09/11/2026 06:02:03,System.Runtime,dotnet.process.cpu.time (s / 1 sec)[cpu.mode=user],Rate,0.591401999999988
09/11/2026 06:02:03,System.Runtime,dotnet.process.cpu.count ({cpu}),Metric,15
09/11/2026 06:02:03,System.Runtime,dotnet.gc.pause.time (s / 1 sec),Rate,0
09/11/2026 06:02:03,System.Runtime,dotnet.thread_pool.queue.length ({work_item} / 1 sec),Rate,0
09/11/2026 06:02:03,System.Runtime,dotnet.gc.last_collection.memory.committed_size (By),Metric,0
09/11/2026 06:02:03,System.Runtime,dotnet.gc.last_collection.heap.fragmentation.size (By)[gc.heap.generation=gen2],Metric,0
09/11/2026 06:02:03,System.Runtime,dotnet.gc.last_collection.heap.fragmentation.size (By)[gc.heap.generation=gen0],Metric,0
09/11/2026 06:02:03,System.Runtime,dotnet.gc.last_collection.heap.fragmentation.size (By)[gc.heap.generation=gen1],Metric,0
09/11/2026 06:02:03,System.Runtime,dotnet.gc.last_collection.heap.fragmentation.size (By)[gc.heap.generation=poh],Metric,0
09/11/2026 06:02:03,System.Runtime,dotnet.gc.last_collection.heap.fragmentation.size (By)[gc.heap.generation=loh],Metric,0
09/11/2026 06:02:03,System.Runtime,dotnet.timer.count ({timer}),Metric,2
09/11/2026 06:02:03,System.Runtime,dotnet.assembly.count ({assembly}),Metric,61
09/11/2026 06:02:03,System.Runtime,dotnet.gc.heap.total_allocated (By / 1 sec),Rate,162992
09/11/2026 06:02:03,System.Runtime,dotnet.gc.last_collection.heap.size (By)[gc.heap.generation=gen2],Metric,0
09/11/2026 06:02:03,System.Runtime,dotnet.gc.last_collection.heap.size (By)[gc.heap.generation=gen0],Metric,0
09/11/2026 06:02:03,System.Runtime,dotnet.gc.last_collection.heap.size (By)[gc.heap.generation=gen1],Metric,0
09/11/2026 06:02:03,System.Runtime,dotnet.gc.last_collection.heap.size (By)[gc.heap.generation=poh],Metric,0
09/11/2026 06:02:03,System.Runtime,dotnet.gc.last_collection.heap.size (By)[gc.heap.generation=loh],Metric,0
09/11/2026 06:02:03,System.Runtime,dotnet.thread_pool.work_item.count ({work_item} / 1 sec),Rate,602
09/11/2026 06:02:03,System.Runtime,dotnet.process.memory.working_set (By),Metric,116490240
09/11/2026 06:02:03,System.Runtime,dotnet.thread_pool.thread.count ({thread} / 1 sec),Rate,0
09/11/2026 06:02:03,System.Runtime,dotnet.jit.compilation.time (s / 1 sec),Rate,0.0024992000000000347
09/11/2026 06:02:04,System.Runtime,dotnet.jit.compiled_il.size (By / 1 sec),Rate,0
09/11/2026 06:02:04,System.Runtime,dotnet.jit.compiled_methods ({method} / 1 sec),Rate,0
09/11/2026 06:02:04,System.Runtime,dotnet.monitor.lock_contentions ({contention} / 1 sec),Rate,0
09/11/2026 06:02:04,System.Runtime,dotnet.gc.collections ({collection} / 1 sec)[gc.heap.generation=gen2],Rate,0
09/11/2026 06:02:04,System.Runtime,dotnet.gc.collections ({collection} / 1 sec)[gc.heap.generation=gen0],Rate,0
09/11/2026 06:02:04,System.Runtime,dotnet.gc.collections ({collection} / 1 sec)[gc.heap.generation=gen1],Rate,0
09/11/2026 06:02:04,System.Runtime,dotnet.process.cpu.time (s / 1 sec)[cpu.mode=system],Rate,0.036139000000000365
09/11/2026 06:02:04,System.Runtime,dotnet.process.cpu.time (s / 1 sec)[cpu.mode=user],Rate,0.588056000000023
09/11/2026 06:02:04,System.Runtime,dotnet.process.cpu.count ({cpu}),Metric,15
09/11/2026 06:02:04,System.Runtime,dotnet.gc.pause.time (s / 1 sec),Rate,0
09/11/2026 06:02:04,System.Runtime,dotnet.thread_pool.queue.length ({work_item} / 1 sec),Rate,0
09/11/2026 06:02:04,System.Runtime,dotnet.gc.last_collection.memory.committed_size (By),Metric,0
09/11/2026 06:02:04,System.Runtime,dotnet.gc.last_collection.heap.fragmentation.size (By)[gc.heap.generation=gen2],Metric,0
09/11/2026 06:02:04,System.Runtime,dotnet.gc.last_collection.heap.fragmentation.size (By)[gc.heap.generation=gen0],Metric,0
09/11/2026 06:02:04,System.Runtime,dotnet.gc.last_collection.heap.fragmentation.size (By)[gc.heap.generation=gen1],Metric,0
09/11/2026 06:02:04,System.Runtime,dotnet.gc.last_collection.heap.fragmentation.size (By)[gc.heap.generation=poh],Metric,0
09/11/2026 06:02:04,System.Runtime,dotnet.gc.last_collection.heap.fragmentation.size (By)[gc.heap.generation=loh],Metric,0
09/11/2026 06:02:04,System.Runtime,dotnet.timer.count ({timer}),Metric,2
09/11/2026 06:02:04,System.Runtime,dotnet.assembly.count ({assembly}),Metric,61
09/11/2026 06:02:04,System.Runtime,dotnet.gc.heap.total_allocated (By / 1 sec),Rate,116912
09/11/2026 06:02:04,System.Runtime,dotnet.gc.last_collection.heap.size (By)[gc.heap.generation=gen2],Metric,0
09/11/2026 06:02:04,System.Runtime,dotnet.gc.last_collection.heap.size (By)[gc.heap.generation=gen0],Metric,0
09/11/2026 06:02:04,System.Runtime,dotnet.gc.last_collection.heap.size (By)[gc.heap.generation=gen1],Metric,0
09/11/2026 06:02:04,System.Runtime,dotnet.gc.last_collection.heap.size (By)[gc.heap.generation=poh],Metric,0
09/11/2026 06:02:04,System.Runtime,dotnet.gc.last_collection.heap.size (By)[gc.heap.generation=loh],Metric,0
09/11/2026 06:02:04,System.Runtime,dotnet.thread_pool.work_item.count ({work_item} / 1 sec),Rate,601
09/11/2026 06:02:04,System.Runtime,dotnet.process.memory.working_set (By),Metric,116588544
09/11/2026 06:02:04,System.Runtime,dotnet.thread_pool.thread.count ({thread} / 1 sec),Rate,-1
09/11/2026 06:02:04,System.Runtime,dotnet.jit.compilation.time (s / 1 sec),Rate,0
09/11/2026 06:02:05,System.Runtime,dotnet.jit.compiled_il.size (By / 1 sec),Rate,0
09/11/2026 06:02:05,System.Runtime,dotnet.jit.compiled_methods ({method} / 1 sec),Rate,0
09/11/2026 06:02:05,System.Runtime,dotnet.monitor.lock_contentions ({contention} / 1 sec),Rate,0
09/11/2026 06:02:05,System.Runtime,dotnet.gc.collections ({collection} / 1 sec)[gc.heap.generation=gen2],Rate,0
09/11/2026 06:02:05,System.Runtime,dotnet.gc.collections ({collection} / 1 sec)[gc.heap.generation=gen0],Rate,0
09/11/2026 06:02:05,System.Runtime,dotnet.gc.collections ({collection} / 1 sec)[gc.heap.generation=gen1],Rate,0
09/11/2026 06:02:05,System.Runtime,dotnet.process.cpu.time (s / 1 sec)[cpu.mode=system],Rate,0.03560700000000061
09/11/2026 06:02:05,System.Runtime,dotnet.process.cpu.time (s / 1 sec)[cpu.mode=user],Rate,0.5901739999999904
09/11/2026 06:02:05,System.Runtime,dotnet.process.cpu.count ({cpu}),Metric,15
09/11/2026 06:02:05,System.Runtime,dotnet.gc.pause.time (s / 1 sec),Rate,0
09/11/2026 06:02:05,System.Runtime,dotnet.thread_pool.queue.length ({work_item} / 1 sec),Rate,0
09/11/2026 06:02:05,System.Runtime,dotnet.gc.last_collection.memory.committed_size (By),Metric,0
09/11/2026 06:02:05,System.Runtime,dotnet.gc.last_collection.heap.fragmentation.size (By)[gc.heap.generation=gen2],Metric,0
09/11/2026 06:02:05,System.Runtime,dotnet.gc.last_collection.heap.fragmentation.size (By)[gc.heap.generation=gen0],Metric,0
09/11/2026 06:02:05,System.Runtime,dotnet.gc.last_collection.heap.fragmentation.size (By)[gc.heap.generation=gen1],Metric,0
09/11/2026 06:02:05,System.Runtime,dotnet.gc.last_collection.heap.fragmentation.size (By)[gc.heap.generation=poh],Metric,0
09/11/2026 06:02:05,System.Runtime,dotnet.gc.last_collection.heap.fragmentation.size (By)[gc.heap.generation=loh],Metric,0
09/11/2026 06:02:05,System.Runtime,dotnet.timer.count ({timer}),Metric,2
09/11/2026 06:02:05,System.Runtime,dotnet.assembly.count ({assembly}),Metric,61
09/11/2026 06:02:05,System.Runtime,dotnet.gc.heap.total_allocated (By / 1 sec),Rate,146560
09/11/2026 06:02:05,System.Runtime,dotnet.gc.last_collection.heap.size (By)[gc.heap.generation=gen2],Metric,0
09/11/2026 06:02:05,System.Runtime,dotnet.gc.last_collection.heap.size (By)[gc.heap.generation=gen0],Metric,0
09/11/2026 06:02:05,System.Runtime,dotnet.gc.last_collection.heap.size (By)[gc.heap.generation=gen1],Metric,0
09/11/2026 06:02:05,System.Runtime,dotnet.gc.last_collection.heap.size (By)[gc.heap.generation=poh],Metric,0
09/11/2026 06:02:05,System.Runtime,dotnet.gc.last_collection.heap.size (By)[gc.heap.generation=loh],Metric,0
09/11/2026 06:02:05,System.Runtime,dotnet.thread_pool.work_item.count ({work_item} / 1 sec),Rate,601
09/11/2026 06:02:05,System.Runtime,dotnet.process.memory.working_set (By),Metric,116752384
09/11/2026 06:02:05,System.Runtime,dotnet.thread_pool.thread.count ({thread} / 1 sec),Rate,0
09/11/2026 06:02:05,System.Runtime,dotnet.jit.compilation.time (s / 1 sec),Rate,0
09/11/2026 06:02:06,System.Runtime,dotnet.jit.compiled_il.size (By / 1 sec),Rate,0
09/11/2026 06:02:06,System.Runtime,dotnet.jit.compiled_methods ({method} / 1 sec),Rate,0
09/11/2026 06:02:06,System.Runtime,dotnet.monitor.lock_contentions ({contention} / 1 sec),Rate,0
09/11/2026 06:02:06,System.Runtime,dotnet.gc.collections ({collection} / 1 sec)[gc.heap.generation=gen2],Rate,0
09/11/2026 06:02:06,System.Runtime,dotnet.gc.collections ({collection} / 1 sec)[gc.heap.generation=gen0],Rate,0
09/11/2026 06:02:06,System.Runtime,dotnet.gc.collections ({collection} / 1 sec)[gc.heap.generation=gen1],Rate,0
09/11/2026 06:02:06,System.Runtime,dotnet.process.cpu.time (s / 1 sec)[cpu.mode=system],Rate,0.03621000000000052
09/11/2026 06:02:06,System.Runtime,dotnet.process.cpu.time (s / 1 sec)[cpu.mode=user],Rate,0.5899410000000103
09/11/2026 06:02:06,System.Runtime,dotnet.process.cpu.count ({cpu}),Metric,15
09/11/2026 06:02:06,System.Runtime,dotnet.gc.pause.time (s / 1 sec),Rate,0
09/11/2026 06:02:06,System.Runtime,dotnet.thread_pool.queue.length ({work_item} / 1 sec),Rate,0
09/11/2026 06:02:06,System.Runtime,dotnet.gc.last_collection.memory.committed_size (By),Metric,0
09/11/2026 06:02:06,System.Runtime,dotnet.gc.last_collection.heap.fragmentation.size (By)[gc.heap.generation=gen2],Metric,0
09/11/2026 06:02:06,System.Runtime,dotnet.gc.last_collection.heap.fragmentation.size (By)[gc.heap.generation=gen0],Metric,0
09/11/2026 06:02:06,System.Runtime,dotnet.gc.last_collection.heap.fragmentation.size (By)[gc.heap.generation=gen1],Metric,0
09/11/2026 06:02:06,System.Runtime,dotnet.gc.last_collection.heap.fragmentation.size (By)[gc.heap.generation=poh],Metric,0
09/11/2026 06:02:06,System.Runtime,dotnet.gc.last_collection.heap.fragmentation.size (By)[gc.heap.generation=loh],Metric,0
09/11/2026 06:02:06,System.Runtime,dotnet.timer.count ({timer}),Metric,2
09/11/2026 06:02:06,System.Runtime,dotnet.assembly.count ({assembly}),Metric,61
09/11/2026 06:02:06,System.Runtime,dotnet.gc.heap.total_allocated (By / 1 sec),Rate,121976
09/11/2026 06:02:06,System.Runtime,dotnet.gc.last_collection.heap.size (By)[gc.heap.generation=gen2],Metric,0
09/11/2026 06:02:06,System.Runtime,dotnet.gc.last_collection.heap.size (By)[gc.heap.generation=gen0],Metric,0
09/11/2026 06:02:06,System.Runtime,dotnet.gc.last_collection.heap.size (By)[gc.heap.generation=gen1],Metric,0
09/11/2026 06:02:06,System.Runtime,dotnet.gc.last_collection.heap.size (By)[gc.heap.generation=poh],Metric,0
09/11/2026 06:02:06,System.Runtime,dotnet.gc.last_collection.heap.size (By)[gc.heap.generation=loh],Metric,0
09/11/2026 06:02:06,System.Runtime,dotnet.thread_pool.work_item.count ({work_item} / 1 sec),Rate,601
09/11/2026 06:02:06,System.Runtime,dotnet.process.memory.working_set (By),Metric,116899840
09/11/2026 06:02:06,System.Runtime,dotnet.thread_pool.thread.count ({thread} / 1 sec),Rate,0
09/11/2026 06:02:06,System.Runtime,dotnet.jit.compilation.time (s / 1 sec),Rate,0
09/11/2026 06:02:07,System.Runtime,dotnet.jit.compiled_il.size (By / 1 sec),Rate,0
09/11/2026 06:02:07,System.Runtime,dotnet.jit.compiled_methods ({method} / 1 sec),Rate,0
09/11/2026 06:02:07,System.Runtime,dotnet.monitor.lock_contentions ({contention} / 1 sec),Rate,0
09/11/2026 06:02:07,System.Runtime,dotnet.gc.collections ({collection} / 1 sec)[gc.heap.generation=gen2],Rate,0
09/11/2026 06:02:07,System.Runtime,dotnet.gc.collections ({collection} / 1 sec)[gc.heap.generation=gen0],Rate,0
09/11/2026 06:02:07,System.Runtime,dotnet.gc.collections ({collection} / 1 sec)[gc.heap.generation=gen1],Rate,0
09/11/2026 06:02:07,System.Runtime,dotnet.process.cpu.time (s / 1 sec)[cpu.mode=system],Rate,0.036087999999999454
09/11/2026 06:02:07,System.Runtime,dotnet.process.cpu.time (s / 1 sec)[cpu.mode=user],Rate,0.5899689999999964
09/11/2026 06:02:07,System.Runtime,dotnet.process.cpu.count ({cpu}),Metric,15
09/11/2026 06:02:07,System.Runtime,dotnet.gc.pause.time (s / 1 sec),Rate,0
09/11/2026 06:02:07,System.Runtime,dotnet.thread_pool.queue.length ({work_item} / 1 sec),Rate,0
09/11/2026 06:02:07,System.Runtime,dotnet.gc.last_collection.memory.committed_size (By),Metric,0
09/11/2026 06:02:07,System.Runtime,dotnet.gc.last_collection.heap.fragmentation.size (By)[gc.heap.generation=gen2],Metric,0
09/11/2026 06:02:07,System.Runtime,dotnet.gc.last_collection.heap.fragmentation.size (By)[gc.heap.generation=gen0],Metric,0
09/11/2026 06:02:07,System.Runtime,dotnet.gc.last_collection.heap.fragmentation.size (By)[gc.heap.generation=gen1],Metric,0
09/11/2026 06:02:07,System.Runtime,dotnet.gc.last_collection.heap.fragmentation.size (By)[gc.heap.generation=poh],Metric,0
09/11/2026 06:02:07,System.Runtime,dotnet.gc.last_collection.heap.fragmentation.size (By)[gc.heap.generation=loh],Metric,0
09/11/2026 06:02:07,System.Runtime,dotnet.timer.count ({timer}),Metric,2
09/11/2026 06:02:07,System.Runtime,dotnet.assembly.count ({assembly}),Metric,61
09/11/2026 06:02:07,System.Runtime,dotnet.gc.heap.total_allocated (By / 1 sec),Rate,139400
09/11/2026 06:02:07,System.Runtime,dotnet.gc.last_collection.heap.size (By)[gc.heap.generation=gen2],Metric,0
09/11/2026 06:02:07,System.Runtime,dotnet.gc.last_collection.heap.size (By)[gc.heap.generation=gen0],Metric,0
09/11/2026 06:02:07,System.Runtime,dotnet.gc.last_collection.heap.size (By)[gc.heap.generation=gen1],Metric,0
09/11/2026 06:02:07,System.Runtime,dotnet.gc.last_collection.heap.size (By)[gc.heap.generation=poh],Metric,0
09/11/2026 06:02:07,System.Runtime,dotnet.gc.last_collection.heap.size (By)[gc.heap.generation=loh],Metric,0
09/11/2026 06:02:07,System.Runtime,dotnet.thread_pool.work_item.count ({work_item} / 1 sec),Rate,601
09/11/2026 06:02:07,System.Runtime,dotnet.process.memory.working_set (By),Metric,117014528
09/11/2026 06:02:07,System.Runtime,dotnet.thread_pool.thread.count ({thread} / 1 sec),Rate,0
09/11/2026 06:02:07,System.Runtime,dotnet.jit.compilation.time (s / 1 sec),Rate,0
09/11/2026 06:02:08,System.Runtime,dotnet.jit.compiled_il.size (By / 1 sec),Rate,0
09/11/2026 06:02:08,System.Runtime,dotnet.jit.compiled_methods ({method} / 1 sec),Rate,0
09/11/2026 06:02:08,System.Runtime,dotnet.monitor.lock_contentions ({contention} / 1 sec),Rate,0
09/11/2026 06:02:08,System.Runtime,dotnet.gc.collections ({collection} / 1 sec)[gc.heap.generation=gen2],Rate,0
09/11/2026 06:02:08,System.Runtime,dotnet.gc.collections ({collection} / 1 sec)[gc.heap.generation=gen0],Rate,0
09/11/2026 06:02:08,System.Runtime,dotnet.gc.collections ({collection} / 1 sec)[gc.heap.generation=gen1],Rate,0
09/11/2026 06:02:08,System.Runtime,dotnet.process.cpu.time (s / 1 sec)[cpu.mode=system],Rate,0.036569000000000074
09/11/2026 06:02:08,System.Runtime,dotnet.process.cpu.time (s / 1 sec)[cpu.mode=user],Rate,0.5876930000000016
09/11/2026 06:02:08,System.Runtime,dotnet.process.cpu.count ({cpu}),Metric,15
09/11/2026 06:02:08,System.Runtime,dotnet.gc.pause.time (s / 1 sec),Rate,0
09/11/2026 06:02:08,System.Runtime,dotnet.thread_pool.queue.length ({work_item} / 1 sec),Rate,0
09/11/2026 06:02:08,System.Runtime,dotnet.gc.last_collection.memory.committed_size (By),Metric,0
09/11/2026 06:02:08,System.Runtime,dotnet.gc.last_collection.heap.fragmentation.size (By)[gc.heap.generation=gen2],Metric,0
09/11/2026 06:02:08,System.Runtime,dotnet.gc.last_collection.heap.fragmentation.size (By)[gc.heap.generation=gen0],Metric,0
09/11/2026 06:02:08,System.Runtime,dotnet.gc.last_collection.heap.fragmentation.size (By)[gc.heap.generation=gen1],Metric,0
09/11/2026 06:02:08,System.Runtime,dotnet.gc.last_collection.heap.fragmentation.size (By)[gc.heap.generation=poh],Metric,0
09/11/2026 06:02:08,System.Runtime,dotnet.gc.last_collection.heap.fragmentation.size (By)[gc.heap.generation=loh],Metric,0
09/11/2026 06:02:08,System.Runtime,dotnet.timer.count ({timer}),Metric,2
09/11/2026 06:02:08,System.Runtime,dotnet.assembly.count ({assembly}),Metric,61
09/11/2026 06:02:08,System.Runtime,dotnet.gc.heap.total_allocated (By / 1 sec),Rate,147584
09/11/2026 06:02:08,System.Runtime,dotnet.gc.last_collection.heap.size (By)[gc.heap.generation=gen2],Metric,0
09/11/2026 06:02:08,System.Runtime,dotnet.gc.last_collection.heap.size (By)[gc.heap.generation=gen0],Metric,0
09/11/2026 06:02:08,System.Runtime,dotnet.gc.last_collection.heap.size (By)[gc.heap.generation=gen1],Metric,0
09/11/2026 06:02:08,System.Runtime,dotnet.gc.last_collection.heap.size (By)[gc.heap.generation=poh],Metric,0
09/11/2026 06:02:08,System.Runtime,dotnet.gc.last_collection.heap.size (By)[gc.heap.generation=loh],Metric,0
09/11/2026 06:02:08,System.Runtime,dotnet.thread_pool.work_item.count ({work_item} / 1 sec),Rate,602
09/11/2026 06:02:08,System.Runtime,dotnet.process.memory.working_set (By),Metric,117178368
09/11/2026 06:02:08,System.Runtime,dotnet.thread_pool.thread.count ({thread} / 1 sec),Rate,0
09/11/2026 06:02:08,System.Runtime,dotnet.jit.compilation.time (s / 1 sec),Rate,0
09/11/2026 06:02:09,System.Runtime,dotnet.jit.compiled_il.size (By / 1 sec),Rate,0
09/11/2026 06:02:09,System.Runtime,dotnet.jit.compiled_methods ({method} / 1 sec),Rate,0
09/11/2026 06:02:09,System.Runtime,dotnet.monitor.lock_contentions ({contention} / 1 sec),Rate,0
09/11/2026 06:02:09,System.Runtime,dotnet.gc.collections ({collection} / 1 sec)[gc.heap.generation=gen2],Rate,0
09/11/2026 06:02:09,System.Runtime,dotnet.gc.collections ({collection} / 1 sec)[gc.heap.generation=gen0],Rate,0
09/11/2026 06:02:09,System.Runtime,dotnet.gc.collections ({collection} / 1 sec)[gc.heap.generation=gen1],Rate,0
09/11/2026 06:02:09,System.Runtime,dotnet.process.cpu.time (s / 1 sec)[cpu.mode=system],Rate,0.03831499999999899
09/11/2026 06:02:09,System.Runtime,dotnet.process.cpu.time (s / 1 sec)[cpu.mode=user],Rate,0.5847669999999994
09/11/2026 06:02:09,System.Runtime,dotnet.process.cpu.count ({cpu}),Metric,15
09/11/2026 06:02:09,System.Runtime,dotnet.gc.pause.time (s / 1 sec),Rate,0
09/11/2026 06:02:09,System.Runtime,dotnet.thread_pool.queue.length ({work_item} / 1 sec),Rate,0
09/11/2026 06:02:09,System.Runtime,dotnet.gc.last_collection.memory.committed_size (By),Metric,0
09/11/2026 06:02:09,System.Runtime,dotnet.gc.last_collection.heap.fragmentation.size (By)[gc.heap.generation=gen2],Metric,0
09/11/2026 06:02:09,System.Runtime,dotnet.gc.last_collection.heap.fragmentation.size (By)[gc.heap.generation=gen0],Metric,0
09/11/2026 06:02:09,System.Runtime,dotnet.gc.last_collection.heap.fragmentation.size (By)[gc.heap.generation=gen1],Metric,0
09/11/2026 06:02:09,System.Runtime,dotnet.gc.last_collection.heap.fragmentation.size (By)[gc.heap.generation=poh],Metric,0
09/11/2026 06:02:09,System.Runtime,dotnet.gc.last_collection.heap.fragmentation.size (By)[gc.heap.generation=loh],Metric,0
09/11/2026 06:02:09,System.Runtime,dotnet.timer.count ({timer}),Metric,2
09/11/2026 06:02:09,System.Runtime,dotnet.assembly.count ({assembly}),Metric,61
09/11/2026 06:02:09,System.Runtime,dotnet.gc.heap.total_allocated (By / 1 sec),Rate,131200
09/11/2026 06:02:09,System.Runtime,dotnet.gc.last_collection.heap.size (By)[gc.heap.generation=gen2],Metric,0
09/11/2026 06:02:09,System.Runtime,dotnet.gc.last_collection.heap.size (By)[gc.heap.generation=gen0],Metric,0
09/11/2026 06:02:09,System.Runtime,dotnet.gc.last_collection.heap.size (By)[gc.heap.generation=gen1],Metric,0
09/11/2026 06:02:09,System.Runtime,dotnet.gc.last_collection.heap.size (By)[gc.heap.generation=poh],Metric,0
09/11/2026 06:02:09,System.Runtime,dotnet.gc.last_collection.heap.size (By)[gc.heap.generation=loh],Metric,0
09/11/2026 06:02:09,System.Runtime,dotnet.thread_pool.work_item.count ({work_item} / 1 sec),Rate,601
09/11/2026 06:02:09,System.Runtime,dotnet.process.memory.working_set (By),Metric,117325824
09/11/2026 06:02:09,System.Runtime,dotnet.thread_pool.thread.count ({thread} / 1 sec),Rate,0
09/11/2026 06:02:09,System.Runtime,dotnet.jit.compilation.time (s / 1 sec),Rate,0
09/11/2026 06:02:10,System.Runtime,dotnet.jit.compiled_il.size (By / 1 sec),Rate,0
09/11/2026 06:02:10,System.Runtime,dotnet.jit.compiled_methods ({method} / 1 sec),Rate,0
09/11/2026 06:02:10,System.Runtime,dotnet.monitor.lock_contentions ({contention} / 1 sec),Rate,0
09/11/2026 06:02:10,System.Runtime,dotnet.gc.collections ({collection} / 1 sec)[gc.heap.generation=gen2],Rate,0
09/11/2026 06:02:10,System.Runtime,dotnet.gc.collections ({collection} / 1 sec)[gc.heap.generation=gen0],Rate,0
09/11/2026 06:02:10,System.Runtime,dotnet.gc.collections ({collection} / 1 sec)[gc.heap.generation=gen1],Rate,0
09/11/2026 06:02:10,System.Runtime,dotnet.process.cpu.time (s / 1 sec)[cpu.mode=system],Rate,0.035356000000000165
09/11/2026 06:02:10,System.Runtime,dotnet.process.cpu.time (s / 1 sec)[cpu.mode=user],Rate,0.5885370000000023
09/11/2026 06:02:10,System.Runtime,dotnet.process.cpu.count ({cpu}),Metric,15
09/11/2026 06:02:10,System.Runtime,dotnet.gc.pause.time (s / 1 sec),Rate,0
09/11/2026 06:02:10,System.Runtime,dotnet.thread_pool.queue.length ({work_item} / 1 sec),Rate,0
09/11/2026 06:02:10,System.Runtime,dotnet.gc.last_collection.memory.committed_size (By),Metric,0
09/11/2026 06:02:10,System.Runtime,dotnet.gc.last_collection.heap.fragmentation.size (By)[gc.heap.generation=gen2],Metric,0
09/11/2026 06:02:10,System.Runtime,dotnet.gc.last_collection.heap.fragmentation.size (By)[gc.heap.generation=gen0],Metric,0
09/11/2026 06:02:10,System.Runtime,dotnet.gc.last_collection.heap.fragmentation.size (By)[gc.heap.generation=gen1],Metric,0
09/11/2026 06:02:10,System.Runtime,dotnet.gc.last_collection.heap.fragmentation.size (By)[gc.heap.generation=poh],Metric,0
09/11/2026 06:02:10,System.Runtime,dotnet.gc.last_collection.heap.fragmentation.size (By)[gc.heap.generation=loh],Metric,0
09/11/2026 06:02:10,System.Runtime,dotnet.timer.count ({timer}),Metric,2
09/11/2026 06:02:10,System.Runtime,dotnet.assembly.count ({assembly}),Metric,61
09/11/2026 06:02:10,System.Runtime,dotnet.gc.heap.total_allocated (By / 1 sec),Rate,146576
09/11/2026 06:02:10,System.Runtime,dotnet.gc.last_collection.heap.size (By)[gc.heap.generation=gen2],Metric,0
09/11/2026 06:02:10,System.Runtime,dotnet.gc.last_collection.heap.size (By)[gc.heap.generation=gen0],Metric,0
09/11/2026 06:02:10,System.Runtime,dotnet.gc.last_collection.heap.size (By)[gc.heap.generation=gen1],Metric,0
09/11/2026 06:02:10,System.Runtime,dotnet.gc.last_collection.heap.size (By)[gc.heap.generation=poh],Metric,0
09/11/2026 06:02:10,System.Runtime,dotnet.gc.last_collection.heap.size (By)[gc.heap.generation=loh],Metric,0
09/11/2026 06:02:10,System.Runtime,dotnet.thread_pool.work_item.count ({work_item} / 1 sec),Rate,601
09/11/2026 06:02:10,System.Runtime,dotnet.process.memory.working_set (By),Metric,117506048
09/11/2026 06:02:10,System.Runtime,dotnet.thread_pool.thread.count ({thread} / 1 sec),Rate,0
09/11/2026 06:02:10,System.Runtime,dotnet.jit.compilation.time (s / 1 sec),Rate,0
09/11/2026 06:02:11,System.Runtime,dotnet.jit.compiled_il.size (By / 1 sec),Rate,0
09/11/2026 06:02:11,System.Runtime,dotnet.jit.compiled_methods ({method} / 1 sec),Rate,0
09/11/2026 06:02:11,System.Runtime,dotnet.monitor.lock_contentions ({contention} / 1 sec),Rate,0
09/11/2026 06:02:11,System.Runtime,dotnet.gc.collections ({collection} / 1 sec)[gc.heap.generation=gen2],Rate,0
09/11/2026 06:02:11,System.Runtime,dotnet.gc.collections ({collection} / 1 sec)[gc.heap.generation=gen0],Rate,0
09/11/2026 06:02:11,System.Runtime,dotnet.gc.collections ({collection} / 1 sec)[gc.heap.generation=gen1],Rate,0
09/11/2026 06:02:11,System.Runtime,dotnet.process.cpu.time (s / 1 sec)[cpu.mode=system],Rate,0.03731200000000001
09/11/2026 06:02:11,System.Runtime,dotnet.process.cpu.time (s / 1 sec)[cpu.mode=user],Rate,0.5905999999999949
09/11/2026 06:02:11,System.Runtime,dotnet.process.cpu.count ({cpu}),Metric,15
09/11/2026 06:02:11,System.Runtime,dotnet.gc.pause.time (s / 1 sec),Rate,0
09/11/2026 06:02:11,System.Runtime,dotnet.thread_pool.queue.length ({work_item} / 1 sec),Rate,0
09/11/2026 06:02:11,System.Runtime,dotnet.gc.last_collection.memory.committed_size (By),Metric,0
09/11/2026 06:02:11,System.Runtime,dotnet.gc.last_collection.heap.fragmentation.size (By)[gc.heap.generation=gen2],Metric,0
09/11/2026 06:02:11,System.Runtime,dotnet.gc.last_collection.heap.fragmentation.size (By)[gc.heap.generation=gen0],Metric,0
09/11/2026 06:02:11,System.Runtime,dotnet.gc.last_collection.heap.fragmentation.size (By)[gc.heap.generation=gen1],Metric,0
09/11/2026 06:02:11,System.Runtime,dotnet.gc.last_collection.heap.fragmentation.size (By)[gc.heap.generation=poh],Metric,0
09/11/2026 06:02:11,System.Runtime,dotnet.gc.last_collection.heap.fragmentation.size (By)[gc.heap.generation=loh],Metric,0
09/11/2026 06:02:11,System.Runtime,dotnet.timer.count ({timer}),Metric,2
09/11/2026 06:02:11,System.Runtime,dotnet.assembly.count ({assembly}),Metric,61
09/11/2026 06:02:11,System.Runtime,dotnet.gc.heap.total_allocated (By / 1 sec),Rate,131016
09/11/2026 06:02:11,System.Runtime,dotnet.gc.last_collection.heap.size (By)[gc.heap.generation=gen2],Metric,0
09/11/2026 06:02:11,System.Runtime,dotnet.gc.last_collection.heap.size (By)[gc.heap.generation=gen0],Metric,0
09/11/2026 06:02:11,System.Runtime,dotnet.gc.last_collection.heap.size (By)[gc.heap.generation=gen1],Metric,0
09/11/2026 06:02:11,System.Runtime,dotnet.gc.last_collection.heap.size (By)[gc.heap.generation=poh],Metric,0
09/11/2026 06:02:11,System.Runtime,dotnet.gc.last_collection.heap.size (By)[gc.heap.generation=loh],Metric,0
09/11/2026 06:02:11,System.Runtime,dotnet.thread_pool.work_item.count ({work_item} / 1 sec),Rate,601
09/11/2026 06:02:11,System.Runtime,dotnet.process.memory.working_set (By),Metric,117637120
09/11/2026 06:02:11,System.Runtime,dotnet.thread_pool.thread.count ({thread} / 1 sec),Rate,0
09/11/2026 06:02:11,System.Runtime,dotnet.jit.compilation.time (s / 1 sec),Rate,0
09/11/2026 06:02:12,System.Runtime,dotnet.jit.compiled_il.size (By / 1 sec),Rate,0
09/11/2026 06:02:12,System.Runtime,dotnet.jit.compiled_methods ({method} / 1 sec),Rate,0
09/11/2026 06:02:12,System.Runtime,dotnet.monitor.lock_contentions ({contention} / 1 sec),Rate,0
09/11/2026 06:02:12,System.Runtime,dotnet.gc.collections ({collection} / 1 sec)[gc.heap.generation=gen2],Rate,0
09/11/2026 06:02:12,System.Runtime,dotnet.gc.collections ({collection} / 1 sec)[gc.heap.generation=gen0],Rate,0
09/11/2026 06:02:12,System.Runtime,dotnet.gc.collections ({collection} / 1 sec)[gc.heap.generation=gen1],Rate,0
09/11/2026 06:02:12,System.Runtime,dotnet.process.cpu.time (s / 1 sec)[cpu.mode=system],Rate,0.03641900000000042
09/11/2026 06:02:12,System.Runtime,dotnet.process.cpu.time (s / 1 sec)[cpu.mode=user],Rate,0.5904060000000015
09/11/2026 06:02:12,System.Runtime,dotnet.process.cpu.count ({cpu}),Metric,15
09/11/2026 06:02:12,System.Runtime,dotnet.gc.pause.time (s / 1 sec),Rate,0
09/11/2026 06:02:12,System.Runtime,dotnet.thread_pool.queue.length ({work_item} / 1 sec),Rate,0
09/11/2026 06:02:12,System.Runtime,dotnet.gc.last_collection.memory.committed_size (By),Metric,0
09/11/2026 06:02:12,System.Runtime,dotnet.gc.last_collection.heap.fragmentation.size (By)[gc.heap.generation=gen2],Metric,0
09/11/2026 06:02:12,System.Runtime,dotnet.gc.last_collection.heap.fragmentation.size (By)[gc.heap.generation=gen0],Metric,0
09/11/2026 06:02:12,System.Runtime,dotnet.gc.last_collection.heap.fragmentation.size (By)[gc.heap.generation=gen1],Metric,0
09/11/2026 06:02:12,System.Runtime,dotnet.gc.last_collection.heap.fragmentation.size (By)[gc.heap.generation=poh],Metric,0
09/11/2026 06:02:12,System.Runtime,dotnet.gc.last_collection.heap.fragmentation.size (By)[gc.heap.generation=loh],Metric,0
09/11/2026 06:02:12,System.Runtime,dotnet.timer.count ({timer}),Metric,2
09/11/2026 06:02:12,System.Runtime,dotnet.assembly.count ({assembly}),Metric,61
09/11/2026 06:02:12,System.Runtime,dotnet.gc.heap.total_allocated (By / 1 sec),Rate,123000
09/11/2026 06:02:12,System.Runtime,dotnet.gc.last_collection.heap.size (By)[gc.heap.generation=gen2],Metric,0
09/11/2026 06:02:12,System.Runtime,dotnet.gc.last_collection.heap.size (By)[gc.heap.generation=gen0],Metric,0
09/11/2026 06:02:12,System.Runtime,dotnet.gc.last_collection.heap.size (By)[gc.heap.generation=gen1],Metric,0
09/11/2026 06:02:12,System.Runtime,dotnet.gc.last_collection.heap.size (By)[gc.heap.generation=poh],Metric,0
09/11/2026 06:02:12,System.Runtime,dotnet.gc.last_collection.heap.size (By)[gc.heap.generation=loh],Metric,0
09/11/2026 06:02:12,System.Runtime,dotnet.thread_pool.work_item.count ({work_item} / 1 sec),Rate,601
09/11/2026 06:02:12,System.Runtime,dotnet.process.memory.working_set (By),Metric,117784576
09/11/2026 06:02:12,System.Runtime,dotnet.thread_pool.thread.count ({thread} / 1 sec),Rate,0
09/11/2026 06:02:12,System.Runtime,dotnet.jit.compilation.time (s / 1 sec),Rate,0
09/11/2026 06:02:13,System.Runtime,dotnet.jit.compiled_il.size (By / 1 sec),Rate,0
09/11/2026 06:02:13,System.Runtime,dotnet.jit.compiled_methods ({method} / 1 sec),Rate,0
09/11/2026 06:02:13,System.Runtime,dotnet.monitor.lock_contentions ({contention} / 1 sec),Rate,0
09/11/2026 06:02:13,System.Runtime,dotnet.gc.collections ({collection} / 1 sec)[gc.heap.generation=gen2],Rate,0
09/11/2026 06:02:13,System.Runtime,dotnet.gc.collections ({collection} / 1 sec)[gc.heap.generation=gen0],Rate,0
09/11/2026 06:02:13,System.Runtime,dotnet.gc.collections ({collection} / 1 sec)[gc.heap.generation=gen1],Rate,0
09/11/2026 06:02:13,System.Runtime,dotnet.process.cpu.time (s / 1 sec)[cpu.mode=system],Rate,0.03578599999999987
09/11/2026 06:02:13,System.Runtime,dotnet.process.cpu.time (s / 1 sec)[cpu.mode=user],Rate,0.5897959999999784
09/11/2026 06:02:13,System.Runtime,dotnet.process.cpu.count ({cpu}),Metric,15
09/11/2026 06:02:13,System.Runtime,dotnet.gc.pause.time (s / 1 sec),Rate,0
09/11/2026 06:02:13,System.Runtime,dotnet.thread_pool.queue.length ({work_item} / 1 sec),Rate,0
09/11/2026 06:02:13,System.Runtime,dotnet.gc.last_collection.memory.committed_size (By),Metric,0
09/11/2026 06:02:13,System.Runtime,dotnet.gc.last_collection.heap.fragmentation.size (By)[gc.heap.generation=gen2],Metric,0
09/11/2026 06:02:13,System.Runtime,dotnet.gc.last_collection.heap.fragmentation.size (By)[gc.heap.generation=gen0],Metric,0
09/11/2026 06:02:13,System.Runtime,dotnet.gc.last_collection.heap.fragmentation.size (By)[gc.heap.generation=gen1],Metric,0
09/11/2026 06:02:13,System.Runtime,dotnet.gc.last_collection.heap.fragmentation.size (By)[gc.heap.generation=poh],Metric,0
09/11/2026 06:02:13,System.Runtime,dotnet.gc.last_collection.heap.fragmentation.size (By)[gc.heap.generation=loh],Metric,0
09/11/2026 06:02:13,System.Runtime,dotnet.timer.count ({timer}),Metric,2
09/11/2026 06:02:13,System.Runtime,dotnet.assembly.count ({assembly}),Metric,61
09/11/2026 06:02:13,System.Runtime,dotnet.gc.heap.total_allocated (By / 1 sec),Rate,153768
09/11/2026 06:02:13,System.Runtime,dotnet.gc.last_collection.heap.size (By)[gc.heap.generation=gen2],Metric,0
09/11/2026 06:02:13,System.Runtime,dotnet.gc.last_collection.heap.size (By)[gc.heap.generation=gen0],Metric,0
09/11/2026 06:02:13,System.Runtime,dotnet.gc.last_collection.heap.size (By)[gc.heap.generation=gen1],Metric,0
09/11/2026 06:02:13,System.Runtime,dotnet.gc.last_collection.heap.size (By)[gc.heap.generation=poh],Metric,0
09/11/2026 06:02:13,System.Runtime,dotnet.gc.last_collection.heap.size (By)[gc.heap.generation=loh],Metric,0
09/11/2026 06:02:13,System.Runtime,dotnet.thread_pool.work_item.count ({work_item} / 1 sec),Rate,602
09/11/2026 06:02:13,System.Runtime,dotnet.process.memory.working_set (By),Metric,117981184
09/11/2026 06:02:13,System.Runtime,dotnet.thread_pool.thread.count ({thread} / 1 sec),Rate,0
09/11/2026 06:02:13,System.Runtime,dotnet.jit.compilation.time (s / 1 sec),Rate,0
09/11/2026 06:02:14,System.Runtime,dotnet.jit.compiled_il.size (By / 1 sec),Rate,0
09/11/2026 06:02:14,System.Runtime,dotnet.jit.compiled_methods ({method} / 1 sec),Rate,0
09/11/2026 06:02:14,System.Runtime,dotnet.monitor.lock_contentions ({contention} / 1 sec),Rate,0
09/11/2026 06:02:14,System.Runtime,dotnet.gc.collections ({collection} / 1 sec)[gc.heap.generation=gen2],Rate,0
09/11/2026 06:02:14,System.Runtime,dotnet.gc.collections ({collection} / 1 sec)[gc.heap.generation=gen0],Rate,0
09/11/2026 06:02:14,System.Runtime,dotnet.gc.collections ({collection} / 1 sec)[gc.heap.generation=gen1],Rate,0
09/11/2026 06:02:14,System.Runtime,dotnet.process.cpu.time (s / 1 sec)[cpu.mode=system],Rate,0.03756399999999971
09/11/2026 06:02:14,System.Runtime,dotnet.process.cpu.time (s / 1 sec)[cpu.mode=user],Rate,0.5912179999999978
09/11/2026 06:02:14,System.Runtime,dotnet.process.cpu.count ({cpu}),Metric,15
09/11/2026 06:02:14,System.Runtime,dotnet.gc.pause.time (s / 1 sec),Rate,0
09/11/2026 06:02:14,System.Runtime,dotnet.thread_pool.queue.length ({work_item} / 1 sec),Rate,0
09/11/2026 06:02:14,System.Runtime,dotnet.gc.last_collection.memory.committed_size (By),Metric,0
09/11/2026 06:02:14,System.Runtime,dotnet.gc.last_collection.heap.fragmentation.size (By)[gc.heap.generation=gen2],Metric,0
09/11/2026 06:02:14,System.Runtime,dotnet.gc.last_collection.heap.fragmentation.size (By)[gc.heap.generation=gen0],Metric,0
09/11/2026 06:02:14,System.Runtime,dotnet.gc.last_collection.heap.fragmentation.size (By)[gc.heap.generation=gen1],Metric,0
09/11/2026 06:02:14,System.Runtime,dotnet.gc.last_collection.heap.fragmentation.size (By)[gc.heap.generation=poh],Metric,0
09/11/2026 06:02:14,System.Runtime,dotnet.gc.last_collection.heap.fragmentation.size (By)[gc.heap.generation=loh],Metric,0
09/11/2026 06:02:14,System.Runtime,dotnet.timer.count ({timer}),Metric,2
09/11/2026 06:02:14,System.Runtime,dotnet.assembly.count ({assembly}),Metric,61
09/11/2026 06:02:14,System.Runtime,dotnet.gc.heap.total_allocated (By / 1 sec),Rate,131200
09/11/2026 06:02:14,System.Runtime,dotnet.gc.last_collection.heap.size (By)[gc.heap.generation=gen2],Metric,0
09/11/2026 06:02:14,System.Runtime,dotnet.gc.last_collection.heap.size (By)[gc.heap.generation=gen0],Metric,0
09/11/2026 06:02:14,System.Runtime,dotnet.gc.last_collection.heap.size (By)[gc.heap.generation=gen1],Metric,0
09/11/2026 06:02:14,System.Runtime,dotnet.gc.last_collection.heap.size (By)[gc.heap.generation=poh],Metric,0
09/11/2026 06:02:14,System.Runtime,dotnet.gc.last_collection.heap.size (By)[gc.heap.generation=loh],Metric,0
09/11/2026 06:02:14,System.Runtime,dotnet.thread_pool.work_item.count ({work_item} / 1 sec),Rate,601
09/11/2026 06:02:14,System.Runtime,dotnet.process.memory.working_set (By),Metric,118128640
09/11/2026 06:02:14,System.Runtime,dotnet.thread_pool.thread.count ({thread} / 1 sec),Rate,0
09/11/2026 06:02:14,System.Runtime,dotnet.jit.compilation.time (s / 1 sec),Rate,0
09/11/2026 06:02:15,System.Runtime,dotnet.jit.compiled_il.size (By / 1 sec),Rate,0
09/11/2026 06:02:15,System.Runtime,dotnet.jit.compiled_methods ({method} / 1 sec),Rate,0
09/11/2026 06:02:15,System.Runtime,dotnet.monitor.lock_contentions ({contention} / 1 sec),Rate,0
09/11/2026 06:02:15,System.Runtime,dotnet.gc.collections ({collection} / 1 sec)[gc.heap.generation=gen2],Rate,0
09/11/2026 06:02:15,System.Runtime,dotnet.gc.collections ({collection} / 1 sec)[gc.heap.generation=gen0],Rate,0
09/11/2026 06:02:15,System.Runtime,dotnet.gc.collections ({collection} / 1 sec)[gc.heap.generation=gen1],Rate,0
09/11/2026 06:02:15,System.Runtime,dotnet.process.cpu.time (s / 1 sec)[cpu.mode=system],Rate,0.036588000000000065
09/11/2026 06:02:15,System.Runtime,dotnet.process.cpu.time (s / 1 sec)[cpu.mode=user],Rate,0.5900850000000162
09/11/2026 06:02:15,System.Runtime,dotnet.process.cpu.count ({cpu}),Metric,15
09/11/2026 06:02:15,System.Runtime,dotnet.gc.pause.time (s / 1 sec),Rate,0
09/11/2026 06:02:15,System.Runtime,dotnet.thread_pool.queue.length ({work_item} / 1 sec),Rate,0
09/11/2026 06:02:15,System.Runtime,dotnet.gc.last_collection.memory.committed_size (By),Metric,0
09/11/2026 06:02:15,System.Runtime,dotnet.gc.last_collection.heap.fragmentation.size (By)[gc.heap.generation=gen2],Metric,0
09/11/2026 06:02:15,System.Runtime,dotnet.gc.last_collection.heap.fragmentation.size (By)[gc.heap.generation=gen0],Metric,0
09/11/2026 06:02:15,System.Runtime,dotnet.gc.last_collection.heap.fragmentation.size (By)[gc.heap.generation=gen1],Metric,0
09/11/2026 06:02:15,System.Runtime,dotnet.gc.last_collection.heap.fragmentation.size (By)[gc.heap.generation=poh],Metric,0
09/11/2026 06:02:15,System.Runtime,dotnet.gc.last_collection.heap.fragmentation.size (By)[gc.heap.generation=loh],Metric,0
09/11/2026 06:02:15,System.Runtime,dotnet.timer.count ({timer}),Metric,2
09/11/2026 06:02:15,System.Runtime,dotnet.assembly.count ({assembly}),Metric,61
09/11/2026 06:02:15,System.Runtime,dotnet.gc.heap.total_allocated (By / 1 sec),Rate,139400
09/11/2026 06:02:15,System.Runtime,dotnet.gc.last_collection.heap.size (By)[gc.heap.generation=gen2],Metric,0
09/11/2026 06:02:15,System.Runtime,dotnet.gc.last_collection.heap.size (By)[gc.heap.generation=gen0],Metric,0
09/11/2026 06:02:15,System.Runtime,dotnet.gc.last_collection.heap.size (By)[gc.heap.generation=gen1],Metric,0
09/11/2026 06:02:15,System.Runtime,dotnet.gc.last_collection.heap.size (By)[gc.heap.generation=poh],Metric,0
09/11/2026 06:02:15,System.Runtime,dotnet.gc.last_collection.heap.size (By)[gc.heap.generation=loh],Metric,0
09/11/2026 06:02:15,System.Runtime,dotnet.thread_pool.work_item.count ({work_item} / 1 sec),Rate,601
09/11/2026 06:02:15,System.Runtime,dotnet.process.memory.working_set (By),Metric,118259712
09/11/2026 06:02:15,System.Runtime,dotnet.thread_pool.thread.count ({thread} / 1 sec),Rate,0
09/11/2026 06:02:15,System.Runtime,dotnet.jit.compilation.time (s / 1 sec),Rate,0
09/11/2026 06:02:16,System.Runtime,dotnet.jit.compiled_il.size (By / 1 sec),Rate,0
09/11/2026 06:02:16,System.Runtime,dotnet.jit.compiled_methods ({method} / 1 sec),Rate,0
09/11/2026 06:02:16,System.Runtime,dotnet.monitor.lock_contentions ({contention} / 1 sec),Rate,0
09/11/2026 06:02:16,System.Runtime,dotnet.gc.collections ({collection} / 1 sec)[gc.heap.generation=gen2],Rate,0
09/11/2026 06:02:16,System.Runtime,dotnet.gc.collections ({collection} / 1 sec)[gc.heap.generation=gen0],Rate,0
09/11/2026 06:02:16,System.Runtime,dotnet.gc.collections ({collection} / 1 sec)[gc.heap.generation=gen1],Rate,0
09/11/2026 06:02:16,System.Runtime,dotnet.process.cpu.time (s / 1 sec)[cpu.mode=system],Rate,0.036297000000001134
09/11/2026 06:02:16,System.Runtime,dotnet.process.cpu.time (s / 1 sec)[cpu.mode=user],Rate,0.5879559999999913
09/11/2026 06:02:16,System.Runtime,dotnet.process.cpu.count ({cpu}),Metric,15
09/11/2026 06:02:16,System.Runtime,dotnet.gc.pause.time (s / 1 sec),Rate,0
09/11/2026 06:02:16,System.Runtime,dotnet.thread_pool.queue.length ({work_item} / 1 sec),Rate,0
09/11/2026 06:02:16,System.Runtime,dotnet.gc.last_collection.memory.committed_size (By),Metric,0
09/11/2026 06:02:16,System.Runtime,dotnet.gc.last_collection.heap.fragmentation.size (By)[gc.heap.generation=gen2],Metric,0
09/11/2026 06:02:16,System.Runtime,dotnet.gc.last_collection.heap.fragmentation.size (By)[gc.heap.generation=gen0],Metric,0
09/11/2026 06:02:16,System.Runtime,dotnet.gc.last_collection.heap.fragmentation.size (By)[gc.heap.generation=gen1],Metric,0
09/11/2026 06:02:16,System.Runtime,dotnet.gc.last_collection.heap.fragmentation.size (By)[gc.heap.generation=poh],Metric,0
09/11/2026 06:02:16,System.Runtime,dotnet.gc.last_collection.heap.fragmentation.size (By)[gc.heap.generation=loh],Metric,0
09/11/2026 06:02:16,System.Runtime,dotnet.timer.count ({timer}),Metric,2
09/11/2026 06:02:16,System.Runtime,dotnet.assembly.count ({assembly}),Metric,61
09/11/2026 06:02:16,System.Runtime,dotnet.gc.heap.total_allocated (By / 1 sec),Rate,130088
09/11/2026 06:02:16,System.Runtime,dotnet.gc.last_collection.heap.size (By)[gc.heap.generation=gen2],Metric,0
09/11/2026 06:02:16,System.Runtime,dotnet.gc.last_collection.heap.size (By)[gc.heap.generation=gen0],Metric,0
09/11/2026 06:02:16,System.Runtime,dotnet.gc.last_collection.heap.size (By)[gc.heap.generation=gen1],Metric,0
09/11/2026 06:02:16,System.Runtime,dotnet.gc.last_collection.heap.size (By)[gc.heap.generation=poh],Metric,0
09/11/2026 06:02:16,System.Runtime,dotnet.gc.last_collection.heap.size (By)[gc.heap.generation=loh],Metric,0
09/11/2026 06:02:16,System.Runtime,dotnet.thread_pool.work_item.count ({work_item} / 1 sec),Rate,601
09/11/2026 06:02:16,System.Runtime,dotnet.process.memory.working_set (By),Metric,118407168
09/11/2026 06:02:16,System.Runtime,dotnet.thread_pool.thread.count ({thread} / 1 sec),Rate,0
09/11/2026 06:02:16,System.Runtime,dotnet.jit.compilation.time (s / 1 sec),Rate,0
09/11/2026 06:02:17,System.Runtime,dotnet.jit.compiled_il.size (By / 1 sec),Rate,0
09/11/2026 06:02:17,System.Runtime,dotnet.jit.compiled_methods ({method} / 1 sec),Rate,0
09/11/2026 06:02:17,System.Runtime,dotnet.monitor.lock_contentions ({contention} / 1 sec),Rate,0
09/11/2026 06:02:17,System.Runtime,dotnet.gc.collections ({collection} / 1 sec)[gc.heap.generation=gen2],Rate,0
09/11/2026 06:02:17,System.Runtime,dotnet.gc.collections ({collection} / 1 sec)[gc.heap.generation=gen0],Rate,0
09/11/2026 06:02:17,System.Runtime,dotnet.gc.collections ({collection} / 1 sec)[gc.heap.generation=gen1],Rate,0
09/11/2026 06:02:17,System.Runtime,dotnet.process.cpu.time (s / 1 sec)[cpu.mode=system],Rate,0.03666899999999984
09/11/2026 06:02:17,System.Runtime,dotnet.process.cpu.time (s / 1 sec)[cpu.mode=user],Rate,0.5873070000000098
09/11/2026 06:02:17,System.Runtime,dotnet.process.cpu.count ({cpu}),Metric,15
09/11/2026 06:02:17,System.Runtime,dotnet.gc.pause.time (s / 1 sec),Rate,0
09/11/2026 06:02:17,System.Runtime,dotnet.thread_pool.queue.length ({work_item} / 1 sec),Rate,0
09/11/2026 06:02:17,System.Runtime,dotnet.gc.last_collection.memory.committed_size (By),Metric,0
09/11/2026 06:02:17,System.Runtime,dotnet.gc.last_collection.heap.fragmentation.size (By)[gc.heap.generation=gen2],Metric,0
09/11/2026 06:02:17,System.Runtime,dotnet.gc.last_collection.heap.fragmentation.size (By)[gc.heap.generation=gen0],Metric,0
09/11/2026 06:02:17,System.Runtime,dotnet.gc.last_collection.heap.fragmentation.size (By)[gc.heap.generation=gen1],Metric,0
09/11/2026 06:02:17,System.Runtime,dotnet.gc.last_collection.heap.fragmentation.size (By)[gc.heap.generation=poh],Metric,0
09/11/2026 06:02:17,System.Runtime,dotnet.gc.last_collection.heap.fragmentation.size (By)[gc.heap.generation=loh],Metric,0
09/11/2026 06:02:17,System.Runtime,dotnet.timer.count ({timer}),Metric,3
09/11/2026 06:02:17,System.Runtime,dotnet.assembly.count ({assembly}),Metric,61
09/11/2026 06:02:17,System.Runtime,dotnet.gc.heap.total_allocated (By / 1 sec),Rate,139384
09/11/2026 06:02:17,System.Runtime,dotnet.gc.last_collection.heap.size (By)[gc.heap.generation=gen2],Metric,0
09/11/2026 06:02:17,System.Runtime,dotnet.gc.last_collection.heap.size (By)[gc.heap.generation=gen0],Metric,0
09/11/2026 06:02:17,System.Runtime,dotnet.gc.last_collection.heap.size (By)[gc.heap.generation=gen1],Metric,0
09/11/2026 06:02:17,System.Runtime,dotnet.gc.last_collection.heap.size (By)[gc.heap.generation=poh],Metric,0
09/11/2026 06:02:17,System.Runtime,dotnet.gc.last_collection.heap.size (By)[gc.heap.generation=loh],Metric,0
09/11/2026 06:02:17,System.Runtime,dotnet.thread_pool.work_item.count ({work_item} / 1 sec),Rate,601
09/11/2026 06:02:17,System.Runtime,dotnet.process.memory.working_set (By),Metric,118587392
09/11/2026 06:02:17,System.Runtime,dotnet.thread_pool.thread.count ({thread} / 1 sec),Rate,0
09/11/2026 06:02:17,System.Runtime,dotnet.jit.compilation.time (s / 1 sec),Rate,0
09/11/2026 06:02:18,System.Runtime,dotnet.jit.compiled_il.size (By / 1 sec),Rate,5533
09/11/2026 06:02:18,System.Runtime,dotnet.jit.compiled_methods ({method} / 1 sec),Rate,84
09/11/2026 06:02:18,System.Runtime,dotnet.monitor.lock_contentions ({contention} / 1 sec),Rate,0
09/11/2026 06:02:18,System.Runtime,dotnet.gc.collections ({collection} / 1 sec)[gc.heap.generation=gen2],Rate,0
09/11/2026 06:02:18,System.Runtime,dotnet.gc.collections ({collection} / 1 sec)[gc.heap.generation=gen0],Rate,0
09/11/2026 06:02:18,System.Runtime,dotnet.gc.collections ({collection} / 1 sec)[gc.heap.generation=gen1],Rate,0
09/11/2026 06:02:18,System.Runtime,dotnet.process.cpu.time (s / 1 sec)[cpu.mode=system],Rate,0.037320999999998605
09/11/2026 06:02:18,System.Runtime,dotnet.process.cpu.time (s / 1 sec)[cpu.mode=user],Rate,0.6325280000000078
09/11/2026 06:02:18,System.Runtime,dotnet.process.cpu.count ({cpu}),Metric,15
09/11/2026 06:02:18,System.Runtime,dotnet.gc.pause.time (s / 1 sec),Rate,0
09/11/2026 06:02:18,System.Runtime,dotnet.thread_pool.queue.length ({work_item} / 1 sec),Rate,0
09/11/2026 06:02:18,System.Runtime,dotnet.gc.last_collection.memory.committed_size (By),Metric,0
09/11/2026 06:02:18,System.Runtime,dotnet.gc.last_collection.heap.fragmentation.size (By)[gc.heap.generation=gen2],Metric,0
09/11/2026 06:02:18,System.Runtime,dotnet.gc.last_collection.heap.fragmentation.size (By)[gc.heap.generation=gen0],Metric,0
09/11/2026 06:02:18,System.Runtime,dotnet.gc.last_collection.heap.fragmentation.size (By)[gc.heap.generation=gen1],Metric,0
09/11/2026 06:02:18,System.Runtime,dotnet.gc.last_collection.heap.fragmentation.size (By)[gc.heap.generation=poh],Metric,0
09/11/2026 06:02:18,System.Runtime,dotnet.gc.last_collection.heap.fragmentation.size (By)[gc.heap.generation=loh],Metric,0
09/11/2026 06:02:18,System.Runtime,dotnet.timer.count ({timer}),Metric,3
09/11/2026 06:02:18,System.Runtime,dotnet.assembly.count ({assembly}),Metric,61
09/11/2026 06:02:18,System.Runtime,dotnet.gc.heap.total_allocated (By / 1 sec),Rate,139416
09/11/2026 06:02:18,System.Runtime,dotnet.gc.last_collection.heap.size (By)[gc.heap.generation=gen2],Metric,0
09/11/2026 06:02:18,System.Runtime,dotnet.gc.last_collection.heap.size (By)[gc.heap.generation=gen0],Metric,0
09/11/2026 06:02:18,System.Runtime,dotnet.gc.last_collection.heap.size (By)[gc.heap.generation=gen1],Metric,0
09/11/2026 06:02:18,System.Runtime,dotnet.gc.last_collection.heap.size (By)[gc.heap.generation=poh],Metric,0
09/11/2026 06:02:18,System.Runtime,dotnet.gc.last_collection.heap.size (By)[gc.heap.generation=loh],Metric,0
09/11/2026 06:02:18,System.Runtime,dotnet.thread_pool.work_item.count ({work_item} / 1 sec),Rate,602
09/11/2026 06:02:18,System.Runtime,dotnet.process.memory.working_set (By),Metric,120111104
09/11/2026 06:02:18,System.Runtime,dotnet.thread_pool.thread.count ({thread} / 1 sec),Rate,0
09/11/2026 06:02:18,System.Runtime,dotnet.jit.compilation.time (s / 1 sec),Rate,0.043095899999999965
09/11/2026 06:02:19,System.Runtime,dotnet.jit.compiled_il.size (By / 1 sec),Rate,0
09/11/2026 06:02:19,System.Runtime,dotnet.jit.compiled_methods ({method} / 1 sec),Rate,0
09/11/2026 06:02:19,System.Runtime,dotnet.monitor.lock_contentions ({contention} / 1 sec),Rate,0
09/11/2026 06:02:19,System.Runtime,dotnet.gc.collections ({collection} / 1 sec)[gc.heap.generation=gen2],Rate,0
09/11/2026 06:02:19,System.Runtime,dotnet.gc.collections ({collection} / 1 sec)[gc.heap.generation=gen0],Rate,0
09/11/2026 06:02:19,System.Runtime,dotnet.gc.collections ({collection} / 1 sec)[gc.heap.generation=gen1],Rate,0
09/11/2026 06:02:19,System.Runtime,dotnet.process.cpu.time (s / 1 sec)[cpu.mode=system],Rate,0.03668000000000049
09/11/2026 06:02:19,System.Runtime,dotnet.process.cpu.time (s / 1 sec)[cpu.mode=user],Rate,0.5836809999999844
09/11/2026 06:02:19,System.Runtime,dotnet.process.cpu.count ({cpu}),Metric,15
09/11/2026 06:02:19,System.Runtime,dotnet.gc.pause.time (s / 1 sec),Rate,0
09/11/2026 06:02:19,System.Runtime,dotnet.thread_pool.queue.length ({work_item} / 1 sec),Rate,0
09/11/2026 06:02:19,System.Runtime,dotnet.gc.last_collection.memory.committed_size (By),Metric,0
09/11/2026 06:02:19,System.Runtime,dotnet.gc.last_collection.heap.fragmentation.size (By)[gc.heap.generation=gen2],Metric,0
09/11/2026 06:02:19,System.Runtime,dotnet.gc.last_collection.heap.fragmentation.size (By)[gc.heap.generation=gen0],Metric,0
09/11/2026 06:02:19,System.Runtime,dotnet.gc.last_collection.heap.fragmentation.size (By)[gc.heap.generation=gen1],Metric,0
09/11/2026 06:02:19,System.Runtime,dotnet.gc.last_collection.heap.fragmentation.size (By)[gc.heap.generation=poh],Metric,0
09/11/2026 06:02:19,System.Runtime,dotnet.gc.last_collection.heap.fragmentation.size (By)[gc.heap.generation=loh],Metric,0
09/11/2026 06:02:19,System.Runtime,dotnet.timer.count ({timer}),Metric,2
09/11/2026 06:02:19,System.Runtime,dotnet.assembly.count ({assembly}),Metric,61
09/11/2026 06:02:19,System.Runtime,dotnet.gc.heap.total_allocated (By / 1 sec),Rate,137224
09/11/2026 06:02:19,System.Runtime,dotnet.gc.last_collection.heap.size (By)[gc.heap.generation=gen2],Metric,0
09/11/2026 06:02:19,System.Runtime,dotnet.gc.last_collection.heap.size (By)[gc.heap.generation=gen0],Metric,0
09/11/2026 06:02:19,System.Runtime,dotnet.gc.last_collection.heap.size (By)[gc.heap.generation=gen1],Metric,0
09/11/2026 06:02:19,System.Runtime,dotnet.gc.last_collection.heap.size (By)[gc.heap.generation=poh],Metric,0
09/11/2026 06:02:19,System.Runtime,dotnet.gc.last_collection.heap.size (By)[gc.heap.generation=loh],Metric,0
09/11/2026 06:02:19,System.Runtime,dotnet.thread_pool.work_item.count ({work_item} / 1 sec),Rate,601
09/11/2026 06:02:19,System.Runtime,dotnet.process.memory.working_set (By),Metric,120274944
09/11/2026 06:02:19,System.Runtime,dotnet.thread_pool.thread.count ({thread} / 1 sec),Rate,0
09/11/2026 06:02:19,System.Runtime,dotnet.jit.compilation.time (s / 1 sec),Rate,0
09/11/2026 06:02:20,System.Runtime,dotnet.jit.compiled_il.size (By / 1 sec),Rate,0
09/11/2026 06:02:20,System.Runtime,dotnet.jit.compiled_methods ({method} / 1 sec),Rate,0
09/11/2026 06:02:20,System.Runtime,dotnet.monitor.lock_contentions ({contention} / 1 sec),Rate,0
09/11/2026 06:02:20,System.Runtime,dotnet.gc.collections ({collection} / 1 sec)[gc.heap.generation=gen2],Rate,0
09/11/2026 06:02:20,System.Runtime,dotnet.gc.collections ({collection} / 1 sec)[gc.heap.generation=gen0],Rate,0
09/11/2026 06:02:20,System.Runtime,dotnet.gc.collections ({collection} / 1 sec)[gc.heap.generation=gen1],Rate,0
09/11/2026 06:02:20,System.Runtime,dotnet.process.cpu.time (s / 1 sec)[cpu.mode=system],Rate,0.03503700000000087
09/11/2026 06:02:20,System.Runtime,dotnet.process.cpu.time (s / 1 sec)[cpu.mode=user],Rate,0.5768979999999999
09/11/2026 06:02:20,System.Runtime,dotnet.process.cpu.count ({cpu}),Metric,15
09/11/2026 06:02:20,System.Runtime,dotnet.gc.pause.time (s / 1 sec),Rate,0
09/11/2026 06:02:20,System.Runtime,dotnet.thread_pool.queue.length ({work_item} / 1 sec),Rate,0
09/11/2026 06:02:20,System.Runtime,dotnet.gc.last_collection.memory.committed_size (By),Metric,0
09/11/2026 06:02:20,System.Runtime,dotnet.gc.last_collection.heap.fragmentation.size (By)[gc.heap.generation=gen2],Metric,0
09/11/2026 06:02:20,System.Runtime,dotnet.gc.last_collection.heap.fragmentation.size (By)[gc.heap.generation=gen0],Metric,0
09/11/2026 06:02:20,System.Runtime,dotnet.gc.last_collection.heap.fragmentation.size (By)[gc.heap.generation=gen1],Metric,0
09/11/2026 06:02:20,System.Runtime,dotnet.gc.last_collection.heap.fragmentation.size (By)[gc.heap.generation=poh],Metric,0
09/11/2026 06:02:20,System.Runtime,dotnet.gc.last_collection.heap.fragmentation.size (By)[gc.heap.generation=loh],Metric,0
09/11/2026 06:02:20,System.Runtime,dotnet.timer.count ({timer}),Metric,2
09/11/2026 06:02:20,System.Runtime,dotnet.assembly.count ({assembly}),Metric,61
09/11/2026 06:02:20,System.Runtime,dotnet.gc.heap.total_allocated (By / 1 sec),Rate,131200
09/11/2026 06:02:20,System.Runtime,dotnet.gc.last_collection.heap.size (By)[gc.heap.generation=gen2],Metric,0
09/11/2026 06:02:20,System.Runtime,dotnet.gc.last_collection.heap.size (By)[gc.heap.generation=gen0],Metric,0
09/11/2026 06:02:20,System.Runtime,dotnet.gc.last_collection.heap.size (By)[gc.heap.generation=gen1],Metric,0
09/11/2026 06:02:20,System.Runtime,dotnet.gc.last_collection.heap.size (By)[gc.heap.generation=poh],Metric,0
09/11/2026 06:02:20,System.Runtime,dotnet.gc.last_collection.heap.size (By)[gc.heap.generation=loh],Metric,0
09/11/2026 06:02:20,System.Runtime,dotnet.thread_pool.work_item.count ({work_item} / 1 sec),Rate,595
09/11/2026 06:02:20,System.Runtime,dotnet.process.memory.working_set (By),Metric,120422400
09/11/2026 06:02:20,System.Runtime,dotnet.thread_pool.thread.count ({thread} / 1 sec),Rate,0
09/11/2026 06:02:20,System.Runtime,dotnet.jit.compilation.time (s / 1 sec),Rate,0
09/11/2026 06:02:21,System.Runtime,dotnet.jit.compiled_il.size (By / 1 sec),Rate,0
09/11/2026 06:02:21,System.Runtime,dotnet.jit.compiled_methods ({method} / 1 sec),Rate,0
09/11/2026 06:02:21,System.Runtime,dotnet.monitor.lock_contentions ({contention} / 1 sec),Rate,0
09/11/2026 06:02:21,System.Runtime,dotnet.gc.collections ({collection} / 1 sec)[gc.heap.generation=gen2],Rate,0
09/11/2026 06:02:21,System.Runtime,dotnet.gc.collections ({collection} / 1 sec)[gc.heap.generation=gen0],Rate,0
09/11/2026 06:02:21,System.Runtime,dotnet.gc.collections ({collection} / 1 sec)[gc.heap.generation=gen1],Rate,0
09/11/2026 06:02:21,System.Runtime,dotnet.process.cpu.time (s / 1 sec)[cpu.mode=system],Rate,0.03724399999999939
09/11/2026 06:02:21,System.Runtime,dotnet.process.cpu.time (s / 1 sec)[cpu.mode=user],Rate,0.5885200000000168
09/11/2026 06:02:21,System.Runtime,dotnet.process.cpu.count ({cpu}),Metric,15
09/11/2026 06:02:21,System.Runtime,dotnet.gc.pause.time (s / 1 sec),Rate,0
09/11/2026 06:02:21,System.Runtime,dotnet.thread_pool.queue.length ({work_item} / 1 sec),Rate,0
09/11/2026 06:02:21,System.Runtime,dotnet.gc.last_collection.memory.committed_size (By),Metric,0
09/11/2026 06:02:21,System.Runtime,dotnet.gc.last_collection.heap.fragmentation.size (By)[gc.heap.generation=gen2],Metric,0
09/11/2026 06:02:21,System.Runtime,dotnet.gc.last_collection.heap.fragmentation.size (By)[gc.heap.generation=gen0],Metric,0
09/11/2026 06:02:21,System.Runtime,dotnet.gc.last_collection.heap.fragmentation.size (By)[gc.heap.generation=gen1],Metric,0
09/11/2026 06:02:21,System.Runtime,dotnet.gc.last_collection.heap.fragmentation.size (By)[gc.heap.generation=poh],Metric,0
09/11/2026 06:02:21,System.Runtime,dotnet.gc.last_collection.heap.fragmentation.size (By)[gc.heap.generation=loh],Metric,0
09/11/2026 06:02:21,System.Runtime,dotnet.timer.count ({timer}),Metric,2
09/11/2026 06:02:21,System.Runtime,dotnet.assembly.count ({assembly}),Metric,61
09/11/2026 06:02:21,System.Runtime,dotnet.gc.heap.total_allocated (By / 1 sec),Rate,147504
09/11/2026 06:02:21,System.Runtime,dotnet.gc.last_collection.heap.size (By)[gc.heap.generation=gen2],Metric,0
09/11/2026 06:02:21,System.Runtime,dotnet.gc.last_collection.heap.size (By)[gc.heap.generation=gen0],Metric,0
09/11/2026 06:02:21,System.Runtime,dotnet.gc.last_collection.heap.size (By)[gc.heap.generation=gen1],Metric,0
09/11/2026 06:02:21,System.Runtime,dotnet.gc.last_collection.heap.size (By)[gc.heap.generation=poh],Metric,0
09/11/2026 06:02:21,System.Runtime,dotnet.gc.last_collection.heap.size (By)[gc.heap.generation=loh],Metric,0
09/11/2026 06:02:21,System.Runtime,dotnet.thread_pool.work_item.count ({work_item} / 1 sec),Rate,601
09/11/2026 06:02:21,System.Runtime,dotnet.process.memory.working_set (By),Metric,120586240
09/11/2026 06:02:21,System.Runtime,dotnet.thread_pool.thread.count ({thread} / 1 sec),Rate,0
09/11/2026 06:02:21,System.Runtime,dotnet.jit.compilation.time (s / 1 sec),Rate,0
09/11/2026 06:02:22,System.Runtime,dotnet.jit.compiled_il.size (By / 1 sec),Rate,0
09/11/2026 06:02:22,System.Runtime,dotnet.jit.compiled_methods ({method} / 1 sec),Rate,0
09/11/2026 06:02:22,System.Runtime,dotnet.monitor.lock_contentions ({contention} / 1 sec),Rate,0
09/11/2026 06:02:22,System.Runtime,dotnet.gc.collections ({collection} / 1 sec)[gc.heap.generation=gen2],Rate,0
09/11/2026 06:02:22,System.Runtime,dotnet.gc.collections ({collection} / 1 sec)[gc.heap.generation=gen0],Rate,0
09/11/2026 06:02:22,System.Runtime,dotnet.gc.collections ({collection} / 1 sec)[gc.heap.generation=gen1],Rate,0
09/11/2026 06:02:22,System.Runtime,dotnet.process.cpu.time (s / 1 sec)[cpu.mode=system],Rate,0.03992799999999974
09/11/2026 06:02:22,System.Runtime,dotnet.process.cpu.time (s / 1 sec)[cpu.mode=user],Rate,0.5957909999999913
09/11/2026 06:02:22,System.Runtime,dotnet.process.cpu.count ({cpu}),Metric,15
09/11/2026 06:02:22,System.Runtime,dotnet.gc.pause.time (s / 1 sec),Rate,0
09/11/2026 06:02:22,System.Runtime,dotnet.thread_pool.queue.length ({work_item} / 1 sec),Rate,0
09/11/2026 06:02:22,System.Runtime,dotnet.gc.last_collection.memory.committed_size (By),Metric,0
09/11/2026 06:02:22,System.Runtime,dotnet.gc.last_collection.heap.fragmentation.size (By)[gc.heap.generation=gen2],Metric,0
09/11/2026 06:02:22,System.Runtime,dotnet.gc.last_collection.heap.fragmentation.size (By)[gc.heap.generation=gen0],Metric,0
09/11/2026 06:02:22,System.Runtime,dotnet.gc.last_collection.heap.fragmentation.size (By)[gc.heap.generation=gen1],Metric,0
09/11/2026 06:02:22,System.Runtime,dotnet.gc.last_collection.heap.fragmentation.size (By)[gc.heap.generation=poh],Metric,0
09/11/2026 06:02:22,System.Runtime,dotnet.gc.last_collection.heap.fragmentation.size (By)[gc.heap.generation=loh],Metric,0
09/11/2026 06:02:22,System.Runtime,dotnet.timer.count ({timer}),Metric,2
09/11/2026 06:02:22,System.Runtime,dotnet.assembly.count ({assembly}),Metric,61
09/11/2026 06:02:22,System.Runtime,dotnet.gc.heap.total_allocated (By / 1 sec),Rate,131200
09/11/2026 06:02:22,System.Runtime,dotnet.gc.last_collection.heap.size (By)[gc.heap.generation=gen2],Metric,0
09/11/2026 06:02:22,System.Runtime,dotnet.gc.last_collection.heap.size (By)[gc.heap.generation=gen0],Metric,0
09/11/2026 06:02:22,System.Runtime,dotnet.gc.last_collection.heap.size (By)[gc.heap.generation=gen1],Metric,0
09/11/2026 06:02:22,System.Runtime,dotnet.gc.last_collection.heap.size (By)[gc.heap.generation=poh],Metric,0
09/11/2026 06:02:22,System.Runtime,dotnet.gc.last_collection.heap.size (By)[gc.heap.generation=loh],Metric,0
09/11/2026 06:02:22,System.Runtime,dotnet.thread_pool.work_item.count ({work_item} / 1 sec),Rate,643
09/11/2026 06:02:22,System.Runtime,dotnet.process.memory.working_set (By),Metric,120717312
09/11/2026 06:02:22,System.Runtime,dotnet.thread_pool.thread.count ({thread} / 1 sec),Rate,0
09/11/2026 06:02:22,System.Runtime,dotnet.jit.compilation.time (s / 1 sec),Rate,0
09/11/2026 06:02:23,System.Runtime,dotnet.jit.compiled_il.size (By / 1 sec),Rate,271
09/11/2026 06:02:23,System.Runtime,dotnet.jit.compiled_methods ({method} / 1 sec),Rate,1
09/11/2026 06:02:23,System.Runtime,dotnet.monitor.lock_contentions ({contention} / 1 sec),Rate,0
09/11/2026 06:02:23,System.Runtime,dotnet.gc.collections ({collection} / 1 sec)[gc.heap.generation=gen2],Rate,0
09/11/2026 06:02:23,System.Runtime,dotnet.gc.collections ({collection} / 1 sec)[gc.heap.generation=gen0],Rate,0
09/11/2026 06:02:23,System.Runtime,dotnet.gc.collections ({collection} / 1 sec)[gc.heap.generation=gen1],Rate,0
09/11/2026 06:02:23,System.Runtime,dotnet.process.cpu.time (s / 1 sec)[cpu.mode=system],Rate,0.04025200000000062
09/11/2026 06:02:23,System.Runtime,dotnet.process.cpu.time (s / 1 sec)[cpu.mode=user],Rate,0.6103129999999908
09/11/2026 06:02:23,System.Runtime,dotnet.process.cpu.count ({cpu}),Metric,15
09/11/2026 06:02:23,System.Runtime,dotnet.gc.pause.time (s / 1 sec),Rate,0
09/11/2026 06:02:23,System.Runtime,dotnet.thread_pool.queue.length ({work_item} / 1 sec),Rate,0
09/11/2026 06:02:23,System.Runtime,dotnet.gc.last_collection.memory.committed_size (By),Metric,0
09/11/2026 06:02:23,System.Runtime,dotnet.gc.last_collection.heap.fragmentation.size (By)[gc.heap.generation=gen2],Metric,0
09/11/2026 06:02:23,System.Runtime,dotnet.gc.last_collection.heap.fragmentation.size (By)[gc.heap.generation=gen0],Metric,0
09/11/2026 06:02:23,System.Runtime,dotnet.gc.last_collection.heap.fragmentation.size (By)[gc.heap.generation=gen1],Metric,0
09/11/2026 06:02:23,System.Runtime,dotnet.gc.last_collection.heap.fragmentation.size (By)[gc.heap.generation=poh],Metric,0
09/11/2026 06:02:23,System.Runtime,dotnet.gc.last_collection.heap.fragmentation.size (By)[gc.heap.generation=loh],Metric,0
09/11/2026 06:02:23,System.Runtime,dotnet.timer.count ({timer}),Metric,2
09/11/2026 06:02:23,System.Runtime,dotnet.assembly.count ({assembly}),Metric,61
09/11/2026 06:02:23,System.Runtime,dotnet.gc.heap.total_allocated (By / 1 sec),Rate,154792
09/11/2026 06:02:23,System.Runtime,dotnet.gc.last_collection.heap.size (By)[gc.heap.generation=gen2],Metric,0
09/11/2026 06:02:23,System.Runtime,dotnet.gc.last_collection.heap.size (By)[gc.heap.generation=gen0],Metric,0
09/11/2026 06:02:23,System.Runtime,dotnet.gc.last_collection.heap.size (By)[gc.heap.generation=gen1],Metric,0
09/11/2026 06:02:23,System.Runtime,dotnet.gc.last_collection.heap.size (By)[gc.heap.generation=poh],Metric,0
09/11/2026 06:02:23,System.Runtime,dotnet.gc.last_collection.heap.size (By)[gc.heap.generation=loh],Metric,0
09/11/2026 06:02:23,System.Runtime,dotnet.thread_pool.work_item.count ({work_item} / 1 sec),Rate,666
09/11/2026 06:02:23,System.Runtime,dotnet.process.memory.working_set (By),Metric,122208256
09/11/2026 06:02:23,System.Runtime,dotnet.thread_pool.thread.count ({thread} / 1 sec),Rate,0
09/11/2026 06:02:23,System.Runtime,dotnet.jit.compilation.time (s / 1 sec),Rate,0.01320650000000001
09/11/2026 06:02:24,System.Runtime,dotnet.jit.compiled_il.size (By / 1 sec),Rate,0
09/11/2026 06:02:24,System.Runtime,dotnet.jit.compiled_methods ({method} / 1 sec),Rate,0
09/11/2026 06:02:24,System.Runtime,dotnet.monitor.lock_contentions ({contention} / 1 sec),Rate,0
09/11/2026 06:02:24,System.Runtime,dotnet.gc.collections ({collection} / 1 sec)[gc.heap.generation=gen2],Rate,0
09/11/2026 06:02:24,System.Runtime,dotnet.gc.collections ({collection} / 1 sec)[gc.heap.generation=gen0],Rate,0
09/11/2026 06:02:24,System.Runtime,dotnet.gc.collections ({collection} / 1 sec)[gc.heap.generation=gen1],Rate,0
09/11/2026 06:02:24,System.Runtime,dotnet.process.cpu.time (s / 1 sec)[cpu.mode=system],Rate,0.03740200000000016
09/11/2026 06:02:24,System.Runtime,dotnet.process.cpu.time (s / 1 sec)[cpu.mode=user],Rate,0.5875499999999931
09/11/2026 06:02:24,System.Runtime,dotnet.process.cpu.count ({cpu}),Metric,15
09/11/2026 06:02:24,System.Runtime,dotnet.gc.pause.time (s / 1 sec),Rate,0
09/11/2026 06:02:24,System.Runtime,dotnet.thread_pool.queue.length ({work_item} / 1 sec),Rate,0
09/11/2026 06:02:24,System.Runtime,dotnet.gc.last_collection.memory.committed_size (By),Metric,0
09/11/2026 06:02:24,System.Runtime,dotnet.gc.last_collection.heap.fragmentation.size (By)[gc.heap.generation=gen2],Metric,0
09/11/2026 06:02:24,System.Runtime,dotnet.gc.last_collection.heap.fragmentation.size (By)[gc.heap.generation=gen0],Metric,0
09/11/2026 06:02:24,System.Runtime,dotnet.gc.last_collection.heap.fragmentation.size (By)[gc.heap.generation=gen1],Metric,0
09/11/2026 06:02:24,System.Runtime,dotnet.gc.last_collection.heap.fragmentation.size (By)[gc.heap.generation=poh],Metric,0
09/11/2026 06:02:24,System.Runtime,dotnet.gc.last_collection.heap.fragmentation.size (By)[gc.heap.generation=loh],Metric,0
09/11/2026 06:02:24,System.Runtime,dotnet.timer.count ({timer}),Metric,2
09/11/2026 06:02:24,System.Runtime,dotnet.assembly.count ({assembly}),Metric,61
09/11/2026 06:02:24,System.Runtime,dotnet.gc.heap.total_allocated (By / 1 sec),Rate,138312
09/11/2026 06:02:24,System.Runtime,dotnet.gc.last_collection.heap.size (By)[gc.heap.generation=gen2],Metric,0
09/11/2026 06:02:24,System.Runtime,dotnet.gc.last_collection.heap.size (By)[gc.heap.generation=gen0],Metric,0
09/11/2026 06:02:24,System.Runtime,dotnet.gc.last_collection.heap.size (By)[gc.heap.generation=gen1],Metric,0
09/11/2026 06:02:24,System.Runtime,dotnet.gc.last_collection.heap.size (By)[gc.heap.generation=poh],Metric,0
09/11/2026 06:02:24,System.Runtime,dotnet.gc.last_collection.heap.size (By)[gc.heap.generation=loh],Metric,0
09/11/2026 06:02:24,System.Runtime,dotnet.thread_pool.work_item.count ({work_item} / 1 sec),Rate,603
09/11/2026 06:02:24,System.Runtime,dotnet.process.memory.working_set (By),Metric,122355712
09/11/2026 06:02:24,System.Runtime,dotnet.thread_pool.thread.count ({thread} / 1 sec),Rate,0
09/11/2026 06:02:24,System.Runtime,dotnet.jit.compilation.time (s / 1 sec),Rate,0
09/11/2026 06:02:25,System.Runtime,dotnet.jit.compiled_il.size (By / 1 sec),Rate,0
09/11/2026 06:02:25,System.Runtime,dotnet.jit.compiled_methods ({method} / 1 sec),Rate,0
09/11/2026 06:02:25,System.Runtime,dotnet.monitor.lock_contentions ({contention} / 1 sec),Rate,0
09/11/2026 06:02:25,System.Runtime,dotnet.gc.collections ({collection} / 1 sec)[gc.heap.generation=gen2],Rate,0
09/11/2026 06:02:25,System.Runtime,dotnet.gc.collections ({collection} / 1 sec)[gc.heap.generation=gen0],Rate,0
09/11/2026 06:02:25,System.Runtime,dotnet.gc.collections ({collection} / 1 sec)[gc.heap.generation=gen1],Rate,0
09/11/2026 06:02:25,System.Runtime,dotnet.process.cpu.time (s / 1 sec)[cpu.mode=system],Rate,0.03220299999999909
09/11/2026 06:02:25,System.Runtime,dotnet.process.cpu.time (s / 1 sec)[cpu.mode=user],Rate,0.5832240000000013
09/11/2026 06:02:25,System.Runtime,dotnet.process.cpu.count ({cpu}),Metric,15
09/11/2026 06:02:25,System.Runtime,dotnet.gc.pause.time (s / 1 sec),Rate,0
09/11/2026 06:02:25,System.Runtime,dotnet.thread_pool.queue.length ({work_item} / 1 sec),Rate,0
09/11/2026 06:02:25,System.Runtime,dotnet.gc.last_collection.memory.committed_size (By),Metric,0
09/11/2026 06:02:25,System.Runtime,dotnet.gc.last_collection.heap.fragmentation.size (By)[gc.heap.generation=gen2],Metric,0
09/11/2026 06:02:25,System.Runtime,dotnet.gc.last_collection.heap.fragmentation.size (By)[gc.heap.generation=gen0],Metric,0
09/11/2026 06:02:25,System.Runtime,dotnet.gc.last_collection.heap.fragmentation.size (By)[gc.heap.generation=gen1],Metric,0
09/11/2026 06:02:25,System.Runtime,dotnet.gc.last_collection.heap.fragmentation.size (By)[gc.heap.generation=poh],Metric,0
09/11/2026 06:02:25,System.Runtime,dotnet.gc.last_collection.heap.fragmentation.size (By)[gc.heap.generation=loh],Metric,0
09/11/2026 06:02:25,System.Runtime,dotnet.timer.count ({timer}),Metric,2
09/11/2026 06:02:25,System.Runtime,dotnet.assembly.count ({assembly}),Metric,61
09/11/2026 06:02:25,System.Runtime,dotnet.gc.heap.total_allocated (By / 1 sec),Rate,122976
09/11/2026 06:02:25,System.Runtime,dotnet.gc.last_collection.heap.size (By)[gc.heap.generation=gen2],Metric,0
09/11/2026 06:02:25,System.Runtime,dotnet.gc.last_collection.heap.size (By)[gc.heap.generation=gen0],Metric,0
09/11/2026 06:02:25,System.Runtime,dotnet.gc.last_collection.heap.size (By)[gc.heap.generation=gen1],Metric,0
09/11/2026 06:02:25,System.Runtime,dotnet.gc.last_collection.heap.size (By)[gc.heap.generation=poh],Metric,0
09/11/2026 06:02:25,System.Runtime,dotnet.gc.last_collection.heap.size (By)[gc.heap.generation=loh],Metric,0
09/11/2026 06:02:25,System.Runtime,dotnet.thread_pool.work_item.count ({work_item} / 1 sec),Rate,601
09/11/2026 06:02:25,System.Runtime,dotnet.process.memory.working_set (By),Metric,122519552
09/11/2026 06:02:25,System.Runtime,dotnet.thread_pool.thread.count ({thread} / 1 sec),Rate,0
09/11/2026 06:02:25,System.Runtime,dotnet.jit.compilation.time (s / 1 sec),Rate,0
09/11/2026 06:02:26,System.Runtime,dotnet.jit.compiled_il.size (By / 1 sec),Rate,0
09/11/2026 06:02:26,System.Runtime,dotnet.jit.compiled_methods ({method} / 1 sec),Rate,0
09/11/2026 06:02:26,System.Runtime,dotnet.monitor.lock_contentions ({contention} / 1 sec),Rate,0
09/11/2026 06:02:26,System.Runtime,dotnet.gc.collections ({collection} / 1 sec)[gc.heap.generation=gen2],Rate,0
09/11/2026 06:02:26,System.Runtime,dotnet.gc.collections ({collection} / 1 sec)[gc.heap.generation=gen0],Rate,0
09/11/2026 06:02:26,System.Runtime,dotnet.gc.collections ({collection} / 1 sec)[gc.heap.generation=gen1],Rate,0
09/11/2026 06:02:26,System.Runtime,dotnet.process.cpu.time (s / 1 sec)[cpu.mode=system],Rate,0.037249000000000976
09/11/2026 06:02:26,System.Runtime,dotnet.process.cpu.time (s / 1 sec)[cpu.mode=user],Rate,0.590736000000021
09/11/2026 06:02:26,System.Runtime,dotnet.process.cpu.count ({cpu}),Metric,15
09/11/2026 06:02:26,System.Runtime,dotnet.gc.pause.time (s / 1 sec),Rate,0
09/11/2026 06:02:26,System.Runtime,dotnet.thread_pool.queue.length ({work_item} / 1 sec),Rate,0
09/11/2026 06:02:26,System.Runtime,dotnet.gc.last_collection.memory.committed_size (By),Metric,0
09/11/2026 06:02:26,System.Runtime,dotnet.gc.last_collection.heap.fragmentation.size (By)[gc.heap.generation=gen2],Metric,0
09/11/2026 06:02:26,System.Runtime,dotnet.gc.last_collection.heap.fragmentation.size (By)[gc.heap.generation=gen0],Metric,0
09/11/2026 06:02:26,System.Runtime,dotnet.gc.last_collection.heap.fragmentation.size (By)[gc.heap.generation=gen1],Metric,0
09/11/2026 06:02:26,System.Runtime,dotnet.gc.last_collection.heap.fragmentation.size (By)[gc.heap.generation=poh],Metric,0
09/11/2026 06:02:26,System.Runtime,dotnet.gc.last_collection.heap.fragmentation.size (By)[gc.heap.generation=loh],Metric,0
09/11/2026 06:02:26,System.Runtime,dotnet.timer.count ({timer}),Metric,2
09/11/2026 06:02:26,System.Runtime,dotnet.assembly.count ({assembly}),Metric,61
09/11/2026 06:02:26,System.Runtime,dotnet.gc.heap.total_allocated (By / 1 sec),Rate,144384
09/11/2026 06:02:26,System.Runtime,dotnet.gc.last_collection.heap.size (By)[gc.heap.generation=gen2],Metric,0
09/11/2026 06:02:26,System.Runtime,dotnet.gc.last_collection.heap.size (By)[gc.heap.generation=gen0],Metric,0
09/11/2026 06:02:26,System.Runtime,dotnet.gc.last_collection.heap.size (By)[gc.heap.generation=gen1],Metric,0
09/11/2026 06:02:26,System.Runtime,dotnet.gc.last_collection.heap.size (By)[gc.heap.generation=poh],Metric,0
09/11/2026 06:02:26,System.Runtime,dotnet.gc.last_collection.heap.size (By)[gc.heap.generation=loh],Metric,0
09/11/2026 06:02:26,System.Runtime,dotnet.thread_pool.work_item.count ({work_item} / 1 sec),Rate,601
09/11/2026 06:02:26,System.Runtime,dotnet.process.memory.working_set (By),Metric,122667008
09/11/2026 06:02:26,System.Runtime,dotnet.thread_pool.thread.count ({thread} / 1 sec),Rate,0
09/11/2026 06:02:26,System.Runtime,dotnet.jit.compilation.time (s / 1 sec),Rate,0
09/11/2026 06:02:27,System.Runtime,dotnet.jit.compiled_il.size (By / 1 sec),Rate,0
09/11/2026 06:02:27,System.Runtime,dotnet.jit.compiled_methods ({method} / 1 sec),Rate,0
09/11/2026 06:02:27,System.Runtime,dotnet.monitor.lock_contentions ({contention} / 1 sec),Rate,0
09/11/2026 06:02:27,System.Runtime,dotnet.gc.collections ({collection} / 1 sec)[gc.heap.generation=gen2],Rate,0
09/11/2026 06:02:27,System.Runtime,dotnet.gc.collections ({collection} / 1 sec)[gc.heap.generation=gen0],Rate,0
09/11/2026 06:02:27,System.Runtime,dotnet.gc.collections ({collection} / 1 sec)[gc.heap.generation=gen1],Rate,0
09/11/2026 06:02:27,System.Runtime,dotnet.process.cpu.time (s / 1 sec)[cpu.mode=system],Rate,0.0393220000000003
09/11/2026 06:02:27,System.Runtime,dotnet.process.cpu.time (s / 1 sec)[cpu.mode=user],Rate,0.5901920000000018
09/11/2026 06:02:27,System.Runtime,dotnet.process.cpu.count ({cpu}),Metric,15
09/11/2026 06:02:27,System.Runtime,dotnet.gc.pause.time (s / 1 sec),Rate,0
09/11/2026 06:02:27,System.Runtime,dotnet.thread_pool.queue.length ({work_item} / 1 sec),Rate,0
09/11/2026 06:02:27,System.Runtime,dotnet.gc.last_collection.memory.committed_size (By),Metric,0
09/11/2026 06:02:27,System.Runtime,dotnet.gc.last_collection.heap.fragmentation.size (By)[gc.heap.generation=gen2],Metric,0
09/11/2026 06:02:27,System.Runtime,dotnet.gc.last_collection.heap.fragmentation.size (By)[gc.heap.generation=gen0],Metric,0
09/11/2026 06:02:27,System.Runtime,dotnet.gc.last_collection.heap.fragmentation.size (By)[gc.heap.generation=gen1],Metric,0
09/11/2026 06:02:27,System.Runtime,dotnet.gc.last_collection.heap.fragmentation.size (By)[gc.heap.generation=poh],Metric,0
09/11/2026 06:02:27,System.Runtime,dotnet.gc.last_collection.heap.fragmentation.size (By)[gc.heap.generation=loh],Metric,0
09/11/2026 06:02:27,System.Runtime,dotnet.timer.count ({timer}),Metric,2
09/11/2026 06:02:27,System.Runtime,dotnet.assembly.count ({assembly}),Metric,61
09/11/2026 06:02:27,System.Runtime,dotnet.gc.heap.total_allocated (By / 1 sec),Rate,130168
09/11/2026 06:02:27,System.Runtime,dotnet.gc.last_collection.heap.size (By)[gc.heap.generation=gen2],Metric,0
09/11/2026 06:02:27,System.Runtime,dotnet.gc.last_collection.heap.size (By)[gc.heap.generation=gen0],Metric,0
09/11/2026 06:02:27,System.Runtime,dotnet.gc.last_collection.heap.size (By)[gc.heap.generation=gen1],Metric,0
09/11/2026 06:02:27,System.Runtime,dotnet.gc.last_collection.heap.size (By)[gc.heap.generation=poh],Metric,0
09/11/2026 06:02:27,System.Runtime,dotnet.gc.last_collection.heap.size (By)[gc.heap.generation=loh],Metric,0
09/11/2026 06:02:27,System.Runtime,dotnet.thread_pool.work_item.count ({work_item} / 1 sec),Rate,601
09/11/2026 06:02:27,System.Runtime,dotnet.process.memory.working_set (By),Metric,122781696
09/11/2026 06:02:27,System.Runtime,dotnet.thread_pool.thread.count ({thread} / 1 sec),Rate,0
09/11/2026 06:02:27,System.Runtime,dotnet.jit.compilation.time (s / 1 sec),Rate,0
09/11/2026 06:02:28,System.Runtime,dotnet.jit.compiled_il.size (By / 1 sec),Rate,0
09/11/2026 06:02:28,System.Runtime,dotnet.jit.compiled_methods ({method} / 1 sec),Rate,0
09/11/2026 06:02:28,System.Runtime,dotnet.monitor.lock_contentions ({contention} / 1 sec),Rate,0
09/11/2026 06:02:28,System.Runtime,dotnet.gc.collections ({collection} / 1 sec)[gc.heap.generation=gen2],Rate,0
09/11/2026 06:02:28,System.Runtime,dotnet.gc.collections ({collection} / 1 sec)[gc.heap.generation=gen0],Rate,0
09/11/2026 06:02:28,System.Runtime,dotnet.gc.collections ({collection} / 1 sec)[gc.heap.generation=gen1],Rate,0
09/11/2026 06:02:28,System.Runtime,dotnet.process.cpu.time (s / 1 sec)[cpu.mode=system],Rate,0.03497299999999903
09/11/2026 06:02:28,System.Runtime,dotnet.process.cpu.time (s / 1 sec)[cpu.mode=user],Rate,0.5877160000000003
09/11/2026 06:02:28,System.Runtime,dotnet.process.cpu.count ({cpu}),Metric,15
09/11/2026 06:02:28,System.Runtime,dotnet.gc.pause.time (s / 1 sec),Rate,0
09/11/2026 06:02:28,System.Runtime,dotnet.thread_pool.queue.length ({work_item} / 1 sec),Rate,0
09/11/2026 06:02:28,System.Runtime,dotnet.gc.last_collection.memory.committed_size (By),Metric,0
09/11/2026 06:02:28,System.Runtime,dotnet.gc.last_collection.heap.fragmentation.size (By)[gc.heap.generation=gen2],Metric,0
09/11/2026 06:02:28,System.Runtime,dotnet.gc.last_collection.heap.fragmentation.size (By)[gc.heap.generation=gen0],Metric,0
09/11/2026 06:02:28,System.Runtime,dotnet.gc.last_collection.heap.fragmentation.size (By)[gc.heap.generation=gen1],Metric,0
09/11/2026 06:02:28,System.Runtime,dotnet.gc.last_collection.heap.fragmentation.size (By)[gc.heap.generation=poh],Metric,0
09/11/2026 06:02:28,System.Runtime,dotnet.gc.last_collection.heap.fragmentation.size (By)[gc.heap.generation=loh],Metric,0
09/11/2026 06:02:28,System.Runtime,dotnet.timer.count ({timer}),Metric,2
09/11/2026 06:02:28,System.Runtime,dotnet.assembly.count ({assembly}),Metric,61
09/11/2026 06:02:28,System.Runtime,dotnet.gc.heap.total_allocated (By / 1 sec),Rate,146592
09/11/2026 06:02:28,System.Runtime,dotnet.gc.last_collection.heap.size (By)[gc.heap.generation=gen2],Metric,0
09/11/2026 06:02:28,System.Runtime,dotnet.gc.last_collection.heap.size (By)[gc.heap.generation=gen0],Metric,0
09/11/2026 06:02:28,System.Runtime,dotnet.gc.last_collection.heap.size (By)[gc.heap.generation=gen1],Metric,0
09/11/2026 06:02:28,System.Runtime,dotnet.gc.last_collection.heap.size (By)[gc.heap.generation=poh],Metric,0
09/11/2026 06:02:28,System.Runtime,dotnet.gc.last_collection.heap.size (By)[gc.heap.generation=loh],Metric,0
09/11/2026 06:02:28,System.Runtime,dotnet.thread_pool.work_item.count ({work_item} / 1 sec),Rate,603
09/11/2026 06:02:28,System.Runtime,dotnet.process.memory.working_set (By),Metric,122945536
09/11/2026 06:02:28,System.Runtime,dotnet.thread_pool.thread.count ({thread} / 1 sec),Rate,0
09/11/2026 06:02:28,System.Runtime,dotnet.jit.compilation.time (s / 1 sec),Rate,0
09/11/2026 06:02:29,System.Runtime,dotnet.jit.compiled_il.size (By / 1 sec),Rate,0
09/11/2026 06:02:29,System.Runtime,dotnet.jit.compiled_methods ({method} / 1 sec),Rate,0
09/11/2026 06:02:29,System.Runtime,dotnet.monitor.lock_contentions ({contention} / 1 sec),Rate,0
09/11/2026 06:02:29,System.Runtime,dotnet.gc.collections ({collection} / 1 sec)[gc.heap.generation=gen2],Rate,0
09/11/2026 06:02:29,System.Runtime,dotnet.gc.collections ({collection} / 1 sec)[gc.heap.generation=gen0],Rate,0
09/11/2026 06:02:29,System.Runtime,dotnet.gc.collections ({collection} / 1 sec)[gc.heap.generation=gen1],Rate,0
09/11/2026 06:02:29,System.Runtime,dotnet.process.cpu.time (s / 1 sec)[cpu.mode=system],Rate,0.037675000000000125
09/11/2026 06:02:29,System.Runtime,dotnet.process.cpu.time (s / 1 sec)[cpu.mode=user],Rate,0.5843270000000018
09/11/2026 06:02:29,System.Runtime,dotnet.process.cpu.count ({cpu}),Metric,15
09/11/2026 06:02:29,System.Runtime,dotnet.gc.pause.time (s / 1 sec),Rate,0
09/11/2026 06:02:29,System.Runtime,dotnet.thread_pool.queue.length ({work_item} / 1 sec),Rate,0
09/11/2026 06:02:29,System.Runtime,dotnet.gc.last_collection.memory.committed_size (By),Metric,0
09/11/2026 06:02:29,System.Runtime,dotnet.gc.last_collection.heap.fragmentation.size (By)[gc.heap.generation=gen2],Metric,0
09/11/2026 06:02:29,System.Runtime,dotnet.gc.last_collection.heap.fragmentation.size (By)[gc.heap.generation=gen0],Metric,0
09/11/2026 06:02:29,System.Runtime,dotnet.gc.last_collection.heap.fragmentation.size (By)[gc.heap.generation=gen1],Metric,0
09/11/2026 06:02:29,System.Runtime,dotnet.gc.last_collection.heap.fragmentation.size (By)[gc.heap.generation=poh],Metric,0
09/11/2026 06:02:29,System.Runtime,dotnet.gc.last_collection.heap.fragmentation.size (By)[gc.heap.generation=loh],Metric,0
09/11/2026 06:02:29,System.Runtime,dotnet.timer.count ({timer}),Metric,2
09/11/2026 06:02:29,System.Runtime,dotnet.assembly.count ({assembly}),Metric,61
09/11/2026 06:02:29,System.Runtime,dotnet.gc.heap.total_allocated (By / 1 sec),Rate,139400
09/11/2026 06:02:29,System.Runtime,dotnet.gc.last_collection.heap.size (By)[gc.heap.generation=gen2],Metric,0
09/11/2026 06:02:29,System.Runtime,dotnet.gc.last_collection.heap.size (By)[gc.heap.generation=gen0],Metric,0
09/11/2026 06:02:29,System.Runtime,dotnet.gc.last_collection.heap.size (By)[gc.heap.generation=gen1],Metric,0
09/11/2026 06:02:29,System.Runtime,dotnet.gc.last_collection.heap.size (By)[gc.heap.generation=poh],Metric,0
09/11/2026 06:02:29,System.Runtime,dotnet.gc.last_collection.heap.size (By)[gc.heap.generation=loh],Metric,0
09/11/2026 06:02:29,System.Runtime,dotnet.thread_pool.work_item.count ({work_item} / 1 sec),Rate,601
09/11/2026 06:02:29,System.Runtime,dotnet.process.memory.working_set (By),Metric,123109376
09/11/2026 06:02:29,System.Runtime,dotnet.thread_pool.thread.count ({thread} / 1 sec),Rate,0
09/11/2026 06:02:29,System.Runtime,dotnet.jit.compilation.time (s / 1 sec),Rate,0
09/11/2026 06:02:30,System.Runtime,dotnet.jit.compiled_il.size (By / 1 sec),Rate,0
09/11/2026 06:02:30,System.Runtime,dotnet.jit.compiled_methods ({method} / 1 sec),Rate,0
09/11/2026 06:02:30,System.Runtime,dotnet.monitor.lock_contentions ({contention} / 1 sec),Rate,0
09/11/2026 06:02:30,System.Runtime,dotnet.gc.collections ({collection} / 1 sec)[gc.heap.generation=gen2],Rate,0
09/11/2026 06:02:30,System.Runtime,dotnet.gc.collections ({collection} / 1 sec)[gc.heap.generation=gen0],Rate,0
09/11/2026 06:02:30,System.Runtime,dotnet.gc.collections ({collection} / 1 sec)[gc.heap.generation=gen1],Rate,0
09/11/2026 06:02:30,System.Runtime,dotnet.process.cpu.time (s / 1 sec)[cpu.mode=system],Rate,0.03588899999999917
09/11/2026 06:02:30,System.Runtime,dotnet.process.cpu.time (s / 1 sec)[cpu.mode=user],Rate,0.5906329999999969
09/11/2026 06:02:30,System.Runtime,dotnet.process.cpu.count ({cpu}),Metric,15
09/11/2026 06:02:30,System.Runtime,dotnet.gc.pause.time (s / 1 sec),Rate,0
09/11/2026 06:02:30,System.Runtime,dotnet.thread_pool.queue.length ({work_item} / 1 sec),Rate,0
09/11/2026 06:02:30,System.Runtime,dotnet.gc.last_collection.memory.committed_size (By),Metric,0
09/11/2026 06:02:30,System.Runtime,dotnet.gc.last_collection.heap.fragmentation.size (By)[gc.heap.generation=gen2],Metric,0
09/11/2026 06:02:30,System.Runtime,dotnet.gc.last_collection.heap.fragmentation.size (By)[gc.heap.generation=gen0],Metric,0
09/11/2026 06:02:30,System.Runtime,dotnet.gc.last_collection.heap.fragmentation.size (By)[gc.heap.generation=gen1],Metric,0
09/11/2026 06:02:30,System.Runtime,dotnet.gc.last_collection.heap.fragmentation.size (By)[gc.heap.generation=poh],Metric,0
09/11/2026 06:02:30,System.Runtime,dotnet.gc.last_collection.heap.fragmentation.size (By)[gc.heap.generation=loh],Metric,0
09/11/2026 06:02:30,System.Runtime,dotnet.timer.count ({timer}),Metric,2
09/11/2026 06:02:30,System.Runtime,dotnet.assembly.count ({assembly}),Metric,61
09/11/2026 06:02:30,System.Runtime,dotnet.gc.heap.total_allocated (By / 1 sec),Rate,130112
09/11/2026 06:02:30,System.Runtime,dotnet.gc.last_collection.heap.size (By)[gc.heap.generation=gen2],Metric,0
09/11/2026 06:02:30,System.Runtime,dotnet.gc.last_collection.heap.size (By)[gc.heap.generation=gen0],Metric,0
09/11/2026 06:02:30,System.Runtime,dotnet.gc.last_collection.heap.size (By)[gc.heap.generation=gen1],Metric,0
09/11/2026 06:02:30,System.Runtime,dotnet.gc.last_collection.heap.size (By)[gc.heap.generation=poh],Metric,0
09/11/2026 06:02:30,System.Runtime,dotnet.gc.last_collection.heap.size (By)[gc.heap.generation=loh],Metric,0
09/11/2026 06:02:30,System.Runtime,dotnet.thread_pool.work_item.count ({work_item} / 1 sec),Rate,601
09/11/2026 06:02:30,System.Runtime,dotnet.process.memory.working_set (By),Metric,123256832
09/11/2026 06:02:30,System.Runtime,dotnet.thread_pool.thread.count ({thread} / 1 sec),Rate,0
09/11/2026 06:02:30,System.Runtime,dotnet.jit.compilation.time (s / 1 sec),Rate,0
09/11/2026 06:02:31,System.Runtime,dotnet.jit.compiled_il.size (By / 1 sec),Rate,0
09/11/2026 06:02:31,System.Runtime,dotnet.jit.compiled_methods ({method} / 1 sec),Rate,0
09/11/2026 06:02:31,System.Runtime,dotnet.monitor.lock_contentions ({contention} / 1 sec),Rate,0
09/11/2026 06:02:31,System.Runtime,dotnet.gc.collections ({collection} / 1 sec)[gc.heap.generation=gen2],Rate,0
09/11/2026 06:02:31,System.Runtime,dotnet.gc.collections ({collection} / 1 sec)[gc.heap.generation=gen0],Rate,0
09/11/2026 06:02:31,System.Runtime,dotnet.gc.collections ({collection} / 1 sec)[gc.heap.generation=gen1],Rate,0
09/11/2026 06:02:31,System.Runtime,dotnet.process.cpu.time (s / 1 sec)[cpu.mode=system],Rate,0.03730100000000114
09/11/2026 06:02:31,System.Runtime,dotnet.process.cpu.time (s / 1 sec)[cpu.mode=user],Rate,0.5905309999999986
09/11/2026 06:02:31,System.Runtime,dotnet.process.cpu.count ({cpu}),Metric,15
09/11/2026 06:02:31,System.Runtime,dotnet.gc.pause.time (s / 1 sec),Rate,0
09/11/2026 06:02:31,System.Runtime,dotnet.thread_pool.queue.length ({work_item} / 1 sec),Rate,0
09/11/2026 06:02:31,System.Runtime,dotnet.gc.last_collection.memory.committed_size (By),Metric,0
09/11/2026 06:02:31,System.Runtime,dotnet.gc.last_collection.heap.fragmentation.size (By)[gc.heap.generation=gen2],Metric,0
09/11/2026 06:02:31,System.Runtime,dotnet.gc.last_collection.heap.fragmentation.size (By)[gc.heap.generation=gen0],Metric,0
09/11/2026 06:02:31,System.Runtime,dotnet.gc.last_collection.heap.fragmentation.size (By)[gc.heap.generation=gen1],Metric,0
09/11/2026 06:02:31,System.Runtime,dotnet.gc.last_collection.heap.fragmentation.size (By)[gc.heap.generation=poh],Metric,0
09/11/2026 06:02:31,System.Runtime,dotnet.gc.last_collection.heap.fragmentation.size (By)[gc.heap.generation=loh],Metric,0
09/11/2026 06:02:31,System.Runtime,dotnet.timer.count ({timer}),Metric,2
09/11/2026 06:02:31,System.Runtime,dotnet.assembly.count ({assembly}),Metric,61
09/11/2026 06:02:31,System.Runtime,dotnet.gc.heap.total_allocated (By / 1 sec),Rate,147600
09/11/2026 06:02:31,System.Runtime,dotnet.gc.last_collection.heap.size (By)[gc.heap.generation=gen2],Metric,0
09/11/2026 06:02:31,System.Runtime,dotnet.gc.last_collection.heap.size (By)[gc.heap.generation=gen0],Metric,0
09/11/2026 06:02:31,System.Runtime,dotnet.gc.last_collection.heap.size (By)[gc.heap.generation=gen1],Metric,0
09/11/2026 06:02:31,System.Runtime,dotnet.gc.last_collection.heap.size (By)[gc.heap.generation=poh],Metric,0
09/11/2026 06:02:31,System.Runtime,dotnet.gc.last_collection.heap.size (By)[gc.heap.generation=loh],Metric,0
09/11/2026 06:02:31,System.Runtime,dotnet.thread_pool.work_item.count ({work_item} / 1 sec),Rate,601
09/11/2026 06:02:31,System.Runtime,dotnet.process.memory.working_set (By),Metric,123404288
09/11/2026 06:02:31,System.Runtime,dotnet.thread_pool.thread.count ({thread} / 1 sec),Rate,0
09/11/2026 06:02:31,System.Runtime,dotnet.jit.compilation.time (s / 1 sec),Rate,0
09/11/2026 06:02:32,System.Runtime,dotnet.jit.compiled_il.size (By / 1 sec),Rate,0
09/11/2026 06:02:32,System.Runtime,dotnet.jit.compiled_methods ({method} / 1 sec),Rate,0
09/11/2026 06:02:32,System.Runtime,dotnet.monitor.lock_contentions ({contention} / 1 sec),Rate,0
09/11/2026 06:02:32,System.Runtime,dotnet.gc.collections ({collection} / 1 sec)[gc.heap.generation=gen2],Rate,0
09/11/2026 06:02:32,System.Runtime,dotnet.gc.collections ({collection} / 1 sec)[gc.heap.generation=gen0],Rate,0
09/11/2026 06:02:32,System.Runtime,dotnet.gc.collections ({collection} / 1 sec)[gc.heap.generation=gen1],Rate,0
09/11/2026 06:02:32,System.Runtime,dotnet.process.cpu.time (s / 1 sec)[cpu.mode=system],Rate,0.03528099999999945
09/11/2026 06:02:32,System.Runtime,dotnet.process.cpu.time (s / 1 sec)[cpu.mode=user],Rate,0.5864509999999825
09/11/2026 06:02:32,System.Runtime,dotnet.process.cpu.count ({cpu}),Metric,15
09/11/2026 06:02:32,System.Runtime,dotnet.gc.pause.time (s / 1 sec),Rate,0
09/11/2026 06:02:32,System.Runtime,dotnet.thread_pool.queue.length ({work_item} / 1 sec),Rate,0
09/11/2026 06:02:32,System.Runtime,dotnet.gc.last_collection.memory.committed_size (By),Metric,0
09/11/2026 06:02:32,System.Runtime,dotnet.gc.last_collection.heap.fragmentation.size (By)[gc.heap.generation=gen2],Metric,0
09/11/2026 06:02:32,System.Runtime,dotnet.gc.last_collection.heap.fragmentation.size (By)[gc.heap.generation=gen0],Metric,0
09/11/2026 06:02:32,System.Runtime,dotnet.gc.last_collection.heap.fragmentation.size (By)[gc.heap.generation=gen1],Metric,0
09/11/2026 06:02:32,System.Runtime,dotnet.gc.last_collection.heap.fragmentation.size (By)[gc.heap.generation=poh],Metric,0
09/11/2026 06:02:32,System.Runtime,dotnet.gc.last_collection.heap.fragmentation.size (By)[gc.heap.generation=loh],Metric,0
09/11/2026 06:02:32,System.Runtime,dotnet.timer.count ({timer}),Metric,2
09/11/2026 06:02:32,System.Runtime,dotnet.assembly.count ({assembly}),Metric,61
09/11/2026 06:02:32,System.Runtime,dotnet.gc.heap.total_allocated (By / 1 sec),Rate,123000
09/11/2026 06:02:32,System.Runtime,dotnet.gc.last_collection.heap.size (By)[gc.heap.generation=gen2],Metric,0
09/11/2026 06:02:32,System.Runtime,dotnet.gc.last_collection.heap.size (By)[gc.heap.generation=gen0],Metric,0
09/11/2026 06:02:32,System.Runtime,dotnet.gc.last_collection.heap.size (By)[gc.heap.generation=gen1],Metric,0
09/11/2026 06:02:32,System.Runtime,dotnet.gc.last_collection.heap.size (By)[gc.heap.generation=poh],Metric,0
09/11/2026 06:02:32,System.Runtime,dotnet.gc.last_collection.heap.size (By)[gc.heap.generation=loh],Metric,0
09/11/2026 06:02:32,System.Runtime,dotnet.thread_pool.work_item.count ({work_item} / 1 sec),Rate,601
09/11/2026 06:02:32,System.Runtime,dotnet.process.memory.working_set (By),Metric,123551744
09/11/2026 06:02:32,System.Runtime,dotnet.thread_pool.thread.count ({thread} / 1 sec),Rate,0
09/11/2026 06:02:32,System.Runtime,dotnet.jit.compilation.time (s / 1 sec),Rate,0
09/11/2026 06:02:33,System.Runtime,dotnet.jit.compiled_il.size (By / 1 sec),Rate,0
09/11/2026 06:02:33,System.Runtime,dotnet.jit.compiled_methods ({method} / 1 sec),Rate,0
09/11/2026 06:02:33,System.Runtime,dotnet.monitor.lock_contentions ({contention} / 1 sec),Rate,0
09/11/2026 06:02:33,System.Runtime,dotnet.gc.collections ({collection} / 1 sec)[gc.heap.generation=gen2],Rate,0
09/11/2026 06:02:33,System.Runtime,dotnet.gc.collections ({collection} / 1 sec)[gc.heap.generation=gen0],Rate,0
09/11/2026 06:02:33,System.Runtime,dotnet.gc.collections ({collection} / 1 sec)[gc.heap.generation=gen1],Rate,0
09/11/2026 06:02:33,System.Runtime,dotnet.process.cpu.time (s / 1 sec)[cpu.mode=system],Rate,0.03630099999999992
09/11/2026 06:02:33,System.Runtime,dotnet.process.cpu.time (s / 1 sec)[cpu.mode=user],Rate,0.5897810000000163
09/11/2026 06:02:33,System.Runtime,dotnet.process.cpu.count ({cpu}),Metric,15
09/11/2026 06:02:33,System.Runtime,dotnet.gc.pause.time (s / 1 sec),Rate,0
09/11/2026 06:02:33,System.Runtime,dotnet.thread_pool.queue.length ({work_item} / 1 sec),Rate,0
09/11/2026 06:02:33,System.Runtime,dotnet.gc.last_collection.memory.committed_size (By),Metric,0
09/11/2026 06:02:33,System.Runtime,dotnet.gc.last_collection.heap.fragmentation.size (By)[gc.heap.generation=gen2],Metric,0
09/11/2026 06:02:33,System.Runtime,dotnet.gc.last_collection.heap.fragmentation.size (By)[gc.heap.generation=gen0],Metric,0
09/11/2026 06:02:33,System.Runtime,dotnet.gc.last_collection.heap.fragmentation.size (By)[gc.heap.generation=gen1],Metric,0
09/11/2026 06:02:33,System.Runtime,dotnet.gc.last_collection.heap.fragmentation.size (By)[gc.heap.generation=poh],Metric,0
09/11/2026 06:02:33,System.Runtime,dotnet.gc.last_collection.heap.fragmentation.size (By)[gc.heap.generation=loh],Metric,0
09/11/2026 06:02:33,System.Runtime,dotnet.timer.count ({timer}),Metric,2
09/11/2026 06:02:33,System.Runtime,dotnet.assembly.count ({assembly}),Metric,61
09/11/2026 06:02:33,System.Runtime,dotnet.gc.heap.total_allocated (By / 1 sec),Rate,146592
09/11/2026 06:02:33,System.Runtime,dotnet.gc.last_collection.heap.size (By)[gc.heap.generation=gen2],Metric,0
09/11/2026 06:02:33,System.Runtime,dotnet.gc.last_collection.heap.size (By)[gc.heap.generation=gen0],Metric,0
09/11/2026 06:02:33,System.Runtime,dotnet.gc.last_collection.heap.size (By)[gc.heap.generation=gen1],Metric,0
09/11/2026 06:02:33,System.Runtime,dotnet.gc.last_collection.heap.size (By)[gc.heap.generation=poh],Metric,0
09/11/2026 06:02:33,System.Runtime,dotnet.gc.last_collection.heap.size (By)[gc.heap.generation=loh],Metric,0
09/11/2026 06:02:33,System.Runtime,dotnet.thread_pool.work_item.count ({work_item} / 1 sec),Rate,602
09/11/2026 06:02:33,System.Runtime,dotnet.process.memory.working_set (By),Metric,123731968
09/11/2026 06:02:33,System.Runtime,dotnet.thread_pool.thread.count ({thread} / 1 sec),Rate,0
09/11/2026 06:02:33,System.Runtime,dotnet.jit.compilation.time (s / 1 sec),Rate,0
09/11/2026 06:02:34,System.Runtime,dotnet.jit.compiled_il.size (By / 1 sec),Rate,0
09/11/2026 06:02:34,System.Runtime,dotnet.jit.compiled_methods ({method} / 1 sec),Rate,0
09/11/2026 06:02:34,System.Runtime,dotnet.monitor.lock_contentions ({contention} / 1 sec),Rate,0
09/11/2026 06:02:34,System.Runtime,dotnet.gc.collections ({collection} / 1 sec)[gc.heap.generation=gen2],Rate,0
09/11/2026 06:02:34,System.Runtime,dotnet.gc.collections ({collection} / 1 sec)[gc.heap.generation=gen0],Rate,0
09/11/2026 06:02:34,System.Runtime,dotnet.gc.collections ({collection} / 1 sec)[gc.heap.generation=gen1],Rate,0
09/11/2026 06:02:34,System.Runtime,dotnet.process.cpu.time (s / 1 sec)[cpu.mode=system],Rate,0.037385000000000446
09/11/2026 06:02:34,System.Runtime,dotnet.process.cpu.time (s / 1 sec)[cpu.mode=user],Rate,0.5922239999999874
09/11/2026 06:02:34,System.Runtime,dotnet.process.cpu.count ({cpu}),Metric,15
09/11/2026 06:02:34,System.Runtime,dotnet.gc.pause.time (s / 1 sec),Rate,0
09/11/2026 06:02:34,System.Runtime,dotnet.thread_pool.queue.length ({work_item} / 1 sec),Rate,0
09/11/2026 06:02:34,System.Runtime,dotnet.gc.last_collection.memory.committed_size (By),Metric,0
09/11/2026 06:02:34,System.Runtime,dotnet.gc.last_collection.heap.fragmentation.size (By)[gc.heap.generation=gen2],Metric,0
09/11/2026 06:02:34,System.Runtime,dotnet.gc.last_collection.heap.fragmentation.size (By)[gc.heap.generation=gen0],Metric,0
09/11/2026 06:02:34,System.Runtime,dotnet.gc.last_collection.heap.fragmentation.size (By)[gc.heap.generation=gen1],Metric,0
09/11/2026 06:02:34,System.Runtime,dotnet.gc.last_collection.heap.fragmentation.size (By)[gc.heap.generation=poh],Metric,0
09/11/2026 06:02:34,System.Runtime,dotnet.gc.last_collection.heap.fragmentation.size (By)[gc.heap.generation=loh],Metric,0
09/11/2026 06:02:34,System.Runtime,dotnet.timer.count ({timer}),Metric,2
09/11/2026 06:02:34,System.Runtime,dotnet.assembly.count ({assembly}),Metric,61
09/11/2026 06:02:34,System.Runtime,dotnet.gc.heap.total_allocated (By / 1 sec),Rate,131200
09/11/2026 06:02:34,System.Runtime,dotnet.gc.last_collection.heap.size (By)[gc.heap.generation=gen2],Metric,0
09/11/2026 06:02:34,System.Runtime,dotnet.gc.last_collection.heap.size (By)[gc.heap.generation=gen0],Metric,0
09/11/2026 06:02:34,System.Runtime,dotnet.gc.last_collection.heap.size (By)[gc.heap.generation=gen1],Metric,0
09/11/2026 06:02:34,System.Runtime,dotnet.gc.last_collection.heap.size (By)[gc.heap.generation=poh],Metric,0
09/11/2026 06:02:34,System.Runtime,dotnet.gc.last_collection.heap.size (By)[gc.heap.generation=loh],Metric,0
09/11/2026 06:02:34,System.Runtime,dotnet.thread_pool.work_item.count ({work_item} / 1 sec),Rate,601
09/11/2026 06:02:34,System.Runtime,dotnet.process.memory.working_set (By),Metric,123879424
09/11/2026 06:02:34,System.Runtime,dotnet.thread_pool.thread.count ({thread} / 1 sec),Rate,0
09/11/2026 06:02:34,System.Runtime,dotnet.jit.compilation.time (s / 1 sec),Rate,0
09/11/2026 06:02:35,System.Runtime,dotnet.jit.compiled_il.size (By / 1 sec),Rate,0
09/11/2026 06:02:35,System.Runtime,dotnet.jit.compiled_methods ({method} / 1 sec),Rate,0
09/11/2026 06:02:35,System.Runtime,dotnet.monitor.lock_contentions ({contention} / 1 sec),Rate,0
09/11/2026 06:02:35,System.Runtime,dotnet.gc.collections ({collection} / 1 sec)[gc.heap.generation=gen2],Rate,0
09/11/2026 06:02:35,System.Runtime,dotnet.gc.collections ({collection} / 1 sec)[gc.heap.generation=gen0],Rate,0
09/11/2026 06:02:35,System.Runtime,dotnet.gc.collections ({collection} / 1 sec)[gc.heap.generation=gen1],Rate,0
09/11/2026 06:02:35,System.Runtime,dotnet.process.cpu.time (s / 1 sec)[cpu.mode=system],Rate,0.03652999999999906
09/11/2026 06:02:35,System.Runtime,dotnet.process.cpu.time (s / 1 sec)[cpu.mode=user],Rate,0.5894320000000164
09/11/2026 06:02:35,System.Runtime,dotnet.process.cpu.count ({cpu}),Metric,15
09/11/2026 06:02:35,System.Runtime,dotnet.gc.pause.time (s / 1 sec),Rate,0
09/11/2026 06:02:35,System.Runtime,dotnet.thread_pool.queue.length ({work_item} / 1 sec),Rate,0
09/11/2026 06:02:35,System.Runtime,dotnet.gc.last_collection.memory.committed_size (By),Metric,0
09/11/2026 06:02:35,System.Runtime,dotnet.gc.last_collection.heap.fragmentation.size (By)[gc.heap.generation=gen2],Metric,0
09/11/2026 06:02:35,System.Runtime,dotnet.gc.last_collection.heap.fragmentation.size (By)[gc.heap.generation=gen0],Metric,0
09/11/2026 06:02:35,System.Runtime,dotnet.gc.last_collection.heap.fragmentation.size (By)[gc.heap.generation=gen1],Metric,0
09/11/2026 06:02:35,System.Runtime,dotnet.gc.last_collection.heap.fragmentation.size (By)[gc.heap.generation=poh],Metric,0
09/11/2026 06:02:35,System.Runtime,dotnet.gc.last_collection.heap.fragmentation.size (By)[gc.heap.generation=loh],Metric,0
09/11/2026 06:02:35,System.Runtime,dotnet.timer.count ({timer}),Metric,2
09/11/2026 06:02:35,System.Runtime,dotnet.assembly.count ({assembly}),Metric,61
09/11/2026 06:02:35,System.Runtime,dotnet.gc.heap.total_allocated (By / 1 sec),Rate,171568
09/11/2026 06:02:35,System.Runtime,dotnet.gc.last_collection.heap.size (By)[gc.heap.generation=gen2],Metric,0
09/11/2026 06:02:35,System.Runtime,dotnet.gc.last_collection.heap.size (By)[gc.heap.generation=gen0],Metric,0
09/11/2026 06:02:35,System.Runtime,dotnet.gc.last_collection.heap.size (By)[gc.heap.generation=gen1],Metric,0
09/11/2026 06:02:35,System.Runtime,dotnet.gc.last_collection.heap.size (By)[gc.heap.generation=poh],Metric,0
09/11/2026 06:02:35,System.Runtime,dotnet.gc.last_collection.heap.size (By)[gc.heap.generation=loh],Metric,0
09/11/2026 06:02:35,System.Runtime,dotnet.thread_pool.work_item.count ({work_item} / 1 sec),Rate,601
09/11/2026 06:02:35,System.Runtime,dotnet.process.memory.working_set (By),Metric,124059648
09/11/2026 06:02:35,System.Runtime,dotnet.thread_pool.thread.count ({thread} / 1 sec),Rate,0
09/11/2026 06:02:35,System.Runtime,dotnet.jit.compilation.time (s / 1 sec),Rate,0
09/11/2026 06:02:36,System.Runtime,dotnet.jit.compiled_il.size (By / 1 sec),Rate,0
09/11/2026 06:02:36,System.Runtime,dotnet.jit.compiled_methods ({method} / 1 sec),Rate,0
09/11/2026 06:02:36,System.Runtime,dotnet.monitor.lock_contentions ({contention} / 1 sec),Rate,0
09/11/2026 06:02:36,System.Runtime,dotnet.gc.collections ({collection} / 1 sec)[gc.heap.generation=gen2],Rate,0
09/11/2026 06:02:36,System.Runtime,dotnet.gc.collections ({collection} / 1 sec)[gc.heap.generation=gen0],Rate,0
09/11/2026 06:02:36,System.Runtime,dotnet.gc.collections ({collection} / 1 sec)[gc.heap.generation=gen1],Rate,0
09/11/2026 06:02:36,System.Runtime,dotnet.process.cpu.time (s / 1 sec)[cpu.mode=system],Rate,0.03602300000000014
09/11/2026 06:02:36,System.Runtime,dotnet.process.cpu.time (s / 1 sec)[cpu.mode=user],Rate,0.5908299999999826
09/11/2026 06:02:36,System.Runtime,dotnet.process.cpu.count ({cpu}),Metric,15
09/11/2026 06:02:36,System.Runtime,dotnet.gc.pause.time (s / 1 sec),Rate,0
09/11/2026 06:02:36,System.Runtime,dotnet.thread_pool.queue.length ({work_item} / 1 sec),Rate,0
09/11/2026 06:02:36,System.Runtime,dotnet.gc.last_collection.memory.committed_size (By),Metric,0
09/11/2026 06:02:36,System.Runtime,dotnet.gc.last_collection.heap.fragmentation.size (By)[gc.heap.generation=gen2],Metric,0
09/11/2026 06:02:36,System.Runtime,dotnet.gc.last_collection.heap.fragmentation.size (By)[gc.heap.generation=gen0],Metric,0
09/11/2026 06:02:36,System.Runtime,dotnet.gc.last_collection.heap.fragmentation.size (By)[gc.heap.generation=gen1],Metric,0
09/11/2026 06:02:36,System.Runtime,dotnet.gc.last_collection.heap.fragmentation.size (By)[gc.heap.generation=poh],Metric,0
09/11/2026 06:02:36,System.Runtime,dotnet.gc.last_collection.heap.fragmentation.size (By)[gc.heap.generation=loh],Metric,0
09/11/2026 06:02:36,System.Runtime,dotnet.timer.count ({timer}),Metric,2
09/11/2026 06:02:36,System.Runtime,dotnet.assembly.count ({assembly}),Metric,61
09/11/2026 06:02:36,System.Runtime,dotnet.gc.heap.total_allocated (By / 1 sec),Rate,131200
09/11/2026 06:02:36,System.Runtime,dotnet.gc.last_collection.heap.size (By)[gc.heap.generation=gen2],Metric,0
09/11/2026 06:02:36,System.Runtime,dotnet.gc.last_collection.heap.size (By)[gc.heap.generation=gen0],Metric,0
09/11/2026 06:02:36,System.Runtime,dotnet.gc.last_collection.heap.size (By)[gc.heap.generation=gen1],Metric,0
09/11/2026 06:02:36,System.Runtime,dotnet.gc.last_collection.heap.size (By)[gc.heap.generation=poh],Metric,0
09/11/2026 06:02:36,System.Runtime,dotnet.gc.last_collection.heap.size (By)[gc.heap.generation=loh],Metric,0
09/11/2026 06:02:36,System.Runtime,dotnet.thread_pool.work_item.count ({work_item} / 1 sec),Rate,601
09/11/2026 06:02:36,System.Runtime,dotnet.process.memory.working_set (By),Metric,124223488
09/11/2026 06:02:36,System.Runtime,dotnet.thread_pool.thread.count ({thread} / 1 sec),Rate,0
09/11/2026 06:02:36,System.Runtime,dotnet.jit.compilation.time (s / 1 sec),Rate,0
09/11/2026 06:02:37,System.Runtime,dotnet.jit.compiled_il.size (By / 1 sec),Rate,0
09/11/2026 06:02:37,System.Runtime,dotnet.jit.compiled_methods ({method} / 1 sec),Rate,0
09/11/2026 06:02:37,System.Runtime,dotnet.monitor.lock_contentions ({contention} / 1 sec),Rate,0
09/11/2026 06:02:37,System.Runtime,dotnet.gc.collections ({collection} / 1 sec)[gc.heap.generation=gen2],Rate,0
09/11/2026 06:02:37,System.Runtime,dotnet.gc.collections ({collection} / 1 sec)[gc.heap.generation=gen0],Rate,0
09/11/2026 06:02:37,System.Runtime,dotnet.gc.collections ({collection} / 1 sec)[gc.heap.generation=gen1],Rate,0
09/11/2026 06:02:37,System.Runtime,dotnet.process.cpu.time (s / 1 sec)[cpu.mode=system],Rate,0.03715400000000102
09/11/2026 06:02:37,System.Runtime,dotnet.process.cpu.time (s / 1 sec)[cpu.mode=user],Rate,0.5941640000000064
09/11/2026 06:02:37,System.Runtime,dotnet.process.cpu.count ({cpu}),Metric,15
09/11/2026 06:02:37,System.Runtime,dotnet.gc.pause.time (s / 1 sec),Rate,0
09/11/2026 06:02:37,System.Runtime,dotnet.thread_pool.queue.length ({work_item} / 1 sec),Rate,0
09/11/2026 06:02:37,System.Runtime,dotnet.gc.last_collection.memory.committed_size (By),Metric,0
09/11/2026 06:02:37,System.Runtime,dotnet.gc.last_collection.heap.fragmentation.size (By)[gc.heap.generation=gen2],Metric,0
09/11/2026 06:02:37,System.Runtime,dotnet.gc.last_collection.heap.fragmentation.size (By)[gc.heap.generation=gen0],Metric,0
09/11/2026 06:02:37,System.Runtime,dotnet.gc.last_collection.heap.fragmentation.size (By)[gc.heap.generation=gen1],Metric,0
09/11/2026 06:02:37,System.Runtime,dotnet.gc.last_collection.heap.fragmentation.size (By)[gc.heap.generation=poh],Metric,0
09/11/2026 06:02:37,System.Runtime,dotnet.gc.last_collection.heap.fragmentation.size (By)[gc.heap.generation=loh],Metric,0
09/11/2026 06:02:37,System.Runtime,dotnet.timer.count ({timer}),Metric,2
09/11/2026 06:02:37,System.Runtime,dotnet.assembly.count ({assembly}),Metric,61
09/11/2026 06:02:37,System.Runtime,dotnet.gc.heap.total_allocated (By / 1 sec),Rate,146112
09/11/2026 06:02:37,System.Runtime,dotnet.gc.last_collection.heap.size (By)[gc.heap.generation=gen2],Metric,0
09/11/2026 06:02:37,System.Runtime,dotnet.gc.last_collection.heap.size (By)[gc.heap.generation=gen0],Metric,0
09/11/2026 06:02:37,System.Runtime,dotnet.gc.last_collection.heap.size (By)[gc.heap.generation=gen1],Metric,0
09/11/2026 06:02:37,System.Runtime,dotnet.gc.last_collection.heap.size (By)[gc.heap.generation=poh],Metric,0
09/11/2026 06:02:37,System.Runtime,dotnet.gc.last_collection.heap.size (By)[gc.heap.generation=loh],Metric,0
09/11/2026 06:02:37,System.Runtime,dotnet.thread_pool.work_item.count ({work_item} / 1 sec),Rate,601
09/11/2026 06:02:37,System.Runtime,dotnet.process.memory.working_set (By),Metric,124387328
09/11/2026 06:02:37,System.Runtime,dotnet.thread_pool.thread.count ({thread} / 1 sec),Rate,0
09/11/2026 06:02:37,System.Runtime,dotnet.jit.compilation.time (s / 1 sec),Rate,0
09/11/2026 06:02:38,System.Runtime,dotnet.jit.compiled_il.size (By / 1 sec),Rate,0
09/11/2026 06:02:38,System.Runtime,dotnet.jit.compiled_methods ({method} / 1 sec),Rate,0
09/11/2026 06:02:38,System.Runtime,dotnet.monitor.lock_contentions ({contention} / 1 sec),Rate,0
09/11/2026 06:02:38,System.Runtime,dotnet.gc.collections ({collection} / 1 sec)[gc.heap.generation=gen2],Rate,0
09/11/2026 06:02:38,System.Runtime,dotnet.gc.collections ({collection} / 1 sec)[gc.heap.generation=gen0],Rate,0
09/11/2026 06:02:38,System.Runtime,dotnet.gc.collections ({collection} / 1 sec)[gc.heap.generation=gen1],Rate,0
09/11/2026 06:02:38,System.Runtime,dotnet.process.cpu.time (s / 1 sec)[cpu.mode=system],Rate,0.038470000000000226
09/11/2026 06:02:38,System.Runtime,dotnet.process.cpu.time (s / 1 sec)[cpu.mode=user],Rate,0.5933890000000019
09/11/2026 06:02:38,System.Runtime,dotnet.process.cpu.count ({cpu}),Metric,15
09/11/2026 06:02:38,System.Runtime,dotnet.gc.pause.time (s / 1 sec),Rate,0
09/11/2026 06:02:38,System.Runtime,dotnet.thread_pool.queue.length ({work_item} / 1 sec),Rate,0
09/11/2026 06:02:38,System.Runtime,dotnet.gc.last_collection.memory.committed_size (By),Metric,0
09/11/2026 06:02:38,System.Runtime,dotnet.gc.last_collection.heap.fragmentation.size (By)[gc.heap.generation=gen2],Metric,0
09/11/2026 06:02:38,System.Runtime,dotnet.gc.last_collection.heap.fragmentation.size (By)[gc.heap.generation=gen0],Metric,0
09/11/2026 06:02:38,System.Runtime,dotnet.gc.last_collection.heap.fragmentation.size (By)[gc.heap.generation=gen1],Metric,0
09/11/2026 06:02:38,System.Runtime,dotnet.gc.last_collection.heap.fragmentation.size (By)[gc.heap.generation=poh],Metric,0
09/11/2026 06:02:38,System.Runtime,dotnet.gc.last_collection.heap.fragmentation.size (By)[gc.heap.generation=loh],Metric,0
09/11/2026 06:02:38,System.Runtime,dotnet.timer.count ({timer}),Metric,2
09/11/2026 06:02:38,System.Runtime,dotnet.assembly.count ({assembly}),Metric,61
09/11/2026 06:02:38,System.Runtime,dotnet.gc.heap.total_allocated (By / 1 sec),Rate,139376
09/11/2026 06:02:38,System.Runtime,dotnet.gc.last_collection.heap.size (By)[gc.heap.generation=gen2],Metric,0
09/11/2026 06:02:38,System.Runtime,dotnet.gc.last_collection.heap.size (By)[gc.heap.generation=gen0],Metric,0
09/11/2026 06:02:38,System.Runtime,dotnet.gc.last_collection.heap.size (By)[gc.heap.generation=gen1],Metric,0
09/11/2026 06:02:38,System.Runtime,dotnet.gc.last_collection.heap.size (By)[gc.heap.generation=poh],Metric,0
09/11/2026 06:02:38,System.Runtime,dotnet.gc.last_collection.heap.size (By)[gc.heap.generation=loh],Metric,0
09/11/2026 06:02:38,System.Runtime,dotnet.thread_pool.work_item.count ({work_item} / 1 sec),Rate,602
09/11/2026 06:02:38,System.Runtime,dotnet.process.memory.working_set (By),Metric,124551168
09/11/2026 06:02:38,System.Runtime,dotnet.thread_pool.thread.count ({thread} / 1 sec),Rate,0
09/11/2026 06:02:38,System.Runtime,dotnet.jit.compilation.time (s / 1 sec),Rate,0
09/11/2026 06:02:39,System.Runtime,dotnet.jit.compiled_il.size (By / 1 sec),Rate,0
09/11/2026 06:02:39,System.Runtime,dotnet.jit.compiled_methods ({method} / 1 sec),Rate,0
09/11/2026 06:02:39,System.Runtime,dotnet.monitor.lock_contentions ({contention} / 1 sec),Rate,0
09/11/2026 06:02:39,System.Runtime,dotnet.gc.collections ({collection} / 1 sec)[gc.heap.generation=gen2],Rate,0
09/11/2026 06:02:39,System.Runtime,dotnet.gc.collections ({collection} / 1 sec)[gc.heap.generation=gen0],Rate,0
09/11/2026 06:02:39,System.Runtime,dotnet.gc.collections ({collection} / 1 sec)[gc.heap.generation=gen1],Rate,0
09/11/2026 06:02:39,System.Runtime,dotnet.process.cpu.time (s / 1 sec)[cpu.mode=system],Rate,0.036539999999998685
09/11/2026 06:02:39,System.Runtime,dotnet.process.cpu.time (s / 1 sec)[cpu.mode=user],Rate,0.5875969999999882
09/11/2026 06:02:39,System.Runtime,dotnet.process.cpu.count ({cpu}),Metric,15
09/11/2026 06:02:39,System.Runtime,dotnet.gc.pause.time (s / 1 sec),Rate,0
09/11/2026 06:02:39,System.Runtime,dotnet.thread_pool.queue.length ({work_item} / 1 sec),Rate,0
09/11/2026 06:02:39,System.Runtime,dotnet.gc.last_collection.memory.committed_size (By),Metric,0
09/11/2026 06:02:39,System.Runtime,dotnet.gc.last_collection.heap.fragmentation.size (By)[gc.heap.generation=gen2],Metric,0
09/11/2026 06:02:39,System.Runtime,dotnet.gc.last_collection.heap.fragmentation.size (By)[gc.heap.generation=gen0],Metric,0
09/11/2026 06:02:39,System.Runtime,dotnet.gc.last_collection.heap.fragmentation.size (By)[gc.heap.generation=gen1],Metric,0
09/11/2026 06:02:39,System.Runtime,dotnet.gc.last_collection.heap.fragmentation.size (By)[gc.heap.generation=poh],Metric,0
09/11/2026 06:02:39,System.Runtime,dotnet.gc.last_collection.heap.fragmentation.size (By)[gc.heap.generation=loh],Metric,0
09/11/2026 06:02:39,System.Runtime,dotnet.timer.count ({timer}),Metric,2
09/11/2026 06:02:39,System.Runtime,dotnet.assembly.count ({assembly}),Metric,61
09/11/2026 06:02:39,System.Runtime,dotnet.gc.heap.total_allocated (By / 1 sec),Rate,138376
09/11/2026 06:02:39,System.Runtime,dotnet.gc.last_collection.heap.size (By)[gc.heap.generation=gen2],Metric,0
09/11/2026 06:02:39,System.Runtime,dotnet.gc.last_collection.heap.size (By)[gc.heap.generation=gen0],Metric,0
09/11/2026 06:02:39,System.Runtime,dotnet.gc.last_collection.heap.size (By)[gc.heap.generation=gen1],Metric,0
09/11/2026 06:02:39,System.Runtime,dotnet.gc.last_collection.heap.size (By)[gc.heap.generation=poh],Metric,0
09/11/2026 06:02:39,System.Runtime,dotnet.gc.last_collection.heap.size (By)[gc.heap.generation=loh],Metric,0
09/11/2026 06:02:39,System.Runtime,dotnet.thread_pool.work_item.count ({work_item} / 1 sec),Rate,601
09/11/2026 06:02:39,System.Runtime,dotnet.process.memory.working_set (By),Metric,124715008
09/11/2026 06:02:39,System.Runtime,dotnet.thread_pool.thread.count ({thread} / 1 sec),Rate,0
09/11/2026 06:02:39,System.Runtime,dotnet.jit.compilation.time (s / 1 sec),Rate,0
09/11/2026 06:02:40,System.Runtime,dotnet.jit.compiled_il.size (By / 1 sec),Rate,0
09/11/2026 06:02:40,System.Runtime,dotnet.jit.compiled_methods ({method} / 1 sec),Rate,0
09/11/2026 06:02:40,System.Runtime,dotnet.monitor.lock_contentions ({contention} / 1 sec),Rate,0
09/11/2026 06:02:40,System.Runtime,dotnet.gc.collections ({collection} / 1 sec)[gc.heap.generation=gen2],Rate,0
09/11/2026 06:02:40,System.Runtime,dotnet.gc.collections ({collection} / 1 sec)[gc.heap.generation=gen0],Rate,0
09/11/2026 06:02:40,System.Runtime,dotnet.gc.collections ({collection} / 1 sec)[gc.heap.generation=gen1],Rate,0
09/11/2026 06:02:40,System.Runtime,dotnet.process.cpu.time (s / 1 sec)[cpu.mode=system],Rate,0.03466300000000011
09/11/2026 06:02:40,System.Runtime,dotnet.process.cpu.time (s / 1 sec)[cpu.mode=user],Rate,0.5896850000000029
09/11/2026 06:02:40,System.Runtime,dotnet.process.cpu.count ({cpu}),Metric,15
09/11/2026 06:02:40,System.Runtime,dotnet.gc.pause.time (s / 1 sec),Rate,0
09/11/2026 06:02:40,System.Runtime,dotnet.thread_pool.queue.length ({work_item} / 1 sec),Rate,0
09/11/2026 06:02:40,System.Runtime,dotnet.gc.last_collection.memory.committed_size (By),Metric,0
09/11/2026 06:02:40,System.Runtime,dotnet.gc.last_collection.heap.fragmentation.size (By)[gc.heap.generation=gen2],Metric,0
09/11/2026 06:02:40,System.Runtime,dotnet.gc.last_collection.heap.fragmentation.size (By)[gc.heap.generation=gen0],Metric,0
09/11/2026 06:02:40,System.Runtime,dotnet.gc.last_collection.heap.fragmentation.size (By)[gc.heap.generation=gen1],Metric,0
09/11/2026 06:02:40,System.Runtime,dotnet.gc.last_collection.heap.fragmentation.size (By)[gc.heap.generation=poh],Metric,0
09/11/2026 06:02:40,System.Runtime,dotnet.gc.last_collection.heap.fragmentation.size (By)[gc.heap.generation=loh],Metric,0
09/11/2026 06:02:40,System.Runtime,dotnet.timer.count ({timer}),Metric,2
09/11/2026 06:02:40,System.Runtime,dotnet.assembly.count ({assembly}),Metric,61
09/11/2026 06:02:40,System.Runtime,dotnet.gc.heap.total_allocated (By / 1 sec),Rate,131176
09/11/2026 06:02:40,System.Runtime,dotnet.gc.last_collection.heap.size (By)[gc.heap.generation=gen2],Metric,0
09/11/2026 06:02:40,System.Runtime,dotnet.gc.last_collection.heap.size (By)[gc.heap.generation=gen0],Metric,0
09/11/2026 06:02:40,System.Runtime,dotnet.gc.last_collection.heap.size (By)[gc.heap.generation=gen1],Metric,0
09/11/2026 06:02:40,System.Runtime,dotnet.gc.last_collection.heap.size (By)[gc.heap.generation=poh],Metric,0
09/11/2026 06:02:40,System.Runtime,dotnet.gc.last_collection.heap.size (By)[gc.heap.generation=loh],Metric,0
09/11/2026 06:02:40,System.Runtime,dotnet.thread_pool.work_item.count ({work_item} / 1 sec),Rate,601
09/11/2026 06:02:40,System.Runtime,dotnet.process.memory.working_set (By),Metric,124862464
09/11/2026 06:02:40,System.Runtime,dotnet.thread_pool.thread.count ({thread} / 1 sec),Rate,0
09/11/2026 06:02:40,System.Runtime,dotnet.jit.compilation.time (s / 1 sec),Rate,0
09/11/2026 06:02:41,System.Runtime,dotnet.jit.compiled_il.size (By / 1 sec),Rate,0
09/11/2026 06:02:41,System.Runtime,dotnet.jit.compiled_methods ({method} / 1 sec),Rate,0
09/11/2026 06:02:41,System.Runtime,dotnet.monitor.lock_contentions ({contention} / 1 sec),Rate,0
09/11/2026 06:02:41,System.Runtime,dotnet.gc.collections ({collection} / 1 sec)[gc.heap.generation=gen2],Rate,0
09/11/2026 06:02:41,System.Runtime,dotnet.gc.collections ({collection} / 1 sec)[gc.heap.generation=gen0],Rate,0
09/11/2026 06:02:41,System.Runtime,dotnet.gc.collections ({collection} / 1 sec)[gc.heap.generation=gen1],Rate,0
09/11/2026 06:02:41,System.Runtime,dotnet.process.cpu.time (s / 1 sec)[cpu.mode=system],Rate,0.03423599999999993
09/11/2026 06:02:41,System.Runtime,dotnet.process.cpu.time (s / 1 sec)[cpu.mode=user],Rate,0.5884000000000071
09/11/2026 06:02:41,System.Runtime,dotnet.process.cpu.count ({cpu}),Metric,15
09/11/2026 06:02:41,System.Runtime,dotnet.gc.pause.time (s / 1 sec),Rate,0
09/11/2026 06:02:41,System.Runtime,dotnet.thread_pool.queue.length ({work_item} / 1 sec),Rate,0
09/11/2026 06:02:41,System.Runtime,dotnet.gc.last_collection.memory.committed_size (By),Metric,0
09/11/2026 06:02:41,System.Runtime,dotnet.gc.last_collection.heap.fragmentation.size (By)[gc.heap.generation=gen2],Metric,0
09/11/2026 06:02:41,System.Runtime,dotnet.gc.last_collection.heap.fragmentation.size (By)[gc.heap.generation=gen0],Metric,0
09/11/2026 06:02:41,System.Runtime,dotnet.gc.last_collection.heap.fragmentation.size (By)[gc.heap.generation=gen1],Metric,0
09/11/2026 06:02:41,System.Runtime,dotnet.gc.last_collection.heap.fragmentation.size (By)[gc.heap.generation=poh],Metric,0
09/11/2026 06:02:41,System.Runtime,dotnet.gc.last_collection.heap.fragmentation.size (By)[gc.heap.generation=loh],Metric,0
09/11/2026 06:02:41,System.Runtime,dotnet.timer.count ({timer}),Metric,2
09/11/2026 06:02:41,System.Runtime,dotnet.assembly.count ({assembly}),Metric,61
09/11/2026 06:02:41,System.Runtime,dotnet.gc.heap.total_allocated (By / 1 sec),Rate,139400
09/11/2026 06:02:41,System.Runtime,dotnet.gc.last_collection.heap.size (By)[gc.heap.generation=gen2],Metric,0
09/11/2026 06:02:41,System.Runtime,dotnet.gc.last_collection.heap.size (By)[gc.heap.generation=gen0],Metric,0
09/11/2026 06:02:41,System.Runtime,dotnet.gc.last_collection.heap.size (By)[gc.heap.generation=gen1],Metric,0
09/11/2026 06:02:41,System.Runtime,dotnet.gc.last_collection.heap.size (By)[gc.heap.generation=poh],Metric,0
09/11/2026 06:02:41,System.Runtime,dotnet.gc.last_collection.heap.size (By)[gc.heap.generation=loh],Metric,0
09/11/2026 06:02:41,System.Runtime,dotnet.thread_pool.work_item.count ({work_item} / 1 sec),Rate,601
09/11/2026 06:02:41,System.Runtime,dotnet.process.memory.working_set (By),Metric,125026304
09/11/2026 06:02:41,System.Runtime,dotnet.thread_pool.thread.count ({thread} / 1 sec),Rate,0
09/11/2026 06:02:41,System.Runtime,dotnet.jit.compilation.time (s / 1 sec),Rate,0
09/11/2026 06:02:42,System.Runtime,dotnet.jit.compiled_il.size (By / 1 sec),Rate,0
09/11/2026 06:02:42,System.Runtime,dotnet.jit.compiled_methods ({method} / 1 sec),Rate,0
09/11/2026 06:02:42,System.Runtime,dotnet.monitor.lock_contentions ({contention} / 1 sec),Rate,0
09/11/2026 06:02:42,System.Runtime,dotnet.gc.collections ({collection} / 1 sec)[gc.heap.generation=gen2],Rate,0
09/11/2026 06:02:42,System.Runtime,dotnet.gc.collections ({collection} / 1 sec)[gc.heap.generation=gen0],Rate,0
09/11/2026 06:02:42,System.Runtime,dotnet.gc.collections ({collection} / 1 sec)[gc.heap.generation=gen1],Rate,0
09/11/2026 06:02:42,System.Runtime,dotnet.process.cpu.time (s / 1 sec)[cpu.mode=system],Rate,0.036762000000001294
09/11/2026 06:02:42,System.Runtime,dotnet.process.cpu.time (s / 1 sec)[cpu.mode=user],Rate,0.5941630000000089
09/11/2026 06:02:42,System.Runtime,dotnet.process.cpu.count ({cpu}),Metric,15
09/11/2026 06:02:42,System.Runtime,dotnet.gc.pause.time (s / 1 sec),Rate,0
09/11/2026 06:02:42,System.Runtime,dotnet.thread_pool.queue.length ({work_item} / 1 sec),Rate,0
09/11/2026 06:02:42,System.Runtime,dotnet.gc.last_collection.memory.committed_size (By),Metric,0
09/11/2026 06:02:42,System.Runtime,dotnet.gc.last_collection.heap.fragmentation.size (By)[gc.heap.generation=gen2],Metric,0
09/11/2026 06:02:42,System.Runtime,dotnet.gc.last_collection.heap.fragmentation.size (By)[gc.heap.generation=gen0],Metric,0
09/11/2026 06:02:42,System.Runtime,dotnet.gc.last_collection.heap.fragmentation.size (By)[gc.heap.generation=gen1],Metric,0
09/11/2026 06:02:42,System.Runtime,dotnet.gc.last_collection.heap.fragmentation.size (By)[gc.heap.generation=poh],Metric,0
09/11/2026 06:02:42,System.Runtime,dotnet.gc.last_collection.heap.fragmentation.size (By)[gc.heap.generation=loh],Metric,0
09/11/2026 06:02:42,System.Runtime,dotnet.timer.count ({timer}),Metric,2
09/11/2026 06:02:42,System.Runtime,dotnet.assembly.count ({assembly}),Metric,61
09/11/2026 06:02:42,System.Runtime,dotnet.gc.heap.total_allocated (By / 1 sec),Rate,130176
09/11/2026 06:02:42,System.Runtime,dotnet.gc.last_collection.heap.size (By)[gc.heap.generation=gen2],Metric,0
09/11/2026 06:02:42,System.Runtime,dotnet.gc.last_collection.heap.size (By)[gc.heap.generation=gen0],Metric,0
09/11/2026 06:02:42,System.Runtime,dotnet.gc.last_collection.heap.size (By)[gc.heap.generation=gen1],Metric,0
09/11/2026 06:02:42,System.Runtime,dotnet.gc.last_collection.heap.size (By)[gc.heap.generation=poh],Metric,0
09/11/2026 06:02:42,System.Runtime,dotnet.gc.last_collection.heap.size (By)[gc.heap.generation=loh],Metric,0
09/11/2026 06:02:42,System.Runtime,dotnet.thread_pool.work_item.count ({work_item} / 1 sec),Rate,601
09/11/2026 06:02:42,System.Runtime,dotnet.process.memory.working_set (By),Metric,125173760
09/11/2026 06:02:42,System.Runtime,dotnet.thread_pool.thread.count ({thread} / 1 sec),Rate,0
09/11/2026 06:02:42,System.Runtime,dotnet.jit.compilation.time (s / 1 sec),Rate,0
09/11/2026 06:02:43,System.Runtime,dotnet.jit.compiled_il.size (By / 1 sec),Rate,192
09/11/2026 06:02:43,System.Runtime,dotnet.jit.compiled_methods ({method} / 1 sec),Rate,2
09/11/2026 06:02:43,System.Runtime,dotnet.monitor.lock_contentions ({contention} / 1 sec),Rate,0
09/11/2026 06:02:43,System.Runtime,dotnet.gc.collections ({collection} / 1 sec)[gc.heap.generation=gen2],Rate,0
09/11/2026 06:02:43,System.Runtime,dotnet.gc.collections ({collection} / 1 sec)[gc.heap.generation=gen0],Rate,0
09/11/2026 06:02:43,System.Runtime,dotnet.gc.collections ({collection} / 1 sec)[gc.heap.generation=gen1],Rate,0
09/11/2026 06:02:43,System.Runtime,dotnet.process.cpu.time (s / 1 sec)[cpu.mode=system],Rate,0.03848900000000022
09/11/2026 06:02:43,System.Runtime,dotnet.process.cpu.time (s / 1 sec)[cpu.mode=user],Rate,0.596527999999978
09/11/2026 06:02:43,System.Runtime,dotnet.process.cpu.count ({cpu}),Metric,15
09/11/2026 06:02:43,System.Runtime,dotnet.gc.pause.time (s / 1 sec),Rate,0
09/11/2026 06:02:43,System.Runtime,dotnet.thread_pool.queue.length ({work_item} / 1 sec),Rate,0
09/11/2026 06:02:43,System.Runtime,dotnet.gc.last_collection.memory.committed_size (By),Metric,0
09/11/2026 06:02:43,System.Runtime,dotnet.gc.last_collection.heap.fragmentation.size (By)[gc.heap.generation=gen2],Metric,0
09/11/2026 06:02:43,System.Runtime,dotnet.gc.last_collection.heap.fragmentation.size (By)[gc.heap.generation=gen0],Metric,0
09/11/2026 06:02:43,System.Runtime,dotnet.gc.last_collection.heap.fragmentation.size (By)[gc.heap.generation=gen1],Metric,0
09/11/2026 06:02:43,System.Runtime,dotnet.gc.last_collection.heap.fragmentation.size (By)[gc.heap.generation=poh],Metric,0
09/11/2026 06:02:43,System.Runtime,dotnet.gc.last_collection.heap.fragmentation.size (By)[gc.heap.generation=loh],Metric,0
09/11/2026 06:02:43,System.Runtime,dotnet.timer.count ({timer}),Metric,2
09/11/2026 06:02:43,System.Runtime,dotnet.assembly.count ({assembly}),Metric,61
09/11/2026 06:02:43,System.Runtime,dotnet.gc.heap.total_allocated (By / 1 sec),Rate,147616
09/11/2026 06:02:43,System.Runtime,dotnet.gc.last_collection.heap.size (By)[gc.heap.generation=gen2],Metric,0
09/11/2026 06:02:43,System.Runtime,dotnet.gc.last_collection.heap.size (By)[gc.heap.generation=gen0],Metric,0
09/11/2026 06:02:43,System.Runtime,dotnet.gc.last_collection.heap.size (By)[gc.heap.generation=gen1],Metric,0
09/11/2026 06:02:43,System.Runtime,dotnet.gc.last_collection.heap.size (By)[gc.heap.generation=poh],Metric,0
09/11/2026 06:02:43,System.Runtime,dotnet.gc.last_collection.heap.size (By)[gc.heap.generation=loh],Metric,0
09/11/2026 06:02:43,System.Runtime,dotnet.thread_pool.work_item.count ({work_item} / 1 sec),Rate,602
09/11/2026 06:02:43,System.Runtime,dotnet.process.memory.working_set (By),Metric,125386752
09/11/2026 06:02:43,System.Runtime,dotnet.thread_pool.thread.count ({thread} / 1 sec),Rate,0
09/11/2026 06:02:43,System.Runtime,dotnet.jit.compilation.time (s / 1 sec),Rate,0.00174669999999999
09/11/2026 06:02:44,System.Runtime,dotnet.jit.compiled_il.size (By / 1 sec),Rate,0
09/11/2026 06:02:44,System.Runtime,dotnet.jit.compiled_methods ({method} / 1 sec),Rate,0
09/11/2026 06:02:44,System.Runtime,dotnet.monitor.lock_contentions ({contention} / 1 sec),Rate,0
09/11/2026 06:02:44,System.Runtime,dotnet.gc.collections ({collection} / 1 sec)[gc.heap.generation=gen2],Rate,0
09/11/2026 06:02:44,System.Runtime,dotnet.gc.collections ({collection} / 1 sec)[gc.heap.generation=gen0],Rate,0
09/11/2026 06:02:44,System.Runtime,dotnet.gc.collections ({collection} / 1 sec)[gc.heap.generation=gen1],Rate,0
09/11/2026 06:02:44,System.Runtime,dotnet.process.cpu.time (s / 1 sec)[cpu.mode=system],Rate,0.03990799999999872
09/11/2026 06:02:44,System.Runtime,dotnet.process.cpu.time (s / 1 sec)[cpu.mode=user],Rate,0.5917840000000183
09/11/2026 06:02:44,System.Runtime,dotnet.process.cpu.count ({cpu}),Metric,15
09/11/2026 06:02:44,System.Runtime,dotnet.gc.pause.time (s / 1 sec),Rate,0
09/11/2026 06:02:44,System.Runtime,dotnet.thread_pool.queue.length ({work_item} / 1 sec),Rate,0
09/11/2026 06:02:44,System.Runtime,dotnet.gc.last_collection.memory.committed_size (By),Metric,0
09/11/2026 06:02:44,System.Runtime,dotnet.gc.last_collection.heap.fragmentation.size (By)[gc.heap.generation=gen2],Metric,0
09/11/2026 06:02:44,System.Runtime,dotnet.gc.last_collection.heap.fragmentation.size (By)[gc.heap.generation=gen0],Metric,0
09/11/2026 06:02:44,System.Runtime,dotnet.gc.last_collection.heap.fragmentation.size (By)[gc.heap.generation=gen1],Metric,0
09/11/2026 06:02:44,System.Runtime,dotnet.gc.last_collection.heap.fragmentation.size (By)[gc.heap.generation=poh],Metric,0
09/11/2026 06:02:44,System.Runtime,dotnet.gc.last_collection.heap.fragmentation.size (By)[gc.heap.generation=loh],Metric,0
09/11/2026 06:02:44,System.Runtime,dotnet.timer.count ({timer}),Metric,2
09/11/2026 06:02:44,System.Runtime,dotnet.assembly.count ({assembly}),Metric,61
09/11/2026 06:02:44,System.Runtime,dotnet.gc.heap.total_allocated (By / 1 sec),Rate,131200
09/11/2026 06:02:44,System.Runtime,dotnet.gc.last_collection.heap.size (By)[gc.heap.generation=gen2],Metric,0
09/11/2026 06:02:44,System.Runtime,dotnet.gc.last_collection.heap.size (By)[gc.heap.generation=gen0],Metric,0
09/11/2026 06:02:44,System.Runtime,dotnet.gc.last_collection.heap.size (By)[gc.heap.generation=gen1],Metric,0
09/11/2026 06:02:44,System.Runtime,dotnet.gc.last_collection.heap.size (By)[gc.heap.generation=poh],Metric,0
09/11/2026 06:02:44,System.Runtime,dotnet.gc.last_collection.heap.size (By)[gc.heap.generation=loh],Metric,0
09/11/2026 06:02:44,System.Runtime,dotnet.thread_pool.work_item.count ({work_item} / 1 sec),Rate,601
09/11/2026 06:02:44,System.Runtime,dotnet.process.memory.working_set (By),Metric,125534208
09/11/2026 06:02:44,System.Runtime,dotnet.thread_pool.thread.count ({thread} / 1 sec),Rate,0
09/11/2026 06:02:44,System.Runtime,dotnet.jit.compilation.time (s / 1 sec),Rate,0
09/11/2026 06:02:45,System.Runtime,dotnet.jit.compiled_il.size (By / 1 sec),Rate,0
09/11/2026 06:02:45,System.Runtime,dotnet.jit.compiled_methods ({method} / 1 sec),Rate,0
09/11/2026 06:02:45,System.Runtime,dotnet.monitor.lock_contentions ({contention} / 1 sec),Rate,0
09/11/2026 06:02:45,System.Runtime,dotnet.gc.collections ({collection} / 1 sec)[gc.heap.generation=gen2],Rate,0
09/11/2026 06:02:45,System.Runtime,dotnet.gc.collections ({collection} / 1 sec)[gc.heap.generation=gen0],Rate,0
09/11/2026 06:02:45,System.Runtime,dotnet.gc.collections ({collection} / 1 sec)[gc.heap.generation=gen1],Rate,0
09/11/2026 06:02:45,System.Runtime,dotnet.process.cpu.time (s / 1 sec)[cpu.mode=system],Rate,0.03476999999999997
09/11/2026 06:02:45,System.Runtime,dotnet.process.cpu.time (s / 1 sec)[cpu.mode=user],Rate,0.5882699999999943
09/11/2026 06:02:45,System.Runtime,dotnet.process.cpu.count ({cpu}),Metric,15
09/11/2026 06:02:45,System.Runtime,dotnet.gc.pause.time (s / 1 sec),Rate,0
09/11/2026 06:02:45,System.Runtime,dotnet.thread_pool.queue.length ({work_item} / 1 sec),Rate,0
09/11/2026 06:02:45,System.Runtime,dotnet.gc.last_collection.memory.committed_size (By),Metric,0
09/11/2026 06:02:45,System.Runtime,dotnet.gc.last_collection.heap.fragmentation.size (By)[gc.heap.generation=gen2],Metric,0
09/11/2026 06:02:45,System.Runtime,dotnet.gc.last_collection.heap.fragmentation.size (By)[gc.heap.generation=gen0],Metric,0
09/11/2026 06:02:45,System.Runtime,dotnet.gc.last_collection.heap.fragmentation.size (By)[gc.heap.generation=gen1],Metric,0
09/11/2026 06:02:45,System.Runtime,dotnet.gc.last_collection.heap.fragmentation.size (By)[gc.heap.generation=poh],Metric,0
09/11/2026 06:02:45,System.Runtime,dotnet.gc.last_collection.heap.fragmentation.size (By)[gc.heap.generation=loh],Metric,0
09/11/2026 06:02:45,System.Runtime,dotnet.timer.count ({timer}),Metric,2
09/11/2026 06:02:45,System.Runtime,dotnet.assembly.count ({assembly}),Metric,61
09/11/2026 06:02:45,System.Runtime,dotnet.gc.heap.total_allocated (By / 1 sec),Rate,130136
09/11/2026 06:02:45,System.Runtime,dotnet.gc.last_collection.heap.size (By)[gc.heap.generation=gen2],Metric,0
09/11/2026 06:02:45,System.Runtime,dotnet.gc.last_collection.heap.size (By)[gc.heap.generation=gen0],Metric,0
09/11/2026 06:02:45,System.Runtime,dotnet.gc.last_collection.heap.size (By)[gc.heap.generation=gen1],Metric,0
09/11/2026 06:02:45,System.Runtime,dotnet.gc.last_collection.heap.size (By)[gc.heap.generation=poh],Metric,0
09/11/2026 06:02:45,System.Runtime,dotnet.gc.last_collection.heap.size (By)[gc.heap.generation=loh],Metric,0
09/11/2026 06:02:45,System.Runtime,dotnet.thread_pool.work_item.count ({work_item} / 1 sec),Rate,601
09/11/2026 06:02:45,System.Runtime,dotnet.process.memory.working_set (By),Metric,125681664
09/11/2026 06:02:45,System.Runtime,dotnet.thread_pool.thread.count ({thread} / 1 sec),Rate,0
09/11/2026 06:02:45,System.Runtime,dotnet.jit.compilation.time (s / 1 sec),Rate,0
09/11/2026 06:02:46,System.Runtime,dotnet.jit.compiled_il.size (By / 1 sec),Rate,0
09/11/2026 06:02:46,System.Runtime,dotnet.jit.compiled_methods ({method} / 1 sec),Rate,0
09/11/2026 06:02:46,System.Runtime,dotnet.monitor.lock_contentions ({contention} / 1 sec),Rate,0
09/11/2026 06:02:46,System.Runtime,dotnet.gc.collections ({collection} / 1 sec)[gc.heap.generation=gen2],Rate,0
09/11/2026 06:02:46,System.Runtime,dotnet.gc.collections ({collection} / 1 sec)[gc.heap.generation=gen0],Rate,0
09/11/2026 06:02:46,System.Runtime,dotnet.gc.collections ({collection} / 1 sec)[gc.heap.generation=gen1],Rate,0
09/11/2026 06:02:46,System.Runtime,dotnet.process.cpu.time (s / 1 sec)[cpu.mode=system],Rate,0.03683600000000098
09/11/2026 06:02:46,System.Runtime,dotnet.process.cpu.time (s / 1 sec)[cpu.mode=user],Rate,0.593231000000003
09/11/2026 06:02:46,System.Runtime,dotnet.process.cpu.count ({cpu}),Metric,15
09/11/2026 06:02:46,System.Runtime,dotnet.gc.pause.time (s / 1 sec),Rate,0
09/11/2026 06:02:46,System.Runtime,dotnet.thread_pool.queue.length ({work_item} / 1 sec),Rate,0
09/11/2026 06:02:46,System.Runtime,dotnet.gc.last_collection.memory.committed_size (By),Metric,0
09/11/2026 06:02:46,System.Runtime,dotnet.gc.last_collection.heap.fragmentation.size (By)[gc.heap.generation=gen2],Metric,0
09/11/2026 06:02:46,System.Runtime,dotnet.gc.last_collection.heap.fragmentation.size (By)[gc.heap.generation=gen0],Metric,0
09/11/2026 06:02:46,System.Runtime,dotnet.gc.last_collection.heap.fragmentation.size (By)[gc.heap.generation=gen1],Metric,0
09/11/2026 06:02:46,System.Runtime,dotnet.gc.last_collection.heap.fragmentation.size (By)[gc.heap.generation=poh],Metric,0
09/11/2026 06:02:46,System.Runtime,dotnet.gc.last_collection.heap.fragmentation.size (By)[gc.heap.generation=loh],Metric,0
09/11/2026 06:02:46,System.Runtime,dotnet.timer.count ({timer}),Metric,2
09/11/2026 06:02:46,System.Runtime,dotnet.assembly.count ({assembly}),Metric,61
09/11/2026 06:02:46,System.Runtime,dotnet.gc.heap.total_allocated (By / 1 sec),Rate,139368
09/11/2026 06:02:46,System.Runtime,dotnet.gc.last_collection.heap.size (By)[gc.heap.generation=gen2],Metric,0
09/11/2026 06:02:46,System.Runtime,dotnet.gc.last_collection.heap.size (By)[gc.heap.generation=gen0],Metric,0
09/11/2026 06:02:46,System.Runtime,dotnet.gc.last_collection.heap.size (By)[gc.heap.generation=gen1],Metric,0
09/11/2026 06:02:46,System.Runtime,dotnet.gc.last_collection.heap.size (By)[gc.heap.generation=poh],Metric,0
09/11/2026 06:02:46,System.Runtime,dotnet.gc.last_collection.heap.size (By)[gc.heap.generation=loh],Metric,0
09/11/2026 06:02:46,System.Runtime,dotnet.thread_pool.work_item.count ({work_item} / 1 sec),Rate,601
09/11/2026 06:02:46,System.Runtime,dotnet.process.memory.working_set (By),Metric,125845504
09/11/2026 06:02:46,System.Runtime,dotnet.thread_pool.thread.count ({thread} / 1 sec),Rate,0
09/11/2026 06:02:46,System.Runtime,dotnet.jit.compilation.time (s / 1 sec),Rate,0
09/11/2026 06:02:47,System.Runtime,dotnet.jit.compiled_il.size (By / 1 sec),Rate,0
09/11/2026 06:02:47,System.Runtime,dotnet.jit.compiled_methods ({method} / 1 sec),Rate,0
09/11/2026 06:02:47,System.Runtime,dotnet.monitor.lock_contentions ({contention} / 1 sec),Rate,0
09/11/2026 06:02:47,System.Runtime,dotnet.gc.collections ({collection} / 1 sec)[gc.heap.generation=gen2],Rate,0
09/11/2026 06:02:47,System.Runtime,dotnet.gc.collections ({collection} / 1 sec)[gc.heap.generation=gen0],Rate,0
09/11/2026 06:02:47,System.Runtime,dotnet.gc.collections ({collection} / 1 sec)[gc.heap.generation=gen1],Rate,0
09/11/2026 06:02:47,System.Runtime,dotnet.process.cpu.time (s / 1 sec)[cpu.mode=system],Rate,0.041044999999998666
09/11/2026 06:02:47,System.Runtime,dotnet.process.cpu.time (s / 1 sec)[cpu.mode=user],Rate,0.5943749999999852
09/11/2026 06:02:47,System.Runtime,dotnet.process.cpu.count ({cpu}),Metric,15
09/11/2026 06:02:47,System.Runtime,dotnet.gc.pause.time (s / 1 sec),Rate,0
09/11/2026 06:02:47,System.Runtime,dotnet.thread_pool.queue.length ({work_item} / 1 sec),Rate,0
09/11/2026 06:02:47,System.Runtime,dotnet.gc.last_collection.memory.committed_size (By),Metric,0
09/11/2026 06:02:47,System.Runtime,dotnet.gc.last_collection.heap.fragmentation.size (By)[gc.heap.generation=gen2],Metric,0
09/11/2026 06:02:47,System.Runtime,dotnet.gc.last_collection.heap.fragmentation.size (By)[gc.heap.generation=gen0],Metric,0
09/11/2026 06:02:47,System.Runtime,dotnet.gc.last_collection.heap.fragmentation.size (By)[gc.heap.generation=gen1],Metric,0
09/11/2026 06:02:47,System.Runtime,dotnet.gc.last_collection.heap.fragmentation.size (By)[gc.heap.generation=poh],Metric,0
09/11/2026 06:02:47,System.Runtime,dotnet.gc.last_collection.heap.fragmentation.size (By)[gc.heap.generation=loh],Metric,0
09/11/2026 06:02:47,System.Runtime,dotnet.timer.count ({timer}),Metric,2
09/11/2026 06:02:47,System.Runtime,dotnet.assembly.count ({assembly}),Metric,61
09/11/2026 06:02:47,System.Runtime,dotnet.gc.heap.total_allocated (By / 1 sec),Rate,139400
09/11/2026 06:02:47,System.Runtime,dotnet.gc.last_collection.heap.size (By)[gc.heap.generation=gen2],Metric,0
09/11/2026 06:02:47,System.Runtime,dotnet.gc.last_collection.heap.size (By)[gc.heap.generation=gen0],Metric,0
09/11/2026 06:02:47,System.Runtime,dotnet.gc.last_collection.heap.size (By)[gc.heap.generation=gen1],Metric,0
09/11/2026 06:02:47,System.Runtime,dotnet.gc.last_collection.heap.size (By)[gc.heap.generation=poh],Metric,0
09/11/2026 06:02:47,System.Runtime,dotnet.gc.last_collection.heap.size (By)[gc.heap.generation=loh],Metric,0
09/11/2026 06:02:47,System.Runtime,dotnet.thread_pool.work_item.count ({work_item} / 1 sec),Rate,601
09/11/2026 06:02:47,System.Runtime,dotnet.process.memory.working_set (By),Metric,125960192
09/11/2026 06:02:47,System.Runtime,dotnet.thread_pool.thread.count ({thread} / 1 sec),Rate,0
09/11/2026 06:02:47,System.Runtime,dotnet.jit.compilation.time (s / 1 sec),Rate,0
09/11/2026 06:02:48,System.Runtime,dotnet.jit.compiled_il.size (By / 1 sec),Rate,821
09/11/2026 06:02:48,System.Runtime,dotnet.jit.compiled_methods ({method} / 1 sec),Rate,14
09/11/2026 06:02:48,System.Runtime,dotnet.monitor.lock_contentions ({contention} / 1 sec),Rate,0
09/11/2026 06:02:48,System.Runtime,dotnet.gc.collections ({collection} / 1 sec)[gc.heap.generation=gen2],Rate,0
09/11/2026 06:02:48,System.Runtime,dotnet.gc.collections ({collection} / 1 sec)[gc.heap.generation=gen0],Rate,0
09/11/2026 06:02:48,System.Runtime,dotnet.gc.collections ({collection} / 1 sec)[gc.heap.generation=gen1],Rate,0
09/11/2026 06:02:48,System.Runtime,dotnet.process.cpu.time (s / 1 sec)[cpu.mode=system],Rate,0.03657700000000119
09/11/2026 06:02:48,System.Runtime,dotnet.process.cpu.time (s / 1 sec)[cpu.mode=user],Rate,0.5457400000000234
09/11/2026 06:02:48,System.Runtime,dotnet.process.cpu.count ({cpu}),Metric,15
09/11/2026 06:02:48,System.Runtime,dotnet.gc.pause.time (s / 1 sec),Rate,0
09/11/2026 06:02:48,System.Runtime,dotnet.thread_pool.queue.length ({work_item} / 1 sec),Rate,0
09/11/2026 06:02:48,System.Runtime,dotnet.gc.last_collection.memory.committed_size (By),Metric,0
09/11/2026 06:02:48,System.Runtime,dotnet.gc.last_collection.heap.fragmentation.size (By)[gc.heap.generation=gen2],Metric,0
09/11/2026 06:02:48,System.Runtime,dotnet.gc.last_collection.heap.fragmentation.size (By)[gc.heap.generation=gen0],Metric,0
09/11/2026 06:02:48,System.Runtime,dotnet.gc.last_collection.heap.fragmentation.size (By)[gc.heap.generation=gen1],Metric,0
09/11/2026 06:02:48,System.Runtime,dotnet.gc.last_collection.heap.fragmentation.size (By)[gc.heap.generation=poh],Metric,0
09/11/2026 06:02:48,System.Runtime,dotnet.gc.last_collection.heap.fragmentation.size (By)[gc.heap.generation=loh],Metric,0
09/11/2026 06:02:48,System.Runtime,dotnet.timer.count ({timer}),Metric,2
09/11/2026 06:02:48,System.Runtime,dotnet.assembly.count ({assembly}),Metric,61
09/11/2026 06:02:48,System.Runtime,dotnet.gc.heap.total_allocated (By / 1 sec),Rate,146592
09/11/2026 06:02:48,System.Runtime,dotnet.gc.last_collection.heap.size (By)[gc.heap.generation=gen2],Metric,0
09/11/2026 06:02:48,System.Runtime,dotnet.gc.last_collection.heap.size (By)[gc.heap.generation=gen0],Metric,0
09/11/2026 06:02:48,System.Runtime,dotnet.gc.last_collection.heap.size (By)[gc.heap.generation=gen1],Metric,0
09/11/2026 06:02:48,System.Runtime,dotnet.gc.last_collection.heap.size (By)[gc.heap.generation=poh],Metric,0
09/11/2026 06:02:48,System.Runtime,dotnet.gc.last_collection.heap.size (By)[gc.heap.generation=loh],Metric,0
09/11/2026 06:02:48,System.Runtime,dotnet.thread_pool.work_item.count ({work_item} / 1 sec),Rate,580
09/11/2026 06:02:48,System.Runtime,dotnet.process.memory.working_set (By),Metric,126173184
09/11/2026 06:02:48,System.Runtime,dotnet.thread_pool.thread.count ({thread} / 1 sec),Rate,0
09/11/2026 06:02:48,System.Runtime,dotnet.jit.compilation.time (s / 1 sec),Rate,0.006143800000000033
09/11/2026 06:02:49,System.Runtime,dotnet.jit.compiled_il.size (By / 1 sec),Rate,62
09/11/2026 06:02:49,System.Runtime,dotnet.jit.compiled_methods ({method} / 1 sec),Rate,1
09/11/2026 06:02:49,System.Runtime,dotnet.monitor.lock_contentions ({contention} / 1 sec),Rate,0
09/11/2026 06:02:49,System.Runtime,dotnet.gc.collections ({collection} / 1 sec)[gc.heap.generation=gen2],Rate,0
09/11/2026 06:02:49,System.Runtime,dotnet.gc.collections ({collection} / 1 sec)[gc.heap.generation=gen0],Rate,0
09/11/2026 06:02:49,System.Runtime,dotnet.gc.collections ({collection} / 1 sec)[gc.heap.generation=gen1],Rate,0
09/11/2026 06:02:49,System.Runtime,dotnet.process.cpu.time (s / 1 sec)[cpu.mode=system],Rate,0.022456999999999283
09/11/2026 06:02:49,System.Runtime,dotnet.process.cpu.time (s / 1 sec)[cpu.mode=user],Rate,0.13684699999998884
09/11/2026 06:02:49,System.Runtime,dotnet.process.cpu.count ({cpu}),Metric,15
09/11/2026 06:02:49,System.Runtime,dotnet.gc.pause.time (s / 1 sec),Rate,0
09/11/2026 06:02:49,System.Runtime,dotnet.thread_pool.queue.length ({work_item} / 1 sec),Rate,0
09/11/2026 06:02:49,System.Runtime,dotnet.gc.last_collection.memory.committed_size (By),Metric,0
09/11/2026 06:02:49,System.Runtime,dotnet.gc.last_collection.heap.fragmentation.size (By)[gc.heap.generation=gen2],Metric,0
09/11/2026 06:02:49,System.Runtime,dotnet.gc.last_collection.heap.fragmentation.size (By)[gc.heap.generation=gen0],Metric,0
09/11/2026 06:02:49,System.Runtime,dotnet.gc.last_collection.heap.fragmentation.size (By)[gc.heap.generation=gen1],Metric,0
09/11/2026 06:02:49,System.Runtime,dotnet.gc.last_collection.heap.fragmentation.size (By)[gc.heap.generation=poh],Metric,0
09/11/2026 06:02:49,System.Runtime,dotnet.gc.last_collection.heap.fragmentation.size (By)[gc.heap.generation=loh],Metric,0
09/11/2026 06:02:49,System.Runtime,dotnet.timer.count ({timer}),Metric,2
09/11/2026 06:02:49,System.Runtime,dotnet.assembly.count ({assembly}),Metric,61
09/11/2026 06:02:49,System.Runtime,dotnet.gc.heap.total_allocated (By / 1 sec),Rate,162944
09/11/2026 06:02:49,System.Runtime,dotnet.gc.last_collection.heap.size (By)[gc.heap.generation=gen2],Metric,0
09/11/2026 06:02:49,System.Runtime,dotnet.gc.last_collection.heap.size (By)[gc.heap.generation=gen0],Metric,0
09/11/2026 06:02:49,System.Runtime,dotnet.gc.last_collection.heap.size (By)[gc.heap.generation=gen1],Metric,0
09/11/2026 06:02:49,System.Runtime,dotnet.gc.last_collection.heap.size (By)[gc.heap.generation=poh],Metric,0
09/11/2026 06:02:49,System.Runtime,dotnet.gc.last_collection.heap.size (By)[gc.heap.generation=loh],Metric,0
09/11/2026 06:02:49,System.Runtime,dotnet.thread_pool.work_item.count ({work_item} / 1 sec),Rate,404
09/11/2026 06:02:49,System.Runtime,dotnet.process.memory.working_set (By),Metric,126369792
09/11/2026 06:02:49,System.Runtime,dotnet.thread_pool.thread.count ({thread} / 1 sec),Rate,0
09/11/2026 06:02:49,System.Runtime,dotnet.jit.compilation.time (s / 1 sec),Rate,0.0005584999999999063
09/11/2026 06:02:50,System.Runtime,dotnet.jit.compiled_il.size (By / 1 sec),Rate,7
09/11/2026 06:02:50,System.Runtime,dotnet.jit.compiled_methods ({method} / 1 sec),Rate,1
09/11/2026 06:02:50,System.Runtime,dotnet.monitor.lock_contentions ({contention} / 1 sec),Rate,0
09/11/2026 06:02:50,System.Runtime,dotnet.gc.collections ({collection} / 1 sec)[gc.heap.generation=gen2],Rate,0
09/11/2026 06:02:50,System.Runtime,dotnet.gc.collections ({collection} / 1 sec)[gc.heap.generation=gen0],Rate,0
09/11/2026 06:02:50,System.Runtime,dotnet.gc.collections ({collection} / 1 sec)[gc.heap.generation=gen1],Rate,0
09/11/2026 06:02:50,System.Runtime,dotnet.process.cpu.time (s / 1 sec)[cpu.mode=system],Rate,0.02210999999999963
09/11/2026 06:02:50,System.Runtime,dotnet.process.cpu.time (s / 1 sec)[cpu.mode=user],Rate,0.14133400000000051
09/11/2026 06:02:50,System.Runtime,dotnet.process.cpu.count ({cpu}),Metric,15
09/11/2026 06:02:50,System.Runtime,dotnet.gc.pause.time (s / 1 sec),Rate,0
09/11/2026 06:02:50,System.Runtime,dotnet.thread_pool.queue.length ({work_item} / 1 sec),Rate,0
09/11/2026 06:02:50,System.Runtime,dotnet.gc.last_collection.memory.committed_size (By),Metric,0
09/11/2026 06:02:50,System.Runtime,dotnet.gc.last_collection.heap.fragmentation.size (By)[gc.heap.generation=gen2],Metric,0
09/11/2026 06:02:50,System.Runtime,dotnet.gc.last_collection.heap.fragmentation.size (By)[gc.heap.generation=gen0],Metric,0
09/11/2026 06:02:50,System.Runtime,dotnet.gc.last_collection.heap.fragmentation.size (By)[gc.heap.generation=gen1],Metric,0
09/11/2026 06:02:50,System.Runtime,dotnet.gc.last_collection.heap.fragmentation.size (By)[gc.heap.generation=poh],Metric,0
09/11/2026 06:02:50,System.Runtime,dotnet.gc.last_collection.heap.fragmentation.size (By)[gc.heap.generation=loh],Metric,0
09/11/2026 06:02:50,System.Runtime,dotnet.timer.count ({timer}),Metric,3
09/11/2026 06:02:50,System.Runtime,dotnet.assembly.count ({assembly}),Metric,61
09/11/2026 06:02:50,System.Runtime,dotnet.gc.heap.total_allocated (By / 1 sec),Rate,161920
09/11/2026 06:02:50,System.Runtime,dotnet.gc.last_collection.heap.size (By)[gc.heap.generation=gen2],Metric,0
09/11/2026 06:02:50,System.Runtime,dotnet.gc.last_collection.heap.size (By)[gc.heap.generation=gen0],Metric,0
09/11/2026 06:02:50,System.Runtime,dotnet.gc.last_collection.heap.size (By)[gc.heap.generation=gen1],Metric,0
09/11/2026 06:02:50,System.Runtime,dotnet.gc.last_collection.heap.size (By)[gc.heap.generation=poh],Metric,0
09/11/2026 06:02:50,System.Runtime,dotnet.gc.last_collection.heap.size (By)[gc.heap.generation=loh],Metric,0
09/11/2026 06:02:50,System.Runtime,dotnet.thread_pool.work_item.count ({work_item} / 1 sec),Rate,404
09/11/2026 06:02:50,System.Runtime,dotnet.process.memory.working_set (By),Metric,126533632
09/11/2026 06:02:50,System.Runtime,dotnet.thread_pool.thread.count ({thread} / 1 sec),Rate,0
09/11/2026 06:02:50,System.Runtime,dotnet.jit.compilation.time (s / 1 sec),Rate,0.0005738000000000687
09/11/2026 06:02:51,System.Runtime,dotnet.jit.compiled_il.size (By / 1 sec),Rate,0
09/11/2026 06:02:51,System.Runtime,dotnet.jit.compiled_methods ({method} / 1 sec),Rate,0
09/11/2026 06:02:51,System.Runtime,dotnet.monitor.lock_contentions ({contention} / 1 sec),Rate,0
09/11/2026 06:02:51,System.Runtime,dotnet.gc.collections ({collection} / 1 sec)[gc.heap.generation=gen2],Rate,0
09/11/2026 06:02:51,System.Runtime,dotnet.gc.collections ({collection} / 1 sec)[gc.heap.generation=gen0],Rate,0
09/11/2026 06:02:51,System.Runtime,dotnet.gc.collections ({collection} / 1 sec)[gc.heap.generation=gen1],Rate,0
09/11/2026 06:02:51,System.Runtime,dotnet.process.cpu.time (s / 1 sec)[cpu.mode=system],Rate,0.022102000000000288
09/11/2026 06:02:51,System.Runtime,dotnet.process.cpu.time (s / 1 sec)[cpu.mode=user],Rate,0.14126400000000672
09/11/2026 06:02:51,System.Runtime,dotnet.process.cpu.count ({cpu}),Metric,15
09/11/2026 06:02:51,System.Runtime,dotnet.gc.pause.time (s / 1 sec),Rate,0
09/11/2026 06:02:51,System.Runtime,dotnet.thread_pool.queue.length ({work_item} / 1 sec),Rate,0
09/11/2026 06:02:51,System.Runtime,dotnet.gc.last_collection.memory.committed_size (By),Metric,0
09/11/2026 06:02:51,System.Runtime,dotnet.gc.last_collection.heap.fragmentation.size (By)[gc.heap.generation=gen2],Metric,0
09/11/2026 06:02:51,System.Runtime,dotnet.gc.last_collection.heap.fragmentation.size (By)[gc.heap.generation=gen0],Metric,0
09/11/2026 06:02:51,System.Runtime,dotnet.gc.last_collection.heap.fragmentation.size (By)[gc.heap.generation=gen1],Metric,0
09/11/2026 06:02:51,System.Runtime,dotnet.gc.last_collection.heap.fragmentation.size (By)[gc.heap.generation=poh],Metric,0
09/11/2026 06:02:51,System.Runtime,dotnet.gc.last_collection.heap.fragmentation.size (By)[gc.heap.generation=loh],Metric,0
09/11/2026 06:02:51,System.Runtime,dotnet.timer.count ({timer}),Metric,3
09/11/2026 06:02:51,System.Runtime,dotnet.assembly.count ({assembly}),Metric,61
09/11/2026 06:02:51,System.Runtime,dotnet.gc.heap.total_allocated (By / 1 sec),Rate,172200
09/11/2026 06:02:51,System.Runtime,dotnet.gc.last_collection.heap.size (By)[gc.heap.generation=gen2],Metric,0
09/11/2026 06:02:51,System.Runtime,dotnet.gc.last_collection.heap.size (By)[gc.heap.generation=gen0],Metric,0
09/11/2026 06:02:51,System.Runtime,dotnet.gc.last_collection.heap.size (By)[gc.heap.generation=gen1],Metric,0
09/11/2026 06:02:51,System.Runtime,dotnet.gc.last_collection.heap.size (By)[gc.heap.generation=poh],Metric,0
09/11/2026 06:02:51,System.Runtime,dotnet.gc.last_collection.heap.size (By)[gc.heap.generation=loh],Metric,0
09/11/2026 06:02:51,System.Runtime,dotnet.thread_pool.work_item.count ({work_item} / 1 sec),Rate,402
09/11/2026 06:02:51,System.Runtime,dotnet.process.memory.working_set (By),Metric,126730240
09/11/2026 06:02:51,System.Runtime,dotnet.thread_pool.thread.count ({thread} / 1 sec),Rate,0
09/11/2026 06:02:51,System.Runtime,dotnet.jit.compilation.time (s / 1 sec),Rate,0
09/11/2026 06:02:52,System.Runtime,dotnet.jit.compiled_il.size (By / 1 sec),Rate,0
09/11/2026 06:02:52,System.Runtime,dotnet.jit.compiled_methods ({method} / 1 sec),Rate,0
09/11/2026 06:02:52,System.Runtime,dotnet.monitor.lock_contentions ({contention} / 1 sec),Rate,0
09/11/2026 06:02:52,System.Runtime,dotnet.gc.collections ({collection} / 1 sec)[gc.heap.generation=gen2],Rate,0
09/11/2026 06:02:52,System.Runtime,dotnet.gc.collections ({collection} / 1 sec)[gc.heap.generation=gen0],Rate,0
09/11/2026 06:02:52,System.Runtime,dotnet.gc.collections ({collection} / 1 sec)[gc.heap.generation=gen1],Rate,0
09/11/2026 06:02:52,System.Runtime,dotnet.process.cpu.time (s / 1 sec)[cpu.mode=system],Rate,0.022071999999999647
09/11/2026 06:02:52,System.Runtime,dotnet.process.cpu.time (s / 1 sec)[cpu.mode=user],Rate,0.14286899999999036
09/11/2026 06:02:52,System.Runtime,dotnet.process.cpu.count ({cpu}),Metric,15
09/11/2026 06:02:52,System.Runtime,dotnet.gc.pause.time (s / 1 sec),Rate,0
09/11/2026 06:02:52,System.Runtime,dotnet.thread_pool.queue.length ({work_item} / 1 sec),Rate,0
09/11/2026 06:02:52,System.Runtime,dotnet.gc.last_collection.memory.committed_size (By),Metric,0
09/11/2026 06:02:52,System.Runtime,dotnet.gc.last_collection.heap.fragmentation.size (By)[gc.heap.generation=gen2],Metric,0
09/11/2026 06:02:52,System.Runtime,dotnet.gc.last_collection.heap.fragmentation.size (By)[gc.heap.generation=gen0],Metric,0
09/11/2026 06:02:52,System.Runtime,dotnet.gc.last_collection.heap.fragmentation.size (By)[gc.heap.generation=gen1],Metric,0
09/11/2026 06:02:52,System.Runtime,dotnet.gc.last_collection.heap.fragmentation.size (By)[gc.heap.generation=poh],Metric,0
09/11/2026 06:02:52,System.Runtime,dotnet.gc.last_collection.heap.fragmentation.size (By)[gc.heap.generation=loh],Metric,0
09/11/2026 06:02:52,System.Runtime,dotnet.timer.count ({timer}),Metric,2
09/11/2026 06:02:52,System.Runtime,dotnet.assembly.count ({assembly}),Metric,61
09/11/2026 06:02:52,System.Runtime,dotnet.gc.heap.total_allocated (By / 1 sec),Rate,160760
09/11/2026 06:02:52,System.Runtime,dotnet.gc.last_collection.heap.size (By)[gc.heap.generation=gen2],Metric,0
09/11/2026 06:02:52,System.Runtime,dotnet.gc.last_collection.heap.size (By)[gc.heap.generation=gen0],Metric,0
09/11/2026 06:02:52,System.Runtime,dotnet.gc.last_collection.heap.size (By)[gc.heap.generation=gen1],Metric,0
09/11/2026 06:02:52,System.Runtime,dotnet.gc.last_collection.heap.size (By)[gc.heap.generation=poh],Metric,0
09/11/2026 06:02:52,System.Runtime,dotnet.gc.last_collection.heap.size (By)[gc.heap.generation=loh],Metric,0
09/11/2026 06:02:52,System.Runtime,dotnet.thread_pool.work_item.count ({work_item} / 1 sec),Rate,404
09/11/2026 06:02:52,System.Runtime,dotnet.process.memory.working_set (By),Metric,126894080
09/11/2026 06:02:52,System.Runtime,dotnet.thread_pool.thread.count ({thread} / 1 sec),Rate,0
09/11/2026 06:02:52,System.Runtime,dotnet.jit.compilation.time (s / 1 sec),Rate,0
09/11/2026 06:02:53,System.Runtime,dotnet.jit.compiled_il.size (By / 1 sec),Rate,2655
09/11/2026 06:02:53,System.Runtime,dotnet.jit.compiled_methods ({method} / 1 sec),Rate,30
09/11/2026 06:02:53,System.Runtime,dotnet.monitor.lock_contentions ({contention} / 1 sec),Rate,0
09/11/2026 06:02:53,System.Runtime,dotnet.gc.collections ({collection} / 1 sec)[gc.heap.generation=gen2],Rate,0
09/11/2026 06:02:53,System.Runtime,dotnet.gc.collections ({collection} / 1 sec)[gc.heap.generation=gen0],Rate,0
09/11/2026 06:02:53,System.Runtime,dotnet.gc.collections ({collection} / 1 sec)[gc.heap.generation=gen1],Rate,0
09/11/2026 06:02:53,System.Runtime,dotnet.process.cpu.time (s / 1 sec)[cpu.mode=system],Rate,0.0217160000000014
09/11/2026 06:02:53,System.Runtime,dotnet.process.cpu.time (s / 1 sec)[cpu.mode=user],Rate,0.15409600000000978
09/11/2026 06:02:53,System.Runtime,dotnet.process.cpu.count ({cpu}),Metric,15
09/11/2026 06:02:53,System.Runtime,dotnet.gc.pause.time (s / 1 sec),Rate,0
09/11/2026 06:02:53,System.Runtime,dotnet.thread_pool.queue.length ({work_item} / 1 sec),Rate,0
09/11/2026 06:02:53,System.Runtime,dotnet.gc.last_collection.memory.committed_size (By),Metric,0
09/11/2026 06:02:53,System.Runtime,dotnet.gc.last_collection.heap.fragmentation.size (By)[gc.heap.generation=gen2],Metric,0
09/11/2026 06:02:53,System.Runtime,dotnet.gc.last_collection.heap.fragmentation.size (By)[gc.heap.generation=gen0],Metric,0
09/11/2026 06:02:53,System.Runtime,dotnet.gc.last_collection.heap.fragmentation.size (By)[gc.heap.generation=gen1],Metric,0
09/11/2026 06:02:53,System.Runtime,dotnet.gc.last_collection.heap.fragmentation.size (By)[gc.heap.generation=poh],Metric,0
09/11/2026 06:02:53,System.Runtime,dotnet.gc.last_collection.heap.fragmentation.size (By)[gc.heap.generation=loh],Metric,0
09/11/2026 06:02:53,System.Runtime,dotnet.timer.count ({timer}),Metric,2
09/11/2026 06:02:53,System.Runtime,dotnet.assembly.count ({assembly}),Metric,61
09/11/2026 06:02:53,System.Runtime,dotnet.gc.heap.total_allocated (By / 1 sec),Rate,180416
09/11/2026 06:02:53,System.Runtime,dotnet.gc.last_collection.heap.size (By)[gc.heap.generation=gen2],Metric,0
09/11/2026 06:02:53,System.Runtime,dotnet.gc.last_collection.heap.size (By)[gc.heap.generation=gen0],Metric,0
09/11/2026 06:02:53,System.Runtime,dotnet.gc.last_collection.heap.size (By)[gc.heap.generation=gen1],Metric,0
09/11/2026 06:02:53,System.Runtime,dotnet.gc.last_collection.heap.size (By)[gc.heap.generation=poh],Metric,0
09/11/2026 06:02:53,System.Runtime,dotnet.gc.last_collection.heap.size (By)[gc.heap.generation=loh],Metric,0
09/11/2026 06:02:53,System.Runtime,dotnet.thread_pool.work_item.count ({work_item} / 1 sec),Rate,405
09/11/2026 06:02:53,System.Runtime,dotnet.process.memory.working_set (By),Metric,127123456
09/11/2026 06:02:53,System.Runtime,dotnet.thread_pool.thread.count ({thread} / 1 sec),Rate,0
09/11/2026 06:02:53,System.Runtime,dotnet.jit.compilation.time (s / 1 sec),Rate,0.013605899999999949
