Timestamp,Provider,Counter Name,Counter Type,Mean/Increment
09/11/2026 05:52:47,System.Runtime,dotnet.process.cpu.count ({cpu}),Metric,15
09/11/2026 05:52:47,System.Runtime,dotnet.gc.last_collection.memory.committed_size (By),Metric,0
09/11/2026 05:52:47,System.Runtime,dotnet.gc.last_collection.heap.fragmentation.size (By)[gc.heap.generation=gen0],Metric,0
09/11/2026 05:52:47,System.Runtime,dotnet.gc.last_collection.heap.fragmentation.size (By)[gc.heap.generation=gen2],Metric,0
09/11/2026 05:52:47,System.Runtime,dotnet.gc.last_collection.heap.fragmentation.size (By)[gc.heap.generation=loh],Metric,0
09/11/2026 05:52:47,System.Runtime,dotnet.gc.last_collection.heap.fragmentation.size (By)[gc.heap.generation=gen1],Metric,0
09/11/2026 05:52:47,System.Runtime,dotnet.gc.last_collection.heap.fragmentation.size (By)[gc.heap.generation=poh],Metric,0
09/11/2026 05:52:47,System.Runtime,dotnet.timer.count ({timer}),Metric,3
09/11/2026 05:52:47,System.Runtime,dotnet.assembly.count ({assembly}),Metric,61
09/11/2026 05:52:47,System.Runtime,dotnet.gc.last_collection.heap.size (By)[gc.heap.generation=gen0],Metric,0
09/11/2026 05:52:47,System.Runtime,dotnet.gc.last_collection.heap.size (By)[gc.heap.generation=gen2],Metric,0
09/11/2026 05:52:47,System.Runtime,dotnet.gc.last_collection.heap.size (By)[gc.heap.generation=loh],Metric,0
09/11/2026 05:52:47,System.Runtime,dotnet.gc.last_collection.heap.size (By)[gc.heap.generation=gen1],Metric,0
09/11/2026 05:52:47,System.Runtime,dotnet.gc.last_collection.heap.size (By)[gc.heap.generation=poh],Metric,0
09/11/2026 05:52:47,System.Runtime,dotnet.process.memory.working_set (By),Metric,70926336
09/11/2026 05:52:48,System.Runtime,dotnet.jit.compiled_il.size (By / 1 sec),Rate,16977
09/11/2026 05:52:48,System.Runtime,dotnet.jit.compiled_methods ({method} / 1 sec),Rate,130
09/11/2026 05:52:48,System.Runtime,dotnet.monitor.lock_contentions ({contention} / 1 sec),Rate,0
09/11/2026 05:52:48,System.Runtime,dotnet.gc.collections ({collection} / 1 sec)[gc.heap.generation=gen0],Rate,0
09/11/2026 05:52:48,System.Runtime,dotnet.gc.collections ({collection} / 1 sec)[gc.heap.generation=gen2],Rate,0
09/11/2026 05:52:48,System.Runtime,dotnet.gc.collections ({collection} / 1 sec)[gc.heap.generation=gen1],Rate,0
09/11/2026 05:52:48,System.Runtime,dotnet.process.cpu.time (s / 1 sec)[cpu.mode=user],Rate,0.1911529999999999
09/11/2026 05:52:48,System.Runtime,dotnet.process.cpu.time (s / 1 sec)[cpu.mode=system],Rate,0.025908000000000014
09/11/2026 05:52:48,System.Runtime,dotnet.process.cpu.count ({cpu}),Metric,15
09/11/2026 05:52:48,System.Runtime,dotnet.gc.pause.time (s / 1 sec),Rate,0
09/11/2026 05:52:48,System.Runtime,dotnet.thread_pool.queue.length ({work_item} / 1 sec),Rate,0
09/11/2026 05:52:48,System.Runtime,dotnet.gc.last_collection.memory.committed_size (By),Metric,0
09/11/2026 05:52:48,System.Runtime,dotnet.gc.last_collection.heap.fragmentation.size (By)[gc.heap.generation=gen0],Metric,0
09/11/2026 05:52:48,System.Runtime,dotnet.gc.last_collection.heap.fragmentation.size (By)[gc.heap.generation=gen2],Metric,0
09/11/2026 05:52:48,System.Runtime,dotnet.gc.last_collection.heap.fragmentation.size (By)[gc.heap.generation=loh],Metric,0
09/11/2026 05:52:48,System.Runtime,dotnet.gc.last_collection.heap.fragmentation.size (By)[gc.heap.generation=gen1],Metric,0
09/11/2026 05:52:48,System.Runtime,dotnet.gc.last_collection.heap.fragmentation.size (By)[gc.heap.generation=poh],Metric,0
09/11/2026 05:52:48,System.Runtime,dotnet.timer.count ({timer}),Metric,3
09/11/2026 05:52:48,System.Runtime,dotnet.assembly.count ({assembly}),Metric,61
09/11/2026 05:52:48,System.Runtime,dotnet.gc.heap.total_allocated (By / 1 sec),Rate,179152
09/11/2026 05:52:48,System.Runtime,dotnet.gc.last_collection.heap.size (By)[gc.heap.generation=gen0],Metric,0
09/11/2026 05:52:48,System.Runtime,dotnet.gc.last_collection.heap.size (By)[gc.heap.generation=gen2],Metric,0
09/11/2026 05:52:48,System.Runtime,dotnet.gc.last_collection.heap.size (By)[gc.heap.generation=loh],Metric,0
09/11/2026 05:52:48,System.Runtime,dotnet.gc.last_collection.heap.size (By)[gc.heap.generation=gen1],Metric,0
09/11/2026 05:52:48,System.Runtime,dotnet.gc.last_collection.heap.size (By)[gc.heap.generation=poh],Metric,0
09/11/2026 05:52:48,System.Runtime,dotnet.thread_pool.work_item.count ({work_item} / 1 sec),Rate,405
09/11/2026 05:52:48,System.Runtime,dotnet.process.memory.working_set (By),Metric,71581696
09/11/2026 05:52:48,System.Runtime,dotnet.thread_pool.thread.count ({thread} / 1 sec),Rate,0
09/11/2026 05:52:48,System.Runtime,dotnet.jit.compilation.time (s / 1 sec),Rate,0.05113110000000001
09/11/2026 05:52:49,System.Runtime,dotnet.jit.compiled_il.size (By / 1 sec),Rate,7522
09/11/2026 05:52:49,System.Runtime,dotnet.jit.compiled_methods ({method} / 1 sec),Rate,55
09/11/2026 05:52:49,System.Runtime,dotnet.monitor.lock_contentions ({contention} / 1 sec),Rate,0
09/11/2026 05:52:49,System.Runtime,dotnet.gc.collections ({collection} / 1 sec)[gc.heap.generation=gen0],Rate,0
09/11/2026 05:52:49,System.Runtime,dotnet.gc.collections ({collection} / 1 sec)[gc.heap.generation=gen2],Rate,0
09/11/2026 05:52:49,System.Runtime,dotnet.gc.collections ({collection} / 1 sec)[gc.heap.generation=gen1],Rate,0
09/11/2026 05:52:49,System.Runtime,dotnet.process.cpu.time (s / 1 sec)[cpu.mode=user],Rate,0.17057800000000012
09/11/2026 05:52:49,System.Runtime,dotnet.process.cpu.time (s / 1 sec)[cpu.mode=system],Rate,0.02588199999999999
09/11/2026 05:52:49,System.Runtime,dotnet.process.cpu.count ({cpu}),Metric,15
09/11/2026 05:52:49,System.Runtime,dotnet.gc.pause.time (s / 1 sec),Rate,0
09/11/2026 05:52:49,System.Runtime,dotnet.thread_pool.queue.length ({work_item} / 1 sec),Rate,0
09/11/2026 05:52:49,System.Runtime,dotnet.gc.last_collection.memory.committed_size (By),Metric,0
09/11/2026 05:52:49,System.Runtime,dotnet.gc.last_collection.heap.fragmentation.size (By)[gc.heap.generation=gen0],Metric,0
09/11/2026 05:52:49,System.Runtime,dotnet.gc.last_collection.heap.fragmentation.size (By)[gc.heap.generation=gen2],Metric,0
09/11/2026 05:52:49,System.Runtime,dotnet.gc.last_collection.heap.fragmentation.size (By)[gc.heap.generation=loh],Metric,0
09/11/2026 05:52:49,System.Runtime,dotnet.gc.last_collection.heap.fragmentation.size (By)[gc.heap.generation=gen1],Metric,0
09/11/2026 05:52:49,System.Runtime,dotnet.gc.last_collection.heap.fragmentation.size (By)[gc.heap.generation=poh],Metric,0
09/11/2026 05:52:49,System.Runtime,dotnet.timer.count ({timer}),Metric,3
09/11/2026 05:52:49,System.Runtime,dotnet.assembly.count ({assembly}),Metric,61
09/11/2026 05:52:49,System.Runtime,dotnet.gc.heap.total_allocated (By / 1 sec),Rate,155800
09/11/2026 05:52:49,System.Runtime,dotnet.gc.last_collection.heap.size (By)[gc.heap.generation=gen0],Metric,0
09/11/2026 05:52:49,System.Runtime,dotnet.gc.last_collection.heap.size (By)[gc.heap.generation=gen2],Metric,0
09/11/2026 05:52:49,System.Runtime,dotnet.gc.last_collection.heap.size (By)[gc.heap.generation=loh],Metric,0
09/11/2026 05:52:49,System.Runtime,dotnet.gc.last_collection.heap.size (By)[gc.heap.generation=gen1],Metric,0
09/11/2026 05:52:49,System.Runtime,dotnet.gc.last_collection.heap.size (By)[gc.heap.generation=poh],Metric,0
09/11/2026 05:52:49,System.Runtime,dotnet.thread_pool.work_item.count ({work_item} / 1 sec),Rate,406
09/11/2026 05:52:49,System.Runtime,dotnet.process.memory.working_set (By),Metric,71860224
09/11/2026 05:52:49,System.Runtime,dotnet.thread_pool.thread.count ({thread} / 1 sec),Rate,0
09/11/2026 05:52:49,System.Runtime,dotnet.jit.compilation.time (s / 1 sec),Rate,0.0306921
09/11/2026 05:52:50,System.Runtime,dotnet.jit.compiled_il.size (By / 1 sec),Rate,8178
09/11/2026 05:52:50,System.Runtime,dotnet.jit.compiled_methods ({method} / 1 sec),Rate,101
09/11/2026 05:52:50,System.Runtime,dotnet.monitor.lock_contentions ({contention} / 1 sec),Rate,1
09/11/2026 05:52:50,System.Runtime,dotnet.gc.collections ({collection} / 1 sec)[gc.heap.generation=gen0],Rate,0
09/11/2026 05:52:50,System.Runtime,dotnet.gc.collections ({collection} / 1 sec)[gc.heap.generation=gen2],Rate,0
09/11/2026 05:52:50,System.Runtime,dotnet.gc.collections ({collection} / 1 sec)[gc.heap.generation=gen1],Rate,0
09/11/2026 05:52:50,System.Runtime,dotnet.process.cpu.time (s / 1 sec)[cpu.mode=user],Rate,0.1568649999999998
09/11/2026 05:52:50,System.Runtime,dotnet.process.cpu.time (s / 1 sec)[cpu.mode=system],Rate,0.026046000000000014
09/11/2026 05:52:50,System.Runtime,dotnet.process.cpu.count ({cpu}),Metric,15
09/11/2026 05:52:50,System.Runtime,dotnet.gc.pause.time (s / 1 sec),Rate,0
09/11/2026 05:52:50,System.Runtime,dotnet.thread_pool.queue.length ({work_item} / 1 sec),Rate,0
09/11/2026 05:52:50,System.Runtime,dotnet.gc.last_collection.memory.committed_size (By),Metric,0
09/11/2026 05:52:50,System.Runtime,dotnet.gc.last_collection.heap.fragmentation.size (By)[gc.heap.generation=gen0],Metric,0
09/11/2026 05:52:50,System.Runtime,dotnet.gc.last_collection.heap.fragmentation.size (By)[gc.heap.generation=gen2],Metric,0
09/11/2026 05:52:50,System.Runtime,dotnet.gc.last_collection.heap.fragmentation.size (By)[gc.heap.generation=loh],Metric,0
09/11/2026 05:52:50,System.Runtime,dotnet.gc.last_collection.heap.fragmentation.size (By)[gc.heap.generation=gen1],Metric,0
09/11/2026 05:52:50,System.Runtime,dotnet.gc.last_collection.heap.fragmentation.size (By)[gc.heap.generation=poh],Metric,0
09/11/2026 05:52:50,System.Runtime,dotnet.timer.count ({timer}),Metric,2
09/11/2026 05:52:50,System.Runtime,dotnet.assembly.count ({assembly}),Metric,61
09/11/2026 05:52:50,System.Runtime,dotnet.gc.heap.total_allocated (By / 1 sec),Rate,172200
09/11/2026 05:52:50,System.Runtime,dotnet.gc.last_collection.heap.size (By)[gc.heap.generation=gen0],Metric,0
09/11/2026 05:52:50,System.Runtime,dotnet.gc.last_collection.heap.size (By)[gc.heap.generation=gen2],Metric,0
09/11/2026 05:52:50,System.Runtime,dotnet.gc.last_collection.heap.size (By)[gc.heap.generation=loh],Metric,0
09/11/2026 05:52:50,System.Runtime,dotnet.gc.last_collection.heap.size (By)[gc.heap.generation=gen1],Metric,0
09/11/2026 05:52:50,System.Runtime,dotnet.gc.last_collection.heap.size (By)[gc.heap.generation=poh],Metric,0
09/11/2026 05:52:50,System.Runtime,dotnet.thread_pool.work_item.count ({work_item} / 1 sec),Rate,406
09/11/2026 05:52:50,System.Runtime,dotnet.process.memory.working_set (By),Metric,72220672
09/11/2026 05:52:50,System.Runtime,dotnet.thread_pool.thread.count ({thread} / 1 sec),Rate,0
09/11/2026 05:52:50,System.Runtime,dotnet.jit.compilation.time (s / 1 sec),Rate,0.02000289999999999
09/11/2026 05:52:51,System.Runtime,dotnet.jit.compiled_il.size (By / 1 sec),Rate,5384
09/11/2026 05:52:51,System.Runtime,dotnet.jit.compiled_methods ({method} / 1 sec),Rate,41
09/11/2026 05:52:51,System.Runtime,dotnet.monitor.lock_contentions ({contention} / 1 sec),Rate,0
09/11/2026 05:52:51,System.Runtime,dotnet.gc.collections ({collection} / 1 sec)[gc.heap.generation=gen0],Rate,0
09/11/2026 05:52:51,System.Runtime,dotnet.gc.collections ({collection} / 1 sec)[gc.heap.generation=gen2],Rate,0
09/11/2026 05:52:51,System.Runtime,dotnet.gc.collections ({collection} / 1 sec)[gc.heap.generation=gen1],Rate,0
09/11/2026 05:52:51,System.Runtime,dotnet.process.cpu.time (s / 1 sec)[cpu.mode=user],Rate,0.15916900000000012
09/11/2026 05:52:51,System.Runtime,dotnet.process.cpu.time (s / 1 sec)[cpu.mode=system],Rate,0.02686299999999997
09/11/2026 05:52:51,System.Runtime,dotnet.process.cpu.count ({cpu}),Metric,15
09/11/2026 05:52:51,System.Runtime,dotnet.gc.pause.time (s / 1 sec),Rate,0
09/11/2026 05:52:51,System.Runtime,dotnet.thread_pool.queue.length ({work_item} / 1 sec),Rate,0
09/11/2026 05:52:51,System.Runtime,dotnet.gc.last_collection.memory.committed_size (By),Metric,0
09/11/2026 05:52:51,System.Runtime,dotnet.gc.last_collection.heap.fragmentation.size (By)[gc.heap.generation=gen0],Metric,0
09/11/2026 05:52:51,System.Runtime,dotnet.gc.last_collection.heap.fragmentation.size (By)[gc.heap.generation=gen2],Metric,0
09/11/2026 05:52:51,System.Runtime,dotnet.gc.last_collection.heap.fragmentation.size (By)[gc.heap.generation=loh],Metric,0
09/11/2026 05:52:51,System.Runtime,dotnet.gc.last_collection.heap.fragmentation.size (By)[gc.heap.generation=gen1],Metric,0
09/11/2026 05:52:51,System.Runtime,dotnet.gc.last_collection.heap.fragmentation.size (By)[gc.heap.generation=poh],Metric,0
09/11/2026 05:52:51,System.Runtime,dotnet.timer.count ({timer}),Metric,3
09/11/2026 05:52:51,System.Runtime,dotnet.assembly.count ({assembly}),Metric,61
09/11/2026 05:52:51,System.Runtime,dotnet.gc.heap.total_allocated (By / 1 sec),Rate,187592
09/11/2026 05:52:51,System.Runtime,dotnet.gc.last_collection.heap.size (By)[gc.heap.generation=gen0],Metric,0
09/11/2026 05:52:51,System.Runtime,dotnet.gc.last_collection.heap.size (By)[gc.heap.generation=gen2],Metric,0
09/11/2026 05:52:51,System.Runtime,dotnet.gc.last_collection.heap.size (By)[gc.heap.generation=loh],Metric,0
09/11/2026 05:52:51,System.Runtime,dotnet.gc.last_collection.heap.size (By)[gc.heap.generation=gen1],Metric,0
09/11/2026 05:52:51,System.Runtime,dotnet.gc.last_collection.heap.size (By)[gc.heap.generation=poh],Metric,0
09/11/2026 05:52:51,System.Runtime,dotnet.thread_pool.work_item.count ({work_item} / 1 sec),Rate,408
09/11/2026 05:52:51,System.Runtime,dotnet.process.memory.working_set (By),Metric,72531968
09/11/2026 05:52:51,System.Runtime,dotnet.thread_pool.thread.count ({thread} / 1 sec),Rate,0
09/11/2026 05:52:51,System.Runtime,dotnet.jit.compilation.time (s / 1 sec),Rate,0.01183780000000001
09/11/2026 05:52:52,System.Runtime,dotnet.jit.compiled_il.size (By / 1 sec),Rate,7242
09/11/2026 05:52:52,System.Runtime,dotnet.jit.compiled_methods ({method} / 1 sec),Rate,82
09/11/2026 05:52:52,System.Runtime,dotnet.monitor.lock_contentions ({contention} / 1 sec),Rate,0
09/11/2026 05:52:52,System.Runtime,dotnet.gc.collections ({collection} / 1 sec)[gc.heap.generation=gen0],Rate,0
09/11/2026 05:52:52,System.Runtime,dotnet.gc.collections ({collection} / 1 sec)[gc.heap.generation=gen2],Rate,0
09/11/2026 05:52:52,System.Runtime,dotnet.gc.collections ({collection} / 1 sec)[gc.heap.generation=gen1],Rate,0
09/11/2026 05:52:52,System.Runtime,dotnet.process.cpu.time (s / 1 sec)[cpu.mode=user],Rate,0.1828559999999999
09/11/2026 05:52:52,System.Runtime,dotnet.process.cpu.time (s / 1 sec)[cpu.mode=system],Rate,0.025841000000000003
09/11/2026 05:52:52,System.Runtime,dotnet.process.cpu.count ({cpu}),Metric,15
09/11/2026 05:52:52,System.Runtime,dotnet.gc.pause.time (s / 1 sec),Rate,0
09/11/2026 05:52:52,System.Runtime,dotnet.thread_pool.queue.length ({work_item} / 1 sec),Rate,0
09/11/2026 05:52:52,System.Runtime,dotnet.gc.last_collection.memory.committed_size (By),Metric,0
09/11/2026 05:52:52,System.Runtime,dotnet.gc.last_collection.heap.fragmentation.size (By)[gc.heap.generation=gen0],Metric,0
09/11/2026 05:52:52,System.Runtime,dotnet.gc.last_collection.heap.fragmentation.size (By)[gc.heap.generation=gen2],Metric,0
09/11/2026 05:52:52,System.Runtime,dotnet.gc.last_collection.heap.fragmentation.size (By)[gc.heap.generation=loh],Metric,0
09/11/2026 05:52:52,System.Runtime,dotnet.gc.last_collection.heap.fragmentation.size (By)[gc.heap.generation=gen1],Metric,0
09/11/2026 05:52:52,System.Runtime,dotnet.gc.last_collection.heap.fragmentation.size (By)[gc.heap.generation=poh],Metric,0
09/11/2026 05:52:52,System.Runtime,dotnet.timer.count ({timer}),Metric,3
09/11/2026 05:52:52,System.Runtime,dotnet.assembly.count ({assembly}),Metric,61
09/11/2026 05:52:52,System.Runtime,dotnet.gc.heap.total_allocated (By / 1 sec),Rate,154760
09/11/2026 05:52:52,System.Runtime,dotnet.gc.last_collection.heap.size (By)[gc.heap.generation=gen0],Metric,0
09/11/2026 05:52:52,System.Runtime,dotnet.gc.last_collection.heap.size (By)[gc.heap.generation=gen2],Metric,0
09/11/2026 05:52:52,System.Runtime,dotnet.gc.last_collection.heap.size (By)[gc.heap.generation=loh],Metric,0
09/11/2026 05:52:52,System.Runtime,dotnet.gc.last_collection.heap.size (By)[gc.heap.generation=gen1],Metric,0
09/11/2026 05:52:52,System.Runtime,dotnet.gc.last_collection.heap.size (By)[gc.heap.generation=poh],Metric,0
09/11/2026 05:52:52,System.Runtime,dotnet.thread_pool.work_item.count ({work_item} / 1 sec),Rate,407
09/11/2026 05:52:52,System.Runtime,dotnet.process.memory.working_set (By),Metric,74448896
09/11/2026 05:52:52,System.Runtime,dotnet.thread_pool.thread.count ({thread} / 1 sec),Rate,0
09/11/2026 05:52:52,System.Runtime,dotnet.jit.compilation.time (s / 1 sec),Rate,0.04021789999999997
09/11/2026 05:52:53,System.Runtime,dotnet.jit.compiled_il.size (By / 1 sec),Rate,523
09/11/2026 05:52:53,System.Runtime,dotnet.jit.compiled_methods ({method} / 1 sec),Rate,10
09/11/2026 05:52:53,System.Runtime,dotnet.monitor.lock_contentions ({contention} / 1 sec),Rate,0
09/11/2026 05:52:53,System.Runtime,dotnet.gc.collections ({collection} / 1 sec)[gc.heap.generation=gen0],Rate,0
09/11/2026 05:52:53,System.Runtime,dotnet.gc.collections ({collection} / 1 sec)[gc.heap.generation=gen2],Rate,0
09/11/2026 05:52:53,System.Runtime,dotnet.gc.collections ({collection} / 1 sec)[gc.heap.generation=gen1],Rate,0
09/11/2026 05:52:53,System.Runtime,dotnet.process.cpu.time (s / 1 sec)[cpu.mode=user],Rate,0.14928000000000008
09/11/2026 05:52:53,System.Runtime,dotnet.process.cpu.time (s / 1 sec)[cpu.mode=system],Rate,0.024853999999999987
09/11/2026 05:52:53,System.Runtime,dotnet.process.cpu.count ({cpu}),Metric,15
09/11/2026 05:52:53,System.Runtime,dotnet.gc.pause.time (s / 1 sec),Rate,0
09/11/2026 05:52:53,System.Runtime,dotnet.thread_pool.queue.length ({work_item} / 1 sec),Rate,0
09/11/2026 05:52:53,System.Runtime,dotnet.gc.last_collection.memory.committed_size (By),Metric,0
09/11/2026 05:52:53,System.Runtime,dotnet.gc.last_collection.heap.fragmentation.size (By)[gc.heap.generation=gen0],Metric,0
09/11/2026 05:52:53,System.Runtime,dotnet.gc.last_collection.heap.fragmentation.size (By)[gc.heap.generation=gen2],Metric,0
09/11/2026 05:52:53,System.Runtime,dotnet.gc.last_collection.heap.fragmentation.size (By)[gc.heap.generation=loh],Metric,0
09/11/2026 05:52:53,System.Runtime,dotnet.gc.last_collection.heap.fragmentation.size (By)[gc.heap.generation=gen1],Metric,0
09/11/2026 05:52:53,System.Runtime,dotnet.gc.last_collection.heap.fragmentation.size (By)[gc.heap.generation=poh],Metric,0
09/11/2026 05:52:53,System.Runtime,dotnet.timer.count ({timer}),Metric,2
09/11/2026 05:52:53,System.Runtime,dotnet.assembly.count ({assembly}),Metric,61
09/11/2026 05:52:53,System.Runtime,dotnet.gc.heap.total_allocated (By / 1 sec),Rate,172016
09/11/2026 05:52:53,System.Runtime,dotnet.gc.last_collection.heap.size (By)[gc.heap.generation=gen0],Metric,0
09/11/2026 05:52:53,System.Runtime,dotnet.gc.last_collection.heap.size (By)[gc.heap.generation=gen2],Metric,0
09/11/2026 05:52:53,System.Runtime,dotnet.gc.last_collection.heap.size (By)[gc.heap.generation=loh],Metric,0
09/11/2026 05:52:53,System.Runtime,dotnet.gc.last_collection.heap.size (By)[gc.heap.generation=gen1],Metric,0
09/11/2026 05:52:53,System.Runtime,dotnet.gc.last_collection.heap.size (By)[gc.heap.generation=poh],Metric,0
09/11/2026 05:52:53,System.Runtime,dotnet.thread_pool.work_item.count ({work_item} / 1 sec),Rate,407
09/11/2026 05:52:53,System.Runtime,dotnet.process.memory.working_set (By),Metric,74645504
09/11/2026 05:52:53,System.Runtime,dotnet.thread_pool.thread.count ({thread} / 1 sec),Rate,0
09/11/2026 05:52:53,System.Runtime,dotnet.jit.compilation.time (s / 1 sec),Rate,0.0034527000000000307
09/11/2026 05:52:54,System.Runtime,dotnet.jit.compiled_il.size (By / 1 sec),Rate,194
09/11/2026 05:52:54,System.Runtime,dotnet.jit.compiled_methods ({method} / 1 sec),Rate,6
09/11/2026 05:52:54,System.Runtime,dotnet.monitor.lock_contentions ({contention} / 1 sec),Rate,0
09/11/2026 05:52:54,System.Runtime,dotnet.gc.collections ({collection} / 1 sec)[gc.heap.generation=gen0],Rate,0
09/11/2026 05:52:54,System.Runtime,dotnet.gc.collections ({collection} / 1 sec)[gc.heap.generation=gen2],Rate,0
09/11/2026 05:52:54,System.Runtime,dotnet.gc.collections ({collection} / 1 sec)[gc.heap.generation=gen1],Rate,0
09/11/2026 05:52:54,System.Runtime,dotnet.process.cpu.time (s / 1 sec)[cpu.mode=user],Rate,0.135961
09/11/2026 05:52:54,System.Runtime,dotnet.process.cpu.time (s / 1 sec)[cpu.mode=system],Rate,0.02826400000000001
09/11/2026 05:52:54,System.Runtime,dotnet.process.cpu.count ({cpu}),Metric,15
09/11/2026 05:52:54,System.Runtime,dotnet.gc.pause.time (s / 1 sec),Rate,0
09/11/2026 05:52:54,System.Runtime,dotnet.thread_pool.queue.length ({work_item} / 1 sec),Rate,0
09/11/2026 05:52:54,System.Runtime,dotnet.gc.last_collection.memory.committed_size (By),Metric,0
09/11/2026 05:52:54,System.Runtime,dotnet.gc.last_collection.heap.fragmentation.size (By)[gc.heap.generation=gen0],Metric,0
09/11/2026 05:52:54,System.Runtime,dotnet.gc.last_collection.heap.fragmentation.size (By)[gc.heap.generation=gen2],Metric,0
09/11/2026 05:52:54,System.Runtime,dotnet.gc.last_collection.heap.fragmentation.size (By)[gc.heap.generation=loh],Metric,0
09/11/2026 05:52:54,System.Runtime,dotnet.gc.last_collection.heap.fragmentation.size (By)[gc.heap.generation=gen1],Metric,0
09/11/2026 05:52:54,System.Runtime,dotnet.gc.last_collection.heap.fragmentation.size (By)[gc.heap.generation=poh],Metric,0
09/11/2026 05:52:54,System.Runtime,dotnet.timer.count ({timer}),Metric,3
09/11/2026 05:52:54,System.Runtime,dotnet.assembly.count ({assembly}),Metric,61
09/11/2026 05:52:54,System.Runtime,dotnet.gc.heap.total_allocated (By / 1 sec),Rate,172008
09/11/2026 05:52:54,System.Runtime,dotnet.gc.last_collection.heap.size (By)[gc.heap.generation=gen0],Metric,0
09/11/2026 05:52:54,System.Runtime,dotnet.gc.last_collection.heap.size (By)[gc.heap.generation=gen2],Metric,0
09/11/2026 05:52:54,System.Runtime,dotnet.gc.last_collection.heap.size (By)[gc.heap.generation=loh],Metric,0
09/11/2026 05:52:54,System.Runtime,dotnet.gc.last_collection.heap.size (By)[gc.heap.generation=gen1],Metric,0
09/11/2026 05:52:54,System.Runtime,dotnet.gc.last_collection.heap.size (By)[gc.heap.generation=poh],Metric,0
09/11/2026 05:52:54,System.Runtime,dotnet.thread_pool.work_item.count ({work_item} / 1 sec),Rate,411
09/11/2026 05:52:54,System.Runtime,dotnet.process.memory.working_set (By),Metric,74842112
09/11/2026 05:52:54,System.Runtime,dotnet.thread_pool.thread.count ({thread} / 1 sec),Rate,0
09/11/2026 05:52:54,System.Runtime,dotnet.jit.compilation.time (s / 1 sec),Rate,0.001906299999999972
09/11/2026 05:52:55,System.Runtime,dotnet.jit.compiled_il.size (By / 1 sec),Rate,2867
09/11/2026 05:52:55,System.Runtime,dotnet.jit.compiled_methods ({method} / 1 sec),Rate,20
09/11/2026 05:52:55,System.Runtime,dotnet.monitor.lock_contentions ({contention} / 1 sec),Rate,0
09/11/2026 05:52:55,System.Runtime,dotnet.gc.collections ({collection} / 1 sec)[gc.heap.generation=gen0],Rate,0
09/11/2026 05:52:55,System.Runtime,dotnet.gc.collections ({collection} / 1 sec)[gc.heap.generation=gen2],Rate,0
09/11/2026 05:52:55,System.Runtime,dotnet.gc.collections ({collection} / 1 sec)[gc.heap.generation=gen1],Rate,0
09/11/2026 05:52:55,System.Runtime,dotnet.process.cpu.time (s / 1 sec)[cpu.mode=user],Rate,0.08080199999999982
09/11/2026 05:52:55,System.Runtime,dotnet.process.cpu.time (s / 1 sec)[cpu.mode=system],Rate,0.025401000000000007
09/11/2026 05:52:55,System.Runtime,dotnet.process.cpu.count ({cpu}),Metric,15
09/11/2026 05:52:55,System.Runtime,dotnet.gc.pause.time (s / 1 sec),Rate,0
09/11/2026 05:52:55,System.Runtime,dotnet.thread_pool.queue.length ({work_item} / 1 sec),Rate,0
09/11/2026 05:52:55,System.Runtime,dotnet.gc.last_collection.memory.committed_size (By),Metric,0
09/11/2026 05:52:55,System.Runtime,dotnet.gc.last_collection.heap.fragmentation.size (By)[gc.heap.generation=gen0],Metric,0
09/11/2026 05:52:55,System.Runtime,dotnet.gc.last_collection.heap.fragmentation.size (By)[gc.heap.generation=gen2],Metric,0
09/11/2026 05:52:55,System.Runtime,dotnet.gc.last_collection.heap.fragmentation.size (By)[gc.heap.generation=loh],Metric,0
09/11/2026 05:52:55,System.Runtime,dotnet.gc.last_collection.heap.fragmentation.size (By)[gc.heap.generation=gen1],Metric,0
09/11/2026 05:52:55,System.Runtime,dotnet.gc.last_collection.heap.fragmentation.size (By)[gc.heap.generation=poh],Metric,0
09/11/2026 05:52:55,System.Runtime,dotnet.timer.count ({timer}),Metric,3
09/11/2026 05:52:55,System.Runtime,dotnet.assembly.count ({assembly}),Metric,61
09/11/2026 05:52:55,System.Runtime,dotnet.gc.heap.total_allocated (By / 1 sec),Rate,132056
09/11/2026 05:52:55,System.Runtime,dotnet.gc.last_collection.heap.size (By)[gc.heap.generation=gen0],Metric,0
09/11/2026 05:52:55,System.Runtime,dotnet.gc.last_collection.heap.size (By)[gc.heap.generation=gen2],Metric,0
09/11/2026 05:52:55,System.Runtime,dotnet.gc.last_collection.heap.size (By)[gc.heap.generation=loh],Metric,0
09/11/2026 05:52:55,System.Runtime,dotnet.gc.last_collection.heap.size (By)[gc.heap.generation=gen1],Metric,0
09/11/2026 05:52:55,System.Runtime,dotnet.gc.last_collection.heap.size (By)[gc.heap.generation=poh],Metric,0
09/11/2026 05:52:55,System.Runtime,dotnet.thread_pool.work_item.count ({work_item} / 1 sec),Rate,320
09/11/2026 05:52:55,System.Runtime,dotnet.process.memory.working_set (By),Metric,75005952
09/11/2026 05:52:55,System.Runtime,dotnet.thread_pool.thread.count ({thread} / 1 sec),Rate,0
09/11/2026 05:52:55,System.Runtime,dotnet.jit.compilation.time (s / 1 sec),Rate,0.00695380000000001
09/11/2026 05:52:56,System.Runtime,dotnet.jit.compiled_il.size (By / 1 sec),Rate,5984
09/11/2026 05:52:56,System.Runtime,dotnet.jit.compiled_methods ({method} / 1 sec),Rate,70
09/11/2026 05:52:56,System.Runtime,dotnet.monitor.lock_contentions ({contention} / 1 sec),Rate,0
09/11/2026 05:52:56,System.Runtime,dotnet.gc.collections ({collection} / 1 sec)[gc.heap.generation=gen0],Rate,0
09/11/2026 05:52:56,System.Runtime,dotnet.gc.collections ({collection} / 1 sec)[gc.heap.generation=gen2],Rate,0
09/11/2026 05:52:56,System.Runtime,dotnet.gc.collections ({collection} / 1 sec)[gc.heap.generation=gen1],Rate,0
09/11/2026 05:52:56,System.Runtime,dotnet.process.cpu.time (s / 1 sec)[cpu.mode=user],Rate,0.13795599999999997
09/11/2026 05:52:56,System.Runtime,dotnet.process.cpu.time (s / 1 sec)[cpu.mode=system],Rate,0.026465000000000016
09/11/2026 05:52:56,System.Runtime,dotnet.process.cpu.count ({cpu}),Metric,15
09/11/2026 05:52:56,System.Runtime,dotnet.gc.pause.time (s / 1 sec),Rate,0
09/11/2026 05:52:56,System.Runtime,dotnet.thread_pool.queue.length ({work_item} / 1 sec),Rate,0
09/11/2026 05:52:56,System.Runtime,dotnet.gc.last_collection.memory.committed_size (By),Metric,0
09/11/2026 05:52:56,System.Runtime,dotnet.gc.last_collection.heap.fragmentation.size (By)[gc.heap.generation=gen0],Metric,0
09/11/2026 05:52:56,System.Runtime,dotnet.gc.last_collection.heap.fragmentation.size (By)[gc.heap.generation=gen2],Metric,0
09/11/2026 05:52:56,System.Runtime,dotnet.gc.last_collection.heap.fragmentation.size (By)[gc.heap.generation=loh],Metric,0
09/11/2026 05:52:56,System.Runtime,dotnet.gc.last_collection.heap.fragmentation.size (By)[gc.heap.generation=gen1],Metric,0
09/11/2026 05:52:56,System.Runtime,dotnet.gc.last_collection.heap.fragmentation.size (By)[gc.heap.generation=poh],Metric,0
09/11/2026 05:52:56,System.Runtime,dotnet.timer.count ({timer}),Metric,3
09/11/2026 05:52:56,System.Runtime,dotnet.assembly.count ({assembly}),Metric,61
09/11/2026 05:52:56,System.Runtime,dotnet.gc.heap.total_allocated (By / 1 sec),Rate,163928
09/11/2026 05:52:56,System.Runtime,dotnet.gc.last_collection.heap.size (By)[gc.heap.generation=gen0],Metric,0
09/11/2026 05:52:56,System.Runtime,dotnet.gc.last_collection.heap.size (By)[gc.heap.generation=gen2],Metric,0
09/11/2026 05:52:56,System.Runtime,dotnet.gc.last_collection.heap.size (By)[gc.heap.generation=loh],Metric,0
09/11/2026 05:52:56,System.Runtime,dotnet.gc.last_collection.heap.size (By)[gc.heap.generation=gen1],Metric,0
09/11/2026 05:52:56,System.Runtime,dotnet.gc.last_collection.heap.size (By)[gc.heap.generation=poh],Metric,0
09/11/2026 05:52:56,System.Runtime,dotnet.thread_pool.work_item.count ({work_item} / 1 sec),Rate,378
09/11/2026 05:52:56,System.Runtime,dotnet.process.memory.working_set (By),Metric,75071488
09/11/2026 05:52:56,System.Runtime,dotnet.thread_pool.thread.count ({thread} / 1 sec),Rate,0
09/11/2026 05:52:56,System.Runtime,dotnet.jit.compilation.time (s / 1 sec),Rate,0.018802600000000003
09/11/2026 05:52:57,System.Runtime,dotnet.jit.compiled_il.size (By / 1 sec),Rate,410
09/11/2026 05:52:57,System.Runtime,dotnet.jit.compiled_methods ({method} / 1 sec),Rate,6
09/11/2026 05:52:57,System.Runtime,dotnet.monitor.lock_contentions ({contention} / 1 sec),Rate,1
09/11/2026 05:52:57,System.Runtime,dotnet.gc.collections ({collection} / 1 sec)[gc.heap.generation=gen0],Rate,0
09/11/2026 05:52:57,System.Runtime,dotnet.gc.collections ({collection} / 1 sec)[gc.heap.generation=gen2],Rate,0
09/11/2026 05:52:57,System.Runtime,dotnet.gc.collections ({collection} / 1 sec)[gc.heap.generation=gen1],Rate,0
09/11/2026 05:52:57,System.Runtime,dotnet.process.cpu.time (s / 1 sec)[cpu.mode=user],Rate,0.15034500000000017
09/11/2026 05:52:57,System.Runtime,dotnet.process.cpu.time (s / 1 sec)[cpu.mode=system],Rate,0.022550000000000014
09/11/2026 05:52:57,System.Runtime,dotnet.process.cpu.count ({cpu}),Metric,15
09/11/2026 05:52:57,System.Runtime,dotnet.gc.pause.time (s / 1 sec),Rate,0
09/11/2026 05:52:57,System.Runtime,dotnet.thread_pool.queue.length ({work_item} / 1 sec),Rate,0
09/11/2026 05:52:57,System.Runtime,dotnet.gc.last_collection.memory.committed_size (By),Metric,0
09/11/2026 05:52:57,System.Runtime,dotnet.gc.last_collection.heap.fragmentation.size (By)[gc.heap.generation=gen0],Metric,0
09/11/2026 05:52:57,System.Runtime,dotnet.gc.last_collection.heap.fragmentation.size (By)[gc.heap.generation=gen2],Metric,0
09/11/2026 05:52:57,System.Runtime,dotnet.gc.last_collection.heap.fragmentation.size (By)[gc.heap.generation=loh],Metric,0
09/11/2026 05:52:57,System.Runtime,dotnet.gc.last_collection.heap.fragmentation.size (By)[gc.heap.generation=gen1],Metric,0
09/11/2026 05:52:57,System.Runtime,dotnet.gc.last_collection.heap.fragmentation.size (By)[gc.heap.generation=poh],Metric,0
09/11/2026 05:52:57,System.Runtime,dotnet.timer.count ({timer}),Metric,3
09/11/2026 05:52:57,System.Runtime,dotnet.assembly.count ({assembly}),Metric,61
09/11/2026 05:52:57,System.Runtime,dotnet.gc.heap.total_allocated (By / 1 sec),Rate,172200
09/11/2026 05:52:57,System.Runtime,dotnet.gc.last_collection.heap.size (By)[gc.heap.generation=gen0],Metric,0
09/11/2026 05:52:57,System.Runtime,dotnet.gc.last_collection.heap.size (By)[gc.heap.generation=gen2],Metric,0
09/11/2026 05:52:57,System.Runtime,dotnet.gc.last_collection.heap.size (By)[gc.heap.generation=loh],Metric,0
09/11/2026 05:52:57,System.Runtime,dotnet.gc.last_collection.heap.size (By)[gc.heap.generation=gen1],Metric,0
09/11/2026 05:52:57,System.Runtime,dotnet.gc.last_collection.heap.size (By)[gc.heap.generation=poh],Metric,0
09/11/2026 05:52:57,System.Runtime,dotnet.thread_pool.work_item.count ({work_item} / 1 sec),Rate,403
09/11/2026 05:52:57,System.Runtime,dotnet.process.memory.working_set (By),Metric,75300864
09/11/2026 05:52:57,System.Runtime,dotnet.thread_pool.thread.count ({thread} / 1 sec),Rate,0
09/11/2026 05:52:57,System.Runtime,dotnet.jit.compilation.time (s / 1 sec),Rate,0.0023519999999999652
09/11/2026 05:52:58,System.Runtime,dotnet.jit.compiled_il.size (By / 1 sec),Rate,871
09/11/2026 05:52:58,System.Runtime,dotnet.jit.compiled_methods ({method} / 1 sec),Rate,12
09/11/2026 05:52:58,System.Runtime,dotnet.monitor.lock_contentions ({contention} / 1 sec),Rate,0
09/11/2026 05:52:58,System.Runtime,dotnet.gc.collections ({collection} / 1 sec)[gc.heap.generation=gen0],Rate,0
09/11/2026 05:52:58,System.Runtime,dotnet.gc.collections ({collection} / 1 sec)[gc.heap.generation=gen2],Rate,0
09/11/2026 05:52:58,System.Runtime,dotnet.gc.collections ({collection} / 1 sec)[gc.heap.generation=gen1],Rate,0
09/11/2026 05:52:58,System.Runtime,dotnet.process.cpu.time (s / 1 sec)[cpu.mode=user],Rate,0.144482
09/11/2026 05:52:58,System.Runtime,dotnet.process.cpu.time (s / 1 sec)[cpu.mode=system],Rate,0.02755799999999997
09/11/2026 05:52:58,System.Runtime,dotnet.process.cpu.count ({cpu}),Metric,15
09/11/2026 05:52:58,System.Runtime,dotnet.gc.pause.time (s / 1 sec),Rate,0
09/11/2026 05:52:58,System.Runtime,dotnet.thread_pool.queue.length ({work_item} / 1 sec),Rate,0
09/11/2026 05:52:58,System.Runtime,dotnet.gc.last_collection.memory.committed_size (By),Metric,0
09/11/2026 05:52:58,System.Runtime,dotnet.gc.last_collection.heap.fragmentation.size (By)[gc.heap.generation=gen0],Metric,0
09/11/2026 05:52:58,System.Runtime,dotnet.gc.last_collection.heap.fragmentation.size (By)[gc.heap.generation=gen2],Metric,0
09/11/2026 05:52:58,System.Runtime,dotnet.gc.last_collection.heap.fragmentation.size (By)[gc.heap.generation=loh],Metric,0
09/11/2026 05:52:58,System.Runtime,dotnet.gc.last_collection.heap.fragmentation.size (By)[gc.heap.generation=gen1],Metric,0
09/11/2026 05:52:58,System.Runtime,dotnet.gc.last_collection.heap.fragmentation.size (By)[gc.heap.generation=poh],Metric,0
09/11/2026 05:52:58,System.Runtime,dotnet.timer.count ({timer}),Metric,3
09/11/2026 05:52:58,System.Runtime,dotnet.assembly.count ({assembly}),Metric,61
09/11/2026 05:52:58,System.Runtime,dotnet.gc.heap.total_allocated (By / 1 sec),Rate,171112
09/11/2026 05:52:58,System.Runtime,dotnet.gc.last_collection.heap.size (By)[gc.heap.generation=gen0],Metric,0
09/11/2026 05:52:58,System.Runtime,dotnet.gc.last_collection.heap.size (By)[gc.heap.generation=gen2],Metric,0
09/11/2026 05:52:58,System.Runtime,dotnet.gc.last_collection.heap.size (By)[gc.heap.generation=loh],Metric,0
09/11/2026 05:52:58,System.Runtime,dotnet.gc.last_collection.heap.size (By)[gc.heap.generation=gen1],Metric,0
09/11/2026 05:52:58,System.Runtime,dotnet.gc.last_collection.heap.size (By)[gc.heap.generation=poh],Metric,0
09/11/2026 05:52:58,System.Runtime,dotnet.thread_pool.work_item.count ({work_item} / 1 sec),Rate,405
09/11/2026 05:52:58,System.Runtime,dotnet.process.memory.working_set (By),Metric,75497472
09/11/2026 05:52:58,System.Runtime,dotnet.thread_pool.thread.count ({thread} / 1 sec),Rate,0
09/11/2026 05:52:58,System.Runtime,dotnet.jit.compilation.time (s / 1 sec),Rate,0.003650000000000042
09/11/2026 05:52:59,System.Runtime,dotnet.jit.compiled_il.size (By / 1 sec),Rate,643
09/11/2026 05:52:59,System.Runtime,dotnet.jit.compiled_methods ({method} / 1 sec),Rate,9
09/11/2026 05:52:59,System.Runtime,dotnet.monitor.lock_contentions ({contention} / 1 sec),Rate,1
09/11/2026 05:52:59,System.Runtime,dotnet.gc.collections ({collection} / 1 sec)[gc.heap.generation=gen0],Rate,0
09/11/2026 05:52:59,System.Runtime,dotnet.gc.collections ({collection} / 1 sec)[gc.heap.generation=gen2],Rate,0
09/11/2026 05:52:59,System.Runtime,dotnet.gc.collections ({collection} / 1 sec)[gc.heap.generation=gen1],Rate,0
09/11/2026 05:52:59,System.Runtime,dotnet.process.cpu.time (s / 1 sec)[cpu.mode=user],Rate,0.11199000000000003
09/11/2026 05:52:59,System.Runtime,dotnet.process.cpu.time (s / 1 sec)[cpu.mode=system],Rate,0.027978000000000003
09/11/2026 05:52:59,System.Runtime,dotnet.process.cpu.count ({cpu}),Metric,15
09/11/2026 05:52:59,System.Runtime,dotnet.gc.pause.time (s / 1 sec),Rate,0
09/11/2026 05:52:59,System.Runtime,dotnet.thread_pool.queue.length ({work_item} / 1 sec),Rate,0
09/11/2026 05:52:59,System.Runtime,dotnet.gc.last_collection.memory.committed_size (By),Metric,0
09/11/2026 05:52:59,System.Runtime,dotnet.gc.last_collection.heap.fragmentation.size (By)[gc.heap.generation=gen0],Metric,0
09/11/2026 05:52:59,System.Runtime,dotnet.gc.last_collection.heap.fragmentation.size (By)[gc.heap.generation=gen2],Metric,0
09/11/2026 05:52:59,System.Runtime,dotnet.gc.last_collection.heap.fragmentation.size (By)[gc.heap.generation=loh],Metric,0
09/11/2026 05:52:59,System.Runtime,dotnet.gc.last_collection.heap.fragmentation.size (By)[gc.heap.generation=gen1],Metric,0
09/11/2026 05:52:59,System.Runtime,dotnet.gc.last_collection.heap.fragmentation.size (By)[gc.heap.generation=poh],Metric,0
09/11/2026 05:52:59,System.Runtime,dotnet.timer.count ({timer}),Metric,3
09/11/2026 05:52:59,System.Runtime,dotnet.assembly.count ({assembly}),Metric,61
09/11/2026 05:52:59,System.Runtime,dotnet.gc.heap.total_allocated (By / 1 sec),Rate,147400
09/11/2026 05:52:59,System.Runtime,dotnet.gc.last_collection.heap.size (By)[gc.heap.generation=gen0],Metric,0
09/11/2026 05:52:59,System.Runtime,dotnet.gc.last_collection.heap.size (By)[gc.heap.generation=gen2],Metric,0
09/11/2026 05:52:59,System.Runtime,dotnet.gc.last_collection.heap.size (By)[gc.heap.generation=loh],Metric,0
09/11/2026 05:52:59,System.Runtime,dotnet.gc.last_collection.heap.size (By)[gc.heap.generation=gen1],Metric,0
09/11/2026 05:52:59,System.Runtime,dotnet.gc.last_collection.heap.size (By)[gc.heap.generation=poh],Metric,0
09/11/2026 05:52:59,System.Runtime,dotnet.thread_pool.work_item.count ({work_item} / 1 sec),Rate,382
09/11/2026 05:52:59,System.Runtime,dotnet.process.memory.working_set (By),Metric,75628544
09/11/2026 05:52:59,System.Runtime,dotnet.thread_pool.thread.count ({thread} / 1 sec),Rate,0
09/11/2026 05:52:59,System.Runtime,dotnet.jit.compilation.time (s / 1 sec),Rate,0.002157499999999979
09/11/2026 05:53:00,System.Runtime,dotnet.jit.compiled_il.size (By / 1 sec),Rate,201
09/11/2026 05:53:00,System.Runtime,dotnet.jit.compiled_methods ({method} / 1 sec),Rate,7
09/11/2026 05:53:00,System.Runtime,dotnet.monitor.lock_contentions ({contention} / 1 sec),Rate,0
09/11/2026 05:53:00,System.Runtime,dotnet.gc.collections ({collection} / 1 sec)[gc.heap.generation=gen0],Rate,0
09/11/2026 05:53:00,System.Runtime,dotnet.gc.collections ({collection} / 1 sec)[gc.heap.generation=gen2],Rate,0
09/11/2026 05:53:00,System.Runtime,dotnet.gc.collections ({collection} / 1 sec)[gc.heap.generation=gen1],Rate,0
09/11/2026 05:53:00,System.Runtime,dotnet.process.cpu.time (s / 1 sec)[cpu.mode=user],Rate,0.14094799999999985
09/11/2026 05:53:00,System.Runtime,dotnet.process.cpu.time (s / 1 sec)[cpu.mode=system],Rate,0.026198000000000055
09/11/2026 05:53:00,System.Runtime,dotnet.process.cpu.count ({cpu}),Metric,15
09/11/2026 05:53:00,System.Runtime,dotnet.gc.pause.time (s / 1 sec),Rate,0
09/11/2026 05:53:00,System.Runtime,dotnet.thread_pool.queue.length ({work_item} / 1 sec),Rate,0
09/11/2026 05:53:00,System.Runtime,dotnet.gc.last_collection.memory.committed_size (By),Metric,0
09/11/2026 05:53:00,System.Runtime,dotnet.gc.last_collection.heap.fragmentation.size (By)[gc.heap.generation=gen0],Metric,0
09/11/2026 05:53:00,System.Runtime,dotnet.gc.last_collection.heap.fragmentation.size (By)[gc.heap.generation=gen2],Metric,0
09/11/2026 05:53:00,System.Runtime,dotnet.gc.last_collection.heap.fragmentation.size (By)[gc.heap.generation=loh],Metric,0
09/11/2026 05:53:00,System.Runtime,dotnet.gc.last_collection.heap.fragmentation.size (By)[gc.heap.generation=gen1],Metric,0
09/11/2026 05:53:00,System.Runtime,dotnet.gc.last_collection.heap.fragmentation.size (By)[gc.heap.generation=poh],Metric,0
09/11/2026 05:53:00,System.Runtime,dotnet.timer.count ({timer}),Metric,3
09/11/2026 05:53:00,System.Runtime,dotnet.assembly.count ({assembly}),Metric,61
09/11/2026 05:53:00,System.Runtime,dotnet.gc.heap.total_allocated (By / 1 sec),Rate,172200
09/11/2026 05:53:00,System.Runtime,dotnet.gc.last_collection.heap.size (By)[gc.heap.generation=gen0],Metric,0
09/11/2026 05:53:00,System.Runtime,dotnet.gc.last_collection.heap.size (By)[gc.heap.generation=gen2],Metric,0
09/11/2026 05:53:00,System.Runtime,dotnet.gc.last_collection.heap.size (By)[gc.heap.generation=loh],Metric,0
09/11/2026 05:53:00,System.Runtime,dotnet.gc.last_collection.heap.size (By)[gc.heap.generation=gen1],Metric,0
09/11/2026 05:53:00,System.Runtime,dotnet.gc.last_collection.heap.size (By)[gc.heap.generation=poh],Metric,0
09/11/2026 05:53:00,System.Runtime,dotnet.thread_pool.work_item.count ({work_item} / 1 sec),Rate,408
09/11/2026 05:53:00,System.Runtime,dotnet.process.memory.working_set (By),Metric,75857920
09/11/2026 05:53:00,System.Runtime,dotnet.thread_pool.thread.count ({thread} / 1 sec),Rate,0
09/11/2026 05:53:00,System.Runtime,dotnet.jit.compilation.time (s / 1 sec),Rate,0.0016881000000000257
09/11/2026 05:53:01,System.Runtime,dotnet.jit.compiled_il.size (By / 1 sec),Rate,899
09/11/2026 05:53:01,System.Runtime,dotnet.jit.compiled_methods ({method} / 1 sec),Rate,24
09/11/2026 05:53:01,System.Runtime,dotnet.monitor.lock_contentions ({contention} / 1 sec),Rate,0
09/11/2026 05:53:01,System.Runtime,dotnet.gc.collections ({collection} / 1 sec)[gc.heap.generation=gen0],Rate,0
09/11/2026 05:53:01,System.Runtime,dotnet.gc.collections ({collection} / 1 sec)[gc.heap.generation=gen2],Rate,0
09/11/2026 05:53:01,System.Runtime,dotnet.gc.collections ({collection} / 1 sec)[gc.heap.generation=gen1],Rate,0
09/11/2026 05:53:01,System.Runtime,dotnet.process.cpu.time (s / 1 sec)[cpu.mode=user],Rate,0.1587620000000003
09/11/2026 05:53:01,System.Runtime,dotnet.process.cpu.time (s / 1 sec)[cpu.mode=system],Rate,0.04233699999999996
09/11/2026 05:53:01,System.Runtime,dotnet.process.cpu.count ({cpu}),Metric,15
09/11/2026 05:53:01,System.Runtime,dotnet.gc.pause.time (s / 1 sec),Rate,0
09/11/2026 05:53:01,System.Runtime,dotnet.thread_pool.queue.length ({work_item} / 1 sec),Rate,0
09/11/2026 05:53:01,System.Runtime,dotnet.gc.last_collection.memory.committed_size (By),Metric,0
09/11/2026 05:53:01,System.Runtime,dotnet.gc.last_collection.heap.fragmentation.size (By)[gc.heap.generation=gen0],Metric,0
09/11/2026 05:53:01,System.Runtime,dotnet.gc.last_collection.heap.fragmentation.size (By)[gc.heap.generation=gen2],Metric,0
09/11/2026 05:53:01,System.Runtime,dotnet.gc.last_collection.heap.fragmentation.size (By)[gc.heap.generation=loh],Metric,0
09/11/2026 05:53:01,System.Runtime,dotnet.gc.last_collection.heap.fragmentation.size (By)[gc.heap.generation=gen1],Metric,0
09/11/2026 05:53:01,System.Runtime,dotnet.gc.last_collection.heap.fragmentation.size (By)[gc.heap.generation=poh],Metric,0
09/11/2026 05:53:01,System.Runtime,dotnet.timer.count ({timer}),Metric,3
09/11/2026 05:53:01,System.Runtime,dotnet.assembly.count ({assembly}),Metric,61
09/11/2026 05:53:01,System.Runtime,dotnet.gc.heap.total_allocated (By / 1 sec),Rate,180416
09/11/2026 05:53:01,System.Runtime,dotnet.gc.last_collection.heap.size (By)[gc.heap.generation=gen0],Metric,0
09/11/2026 05:53:01,System.Runtime,dotnet.gc.last_collection.heap.size (By)[gc.heap.generation=gen2],Metric,0
09/11/2026 05:53:01,System.Runtime,dotnet.gc.last_collection.heap.size (By)[gc.heap.generation=loh],Metric,0
09/11/2026 05:53:01,System.Runtime,dotnet.gc.last_collection.heap.size (By)[gc.heap.generation=gen1],Metric,0
09/11/2026 05:53:01,System.Runtime,dotnet.gc.last_collection.heap.size (By)[gc.heap.generation=poh],Metric,0
09/11/2026 05:53:01,System.Runtime,dotnet.thread_pool.work_item.count ({work_item} / 1 sec),Rate,404
09/11/2026 05:53:01,System.Runtime,dotnet.process.memory.working_set (By),Metric,76087296
09/11/2026 05:53:01,System.Runtime,dotnet.thread_pool.thread.count ({thread} / 1 sec),Rate,0
09/11/2026 05:53:01,System.Runtime,dotnet.jit.compilation.time (s / 1 sec),Rate,0.010023899999999974
09/11/2026 05:53:02,System.Runtime,dotnet.jit.compiled_il.size (By / 1 sec),Rate,44
09/11/2026 05:53:02,System.Runtime,dotnet.jit.compiled_methods ({method} / 1 sec),Rate,2
09/11/2026 05:53:02,System.Runtime,dotnet.monitor.lock_contentions ({contention} / 1 sec),Rate,0
09/11/2026 05:53:02,System.Runtime,dotnet.gc.collections ({collection} / 1 sec)[gc.heap.generation=gen0],Rate,0
09/11/2026 05:53:02,System.Runtime,dotnet.gc.collections ({collection} / 1 sec)[gc.heap.generation=gen2],Rate,0
09/11/2026 05:53:02,System.Runtime,dotnet.gc.collections ({collection} / 1 sec)[gc.heap.generation=gen1],Rate,0
09/11/2026 05:53:02,System.Runtime,dotnet.process.cpu.time (s / 1 sec)[cpu.mode=user],Rate,0.14814599999999967
09/11/2026 05:53:02,System.Runtime,dotnet.process.cpu.time (s / 1 sec)[cpu.mode=system],Rate,0.02598199999999995
09/11/2026 05:53:02,System.Runtime,dotnet.process.cpu.count ({cpu}),Metric,15
09/11/2026 05:53:02,System.Runtime,dotnet.gc.pause.time (s / 1 sec),Rate,0
09/11/2026 05:53:02,System.Runtime,dotnet.thread_pool.queue.length ({work_item} / 1 sec),Rate,0
09/11/2026 05:53:02,System.Runtime,dotnet.gc.last_collection.memory.committed_size (By),Metric,0
09/11/2026 05:53:02,System.Runtime,dotnet.gc.last_collection.heap.fragmentation.size (By)[gc.heap.generation=gen0],Metric,0
09/11/2026 05:53:02,System.Runtime,dotnet.gc.last_collection.heap.fragmentation.size (By)[gc.heap.generation=gen2],Metric,0
09/11/2026 05:53:02,System.Runtime,dotnet.gc.last_collection.heap.fragmentation.size (By)[gc.heap.generation=loh],Metric,0
09/11/2026 05:53:02,System.Runtime,dotnet.gc.last_collection.heap.fragmentation.size (By)[gc.heap.generation=gen1],Metric,0
09/11/2026 05:53:02,System.Runtime,dotnet.gc.last_collection.heap.fragmentation.size (By)[gc.heap.generation=poh],Metric,0
09/11/2026 05:53:02,System.Runtime,dotnet.timer.count ({timer}),Metric,3
09/11/2026 05:53:02,System.Runtime,dotnet.assembly.count ({assembly}),Metric,61
09/11/2026 05:53:02,System.Runtime,dotnet.gc.heap.total_allocated (By / 1 sec),Rate,154776
09/11/2026 05:53:02,System.Runtime,dotnet.gc.last_collection.heap.size (By)[gc.heap.generation=gen0],Metric,0
09/11/2026 05:53:02,System.Runtime,dotnet.gc.last_collection.heap.size (By)[gc.heap.generation=gen2],Metric,0
09/11/2026 05:53:02,System.Runtime,dotnet.gc.last_collection.heap.size (By)[gc.heap.generation=loh],Metric,0
09/11/2026 05:53:02,System.Runtime,dotnet.gc.last_collection.heap.size (By)[gc.heap.generation=gen1],Metric,0
09/11/2026 05:53:02,System.Runtime,dotnet.gc.last_collection.heap.size (By)[gc.heap.generation=poh],Metric,0
09/11/2026 05:53:02,System.Runtime,dotnet.thread_pool.work_item.count ({work_item} / 1 sec),Rate,404
09/11/2026 05:53:02,System.Runtime,dotnet.process.memory.working_set (By),Metric,76283904
09/11/2026 05:53:02,System.Runtime,dotnet.thread_pool.thread.count ({thread} / 1 sec),Rate,0
09/11/2026 05:53:02,System.Runtime,dotnet.jit.compilation.time (s / 1 sec),Rate,0.00040810000000002233
09/11/2026 05:53:03,System.Runtime,dotnet.jit.compiled_il.size (By / 1 sec),Rate,1049
09/11/2026 05:53:03,System.Runtime,dotnet.jit.compiled_methods ({method} / 1 sec),Rate,13
09/11/2026 05:53:03,System.Runtime,dotnet.monitor.lock_contentions ({contention} / 1 sec),Rate,1
09/11/2026 05:53:03,System.Runtime,dotnet.gc.collections ({collection} / 1 sec)[gc.heap.generation=gen0],Rate,0
09/11/2026 05:53:03,System.Runtime,dotnet.gc.collections ({collection} / 1 sec)[gc.heap.generation=gen2],Rate,0
09/11/2026 05:53:03,System.Runtime,dotnet.gc.collections ({collection} / 1 sec)[gc.heap.generation=gen1],Rate,0
09/11/2026 05:53:03,System.Runtime,dotnet.process.cpu.time (s / 1 sec)[cpu.mode=user],Rate,0.14411200000000024
09/11/2026 05:53:03,System.Runtime,dotnet.process.cpu.time (s / 1 sec)[cpu.mode=system],Rate,0.024109000000000047
09/11/2026 05:53:03,System.Runtime,dotnet.process.cpu.count ({cpu}),Metric,15
09/11/2026 05:53:03,System.Runtime,dotnet.gc.pause.time (s / 1 sec),Rate,0
09/11/2026 05:53:03,System.Runtime,dotnet.thread_pool.queue.length ({work_item} / 1 sec),Rate,0
09/11/2026 05:53:03,System.Runtime,dotnet.gc.last_collection.memory.committed_size (By),Metric,0
09/11/2026 05:53:03,System.Runtime,dotnet.gc.last_collection.heap.fragmentation.size (By)[gc.heap.generation=gen0],Metric,0
09/11/2026 05:53:03,System.Runtime,dotnet.gc.last_collection.heap.fragmentation.size (By)[gc.heap.generation=gen2],Metric,0
09/11/2026 05:53:03,System.Runtime,dotnet.gc.last_collection.heap.fragmentation.size (By)[gc.heap.generation=loh],Metric,0
09/11/2026 05:53:03,System.Runtime,dotnet.gc.last_collection.heap.fragmentation.size (By)[gc.heap.generation=gen1],Metric,0
09/11/2026 05:53:03,System.Runtime,dotnet.gc.last_collection.heap.fragmentation.size (By)[gc.heap.generation=poh],Metric,0
09/11/2026 05:53:03,System.Runtime,dotnet.timer.count ({timer}),Metric,3
09/11/2026 05:53:03,System.Runtime,dotnet.assembly.count ({assembly}),Metric,61
09/11/2026 05:53:03,System.Runtime,dotnet.gc.heap.total_allocated (By / 1 sec),Rate,172200
09/11/2026 05:53:03,System.Runtime,dotnet.gc.last_collection.heap.size (By)[gc.heap.generation=gen0],Metric,0
09/11/2026 05:53:03,System.Runtime,dotnet.gc.last_collection.heap.size (By)[gc.heap.generation=gen2],Metric,0
09/11/2026 05:53:03,System.Runtime,dotnet.gc.last_collection.heap.size (By)[gc.heap.generation=loh],Metric,0
09/11/2026 05:53:03,System.Runtime,dotnet.gc.last_collection.heap.size (By)[gc.heap.generation=gen1],Metric,0
09/11/2026 05:53:03,System.Runtime,dotnet.gc.last_collection.heap.size (By)[gc.heap.generation=poh],Metric,0
09/11/2026 05:53:03,System.Runtime,dotnet.thread_pool.work_item.count ({work_item} / 1 sec),Rate,404
09/11/2026 05:53:03,System.Runtime,dotnet.process.memory.working_set (By),Metric,76513280
09/11/2026 05:53:03,System.Runtime,dotnet.thread_pool.thread.count ({thread} / 1 sec),Rate,0
09/11/2026 05:53:03,System.Runtime,dotnet.jit.compilation.time (s / 1 sec),Rate,0.0036752999999999925
09/11/2026 05:53:04,System.Runtime,dotnet.jit.compiled_il.size (By / 1 sec),Rate,930
09/11/2026 05:53:04,System.Runtime,dotnet.jit.compiled_methods ({method} / 1 sec),Rate,11
09/11/2026 05:53:04,System.Runtime,dotnet.monitor.lock_contentions ({contention} / 1 sec),Rate,1
09/11/2026 05:53:04,System.Runtime,dotnet.gc.collections ({collection} / 1 sec)[gc.heap.generation=gen0],Rate,0
09/11/2026 05:53:04,System.Runtime,dotnet.gc.collections ({collection} / 1 sec)[gc.heap.generation=gen2],Rate,0
09/11/2026 05:53:04,System.Runtime,dotnet.gc.collections ({collection} / 1 sec)[gc.heap.generation=gen1],Rate,0
09/11/2026 05:53:04,System.Runtime,dotnet.process.cpu.time (s / 1 sec)[cpu.mode=user],Rate,0.1447099999999999
09/11/2026 05:53:04,System.Runtime,dotnet.process.cpu.time (s / 1 sec)[cpu.mode=system],Rate,0.025374000000000008
09/11/2026 05:53:04,System.Runtime,dotnet.process.cpu.count ({cpu}),Metric,15
09/11/2026 05:53:04,System.Runtime,dotnet.gc.pause.time (s / 1 sec),Rate,0
09/11/2026 05:53:04,System.Runtime,dotnet.thread_pool.queue.length ({work_item} / 1 sec),Rate,0
09/11/2026 05:53:04,System.Runtime,dotnet.gc.last_collection.memory.committed_size (By),Metric,0
09/11/2026 05:53:04,System.Runtime,dotnet.gc.last_collection.heap.fragmentation.size (By)[gc.heap.generation=gen0],Metric,0
09/11/2026 05:53:04,System.Runtime,dotnet.gc.last_collection.heap.fragmentation.size (By)[gc.heap.generation=gen2],Metric,0
09/11/2026 05:53:04,System.Runtime,dotnet.gc.last_collection.heap.fragmentation.size (By)[gc.heap.generation=loh],Metric,0
09/11/2026 05:53:04,System.Runtime,dotnet.gc.last_collection.heap.fragmentation.size (By)[gc.heap.generation=gen1],Metric,0
09/11/2026 05:53:04,System.Runtime,dotnet.gc.last_collection.heap.fragmentation.size (By)[gc.heap.generation=poh],Metric,0
09/11/2026 05:53:04,System.Runtime,dotnet.timer.count ({timer}),Metric,3
09/11/2026 05:53:04,System.Runtime,dotnet.assembly.count ({assembly}),Metric,61
09/11/2026 05:53:04,System.Runtime,dotnet.gc.heap.total_allocated (By / 1 sec),Rate,162856
09/11/2026 05:53:04,System.Runtime,dotnet.gc.last_collection.heap.size (By)[gc.heap.generation=gen0],Metric,0
09/11/2026 05:53:04,System.Runtime,dotnet.gc.last_collection.heap.size (By)[gc.heap.generation=gen2],Metric,0
09/11/2026 05:53:04,System.Runtime,dotnet.gc.last_collection.heap.size (By)[gc.heap.generation=loh],Metric,0
09/11/2026 05:53:04,System.Runtime,dotnet.gc.last_collection.heap.size (By)[gc.heap.generation=gen1],Metric,0
09/11/2026 05:53:04,System.Runtime,dotnet.gc.last_collection.heap.size (By)[gc.heap.generation=poh],Metric,0
09/11/2026 05:53:04,System.Runtime,dotnet.thread_pool.work_item.count ({work_item} / 1 sec),Rate,404
09/11/2026 05:53:04,System.Runtime,dotnet.process.memory.working_set (By),Metric,76709888
09/11/2026 05:53:04,System.Runtime,dotnet.thread_pool.thread.count ({thread} / 1 sec),Rate,0
09/11/2026 05:53:04,System.Runtime,dotnet.jit.compilation.time (s / 1 sec),Rate,0.0034058000000000144
09/11/2026 05:53:05,System.Runtime,dotnet.jit.compiled_il.size (By / 1 sec),Rate,16
09/11/2026 05:53:05,System.Runtime,dotnet.jit.compiled_methods ({method} / 1 sec),Rate,2
09/11/2026 05:53:05,System.Runtime,dotnet.monitor.lock_contentions ({contention} / 1 sec),Rate,0
09/11/2026 05:53:05,System.Runtime,dotnet.gc.collections ({collection} / 1 sec)[gc.heap.generation=gen0],Rate,0
09/11/2026 05:53:05,System.Runtime,dotnet.gc.collections ({collection} / 1 sec)[gc.heap.generation=gen2],Rate,0
09/11/2026 05:53:05,System.Runtime,dotnet.gc.collections ({collection} / 1 sec)[gc.heap.generation=gen1],Rate,0
09/11/2026 05:53:05,System.Runtime,dotnet.process.cpu.time (s / 1 sec)[cpu.mode=user],Rate,0.15382499999999988
09/11/2026 05:53:05,System.Runtime,dotnet.process.cpu.time (s / 1 sec)[cpu.mode=system],Rate,0.029000999999999943
09/11/2026 05:53:05,System.Runtime,dotnet.process.cpu.count ({cpu}),Metric,15
09/11/2026 05:53:05,System.Runtime,dotnet.gc.pause.time (s / 1 sec),Rate,0
09/11/2026 05:53:05,System.Runtime,dotnet.thread_pool.queue.length ({work_item} / 1 sec),Rate,0
09/11/2026 05:53:05,System.Runtime,dotnet.gc.last_collection.memory.committed_size (By),Metric,0
09/11/2026 05:53:05,System.Runtime,dotnet.gc.last_collection.heap.fragmentation.size (By)[gc.heap.generation=gen0],Metric,0
09/11/2026 05:53:05,System.Runtime,dotnet.gc.last_collection.heap.fragmentation.size (By)[gc.heap.generation=gen2],Metric,0
09/11/2026 05:53:05,System.Runtime,dotnet.gc.last_collection.heap.fragmentation.size (By)[gc.heap.generation=loh],Metric,0
09/11/2026 05:53:05,System.Runtime,dotnet.gc.last_collection.heap.fragmentation.size (By)[gc.heap.generation=gen1],Metric,0
09/11/2026 05:53:05,System.Runtime,dotnet.gc.last_collection.heap.fragmentation.size (By)[gc.heap.generation=poh],Metric,0
09/11/2026 05:53:05,System.Runtime,dotnet.timer.count ({timer}),Metric,3
09/11/2026 05:53:05,System.Runtime,dotnet.assembly.count ({assembly}),Metric,61
09/11/2026 05:53:05,System.Runtime,dotnet.gc.heap.total_allocated (By / 1 sec),Rate,155800
09/11/2026 05:53:05,System.Runtime,dotnet.gc.last_collection.heap.size (By)[gc.heap.generation=gen0],Metric,0
09/11/2026 05:53:05,System.Runtime,dotnet.gc.last_collection.heap.size (By)[gc.heap.generation=gen2],Metric,0
09/11/2026 05:53:05,System.Runtime,dotnet.gc.last_collection.heap.size (By)[gc.heap.generation=loh],Metric,0
09/11/2026 05:53:05,System.Runtime,dotnet.gc.last_collection.heap.size (By)[gc.heap.generation=gen1],Metric,0
09/11/2026 05:53:05,System.Runtime,dotnet.gc.last_collection.heap.size (By)[gc.heap.generation=poh],Metric,0
09/11/2026 05:53:05,System.Runtime,dotnet.thread_pool.work_item.count ({work_item} / 1 sec),Rate,406
09/11/2026 05:53:05,System.Runtime,dotnet.process.memory.working_set (By),Metric,76873728
09/11/2026 05:53:05,System.Runtime,dotnet.thread_pool.thread.count ({thread} / 1 sec),Rate,0
09/11/2026 05:53:05,System.Runtime,dotnet.jit.compilation.time (s / 1 sec),Rate,0.0009877999999999831
09/11/2026 05:53:06,System.Runtime,dotnet.jit.compiled_il.size (By / 1 sec),Rate,156
09/11/2026 05:53:06,System.Runtime,dotnet.jit.compiled_methods ({method} / 1 sec),Rate,3
09/11/2026 05:53:06,System.Runtime,dotnet.monitor.lock_contentions ({contention} / 1 sec),Rate,1
09/11/2026 05:53:06,System.Runtime,dotnet.gc.collections ({collection} / 1 sec)[gc.heap.generation=gen0],Rate,0
09/11/2026 05:53:06,System.Runtime,dotnet.gc.collections ({collection} / 1 sec)[gc.heap.generation=gen2],Rate,0
09/11/2026 05:53:06,System.Runtime,dotnet.gc.collections ({collection} / 1 sec)[gc.heap.generation=gen1],Rate,0
09/11/2026 05:53:06,System.Runtime,dotnet.process.cpu.time (s / 1 sec)[cpu.mode=user],Rate,0.1603270000000001
09/11/2026 05:53:06,System.Runtime,dotnet.process.cpu.time (s / 1 sec)[cpu.mode=system],Rate,0.03473800000000005
09/11/2026 05:53:06,System.Runtime,dotnet.process.cpu.count ({cpu}),Metric,15
09/11/2026 05:53:06,System.Runtime,dotnet.gc.pause.time (s / 1 sec),Rate,0
09/11/2026 05:53:06,System.Runtime,dotnet.thread_pool.queue.length ({work_item} / 1 sec),Rate,0
09/11/2026 05:53:06,System.Runtime,dotnet.gc.last_collection.memory.committed_size (By),Metric,0
09/11/2026 05:53:06,System.Runtime,dotnet.gc.last_collection.heap.fragmentation.size (By)[gc.heap.generation=gen0],Metric,0
09/11/2026 05:53:06,System.Runtime,dotnet.gc.last_collection.heap.fragmentation.size (By)[gc.heap.generation=gen2],Metric,0
09/11/2026 05:53:06,System.Runtime,dotnet.gc.last_collection.heap.fragmentation.size (By)[gc.heap.generation=loh],Metric,0
09/11/2026 05:53:06,System.Runtime,dotnet.gc.last_collection.heap.fragmentation.size (By)[gc.heap.generation=gen1],Metric,0
09/11/2026 05:53:06,System.Runtime,dotnet.gc.last_collection.heap.fragmentation.size (By)[gc.heap.generation=poh],Metric,0
09/11/2026 05:53:06,System.Runtime,dotnet.timer.count ({timer}),Metric,3
09/11/2026 05:53:06,System.Runtime,dotnet.assembly.count ({assembly}),Metric,61
09/11/2026 05:53:06,System.Runtime,dotnet.gc.heap.total_allocated (By / 1 sec),Rate,191152
09/11/2026 05:53:06,System.Runtime,dotnet.gc.last_collection.heap.size (By)[gc.heap.generation=gen0],Metric,0
09/11/2026 05:53:06,System.Runtime,dotnet.gc.last_collection.heap.size (By)[gc.heap.generation=gen2],Metric,0
09/11/2026 05:53:06,System.Runtime,dotnet.gc.last_collection.heap.size (By)[gc.heap.generation=loh],Metric,0
09/11/2026 05:53:06,System.Runtime,dotnet.gc.last_collection.heap.size (By)[gc.heap.generation=gen1],Metric,0
09/11/2026 05:53:06,System.Runtime,dotnet.gc.last_collection.heap.size (By)[gc.heap.generation=poh],Metric,0
09/11/2026 05:53:06,System.Runtime,dotnet.thread_pool.work_item.count ({work_item} / 1 sec),Rate,497
09/11/2026 05:53:06,System.Runtime,dotnet.process.memory.working_set (By),Metric,77103104
09/11/2026 05:53:06,System.Runtime,dotnet.thread_pool.thread.count ({thread} / 1 sec),Rate,0
09/11/2026 05:53:06,System.Runtime,dotnet.jit.compilation.time (s / 1 sec),Rate,0.0011025000000000063
09/11/2026 05:53:07,System.Runtime,dotnet.jit.compiled_il.size (By / 1 sec),Rate,0
09/11/2026 05:53:07,System.Runtime,dotnet.jit.compiled_methods ({method} / 1 sec),Rate,0
09/11/2026 05:53:07,System.Runtime,dotnet.monitor.lock_contentions ({contention} / 1 sec),Rate,1
09/11/2026 05:53:07,System.Runtime,dotnet.gc.collections ({collection} / 1 sec)[gc.heap.generation=gen0],Rate,0
09/11/2026 05:53:07,System.Runtime,dotnet.gc.collections ({collection} / 1 sec)[gc.heap.generation=gen2],Rate,0
09/11/2026 05:53:07,System.Runtime,dotnet.gc.collections ({collection} / 1 sec)[gc.heap.generation=gen1],Rate,0
09/11/2026 05:53:07,System.Runtime,dotnet.process.cpu.time (s / 1 sec)[cpu.mode=user],Rate,0.15277399999999997
09/11/2026 05:53:07,System.Runtime,dotnet.process.cpu.time (s / 1 sec)[cpu.mode=system],Rate,0.02743300000000004
09/11/2026 05:53:07,System.Runtime,dotnet.process.cpu.count ({cpu}),Metric,15
09/11/2026 05:53:07,System.Runtime,dotnet.gc.pause.time (s / 1 sec),Rate,0
09/11/2026 05:53:07,System.Runtime,dotnet.thread_pool.queue.length ({work_item} / 1 sec),Rate,0
09/11/2026 05:53:07,System.Runtime,dotnet.gc.last_collection.memory.committed_size (By),Metric,0
09/11/2026 05:53:07,System.Runtime,dotnet.gc.last_collection.heap.fragmentation.size (By)[gc.heap.generation=gen0],Metric,0
09/11/2026 05:53:07,System.Runtime,dotnet.gc.last_collection.heap.fragmentation.size (By)[gc.heap.generation=gen2],Metric,0
09/11/2026 05:53:07,System.Runtime,dotnet.gc.last_collection.heap.fragmentation.size (By)[gc.heap.generation=loh],Metric,0
09/11/2026 05:53:07,System.Runtime,dotnet.gc.last_collection.heap.fragmentation.size (By)[gc.heap.generation=gen1],Metric,0
09/11/2026 05:53:07,System.Runtime,dotnet.gc.last_collection.heap.fragmentation.size (By)[gc.heap.generation=poh],Metric,0
09/11/2026 05:53:07,System.Runtime,dotnet.timer.count ({timer}),Metric,3
09/11/2026 05:53:07,System.Runtime,dotnet.assembly.count ({assembly}),Metric,61
09/11/2026 05:53:07,System.Runtime,dotnet.gc.heap.total_allocated (By / 1 sec),Rate,180272
09/11/2026 05:53:07,System.Runtime,dotnet.gc.last_collection.heap.size (By)[gc.heap.generation=gen0],Metric,0
09/11/2026 05:53:07,System.Runtime,dotnet.gc.last_collection.heap.size (By)[gc.heap.generation=gen2],Metric,0
09/11/2026 05:53:07,System.Runtime,dotnet.gc.last_collection.heap.size (By)[gc.heap.generation=loh],Metric,0
09/11/2026 05:53:07,System.Runtime,dotnet.gc.last_collection.heap.size (By)[gc.heap.generation=gen1],Metric,0
09/11/2026 05:53:07,System.Runtime,dotnet.gc.last_collection.heap.size (By)[gc.heap.generation=poh],Metric,0
09/11/2026 05:53:07,System.Runtime,dotnet.thread_pool.work_item.count ({work_item} / 1 sec),Rate,409
09/11/2026 05:53:07,System.Runtime,dotnet.process.memory.working_set (By),Metric,77283328
09/11/2026 05:53:07,System.Runtime,dotnet.thread_pool.thread.count ({thread} / 1 sec),Rate,0
09/11/2026 05:53:07,System.Runtime,dotnet.jit.compilation.time (s / 1 sec),Rate,0
09/11/2026 05:53:08,System.Runtime,dotnet.jit.compiled_il.size (By / 1 sec),Rate,376
09/11/2026 05:53:08,System.Runtime,dotnet.jit.compiled_methods ({method} / 1 sec),Rate,7
09/11/2026 05:53:08,System.Runtime,dotnet.monitor.lock_contentions ({contention} / 1 sec),Rate,0
09/11/2026 05:53:08,System.Runtime,dotnet.gc.collections ({collection} / 1 sec)[gc.heap.generation=gen0],Rate,0
09/11/2026 05:53:08,System.Runtime,dotnet.gc.collections ({collection} / 1 sec)[gc.heap.generation=gen2],Rate,0
09/11/2026 05:53:08,System.Runtime,dotnet.gc.collections ({collection} / 1 sec)[gc.heap.generation=gen1],Rate,0
09/11/2026 05:53:08,System.Runtime,dotnet.process.cpu.time (s / 1 sec)[cpu.mode=user],Rate,0.15311400000000042
09/11/2026 05:53:08,System.Runtime,dotnet.process.cpu.time (s / 1 sec)[cpu.mode=system],Rate,0.02454299999999998
09/11/2026 05:53:08,System.Runtime,dotnet.process.cpu.count ({cpu}),Metric,15
09/11/2026 05:53:08,System.Runtime,dotnet.gc.pause.time (s / 1 sec),Rate,0
09/11/2026 05:53:08,System.Runtime,dotnet.thread_pool.queue.length ({work_item} / 1 sec),Rate,0
09/11/2026 05:53:08,System.Runtime,dotnet.gc.last_collection.memory.committed_size (By),Metric,0
09/11/2026 05:53:08,System.Runtime,dotnet.gc.last_collection.heap.fragmentation.size (By)[gc.heap.generation=gen0],Metric,0
09/11/2026 05:53:08,System.Runtime,dotnet.gc.last_collection.heap.fragmentation.size (By)[gc.heap.generation=gen2],Metric,0
09/11/2026 05:53:08,System.Runtime,dotnet.gc.last_collection.heap.fragmentation.size (By)[gc.heap.generation=loh],Metric,0
09/11/2026 05:53:08,System.Runtime,dotnet.gc.last_collection.heap.fragmentation.size (By)[gc.heap.generation=gen1],Metric,0
09/11/2026 05:53:08,System.Runtime,dotnet.gc.last_collection.heap.fragmentation.size (By)[gc.heap.generation=poh],Metric,0
09/11/2026 05:53:08,System.Runtime,dotnet.timer.count ({timer}),Metric,3
09/11/2026 05:53:08,System.Runtime,dotnet.assembly.count ({assembly}),Metric,61
09/11/2026 05:53:08,System.Runtime,dotnet.gc.heap.total_allocated (By / 1 sec),Rate,154776
09/11/2026 05:53:08,System.Runtime,dotnet.gc.last_collection.heap.size (By)[gc.heap.generation=gen0],Metric,0
09/11/2026 05:53:08,System.Runtime,dotnet.gc.last_collection.heap.size (By)[gc.heap.generation=gen2],Metric,0
09/11/2026 05:53:08,System.Runtime,dotnet.gc.last_collection.heap.size (By)[gc.heap.generation=loh],Metric,0
09/11/2026 05:53:08,System.Runtime,dotnet.gc.last_collection.heap.size (By)[gc.heap.generation=gen1],Metric,0
09/11/2026 05:53:08,System.Runtime,dotnet.gc.last_collection.heap.size (By)[gc.heap.generation=poh],Metric,0
09/11/2026 05:53:08,System.Runtime,dotnet.thread_pool.work_item.count ({work_item} / 1 sec),Rate,403
09/11/2026 05:53:08,System.Runtime,dotnet.process.memory.working_set (By),Metric,77479936
09/11/2026 05:53:08,System.Runtime,dotnet.thread_pool.thread.count ({thread} / 1 sec),Rate,0
09/11/2026 05:53:08,System.Runtime,dotnet.jit.compilation.time (s / 1 sec),Rate,0.0052701
09/11/2026 05:53:09,System.Runtime,dotnet.jit.compiled_il.size (By / 1 sec),Rate,10
09/11/2026 05:53:09,System.Runtime,dotnet.jit.compiled_methods ({method} / 1 sec),Rate,1
09/11/2026 05:53:09,System.Runtime,dotnet.monitor.lock_contentions ({contention} / 1 sec),Rate,1
09/11/2026 05:53:09,System.Runtime,dotnet.gc.collections ({collection} / 1 sec)[gc.heap.generation=gen0],Rate,0
09/11/2026 05:53:09,System.Runtime,dotnet.gc.collections ({collection} / 1 sec)[gc.heap.generation=gen2],Rate,0
09/11/2026 05:53:09,System.Runtime,dotnet.gc.collections ({collection} / 1 sec)[gc.heap.generation=gen1],Rate,0
09/11/2026 05:53:09,System.Runtime,dotnet.process.cpu.time (s / 1 sec)[cpu.mode=user],Rate,0.1463139999999994
09/11/2026 05:53:09,System.Runtime,dotnet.process.cpu.time (s / 1 sec)[cpu.mode=system],Rate,0.02956700000000001
09/11/2026 05:53:09,System.Runtime,dotnet.process.cpu.count ({cpu}),Metric,15
09/11/2026 05:53:09,System.Runtime,dotnet.gc.pause.time (s / 1 sec),Rate,0
09/11/2026 05:53:09,System.Runtime,dotnet.thread_pool.queue.length ({work_item} / 1 sec),Rate,0
09/11/2026 05:53:09,System.Runtime,dotnet.gc.last_collection.memory.committed_size (By),Metric,0
09/11/2026 05:53:09,System.Runtime,dotnet.gc.last_collection.heap.fragmentation.size (By)[gc.heap.generation=gen0],Metric,0
09/11/2026 05:53:09,System.Runtime,dotnet.gc.last_collection.heap.fragmentation.size (By)[gc.heap.generation=gen2],Metric,0
09/11/2026 05:53:09,System.Runtime,dotnet.gc.last_collection.heap.fragmentation.size (By)[gc.heap.generation=loh],Metric,0
09/11/2026 05:53:09,System.Runtime,dotnet.gc.last_collection.heap.fragmentation.size (By)[gc.heap.generation=gen1],Metric,0
09/11/2026 05:53:09,System.Runtime,dotnet.gc.last_collection.heap.fragmentation.size (By)[gc.heap.generation=poh],Metric,0
09/11/2026 05:53:09,System.Runtime,dotnet.timer.count ({timer}),Metric,3
09/11/2026 05:53:09,System.Runtime,dotnet.assembly.count ({assembly}),Metric,61
09/11/2026 05:53:09,System.Runtime,dotnet.gc.heap.total_allocated (By / 1 sec),Rate,172176
09/11/2026 05:53:09,System.Runtime,dotnet.gc.last_collection.heap.size (By)[gc.heap.generation=gen0],Metric,0
09/11/2026 05:53:09,System.Runtime,dotnet.gc.last_collection.heap.size (By)[gc.heap.generation=gen2],Metric,0
09/11/2026 05:53:09,System.Runtime,dotnet.gc.last_collection.heap.size (By)[gc.heap.generation=loh],Metric,0
09/11/2026 05:53:09,System.Runtime,dotnet.gc.last_collection.heap.size (By)[gc.heap.generation=gen1],Metric,0
09/11/2026 05:53:09,System.Runtime,dotnet.gc.last_collection.heap.size (By)[gc.heap.generation=poh],Metric,0
09/11/2026 05:53:09,System.Runtime,dotnet.thread_pool.work_item.count ({work_item} / 1 sec),Rate,408
09/11/2026 05:53:09,System.Runtime,dotnet.process.memory.working_set (By),Metric,77676544
09/11/2026 05:53:09,System.Runtime,dotnet.thread_pool.thread.count ({thread} / 1 sec),Rate,0
09/11/2026 05:53:09,System.Runtime,dotnet.jit.compilation.time (s / 1 sec),Rate,0.0003801999999999972
09/11/2026 05:53:10,System.Runtime,dotnet.jit.compiled_il.size (By / 1 sec),Rate,0
09/11/2026 05:53:10,System.Runtime,dotnet.jit.compiled_methods ({method} / 1 sec),Rate,0
09/11/2026 05:53:10,System.Runtime,dotnet.monitor.lock_contentions ({contention} / 1 sec),Rate,1
09/11/2026 05:53:10,System.Runtime,dotnet.gc.collections ({collection} / 1 sec)[gc.heap.generation=gen0],Rate,0
09/11/2026 05:53:10,System.Runtime,dotnet.gc.collections ({collection} / 1 sec)[gc.heap.generation=gen2],Rate,0
09/11/2026 05:53:10,System.Runtime,dotnet.gc.collections ({collection} / 1 sec)[gc.heap.generation=gen1],Rate,0
09/11/2026 05:53:10,System.Runtime,dotnet.process.cpu.time (s / 1 sec)[cpu.mode=user],Rate,0.1488339999999999
09/11/2026 05:53:10,System.Runtime,dotnet.process.cpu.time (s / 1 sec)[cpu.mode=system],Rate,0.024573999999999985
09/11/2026 05:53:10,System.Runtime,dotnet.process.cpu.count ({cpu}),Metric,15
09/11/2026 05:53:10,System.Runtime,dotnet.gc.pause.time (s / 1 sec),Rate,0
09/11/2026 05:53:10,System.Runtime,dotnet.thread_pool.queue.length ({work_item} / 1 sec),Rate,0
09/11/2026 05:53:10,System.Runtime,dotnet.gc.last_collection.memory.committed_size (By),Metric,0
09/11/2026 05:53:10,System.Runtime,dotnet.gc.last_collection.heap.fragmentation.size (By)[gc.heap.generation=gen0],Metric,0
09/11/2026 05:53:10,System.Runtime,dotnet.gc.last_collection.heap.fragmentation.size (By)[gc.heap.generation=gen2],Metric,0
09/11/2026 05:53:10,System.Runtime,dotnet.gc.last_collection.heap.fragmentation.size (By)[gc.heap.generation=loh],Metric,0
09/11/2026 05:53:10,System.Runtime,dotnet.gc.last_collection.heap.fragmentation.size (By)[gc.heap.generation=gen1],Metric,0
09/11/2026 05:53:10,System.Runtime,dotnet.gc.last_collection.heap.fragmentation.size (By)[gc.heap.generation=poh],Metric,0
09/11/2026 05:53:10,System.Runtime,dotnet.timer.count ({timer}),Metric,3
09/11/2026 05:53:10,System.Runtime,dotnet.assembly.count ({assembly}),Metric,61
09/11/2026 05:53:10,System.Runtime,dotnet.gc.heap.total_allocated (By / 1 sec),Rate,161920
09/11/2026 05:53:10,System.Runtime,dotnet.gc.last_collection.heap.size (By)[gc.heap.generation=gen0],Metric,0
09/11/2026 05:53:10,System.Runtime,dotnet.gc.last_collection.heap.size (By)[gc.heap.generation=gen2],Metric,0
09/11/2026 05:53:10,System.Runtime,dotnet.gc.last_collection.heap.size (By)[gc.heap.generation=loh],Metric,0
09/11/2026 05:53:10,System.Runtime,dotnet.gc.last_collection.heap.size (By)[gc.heap.generation=gen1],Metric,0
09/11/2026 05:53:10,System.Runtime,dotnet.gc.last_collection.heap.size (By)[gc.heap.generation=poh],Metric,0
09/11/2026 05:53:10,System.Runtime,dotnet.thread_pool.work_item.count ({work_item} / 1 sec),Rate,404
09/11/2026 05:53:10,System.Runtime,dotnet.process.memory.working_set (By),Metric,77856768
09/11/2026 05:53:10,System.Runtime,dotnet.thread_pool.thread.count ({thread} / 1 sec),Rate,0
09/11/2026 05:53:10,System.Runtime,dotnet.jit.compilation.time (s / 1 sec),Rate,0
09/11/2026 05:53:11,System.Runtime,dotnet.jit.compiled_il.size (By / 1 sec),Rate,2568
09/11/2026 05:53:11,System.Runtime,dotnet.jit.compiled_methods ({method} / 1 sec),Rate,39
09/11/2026 05:53:11,System.Runtime,dotnet.monitor.lock_contentions ({contention} / 1 sec),Rate,0
09/11/2026 05:53:11,System.Runtime,dotnet.gc.collections ({collection} / 1 sec)[gc.heap.generation=gen0],Rate,0
09/11/2026 05:53:11,System.Runtime,dotnet.gc.collections ({collection} / 1 sec)[gc.heap.generation=gen2],Rate,0
09/11/2026 05:53:11,System.Runtime,dotnet.gc.collections ({collection} / 1 sec)[gc.heap.generation=gen1],Rate,0
09/11/2026 05:53:11,System.Runtime,dotnet.process.cpu.time (s / 1 sec)[cpu.mode=user],Rate,0.19945700000000066
09/11/2026 05:53:11,System.Runtime,dotnet.process.cpu.time (s / 1 sec)[cpu.mode=system],Rate,0.027405000000000013
09/11/2026 05:53:11,System.Runtime,dotnet.process.cpu.count ({cpu}),Metric,15
09/11/2026 05:53:11,System.Runtime,dotnet.gc.pause.time (s / 1 sec),Rate,0
09/11/2026 05:53:11,System.Runtime,dotnet.thread_pool.queue.length ({work_item} / 1 sec),Rate,0
09/11/2026 05:53:11,System.Runtime,dotnet.gc.last_collection.memory.committed_size (By),Metric,0
09/11/2026 05:53:11,System.Runtime,dotnet.gc.last_collection.heap.fragmentation.size (By)[gc.heap.generation=gen0],Metric,0
09/11/2026 05:53:11,System.Runtime,dotnet.gc.last_collection.heap.fragmentation.size (By)[gc.heap.generation=gen2],Metric,0
09/11/2026 05:53:11,System.Runtime,dotnet.gc.last_collection.heap.fragmentation.size (By)[gc.heap.generation=loh],Metric,0
09/11/2026 05:53:11,System.Runtime,dotnet.gc.last_collection.heap.fragmentation.size (By)[gc.heap.generation=gen1],Metric,0
09/11/2026 05:53:11,System.Runtime,dotnet.gc.last_collection.heap.fragmentation.size (By)[gc.heap.generation=poh],Metric,0
09/11/2026 05:53:11,System.Runtime,dotnet.timer.count ({timer}),Metric,2
09/11/2026 05:53:11,System.Runtime,dotnet.assembly.count ({assembly}),Metric,61
09/11/2026 05:53:11,System.Runtime,dotnet.gc.heap.total_allocated (By / 1 sec),Rate,186280
09/11/2026 05:53:11,System.Runtime,dotnet.gc.last_collection.heap.size (By)[gc.heap.generation=gen0],Metric,0
09/11/2026 05:53:11,System.Runtime,dotnet.gc.last_collection.heap.size (By)[gc.heap.generation=gen2],Metric,0
09/11/2026 05:53:11,System.Runtime,dotnet.gc.last_collection.heap.size (By)[gc.heap.generation=loh],Metric,0
09/11/2026 05:53:11,System.Runtime,dotnet.gc.last_collection.heap.size (By)[gc.heap.generation=gen1],Metric,0
09/11/2026 05:53:11,System.Runtime,dotnet.gc.last_collection.heap.size (By)[gc.heap.generation=poh],Metric,0
09/11/2026 05:53:11,System.Runtime,dotnet.thread_pool.work_item.count ({work_item} / 1 sec),Rate,424
09/11/2026 05:53:11,System.Runtime,dotnet.process.memory.working_set (By),Metric,78086144
09/11/2026 05:53:11,System.Runtime,dotnet.thread_pool.thread.count ({thread} / 1 sec),Rate,0
09/11/2026 05:53:11,System.Runtime,dotnet.jit.compilation.time (s / 1 sec),Rate,0.0027812999999999866
09/11/2026 05:53:12,System.Runtime,dotnet.jit.compiled_il.size (By / 1 sec),Rate,23522
09/11/2026 05:53:12,System.Runtime,dotnet.jit.compiled_methods ({method} / 1 sec),Rate,340
09/11/2026 05:53:12,System.Runtime,dotnet.monitor.lock_contentions ({contention} / 1 sec),Rate,0
09/11/2026 05:53:12,System.Runtime,dotnet.gc.collections ({collection} / 1 sec)[gc.heap.generation=gen0],Rate,0
09/11/2026 05:53:12,System.Runtime,dotnet.gc.collections ({collection} / 1 sec)[gc.heap.generation=gen2],Rate,0
09/11/2026 05:53:12,System.Runtime,dotnet.gc.collections ({collection} / 1 sec)[gc.heap.generation=gen1],Rate,0
09/11/2026 05:53:12,System.Runtime,dotnet.process.cpu.time (s / 1 sec)[cpu.mode=user],Rate,0.6636859999999993
09/11/2026 05:53:12,System.Runtime,dotnet.process.cpu.time (s / 1 sec)[cpu.mode=system],Rate,0.034466
09/11/2026 05:53:12,System.Runtime,dotnet.process.cpu.count ({cpu}),Metric,15
09/11/2026 05:53:12,System.Runtime,dotnet.gc.pause.time (s / 1 sec),Rate,0
09/11/2026 05:53:12,System.Runtime,dotnet.thread_pool.queue.length ({work_item} / 1 sec),Rate,0
09/11/2026 05:53:12,System.Runtime,dotnet.gc.last_collection.memory.committed_size (By),Metric,0
09/11/2026 05:53:12,System.Runtime,dotnet.gc.last_collection.heap.fragmentation.size (By)[gc.heap.generation=gen0],Metric,0
09/11/2026 05:53:12,System.Runtime,dotnet.gc.last_collection.heap.fragmentation.size (By)[gc.heap.generation=gen2],Metric,0
09/11/2026 05:53:12,System.Runtime,dotnet.gc.last_collection.heap.fragmentation.size (By)[gc.heap.generation=loh],Metric,0
09/11/2026 05:53:12,System.Runtime,dotnet.gc.last_collection.heap.fragmentation.size (By)[gc.heap.generation=gen1],Metric,0
09/11/2026 05:53:12,System.Runtime,dotnet.gc.last_collection.heap.fragmentation.size (By)[gc.heap.generation=poh],Metric,0
09/11/2026 05:53:12,System.Runtime,dotnet.timer.count ({timer}),Metric,2
09/11/2026 05:53:12,System.Runtime,dotnet.assembly.count ({assembly}),Metric,61
09/11/2026 05:53:12,System.Runtime,dotnet.gc.heap.total_allocated (By / 1 sec),Rate,147576
09/11/2026 05:53:12,System.Runtime,dotnet.gc.last_collection.heap.size (By)[gc.heap.generation=gen0],Metric,0
09/11/2026 05:53:12,System.Runtime,dotnet.gc.last_collection.heap.size (By)[gc.heap.generation=gen2],Metric,0
09/11/2026 05:53:12,System.Runtime,dotnet.gc.last_collection.heap.size (By)[gc.heap.generation=loh],Metric,0
09/11/2026 05:53:12,System.Runtime,dotnet.gc.last_collection.heap.size (By)[gc.heap.generation=gen1],Metric,0
09/11/2026 05:53:12,System.Runtime,dotnet.gc.last_collection.heap.size (By)[gc.heap.generation=poh],Metric,0
09/11/2026 05:53:12,System.Runtime,dotnet.thread_pool.work_item.count ({work_item} / 1 sec),Rate,601
09/11/2026 05:53:12,System.Runtime,dotnet.process.memory.working_set (By),Metric,81903616
09/11/2026 05:53:12,System.Runtime,dotnet.thread_pool.thread.count ({thread} / 1 sec),Rate,0
09/11/2026 05:53:12,System.Runtime,dotnet.jit.compilation.time (s / 1 sec),Rate,0.08572270000000004
09/11/2026 05:53:13,System.Runtime,dotnet.jit.compiled_il.size (By / 1 sec),Rate,286
09/11/2026 05:53:13,System.Runtime,dotnet.jit.compiled_methods ({method} / 1 sec),Rate,2
09/11/2026 05:53:13,System.Runtime,dotnet.monitor.lock_contentions ({contention} / 1 sec),Rate,0
09/11/2026 05:53:13,System.Runtime,dotnet.gc.collections ({collection} / 1 sec)[gc.heap.generation=gen0],Rate,0
09/11/2026 05:53:13,System.Runtime,dotnet.gc.collections ({collection} / 1 sec)[gc.heap.generation=gen2],Rate,0
09/11/2026 05:53:13,System.Runtime,dotnet.gc.collections ({collection} / 1 sec)[gc.heap.generation=gen1],Rate,0
09/11/2026 05:53:13,System.Runtime,dotnet.process.cpu.time (s / 1 sec)[cpu.mode=user],Rate,0.5906640000000003
09/11/2026 05:53:13,System.Runtime,dotnet.process.cpu.time (s / 1 sec)[cpu.mode=system],Rate,0.04248299999999994
09/11/2026 05:53:13,System.Runtime,dotnet.process.cpu.count ({cpu}),Metric,15
09/11/2026 05:53:13,System.Runtime,dotnet.gc.pause.time (s / 1 sec),Rate,0
09/11/2026 05:53:13,System.Runtime,dotnet.thread_pool.queue.length ({work_item} / 1 sec),Rate,0
09/11/2026 05:53:13,System.Runtime,dotnet.gc.last_collection.memory.committed_size (By),Metric,0
09/11/2026 05:53:13,System.Runtime,dotnet.gc.last_collection.heap.fragmentation.size (By)[gc.heap.generation=gen0],Metric,0
09/11/2026 05:53:13,System.Runtime,dotnet.gc.last_collection.heap.fragmentation.size (By)[gc.heap.generation=gen2],Metric,0
09/11/2026 05:53:13,System.Runtime,dotnet.gc.last_collection.heap.fragmentation.size (By)[gc.heap.generation=loh],Metric,0
09/11/2026 05:53:13,System.Runtime,dotnet.gc.last_collection.heap.fragmentation.size (By)[gc.heap.generation=gen1],Metric,0
09/11/2026 05:53:13,System.Runtime,dotnet.gc.last_collection.heap.fragmentation.size (By)[gc.heap.generation=poh],Metric,0
09/11/2026 05:53:13,System.Runtime,dotnet.timer.count ({timer}),Metric,2
09/11/2026 05:53:13,System.Runtime,dotnet.assembly.count ({assembly}),Metric,61
09/11/2026 05:53:13,System.Runtime,dotnet.gc.heap.total_allocated (By / 1 sec),Rate,122960
09/11/2026 05:53:13,System.Runtime,dotnet.gc.last_collection.heap.size (By)[gc.heap.generation=gen0],Metric,0
09/11/2026 05:53:13,System.Runtime,dotnet.gc.last_collection.heap.size (By)[gc.heap.generation=gen2],Metric,0
09/11/2026 05:53:13,System.Runtime,dotnet.gc.last_collection.heap.size (By)[gc.heap.generation=loh],Metric,0
09/11/2026 05:53:13,System.Runtime,dotnet.gc.last_collection.heap.size (By)[gc.heap.generation=gen1],Metric,0
09/11/2026 05:53:13,System.Runtime,dotnet.gc.last_collection.heap.size (By)[gc.heap.generation=poh],Metric,0
09/11/2026 05:53:13,System.Runtime,dotnet.thread_pool.work_item.count ({work_item} / 1 sec),Rate,601
09/11/2026 05:53:13,System.Runtime,dotnet.process.memory.working_set (By),Metric,82034688
09/11/2026 05:53:13,System.Runtime,dotnet.thread_pool.thread.count ({thread} / 1 sec),Rate,0
09/11/2026 05:53:13,System.Runtime,dotnet.jit.compilation.time (s / 1 sec),Rate,0.0012993000000000032
09/11/2026 05:53:14,System.Runtime,dotnet.jit.compiled_il.size (By / 1 sec),Rate,96
09/11/2026 05:53:14,System.Runtime,dotnet.jit.compiled_methods ({method} / 1 sec),Rate,2
09/11/2026 05:53:14,System.Runtime,dotnet.monitor.lock_contentions ({contention} / 1 sec),Rate,0
09/11/2026 05:53:14,System.Runtime,dotnet.gc.collections ({collection} / 1 sec)[gc.heap.generation=gen0],Rate,0
09/11/2026 05:53:14,System.Runtime,dotnet.gc.collections ({collection} / 1 sec)[gc.heap.generation=gen2],Rate,0
09/11/2026 05:53:14,System.Runtime,dotnet.gc.collections ({collection} / 1 sec)[gc.heap.generation=gen1],Rate,0
09/11/2026 05:53:14,System.Runtime,dotnet.process.cpu.time (s / 1 sec)[cpu.mode=user],Rate,0.578932
09/11/2026 05:53:14,System.Runtime,dotnet.process.cpu.time (s / 1 sec)[cpu.mode=system],Rate,0.046699000000000046
09/11/2026 05:53:14,System.Runtime,dotnet.process.cpu.count ({cpu}),Metric,15
09/11/2026 05:53:14,System.Runtime,dotnet.gc.pause.time (s / 1 sec),Rate,0
09/11/2026 05:53:14,System.Runtime,dotnet.thread_pool.queue.length ({work_item} / 1 sec),Rate,0
09/11/2026 05:53:14,System.Runtime,dotnet.gc.last_collection.memory.committed_size (By),Metric,0
09/11/2026 05:53:14,System.Runtime,dotnet.gc.last_collection.heap.fragmentation.size (By)[gc.heap.generation=gen0],Metric,0
09/11/2026 05:53:14,System.Runtime,dotnet.gc.last_collection.heap.fragmentation.size (By)[gc.heap.generation=gen2],Metric,0
09/11/2026 05:53:14,System.Runtime,dotnet.gc.last_collection.heap.fragmentation.size (By)[gc.heap.generation=loh],Metric,0
09/11/2026 05:53:14,System.Runtime,dotnet.gc.last_collection.heap.fragmentation.size (By)[gc.heap.generation=gen1],Metric,0
09/11/2026 05:53:14,System.Runtime,dotnet.gc.last_collection.heap.fragmentation.size (By)[gc.heap.generation=poh],Metric,0
09/11/2026 05:53:14,System.Runtime,dotnet.timer.count ({timer}),Metric,2
09/11/2026 05:53:14,System.Runtime,dotnet.assembly.count ({assembly}),Metric,61
09/11/2026 05:53:14,System.Runtime,dotnet.gc.heap.total_allocated (By / 1 sec),Rate,145552
09/11/2026 05:53:14,System.Runtime,dotnet.gc.last_collection.heap.size (By)[gc.heap.generation=gen0],Metric,0
09/11/2026 05:53:14,System.Runtime,dotnet.gc.last_collection.heap.size (By)[gc.heap.generation=gen2],Metric,0
09/11/2026 05:53:14,System.Runtime,dotnet.gc.last_collection.heap.size (By)[gc.heap.generation=loh],Metric,0
09/11/2026 05:53:14,System.Runtime,dotnet.gc.last_collection.heap.size (By)[gc.heap.generation=gen1],Metric,0
09/11/2026 05:53:14,System.Runtime,dotnet.gc.last_collection.heap.size (By)[gc.heap.generation=poh],Metric,0
09/11/2026 05:53:14,System.Runtime,dotnet.thread_pool.work_item.count ({work_item} / 1 sec),Rate,601
09/11/2026 05:53:14,System.Runtime,dotnet.process.memory.working_set (By),Metric,82214912
09/11/2026 05:53:14,System.Runtime,dotnet.thread_pool.thread.count ({thread} / 1 sec),Rate,0
09/11/2026 05:53:14,System.Runtime,dotnet.jit.compilation.time (s / 1 sec),Rate,0.0014022999999999675
09/11/2026 05:53:15,System.Runtime,dotnet.jit.compiled_il.size (By / 1 sec),Rate,0
09/11/2026 05:53:15,System.Runtime,dotnet.jit.compiled_methods ({method} / 1 sec),Rate,0
09/11/2026 05:53:15,System.Runtime,dotnet.monitor.lock_contentions ({contention} / 1 sec),Rate,0
09/11/2026 05:53:15,System.Runtime,dotnet.gc.collections ({collection} / 1 sec)[gc.heap.generation=gen0],Rate,0
09/11/2026 05:53:15,System.Runtime,dotnet.gc.collections ({collection} / 1 sec)[gc.heap.generation=gen2],Rate,0
09/11/2026 05:53:15,System.Runtime,dotnet.gc.collections ({collection} / 1 sec)[gc.heap.generation=gen1],Rate,0
09/11/2026 05:53:15,System.Runtime,dotnet.process.cpu.time (s / 1 sec)[cpu.mode=user],Rate,0.5565680000000004
09/11/2026 05:53:15,System.Runtime,dotnet.process.cpu.time (s / 1 sec)[cpu.mode=system],Rate,0.04017599999999988
09/11/2026 05:53:15,System.Runtime,dotnet.process.cpu.count ({cpu}),Metric,15
09/11/2026 05:53:15,System.Runtime,dotnet.gc.pause.time (s / 1 sec),Rate,0
09/11/2026 05:53:15,System.Runtime,dotnet.thread_pool.queue.length ({work_item} / 1 sec),Rate,0
09/11/2026 05:53:15,System.Runtime,dotnet.gc.last_collection.memory.committed_size (By),Metric,0
09/11/2026 05:53:15,System.Runtime,dotnet.gc.last_collection.heap.fragmentation.size (By)[gc.heap.generation=gen0],Metric,0
09/11/2026 05:53:15,System.Runtime,dotnet.gc.last_collection.heap.fragmentation.size (By)[gc.heap.generation=gen2],Metric,0
09/11/2026 05:53:15,System.Runtime,dotnet.gc.last_collection.heap.fragmentation.size (By)[gc.heap.generation=loh],Metric,0
09/11/2026 05:53:15,System.Runtime,dotnet.gc.last_collection.heap.fragmentation.size (By)[gc.heap.generation=gen1],Metric,0
09/11/2026 05:53:15,System.Runtime,dotnet.gc.last_collection.heap.fragmentation.size (By)[gc.heap.generation=poh],Metric,0
09/11/2026 05:53:15,System.Runtime,dotnet.timer.count ({timer}),Metric,2
09/11/2026 05:53:15,System.Runtime,dotnet.assembly.count ({assembly}),Metric,61
09/11/2026 05:53:15,System.Runtime,dotnet.gc.heap.total_allocated (By / 1 sec),Rate,131200
09/11/2026 05:53:15,System.Runtime,dotnet.gc.last_collection.heap.size (By)[gc.heap.generation=gen0],Metric,0
09/11/2026 05:53:15,System.Runtime,dotnet.gc.last_collection.heap.size (By)[gc.heap.generation=gen2],Metric,0
09/11/2026 05:53:15,System.Runtime,dotnet.gc.last_collection.heap.size (By)[gc.heap.generation=loh],Metric,0
09/11/2026 05:53:15,System.Runtime,dotnet.gc.last_collection.heap.size (By)[gc.heap.generation=gen1],Metric,0
09/11/2026 05:53:15,System.Runtime,dotnet.gc.last_collection.heap.size (By)[gc.heap.generation=poh],Metric,0
09/11/2026 05:53:15,System.Runtime,dotnet.thread_pool.work_item.count ({work_item} / 1 sec),Rate,601
09/11/2026 05:53:15,System.Runtime,dotnet.process.memory.working_set (By),Metric,82378752
09/11/2026 05:53:15,System.Runtime,dotnet.thread_pool.thread.count ({thread} / 1 sec),Rate,0
09/11/2026 05:53:15,System.Runtime,dotnet.jit.compilation.time (s / 1 sec),Rate,0
09/11/2026 05:53:16,System.Runtime,dotnet.jit.compiled_il.size (By / 1 sec),Rate,380
09/11/2026 05:53:16,System.Runtime,dotnet.jit.compiled_methods ({method} / 1 sec),Rate,13
09/11/2026 05:53:16,System.Runtime,dotnet.monitor.lock_contentions ({contention} / 1 sec),Rate,1
09/11/2026 05:53:16,System.Runtime,dotnet.gc.collections ({collection} / 1 sec)[gc.heap.generation=gen0],Rate,0
09/11/2026 05:53:16,System.Runtime,dotnet.gc.collections ({collection} / 1 sec)[gc.heap.generation=gen2],Rate,0
09/11/2026 05:53:16,System.Runtime,dotnet.gc.collections ({collection} / 1 sec)[gc.heap.generation=gen1],Rate,0
09/11/2026 05:53:16,System.Runtime,dotnet.process.cpu.time (s / 1 sec)[cpu.mode=user],Rate,0.575374
09/11/2026 05:53:16,System.Runtime,dotnet.process.cpu.time (s / 1 sec)[cpu.mode=system],Rate,0.044605000000000006
09/11/2026 05:53:16,System.Runtime,dotnet.process.cpu.count ({cpu}),Metric,15
09/11/2026 05:53:16,System.Runtime,dotnet.gc.pause.time (s / 1 sec),Rate,0
09/11/2026 05:53:16,System.Runtime,dotnet.thread_pool.queue.length ({work_item} / 1 sec),Rate,0
09/11/2026 05:53:16,System.Runtime,dotnet.gc.last_collection.memory.committed_size (By),Metric,0
09/11/2026 05:53:16,System.Runtime,dotnet.gc.last_collection.heap.fragmentation.size (By)[gc.heap.generation=gen0],Metric,0
09/11/2026 05:53:16,System.Runtime,dotnet.gc.last_collection.heap.fragmentation.size (By)[gc.heap.generation=gen2],Metric,0
09/11/2026 05:53:16,System.Runtime,dotnet.gc.last_collection.heap.fragmentation.size (By)[gc.heap.generation=loh],Metric,0
09/11/2026 05:53:16,System.Runtime,dotnet.gc.last_collection.heap.fragmentation.size (By)[gc.heap.generation=gen1],Metric,0
09/11/2026 05:53:16,System.Runtime,dotnet.gc.last_collection.heap.fragmentation.size (By)[gc.heap.generation=poh],Metric,0
09/11/2026 05:53:16,System.Runtime,dotnet.timer.count ({timer}),Metric,2
09/11/2026 05:53:16,System.Runtime,dotnet.assembly.count ({assembly}),Metric,61
09/11/2026 05:53:16,System.Runtime,dotnet.gc.heap.total_allocated (By / 1 sec),Rate,147616
09/11/2026 05:53:16,System.Runtime,dotnet.gc.last_collection.heap.size (By)[gc.heap.generation=gen0],Metric,0
09/11/2026 05:53:16,System.Runtime,dotnet.gc.last_collection.heap.size (By)[gc.heap.generation=gen2],Metric,0
09/11/2026 05:53:16,System.Runtime,dotnet.gc.last_collection.heap.size (By)[gc.heap.generation=loh],Metric,0
09/11/2026 05:53:16,System.Runtime,dotnet.gc.last_collection.heap.size (By)[gc.heap.generation=gen1],Metric,0
09/11/2026 05:53:16,System.Runtime,dotnet.gc.last_collection.heap.size (By)[gc.heap.generation=poh],Metric,0
09/11/2026 05:53:16,System.Runtime,dotnet.thread_pool.work_item.count ({work_item} / 1 sec),Rate,602
09/11/2026 05:53:16,System.Runtime,dotnet.process.memory.working_set (By),Metric,82542592
09/11/2026 05:53:16,System.Runtime,dotnet.thread_pool.thread.count ({thread} / 1 sec),Rate,0
09/11/2026 05:53:16,System.Runtime,dotnet.jit.compilation.time (s / 1 sec),Rate,0.0017608999999999542
09/11/2026 05:53:17,System.Runtime,dotnet.jit.compiled_il.size (By / 1 sec),Rate,325
09/11/2026 05:53:17,System.Runtime,dotnet.jit.compiled_methods ({method} / 1 sec),Rate,9
09/11/2026 05:53:17,System.Runtime,dotnet.monitor.lock_contentions ({contention} / 1 sec),Rate,0
09/11/2026 05:53:17,System.Runtime,dotnet.gc.collections ({collection} / 1 sec)[gc.heap.generation=gen0],Rate,0
09/11/2026 05:53:17,System.Runtime,dotnet.gc.collections ({collection} / 1 sec)[gc.heap.generation=gen2],Rate,0
09/11/2026 05:53:17,System.Runtime,dotnet.gc.collections ({collection} / 1 sec)[gc.heap.generation=gen1],Rate,0
09/11/2026 05:53:17,System.Runtime,dotnet.process.cpu.time (s / 1 sec)[cpu.mode=user],Rate,0.5781609999999988
09/11/2026 05:53:17,System.Runtime,dotnet.process.cpu.time (s / 1 sec)[cpu.mode=system],Rate,0.040168000000000204
09/11/2026 05:53:17,System.Runtime,dotnet.process.cpu.count ({cpu}),Metric,15
09/11/2026 05:53:17,System.Runtime,dotnet.gc.pause.time (s / 1 sec),Rate,0
09/11/2026 05:53:17,System.Runtime,dotnet.thread_pool.queue.length ({work_item} / 1 sec),Rate,0
09/11/2026 05:53:17,System.Runtime,dotnet.gc.last_collection.memory.committed_size (By),Metric,0
09/11/2026 05:53:17,System.Runtime,dotnet.gc.last_collection.heap.fragmentation.size (By)[gc.heap.generation=gen0],Metric,0
09/11/2026 05:53:17,System.Runtime,dotnet.gc.last_collection.heap.fragmentation.size (By)[gc.heap.generation=gen2],Metric,0
09/11/2026 05:53:17,System.Runtime,dotnet.gc.last_collection.heap.fragmentation.size (By)[gc.heap.generation=loh],Metric,0
09/11/2026 05:53:17,System.Runtime,dotnet.gc.last_collection.heap.fragmentation.size (By)[gc.heap.generation=gen1],Metric,0
09/11/2026 05:53:17,System.Runtime,dotnet.gc.last_collection.heap.fragmentation.size (By)[gc.heap.generation=poh],Metric,0
09/11/2026 05:53:17,System.Runtime,dotnet.timer.count ({timer}),Metric,2
09/11/2026 05:53:17,System.Runtime,dotnet.assembly.count ({assembly}),Metric,61
09/11/2026 05:53:17,System.Runtime,dotnet.gc.heap.total_allocated (By / 1 sec),Rate,139400
09/11/2026 05:53:17,System.Runtime,dotnet.gc.last_collection.heap.size (By)[gc.heap.generation=gen0],Metric,0
09/11/2026 05:53:17,System.Runtime,dotnet.gc.last_collection.heap.size (By)[gc.heap.generation=gen2],Metric,0
09/11/2026 05:53:17,System.Runtime,dotnet.gc.last_collection.heap.size (By)[gc.heap.generation=loh],Metric,0
09/11/2026 05:53:17,System.Runtime,dotnet.gc.last_collection.heap.size (By)[gc.heap.generation=gen1],Metric,0
09/11/2026 05:53:17,System.Runtime,dotnet.gc.last_collection.heap.size (By)[gc.heap.generation=poh],Metric,0
09/11/2026 05:53:17,System.Runtime,dotnet.thread_pool.work_item.count ({work_item} / 1 sec),Rate,601
09/11/2026 05:53:17,System.Runtime,dotnet.process.memory.working_set (By),Metric,82706432
09/11/2026 05:53:17,System.Runtime,dotnet.thread_pool.thread.count ({thread} / 1 sec),Rate,0
09/11/2026 05:53:17,System.Runtime,dotnet.jit.compilation.time (s / 1 sec),Rate,0.0018977000000000022
09/11/2026 05:53:18,System.Runtime,dotnet.jit.compiled_il.size (By / 1 sec),Rate,2579
09/11/2026 05:53:18,System.Runtime,dotnet.jit.compiled_methods ({method} / 1 sec),Rate,69
09/11/2026 05:53:18,System.Runtime,dotnet.monitor.lock_contentions ({contention} / 1 sec),Rate,0
09/11/2026 05:53:18,System.Runtime,dotnet.gc.collections ({collection} / 1 sec)[gc.heap.generation=gen0],Rate,0
09/11/2026 05:53:18,System.Runtime,dotnet.gc.collections ({collection} / 1 sec)[gc.heap.generation=gen2],Rate,0
09/11/2026 05:53:18,System.Runtime,dotnet.gc.collections ({collection} / 1 sec)[gc.heap.generation=gen1],Rate,0
09/11/2026 05:53:18,System.Runtime,dotnet.process.cpu.time (s / 1 sec)[cpu.mode=user],Rate,0.5859760000000005
09/11/2026 05:53:18,System.Runtime,dotnet.process.cpu.time (s / 1 sec)[cpu.mode=system],Rate,0.039695999999999954
09/11/2026 05:53:18,System.Runtime,dotnet.process.cpu.count ({cpu}),Metric,15
09/11/2026 05:53:18,System.Runtime,dotnet.gc.pause.time (s / 1 sec),Rate,0
09/11/2026 05:53:18,System.Runtime,dotnet.thread_pool.queue.length ({work_item} / 1 sec),Rate,0
09/11/2026 05:53:18,System.Runtime,dotnet.gc.last_collection.memory.committed_size (By),Metric,0
09/11/2026 05:53:18,System.Runtime,dotnet.gc.last_collection.heap.fragmentation.size (By)[gc.heap.generation=gen0],Metric,0
09/11/2026 05:53:18,System.Runtime,dotnet.gc.last_collection.heap.fragmentation.size (By)[gc.heap.generation=gen2],Metric,0
09/11/2026 05:53:18,System.Runtime,dotnet.gc.last_collection.heap.fragmentation.size (By)[gc.heap.generation=loh],Metric,0
09/11/2026 05:53:18,System.Runtime,dotnet.gc.last_collection.heap.fragmentation.size (By)[gc.heap.generation=gen1],Metric,0
09/11/2026 05:53:18,System.Runtime,dotnet.gc.last_collection.heap.fragmentation.size (By)[gc.heap.generation=poh],Metric,0
09/11/2026 05:53:18,System.Runtime,dotnet.timer.count ({timer}),Metric,2
09/11/2026 05:53:18,System.Runtime,dotnet.assembly.count ({assembly}),Metric,61
09/11/2026 05:53:18,System.Runtime,dotnet.gc.heap.total_allocated (By / 1 sec),Rate,129152
09/11/2026 05:53:18,System.Runtime,dotnet.gc.last_collection.heap.size (By)[gc.heap.generation=gen0],Metric,0
09/11/2026 05:53:18,System.Runtime,dotnet.gc.last_collection.heap.size (By)[gc.heap.generation=gen2],Metric,0
09/11/2026 05:53:18,System.Runtime,dotnet.gc.last_collection.heap.size (By)[gc.heap.generation=loh],Metric,0
09/11/2026 05:53:18,System.Runtime,dotnet.gc.last_collection.heap.size (By)[gc.heap.generation=gen1],Metric,0
09/11/2026 05:53:18,System.Runtime,dotnet.gc.last_collection.heap.size (By)[gc.heap.generation=poh],Metric,0
09/11/2026 05:53:18,System.Runtime,dotnet.thread_pool.work_item.count ({work_item} / 1 sec),Rate,601
09/11/2026 05:53:18,System.Runtime,dotnet.process.memory.working_set (By),Metric,82886656
09/11/2026 05:53:18,System.Runtime,dotnet.thread_pool.thread.count ({thread} / 1 sec),Rate,0
09/11/2026 05:53:18,System.Runtime,dotnet.jit.compilation.time (s / 1 sec),Rate,0.012277399999999994
09/11/2026 05:53:19,System.Runtime,dotnet.jit.compiled_il.size (By / 1 sec),Rate,0
09/11/2026 05:53:19,System.Runtime,dotnet.jit.compiled_methods ({method} / 1 sec),Rate,0
09/11/2026 05:53:19,System.Runtime,dotnet.monitor.lock_contentions ({contention} / 1 sec),Rate,0
09/11/2026 05:53:19,System.Runtime,dotnet.gc.collections ({collection} / 1 sec)[gc.heap.generation=gen0],Rate,0
09/11/2026 05:53:19,System.Runtime,dotnet.gc.collections ({collection} / 1 sec)[gc.heap.generation=gen2],Rate,0
09/11/2026 05:53:19,System.Runtime,dotnet.gc.collections ({collection} / 1 sec)[gc.heap.generation=gen1],Rate,0
09/11/2026 05:53:19,System.Runtime,dotnet.process.cpu.time (s / 1 sec)[cpu.mode=user],Rate,0.5691120000000005
09/11/2026 05:53:19,System.Runtime,dotnet.process.cpu.time (s / 1 sec)[cpu.mode=system],Rate,0.04057200000000005
09/11/2026 05:53:19,System.Runtime,dotnet.process.cpu.count ({cpu}),Metric,15
09/11/2026 05:53:19,System.Runtime,dotnet.gc.pause.time (s / 1 sec),Rate,0
09/11/2026 05:53:19,System.Runtime,dotnet.thread_pool.queue.length ({work_item} / 1 sec),Rate,0
09/11/2026 05:53:19,System.Runtime,dotnet.gc.last_collection.memory.committed_size (By),Metric,0
09/11/2026 05:53:19,System.Runtime,dotnet.gc.last_collection.heap.fragmentation.size (By)[gc.heap.generation=gen0],Metric,0
09/11/2026 05:53:19,System.Runtime,dotnet.gc.last_collection.heap.fragmentation.size (By)[gc.heap.generation=gen2],Metric,0
09/11/2026 05:53:19,System.Runtime,dotnet.gc.last_collection.heap.fragmentation.size (By)[gc.heap.generation=loh],Metric,0
09/11/2026 05:53:19,System.Runtime,dotnet.gc.last_collection.heap.fragmentation.size (By)[gc.heap.generation=gen1],Metric,0
09/11/2026 05:53:19,System.Runtime,dotnet.gc.last_collection.heap.fragmentation.size (By)[gc.heap.generation=poh],Metric,0
09/11/2026 05:53:19,System.Runtime,dotnet.timer.count ({timer}),Metric,2
09/11/2026 05:53:19,System.Runtime,dotnet.assembly.count ({assembly}),Metric,61
09/11/2026 05:53:19,System.Runtime,dotnet.gc.heap.total_allocated (By / 1 sec),Rate,131200
09/11/2026 05:53:19,System.Runtime,dotnet.gc.last_collection.heap.size (By)[gc.heap.generation=gen0],Metric,0
09/11/2026 05:53:19,System.Runtime,dotnet.gc.last_collection.heap.size (By)[gc.heap.generation=gen2],Metric,0
09/11/2026 05:53:19,System.Runtime,dotnet.gc.last_collection.heap.size (By)[gc.heap.generation=loh],Metric,0
09/11/2026 05:53:19,System.Runtime,dotnet.gc.last_collection.heap.size (By)[gc.heap.generation=gen1],Metric,0
09/11/2026 05:53:19,System.Runtime,dotnet.gc.last_collection.heap.size (By)[gc.heap.generation=poh],Metric,0
09/11/2026 05:53:19,System.Runtime,dotnet.thread_pool.work_item.count ({work_item} / 1 sec),Rate,601
09/11/2026 05:53:19,System.Runtime,dotnet.process.memory.working_set (By),Metric,83034112
09/11/2026 05:53:19,System.Runtime,dotnet.thread_pool.thread.count ({thread} / 1 sec),Rate,0
09/11/2026 05:53:19,System.Runtime,dotnet.jit.compilation.time (s / 1 sec),Rate,0
09/11/2026 05:53:20,System.Runtime,dotnet.jit.compiled_il.size (By / 1 sec),Rate,0
09/11/2026 05:53:20,System.Runtime,dotnet.jit.compiled_methods ({method} / 1 sec),Rate,0
09/11/2026 05:53:20,System.Runtime,dotnet.monitor.lock_contentions ({contention} / 1 sec),Rate,0
09/11/2026 05:53:20,System.Runtime,dotnet.gc.collections ({collection} / 1 sec)[gc.heap.generation=gen0],Rate,0
09/11/2026 05:53:20,System.Runtime,dotnet.gc.collections ({collection} / 1 sec)[gc.heap.generation=gen2],Rate,0
09/11/2026 05:53:20,System.Runtime,dotnet.gc.collections ({collection} / 1 sec)[gc.heap.generation=gen1],Rate,0
09/11/2026 05:53:20,System.Runtime,dotnet.process.cpu.time (s / 1 sec)[cpu.mode=user],Rate,0.5679309999999997
09/11/2026 05:53:20,System.Runtime,dotnet.process.cpu.time (s / 1 sec)[cpu.mode=system],Rate,0.03374799999999989
09/11/2026 05:53:20,System.Runtime,dotnet.process.cpu.count ({cpu}),Metric,15
09/11/2026 05:53:20,System.Runtime,dotnet.gc.pause.time (s / 1 sec),Rate,0
09/11/2026 05:53:20,System.Runtime,dotnet.thread_pool.queue.length ({work_item} / 1 sec),Rate,0
09/11/2026 05:53:20,System.Runtime,dotnet.gc.last_collection.memory.committed_size (By),Metric,0
09/11/2026 05:53:20,System.Runtime,dotnet.gc.last_collection.heap.fragmentation.size (By)[gc.heap.generation=gen0],Metric,0
09/11/2026 05:53:20,System.Runtime,dotnet.gc.last_collection.heap.fragmentation.size (By)[gc.heap.generation=gen2],Metric,0
09/11/2026 05:53:20,System.Runtime,dotnet.gc.last_collection.heap.fragmentation.size (By)[gc.heap.generation=loh],Metric,0
09/11/2026 05:53:20,System.Runtime,dotnet.gc.last_collection.heap.fragmentation.size (By)[gc.heap.generation=gen1],Metric,0
09/11/2026 05:53:20,System.Runtime,dotnet.gc.last_collection.heap.fragmentation.size (By)[gc.heap.generation=poh],Metric,0
09/11/2026 05:53:20,System.Runtime,dotnet.timer.count ({timer}),Metric,2
09/11/2026 05:53:20,System.Runtime,dotnet.assembly.count ({assembly}),Metric,61
09/11/2026 05:53:20,System.Runtime,dotnet.gc.heap.total_allocated (By / 1 sec),Rate,138376
09/11/2026 05:53:20,System.Runtime,dotnet.gc.last_collection.heap.size (By)[gc.heap.generation=gen0],Metric,0
09/11/2026 05:53:20,System.Runtime,dotnet.gc.last_collection.heap.size (By)[gc.heap.generation=gen2],Metric,0
09/11/2026 05:53:20,System.Runtime,dotnet.gc.last_collection.heap.size (By)[gc.heap.generation=loh],Metric,0
09/11/2026 05:53:20,System.Runtime,dotnet.gc.last_collection.heap.size (By)[gc.heap.generation=gen1],Metric,0
09/11/2026 05:53:20,System.Runtime,dotnet.gc.last_collection.heap.size (By)[gc.heap.generation=poh],Metric,0
09/11/2026 05:53:20,System.Runtime,dotnet.thread_pool.work_item.count ({work_item} / 1 sec),Rate,601
09/11/2026 05:53:20,System.Runtime,dotnet.process.memory.working_set (By),Metric,83181568
09/11/2026 05:53:20,System.Runtime,dotnet.thread_pool.thread.count ({thread} / 1 sec),Rate,0
09/11/2026 05:53:20,System.Runtime,dotnet.jit.compilation.time (s / 1 sec),Rate,0
09/11/2026 05:53:21,System.Runtime,dotnet.jit.compiled_il.size (By / 1 sec),Rate,184
09/11/2026 05:53:21,System.Runtime,dotnet.jit.compiled_methods ({method} / 1 sec),Rate,2
09/11/2026 05:53:21,System.Runtime,dotnet.monitor.lock_contentions ({contention} / 1 sec),Rate,0
09/11/2026 05:53:21,System.Runtime,dotnet.gc.collections ({collection} / 1 sec)[gc.heap.generation=gen0],Rate,0
09/11/2026 05:53:21,System.Runtime,dotnet.gc.collections ({collection} / 1 sec)[gc.heap.generation=gen2],Rate,0
09/11/2026 05:53:21,System.Runtime,dotnet.gc.collections ({collection} / 1 sec)[gc.heap.generation=gen1],Rate,0
09/11/2026 05:53:21,System.Runtime,dotnet.process.cpu.time (s / 1 sec)[cpu.mode=user],Rate,0.5766500000000008
09/11/2026 05:53:21,System.Runtime,dotnet.process.cpu.time (s / 1 sec)[cpu.mode=system],Rate,0.03773000000000004
09/11/2026 05:53:21,System.Runtime,dotnet.process.cpu.count ({cpu}),Metric,15
09/11/2026 05:53:21,System.Runtime,dotnet.gc.pause.time (s / 1 sec),Rate,0
09/11/2026 05:53:21,System.Runtime,dotnet.thread_pool.queue.length ({work_item} / 1 sec),Rate,0
09/11/2026 05:53:21,System.Runtime,dotnet.gc.last_collection.memory.committed_size (By),Metric,0
09/11/2026 05:53:21,System.Runtime,dotnet.gc.last_collection.heap.fragmentation.size (By)[gc.heap.generation=gen0],Metric,0
09/11/2026 05:53:21,System.Runtime,dotnet.gc.last_collection.heap.fragmentation.size (By)[gc.heap.generation=gen2],Metric,0
09/11/2026 05:53:21,System.Runtime,dotnet.gc.last_collection.heap.fragmentation.size (By)[gc.heap.generation=loh],Metric,0
09/11/2026 05:53:21,System.Runtime,dotnet.gc.last_collection.heap.fragmentation.size (By)[gc.heap.generation=gen1],Metric,0
09/11/2026 05:53:21,System.Runtime,dotnet.gc.last_collection.heap.fragmentation.size (By)[gc.heap.generation=poh],Metric,0
09/11/2026 05:53:21,System.Runtime,dotnet.timer.count ({timer}),Metric,2
09/11/2026 05:53:21,System.Runtime,dotnet.assembly.count ({assembly}),Metric,61
09/11/2026 05:53:21,System.Runtime,dotnet.gc.heap.total_allocated (By / 1 sec),Rate,138328
09/11/2026 05:53:21,System.Runtime,dotnet.gc.last_collection.heap.size (By)[gc.heap.generation=gen0],Metric,0
09/11/2026 05:53:21,System.Runtime,dotnet.gc.last_collection.heap.size (By)[gc.heap.generation=gen2],Metric,0
09/11/2026 05:53:21,System.Runtime,dotnet.gc.last_collection.heap.size (By)[gc.heap.generation=loh],Metric,0
09/11/2026 05:53:21,System.Runtime,dotnet.gc.last_collection.heap.size (By)[gc.heap.generation=gen1],Metric,0
09/11/2026 05:53:21,System.Runtime,dotnet.gc.last_collection.heap.size (By)[gc.heap.generation=poh],Metric,0
09/11/2026 05:53:21,System.Runtime,dotnet.thread_pool.work_item.count ({work_item} / 1 sec),Rate,602
09/11/2026 05:53:21,System.Runtime,dotnet.process.memory.working_set (By),Metric,83361792
09/11/2026 05:53:21,System.Runtime,dotnet.thread_pool.thread.count ({thread} / 1 sec),Rate,0
09/11/2026 05:53:21,System.Runtime,dotnet.jit.compilation.time (s / 1 sec),Rate,0.0004743000000000386
09/11/2026 05:53:22,System.Runtime,dotnet.jit.compiled_il.size (By / 1 sec),Rate,0
09/11/2026 05:53:22,System.Runtime,dotnet.jit.compiled_methods ({method} / 1 sec),Rate,0
09/11/2026 05:53:22,System.Runtime,dotnet.monitor.lock_contentions ({contention} / 1 sec),Rate,0
09/11/2026 05:53:22,System.Runtime,dotnet.gc.collections ({collection} / 1 sec)[gc.heap.generation=gen0],Rate,0
09/11/2026 05:53:22,System.Runtime,dotnet.gc.collections ({collection} / 1 sec)[gc.heap.generation=gen2],Rate,0
09/11/2026 05:53:22,System.Runtime,dotnet.gc.collections ({collection} / 1 sec)[gc.heap.generation=gen1],Rate,0
09/11/2026 05:53:22,System.Runtime,dotnet.process.cpu.time (s / 1 sec)[cpu.mode=user],Rate,0.5875879999999984
09/11/2026 05:53:22,System.Runtime,dotnet.process.cpu.time (s / 1 sec)[cpu.mode=system],Rate,0.04305099999999995
09/11/2026 05:53:22,System.Runtime,dotnet.process.cpu.count ({cpu}),Metric,15
09/11/2026 05:53:22,System.Runtime,dotnet.gc.pause.time (s / 1 sec),Rate,0
09/11/2026 05:53:22,System.Runtime,dotnet.thread_pool.queue.length ({work_item} / 1 sec),Rate,0
09/11/2026 05:53:22,System.Runtime,dotnet.gc.last_collection.memory.committed_size (By),Metric,0
09/11/2026 05:53:22,System.Runtime,dotnet.gc.last_collection.heap.fragmentation.size (By)[gc.heap.generation=gen0],Metric,0
09/11/2026 05:53:22,System.Runtime,dotnet.gc.last_collection.heap.fragmentation.size (By)[gc.heap.generation=gen2],Metric,0
09/11/2026 05:53:22,System.Runtime,dotnet.gc.last_collection.heap.fragmentation.size (By)[gc.heap.generation=loh],Metric,0
09/11/2026 05:53:22,System.Runtime,dotnet.gc.last_collection.heap.fragmentation.size (By)[gc.heap.generation=gen1],Metric,0
09/11/2026 05:53:22,System.Runtime,dotnet.gc.last_collection.heap.fragmentation.size (By)[gc.heap.generation=poh],Metric,0
09/11/2026 05:53:22,System.Runtime,dotnet.timer.count ({timer}),Metric,2
09/11/2026 05:53:22,System.Runtime,dotnet.assembly.count ({assembly}),Metric,61
09/11/2026 05:53:22,System.Runtime,dotnet.gc.heap.total_allocated (By / 1 sec),Rate,139400
09/11/2026 05:53:22,System.Runtime,dotnet.gc.last_collection.heap.size (By)[gc.heap.generation=gen0],Metric,0
09/11/2026 05:53:22,System.Runtime,dotnet.gc.last_collection.heap.size (By)[gc.heap.generation=gen2],Metric,0
09/11/2026 05:53:22,System.Runtime,dotnet.gc.last_collection.heap.size (By)[gc.heap.generation=loh],Metric,0
09/11/2026 05:53:22,System.Runtime,dotnet.gc.last_collection.heap.size (By)[gc.heap.generation=gen1],Metric,0
09/11/2026 05:53:22,System.Runtime,dotnet.gc.last_collection.heap.size (By)[gc.heap.generation=poh],Metric,0
09/11/2026 05:53:22,System.Runtime,dotnet.thread_pool.work_item.count ({work_item} / 1 sec),Rate,601
09/11/2026 05:53:22,System.Runtime,dotnet.process.memory.working_set (By),Metric,83525632
09/11/2026 05:53:22,System.Runtime,dotnet.thread_pool.thread.count ({thread} / 1 sec),Rate,0
09/11/2026 05:53:22,System.Runtime,dotnet.jit.compilation.time (s / 1 sec),Rate,0
09/11/2026 05:53:23,System.Runtime,dotnet.jit.compiled_il.size (By / 1 sec),Rate,0
09/11/2026 05:53:23,System.Runtime,dotnet.jit.compiled_methods ({method} / 1 sec),Rate,0
09/11/2026 05:53:23,System.Runtime,dotnet.monitor.lock_contentions ({contention} / 1 sec),Rate,0
09/11/2026 05:53:23,System.Runtime,dotnet.gc.collections ({collection} / 1 sec)[gc.heap.generation=gen0],Rate,0
09/11/2026 05:53:23,System.Runtime,dotnet.gc.collections ({collection} / 1 sec)[gc.heap.generation=gen2],Rate,0
09/11/2026 05:53:23,System.Runtime,dotnet.gc.collections ({collection} / 1 sec)[gc.heap.generation=gen1],Rate,0
09/11/2026 05:53:23,System.Runtime,dotnet.process.cpu.time (s / 1 sec)[cpu.mode=user],Rate,0.5845280000000006
09/11/2026 05:53:23,System.Runtime,dotnet.process.cpu.time (s / 1 sec)[cpu.mode=system],Rate,0.04048300000000005
09/11/2026 05:53:23,System.Runtime,dotnet.process.cpu.count ({cpu}),Metric,15
09/11/2026 05:53:23,System.Runtime,dotnet.gc.pause.time (s / 1 sec),Rate,0
09/11/2026 05:53:23,System.Runtime,dotnet.thread_pool.queue.length ({work_item} / 1 sec),Rate,0
09/11/2026 05:53:23,System.Runtime,dotnet.gc.last_collection.memory.committed_size (By),Metric,0
09/11/2026 05:53:23,System.Runtime,dotnet.gc.last_collection.heap.fragmentation.size (By)[gc.heap.generation=gen0],Metric,0
09/11/2026 05:53:23,System.Runtime,dotnet.gc.last_collection.heap.fragmentation.size (By)[gc.heap.generation=gen2],Metric,0
09/11/2026 05:53:23,System.Runtime,dotnet.gc.last_collection.heap.fragmentation.size (By)[gc.heap.generation=loh],Metric,0
09/11/2026 05:53:23,System.Runtime,dotnet.gc.last_collection.heap.fragmentation.size (By)[gc.heap.generation=gen1],Metric,0
09/11/2026 05:53:23,System.Runtime,dotnet.gc.last_collection.heap.fragmentation.size (By)[gc.heap.generation=poh],Metric,0
09/11/2026 05:53:23,System.Runtime,dotnet.timer.count ({timer}),Metric,2
09/11/2026 05:53:23,System.Runtime,dotnet.assembly.count ({assembly}),Metric,61
09/11/2026 05:53:23,System.Runtime,dotnet.gc.heap.total_allocated (By / 1 sec),Rate,130152
09/11/2026 05:53:23,System.Runtime,dotnet.gc.last_collection.heap.size (By)[gc.heap.generation=gen0],Metric,0
09/11/2026 05:53:23,System.Runtime,dotnet.gc.last_collection.heap.size (By)[gc.heap.generation=gen2],Metric,0
09/11/2026 05:53:23,System.Runtime,dotnet.gc.last_collection.heap.size (By)[gc.heap.generation=loh],Metric,0
09/11/2026 05:53:23,System.Runtime,dotnet.gc.last_collection.heap.size (By)[gc.heap.generation=gen1],Metric,0
09/11/2026 05:53:23,System.Runtime,dotnet.gc.last_collection.heap.size (By)[gc.heap.generation=poh],Metric,0
09/11/2026 05:53:23,System.Runtime,dotnet.thread_pool.work_item.count ({work_item} / 1 sec),Rate,601
09/11/2026 05:53:23,System.Runtime,dotnet.process.memory.working_set (By),Metric,83689472
09/11/2026 05:53:23,System.Runtime,dotnet.thread_pool.thread.count ({thread} / 1 sec),Rate,0
09/11/2026 05:53:23,System.Runtime,dotnet.jit.compilation.time (s / 1 sec),Rate,0
09/11/2026 05:53:24,System.Runtime,dotnet.jit.compiled_il.size (By / 1 sec),Rate,27
09/11/2026 05:53:24,System.Runtime,dotnet.jit.compiled_methods ({method} / 1 sec),Rate,1
09/11/2026 05:53:24,System.Runtime,dotnet.monitor.lock_contentions ({contention} / 1 sec),Rate,0
09/11/2026 05:53:24,System.Runtime,dotnet.gc.collections ({collection} / 1 sec)[gc.heap.generation=gen0],Rate,0
09/11/2026 05:53:24,System.Runtime,dotnet.gc.collections ({collection} / 1 sec)[gc.heap.generation=gen2],Rate,0
09/11/2026 05:53:24,System.Runtime,dotnet.gc.collections ({collection} / 1 sec)[gc.heap.generation=gen1],Rate,0
09/11/2026 05:53:24,System.Runtime,dotnet.process.cpu.time (s / 1 sec)[cpu.mode=user],Rate,0.5845690000000001
09/11/2026 05:53:24,System.Runtime,dotnet.process.cpu.time (s / 1 sec)[cpu.mode=system],Rate,0.04035299999999986
09/11/2026 05:53:24,System.Runtime,dotnet.process.cpu.count ({cpu}),Metric,15
09/11/2026 05:53:24,System.Runtime,dotnet.gc.pause.time (s / 1 sec),Rate,0
09/11/2026 05:53:24,System.Runtime,dotnet.thread_pool.queue.length ({work_item} / 1 sec),Rate,0
09/11/2026 05:53:24,System.Runtime,dotnet.gc.last_collection.memory.committed_size (By),Metric,0
09/11/2026 05:53:24,System.Runtime,dotnet.gc.last_collection.heap.fragmentation.size (By)[gc.heap.generation=gen0],Metric,0
09/11/2026 05:53:24,System.Runtime,dotnet.gc.last_collection.heap.fragmentation.size (By)[gc.heap.generation=gen2],Metric,0
09/11/2026 05:53:24,System.Runtime,dotnet.gc.last_collection.heap.fragmentation.size (By)[gc.heap.generation=loh],Metric,0
09/11/2026 05:53:24,System.Runtime,dotnet.gc.last_collection.heap.fragmentation.size (By)[gc.heap.generation=gen1],Metric,0
09/11/2026 05:53:24,System.Runtime,dotnet.gc.last_collection.heap.fragmentation.size (By)[gc.heap.generation=poh],Metric,0
09/11/2026 05:53:24,System.Runtime,dotnet.timer.count ({timer}),Metric,2
09/11/2026 05:53:24,System.Runtime,dotnet.assembly.count ({assembly}),Metric,61
09/11/2026 05:53:24,System.Runtime,dotnet.gc.heap.total_allocated (By / 1 sec),Rate,137288
09/11/2026 05:53:24,System.Runtime,dotnet.gc.last_collection.heap.size (By)[gc.heap.generation=gen0],Metric,0
09/11/2026 05:53:24,System.Runtime,dotnet.gc.last_collection.heap.size (By)[gc.heap.generation=gen2],Metric,0
09/11/2026 05:53:24,System.Runtime,dotnet.gc.last_collection.heap.size (By)[gc.heap.generation=loh],Metric,0
09/11/2026 05:53:24,System.Runtime,dotnet.gc.last_collection.heap.size (By)[gc.heap.generation=gen1],Metric,0
09/11/2026 05:53:24,System.Runtime,dotnet.gc.last_collection.heap.size (By)[gc.heap.generation=poh],Metric,0
09/11/2026 05:53:24,System.Runtime,dotnet.thread_pool.work_item.count ({work_item} / 1 sec),Rate,601
09/11/2026 05:53:24,System.Runtime,dotnet.process.memory.working_set (By),Metric,83820544
09/11/2026 05:53:24,System.Runtime,dotnet.thread_pool.thread.count ({thread} / 1 sec),Rate,-1
09/11/2026 05:53:24,System.Runtime,dotnet.jit.compilation.time (s / 1 sec),Rate,0.000244800000000045
09/11/2026 05:53:25,System.Runtime,dotnet.jit.compiled_il.size (By / 1 sec),Rate,0
09/11/2026 05:53:25,System.Runtime,dotnet.jit.compiled_methods ({method} / 1 sec),Rate,0
09/11/2026 05:53:25,System.Runtime,dotnet.monitor.lock_contentions ({contention} / 1 sec),Rate,0
09/11/2026 05:53:25,System.Runtime,dotnet.gc.collections ({collection} / 1 sec)[gc.heap.generation=gen0],Rate,0
09/11/2026 05:53:25,System.Runtime,dotnet.gc.collections ({collection} / 1 sec)[gc.heap.generation=gen2],Rate,0
09/11/2026 05:53:25,System.Runtime,dotnet.gc.collections ({collection} / 1 sec)[gc.heap.generation=gen1],Rate,0
09/11/2026 05:53:25,System.Runtime,dotnet.process.cpu.time (s / 1 sec)[cpu.mode=user],Rate,0.5832160000000002
09/11/2026 05:53:25,System.Runtime,dotnet.process.cpu.time (s / 1 sec)[cpu.mode=system],Rate,0.03706000000000009
09/11/2026 05:53:25,System.Runtime,dotnet.process.cpu.count ({cpu}),Metric,15
09/11/2026 05:53:25,System.Runtime,dotnet.gc.pause.time (s / 1 sec),Rate,0
09/11/2026 05:53:25,System.Runtime,dotnet.thread_pool.queue.length ({work_item} / 1 sec),Rate,0
09/11/2026 05:53:25,System.Runtime,dotnet.gc.last_collection.memory.committed_size (By),Metric,0
09/11/2026 05:53:25,System.Runtime,dotnet.gc.last_collection.heap.fragmentation.size (By)[gc.heap.generation=gen0],Metric,0
09/11/2026 05:53:25,System.Runtime,dotnet.gc.last_collection.heap.fragmentation.size (By)[gc.heap.generation=gen2],Metric,0
09/11/2026 05:53:25,System.Runtime,dotnet.gc.last_collection.heap.fragmentation.size (By)[gc.heap.generation=loh],Metric,0
09/11/2026 05:53:25,System.Runtime,dotnet.gc.last_collection.heap.fragmentation.size (By)[gc.heap.generation=gen1],Metric,0
09/11/2026 05:53:25,System.Runtime,dotnet.gc.last_collection.heap.fragmentation.size (By)[gc.heap.generation=poh],Metric,0
09/11/2026 05:53:25,System.Runtime,dotnet.timer.count ({timer}),Metric,2
09/11/2026 05:53:25,System.Runtime,dotnet.assembly.count ({assembly}),Metric,61
09/11/2026 05:53:25,System.Runtime,dotnet.gc.heap.total_allocated (By / 1 sec),Rate,138376
09/11/2026 05:53:25,System.Runtime,dotnet.gc.last_collection.heap.size (By)[gc.heap.generation=gen0],Metric,0
09/11/2026 05:53:25,System.Runtime,dotnet.gc.last_collection.heap.size (By)[gc.heap.generation=gen2],Metric,0
09/11/2026 05:53:25,System.Runtime,dotnet.gc.last_collection.heap.size (By)[gc.heap.generation=loh],Metric,0
09/11/2026 05:53:25,System.Runtime,dotnet.gc.last_collection.heap.size (By)[gc.heap.generation=gen1],Metric,0
09/11/2026 05:53:25,System.Runtime,dotnet.gc.last_collection.heap.size (By)[gc.heap.generation=poh],Metric,0
09/11/2026 05:53:25,System.Runtime,dotnet.thread_pool.work_item.count ({work_item} / 1 sec),Rate,601
09/11/2026 05:53:25,System.Runtime,dotnet.process.memory.working_set (By),Metric,83968000
09/11/2026 05:53:25,System.Runtime,dotnet.thread_pool.thread.count ({thread} / 1 sec),Rate,0
09/11/2026 05:53:25,System.Runtime,dotnet.jit.compilation.time (s / 1 sec),Rate,0
09/11/2026 05:53:26,System.Runtime,dotnet.jit.compiled_il.size (By / 1 sec),Rate,1002
09/11/2026 05:53:26,System.Runtime,dotnet.jit.compiled_methods ({method} / 1 sec),Rate,8
09/11/2026 05:53:26,System.Runtime,dotnet.monitor.lock_contentions ({contention} / 1 sec),Rate,0
09/11/2026 05:53:26,System.Runtime,dotnet.gc.collections ({collection} / 1 sec)[gc.heap.generation=gen0],Rate,0
09/11/2026 05:53:26,System.Runtime,dotnet.gc.collections ({collection} / 1 sec)[gc.heap.generation=gen2],Rate,0
09/11/2026 05:53:26,System.Runtime,dotnet.gc.collections ({collection} / 1 sec)[gc.heap.generation=gen1],Rate,0
09/11/2026 05:53:26,System.Runtime,dotnet.process.cpu.time (s / 1 sec)[cpu.mode=user],Rate,0.5884059999999991
09/11/2026 05:53:26,System.Runtime,dotnet.process.cpu.time (s / 1 sec)[cpu.mode=system],Rate,0.04603800000000002
09/11/2026 05:53:26,System.Runtime,dotnet.process.cpu.count ({cpu}),Metric,15
09/11/2026 05:53:26,System.Runtime,dotnet.gc.pause.time (s / 1 sec),Rate,0
09/11/2026 05:53:26,System.Runtime,dotnet.thread_pool.queue.length ({work_item} / 1 sec),Rate,0
09/11/2026 05:53:26,System.Runtime,dotnet.gc.last_collection.memory.committed_size (By),Metric,0
09/11/2026 05:53:26,System.Runtime,dotnet.gc.last_collection.heap.fragmentation.size (By)[gc.heap.generation=gen0],Metric,0
09/11/2026 05:53:26,System.Runtime,dotnet.gc.last_collection.heap.fragmentation.size (By)[gc.heap.generation=gen2],Metric,0
09/11/2026 05:53:26,System.Runtime,dotnet.gc.last_collection.heap.fragmentation.size (By)[gc.heap.generation=loh],Metric,0
09/11/2026 05:53:26,System.Runtime,dotnet.gc.last_collection.heap.fragmentation.size (By)[gc.heap.generation=gen1],Metric,0
09/11/2026 05:53:26,System.Runtime,dotnet.gc.last_collection.heap.fragmentation.size (By)[gc.heap.generation=poh],Metric,0
09/11/2026 05:53:26,System.Runtime,dotnet.timer.count ({timer}),Metric,2
09/11/2026 05:53:26,System.Runtime,dotnet.assembly.count ({assembly}),Metric,61
09/11/2026 05:53:26,System.Runtime,dotnet.gc.heap.total_allocated (By / 1 sec),Rate,131112
09/11/2026 05:53:26,System.Runtime,dotnet.gc.last_collection.heap.size (By)[gc.heap.generation=gen0],Metric,0
09/11/2026 05:53:26,System.Runtime,dotnet.gc.last_collection.heap.size (By)[gc.heap.generation=gen2],Metric,0
09/11/2026 05:53:26,System.Runtime,dotnet.gc.last_collection.heap.size (By)[gc.heap.generation=loh],Metric,0
09/11/2026 05:53:26,System.Runtime,dotnet.gc.last_collection.heap.size (By)[gc.heap.generation=gen1],Metric,0
09/11/2026 05:53:26,System.Runtime,dotnet.gc.last_collection.heap.size (By)[gc.heap.generation=poh],Metric,0
09/11/2026 05:53:26,System.Runtime,dotnet.thread_pool.work_item.count ({work_item} / 1 sec),Rate,602
09/11/2026 05:53:26,System.Runtime,dotnet.process.memory.working_set (By),Metric,84115456
09/11/2026 05:53:26,System.Runtime,dotnet.thread_pool.thread.count ({thread} / 1 sec),Rate,0
09/11/2026 05:53:26,System.Runtime,dotnet.jit.compilation.time (s / 1 sec),Rate,0.0030322999999999878
09/11/2026 05:53:27,System.Runtime,dotnet.jit.compiled_il.size (By / 1 sec),Rate,492
09/11/2026 05:53:27,System.Runtime,dotnet.jit.compiled_methods ({method} / 1 sec),Rate,2
09/11/2026 05:53:27,System.Runtime,dotnet.monitor.lock_contentions ({contention} / 1 sec),Rate,0
09/11/2026 05:53:27,System.Runtime,dotnet.gc.collections ({collection} / 1 sec)[gc.heap.generation=gen0],Rate,0
09/11/2026 05:53:27,System.Runtime,dotnet.gc.collections ({collection} / 1 sec)[gc.heap.generation=gen2],Rate,0
09/11/2026 05:53:27,System.Runtime,dotnet.gc.collections ({collection} / 1 sec)[gc.heap.generation=gen1],Rate,0
09/11/2026 05:53:27,System.Runtime,dotnet.process.cpu.time (s / 1 sec)[cpu.mode=user],Rate,0.5809740000000012
09/11/2026 05:53:27,System.Runtime,dotnet.process.cpu.time (s / 1 sec)[cpu.mode=system],Rate,0.04755799999999999
09/11/2026 05:53:27,System.Runtime,dotnet.process.cpu.count ({cpu}),Metric,15
09/11/2026 05:53:27,System.Runtime,dotnet.gc.pause.time (s / 1 sec),Rate,0
09/11/2026 05:53:27,System.Runtime,dotnet.thread_pool.queue.length ({work_item} / 1 sec),Rate,0
09/11/2026 05:53:27,System.Runtime,dotnet.gc.last_collection.memory.committed_size (By),Metric,0
09/11/2026 05:53:27,System.Runtime,dotnet.gc.last_collection.heap.fragmentation.size (By)[gc.heap.generation=gen0],Metric,0
09/11/2026 05:53:27,System.Runtime,dotnet.gc.last_collection.heap.fragmentation.size (By)[gc.heap.generation=gen2],Metric,0
09/11/2026 05:53:27,System.Runtime,dotnet.gc.last_collection.heap.fragmentation.size (By)[gc.heap.generation=loh],Metric,0
09/11/2026 05:53:27,System.Runtime,dotnet.gc.last_collection.heap.fragmentation.size (By)[gc.heap.generation=gen1],Metric,0
09/11/2026 05:53:27,System.Runtime,dotnet.gc.last_collection.heap.fragmentation.size (By)[gc.heap.generation=poh],Metric,0
09/11/2026 05:53:27,System.Runtime,dotnet.timer.count ({timer}),Metric,2
09/11/2026 05:53:27,System.Runtime,dotnet.assembly.count ({assembly}),Metric,61
09/11/2026 05:53:27,System.Runtime,dotnet.gc.heap.total_allocated (By / 1 sec),Rate,136280
09/11/2026 05:53:27,System.Runtime,dotnet.gc.last_collection.heap.size (By)[gc.heap.generation=gen0],Metric,0
09/11/2026 05:53:27,System.Runtime,dotnet.gc.last_collection.heap.size (By)[gc.heap.generation=gen2],Metric,0
09/11/2026 05:53:27,System.Runtime,dotnet.gc.last_collection.heap.size (By)[gc.heap.generation=loh],Metric,0
09/11/2026 05:53:27,System.Runtime,dotnet.gc.last_collection.heap.size (By)[gc.heap.generation=gen1],Metric,0
09/11/2026 05:53:27,System.Runtime,dotnet.gc.last_collection.heap.size (By)[gc.heap.generation=poh],Metric,0
09/11/2026 05:53:27,System.Runtime,dotnet.thread_pool.work_item.count ({work_item} / 1 sec),Rate,601
09/11/2026 05:53:27,System.Runtime,dotnet.process.memory.working_set (By),Metric,84262912
09/11/2026 05:53:27,System.Runtime,dotnet.thread_pool.thread.count ({thread} / 1 sec),Rate,0
09/11/2026 05:53:27,System.Runtime,dotnet.jit.compilation.time (s / 1 sec),Rate,0.0017127000000000114
09/11/2026 05:53:28,System.Runtime,dotnet.jit.compiled_il.size (By / 1 sec),Rate,0
09/11/2026 05:53:28,System.Runtime,dotnet.jit.compiled_methods ({method} / 1 sec),Rate,0
09/11/2026 05:53:28,System.Runtime,dotnet.monitor.lock_contentions ({contention} / 1 sec),Rate,0
09/11/2026 05:53:28,System.Runtime,dotnet.gc.collections ({collection} / 1 sec)[gc.heap.generation=gen0],Rate,0
09/11/2026 05:53:28,System.Runtime,dotnet.gc.collections ({collection} / 1 sec)[gc.heap.generation=gen2],Rate,0
09/11/2026 05:53:28,System.Runtime,dotnet.gc.collections ({collection} / 1 sec)[gc.heap.generation=gen1],Rate,0
09/11/2026 05:53:28,System.Runtime,dotnet.process.cpu.time (s / 1 sec)[cpu.mode=user],Rate,0.5693970000000004
09/11/2026 05:53:28,System.Runtime,dotnet.process.cpu.time (s / 1 sec)[cpu.mode=system],Rate,0.03739500000000007
09/11/2026 05:53:28,System.Runtime,dotnet.process.cpu.count ({cpu}),Metric,15
09/11/2026 05:53:28,System.Runtime,dotnet.gc.pause.time (s / 1 sec),Rate,0
09/11/2026 05:53:28,System.Runtime,dotnet.thread_pool.queue.length ({work_item} / 1 sec),Rate,0
09/11/2026 05:53:28,System.Runtime,dotnet.gc.last_collection.memory.committed_size (By),Metric,0
09/11/2026 05:53:28,System.Runtime,dotnet.gc.last_collection.heap.fragmentation.size (By)[gc.heap.generation=gen0],Metric,0
09/11/2026 05:53:28,System.Runtime,dotnet.gc.last_collection.heap.fragmentation.size (By)[gc.heap.generation=gen2],Metric,0
09/11/2026 05:53:28,System.Runtime,dotnet.gc.last_collection.heap.fragmentation.size (By)[gc.heap.generation=loh],Metric,0
09/11/2026 05:53:28,System.Runtime,dotnet.gc.last_collection.heap.fragmentation.size (By)[gc.heap.generation=gen1],Metric,0
09/11/2026 05:53:28,System.Runtime,dotnet.gc.last_collection.heap.fragmentation.size (By)[gc.heap.generation=poh],Metric,0
09/11/2026 05:53:28,System.Runtime,dotnet.timer.count ({timer}),Metric,2
09/11/2026 05:53:28,System.Runtime,dotnet.assembly.count ({assembly}),Metric,61
09/11/2026 05:53:28,System.Runtime,dotnet.gc.heap.total_allocated (By / 1 sec),Rate,147600
09/11/2026 05:53:28,System.Runtime,dotnet.gc.last_collection.heap.size (By)[gc.heap.generation=gen0],Metric,0
09/11/2026 05:53:28,System.Runtime,dotnet.gc.last_collection.heap.size (By)[gc.heap.generation=gen2],Metric,0
09/11/2026 05:53:28,System.Runtime,dotnet.gc.last_collection.heap.size (By)[gc.heap.generation=loh],Metric,0
09/11/2026 05:53:28,System.Runtime,dotnet.gc.last_collection.heap.size (By)[gc.heap.generation=gen1],Metric,0
09/11/2026 05:53:28,System.Runtime,dotnet.gc.last_collection.heap.size (By)[gc.heap.generation=poh],Metric,0
09/11/2026 05:53:28,System.Runtime,dotnet.thread_pool.work_item.count ({work_item} / 1 sec),Rate,601
09/11/2026 05:53:28,System.Runtime,dotnet.process.memory.working_set (By),Metric,84426752
09/11/2026 05:53:28,System.Runtime,dotnet.thread_pool.thread.count ({thread} / 1 sec),Rate,0
09/11/2026 05:53:28,System.Runtime,dotnet.jit.compilation.time (s / 1 sec),Rate,0
09/11/2026 05:53:29,System.Runtime,dotnet.jit.compiled_il.size (By / 1 sec),Rate,0
09/11/2026 05:53:29,System.Runtime,dotnet.jit.compiled_methods ({method} / 1 sec),Rate,0
09/11/2026 05:53:29,System.Runtime,dotnet.monitor.lock_contentions ({contention} / 1 sec),Rate,0
09/11/2026 05:53:29,System.Runtime,dotnet.gc.collections ({collection} / 1 sec)[gc.heap.generation=gen0],Rate,0
09/11/2026 05:53:29,System.Runtime,dotnet.gc.collections ({collection} / 1 sec)[gc.heap.generation=gen2],Rate,0
09/11/2026 05:53:29,System.Runtime,dotnet.gc.collections ({collection} / 1 sec)[gc.heap.generation=gen1],Rate,0
09/11/2026 05:53:29,System.Runtime,dotnet.process.cpu.time (s / 1 sec)[cpu.mode=user],Rate,0.5776029999999999
09/11/2026 05:53:29,System.Runtime,dotnet.process.cpu.time (s / 1 sec)[cpu.mode=system],Rate,0.04343699999999995
09/11/2026 05:53:29,System.Runtime,dotnet.process.cpu.count ({cpu}),Metric,15
09/11/2026 05:53:29,System.Runtime,dotnet.gc.pause.time (s / 1 sec),Rate,0
09/11/2026 05:53:29,System.Runtime,dotnet.thread_pool.queue.length ({work_item} / 1 sec),Rate,0
09/11/2026 05:53:29,System.Runtime,dotnet.gc.last_collection.memory.committed_size (By),Metric,0
09/11/2026 05:53:29,System.Runtime,dotnet.gc.last_collection.heap.fragmentation.size (By)[gc.heap.generation=gen0],Metric,0
09/11/2026 05:53:29,System.Runtime,dotnet.gc.last_collection.heap.fragmentation.size (By)[gc.heap.generation=gen2],Metric,0
09/11/2026 05:53:29,System.Runtime,dotnet.gc.last_collection.heap.fragmentation.size (By)[gc.heap.generation=loh],Metric,0
09/11/2026 05:53:29,System.Runtime,dotnet.gc.last_collection.heap.fragmentation.size (By)[gc.heap.generation=gen1],Metric,0
09/11/2026 05:53:29,System.Runtime,dotnet.gc.last_collection.heap.fragmentation.size (By)[gc.heap.generation=poh],Metric,0
09/11/2026 05:53:29,System.Runtime,dotnet.timer.count ({timer}),Metric,2
09/11/2026 05:53:29,System.Runtime,dotnet.assembly.count ({assembly}),Metric,61
09/11/2026 05:53:29,System.Runtime,dotnet.gc.heap.total_allocated (By / 1 sec),Rate,122984
09/11/2026 05:53:29,System.Runtime,dotnet.gc.last_collection.heap.size (By)[gc.heap.generation=gen0],Metric,0
09/11/2026 05:53:29,System.Runtime,dotnet.gc.last_collection.heap.size (By)[gc.heap.generation=gen2],Metric,0
09/11/2026 05:53:29,System.Runtime,dotnet.gc.last_collection.heap.size (By)[gc.heap.generation=loh],Metric,0
09/11/2026 05:53:29,System.Runtime,dotnet.gc.last_collection.heap.size (By)[gc.heap.generation=gen1],Metric,0
09/11/2026 05:53:29,System.Runtime,dotnet.gc.last_collection.heap.size (By)[gc.heap.generation=poh],Metric,0
09/11/2026 05:53:29,System.Runtime,dotnet.thread_pool.work_item.count ({work_item} / 1 sec),Rate,601
09/11/2026 05:53:29,System.Runtime,dotnet.process.memory.working_set (By),Metric,84574208
09/11/2026 05:53:29,System.Runtime,dotnet.thread_pool.thread.count ({thread} / 1 sec),Rate,0
09/11/2026 05:53:29,System.Runtime,dotnet.jit.compilation.time (s / 1 sec),Rate,0
09/11/2026 05:53:30,System.Runtime,dotnet.jit.compiled_il.size (By / 1 sec),Rate,0
09/11/2026 05:53:30,System.Runtime,dotnet.jit.compiled_methods ({method} / 1 sec),Rate,0
09/11/2026 05:53:30,System.Runtime,dotnet.monitor.lock_contentions ({contention} / 1 sec),Rate,0
09/11/2026 05:53:30,System.Runtime,dotnet.gc.collections ({collection} / 1 sec)[gc.heap.generation=gen0],Rate,0
09/11/2026 05:53:30,System.Runtime,dotnet.gc.collections ({collection} / 1 sec)[gc.heap.generation=gen2],Rate,0
09/11/2026 05:53:30,System.Runtime,dotnet.gc.collections ({collection} / 1 sec)[gc.heap.generation=gen1],Rate,0
09/11/2026 05:53:30,System.Runtime,dotnet.process.cpu.time (s / 1 sec)[cpu.mode=user],Rate,0.590147
09/11/2026 05:53:30,System.Runtime,dotnet.process.cpu.time (s / 1 sec)[cpu.mode=system],Rate,0.04159399999999991
09/11/2026 05:53:30,System.Runtime,dotnet.process.cpu.count ({cpu}),Metric,15
09/11/2026 05:53:30,System.Runtime,dotnet.gc.pause.time (s / 1 sec),Rate,0
09/11/2026 05:53:30,System.Runtime,dotnet.thread_pool.queue.length ({work_item} / 1 sec),Rate,0
09/11/2026 05:53:30,System.Runtime,dotnet.gc.last_collection.memory.committed_size (By),Metric,0
09/11/2026 05:53:30,System.Runtime,dotnet.gc.last_collection.heap.fragmentation.size (By)[gc.heap.generation=gen0],Metric,0
09/11/2026 05:53:30,System.Runtime,dotnet.gc.last_collection.heap.fragmentation.size (By)[gc.heap.generation=gen2],Metric,0
09/11/2026 05:53:30,System.Runtime,dotnet.gc.last_collection.heap.fragmentation.size (By)[gc.heap.generation=loh],Metric,0
09/11/2026 05:53:30,System.Runtime,dotnet.gc.last_collection.heap.fragmentation.size (By)[gc.heap.generation=gen1],Metric,0
09/11/2026 05:53:30,System.Runtime,dotnet.gc.last_collection.heap.fragmentation.size (By)[gc.heap.generation=poh],Metric,0
09/11/2026 05:53:30,System.Runtime,dotnet.timer.count ({timer}),Metric,2
09/11/2026 05:53:30,System.Runtime,dotnet.assembly.count ({assembly}),Metric,61
09/11/2026 05:53:30,System.Runtime,dotnet.gc.heap.total_allocated (By / 1 sec),Rate,123000
09/11/2026 05:53:30,System.Runtime,dotnet.gc.last_collection.heap.size (By)[gc.heap.generation=gen0],Metric,0
09/11/2026 05:53:30,System.Runtime,dotnet.gc.last_collection.heap.size (By)[gc.heap.generation=gen2],Metric,0
09/11/2026 05:53:30,System.Runtime,dotnet.gc.last_collection.heap.size (By)[gc.heap.generation=loh],Metric,0
09/11/2026 05:53:30,System.Runtime,dotnet.gc.last_collection.heap.size (By)[gc.heap.generation=gen1],Metric,0
09/11/2026 05:53:30,System.Runtime,dotnet.gc.last_collection.heap.size (By)[gc.heap.generation=poh],Metric,0
09/11/2026 05:53:30,System.Runtime,dotnet.thread_pool.work_item.count ({work_item} / 1 sec),Rate,601
09/11/2026 05:53:30,System.Runtime,dotnet.process.memory.working_set (By),Metric,84705280
09/11/2026 05:53:30,System.Runtime,dotnet.thread_pool.thread.count ({thread} / 1 sec),Rate,0
09/11/2026 05:53:30,System.Runtime,dotnet.jit.compilation.time (s / 1 sec),Rate,0
09/11/2026 05:53:31,System.Runtime,dotnet.jit.compiled_il.size (By / 1 sec),Rate,1595
09/11/2026 05:53:31,System.Runtime,dotnet.jit.compiled_methods ({method} / 1 sec),Rate,5
09/11/2026 05:53:31,System.Runtime,dotnet.monitor.lock_contentions ({contention} / 1 sec),Rate,0
09/11/2026 05:53:31,System.Runtime,dotnet.gc.collections ({collection} / 1 sec)[gc.heap.generation=gen0],Rate,0
09/11/2026 05:53:31,System.Runtime,dotnet.gc.collections ({collection} / 1 sec)[gc.heap.generation=gen2],Rate,0
09/11/2026 05:53:31,System.Runtime,dotnet.gc.collections ({collection} / 1 sec)[gc.heap.generation=gen1],Rate,0
09/11/2026 05:53:31,System.Runtime,dotnet.process.cpu.time (s / 1 sec)[cpu.mode=user],Rate,0.5909839999999988
09/11/2026 05:53:31,System.Runtime,dotnet.process.cpu.time (s / 1 sec)[cpu.mode=system],Rate,0.04338600000000015
09/11/2026 05:53:31,System.Runtime,dotnet.process.cpu.count ({cpu}),Metric,15
09/11/2026 05:53:31,System.Runtime,dotnet.gc.pause.time (s / 1 sec),Rate,0
09/11/2026 05:53:31,System.Runtime,dotnet.thread_pool.queue.length ({work_item} / 1 sec),Rate,0
09/11/2026 05:53:31,System.Runtime,dotnet.gc.last_collection.memory.committed_size (By),Metric,0
09/11/2026 05:53:31,System.Runtime,dotnet.gc.last_collection.heap.fragmentation.size (By)[gc.heap.generation=gen0],Metric,0
09/11/2026 05:53:31,System.Runtime,dotnet.gc.last_collection.heap.fragmentation.size (By)[gc.heap.generation=gen2],Metric,0
09/11/2026 05:53:31,System.Runtime,dotnet.gc.last_collection.heap.fragmentation.size (By)[gc.heap.generation=loh],Metric,0
09/11/2026 05:53:31,System.Runtime,dotnet.gc.last_collection.heap.fragmentation.size (By)[gc.heap.generation=gen1],Metric,0
09/11/2026 05:53:31,System.Runtime,dotnet.gc.last_collection.heap.fragmentation.size (By)[gc.heap.generation=poh],Metric,0
09/11/2026 05:53:31,System.Runtime,dotnet.timer.count ({timer}),Metric,2
09/11/2026 05:53:31,System.Runtime,dotnet.assembly.count ({assembly}),Metric,61
09/11/2026 05:53:31,System.Runtime,dotnet.gc.heap.total_allocated (By / 1 sec),Rate,155784
09/11/2026 05:53:31,System.Runtime,dotnet.gc.last_collection.heap.size (By)[gc.heap.generation=gen0],Metric,0
09/11/2026 05:53:31,System.Runtime,dotnet.gc.last_collection.heap.size (By)[gc.heap.generation=gen2],Metric,0
09/11/2026 05:53:31,System.Runtime,dotnet.gc.last_collection.heap.size (By)[gc.heap.generation=loh],Metric,0
09/11/2026 05:53:31,System.Runtime,dotnet.gc.last_collection.heap.size (By)[gc.heap.generation=gen1],Metric,0
09/11/2026 05:53:31,System.Runtime,dotnet.gc.last_collection.heap.size (By)[gc.heap.generation=poh],Metric,0
09/11/2026 05:53:31,System.Runtime,dotnet.thread_pool.work_item.count ({work_item} / 1 sec),Rate,602
09/11/2026 05:53:31,System.Runtime,dotnet.process.memory.working_set (By),Metric,85295104
09/11/2026 05:53:31,System.Runtime,dotnet.thread_pool.thread.count ({thread} / 1 sec),Rate,0
09/11/2026 05:53:31,System.Runtime,dotnet.jit.compilation.time (s / 1 sec),Rate,0.006804499999999991
09/11/2026 05:53:32,System.Runtime,dotnet.jit.compiled_il.size (By / 1 sec),Rate,0
09/11/2026 05:53:32,System.Runtime,dotnet.jit.compiled_methods ({method} / 1 sec),Rate,0
09/11/2026 05:53:32,System.Runtime,dotnet.monitor.lock_contentions ({contention} / 1 sec),Rate,0
09/11/2026 05:53:32,System.Runtime,dotnet.gc.collections ({collection} / 1 sec)[gc.heap.generation=gen0],Rate,0
09/11/2026 05:53:32,System.Runtime,dotnet.gc.collections ({collection} / 1 sec)[gc.heap.generation=gen2],Rate,0
09/11/2026 05:53:32,System.Runtime,dotnet.gc.collections ({collection} / 1 sec)[gc.heap.generation=gen1],Rate,0
09/11/2026 05:53:32,System.Runtime,dotnet.process.cpu.time (s / 1 sec)[cpu.mode=user],Rate,0.5885710000000017
09/11/2026 05:53:32,System.Runtime,dotnet.process.cpu.time (s / 1 sec)[cpu.mode=system],Rate,0.052959999999999896
09/11/2026 05:53:32,System.Runtime,dotnet.process.cpu.count ({cpu}),Metric,15
09/11/2026 05:53:32,System.Runtime,dotnet.gc.pause.time (s / 1 sec),Rate,0
09/11/2026 05:53:32,System.Runtime,dotnet.thread_pool.queue.length ({work_item} / 1 sec),Rate,0
09/11/2026 05:53:32,System.Runtime,dotnet.gc.last_collection.memory.committed_size (By),Metric,0
09/11/2026 05:53:32,System.Runtime,dotnet.gc.last_collection.heap.fragmentation.size (By)[gc.heap.generation=gen0],Metric,0
09/11/2026 05:53:32,System.Runtime,dotnet.gc.last_collection.heap.fragmentation.size (By)[gc.heap.generation=gen2],Metric,0
09/11/2026 05:53:32,System.Runtime,dotnet.gc.last_collection.heap.fragmentation.size (By)[gc.heap.generation=loh],Metric,0
09/11/2026 05:53:32,System.Runtime,dotnet.gc.last_collection.heap.fragmentation.size (By)[gc.heap.generation=gen1],Metric,0
09/11/2026 05:53:32,System.Runtime,dotnet.gc.last_collection.heap.fragmentation.size (By)[gc.heap.generation=poh],Metric,0
09/11/2026 05:53:32,System.Runtime,dotnet.timer.count ({timer}),Metric,2
09/11/2026 05:53:32,System.Runtime,dotnet.assembly.count ({assembly}),Metric,61
09/11/2026 05:53:32,System.Runtime,dotnet.gc.heap.total_allocated (By / 1 sec),Rate,121976
09/11/2026 05:53:32,System.Runtime,dotnet.gc.last_collection.heap.size (By)[gc.heap.generation=gen0],Metric,0
09/11/2026 05:53:32,System.Runtime,dotnet.gc.last_collection.heap.size (By)[gc.heap.generation=gen2],Metric,0
09/11/2026 05:53:32,System.Runtime,dotnet.gc.last_collection.heap.size (By)[gc.heap.generation=loh],Metric,0
09/11/2026 05:53:32,System.Runtime,dotnet.gc.last_collection.heap.size (By)[gc.heap.generation=gen1],Metric,0
09/11/2026 05:53:32,System.Runtime,dotnet.gc.last_collection.heap.size (By)[gc.heap.generation=poh],Metric,0
09/11/2026 05:53:32,System.Runtime,dotnet.thread_pool.work_item.count ({work_item} / 1 sec),Rate,601
09/11/2026 05:53:32,System.Runtime,dotnet.process.memory.working_set (By),Metric,85458944
09/11/2026 05:53:32,System.Runtime,dotnet.thread_pool.thread.count ({thread} / 1 sec),Rate,0
09/11/2026 05:53:32,System.Runtime,dotnet.jit.compilation.time (s / 1 sec),Rate,0
09/11/2026 05:53:33,System.Runtime,dotnet.jit.compiled_il.size (By / 1 sec),Rate,254
09/11/2026 05:53:33,System.Runtime,dotnet.jit.compiled_methods ({method} / 1 sec),Rate,1
09/11/2026 05:53:33,System.Runtime,dotnet.monitor.lock_contentions ({contention} / 1 sec),Rate,0
09/11/2026 05:53:33,System.Runtime,dotnet.gc.collections ({collection} / 1 sec)[gc.heap.generation=gen0],Rate,0
09/11/2026 05:53:33,System.Runtime,dotnet.gc.collections ({collection} / 1 sec)[gc.heap.generation=gen2],Rate,0
09/11/2026 05:53:33,System.Runtime,dotnet.gc.collections ({collection} / 1 sec)[gc.heap.generation=gen1],Rate,0
09/11/2026 05:53:33,System.Runtime,dotnet.process.cpu.time (s / 1 sec)[cpu.mode=user],Rate,0.5861449999999984
09/11/2026 05:53:33,System.Runtime,dotnet.process.cpu.time (s / 1 sec)[cpu.mode=system],Rate,0.038391000000000064
09/11/2026 05:53:33,System.Runtime,dotnet.process.cpu.count ({cpu}),Metric,15
09/11/2026 05:53:33,System.Runtime,dotnet.gc.pause.time (s / 1 sec),Rate,0
09/11/2026 05:53:33,System.Runtime,dotnet.thread_pool.queue.length ({work_item} / 1 sec),Rate,0
09/11/2026 05:53:33,System.Runtime,dotnet.gc.last_collection.memory.committed_size (By),Metric,0
09/11/2026 05:53:33,System.Runtime,dotnet.gc.last_collection.heap.fragmentation.size (By)[gc.heap.generation=gen0],Metric,0
09/11/2026 05:53:33,System.Runtime,dotnet.gc.last_collection.heap.fragmentation.size (By)[gc.heap.generation=gen2],Metric,0
09/11/2026 05:53:33,System.Runtime,dotnet.gc.last_collection.heap.fragmentation.size (By)[gc.heap.generation=loh],Metric,0
09/11/2026 05:53:33,System.Runtime,dotnet.gc.last_collection.heap.fragmentation.size (By)[gc.heap.generation=gen1],Metric,0
09/11/2026 05:53:33,System.Runtime,dotnet.gc.last_collection.heap.fragmentation.size (By)[gc.heap.generation=poh],Metric,0
09/11/2026 05:53:33,System.Runtime,dotnet.timer.count ({timer}),Metric,2
09/11/2026 05:53:33,System.Runtime,dotnet.assembly.count ({assembly}),Metric,61
09/11/2026 05:53:33,System.Runtime,dotnet.gc.heap.total_allocated (By / 1 sec),Rate,147600
09/11/2026 05:53:33,System.Runtime,dotnet.gc.last_collection.heap.size (By)[gc.heap.generation=gen0],Metric,0
09/11/2026 05:53:33,System.Runtime,dotnet.gc.last_collection.heap.size (By)[gc.heap.generation=gen2],Metric,0
09/11/2026 05:53:33,System.Runtime,dotnet.gc.last_collection.heap.size (By)[gc.heap.generation=loh],Metric,0
09/11/2026 05:53:33,System.Runtime,dotnet.gc.last_collection.heap.size (By)[gc.heap.generation=gen1],Metric,0
09/11/2026 05:53:33,System.Runtime,dotnet.gc.last_collection.heap.size (By)[gc.heap.generation=poh],Metric,0
09/11/2026 05:53:33,System.Runtime,dotnet.thread_pool.work_item.count ({work_item} / 1 sec),Rate,599
09/11/2026 05:53:33,System.Runtime,dotnet.process.memory.working_set (By),Metric,87638016
09/11/2026 05:53:33,System.Runtime,dotnet.thread_pool.thread.count ({thread} / 1 sec),Rate,0
09/11/2026 05:53:33,System.Runtime,dotnet.jit.compilation.time (s / 1 sec),Rate,0.007726699999999975
09/11/2026 05:53:34,System.Runtime,dotnet.jit.compiled_il.size (By / 1 sec),Rate,0
09/11/2026 05:53:34,System.Runtime,dotnet.jit.compiled_methods ({method} / 1 sec),Rate,0
09/11/2026 05:53:34,System.Runtime,dotnet.monitor.lock_contentions ({contention} / 1 sec),Rate,0
09/11/2026 05:53:34,System.Runtime,dotnet.gc.collections ({collection} / 1 sec)[gc.heap.generation=gen0],Rate,0
09/11/2026 05:53:34,System.Runtime,dotnet.gc.collections ({collection} / 1 sec)[gc.heap.generation=gen2],Rate,0
09/11/2026 05:53:34,System.Runtime,dotnet.gc.collections ({collection} / 1 sec)[gc.heap.generation=gen1],Rate,0
09/11/2026 05:53:34,System.Runtime,dotnet.process.cpu.time (s / 1 sec)[cpu.mode=user],Rate,0.582692999999999
09/11/2026 05:53:34,System.Runtime,dotnet.process.cpu.time (s / 1 sec)[cpu.mode=system],Rate,0.04029100000000008
09/11/2026 05:53:34,System.Runtime,dotnet.process.cpu.count ({cpu}),Metric,15
09/11/2026 05:53:34,System.Runtime,dotnet.gc.pause.time (s / 1 sec),Rate,0
09/11/2026 05:53:34,System.Runtime,dotnet.thread_pool.queue.length ({work_item} / 1 sec),Rate,0
09/11/2026 05:53:34,System.Runtime,dotnet.gc.last_collection.memory.committed_size (By),Metric,0
09/11/2026 05:53:34,System.Runtime,dotnet.gc.last_collection.heap.fragmentation.size (By)[gc.heap.generation=gen0],Metric,0
09/11/2026 05:53:34,System.Runtime,dotnet.gc.last_collection.heap.fragmentation.size (By)[gc.heap.generation=gen2],Metric,0
09/11/2026 05:53:34,System.Runtime,dotnet.gc.last_collection.heap.fragmentation.size (By)[gc.heap.generation=loh],Metric,0
09/11/2026 05:53:34,System.Runtime,dotnet.gc.last_collection.heap.fragmentation.size (By)[gc.heap.generation=gen1],Metric,0
09/11/2026 05:53:34,System.Runtime,dotnet.gc.last_collection.heap.fragmentation.size (By)[gc.heap.generation=poh],Metric,0
09/11/2026 05:53:34,System.Runtime,dotnet.timer.count ({timer}),Metric,2
09/11/2026 05:53:34,System.Runtime,dotnet.assembly.count ({assembly}),Metric,61
09/11/2026 05:53:34,System.Runtime,dotnet.gc.heap.total_allocated (By / 1 sec),Rate,131200
09/11/2026 05:53:34,System.Runtime,dotnet.gc.last_collection.heap.size (By)[gc.heap.generation=gen0],Metric,0
09/11/2026 05:53:34,System.Runtime,dotnet.gc.last_collection.heap.size (By)[gc.heap.generation=gen2],Metric,0
09/11/2026 05:53:34,System.Runtime,dotnet.gc.last_collection.heap.size (By)[gc.heap.generation=loh],Metric,0
09/11/2026 05:53:34,System.Runtime,dotnet.gc.last_collection.heap.size (By)[gc.heap.generation=gen1],Metric,0
09/11/2026 05:53:34,System.Runtime,dotnet.gc.last_collection.heap.size (By)[gc.heap.generation=poh],Metric,0
09/11/2026 05:53:34,System.Runtime,dotnet.thread_pool.work_item.count ({work_item} / 1 sec),Rate,601
09/11/2026 05:53:34,System.Runtime,dotnet.process.memory.working_set (By),Metric,87785472
09/11/2026 05:53:34,System.Runtime,dotnet.thread_pool.thread.count ({thread} / 1 sec),Rate,0
09/11/2026 05:53:34,System.Runtime,dotnet.jit.compilation.time (s / 1 sec),Rate,0
09/11/2026 05:53:35,System.Runtime,dotnet.jit.compiled_il.size (By / 1 sec),Rate,0
09/11/2026 05:53:35,System.Runtime,dotnet.jit.compiled_methods ({method} / 1 sec),Rate,0
09/11/2026 05:53:35,System.Runtime,dotnet.monitor.lock_contentions ({contention} / 1 sec),Rate,0
09/11/2026 05:53:35,System.Runtime,dotnet.gc.collections ({collection} / 1 sec)[gc.heap.generation=gen0],Rate,0
09/11/2026 05:53:35,System.Runtime,dotnet.gc.collections ({collection} / 1 sec)[gc.heap.generation=gen2],Rate,0
09/11/2026 05:53:35,System.Runtime,dotnet.gc.collections ({collection} / 1 sec)[gc.heap.generation=gen1],Rate,0
09/11/2026 05:53:35,System.Runtime,dotnet.process.cpu.time (s / 1 sec)[cpu.mode=user],Rate,0.5822050000000019
09/11/2026 05:53:35,System.Runtime,dotnet.process.cpu.time (s / 1 sec)[cpu.mode=system],Rate,0.04313599999999984
09/11/2026 05:53:35,System.Runtime,dotnet.process.cpu.count ({cpu}),Metric,15
09/11/2026 05:53:35,System.Runtime,dotnet.gc.pause.time (s / 1 sec),Rate,0
09/11/2026 05:53:35,System.Runtime,dotnet.thread_pool.queue.length ({work_item} / 1 sec),Rate,0
09/11/2026 05:53:35,System.Runtime,dotnet.gc.last_collection.memory.committed_size (By),Metric,0
09/11/2026 05:53:35,System.Runtime,dotnet.gc.last_collection.heap.fragmentation.size (By)[gc.heap.generation=gen0],Metric,0
09/11/2026 05:53:35,System.Runtime,dotnet.gc.last_collection.heap.fragmentation.size (By)[gc.heap.generation=gen2],Metric,0
09/11/2026 05:53:35,System.Runtime,dotnet.gc.last_collection.heap.fragmentation.size (By)[gc.heap.generation=loh],Metric,0
09/11/2026 05:53:35,System.Runtime,dotnet.gc.last_collection.heap.fragmentation.size (By)[gc.heap.generation=gen1],Metric,0
09/11/2026 05:53:35,System.Runtime,dotnet.gc.last_collection.heap.fragmentation.size (By)[gc.heap.generation=poh],Metric,0
09/11/2026 05:53:35,System.Runtime,dotnet.timer.count ({timer}),Metric,2
09/11/2026 05:53:35,System.Runtime,dotnet.assembly.count ({assembly}),Metric,61
09/11/2026 05:53:35,System.Runtime,dotnet.gc.heap.total_allocated (By / 1 sec),Rate,130160
09/11/2026 05:53:35,System.Runtime,dotnet.gc.last_collection.heap.size (By)[gc.heap.generation=gen0],Metric,0
09/11/2026 05:53:35,System.Runtime,dotnet.gc.last_collection.heap.size (By)[gc.heap.generation=gen2],Metric,0
09/11/2026 05:53:35,System.Runtime,dotnet.gc.last_collection.heap.size (By)[gc.heap.generation=loh],Metric,0
09/11/2026 05:53:35,System.Runtime,dotnet.gc.last_collection.heap.size (By)[gc.heap.generation=gen1],Metric,0
09/11/2026 05:53:35,System.Runtime,dotnet.gc.last_collection.heap.size (By)[gc.heap.generation=poh],Metric,0
09/11/2026 05:53:35,System.Runtime,dotnet.thread_pool.work_item.count ({work_item} / 1 sec),Rate,601
09/11/2026 05:53:35,System.Runtime,dotnet.process.memory.working_set (By),Metric,87883776
09/11/2026 05:53:35,System.Runtime,dotnet.thread_pool.thread.count ({thread} / 1 sec),Rate,0
09/11/2026 05:53:35,System.Runtime,dotnet.jit.compilation.time (s / 1 sec),Rate,0
09/11/2026 05:53:36,System.Runtime,dotnet.jit.compiled_il.size (By / 1 sec),Rate,424
09/11/2026 05:53:36,System.Runtime,dotnet.jit.compiled_methods ({method} / 1 sec),Rate,11
09/11/2026 05:53:36,System.Runtime,dotnet.monitor.lock_contentions ({contention} / 1 sec),Rate,0
09/11/2026 05:53:36,System.Runtime,dotnet.gc.collections ({collection} / 1 sec)[gc.heap.generation=gen0],Rate,0
09/11/2026 05:53:36,System.Runtime,dotnet.gc.collections ({collection} / 1 sec)[gc.heap.generation=gen2],Rate,0
09/11/2026 05:53:36,System.Runtime,dotnet.gc.collections ({collection} / 1 sec)[gc.heap.generation=gen1],Rate,0
09/11/2026 05:53:36,System.Runtime,dotnet.process.cpu.time (s / 1 sec)[cpu.mode=user],Rate,0.5905519999999989
09/11/2026 05:53:36,System.Runtime,dotnet.process.cpu.time (s / 1 sec)[cpu.mode=system],Rate,0.04455000000000009
09/11/2026 05:53:36,System.Runtime,dotnet.process.cpu.count ({cpu}),Metric,15
09/11/2026 05:53:36,System.Runtime,dotnet.gc.pause.time (s / 1 sec),Rate,0
09/11/2026 05:53:36,System.Runtime,dotnet.thread_pool.queue.length ({work_item} / 1 sec),Rate,0
09/11/2026 05:53:36,System.Runtime,dotnet.gc.last_collection.memory.committed_size (By),Metric,0
09/11/2026 05:53:36,System.Runtime,dotnet.gc.last_collection.heap.fragmentation.size (By)[gc.heap.generation=gen0],Metric,0
09/11/2026 05:53:36,System.Runtime,dotnet.gc.last_collection.heap.fragmentation.size (By)[gc.heap.generation=gen2],Metric,0
09/11/2026 05:53:36,System.Runtime,dotnet.gc.last_collection.heap.fragmentation.size (By)[gc.heap.generation=loh],Metric,0
09/11/2026 05:53:36,System.Runtime,dotnet.gc.last_collection.heap.fragmentation.size (By)[gc.heap.generation=gen1],Metric,0
09/11/2026 05:53:36,System.Runtime,dotnet.gc.last_collection.heap.fragmentation.size (By)[gc.heap.generation=poh],Metric,0
09/11/2026 05:53:36,System.Runtime,dotnet.timer.count ({timer}),Metric,2
09/11/2026 05:53:36,System.Runtime,dotnet.assembly.count ({assembly}),Metric,61
09/11/2026 05:53:36,System.Runtime,dotnet.gc.heap.total_allocated (By / 1 sec),Rate,147544
09/11/2026 05:53:36,System.Runtime,dotnet.gc.last_collection.heap.size (By)[gc.heap.generation=gen0],Metric,0
09/11/2026 05:53:36,System.Runtime,dotnet.gc.last_collection.heap.size (By)[gc.heap.generation=gen2],Metric,0
09/11/2026 05:53:36,System.Runtime,dotnet.gc.last_collection.heap.size (By)[gc.heap.generation=loh],Metric,0
09/11/2026 05:53:36,System.Runtime,dotnet.gc.last_collection.heap.size (By)[gc.heap.generation=gen1],Metric,0
09/11/2026 05:53:36,System.Runtime,dotnet.gc.last_collection.heap.size (By)[gc.heap.generation=poh],Metric,0
09/11/2026 05:53:36,System.Runtime,dotnet.thread_pool.work_item.count ({work_item} / 1 sec),Rate,602
09/11/2026 05:53:36,System.Runtime,dotnet.process.memory.working_set (By),Metric,88113152
09/11/2026 05:53:36,System.Runtime,dotnet.thread_pool.thread.count ({thread} / 1 sec),Rate,0
09/11/2026 05:53:36,System.Runtime,dotnet.jit.compilation.time (s / 1 sec),Rate,0.002632300000000032
09/11/2026 05:53:37,System.Runtime,dotnet.jit.compiled_il.size (By / 1 sec),Rate,0
09/11/2026 05:53:37,System.Runtime,dotnet.jit.compiled_methods ({method} / 1 sec),Rate,0
09/11/2026 05:53:37,System.Runtime,dotnet.monitor.lock_contentions ({contention} / 1 sec),Rate,0
09/11/2026 05:53:37,System.Runtime,dotnet.gc.collections ({collection} / 1 sec)[gc.heap.generation=gen0],Rate,0
09/11/2026 05:53:37,System.Runtime,dotnet.gc.collections ({collection} / 1 sec)[gc.heap.generation=gen2],Rate,0
09/11/2026 05:53:37,System.Runtime,dotnet.gc.collections ({collection} / 1 sec)[gc.heap.generation=gen1],Rate,0
09/11/2026 05:53:37,System.Runtime,dotnet.process.cpu.time (s / 1 sec)[cpu.mode=user],Rate,0.5827729999999995
09/11/2026 05:53:37,System.Runtime,dotnet.process.cpu.time (s / 1 sec)[cpu.mode=system],Rate,0.04622599999999988
09/11/2026 05:53:37,System.Runtime,dotnet.process.cpu.count ({cpu}),Metric,15
09/11/2026 05:53:37,System.Runtime,dotnet.gc.pause.time (s / 1 sec),Rate,0
09/11/2026 05:53:37,System.Runtime,dotnet.thread_pool.queue.length ({work_item} / 1 sec),Rate,0
09/11/2026 05:53:37,System.Runtime,dotnet.gc.last_collection.memory.committed_size (By),Metric,0
09/11/2026 05:53:37,System.Runtime,dotnet.gc.last_collection.heap.fragmentation.size (By)[gc.heap.generation=gen0],Metric,0
09/11/2026 05:53:37,System.Runtime,dotnet.gc.last_collection.heap.fragmentation.size (By)[gc.heap.generation=gen2],Metric,0
09/11/2026 05:53:37,System.Runtime,dotnet.gc.last_collection.heap.fragmentation.size (By)[gc.heap.generation=loh],Metric,0
09/11/2026 05:53:37,System.Runtime,dotnet.gc.last_collection.heap.fragmentation.size (By)[gc.heap.generation=gen1],Metric,0
09/11/2026 05:53:37,System.Runtime,dotnet.gc.last_collection.heap.fragmentation.size (By)[gc.heap.generation=poh],Metric,0
09/11/2026 05:53:37,System.Runtime,dotnet.timer.count ({timer}),Metric,2
09/11/2026 05:53:37,System.Runtime,dotnet.assembly.count ({assembly}),Metric,61
09/11/2026 05:53:37,System.Runtime,dotnet.gc.heap.total_allocated (By / 1 sec),Rate,140664
09/11/2026 05:53:37,System.Runtime,dotnet.gc.last_collection.heap.size (By)[gc.heap.generation=gen0],Metric,0
09/11/2026 05:53:37,System.Runtime,dotnet.gc.last_collection.heap.size (By)[gc.heap.generation=gen2],Metric,0
09/11/2026 05:53:37,System.Runtime,dotnet.gc.last_collection.heap.size (By)[gc.heap.generation=loh],Metric,0
09/11/2026 05:53:37,System.Runtime,dotnet.gc.last_collection.heap.size (By)[gc.heap.generation=gen1],Metric,0
09/11/2026 05:53:37,System.Runtime,dotnet.gc.last_collection.heap.size (By)[gc.heap.generation=poh],Metric,0
09/11/2026 05:53:37,System.Runtime,dotnet.thread_pool.work_item.count ({work_item} / 1 sec),Rate,601
09/11/2026 05:53:37,System.Runtime,dotnet.process.memory.working_set (By),Metric,88293376
09/11/2026 05:53:37,System.Runtime,dotnet.thread_pool.thread.count ({thread} / 1 sec),Rate,0
09/11/2026 05:53:37,System.Runtime,dotnet.jit.compilation.time (s / 1 sec),Rate,0
09/11/2026 05:53:38,System.Runtime,dotnet.jit.compiled_il.size (By / 1 sec),Rate,0
09/11/2026 05:53:38,System.Runtime,dotnet.jit.compiled_methods ({method} / 1 sec),Rate,0
09/11/2026 05:53:38,System.Runtime,dotnet.monitor.lock_contentions ({contention} / 1 sec),Rate,0
09/11/2026 05:53:38,System.Runtime,dotnet.gc.collections ({collection} / 1 sec)[gc.heap.generation=gen0],Rate,0
09/11/2026 05:53:38,System.Runtime,dotnet.gc.collections ({collection} / 1 sec)[gc.heap.generation=gen2],Rate,0
09/11/2026 05:53:38,System.Runtime,dotnet.gc.collections ({collection} / 1 sec)[gc.heap.generation=gen1],Rate,0
09/11/2026 05:53:38,System.Runtime,dotnet.process.cpu.time (s / 1 sec)[cpu.mode=user],Rate,0.5713070000000009
09/11/2026 05:53:38,System.Runtime,dotnet.process.cpu.time (s / 1 sec)[cpu.mode=system],Rate,0.048530000000000184
09/11/2026 05:53:38,System.Runtime,dotnet.process.cpu.count ({cpu}),Metric,15
09/11/2026 05:53:38,System.Runtime,dotnet.gc.pause.time (s / 1 sec),Rate,0
09/11/2026 05:53:38,System.Runtime,dotnet.thread_pool.queue.length ({work_item} / 1 sec),Rate,0
09/11/2026 05:53:38,System.Runtime,dotnet.gc.last_collection.memory.committed_size (By),Metric,0
09/11/2026 05:53:38,System.Runtime,dotnet.gc.last_collection.heap.fragmentation.size (By)[gc.heap.generation=gen0],Metric,0
09/11/2026 05:53:38,System.Runtime,dotnet.gc.last_collection.heap.fragmentation.size (By)[gc.heap.generation=gen2],Metric,0
09/11/2026 05:53:38,System.Runtime,dotnet.gc.last_collection.heap.fragmentation.size (By)[gc.heap.generation=loh],Metric,0
09/11/2026 05:53:38,System.Runtime,dotnet.gc.last_collection.heap.fragmentation.size (By)[gc.heap.generation=gen1],Metric,0
09/11/2026 05:53:38,System.Runtime,dotnet.gc.last_collection.heap.fragmentation.size (By)[gc.heap.generation=poh],Metric,0
09/11/2026 05:53:38,System.Runtime,dotnet.timer.count ({timer}),Metric,2
09/11/2026 05:53:38,System.Runtime,dotnet.assembly.count ({assembly}),Metric,61
09/11/2026 05:53:38,System.Runtime,dotnet.gc.heap.total_allocated (By / 1 sec),Rate,244120
09/11/2026 05:53:38,System.Runtime,dotnet.gc.last_collection.heap.size (By)[gc.heap.generation=gen0],Metric,0
09/11/2026 05:53:38,System.Runtime,dotnet.gc.last_collection.heap.size (By)[gc.heap.generation=gen2],Metric,0
09/11/2026 05:53:38,System.Runtime,dotnet.gc.last_collection.heap.size (By)[gc.heap.generation=loh],Metric,0
09/11/2026 05:53:38,System.Runtime,dotnet.gc.last_collection.heap.size (By)[gc.heap.generation=gen1],Metric,0
09/11/2026 05:53:38,System.Runtime,dotnet.gc.last_collection.heap.size (By)[gc.heap.generation=poh],Metric,0
09/11/2026 05:53:38,System.Runtime,dotnet.thread_pool.work_item.count ({work_item} / 1 sec),Rate,602
09/11/2026 05:53:38,System.Runtime,dotnet.process.memory.working_set (By),Metric,88522752
09/11/2026 05:53:38,System.Runtime,dotnet.thread_pool.thread.count ({thread} / 1 sec),Rate,0
09/11/2026 05:53:38,System.Runtime,dotnet.jit.compilation.time (s / 1 sec),Rate,0
09/11/2026 05:53:39,System.Runtime,dotnet.jit.compiled_il.size (By / 1 sec),Rate,0
09/11/2026 05:53:39,System.Runtime,dotnet.jit.compiled_methods ({method} / 1 sec),Rate,0
09/11/2026 05:53:39,System.Runtime,dotnet.monitor.lock_contentions ({contention} / 1 sec),Rate,0
09/11/2026 05:53:39,System.Runtime,dotnet.gc.collections ({collection} / 1 sec)[gc.heap.generation=gen0],Rate,0
09/11/2026 05:53:39,System.Runtime,dotnet.gc.collections ({collection} / 1 sec)[gc.heap.generation=gen2],Rate,0
09/11/2026 05:53:39,System.Runtime,dotnet.gc.collections ({collection} / 1 sec)[gc.heap.generation=gen1],Rate,0
09/11/2026 05:53:39,System.Runtime,dotnet.process.cpu.time (s / 1 sec)[cpu.mode=user],Rate,0.573519000000001
09/11/2026 05:53:39,System.Runtime,dotnet.process.cpu.time (s / 1 sec)[cpu.mode=system],Rate,0.05363999999999969
09/11/2026 05:53:39,System.Runtime,dotnet.process.cpu.count ({cpu}),Metric,15
09/11/2026 05:53:39,System.Runtime,dotnet.gc.pause.time (s / 1 sec),Rate,0
09/11/2026 05:53:39,System.Runtime,dotnet.thread_pool.queue.length ({work_item} / 1 sec),Rate,0
09/11/2026 05:53:39,System.Runtime,dotnet.gc.last_collection.memory.committed_size (By),Metric,0
09/11/2026 05:53:39,System.Runtime,dotnet.gc.last_collection.heap.fragmentation.size (By)[gc.heap.generation=gen0],Metric,0
09/11/2026 05:53:39,System.Runtime,dotnet.gc.last_collection.heap.fragmentation.size (By)[gc.heap.generation=gen2],Metric,0
09/11/2026 05:53:39,System.Runtime,dotnet.gc.last_collection.heap.fragmentation.size (By)[gc.heap.generation=loh],Metric,0
09/11/2026 05:53:39,System.Runtime,dotnet.gc.last_collection.heap.fragmentation.size (By)[gc.heap.generation=gen1],Metric,0
09/11/2026 05:53:39,System.Runtime,dotnet.gc.last_collection.heap.fragmentation.size (By)[gc.heap.generation=poh],Metric,0
09/11/2026 05:53:39,System.Runtime,dotnet.timer.count ({timer}),Metric,2
09/11/2026 05:53:39,System.Runtime,dotnet.assembly.count ({assembly}),Metric,61
09/11/2026 05:53:39,System.Runtime,dotnet.gc.heap.total_allocated (By / 1 sec),Rate,176168
09/11/2026 05:53:39,System.Runtime,dotnet.gc.last_collection.heap.size (By)[gc.heap.generation=gen0],Metric,0
09/11/2026 05:53:39,System.Runtime,dotnet.gc.last_collection.heap.size (By)[gc.heap.generation=gen2],Metric,0
09/11/2026 05:53:39,System.Runtime,dotnet.gc.last_collection.heap.size (By)[gc.heap.generation=loh],Metric,0
09/11/2026 05:53:39,System.Runtime,dotnet.gc.last_collection.heap.size (By)[gc.heap.generation=gen1],Metric,0
09/11/2026 05:53:39,System.Runtime,dotnet.gc.last_collection.heap.size (By)[gc.heap.generation=poh],Metric,0
09/11/2026 05:53:39,System.Runtime,dotnet.thread_pool.work_item.count ({work_item} / 1 sec),Rate,609
09/11/2026 05:53:39,System.Runtime,dotnet.process.memory.working_set (By),Metric,88719360
09/11/2026 05:53:39,System.Runtime,dotnet.thread_pool.thread.count ({thread} / 1 sec),Rate,0
09/11/2026 05:53:39,System.Runtime,dotnet.jit.compilation.time (s / 1 sec),Rate,0
09/11/2026 05:53:40,System.Runtime,dotnet.jit.compiled_il.size (By / 1 sec),Rate,0
09/11/2026 05:53:40,System.Runtime,dotnet.jit.compiled_methods ({method} / 1 sec),Rate,0
09/11/2026 05:53:40,System.Runtime,dotnet.monitor.lock_contentions ({contention} / 1 sec),Rate,0
09/11/2026 05:53:40,System.Runtime,dotnet.gc.collections ({collection} / 1 sec)[gc.heap.generation=gen0],Rate,0
09/11/2026 05:53:40,System.Runtime,dotnet.gc.collections ({collection} / 1 sec)[gc.heap.generation=gen2],Rate,0
09/11/2026 05:53:40,System.Runtime,dotnet.gc.collections ({collection} / 1 sec)[gc.heap.generation=gen1],Rate,0
09/11/2026 05:53:40,System.Runtime,dotnet.process.cpu.time (s / 1 sec)[cpu.mode=user],Rate,0.5545819999999999
09/11/2026 05:53:40,System.Runtime,dotnet.process.cpu.time (s / 1 sec)[cpu.mode=system],Rate,0.05890700000000004
09/11/2026 05:53:40,System.Runtime,dotnet.process.cpu.count ({cpu}),Metric,15
09/11/2026 05:53:40,System.Runtime,dotnet.gc.pause.time (s / 1 sec),Rate,0
09/11/2026 05:53:40,System.Runtime,dotnet.thread_pool.queue.length ({work_item} / 1 sec),Rate,0
09/11/2026 05:53:40,System.Runtime,dotnet.gc.last_collection.memory.committed_size (By),Metric,0
09/11/2026 05:53:40,System.Runtime,dotnet.gc.last_collection.heap.fragmentation.size (By)[gc.heap.generation=gen0],Metric,0
09/11/2026 05:53:40,System.Runtime,dotnet.gc.last_collection.heap.fragmentation.size (By)[gc.heap.generation=gen2],Metric,0
09/11/2026 05:53:40,System.Runtime,dotnet.gc.last_collection.heap.fragmentation.size (By)[gc.heap.generation=loh],Metric,0
09/11/2026 05:53:40,System.Runtime,dotnet.gc.last_collection.heap.fragmentation.size (By)[gc.heap.generation=gen1],Metric,0
09/11/2026 05:53:40,System.Runtime,dotnet.gc.last_collection.heap.fragmentation.size (By)[gc.heap.generation=poh],Metric,0
09/11/2026 05:53:40,System.Runtime,dotnet.timer.count ({timer}),Metric,2
09/11/2026 05:53:40,System.Runtime,dotnet.assembly.count ({assembly}),Metric,61
09/11/2026 05:53:40,System.Runtime,dotnet.gc.heap.total_allocated (By / 1 sec),Rate,355048
09/11/2026 05:53:40,System.Runtime,dotnet.gc.last_collection.heap.size (By)[gc.heap.generation=gen0],Metric,0
09/11/2026 05:53:40,System.Runtime,dotnet.gc.last_collection.heap.size (By)[gc.heap.generation=gen2],Metric,0
09/11/2026 05:53:40,System.Runtime,dotnet.gc.last_collection.heap.size (By)[gc.heap.generation=loh],Metric,0
09/11/2026 05:53:40,System.Runtime,dotnet.gc.last_collection.heap.size (By)[gc.heap.generation=gen1],Metric,0
09/11/2026 05:53:40,System.Runtime,dotnet.gc.last_collection.heap.size (By)[gc.heap.generation=poh],Metric,0
09/11/2026 05:53:40,System.Runtime,dotnet.thread_pool.work_item.count ({work_item} / 1 sec),Rate,603
09/11/2026 05:53:40,System.Runtime,dotnet.process.memory.working_set (By),Metric,89096192
09/11/2026 05:53:40,System.Runtime,dotnet.thread_pool.thread.count ({thread} / 1 sec),Rate,1
09/11/2026 05:53:40,System.Runtime,dotnet.jit.compilation.time (s / 1 sec),Rate,0
09/11/2026 05:53:41,System.Runtime,dotnet.jit.compiled_il.size (By / 1 sec),Rate,0
09/11/2026 05:53:41,System.Runtime,dotnet.jit.compiled_methods ({method} / 1 sec),Rate,0
09/11/2026 05:53:41,System.Runtime,dotnet.monitor.lock_contentions ({contention} / 1 sec),Rate,1
09/11/2026 05:53:41,System.Runtime,dotnet.gc.collections ({collection} / 1 sec)[gc.heap.generation=gen0],Rate,0
09/11/2026 05:53:41,System.Runtime,dotnet.gc.collections ({collection} / 1 sec)[gc.heap.generation=gen2],Rate,0
09/11/2026 05:53:41,System.Runtime,dotnet.gc.collections ({collection} / 1 sec)[gc.heap.generation=gen1],Rate,0
09/11/2026 05:53:41,System.Runtime,dotnet.process.cpu.time (s / 1 sec)[cpu.mode=user],Rate,0.5617990000000006
09/11/2026 05:53:41,System.Runtime,dotnet.process.cpu.time (s / 1 sec)[cpu.mode=system],Rate,0.061137
09/11/2026 05:53:41,System.Runtime,dotnet.process.cpu.count ({cpu}),Metric,15
09/11/2026 05:53:41,System.Runtime,dotnet.gc.pause.time (s / 1 sec),Rate,0
09/11/2026 05:53:41,System.Runtime,dotnet.thread_pool.queue.length ({work_item} / 1 sec),Rate,0
09/11/2026 05:53:41,System.Runtime,dotnet.gc.last_collection.memory.committed_size (By),Metric,0
09/11/2026 05:53:41,System.Runtime,dotnet.gc.last_collection.heap.fragmentation.size (By)[gc.heap.generation=gen0],Metric,0
09/11/2026 05:53:41,System.Runtime,dotnet.gc.last_collection.heap.fragmentation.size (By)[gc.heap.generation=gen2],Metric,0
09/11/2026 05:53:41,System.Runtime,dotnet.gc.last_collection.heap.fragmentation.size (By)[gc.heap.generation=loh],Metric,0
09/11/2026 05:53:41,System.Runtime,dotnet.gc.last_collection.heap.fragmentation.size (By)[gc.heap.generation=gen1],Metric,0
09/11/2026 05:53:41,System.Runtime,dotnet.gc.last_collection.heap.fragmentation.size (By)[gc.heap.generation=poh],Metric,0
09/11/2026 05:53:41,System.Runtime,dotnet.timer.count ({timer}),Metric,2
09/11/2026 05:53:41,System.Runtime,dotnet.assembly.count ({assembly}),Metric,61
09/11/2026 05:53:41,System.Runtime,dotnet.gc.heap.total_allocated (By / 1 sec),Rate,173656
09/11/2026 05:53:41,System.Runtime,dotnet.gc.last_collection.heap.size (By)[gc.heap.generation=gen0],Metric,0
09/11/2026 05:53:41,System.Runtime,dotnet.gc.last_collection.heap.size (By)[gc.heap.generation=gen2],Metric,0
09/11/2026 05:53:41,System.Runtime,dotnet.gc.last_collection.heap.size (By)[gc.heap.generation=loh],Metric,0
09/11/2026 05:53:41,System.Runtime,dotnet.gc.last_collection.heap.size (By)[gc.heap.generation=gen1],Metric,0
09/11/2026 05:53:41,System.Runtime,dotnet.gc.last_collection.heap.size (By)[gc.heap.generation=poh],Metric,0
09/11/2026 05:53:41,System.Runtime,dotnet.thread_pool.work_item.count ({work_item} / 1 sec),Rate,612
09/11/2026 05:53:41,System.Runtime,dotnet.process.memory.working_set (By),Metric,89309184
09/11/2026 05:53:41,System.Runtime,dotnet.thread_pool.thread.count ({thread} / 1 sec),Rate,0
09/11/2026 05:53:41,System.Runtime,dotnet.jit.compilation.time (s / 1 sec),Rate,0
09/11/2026 05:53:42,System.Runtime,dotnet.jit.compiled_il.size (By / 1 sec),Rate,0
09/11/2026 05:53:42,System.Runtime,dotnet.jit.compiled_methods ({method} / 1 sec),Rate,0
09/11/2026 05:53:42,System.Runtime,dotnet.monitor.lock_contentions ({contention} / 1 sec),Rate,0
09/11/2026 05:53:42,System.Runtime,dotnet.gc.collections ({collection} / 1 sec)[gc.heap.generation=gen0],Rate,0
09/11/2026 05:53:42,System.Runtime,dotnet.gc.collections ({collection} / 1 sec)[gc.heap.generation=gen2],Rate,0
09/11/2026 05:53:42,System.Runtime,dotnet.gc.collections ({collection} / 1 sec)[gc.heap.generation=gen1],Rate,0
09/11/2026 05:53:42,System.Runtime,dotnet.process.cpu.time (s / 1 sec)[cpu.mode=user],Rate,0.5767349999999993
09/11/2026 05:53:42,System.Runtime,dotnet.process.cpu.time (s / 1 sec)[cpu.mode=system],Rate,0.04931300000000016
09/11/2026 05:53:42,System.Runtime,dotnet.process.cpu.count ({cpu}),Metric,15
09/11/2026 05:53:42,System.Runtime,dotnet.gc.pause.time (s / 1 sec),Rate,0
09/11/2026 05:53:42,System.Runtime,dotnet.thread_pool.queue.length ({work_item} / 1 sec),Rate,0
09/11/2026 05:53:42,System.Runtime,dotnet.gc.last_collection.memory.committed_size (By),Metric,0
09/11/2026 05:53:42,System.Runtime,dotnet.gc.last_collection.heap.fragmentation.size (By)[gc.heap.generation=gen0],Metric,0
09/11/2026 05:53:42,System.Runtime,dotnet.gc.last_collection.heap.fragmentation.size (By)[gc.heap.generation=gen2],Metric,0
09/11/2026 05:53:42,System.Runtime,dotnet.gc.last_collection.heap.fragmentation.size (By)[gc.heap.generation=loh],Metric,0
09/11/2026 05:53:42,System.Runtime,dotnet.gc.last_collection.heap.fragmentation.size (By)[gc.heap.generation=gen1],Metric,0
09/11/2026 05:53:42,System.Runtime,dotnet.gc.last_collection.heap.fragmentation.size (By)[gc.heap.generation=poh],Metric,0
09/11/2026 05:53:42,System.Runtime,dotnet.timer.count ({timer}),Metric,2
09/11/2026 05:53:42,System.Runtime,dotnet.assembly.count ({assembly}),Metric,61
09/11/2026 05:53:42,System.Runtime,dotnet.gc.heap.total_allocated (By / 1 sec),Rate,139400
09/11/2026 05:53:42,System.Runtime,dotnet.gc.last_collection.heap.size (By)[gc.heap.generation=gen0],Metric,0
09/11/2026 05:53:42,System.Runtime,dotnet.gc.last_collection.heap.size (By)[gc.heap.generation=gen2],Metric,0
09/11/2026 05:53:42,System.Runtime,dotnet.gc.last_collection.heap.size (By)[gc.heap.generation=loh],Metric,0
09/11/2026 05:53:42,System.Runtime,dotnet.gc.last_collection.heap.size (By)[gc.heap.generation=gen1],Metric,0
09/11/2026 05:53:42,System.Runtime,dotnet.gc.last_collection.heap.size (By)[gc.heap.generation=poh],Metric,0
09/11/2026 05:53:42,System.Runtime,dotnet.thread_pool.work_item.count ({work_item} / 1 sec),Rate,613
09/11/2026 05:53:42,System.Runtime,dotnet.process.memory.working_set (By),Metric,89456640
09/11/2026 05:53:42,System.Runtime,dotnet.thread_pool.thread.count ({thread} / 1 sec),Rate,0
09/11/2026 05:53:42,System.Runtime,dotnet.jit.compilation.time (s / 1 sec),Rate,0
09/11/2026 05:53:43,System.Runtime,dotnet.jit.compiled_il.size (By / 1 sec),Rate,0
09/11/2026 05:53:43,System.Runtime,dotnet.jit.compiled_methods ({method} / 1 sec),Rate,0
09/11/2026 05:53:43,System.Runtime,dotnet.monitor.lock_contentions ({contention} / 1 sec),Rate,0
09/11/2026 05:53:43,System.Runtime,dotnet.gc.collections ({collection} / 1 sec)[gc.heap.generation=gen0],Rate,0
09/11/2026 05:53:43,System.Runtime,dotnet.gc.collections ({collection} / 1 sec)[gc.heap.generation=gen2],Rate,0
09/11/2026 05:53:43,System.Runtime,dotnet.gc.collections ({collection} / 1 sec)[gc.heap.generation=gen1],Rate,0
09/11/2026 05:53:43,System.Runtime,dotnet.process.cpu.time (s / 1 sec)[cpu.mode=user],Rate,0.5834720000000004
09/11/2026 05:53:43,System.Runtime,dotnet.process.cpu.time (s / 1 sec)[cpu.mode=system],Rate,0.03899499999999989
09/11/2026 05:53:43,System.Runtime,dotnet.process.cpu.count ({cpu}),Metric,15
09/11/2026 05:53:43,System.Runtime,dotnet.gc.pause.time (s / 1 sec),Rate,0
09/11/2026 05:53:43,System.Runtime,dotnet.thread_pool.queue.length ({work_item} / 1 sec),Rate,0
09/11/2026 05:53:43,System.Runtime,dotnet.gc.last_collection.memory.committed_size (By),Metric,0
09/11/2026 05:53:43,System.Runtime,dotnet.gc.last_collection.heap.fragmentation.size (By)[gc.heap.generation=gen0],Metric,0
09/11/2026 05:53:43,System.Runtime,dotnet.gc.last_collection.heap.fragmentation.size (By)[gc.heap.generation=gen2],Metric,0
09/11/2026 05:53:43,System.Runtime,dotnet.gc.last_collection.heap.fragmentation.size (By)[gc.heap.generation=loh],Metric,0
09/11/2026 05:53:43,System.Runtime,dotnet.gc.last_collection.heap.fragmentation.size (By)[gc.heap.generation=gen1],Metric,0
09/11/2026 05:53:43,System.Runtime,dotnet.gc.last_collection.heap.fragmentation.size (By)[gc.heap.generation=poh],Metric,0
09/11/2026 05:53:43,System.Runtime,dotnet.timer.count ({timer}),Metric,2
09/11/2026 05:53:43,System.Runtime,dotnet.assembly.count ({assembly}),Metric,61
09/11/2026 05:53:43,System.Runtime,dotnet.gc.heap.total_allocated (By / 1 sec),Rate,159264
09/11/2026 05:53:43,System.Runtime,dotnet.gc.last_collection.heap.size (By)[gc.heap.generation=gen0],Metric,0
09/11/2026 05:53:43,System.Runtime,dotnet.gc.last_collection.heap.size (By)[gc.heap.generation=gen2],Metric,0
09/11/2026 05:53:43,System.Runtime,dotnet.gc.last_collection.heap.size (By)[gc.heap.generation=loh],Metric,0
09/11/2026 05:53:43,System.Runtime,dotnet.gc.last_collection.heap.size (By)[gc.heap.generation=gen1],Metric,0
09/11/2026 05:53:43,System.Runtime,dotnet.gc.last_collection.heap.size (By)[gc.heap.generation=poh],Metric,0
09/11/2026 05:53:43,System.Runtime,dotnet.thread_pool.work_item.count ({work_item} / 1 sec),Rate,606
09/11/2026 05:53:43,System.Runtime,dotnet.process.memory.working_set (By),Metric,89620480
09/11/2026 05:53:43,System.Runtime,dotnet.thread_pool.thread.count ({thread} / 1 sec),Rate,0
09/11/2026 05:53:43,System.Runtime,dotnet.jit.compilation.time (s / 1 sec),Rate,0
09/11/2026 05:53:44,System.Runtime,dotnet.jit.compiled_il.size (By / 1 sec),Rate,0
09/11/2026 05:53:44,System.Runtime,dotnet.jit.compiled_methods ({method} / 1 sec),Rate,0
09/11/2026 05:53:44,System.Runtime,dotnet.monitor.lock_contentions ({contention} / 1 sec),Rate,0
09/11/2026 05:53:44,System.Runtime,dotnet.gc.collections ({collection} / 1 sec)[gc.heap.generation=gen0],Rate,0
09/11/2026 05:53:44,System.Runtime,dotnet.gc.collections ({collection} / 1 sec)[gc.heap.generation=gen2],Rate,0
09/11/2026 05:53:44,System.Runtime,dotnet.gc.collections ({collection} / 1 sec)[gc.heap.generation=gen1],Rate,0
09/11/2026 05:53:44,System.Runtime,dotnet.process.cpu.time (s / 1 sec)[cpu.mode=user],Rate,0.5806380000000004
09/11/2026 05:53:44,System.Runtime,dotnet.process.cpu.time (s / 1 sec)[cpu.mode=system],Rate,0.041332000000000146
09/11/2026 05:53:44,System.Runtime,dotnet.process.cpu.count ({cpu}),Metric,15
09/11/2026 05:53:44,System.Runtime,dotnet.gc.pause.time (s / 1 sec),Rate,0
09/11/2026 05:53:44,System.Runtime,dotnet.thread_pool.queue.length ({work_item} / 1 sec),Rate,0
09/11/2026 05:53:44,System.Runtime,dotnet.gc.last_collection.memory.committed_size (By),Metric,0
09/11/2026 05:53:44,System.Runtime,dotnet.gc.last_collection.heap.fragmentation.size (By)[gc.heap.generation=gen0],Metric,0
09/11/2026 05:53:44,System.Runtime,dotnet.gc.last_collection.heap.fragmentation.size (By)[gc.heap.generation=gen2],Metric,0
09/11/2026 05:53:44,System.Runtime,dotnet.gc.last_collection.heap.fragmentation.size (By)[gc.heap.generation=loh],Metric,0
09/11/2026 05:53:44,System.Runtime,dotnet.gc.last_collection.heap.fragmentation.size (By)[gc.heap.generation=gen1],Metric,0
09/11/2026 05:53:44,System.Runtime,dotnet.gc.last_collection.heap.fragmentation.size (By)[gc.heap.generation=poh],Metric,0
09/11/2026 05:53:44,System.Runtime,dotnet.timer.count ({timer}),Metric,2
09/11/2026 05:53:44,System.Runtime,dotnet.assembly.count ({assembly}),Metric,61
09/11/2026 05:53:44,System.Runtime,dotnet.gc.heap.total_allocated (By / 1 sec),Rate,131136
09/11/2026 05:53:44,System.Runtime,dotnet.gc.last_collection.heap.size (By)[gc.heap.generation=gen0],Metric,0
09/11/2026 05:53:44,System.Runtime,dotnet.gc.last_collection.heap.size (By)[gc.heap.generation=gen2],Metric,0
09/11/2026 05:53:44,System.Runtime,dotnet.gc.last_collection.heap.size (By)[gc.heap.generation=loh],Metric,0
09/11/2026 05:53:44,System.Runtime,dotnet.gc.last_collection.heap.size (By)[gc.heap.generation=gen1],Metric,0
09/11/2026 05:53:44,System.Runtime,dotnet.gc.last_collection.heap.size (By)[gc.heap.generation=poh],Metric,0
09/11/2026 05:53:44,System.Runtime,dotnet.thread_pool.work_item.count ({work_item} / 1 sec),Rate,601
09/11/2026 05:53:44,System.Runtime,dotnet.process.memory.working_set (By),Metric,89784320
09/11/2026 05:53:44,System.Runtime,dotnet.thread_pool.thread.count ({thread} / 1 sec),Rate,0
09/11/2026 05:53:44,System.Runtime,dotnet.jit.compilation.time (s / 1 sec),Rate,0
09/11/2026 05:53:45,System.Runtime,dotnet.jit.compiled_il.size (By / 1 sec),Rate,63
09/11/2026 05:53:45,System.Runtime,dotnet.jit.compiled_methods ({method} / 1 sec),Rate,1
09/11/2026 05:53:45,System.Runtime,dotnet.monitor.lock_contentions ({contention} / 1 sec),Rate,0
09/11/2026 05:53:45,System.Runtime,dotnet.gc.collections ({collection} / 1 sec)[gc.heap.generation=gen0],Rate,0
09/11/2026 05:53:45,System.Runtime,dotnet.gc.collections ({collection} / 1 sec)[gc.heap.generation=gen2],Rate,0
09/11/2026 05:53:45,System.Runtime,dotnet.gc.collections ({collection} / 1 sec)[gc.heap.generation=gen1],Rate,0
09/11/2026 05:53:45,System.Runtime,dotnet.process.cpu.time (s / 1 sec)[cpu.mode=user],Rate,0.5917299999999983
09/11/2026 05:53:45,System.Runtime,dotnet.process.cpu.time (s / 1 sec)[cpu.mode=system],Rate,0.0439989999999999
09/11/2026 05:53:45,System.Runtime,dotnet.process.cpu.count ({cpu}),Metric,15
09/11/2026 05:53:45,System.Runtime,dotnet.gc.pause.time (s / 1 sec),Rate,0
09/11/2026 05:53:45,System.Runtime,dotnet.thread_pool.queue.length ({work_item} / 1 sec),Rate,0
09/11/2026 05:53:45,System.Runtime,dotnet.gc.last_collection.memory.committed_size (By),Metric,0
09/11/2026 05:53:45,System.Runtime,dotnet.gc.last_collection.heap.fragmentation.size (By)[gc.heap.generation=gen0],Metric,0
09/11/2026 05:53:45,System.Runtime,dotnet.gc.last_collection.heap.fragmentation.size (By)[gc.heap.generation=gen2],Metric,0
09/11/2026 05:53:45,System.Runtime,dotnet.gc.last_collection.heap.fragmentation.size (By)[gc.heap.generation=loh],Metric,0
09/11/2026 05:53:45,System.Runtime,dotnet.gc.last_collection.heap.fragmentation.size (By)[gc.heap.generation=gen1],Metric,0
09/11/2026 05:53:45,System.Runtime,dotnet.gc.last_collection.heap.fragmentation.size (By)[gc.heap.generation=poh],Metric,0
09/11/2026 05:53:45,System.Runtime,dotnet.timer.count ({timer}),Metric,2
09/11/2026 05:53:45,System.Runtime,dotnet.assembly.count ({assembly}),Metric,61
09/11/2026 05:53:45,System.Runtime,dotnet.gc.heap.total_allocated (By / 1 sec),Rate,138376
09/11/2026 05:53:45,System.Runtime,dotnet.gc.last_collection.heap.size (By)[gc.heap.generation=gen0],Metric,0
09/11/2026 05:53:45,System.Runtime,dotnet.gc.last_collection.heap.size (By)[gc.heap.generation=gen2],Metric,0
09/11/2026 05:53:45,System.Runtime,dotnet.gc.last_collection.heap.size (By)[gc.heap.generation=loh],Metric,0
09/11/2026 05:53:45,System.Runtime,dotnet.gc.last_collection.heap.size (By)[gc.heap.generation=gen1],Metric,0
09/11/2026 05:53:45,System.Runtime,dotnet.gc.last_collection.heap.size (By)[gc.heap.generation=poh],Metric,0
09/11/2026 05:53:45,System.Runtime,dotnet.thread_pool.work_item.count ({work_item} / 1 sec),Rate,601
09/11/2026 05:53:45,System.Runtime,dotnet.process.memory.working_set (By),Metric,89964544
09/11/2026 05:53:45,System.Runtime,dotnet.thread_pool.thread.count ({thread} / 1 sec),Rate,0
09/11/2026 05:53:45,System.Runtime,dotnet.jit.compilation.time (s / 1 sec),Rate,0.0004816999999999183
09/11/2026 05:53:46,System.Runtime,dotnet.jit.compiled_il.size (By / 1 sec),Rate,928
09/11/2026 05:53:46,System.Runtime,dotnet.jit.compiled_methods ({method} / 1 sec),Rate,14
09/11/2026 05:53:46,System.Runtime,dotnet.monitor.lock_contentions ({contention} / 1 sec),Rate,0
09/11/2026 05:53:46,System.Runtime,dotnet.gc.collections ({collection} / 1 sec)[gc.heap.generation=gen0],Rate,0
09/11/2026 05:53:46,System.Runtime,dotnet.gc.collections ({collection} / 1 sec)[gc.heap.generation=gen2],Rate,0
09/11/2026 05:53:46,System.Runtime,dotnet.gc.collections ({collection} / 1 sec)[gc.heap.generation=gen1],Rate,0
09/11/2026 05:53:46,System.Runtime,dotnet.process.cpu.time (s / 1 sec)[cpu.mode=user],Rate,0.585363000000001
09/11/2026 05:53:46,System.Runtime,dotnet.process.cpu.time (s / 1 sec)[cpu.mode=system],Rate,0.04089900000000002
09/11/2026 05:53:46,System.Runtime,dotnet.process.cpu.count ({cpu}),Metric,15
09/11/2026 05:53:46,System.Runtime,dotnet.gc.pause.time (s / 1 sec),Rate,0
09/11/2026 05:53:46,System.Runtime,dotnet.thread_pool.queue.length ({work_item} / 1 sec),Rate,0
09/11/2026 05:53:46,System.Runtime,dotnet.gc.last_collection.memory.committed_size (By),Metric,0
09/11/2026 05:53:46,System.Runtime,dotnet.gc.last_collection.heap.fragmentation.size (By)[gc.heap.generation=gen0],Metric,0
09/11/2026 05:53:46,System.Runtime,dotnet.gc.last_collection.heap.fragmentation.size (By)[gc.heap.generation=gen2],Metric,0
09/11/2026 05:53:46,System.Runtime,dotnet.gc.last_collection.heap.fragmentation.size (By)[gc.heap.generation=loh],Metric,0
09/11/2026 05:53:46,System.Runtime,dotnet.gc.last_collection.heap.fragmentation.size (By)[gc.heap.generation=gen1],Metric,0
09/11/2026 05:53:46,System.Runtime,dotnet.gc.last_collection.heap.fragmentation.size (By)[gc.heap.generation=poh],Metric,0
09/11/2026 05:53:46,System.Runtime,dotnet.timer.count ({timer}),Metric,2
09/11/2026 05:53:46,System.Runtime,dotnet.assembly.count ({assembly}),Metric,61
09/11/2026 05:53:46,System.Runtime,dotnet.gc.heap.total_allocated (By / 1 sec),Rate,147544
09/11/2026 05:53:46,System.Runtime,dotnet.gc.last_collection.heap.size (By)[gc.heap.generation=gen0],Metric,0
09/11/2026 05:53:46,System.Runtime,dotnet.gc.last_collection.heap.size (By)[gc.heap.generation=gen2],Metric,0
09/11/2026 05:53:46,System.Runtime,dotnet.gc.last_collection.heap.size (By)[gc.heap.generation=loh],Metric,0
09/11/2026 05:53:46,System.Runtime,dotnet.gc.last_collection.heap.size (By)[gc.heap.generation=gen1],Metric,0
09/11/2026 05:53:46,System.Runtime,dotnet.gc.last_collection.heap.size (By)[gc.heap.generation=poh],Metric,0
09/11/2026 05:53:46,System.Runtime,dotnet.thread_pool.work_item.count ({work_item} / 1 sec),Rate,602
09/11/2026 05:53:46,System.Runtime,dotnet.process.memory.working_set (By),Metric,90177536
09/11/2026 05:53:46,System.Runtime,dotnet.thread_pool.thread.count ({thread} / 1 sec),Rate,0
09/11/2026 05:53:46,System.Runtime,dotnet.jit.compilation.time (s / 1 sec),Rate,0.0045352000000000725
09/11/2026 05:53:47,System.Runtime,dotnet.jit.compiled_il.size (By / 1 sec),Rate,235
09/11/2026 05:53:47,System.Runtime,dotnet.jit.compiled_methods ({method} / 1 sec),Rate,5
09/11/2026 05:53:47,System.Runtime,dotnet.monitor.lock_contentions ({contention} / 1 sec),Rate,0
09/11/2026 05:53:47,System.Runtime,dotnet.gc.collections ({collection} / 1 sec)[gc.heap.generation=gen0],Rate,0
09/11/2026 05:53:47,System.Runtime,dotnet.gc.collections ({collection} / 1 sec)[gc.heap.generation=gen2],Rate,0
09/11/2026 05:53:47,System.Runtime,dotnet.gc.collections ({collection} / 1 sec)[gc.heap.generation=gen1],Rate,0
09/11/2026 05:53:47,System.Runtime,dotnet.process.cpu.time (s / 1 sec)[cpu.mode=user],Rate,0.5782239999999987
09/11/2026 05:53:47,System.Runtime,dotnet.process.cpu.time (s / 1 sec)[cpu.mode=system],Rate,0.034486999999999934
09/11/2026 05:53:47,System.Runtime,dotnet.process.cpu.count ({cpu}),Metric,15
09/11/2026 05:53:47,System.Runtime,dotnet.gc.pause.time (s / 1 sec),Rate,0
09/11/2026 05:53:47,System.Runtime,dotnet.thread_pool.queue.length ({work_item} / 1 sec),Rate,0
09/11/2026 05:53:47,System.Runtime,dotnet.gc.last_collection.memory.committed_size (By),Metric,0
09/11/2026 05:53:47,System.Runtime,dotnet.gc.last_collection.heap.fragmentation.size (By)[gc.heap.generation=gen0],Metric,0
09/11/2026 05:53:47,System.Runtime,dotnet.gc.last_collection.heap.fragmentation.size (By)[gc.heap.generation=gen2],Metric,0
09/11/2026 05:53:47,System.Runtime,dotnet.gc.last_collection.heap.fragmentation.size (By)[gc.heap.generation=loh],Metric,0
09/11/2026 05:53:47,System.Runtime,dotnet.gc.last_collection.heap.fragmentation.size (By)[gc.heap.generation=gen1],Metric,0
09/11/2026 05:53:47,System.Runtime,dotnet.gc.last_collection.heap.fragmentation.size (By)[gc.heap.generation=poh],Metric,0
09/11/2026 05:53:47,System.Runtime,dotnet.timer.count ({timer}),Metric,2
09/11/2026 05:53:47,System.Runtime,dotnet.assembly.count ({assembly}),Metric,61
09/11/2026 05:53:47,System.Runtime,dotnet.gc.heap.total_allocated (By / 1 sec),Rate,121976
09/11/2026 05:53:47,System.Runtime,dotnet.gc.last_collection.heap.size (By)[gc.heap.generation=gen0],Metric,0
09/11/2026 05:53:47,System.Runtime,dotnet.gc.last_collection.heap.size (By)[gc.heap.generation=gen2],Metric,0
09/11/2026 05:53:47,System.Runtime,dotnet.gc.last_collection.heap.size (By)[gc.heap.generation=loh],Metric,0
09/11/2026 05:53:47,System.Runtime,dotnet.gc.last_collection.heap.size (By)[gc.heap.generation=gen1],Metric,0
09/11/2026 05:53:47,System.Runtime,dotnet.gc.last_collection.heap.size (By)[gc.heap.generation=poh],Metric,0
09/11/2026 05:53:47,System.Runtime,dotnet.thread_pool.work_item.count ({work_item} / 1 sec),Rate,601
09/11/2026 05:53:47,System.Runtime,dotnet.process.memory.working_set (By),Metric,90324992
09/11/2026 05:53:47,System.Runtime,dotnet.thread_pool.thread.count ({thread} / 1 sec),Rate,0
09/11/2026 05:53:47,System.Runtime,dotnet.jit.compilation.time (s / 1 sec),Rate,0.0021567999999999588
09/11/2026 05:53:48,System.Runtime,dotnet.jit.compiled_il.size (By / 1 sec),Rate,2417
09/11/2026 05:53:48,System.Runtime,dotnet.jit.compiled_methods ({method} / 1 sec),Rate,53
09/11/2026 05:53:48,System.Runtime,dotnet.monitor.lock_contentions ({contention} / 1 sec),Rate,0
09/11/2026 05:53:48,System.Runtime,dotnet.gc.collections ({collection} / 1 sec)[gc.heap.generation=gen0],Rate,0
09/11/2026 05:53:48,System.Runtime,dotnet.gc.collections ({collection} / 1 sec)[gc.heap.generation=gen2],Rate,0
09/11/2026 05:53:48,System.Runtime,dotnet.gc.collections ({collection} / 1 sec)[gc.heap.generation=gen1],Rate,0
09/11/2026 05:53:48,System.Runtime,dotnet.process.cpu.time (s / 1 sec)[cpu.mode=user],Rate,0.6013090000000005
09/11/2026 05:53:48,System.Runtime,dotnet.process.cpu.time (s / 1 sec)[cpu.mode=system],Rate,0.039436999999999944
09/11/2026 05:53:48,System.Runtime,dotnet.process.cpu.count ({cpu}),Metric,15
09/11/2026 05:53:48,System.Runtime,dotnet.gc.pause.time (s / 1 sec),Rate,0
09/11/2026 05:53:48,System.Runtime,dotnet.thread_pool.queue.length ({work_item} / 1 sec),Rate,0
09/11/2026 05:53:48,System.Runtime,dotnet.gc.last_collection.memory.committed_size (By),Metric,0
09/11/2026 05:53:48,System.Runtime,dotnet.gc.last_collection.heap.fragmentation.size (By)[gc.heap.generation=gen0],Metric,0
09/11/2026 05:53:48,System.Runtime,dotnet.gc.last_collection.heap.fragmentation.size (By)[gc.heap.generation=gen2],Metric,0
09/11/2026 05:53:48,System.Runtime,dotnet.gc.last_collection.heap.fragmentation.size (By)[gc.heap.generation=loh],Metric,0
09/11/2026 05:53:48,System.Runtime,dotnet.gc.last_collection.heap.fragmentation.size (By)[gc.heap.generation=gen1],Metric,0
09/11/2026 05:53:48,System.Runtime,dotnet.gc.last_collection.heap.fragmentation.size (By)[gc.heap.generation=poh],Metric,0
09/11/2026 05:53:48,System.Runtime,dotnet.timer.count ({timer}),Metric,2
09/11/2026 05:53:48,System.Runtime,dotnet.assembly.count ({assembly}),Metric,61
09/11/2026 05:53:48,System.Runtime,dotnet.gc.heap.total_allocated (By / 1 sec),Rate,155800
09/11/2026 05:53:48,System.Runtime,dotnet.gc.last_collection.heap.size (By)[gc.heap.generation=gen0],Metric,0
09/11/2026 05:53:48,System.Runtime,dotnet.gc.last_collection.heap.size (By)[gc.heap.generation=gen2],Metric,0
09/11/2026 05:53:48,System.Runtime,dotnet.gc.last_collection.heap.size (By)[gc.heap.generation=loh],Metric,0
09/11/2026 05:53:48,System.Runtime,dotnet.gc.last_collection.heap.size (By)[gc.heap.generation=gen1],Metric,0
09/11/2026 05:53:48,System.Runtime,dotnet.gc.last_collection.heap.size (By)[gc.heap.generation=poh],Metric,0
09/11/2026 05:53:48,System.Runtime,dotnet.thread_pool.work_item.count ({work_item} / 1 sec),Rate,601
09/11/2026 05:53:48,System.Runtime,dotnet.process.memory.working_set (By),Metric,90570752
09/11/2026 05:53:48,System.Runtime,dotnet.thread_pool.thread.count ({thread} / 1 sec),Rate,0
09/11/2026 05:53:48,System.Runtime,dotnet.jit.compilation.time (s / 1 sec),Rate,0.017138100000000045
09/11/2026 05:53:49,System.Runtime,dotnet.jit.compiled_il.size (By / 1 sec),Rate,0
09/11/2026 05:53:49,System.Runtime,dotnet.jit.compiled_methods ({method} / 1 sec),Rate,0
09/11/2026 05:53:49,System.Runtime,dotnet.monitor.lock_contentions ({contention} / 1 sec),Rate,0
09/11/2026 05:53:49,System.Runtime,dotnet.gc.collections ({collection} / 1 sec)[gc.heap.generation=gen0],Rate,0
09/11/2026 05:53:49,System.Runtime,dotnet.gc.collections ({collection} / 1 sec)[gc.heap.generation=gen2],Rate,0
09/11/2026 05:53:49,System.Runtime,dotnet.gc.collections ({collection} / 1 sec)[gc.heap.generation=gen1],Rate,0
09/11/2026 05:53:49,System.Runtime,dotnet.process.cpu.time (s / 1 sec)[cpu.mode=user],Rate,0.5783349999999992
09/11/2026 05:53:49,System.Runtime,dotnet.process.cpu.time (s / 1 sec)[cpu.mode=system],Rate,0.03478100000000017
09/11/2026 05:53:49,System.Runtime,dotnet.process.cpu.count ({cpu}),Metric,15
09/11/2026 05:53:49,System.Runtime,dotnet.gc.pause.time (s / 1 sec),Rate,0
09/11/2026 05:53:49,System.Runtime,dotnet.thread_pool.queue.length ({work_item} / 1 sec),Rate,0
09/11/2026 05:53:49,System.Runtime,dotnet.gc.last_collection.memory.committed_size (By),Metric,0
09/11/2026 05:53:49,System.Runtime,dotnet.gc.last_collection.heap.fragmentation.size (By)[gc.heap.generation=gen0],Metric,0
09/11/2026 05:53:49,System.Runtime,dotnet.gc.last_collection.heap.fragmentation.size (By)[gc.heap.generation=gen2],Metric,0
09/11/2026 05:53:49,System.Runtime,dotnet.gc.last_collection.heap.fragmentation.size (By)[gc.heap.generation=loh],Metric,0
09/11/2026 05:53:49,System.Runtime,dotnet.gc.last_collection.heap.fragmentation.size (By)[gc.heap.generation=gen1],Metric,0
09/11/2026 05:53:49,System.Runtime,dotnet.gc.last_collection.heap.fragmentation.size (By)[gc.heap.generation=poh],Metric,0
09/11/2026 05:53:49,System.Runtime,dotnet.timer.count ({timer}),Metric,2
09/11/2026 05:53:49,System.Runtime,dotnet.assembly.count ({assembly}),Metric,61
09/11/2026 05:53:49,System.Runtime,dotnet.gc.heap.total_allocated (By / 1 sec),Rate,123000
09/11/2026 05:53:49,System.Runtime,dotnet.gc.last_collection.heap.size (By)[gc.heap.generation=gen0],Metric,0
09/11/2026 05:53:49,System.Runtime,dotnet.gc.last_collection.heap.size (By)[gc.heap.generation=gen2],Metric,0
09/11/2026 05:53:49,System.Runtime,dotnet.gc.last_collection.heap.size (By)[gc.heap.generation=loh],Metric,0
09/11/2026 05:53:49,System.Runtime,dotnet.gc.last_collection.heap.size (By)[gc.heap.generation=gen1],Metric,0
09/11/2026 05:53:49,System.Runtime,dotnet.gc.last_collection.heap.size (By)[gc.heap.generation=poh],Metric,0
09/11/2026 05:53:49,System.Runtime,dotnet.thread_pool.work_item.count ({work_item} / 1 sec),Rate,601
09/11/2026 05:53:49,System.Runtime,dotnet.process.memory.working_set (By),Metric,90718208
09/11/2026 05:53:49,System.Runtime,dotnet.thread_pool.thread.count ({thread} / 1 sec),Rate,0
09/11/2026 05:53:49,System.Runtime,dotnet.jit.compilation.time (s / 1 sec),Rate,0
09/11/2026 05:53:50,System.Runtime,dotnet.jit.compiled_il.size (By / 1 sec),Rate,0
09/11/2026 05:53:50,System.Runtime,dotnet.jit.compiled_methods ({method} / 1 sec),Rate,0
09/11/2026 05:53:50,System.Runtime,dotnet.monitor.lock_contentions ({contention} / 1 sec),Rate,0
09/11/2026 05:53:50,System.Runtime,dotnet.gc.collections ({collection} / 1 sec)[gc.heap.generation=gen0],Rate,0
09/11/2026 05:53:50,System.Runtime,dotnet.gc.collections ({collection} / 1 sec)[gc.heap.generation=gen2],Rate,0
09/11/2026 05:53:50,System.Runtime,dotnet.gc.collections ({collection} / 1 sec)[gc.heap.generation=gen1],Rate,0
09/11/2026 05:53:50,System.Runtime,dotnet.process.cpu.time (s / 1 sec)[cpu.mode=user],Rate,0.590878
09/11/2026 05:53:50,System.Runtime,dotnet.process.cpu.time (s / 1 sec)[cpu.mode=system],Rate,0.040172000000000097
09/11/2026 05:53:50,System.Runtime,dotnet.process.cpu.count ({cpu}),Metric,15
09/11/2026 05:53:50,System.Runtime,dotnet.gc.pause.time (s / 1 sec),Rate,0
09/11/2026 05:53:50,System.Runtime,dotnet.thread_pool.queue.length ({work_item} / 1 sec),Rate,0
09/11/2026 05:53:50,System.Runtime,dotnet.gc.last_collection.memory.committed_size (By),Metric,0
09/11/2026 05:53:50,System.Runtime,dotnet.gc.last_collection.heap.fragmentation.size (By)[gc.heap.generation=gen0],Metric,0
09/11/2026 05:53:50,System.Runtime,dotnet.gc.last_collection.heap.fragmentation.size (By)[gc.heap.generation=gen2],Metric,0
09/11/2026 05:53:50,System.Runtime,dotnet.gc.last_collection.heap.fragmentation.size (By)[gc.heap.generation=loh],Metric,0
09/11/2026 05:53:50,System.Runtime,dotnet.gc.last_collection.heap.fragmentation.size (By)[gc.heap.generation=gen1],Metric,0
09/11/2026 05:53:50,System.Runtime,dotnet.gc.last_collection.heap.fragmentation.size (By)[gc.heap.generation=poh],Metric,0
09/11/2026 05:53:50,System.Runtime,dotnet.timer.count ({timer}),Metric,2
09/11/2026 05:53:50,System.Runtime,dotnet.assembly.count ({assembly}),Metric,61
09/11/2026 05:53:50,System.Runtime,dotnet.gc.heap.total_allocated (By / 1 sec),Rate,139376
09/11/2026 05:53:50,System.Runtime,dotnet.gc.last_collection.heap.size (By)[gc.heap.generation=gen0],Metric,0
09/11/2026 05:53:50,System.Runtime,dotnet.gc.last_collection.heap.size (By)[gc.heap.generation=gen2],Metric,0
09/11/2026 05:53:50,System.Runtime,dotnet.gc.last_collection.heap.size (By)[gc.heap.generation=loh],Metric,0
09/11/2026 05:53:50,System.Runtime,dotnet.gc.last_collection.heap.size (By)[gc.heap.generation=gen1],Metric,0
09/11/2026 05:53:50,System.Runtime,dotnet.gc.last_collection.heap.size (By)[gc.heap.generation=poh],Metric,0
09/11/2026 05:53:50,System.Runtime,dotnet.thread_pool.work_item.count ({work_item} / 1 sec),Rate,601
09/11/2026 05:53:50,System.Runtime,dotnet.process.memory.working_set (By),Metric,90849280
09/11/2026 05:53:50,System.Runtime,dotnet.thread_pool.thread.count ({thread} / 1 sec),Rate,0
09/11/2026 05:53:50,System.Runtime,dotnet.jit.compilation.time (s / 1 sec),Rate,0
09/11/2026 05:53:51,System.Runtime,dotnet.jit.compiled_il.size (By / 1 sec),Rate,169
09/11/2026 05:53:51,System.Runtime,dotnet.jit.compiled_methods ({method} / 1 sec),Rate,1
09/11/2026 05:53:51,System.Runtime,dotnet.monitor.lock_contentions ({contention} / 1 sec),Rate,0
09/11/2026 05:53:51,System.Runtime,dotnet.gc.collections ({collection} / 1 sec)[gc.heap.generation=gen0],Rate,0
09/11/2026 05:53:51,System.Runtime,dotnet.gc.collections ({collection} / 1 sec)[gc.heap.generation=gen2],Rate,0
09/11/2026 05:53:51,System.Runtime,dotnet.gc.collections ({collection} / 1 sec)[gc.heap.generation=gen1],Rate,0
09/11/2026 05:53:51,System.Runtime,dotnet.process.cpu.time (s / 1 sec)[cpu.mode=user],Rate,0.6002700000000019
09/11/2026 05:53:51,System.Runtime,dotnet.process.cpu.time (s / 1 sec)[cpu.mode=system],Rate,0.04691000000000001
09/11/2026 05:53:51,System.Runtime,dotnet.process.cpu.count ({cpu}),Metric,15
09/11/2026 05:53:51,System.Runtime,dotnet.gc.pause.time (s / 1 sec),Rate,0
09/11/2026 05:53:51,System.Runtime,dotnet.thread_pool.queue.length ({work_item} / 1 sec),Rate,0
09/11/2026 05:53:51,System.Runtime,dotnet.gc.last_collection.memory.committed_size (By),Metric,0
09/11/2026 05:53:51,System.Runtime,dotnet.gc.last_collection.heap.fragmentation.size (By)[gc.heap.generation=gen0],Metric,0
09/11/2026 05:53:51,System.Runtime,dotnet.gc.last_collection.heap.fragmentation.size (By)[gc.heap.generation=gen2],Metric,0
09/11/2026 05:53:51,System.Runtime,dotnet.gc.last_collection.heap.fragmentation.size (By)[gc.heap.generation=loh],Metric,0
09/11/2026 05:53:51,System.Runtime,dotnet.gc.last_collection.heap.fragmentation.size (By)[gc.heap.generation=gen1],Metric,0
09/11/2026 05:53:51,System.Runtime,dotnet.gc.last_collection.heap.fragmentation.size (By)[gc.heap.generation=poh],Metric,0
09/11/2026 05:53:51,System.Runtime,dotnet.timer.count ({timer}),Metric,2
09/11/2026 05:53:51,System.Runtime,dotnet.assembly.count ({assembly}),Metric,61
09/11/2026 05:53:51,System.Runtime,dotnet.gc.heap.total_allocated (By / 1 sec),Rate,146584
09/11/2026 05:53:51,System.Runtime,dotnet.gc.last_collection.heap.size (By)[gc.heap.generation=gen0],Metric,0
09/11/2026 05:53:51,System.Runtime,dotnet.gc.last_collection.heap.size (By)[gc.heap.generation=gen2],Metric,0
09/11/2026 05:53:51,System.Runtime,dotnet.gc.last_collection.heap.size (By)[gc.heap.generation=loh],Metric,0
09/11/2026 05:53:51,System.Runtime,dotnet.gc.last_collection.heap.size (By)[gc.heap.generation=gen1],Metric,0
09/11/2026 05:53:51,System.Runtime,dotnet.gc.last_collection.heap.size (By)[gc.heap.generation=poh],Metric,0
09/11/2026 05:53:51,System.Runtime,dotnet.thread_pool.work_item.count ({work_item} / 1 sec),Rate,646
09/11/2026 05:53:51,System.Runtime,dotnet.process.memory.working_set (By),Metric,91029504
09/11/2026 05:53:51,System.Runtime,dotnet.thread_pool.thread.count ({thread} / 1 sec),Rate,0
09/11/2026 05:53:51,System.Runtime,dotnet.jit.compilation.time (s / 1 sec),Rate,0.0011349999999999971
09/11/2026 05:53:52,System.Runtime,dotnet.jit.compiled_il.size (By / 1 sec),Rate,0
09/11/2026 05:53:52,System.Runtime,dotnet.jit.compiled_methods ({method} / 1 sec),Rate,0
09/11/2026 05:53:52,System.Runtime,dotnet.monitor.lock_contentions ({contention} / 1 sec),Rate,0
09/11/2026 05:53:52,System.Runtime,dotnet.gc.collections ({collection} / 1 sec)[gc.heap.generation=gen0],Rate,0
09/11/2026 05:53:52,System.Runtime,dotnet.gc.collections ({collection} / 1 sec)[gc.heap.generation=gen2],Rate,0
09/11/2026 05:53:52,System.Runtime,dotnet.gc.collections ({collection} / 1 sec)[gc.heap.generation=gen1],Rate,0
09/11/2026 05:53:52,System.Runtime,dotnet.process.cpu.time (s / 1 sec)[cpu.mode=user],Rate,0.5945739999999979
09/11/2026 05:53:52,System.Runtime,dotnet.process.cpu.time (s / 1 sec)[cpu.mode=system],Rate,0.04654399999999992
09/11/2026 05:53:52,System.Runtime,dotnet.process.cpu.count ({cpu}),Metric,15
09/11/2026 05:53:52,System.Runtime,dotnet.gc.pause.time (s / 1 sec),Rate,0
09/11/2026 05:53:52,System.Runtime,dotnet.thread_pool.queue.length ({work_item} / 1 sec),Rate,0
09/11/2026 05:53:52,System.Runtime,dotnet.gc.last_collection.memory.committed_size (By),Metric,0
09/11/2026 05:53:52,System.Runtime,dotnet.gc.last_collection.heap.fragmentation.size (By)[gc.heap.generation=gen0],Metric,0
09/11/2026 05:53:52,System.Runtime,dotnet.gc.last_collection.heap.fragmentation.size (By)[gc.heap.generation=gen2],Metric,0
09/11/2026 05:53:52,System.Runtime,dotnet.gc.last_collection.heap.fragmentation.size (By)[gc.heap.generation=loh],Metric,0
09/11/2026 05:53:52,System.Runtime,dotnet.gc.last_collection.heap.fragmentation.size (By)[gc.heap.generation=gen1],Metric,0
09/11/2026 05:53:52,System.Runtime,dotnet.gc.last_collection.heap.fragmentation.size (By)[gc.heap.generation=poh],Metric,0
09/11/2026 05:53:52,System.Runtime,dotnet.timer.count ({timer}),Metric,2
09/11/2026 05:53:52,System.Runtime,dotnet.assembly.count ({assembly}),Metric,61
09/11/2026 05:53:52,System.Runtime,dotnet.gc.heap.total_allocated (By / 1 sec),Rate,146576
09/11/2026 05:53:52,System.Runtime,dotnet.gc.last_collection.heap.size (By)[gc.heap.generation=gen0],Metric,0
09/11/2026 05:53:52,System.Runtime,dotnet.gc.last_collection.heap.size (By)[gc.heap.generation=gen2],Metric,0
09/11/2026 05:53:52,System.Runtime,dotnet.gc.last_collection.heap.size (By)[gc.heap.generation=loh],Metric,0
09/11/2026 05:53:52,System.Runtime,dotnet.gc.last_collection.heap.size (By)[gc.heap.generation=gen1],Metric,0
09/11/2026 05:53:52,System.Runtime,dotnet.gc.last_collection.heap.size (By)[gc.heap.generation=poh],Metric,0
09/11/2026 05:53:52,System.Runtime,dotnet.thread_pool.work_item.count ({work_item} / 1 sec),Rate,665
09/11/2026 05:53:52,System.Runtime,dotnet.process.memory.working_set (By),Metric,91193344
09/11/2026 05:53:52,System.Runtime,dotnet.thread_pool.thread.count ({thread} / 1 sec),Rate,0
09/11/2026 05:53:52,System.Runtime,dotnet.jit.compilation.time (s / 1 sec),Rate,0
09/11/2026 05:53:53,System.Runtime,dotnet.jit.compiled_il.size (By / 1 sec),Rate,0
09/11/2026 05:53:53,System.Runtime,dotnet.jit.compiled_methods ({method} / 1 sec),Rate,0
09/11/2026 05:53:53,System.Runtime,dotnet.monitor.lock_contentions ({contention} / 1 sec),Rate,0
09/11/2026 05:53:53,System.Runtime,dotnet.gc.collections ({collection} / 1 sec)[gc.heap.generation=gen0],Rate,0
09/11/2026 05:53:53,System.Runtime,dotnet.gc.collections ({collection} / 1 sec)[gc.heap.generation=gen2],Rate,0
09/11/2026 05:53:53,System.Runtime,dotnet.gc.collections ({collection} / 1 sec)[gc.heap.generation=gen1],Rate,0
09/11/2026 05:53:53,System.Runtime,dotnet.process.cpu.time (s / 1 sec)[cpu.mode=user],Rate,0.5774650000000001
09/11/2026 05:53:53,System.Runtime,dotnet.process.cpu.time (s / 1 sec)[cpu.mode=system],Rate,0.0527350000000002
09/11/2026 05:53:53,System.Runtime,dotnet.process.cpu.count ({cpu}),Metric,15
09/11/2026 05:53:53,System.Runtime,dotnet.gc.pause.time (s / 1 sec),Rate,0
09/11/2026 05:53:53,System.Runtime,dotnet.thread_pool.queue.length ({work_item} / 1 sec),Rate,0
09/11/2026 05:53:53,System.Runtime,dotnet.gc.last_collection.memory.committed_size (By),Metric,0
09/11/2026 05:53:53,System.Runtime,dotnet.gc.last_collection.heap.fragmentation.size (By)[gc.heap.generation=gen0],Metric,0
09/11/2026 05:53:53,System.Runtime,dotnet.gc.last_collection.heap.fragmentation.size (By)[gc.heap.generation=gen2],Metric,0
09/11/2026 05:53:53,System.Runtime,dotnet.gc.last_collection.heap.fragmentation.size (By)[gc.heap.generation=loh],Metric,0
09/11/2026 05:53:53,System.Runtime,dotnet.gc.last_collection.heap.fragmentation.size (By)[gc.heap.generation=gen1],Metric,0
09/11/2026 05:53:53,System.Runtime,dotnet.gc.last_collection.heap.fragmentation.size (By)[gc.heap.generation=poh],Metric,0
09/11/2026 05:53:53,System.Runtime,dotnet.timer.count ({timer}),Metric,2
09/11/2026 05:53:53,System.Runtime,dotnet.assembly.count ({assembly}),Metric,61
09/11/2026 05:53:53,System.Runtime,dotnet.gc.heap.total_allocated (By / 1 sec),Rate,123000
09/11/2026 05:53:53,System.Runtime,dotnet.gc.last_collection.heap.size (By)[gc.heap.generation=gen0],Metric,0
09/11/2026 05:53:53,System.Runtime,dotnet.gc.last_collection.heap.size (By)[gc.heap.generation=gen2],Metric,0
09/11/2026 05:53:53,System.Runtime,dotnet.gc.last_collection.heap.size (By)[gc.heap.generation=loh],Metric,0
09/11/2026 05:53:53,System.Runtime,dotnet.gc.last_collection.heap.size (By)[gc.heap.generation=gen1],Metric,0
09/11/2026 05:53:53,System.Runtime,dotnet.gc.last_collection.heap.size (By)[gc.heap.generation=poh],Metric,0
09/11/2026 05:53:53,System.Runtime,dotnet.thread_pool.work_item.count ({work_item} / 1 sec),Rate,613
09/11/2026 05:53:53,System.Runtime,dotnet.process.memory.working_set (By),Metric,91340800
09/11/2026 05:53:53,System.Runtime,dotnet.thread_pool.thread.count ({thread} / 1 sec),Rate,0
09/11/2026 05:53:53,System.Runtime,dotnet.jit.compilation.time (s / 1 sec),Rate,0
09/11/2026 05:53:54,System.Runtime,dotnet.jit.compiled_il.size (By / 1 sec),Rate,0
09/11/2026 05:53:54,System.Runtime,dotnet.jit.compiled_methods ({method} / 1 sec),Rate,0
09/11/2026 05:53:54,System.Runtime,dotnet.monitor.lock_contentions ({contention} / 1 sec),Rate,0
09/11/2026 05:53:54,System.Runtime,dotnet.gc.collections ({collection} / 1 sec)[gc.heap.generation=gen0],Rate,0
09/11/2026 05:53:54,System.Runtime,dotnet.gc.collections ({collection} / 1 sec)[gc.heap.generation=gen2],Rate,0
09/11/2026 05:53:54,System.Runtime,dotnet.gc.collections ({collection} / 1 sec)[gc.heap.generation=gen1],Rate,0
09/11/2026 05:53:54,System.Runtime,dotnet.process.cpu.time (s / 1 sec)[cpu.mode=user],Rate,0.5814920000000008
09/11/2026 05:53:54,System.Runtime,dotnet.process.cpu.time (s / 1 sec)[cpu.mode=system],Rate,0.04610299999999956
09/11/2026 05:53:54,System.Runtime,dotnet.process.cpu.count ({cpu}),Metric,15
09/11/2026 05:53:54,System.Runtime,dotnet.gc.pause.time (s / 1 sec),Rate,0
09/11/2026 05:53:54,System.Runtime,dotnet.thread_pool.queue.length ({work_item} / 1 sec),Rate,0
09/11/2026 05:53:54,System.Runtime,dotnet.gc.last_collection.memory.committed_size (By),Metric,0
09/11/2026 05:53:54,System.Runtime,dotnet.gc.last_collection.heap.fragmentation.size (By)[gc.heap.generation=gen0],Metric,0
09/11/2026 05:53:54,System.Runtime,dotnet.gc.last_collection.heap.fragmentation.size (By)[gc.heap.generation=gen2],Metric,0
09/11/2026 05:53:54,System.Runtime,dotnet.gc.last_collection.heap.fragmentation.size (By)[gc.heap.generation=loh],Metric,0
09/11/2026 05:53:54,System.Runtime,dotnet.gc.last_collection.heap.fragmentation.size (By)[gc.heap.generation=gen1],Metric,0
09/11/2026 05:53:54,System.Runtime,dotnet.gc.last_collection.heap.fragmentation.size (By)[gc.heap.generation=poh],Metric,0
09/11/2026 05:53:54,System.Runtime,dotnet.timer.count ({timer}),Metric,2
09/11/2026 05:53:54,System.Runtime,dotnet.assembly.count ({assembly}),Metric,61
09/11/2026 05:53:54,System.Runtime,dotnet.gc.heap.total_allocated (By / 1 sec),Rate,154680
09/11/2026 05:53:54,System.Runtime,dotnet.gc.last_collection.heap.size (By)[gc.heap.generation=gen0],Metric,0
09/11/2026 05:53:54,System.Runtime,dotnet.gc.last_collection.heap.size (By)[gc.heap.generation=gen2],Metric,0
09/11/2026 05:53:54,System.Runtime,dotnet.gc.last_collection.heap.size (By)[gc.heap.generation=loh],Metric,0
09/11/2026 05:53:54,System.Runtime,dotnet.gc.last_collection.heap.size (By)[gc.heap.generation=gen1],Metric,0
09/11/2026 05:53:54,System.Runtime,dotnet.gc.last_collection.heap.size (By)[gc.heap.generation=poh],Metric,0
09/11/2026 05:53:54,System.Runtime,dotnet.thread_pool.work_item.count ({work_item} / 1 sec),Rate,606
09/11/2026 05:53:54,System.Runtime,dotnet.process.memory.working_set (By),Metric,91488256
09/11/2026 05:53:54,System.Runtime,dotnet.thread_pool.thread.count ({thread} / 1 sec),Rate,0
09/11/2026 05:53:54,System.Runtime,dotnet.jit.compilation.time (s / 1 sec),Rate,0
09/11/2026 05:53:55,System.Runtime,dotnet.jit.compiled_il.size (By / 1 sec),Rate,0
09/11/2026 05:53:55,System.Runtime,dotnet.jit.compiled_methods ({method} / 1 sec),Rate,0
09/11/2026 05:53:55,System.Runtime,dotnet.monitor.lock_contentions ({contention} / 1 sec),Rate,0
09/11/2026 05:53:55,System.Runtime,dotnet.gc.collections ({collection} / 1 sec)[gc.heap.generation=gen0],Rate,0
09/11/2026 05:53:55,System.Runtime,dotnet.gc.collections ({collection} / 1 sec)[gc.heap.generation=gen2],Rate,0
09/11/2026 05:53:55,System.Runtime,dotnet.gc.collections ({collection} / 1 sec)[gc.heap.generation=gen1],Rate,0
09/11/2026 05:53:55,System.Runtime,dotnet.process.cpu.time (s / 1 sec)[cpu.mode=user],Rate,0.5810570000000013
09/11/2026 05:53:55,System.Runtime,dotnet.process.cpu.time (s / 1 sec)[cpu.mode=system],Rate,0.045852000000000004
09/11/2026 05:53:55,System.Runtime,dotnet.process.cpu.count ({cpu}),Metric,15
09/11/2026 05:53:55,System.Runtime,dotnet.gc.pause.time (s / 1 sec),Rate,0
09/11/2026 05:53:55,System.Runtime,dotnet.thread_pool.queue.length ({work_item} / 1 sec),Rate,0
09/11/2026 05:53:55,System.Runtime,dotnet.gc.last_collection.memory.committed_size (By),Metric,0
09/11/2026 05:53:55,System.Runtime,dotnet.gc.last_collection.heap.fragmentation.size (By)[gc.heap.generation=gen0],Metric,0
09/11/2026 05:53:55,System.Runtime,dotnet.gc.last_collection.heap.fragmentation.size (By)[gc.heap.generation=gen2],Metric,0
09/11/2026 05:53:55,System.Runtime,dotnet.gc.last_collection.heap.fragmentation.size (By)[gc.heap.generation=loh],Metric,0
09/11/2026 05:53:55,System.Runtime,dotnet.gc.last_collection.heap.fragmentation.size (By)[gc.heap.generation=gen1],Metric,0
09/11/2026 05:53:55,System.Runtime,dotnet.gc.last_collection.heap.fragmentation.size (By)[gc.heap.generation=poh],Metric,0
09/11/2026 05:53:55,System.Runtime,dotnet.timer.count ({timer}),Metric,2
09/11/2026 05:53:55,System.Runtime,dotnet.assembly.count ({assembly}),Metric,61
09/11/2026 05:53:55,System.Runtime,dotnet.gc.heap.total_allocated (By / 1 sec),Rate,131200
09/11/2026 05:53:55,System.Runtime,dotnet.gc.last_collection.heap.size (By)[gc.heap.generation=gen0],Metric,0
09/11/2026 05:53:55,System.Runtime,dotnet.gc.last_collection.heap.size (By)[gc.heap.generation=gen2],Metric,0
09/11/2026 05:53:55,System.Runtime,dotnet.gc.last_collection.heap.size (By)[gc.heap.generation=loh],Metric,0
09/11/2026 05:53:55,System.Runtime,dotnet.gc.last_collection.heap.size (By)[gc.heap.generation=gen1],Metric,0
09/11/2026 05:53:55,System.Runtime,dotnet.gc.last_collection.heap.size (By)[gc.heap.generation=poh],Metric,0
09/11/2026 05:53:55,System.Runtime,dotnet.thread_pool.work_item.count ({work_item} / 1 sec),Rate,601
09/11/2026 05:53:55,System.Runtime,dotnet.process.memory.working_set (By),Metric,91586560
09/11/2026 05:53:55,System.Runtime,dotnet.thread_pool.thread.count ({thread} / 1 sec),Rate,0
09/11/2026 05:53:55,System.Runtime,dotnet.jit.compilation.time (s / 1 sec),Rate,0
09/11/2026 05:53:56,System.Runtime,dotnet.jit.compiled_il.size (By / 1 sec),Rate,12
09/11/2026 05:53:56,System.Runtime,dotnet.jit.compiled_methods ({method} / 1 sec),Rate,1
09/11/2026 05:53:56,System.Runtime,dotnet.monitor.lock_contentions ({contention} / 1 sec),Rate,0
09/11/2026 05:53:56,System.Runtime,dotnet.gc.collections ({collection} / 1 sec)[gc.heap.generation=gen0],Rate,0
09/11/2026 05:53:56,System.Runtime,dotnet.gc.collections ({collection} / 1 sec)[gc.heap.generation=gen2],Rate,0
09/11/2026 05:53:56,System.Runtime,dotnet.gc.collections ({collection} / 1 sec)[gc.heap.generation=gen1],Rate,0
09/11/2026 05:53:56,System.Runtime,dotnet.process.cpu.time (s / 1 sec)[cpu.mode=user],Rate,0.5861759999999983
09/11/2026 05:53:56,System.Runtime,dotnet.process.cpu.time (s / 1 sec)[cpu.mode=system],Rate,0.04722700000000035
09/11/2026 05:53:56,System.Runtime,dotnet.process.cpu.count ({cpu}),Metric,15
09/11/2026 05:53:56,System.Runtime,dotnet.gc.pause.time (s / 1 sec),Rate,0
09/11/2026 05:53:56,System.Runtime,dotnet.thread_pool.queue.length ({work_item} / 1 sec),Rate,0
09/11/2026 05:53:56,System.Runtime,dotnet.gc.last_collection.memory.committed_size (By),Metric,0
09/11/2026 05:53:56,System.Runtime,dotnet.gc.last_collection.heap.fragmentation.size (By)[gc.heap.generation=gen0],Metric,0
09/11/2026 05:53:56,System.Runtime,dotnet.gc.last_collection.heap.fragmentation.size (By)[gc.heap.generation=gen2],Metric,0
09/11/2026 05:53:56,System.Runtime,dotnet.gc.last_collection.heap.fragmentation.size (By)[gc.heap.generation=loh],Metric,0
09/11/2026 05:53:56,System.Runtime,dotnet.gc.last_collection.heap.fragmentation.size (By)[gc.heap.generation=gen1],Metric,0
09/11/2026 05:53:56,System.Runtime,dotnet.gc.last_collection.heap.fragmentation.size (By)[gc.heap.generation=poh],Metric,0
09/11/2026 05:53:56,System.Runtime,dotnet.timer.count ({timer}),Metric,3
09/11/2026 05:53:56,System.Runtime,dotnet.assembly.count ({assembly}),Metric,61
09/11/2026 05:53:56,System.Runtime,dotnet.gc.heap.total_allocated (By / 1 sec),Rate,138392
09/11/2026 05:53:56,System.Runtime,dotnet.gc.last_collection.heap.size (By)[gc.heap.generation=gen0],Metric,0
09/11/2026 05:53:56,System.Runtime,dotnet.gc.last_collection.heap.size (By)[gc.heap.generation=gen2],Metric,0
09/11/2026 05:53:56,System.Runtime,dotnet.gc.last_collection.heap.size (By)[gc.heap.generation=loh],Metric,0
09/11/2026 05:53:56,System.Runtime,dotnet.gc.last_collection.heap.size (By)[gc.heap.generation=gen1],Metric,0
09/11/2026 05:53:56,System.Runtime,dotnet.gc.last_collection.heap.size (By)[gc.heap.generation=poh],Metric,0
09/11/2026 05:53:56,System.Runtime,dotnet.thread_pool.work_item.count ({work_item} / 1 sec),Rate,604
09/11/2026 05:53:56,System.Runtime,dotnet.process.memory.working_set (By),Metric,91783168
09/11/2026 05:53:56,System.Runtime,dotnet.thread_pool.thread.count ({thread} / 1 sec),Rate,0
09/11/2026 05:53:56,System.Runtime,dotnet.jit.compilation.time (s / 1 sec),Rate,0.0002813999999999872
09/11/2026 05:53:57,System.Runtime,dotnet.jit.compiled_il.size (By / 1 sec),Rate,0
09/11/2026 05:53:57,System.Runtime,dotnet.jit.compiled_methods ({method} / 1 sec),Rate,0
09/11/2026 05:53:57,System.Runtime,dotnet.monitor.lock_contentions ({contention} / 1 sec),Rate,0
09/11/2026 05:53:57,System.Runtime,dotnet.gc.collections ({collection} / 1 sec)[gc.heap.generation=gen0],Rate,0
09/11/2026 05:53:57,System.Runtime,dotnet.gc.collections ({collection} / 1 sec)[gc.heap.generation=gen2],Rate,0
09/11/2026 05:53:57,System.Runtime,dotnet.gc.collections ({collection} / 1 sec)[gc.heap.generation=gen1],Rate,0
09/11/2026 05:53:57,System.Runtime,dotnet.process.cpu.time (s / 1 sec)[cpu.mode=user],Rate,0.5812279999999994
09/11/2026 05:53:57,System.Runtime,dotnet.process.cpu.time (s / 1 sec)[cpu.mode=system],Rate,0.03984399999999999
09/11/2026 05:53:57,System.Runtime,dotnet.process.cpu.count ({cpu}),Metric,15
09/11/2026 05:53:57,System.Runtime,dotnet.gc.pause.time (s / 1 sec),Rate,0
09/11/2026 05:53:57,System.Runtime,dotnet.thread_pool.queue.length ({work_item} / 1 sec),Rate,0
09/11/2026 05:53:57,System.Runtime,dotnet.gc.last_collection.memory.committed_size (By),Metric,0
09/11/2026 05:53:57,System.Runtime,dotnet.gc.last_collection.heap.fragmentation.size (By)[gc.heap.generation=gen0],Metric,0
09/11/2026 05:53:57,System.Runtime,dotnet.gc.last_collection.heap.fragmentation.size (By)[gc.heap.generation=gen2],Metric,0
09/11/2026 05:53:57,System.Runtime,dotnet.gc.last_collection.heap.fragmentation.size (By)[gc.heap.generation=loh],Metric,0
09/11/2026 05:53:57,System.Runtime,dotnet.gc.last_collection.heap.fragmentation.size (By)[gc.heap.generation=gen1],Metric,0
09/11/2026 05:53:57,System.Runtime,dotnet.gc.last_collection.heap.fragmentation.size (By)[gc.heap.generation=poh],Metric,0
09/11/2026 05:53:57,System.Runtime,dotnet.timer.count ({timer}),Metric,2
09/11/2026 05:53:57,System.Runtime,dotnet.assembly.count ({assembly}),Metric,61
09/11/2026 05:53:57,System.Runtime,dotnet.gc.heap.total_allocated (By / 1 sec),Rate,139400
09/11/2026 05:53:57,System.Runtime,dotnet.gc.last_collection.heap.size (By)[gc.heap.generation=gen0],Metric,0
09/11/2026 05:53:57,System.Runtime,dotnet.gc.last_collection.heap.size (By)[gc.heap.generation=gen2],Metric,0
09/11/2026 05:53:57,System.Runtime,dotnet.gc.last_collection.heap.size (By)[gc.heap.generation=loh],Metric,0
09/11/2026 05:53:57,System.Runtime,dotnet.gc.last_collection.heap.size (By)[gc.heap.generation=gen1],Metric,0
09/11/2026 05:53:57,System.Runtime,dotnet.gc.last_collection.heap.size (By)[gc.heap.generation=poh],Metric,0
09/11/2026 05:53:57,System.Runtime,dotnet.thread_pool.work_item.count ({work_item} / 1 sec),Rate,599
09/11/2026 05:53:57,System.Runtime,dotnet.process.memory.working_set (By),Metric,91963392
09/11/2026 05:53:57,System.Runtime,dotnet.thread_pool.thread.count ({thread} / 1 sec),Rate,0
09/11/2026 05:53:57,System.Runtime,dotnet.jit.compilation.time (s / 1 sec),Rate,0
09/11/2026 05:53:58,System.Runtime,dotnet.jit.compiled_il.size (By / 1 sec),Rate,0
09/11/2026 05:53:58,System.Runtime,dotnet.jit.compiled_methods ({method} / 1 sec),Rate,0
09/11/2026 05:53:58,System.Runtime,dotnet.monitor.lock_contentions ({contention} / 1 sec),Rate,0
09/11/2026 05:53:58,System.Runtime,dotnet.gc.collections ({collection} / 1 sec)[gc.heap.generation=gen0],Rate,0
09/11/2026 05:53:58,System.Runtime,dotnet.gc.collections ({collection} / 1 sec)[gc.heap.generation=gen2],Rate,0
09/11/2026 05:53:58,System.Runtime,dotnet.gc.collections ({collection} / 1 sec)[gc.heap.generation=gen1],Rate,0
09/11/2026 05:53:58,System.Runtime,dotnet.process.cpu.time (s / 1 sec)[cpu.mode=user],Rate,0.5804610000000032
09/11/2026 05:53:58,System.Runtime,dotnet.process.cpu.time (s / 1 sec)[cpu.mode=system],Rate,0.03649699999999978
09/11/2026 05:53:58,System.Runtime,dotnet.process.cpu.count ({cpu}),Metric,15
09/11/2026 05:53:58,System.Runtime,dotnet.gc.pause.time (s / 1 sec),Rate,0
09/11/2026 05:53:58,System.Runtime,dotnet.thread_pool.queue.length ({work_item} / 1 sec),Rate,0
09/11/2026 05:53:58,System.Runtime,dotnet.gc.last_collection.memory.committed_size (By),Metric,0
09/11/2026 05:53:58,System.Runtime,dotnet.gc.last_collection.heap.fragmentation.size (By)[gc.heap.generation=gen0],Metric,0
09/11/2026 05:53:58,System.Runtime,dotnet.gc.last_collection.heap.fragmentation.size (By)[gc.heap.generation=gen2],Metric,0
09/11/2026 05:53:58,System.Runtime,dotnet.gc.last_collection.heap.fragmentation.size (By)[gc.heap.generation=loh],Metric,0
09/11/2026 05:53:58,System.Runtime,dotnet.gc.last_collection.heap.fragmentation.size (By)[gc.heap.generation=gen1],Metric,0
09/11/2026 05:53:58,System.Runtime,dotnet.gc.last_collection.heap.fragmentation.size (By)[gc.heap.generation=poh],Metric,0
09/11/2026 05:53:58,System.Runtime,dotnet.timer.count ({timer}),Metric,2
09/11/2026 05:53:58,System.Runtime,dotnet.assembly.count ({assembly}),Metric,61
09/11/2026 05:53:58,System.Runtime,dotnet.gc.heap.total_allocated (By / 1 sec),Rate,139336
09/11/2026 05:53:58,System.Runtime,dotnet.gc.last_collection.heap.size (By)[gc.heap.generation=gen0],Metric,0
09/11/2026 05:53:58,System.Runtime,dotnet.gc.last_collection.heap.size (By)[gc.heap.generation=gen2],Metric,0
09/11/2026 05:53:58,System.Runtime,dotnet.gc.last_collection.heap.size (By)[gc.heap.generation=loh],Metric,0
09/11/2026 05:53:58,System.Runtime,dotnet.gc.last_collection.heap.size (By)[gc.heap.generation=gen1],Metric,0
09/11/2026 05:53:58,System.Runtime,dotnet.gc.last_collection.heap.size (By)[gc.heap.generation=poh],Metric,0
09/11/2026 05:53:58,System.Runtime,dotnet.thread_pool.work_item.count ({work_item} / 1 sec),Rate,601
09/11/2026 05:53:58,System.Runtime,dotnet.process.memory.working_set (By),Metric,92110848
09/11/2026 05:53:58,System.Runtime,dotnet.thread_pool.thread.count ({thread} / 1 sec),Rate,0
09/11/2026 05:53:58,System.Runtime,dotnet.jit.compilation.time (s / 1 sec),Rate,0
09/11/2026 05:53:59,System.Runtime,dotnet.jit.compiled_il.size (By / 1 sec),Rate,0
09/11/2026 05:53:59,System.Runtime,dotnet.jit.compiled_methods ({method} / 1 sec),Rate,0
09/11/2026 05:53:59,System.Runtime,dotnet.monitor.lock_contentions ({contention} / 1 sec),Rate,0
09/11/2026 05:53:59,System.Runtime,dotnet.gc.collections ({collection} / 1 sec)[gc.heap.generation=gen0],Rate,0
09/11/2026 05:53:59,System.Runtime,dotnet.gc.collections ({collection} / 1 sec)[gc.heap.generation=gen2],Rate,0
09/11/2026 05:53:59,System.Runtime,dotnet.gc.collections ({collection} / 1 sec)[gc.heap.generation=gen1],Rate,0
09/11/2026 05:53:59,System.Runtime,dotnet.process.cpu.time (s / 1 sec)[cpu.mode=user],Rate,0.5783619999999985
09/11/2026 05:53:59,System.Runtime,dotnet.process.cpu.time (s / 1 sec)[cpu.mode=system],Rate,0.03919000000000006
09/11/2026 05:53:59,System.Runtime,dotnet.process.cpu.count ({cpu}),Metric,15
09/11/2026 05:53:59,System.Runtime,dotnet.gc.pause.time (s / 1 sec),Rate,0
09/11/2026 05:53:59,System.Runtime,dotnet.thread_pool.queue.length ({work_item} / 1 sec),Rate,0
09/11/2026 05:53:59,System.Runtime,dotnet.gc.last_collection.memory.committed_size (By),Metric,0
09/11/2026 05:53:59,System.Runtime,dotnet.gc.last_collection.heap.fragmentation.size (By)[gc.heap.generation=gen0],Metric,0
09/11/2026 05:53:59,System.Runtime,dotnet.gc.last_collection.heap.fragmentation.size (By)[gc.heap.generation=gen2],Metric,0
09/11/2026 05:53:59,System.Runtime,dotnet.gc.last_collection.heap.fragmentation.size (By)[gc.heap.generation=loh],Metric,0
09/11/2026 05:53:59,System.Runtime,dotnet.gc.last_collection.heap.fragmentation.size (By)[gc.heap.generation=gen1],Metric,0
09/11/2026 05:53:59,System.Runtime,dotnet.gc.last_collection.heap.fragmentation.size (By)[gc.heap.generation=poh],Metric,0
09/11/2026 05:53:59,System.Runtime,dotnet.timer.count ({timer}),Metric,2
09/11/2026 05:53:59,System.Runtime,dotnet.assembly.count ({assembly}),Metric,61
09/11/2026 05:53:59,System.Runtime,dotnet.gc.heap.total_allocated (By / 1 sec),Rate,134600
09/11/2026 05:53:59,System.Runtime,dotnet.gc.last_collection.heap.size (By)[gc.heap.generation=gen0],Metric,0
09/11/2026 05:53:59,System.Runtime,dotnet.gc.last_collection.heap.size (By)[gc.heap.generation=gen2],Metric,0
09/11/2026 05:53:59,System.Runtime,dotnet.gc.last_collection.heap.size (By)[gc.heap.generation=loh],Metric,0
09/11/2026 05:53:59,System.Runtime,dotnet.gc.last_collection.heap.size (By)[gc.heap.generation=gen1],Metric,0
09/11/2026 05:53:59,System.Runtime,dotnet.gc.last_collection.heap.size (By)[gc.heap.generation=poh],Metric,0
09/11/2026 05:53:59,System.Runtime,dotnet.thread_pool.work_item.count ({work_item} / 1 sec),Rate,601
09/11/2026 05:53:59,System.Runtime,dotnet.process.memory.working_set (By),Metric,92241920
09/11/2026 05:53:59,System.Runtime,dotnet.thread_pool.thread.count ({thread} / 1 sec),Rate,0
09/11/2026 05:53:59,System.Runtime,dotnet.jit.compilation.time (s / 1 sec),Rate,0
09/11/2026 05:54:00,System.Runtime,dotnet.jit.compiled_il.size (By / 1 sec),Rate,0
09/11/2026 05:54:00,System.Runtime,dotnet.jit.compiled_methods ({method} / 1 sec),Rate,0
09/11/2026 05:54:00,System.Runtime,dotnet.monitor.lock_contentions ({contention} / 1 sec),Rate,1
09/11/2026 05:54:00,System.Runtime,dotnet.gc.collections ({collection} / 1 sec)[gc.heap.generation=gen0],Rate,0
09/11/2026 05:54:00,System.Runtime,dotnet.gc.collections ({collection} / 1 sec)[gc.heap.generation=gen2],Rate,0
09/11/2026 05:54:00,System.Runtime,dotnet.gc.collections ({collection} / 1 sec)[gc.heap.generation=gen1],Rate,0
09/11/2026 05:54:00,System.Runtime,dotnet.process.cpu.time (s / 1 sec)[cpu.mode=user],Rate,0.576157000000002
09/11/2026 05:54:00,System.Runtime,dotnet.process.cpu.time (s / 1 sec)[cpu.mode=system],Rate,0.04034899999999997
09/11/2026 05:54:00,System.Runtime,dotnet.process.cpu.count ({cpu}),Metric,15
09/11/2026 05:54:00,System.Runtime,dotnet.gc.pause.time (s / 1 sec),Rate,0
09/11/2026 05:54:00,System.Runtime,dotnet.thread_pool.queue.length ({work_item} / 1 sec),Rate,0
09/11/2026 05:54:00,System.Runtime,dotnet.gc.last_collection.memory.committed_size (By),Metric,0
09/11/2026 05:54:00,System.Runtime,dotnet.gc.last_collection.heap.fragmentation.size (By)[gc.heap.generation=gen0],Metric,0
09/11/2026 05:54:00,System.Runtime,dotnet.gc.last_collection.heap.fragmentation.size (By)[gc.heap.generation=gen2],Metric,0
09/11/2026 05:54:00,System.Runtime,dotnet.gc.last_collection.heap.fragmentation.size (By)[gc.heap.generation=loh],Metric,0
09/11/2026 05:54:00,System.Runtime,dotnet.gc.last_collection.heap.fragmentation.size (By)[gc.heap.generation=gen1],Metric,0
09/11/2026 05:54:00,System.Runtime,dotnet.gc.last_collection.heap.fragmentation.size (By)[gc.heap.generation=poh],Metric,0
09/11/2026 05:54:00,System.Runtime,dotnet.timer.count ({timer}),Metric,2
09/11/2026 05:54:00,System.Runtime,dotnet.assembly.count ({assembly}),Metric,61
09/11/2026 05:54:00,System.Runtime,dotnet.gc.heap.total_allocated (By / 1 sec),Rate,138312
09/11/2026 05:54:00,System.Runtime,dotnet.gc.last_collection.heap.size (By)[gc.heap.generation=gen0],Metric,0
09/11/2026 05:54:00,System.Runtime,dotnet.gc.last_collection.heap.size (By)[gc.heap.generation=gen2],Metric,0
09/11/2026 05:54:00,System.Runtime,dotnet.gc.last_collection.heap.size (By)[gc.heap.generation=loh],Metric,0
09/11/2026 05:54:00,System.Runtime,dotnet.gc.last_collection.heap.size (By)[gc.heap.generation=gen1],Metric,0
09/11/2026 05:54:00,System.Runtime,dotnet.gc.last_collection.heap.size (By)[gc.heap.generation=poh],Metric,0
09/11/2026 05:54:00,System.Runtime,dotnet.thread_pool.work_item.count ({work_item} / 1 sec),Rate,601
09/11/2026 05:54:00,System.Runtime,dotnet.process.memory.working_set (By),Metric,92405760
09/11/2026 05:54:00,System.Runtime,dotnet.thread_pool.thread.count ({thread} / 1 sec),Rate,0
09/11/2026 05:54:00,System.Runtime,dotnet.jit.compilation.time (s / 1 sec),Rate,0
09/11/2026 05:54:01,System.Runtime,dotnet.jit.compiled_il.size (By / 1 sec),Rate,8
09/11/2026 05:54:01,System.Runtime,dotnet.jit.compiled_methods ({method} / 1 sec),Rate,1
09/11/2026 05:54:01,System.Runtime,dotnet.monitor.lock_contentions ({contention} / 1 sec),Rate,0
09/11/2026 05:54:01,System.Runtime,dotnet.gc.collections ({collection} / 1 sec)[gc.heap.generation=gen0],Rate,0
09/11/2026 05:54:01,System.Runtime,dotnet.gc.collections ({collection} / 1 sec)[gc.heap.generation=gen2],Rate,0
09/11/2026 05:54:01,System.Runtime,dotnet.gc.collections ({collection} / 1 sec)[gc.heap.generation=gen1],Rate,0
09/11/2026 05:54:01,System.Runtime,dotnet.process.cpu.time (s / 1 sec)[cpu.mode=user],Rate,0.5817209999999946
09/11/2026 05:54:01,System.Runtime,dotnet.process.cpu.time (s / 1 sec)[cpu.mode=system],Rate,0.039061000000000234
09/11/2026 05:54:01,System.Runtime,dotnet.process.cpu.count ({cpu}),Metric,15
09/11/2026 05:54:01,System.Runtime,dotnet.gc.pause.time (s / 1 sec),Rate,0
09/11/2026 05:54:01,System.Runtime,dotnet.thread_pool.queue.length ({work_item} / 1 sec),Rate,0
09/11/2026 05:54:01,System.Runtime,dotnet.gc.last_collection.memory.committed_size (By),Metric,0
09/11/2026 05:54:01,System.Runtime,dotnet.gc.last_collection.heap.fragmentation.size (By)[gc.heap.generation=gen0],Metric,0
09/11/2026 05:54:01,System.Runtime,dotnet.gc.last_collection.heap.fragmentation.size (By)[gc.heap.generation=gen2],Metric,0
09/11/2026 05:54:01,System.Runtime,dotnet.gc.last_collection.heap.fragmentation.size (By)[gc.heap.generation=loh],Metric,0
09/11/2026 05:54:01,System.Runtime,dotnet.gc.last_collection.heap.fragmentation.size (By)[gc.heap.generation=gen1],Metric,0
09/11/2026 05:54:01,System.Runtime,dotnet.gc.last_collection.heap.fragmentation.size (By)[gc.heap.generation=poh],Metric,0
09/11/2026 05:54:01,System.Runtime,dotnet.timer.count ({timer}),Metric,2
09/11/2026 05:54:01,System.Runtime,dotnet.assembly.count ({assembly}),Metric,61
09/11/2026 05:54:01,System.Runtime,dotnet.gc.heap.total_allocated (By / 1 sec),Rate,131216
09/11/2026 05:54:01,System.Runtime,dotnet.gc.last_collection.heap.size (By)[gc.heap.generation=gen0],Metric,0
09/11/2026 05:54:01,System.Runtime,dotnet.gc.last_collection.heap.size (By)[gc.heap.generation=gen2],Metric,0
09/11/2026 05:54:01,System.Runtime,dotnet.gc.last_collection.heap.size (By)[gc.heap.generation=loh],Metric,0
09/11/2026 05:54:01,System.Runtime,dotnet.gc.last_collection.heap.size (By)[gc.heap.generation=gen1],Metric,0
09/11/2026 05:54:01,System.Runtime,dotnet.gc.last_collection.heap.size (By)[gc.heap.generation=poh],Metric,0
09/11/2026 05:54:01,System.Runtime,dotnet.thread_pool.work_item.count ({work_item} / 1 sec),Rate,602
09/11/2026 05:54:01,System.Runtime,dotnet.process.memory.working_set (By),Metric,92569600
09/11/2026 05:54:01,System.Runtime,dotnet.thread_pool.thread.count ({thread} / 1 sec),Rate,0
09/11/2026 05:54:01,System.Runtime,dotnet.jit.compilation.time (s / 1 sec),Rate,0.00039789999999995107
09/11/2026 05:54:02,System.Runtime,dotnet.jit.compiled_il.size (By / 1 sec),Rate,0
09/11/2026 05:54:02,System.Runtime,dotnet.jit.compiled_methods ({method} / 1 sec),Rate,0
09/11/2026 05:54:02,System.Runtime,dotnet.monitor.lock_contentions ({contention} / 1 sec),Rate,0
09/11/2026 05:54:02,System.Runtime,dotnet.gc.collections ({collection} / 1 sec)[gc.heap.generation=gen0],Rate,0
09/11/2026 05:54:02,System.Runtime,dotnet.gc.collections ({collection} / 1 sec)[gc.heap.generation=gen2],Rate,0
09/11/2026 05:54:02,System.Runtime,dotnet.gc.collections ({collection} / 1 sec)[gc.heap.generation=gen1],Rate,0
09/11/2026 05:54:02,System.Runtime,dotnet.process.cpu.time (s / 1 sec)[cpu.mode=user],Rate,0.5804760000000044
09/11/2026 05:54:02,System.Runtime,dotnet.process.cpu.time (s / 1 sec)[cpu.mode=system],Rate,0.03814499999999965
09/11/2026 05:54:02,System.Runtime,dotnet.process.cpu.count ({cpu}),Metric,15
09/11/2026 05:54:02,System.Runtime,dotnet.gc.pause.time (s / 1 sec),Rate,0
09/11/2026 05:54:02,System.Runtime,dotnet.thread_pool.queue.length ({work_item} / 1 sec),Rate,0
09/11/2026 05:54:02,System.Runtime,dotnet.gc.last_collection.memory.committed_size (By),Metric,0
09/11/2026 05:54:02,System.Runtime,dotnet.gc.last_collection.heap.fragmentation.size (By)[gc.heap.generation=gen0],Metric,0
09/11/2026 05:54:02,System.Runtime,dotnet.gc.last_collection.heap.fragmentation.size (By)[gc.heap.generation=gen2],Metric,0
09/11/2026 05:54:02,System.Runtime,dotnet.gc.last_collection.heap.fragmentation.size (By)[gc.heap.generation=loh],Metric,0
09/11/2026 05:54:02,System.Runtime,dotnet.gc.last_collection.heap.fragmentation.size (By)[gc.heap.generation=gen1],Metric,0
09/11/2026 05:54:02,System.Runtime,dotnet.gc.last_collection.heap.fragmentation.size (By)[gc.heap.generation=poh],Metric,0
09/11/2026 05:54:02,System.Runtime,dotnet.timer.count ({timer}),Metric,2
09/11/2026 05:54:02,System.Runtime,dotnet.assembly.count ({assembly}),Metric,61
09/11/2026 05:54:02,System.Runtime,dotnet.gc.heap.total_allocated (By / 1 sec),Rate,131312
09/11/2026 05:54:02,System.Runtime,dotnet.gc.last_collection.heap.size (By)[gc.heap.generation=gen0],Metric,0
09/11/2026 05:54:02,System.Runtime,dotnet.gc.last_collection.heap.size (By)[gc.heap.generation=gen2],Metric,0
09/11/2026 05:54:02,System.Runtime,dotnet.gc.last_collection.heap.size (By)[gc.heap.generation=loh],Metric,0
09/11/2026 05:54:02,System.Runtime,dotnet.gc.last_collection.heap.size (By)[gc.heap.generation=gen1],Metric,0
09/11/2026 05:54:02,System.Runtime,dotnet.gc.last_collection.heap.size (By)[gc.heap.generation=poh],Metric,0
09/11/2026 05:54:02,System.Runtime,dotnet.thread_pool.work_item.count ({work_item} / 1 sec),Rate,601
09/11/2026 05:54:02,System.Runtime,dotnet.process.memory.working_set (By),Metric,92700672
09/11/2026 05:54:02,System.Runtime,dotnet.thread_pool.thread.count ({thread} / 1 sec),Rate,0
09/11/2026 05:54:02,System.Runtime,dotnet.jit.compilation.time (s / 1 sec),Rate,0
09/11/2026 05:54:03,System.Runtime,dotnet.jit.compiled_il.size (By / 1 sec),Rate,0
09/11/2026 05:54:03,System.Runtime,dotnet.jit.compiled_methods ({method} / 1 sec),Rate,0
09/11/2026 05:54:03,System.Runtime,dotnet.monitor.lock_contentions ({contention} / 1 sec),Rate,0
09/11/2026 05:54:03,System.Runtime,dotnet.gc.collections ({collection} / 1 sec)[gc.heap.generation=gen0],Rate,0
09/11/2026 05:54:03,System.Runtime,dotnet.gc.collections ({collection} / 1 sec)[gc.heap.generation=gen2],Rate,0
09/11/2026 05:54:03,System.Runtime,dotnet.gc.collections ({collection} / 1 sec)[gc.heap.generation=gen1],Rate,0
09/11/2026 05:54:03,System.Runtime,dotnet.process.cpu.time (s / 1 sec)[cpu.mode=user],Rate,0.5821759999999969
09/11/2026 05:54:03,System.Runtime,dotnet.process.cpu.time (s / 1 sec)[cpu.mode=system],Rate,0.04244000000000003
09/11/2026 05:54:03,System.Runtime,dotnet.process.cpu.count ({cpu}),Metric,15
09/11/2026 05:54:03,System.Runtime,dotnet.gc.pause.time (s / 1 sec),Rate,0
09/11/2026 05:54:03,System.Runtime,dotnet.thread_pool.queue.length ({work_item} / 1 sec),Rate,0
09/11/2026 05:54:03,System.Runtime,dotnet.gc.last_collection.memory.committed_size (By),Metric,0
09/11/2026 05:54:03,System.Runtime,dotnet.gc.last_collection.heap.fragmentation.size (By)[gc.heap.generation=gen0],Metric,0
09/11/2026 05:54:03,System.Runtime,dotnet.gc.last_collection.heap.fragmentation.size (By)[gc.heap.generation=gen2],Metric,0
09/11/2026 05:54:03,System.Runtime,dotnet.gc.last_collection.heap.fragmentation.size (By)[gc.heap.generation=loh],Metric,0
09/11/2026 05:54:03,System.Runtime,dotnet.gc.last_collection.heap.fragmentation.size (By)[gc.heap.generation=gen1],Metric,0
09/11/2026 05:54:03,System.Runtime,dotnet.gc.last_collection.heap.fragmentation.size (By)[gc.heap.generation=poh],Metric,0
09/11/2026 05:54:03,System.Runtime,dotnet.timer.count ({timer}),Metric,2
09/11/2026 05:54:03,System.Runtime,dotnet.assembly.count ({assembly}),Metric,61
09/11/2026 05:54:03,System.Runtime,dotnet.gc.heap.total_allocated (By / 1 sec),Rate,137288
09/11/2026 05:54:03,System.Runtime,dotnet.gc.last_collection.heap.size (By)[gc.heap.generation=gen0],Metric,0
09/11/2026 05:54:03,System.Runtime,dotnet.gc.last_collection.heap.size (By)[gc.heap.generation=gen2],Metric,0
09/11/2026 05:54:03,System.Runtime,dotnet.gc.last_collection.heap.size (By)[gc.heap.generation=loh],Metric,0
09/11/2026 05:54:03,System.Runtime,dotnet.gc.last_collection.heap.size (By)[gc.heap.generation=gen1],Metric,0
09/11/2026 05:54:03,System.Runtime,dotnet.gc.last_collection.heap.size (By)[gc.heap.generation=poh],Metric,0
09/11/2026 05:54:03,System.Runtime,dotnet.thread_pool.work_item.count ({work_item} / 1 sec),Rate,601
09/11/2026 05:54:03,System.Runtime,dotnet.process.memory.working_set (By),Metric,92880896
09/11/2026 05:54:03,System.Runtime,dotnet.thread_pool.thread.count ({thread} / 1 sec),Rate,0
09/11/2026 05:54:03,System.Runtime,dotnet.jit.compilation.time (s / 1 sec),Rate,0
09/11/2026 05:54:04,System.Runtime,dotnet.jit.compiled_il.size (By / 1 sec),Rate,0
09/11/2026 05:54:04,System.Runtime,dotnet.jit.compiled_methods ({method} / 1 sec),Rate,0
09/11/2026 05:54:04,System.Runtime,dotnet.monitor.lock_contentions ({contention} / 1 sec),Rate,0
09/11/2026 05:54:04,System.Runtime,dotnet.gc.collections ({collection} / 1 sec)[gc.heap.generation=gen0],Rate,0
09/11/2026 05:54:04,System.Runtime,dotnet.gc.collections ({collection} / 1 sec)[gc.heap.generation=gen2],Rate,0
09/11/2026 05:54:04,System.Runtime,dotnet.gc.collections ({collection} / 1 sec)[gc.heap.generation=gen1],Rate,0
09/11/2026 05:54:04,System.Runtime,dotnet.process.cpu.time (s / 1 sec)[cpu.mode=user],Rate,0.5826290000000043
09/11/2026 05:54:04,System.Runtime,dotnet.process.cpu.time (s / 1 sec)[cpu.mode=system],Rate,0.04009900000000011
09/11/2026 05:54:04,System.Runtime,dotnet.process.cpu.count ({cpu}),Metric,15
09/11/2026 05:54:04,System.Runtime,dotnet.gc.pause.time (s / 1 sec),Rate,0
09/11/2026 05:54:04,System.Runtime,dotnet.thread_pool.queue.length ({work_item} / 1 sec),Rate,0
09/11/2026 05:54:04,System.Runtime,dotnet.gc.last_collection.memory.committed_size (By),Metric,0
09/11/2026 05:54:04,System.Runtime,dotnet.gc.last_collection.heap.fragmentation.size (By)[gc.heap.generation=gen0],Metric,0
09/11/2026 05:54:04,System.Runtime,dotnet.gc.last_collection.heap.fragmentation.size (By)[gc.heap.generation=gen2],Metric,0
09/11/2026 05:54:04,System.Runtime,dotnet.gc.last_collection.heap.fragmentation.size (By)[gc.heap.generation=loh],Metric,0
09/11/2026 05:54:04,System.Runtime,dotnet.gc.last_collection.heap.fragmentation.size (By)[gc.heap.generation=gen1],Metric,0
09/11/2026 05:54:04,System.Runtime,dotnet.gc.last_collection.heap.fragmentation.size (By)[gc.heap.generation=poh],Metric,0
09/11/2026 05:54:04,System.Runtime,dotnet.timer.count ({timer}),Metric,2
09/11/2026 05:54:04,System.Runtime,dotnet.assembly.count ({assembly}),Metric,61
09/11/2026 05:54:04,System.Runtime,dotnet.gc.heap.total_allocated (By / 1 sec),Rate,139400
09/11/2026 05:54:04,System.Runtime,dotnet.gc.last_collection.heap.size (By)[gc.heap.generation=gen0],Metric,0
09/11/2026 05:54:04,System.Runtime,dotnet.gc.last_collection.heap.size (By)[gc.heap.generation=gen2],Metric,0
09/11/2026 05:54:04,System.Runtime,dotnet.gc.last_collection.heap.size (By)[gc.heap.generation=loh],Metric,0
09/11/2026 05:54:04,System.Runtime,dotnet.gc.last_collection.heap.size (By)[gc.heap.generation=gen1],Metric,0
09/11/2026 05:54:04,System.Runtime,dotnet.gc.last_collection.heap.size (By)[gc.heap.generation=poh],Metric,0
09/11/2026 05:54:04,System.Runtime,dotnet.thread_pool.work_item.count ({work_item} / 1 sec),Rate,601
09/11/2026 05:54:04,System.Runtime,dotnet.process.memory.working_set (By),Metric,93028352
09/11/2026 05:54:04,System.Runtime,dotnet.thread_pool.thread.count ({thread} / 1 sec),Rate,0
09/11/2026 05:54:04,System.Runtime,dotnet.jit.compilation.time (s / 1 sec),Rate,0
09/11/2026 05:54:05,System.Runtime,dotnet.jit.compiled_il.size (By / 1 sec),Rate,0
09/11/2026 05:54:05,System.Runtime,dotnet.jit.compiled_methods ({method} / 1 sec),Rate,0
09/11/2026 05:54:05,System.Runtime,dotnet.monitor.lock_contentions ({contention} / 1 sec),Rate,0
09/11/2026 05:54:05,System.Runtime,dotnet.gc.collections ({collection} / 1 sec)[gc.heap.generation=gen0],Rate,0
09/11/2026 05:54:05,System.Runtime,dotnet.gc.collections ({collection} / 1 sec)[gc.heap.generation=gen2],Rate,0
09/11/2026 05:54:05,System.Runtime,dotnet.gc.collections ({collection} / 1 sec)[gc.heap.generation=gen1],Rate,0
09/11/2026 05:54:05,System.Runtime,dotnet.process.cpu.time (s / 1 sec)[cpu.mode=user],Rate,0.5802369999999968
09/11/2026 05:54:05,System.Runtime,dotnet.process.cpu.time (s / 1 sec)[cpu.mode=system],Rate,0.042082000000000175
09/11/2026 05:54:05,System.Runtime,dotnet.process.cpu.count ({cpu}),Metric,15
09/11/2026 05:54:05,System.Runtime,dotnet.gc.pause.time (s / 1 sec),Rate,0
09/11/2026 05:54:05,System.Runtime,dotnet.thread_pool.queue.length ({work_item} / 1 sec),Rate,0
09/11/2026 05:54:05,System.Runtime,dotnet.gc.last_collection.memory.committed_size (By),Metric,0
09/11/2026 05:54:05,System.Runtime,dotnet.gc.last_collection.heap.fragmentation.size (By)[gc.heap.generation=gen0],Metric,0
09/11/2026 05:54:05,System.Runtime,dotnet.gc.last_collection.heap.fragmentation.size (By)[gc.heap.generation=gen2],Metric,0
09/11/2026 05:54:05,System.Runtime,dotnet.gc.last_collection.heap.fragmentation.size (By)[gc.heap.generation=loh],Metric,0
09/11/2026 05:54:05,System.Runtime,dotnet.gc.last_collection.heap.fragmentation.size (By)[gc.heap.generation=gen1],Metric,0
09/11/2026 05:54:05,System.Runtime,dotnet.gc.last_collection.heap.fragmentation.size (By)[gc.heap.generation=poh],Metric,0
09/11/2026 05:54:05,System.Runtime,dotnet.timer.count ({timer}),Metric,2
09/11/2026 05:54:05,System.Runtime,dotnet.assembly.count ({assembly}),Metric,61
09/11/2026 05:54:05,System.Runtime,dotnet.gc.heap.total_allocated (By / 1 sec),Rate,138376
09/11/2026 05:54:05,System.Runtime,dotnet.gc.last_collection.heap.size (By)[gc.heap.generation=gen0],Metric,0
09/11/2026 05:54:05,System.Runtime,dotnet.gc.last_collection.heap.size (By)[gc.heap.generation=gen2],Metric,0
09/11/2026 05:54:05,System.Runtime,dotnet.gc.last_collection.heap.size (By)[gc.heap.generation=loh],Metric,0
09/11/2026 05:54:05,System.Runtime,dotnet.gc.last_collection.heap.size (By)[gc.heap.generation=gen1],Metric,0
09/11/2026 05:54:05,System.Runtime,dotnet.gc.last_collection.heap.size (By)[gc.heap.generation=poh],Metric,0
09/11/2026 05:54:05,System.Runtime,dotnet.thread_pool.work_item.count ({work_item} / 1 sec),Rate,601
09/11/2026 05:54:05,System.Runtime,dotnet.process.memory.working_set (By),Metric,93143040
09/11/2026 05:54:05,System.Runtime,dotnet.thread_pool.thread.count ({thread} / 1 sec),Rate,0
09/11/2026 05:54:05,System.Runtime,dotnet.jit.compilation.time (s / 1 sec),Rate,0
09/11/2026 05:54:06,System.Runtime,dotnet.jit.compiled_il.size (By / 1 sec),Rate,1199
09/11/2026 05:54:06,System.Runtime,dotnet.jit.compiled_methods ({method} / 1 sec),Rate,3
09/11/2026 05:54:06,System.Runtime,dotnet.monitor.lock_contentions ({contention} / 1 sec),Rate,0
09/11/2026 05:54:06,System.Runtime,dotnet.gc.collections ({collection} / 1 sec)[gc.heap.generation=gen0],Rate,0
09/11/2026 05:54:06,System.Runtime,dotnet.gc.collections ({collection} / 1 sec)[gc.heap.generation=gen2],Rate,0
09/11/2026 05:54:06,System.Runtime,dotnet.gc.collections ({collection} / 1 sec)[gc.heap.generation=gen1],Rate,0
09/11/2026 05:54:06,System.Runtime,dotnet.process.cpu.time (s / 1 sec)[cpu.mode=user],Rate,0.5862490000000022
09/11/2026 05:54:06,System.Runtime,dotnet.process.cpu.time (s / 1 sec)[cpu.mode=system],Rate,0.04229700000000003
09/11/2026 05:54:06,System.Runtime,dotnet.process.cpu.count ({cpu}),Metric,15
09/11/2026 05:54:06,System.Runtime,dotnet.gc.pause.time (s / 1 sec),Rate,0
09/11/2026 05:54:06,System.Runtime,dotnet.thread_pool.queue.length ({work_item} / 1 sec),Rate,0
09/11/2026 05:54:06,System.Runtime,dotnet.gc.last_collection.memory.committed_size (By),Metric,0
09/11/2026 05:54:06,System.Runtime,dotnet.gc.last_collection.heap.fragmentation.size (By)[gc.heap.generation=gen0],Metric,0
09/11/2026 05:54:06,System.Runtime,dotnet.gc.last_collection.heap.fragmentation.size (By)[gc.heap.generation=gen2],Metric,0
09/11/2026 05:54:06,System.Runtime,dotnet.gc.last_collection.heap.fragmentation.size (By)[gc.heap.generation=loh],Metric,0
09/11/2026 05:54:06,System.Runtime,dotnet.gc.last_collection.heap.fragmentation.size (By)[gc.heap.generation=gen1],Metric,0
09/11/2026 05:54:06,System.Runtime,dotnet.gc.last_collection.heap.fragmentation.size (By)[gc.heap.generation=poh],Metric,0
09/11/2026 05:54:06,System.Runtime,dotnet.timer.count ({timer}),Metric,2
09/11/2026 05:54:06,System.Runtime,dotnet.assembly.count ({assembly}),Metric,61
09/11/2026 05:54:06,System.Runtime,dotnet.gc.heap.total_allocated (By / 1 sec),Rate,138392
09/11/2026 05:54:06,System.Runtime,dotnet.gc.last_collection.heap.size (By)[gc.heap.generation=gen0],Metric,0
09/11/2026 05:54:06,System.Runtime,dotnet.gc.last_collection.heap.size (By)[gc.heap.generation=gen2],Metric,0
09/11/2026 05:54:06,System.Runtime,dotnet.gc.last_collection.heap.size (By)[gc.heap.generation=loh],Metric,0
09/11/2026 05:54:06,System.Runtime,dotnet.gc.last_collection.heap.size (By)[gc.heap.generation=gen1],Metric,0
09/11/2026 05:54:06,System.Runtime,dotnet.gc.last_collection.heap.size (By)[gc.heap.generation=poh],Metric,0
09/11/2026 05:54:06,System.Runtime,dotnet.thread_pool.work_item.count ({work_item} / 1 sec),Rate,602
09/11/2026 05:54:06,System.Runtime,dotnet.process.memory.working_set (By),Metric,93372416
09/11/2026 05:54:06,System.Runtime,dotnet.thread_pool.thread.count ({thread} / 1 sec),Rate,0
09/11/2026 05:54:06,System.Runtime,dotnet.jit.compilation.time (s / 1 sec),Rate,0.006964799999999993
09/11/2026 05:54:07,System.Runtime,dotnet.jit.compiled_il.size (By / 1 sec),Rate,0
09/11/2026 05:54:07,System.Runtime,dotnet.jit.compiled_methods ({method} / 1 sec),Rate,0
09/11/2026 05:54:07,System.Runtime,dotnet.monitor.lock_contentions ({contention} / 1 sec),Rate,0
09/11/2026 05:54:07,System.Runtime,dotnet.gc.collections ({collection} / 1 sec)[gc.heap.generation=gen0],Rate,0
09/11/2026 05:54:07,System.Runtime,dotnet.gc.collections ({collection} / 1 sec)[gc.heap.generation=gen2],Rate,0
09/11/2026 05:54:07,System.Runtime,dotnet.gc.collections ({collection} / 1 sec)[gc.heap.generation=gen1],Rate,0
09/11/2026 05:54:07,System.Runtime,dotnet.process.cpu.time (s / 1 sec)[cpu.mode=user],Rate,0.5805269999999965
09/11/2026 05:54:07,System.Runtime,dotnet.process.cpu.time (s / 1 sec)[cpu.mode=system],Rate,0.04083099999999984
09/11/2026 05:54:07,System.Runtime,dotnet.process.cpu.count ({cpu}),Metric,15
09/11/2026 05:54:07,System.Runtime,dotnet.gc.pause.time (s / 1 sec),Rate,0
09/11/2026 05:54:07,System.Runtime,dotnet.thread_pool.queue.length ({work_item} / 1 sec),Rate,0
09/11/2026 05:54:07,System.Runtime,dotnet.gc.last_collection.memory.committed_size (By),Metric,0
09/11/2026 05:54:07,System.Runtime,dotnet.gc.last_collection.heap.fragmentation.size (By)[gc.heap.generation=gen0],Metric,0
09/11/2026 05:54:07,System.Runtime,dotnet.gc.last_collection.heap.fragmentation.size (By)[gc.heap.generation=gen2],Metric,0
09/11/2026 05:54:07,System.Runtime,dotnet.gc.last_collection.heap.fragmentation.size (By)[gc.heap.generation=loh],Metric,0
09/11/2026 05:54:07,System.Runtime,dotnet.gc.last_collection.heap.fragmentation.size (By)[gc.heap.generation=gen1],Metric,0
09/11/2026 05:54:07,System.Runtime,dotnet.gc.last_collection.heap.fragmentation.size (By)[gc.heap.generation=poh],Metric,0
09/11/2026 05:54:07,System.Runtime,dotnet.timer.count ({timer}),Metric,2
09/11/2026 05:54:07,System.Runtime,dotnet.assembly.count ({assembly}),Metric,61
09/11/2026 05:54:07,System.Runtime,dotnet.gc.heap.total_allocated (By / 1 sec),Rate,131168
09/11/2026 05:54:07,System.Runtime,dotnet.gc.last_collection.heap.size (By)[gc.heap.generation=gen0],Metric,0
09/11/2026 05:54:07,System.Runtime,dotnet.gc.last_collection.heap.size (By)[gc.heap.generation=gen2],Metric,0
09/11/2026 05:54:07,System.Runtime,dotnet.gc.last_collection.heap.size (By)[gc.heap.generation=loh],Metric,0
09/11/2026 05:54:07,System.Runtime,dotnet.gc.last_collection.heap.size (By)[gc.heap.generation=gen1],Metric,0
09/11/2026 05:54:07,System.Runtime,dotnet.gc.last_collection.heap.size (By)[gc.heap.generation=poh],Metric,0
09/11/2026 05:54:07,System.Runtime,dotnet.thread_pool.work_item.count ({work_item} / 1 sec),Rate,601
09/11/2026 05:54:07,System.Runtime,dotnet.process.memory.working_set (By),Metric,93536256
09/11/2026 05:54:07,System.Runtime,dotnet.thread_pool.thread.count ({thread} / 1 sec),Rate,0
09/11/2026 05:54:07,System.Runtime,dotnet.jit.compilation.time (s / 1 sec),Rate,0
09/11/2026 05:54:08,System.Runtime,dotnet.jit.compiled_il.size (By / 1 sec),Rate,0
09/11/2026 05:54:08,System.Runtime,dotnet.jit.compiled_methods ({method} / 1 sec),Rate,0
09/11/2026 05:54:08,System.Runtime,dotnet.monitor.lock_contentions ({contention} / 1 sec),Rate,0
09/11/2026 05:54:08,System.Runtime,dotnet.gc.collections ({collection} / 1 sec)[gc.heap.generation=gen0],Rate,0
09/11/2026 05:54:08,System.Runtime,dotnet.gc.collections ({collection} / 1 sec)[gc.heap.generation=gen2],Rate,0
09/11/2026 05:54:08,System.Runtime,dotnet.gc.collections ({collection} / 1 sec)[gc.heap.generation=gen1],Rate,0
09/11/2026 05:54:08,System.Runtime,dotnet.process.cpu.time (s / 1 sec)[cpu.mode=user],Rate,0.5838159999999988
09/11/2026 05:54:08,System.Runtime,dotnet.process.cpu.time (s / 1 sec)[cpu.mode=system],Rate,0.04274399999999989
09/11/2026 05:54:08,System.Runtime,dotnet.process.cpu.count ({cpu}),Metric,15
09/11/2026 05:54:08,System.Runtime,dotnet.gc.pause.time (s / 1 sec),Rate,0
09/11/2026 05:54:08,System.Runtime,dotnet.thread_pool.queue.length ({work_item} / 1 sec),Rate,0
09/11/2026 05:54:08,System.Runtime,dotnet.gc.last_collection.memory.committed_size (By),Metric,0
09/11/2026 05:54:08,System.Runtime,dotnet.gc.last_collection.heap.fragmentation.size (By)[gc.heap.generation=gen0],Metric,0
09/11/2026 05:54:08,System.Runtime,dotnet.gc.last_collection.heap.fragmentation.size (By)[gc.heap.generation=gen2],Metric,0
09/11/2026 05:54:08,System.Runtime,dotnet.gc.last_collection.heap.fragmentation.size (By)[gc.heap.generation=loh],Metric,0
09/11/2026 05:54:08,System.Runtime,dotnet.gc.last_collection.heap.fragmentation.size (By)[gc.heap.generation=gen1],Metric,0
09/11/2026 05:54:08,System.Runtime,dotnet.gc.last_collection.heap.fragmentation.size (By)[gc.heap.generation=poh],Metric,0
09/11/2026 05:54:08,System.Runtime,dotnet.timer.count ({timer}),Metric,2
09/11/2026 05:54:08,System.Runtime,dotnet.assembly.count ({assembly}),Metric,61
09/11/2026 05:54:08,System.Runtime,dotnet.gc.heap.total_allocated (By / 1 sec),Rate,142344
09/11/2026 05:54:08,System.Runtime,dotnet.gc.last_collection.heap.size (By)[gc.heap.generation=gen0],Metric,0
09/11/2026 05:54:08,System.Runtime,dotnet.gc.last_collection.heap.size (By)[gc.heap.generation=gen2],Metric,0
09/11/2026 05:54:08,System.Runtime,dotnet.gc.last_collection.heap.size (By)[gc.heap.generation=loh],Metric,0
09/11/2026 05:54:08,System.Runtime,dotnet.gc.last_collection.heap.size (By)[gc.heap.generation=gen1],Metric,0
09/11/2026 05:54:08,System.Runtime,dotnet.gc.last_collection.heap.size (By)[gc.heap.generation=poh],Metric,0
09/11/2026 05:54:08,System.Runtime,dotnet.thread_pool.work_item.count ({work_item} / 1 sec),Rate,601
09/11/2026 05:54:08,System.Runtime,dotnet.process.memory.working_set (By),Metric,93716480
09/11/2026 05:54:08,System.Runtime,dotnet.thread_pool.thread.count ({thread} / 1 sec),Rate,0
09/11/2026 05:54:08,System.Runtime,dotnet.jit.compilation.time (s / 1 sec),Rate,0
09/11/2026 05:54:09,System.Runtime,dotnet.jit.compiled_il.size (By / 1 sec),Rate,0
09/11/2026 05:54:09,System.Runtime,dotnet.jit.compiled_methods ({method} / 1 sec),Rate,0
09/11/2026 05:54:09,System.Runtime,dotnet.monitor.lock_contentions ({contention} / 1 sec),Rate,0
09/11/2026 05:54:09,System.Runtime,dotnet.gc.collections ({collection} / 1 sec)[gc.heap.generation=gen0],Rate,0
09/11/2026 05:54:09,System.Runtime,dotnet.gc.collections ({collection} / 1 sec)[gc.heap.generation=gen2],Rate,0
09/11/2026 05:54:09,System.Runtime,dotnet.gc.collections ({collection} / 1 sec)[gc.heap.generation=gen1],Rate,0
09/11/2026 05:54:09,System.Runtime,dotnet.process.cpu.time (s / 1 sec)[cpu.mode=user],Rate,0.5729180000000014
09/11/2026 05:54:09,System.Runtime,dotnet.process.cpu.time (s / 1 sec)[cpu.mode=system],Rate,0.0409790000000001
09/11/2026 05:54:09,System.Runtime,dotnet.process.cpu.count ({cpu}),Metric,15
09/11/2026 05:54:09,System.Runtime,dotnet.gc.pause.time (s / 1 sec),Rate,0
09/11/2026 05:54:09,System.Runtime,dotnet.thread_pool.queue.length ({work_item} / 1 sec),Rate,0
09/11/2026 05:54:09,System.Runtime,dotnet.gc.last_collection.memory.committed_size (By),Metric,0
09/11/2026 05:54:09,System.Runtime,dotnet.gc.last_collection.heap.fragmentation.size (By)[gc.heap.generation=gen0],Metric,0
09/11/2026 05:54:09,System.Runtime,dotnet.gc.last_collection.heap.fragmentation.size (By)[gc.heap.generation=gen2],Metric,0
09/11/2026 05:54:09,System.Runtime,dotnet.gc.last_collection.heap.fragmentation.size (By)[gc.heap.generation=loh],Metric,0
09/11/2026 05:54:09,System.Runtime,dotnet.gc.last_collection.heap.fragmentation.size (By)[gc.heap.generation=gen1],Metric,0
09/11/2026 05:54:09,System.Runtime,dotnet.gc.last_collection.heap.fragmentation.size (By)[gc.heap.generation=poh],Metric,0
09/11/2026 05:54:09,System.Runtime,dotnet.timer.count ({timer}),Metric,2
09/11/2026 05:54:09,System.Runtime,dotnet.assembly.count ({assembly}),Metric,61
09/11/2026 05:54:09,System.Runtime,dotnet.gc.heap.total_allocated (By / 1 sec),Rate,139400
09/11/2026 05:54:09,System.Runtime,dotnet.gc.last_collection.heap.size (By)[gc.heap.generation=gen0],Metric,0
09/11/2026 05:54:09,System.Runtime,dotnet.gc.last_collection.heap.size (By)[gc.heap.generation=gen2],Metric,0
09/11/2026 05:54:09,System.Runtime,dotnet.gc.last_collection.heap.size (By)[gc.heap.generation=loh],Metric,0
09/11/2026 05:54:09,System.Runtime,dotnet.gc.last_collection.heap.size (By)[gc.heap.generation=gen1],Metric,0
09/11/2026 05:54:09,System.Runtime,dotnet.gc.last_collection.heap.size (By)[gc.heap.generation=poh],Metric,0
09/11/2026 05:54:09,System.Runtime,dotnet.thread_pool.work_item.count ({work_item} / 1 sec),Rate,600
09/11/2026 05:54:09,System.Runtime,dotnet.process.memory.working_set (By),Metric,93847552
09/11/2026 05:54:09,System.Runtime,dotnet.thread_pool.thread.count ({thread} / 1 sec),Rate,0
09/11/2026 05:54:09,System.Runtime,dotnet.jit.compilation.time (s / 1 sec),Rate,0
09/11/2026 05:54:10,System.Runtime,dotnet.jit.compiled_il.size (By / 1 sec),Rate,0
09/11/2026 05:54:10,System.Runtime,dotnet.jit.compiled_methods ({method} / 1 sec),Rate,0
09/11/2026 05:54:10,System.Runtime,dotnet.monitor.lock_contentions ({contention} / 1 sec),Rate,0
09/11/2026 05:54:10,System.Runtime,dotnet.gc.collections ({collection} / 1 sec)[gc.heap.generation=gen0],Rate,0
09/11/2026 05:54:10,System.Runtime,dotnet.gc.collections ({collection} / 1 sec)[gc.heap.generation=gen2],Rate,0
09/11/2026 05:54:10,System.Runtime,dotnet.gc.collections ({collection} / 1 sec)[gc.heap.generation=gen1],Rate,0
09/11/2026 05:54:10,System.Runtime,dotnet.process.cpu.time (s / 1 sec)[cpu.mode=user],Rate,0.5782890000000052
09/11/2026 05:54:10,System.Runtime,dotnet.process.cpu.time (s / 1 sec)[cpu.mode=system],Rate,0.046784999999999854
09/11/2026 05:54:10,System.Runtime,dotnet.process.cpu.count ({cpu}),Metric,15
09/11/2026 05:54:10,System.Runtime,dotnet.gc.pause.time (s / 1 sec),Rate,0
09/11/2026 05:54:10,System.Runtime,dotnet.thread_pool.queue.length ({work_item} / 1 sec),Rate,0
09/11/2026 05:54:10,System.Runtime,dotnet.gc.last_collection.memory.committed_size (By),Metric,0
09/11/2026 05:54:10,System.Runtime,dotnet.gc.last_collection.heap.fragmentation.size (By)[gc.heap.generation=gen0],Metric,0
09/11/2026 05:54:10,System.Runtime,dotnet.gc.last_collection.heap.fragmentation.size (By)[gc.heap.generation=gen2],Metric,0
09/11/2026 05:54:10,System.Runtime,dotnet.gc.last_collection.heap.fragmentation.size (By)[gc.heap.generation=loh],Metric,0
09/11/2026 05:54:10,System.Runtime,dotnet.gc.last_collection.heap.fragmentation.size (By)[gc.heap.generation=gen1],Metric,0
09/11/2026 05:54:10,System.Runtime,dotnet.gc.last_collection.heap.fragmentation.size (By)[gc.heap.generation=poh],Metric,0
09/11/2026 05:54:10,System.Runtime,dotnet.timer.count ({timer}),Metric,2
09/11/2026 05:54:10,System.Runtime,dotnet.assembly.count ({assembly}),Metric,61
09/11/2026 05:54:10,System.Runtime,dotnet.gc.heap.total_allocated (By / 1 sec),Rate,139400
09/11/2026 05:54:10,System.Runtime,dotnet.gc.last_collection.heap.size (By)[gc.heap.generation=gen0],Metric,0
09/11/2026 05:54:10,System.Runtime,dotnet.gc.last_collection.heap.size (By)[gc.heap.generation=gen2],Metric,0
09/11/2026 05:54:10,System.Runtime,dotnet.gc.last_collection.heap.size (By)[gc.heap.generation=loh],Metric,0
09/11/2026 05:54:10,System.Runtime,dotnet.gc.last_collection.heap.size (By)[gc.heap.generation=gen1],Metric,0
09/11/2026 05:54:10,System.Runtime,dotnet.gc.last_collection.heap.size (By)[gc.heap.generation=poh],Metric,0
09/11/2026 05:54:10,System.Runtime,dotnet.thread_pool.work_item.count ({work_item} / 1 sec),Rate,601
09/11/2026 05:54:10,System.Runtime,dotnet.process.memory.working_set (By),Metric,93962240
09/11/2026 05:54:10,System.Runtime,dotnet.thread_pool.thread.count ({thread} / 1 sec),Rate,0
09/11/2026 05:54:10,System.Runtime,dotnet.jit.compilation.time (s / 1 sec),Rate,0
09/11/2026 05:54:11,System.Runtime,dotnet.jit.compiled_il.size (By / 1 sec),Rate,57
09/11/2026 05:54:11,System.Runtime,dotnet.jit.compiled_methods ({method} / 1 sec),Rate,4
09/11/2026 05:54:11,System.Runtime,dotnet.monitor.lock_contentions ({contention} / 1 sec),Rate,1
09/11/2026 05:54:11,System.Runtime,dotnet.gc.collections ({collection} / 1 sec)[gc.heap.generation=gen0],Rate,0
09/11/2026 05:54:11,System.Runtime,dotnet.gc.collections ({collection} / 1 sec)[gc.heap.generation=gen2],Rate,0
09/11/2026 05:54:11,System.Runtime,dotnet.gc.collections ({collection} / 1 sec)[gc.heap.generation=gen1],Rate,0
09/11/2026 05:54:11,System.Runtime,dotnet.process.cpu.time (s / 1 sec)[cpu.mode=user],Rate,0.5721979999999931
09/11/2026 05:54:11,System.Runtime,dotnet.process.cpu.time (s / 1 sec)[cpu.mode=system],Rate,0.036987000000000325
09/11/2026 05:54:11,System.Runtime,dotnet.process.cpu.count ({cpu}),Metric,15
09/11/2026 05:54:11,System.Runtime,dotnet.gc.pause.time (s / 1 sec),Rate,0
09/11/2026 05:54:11,System.Runtime,dotnet.thread_pool.queue.length ({work_item} / 1 sec),Rate,0
09/11/2026 05:54:11,System.Runtime,dotnet.gc.last_collection.memory.committed_size (By),Metric,0
09/11/2026 05:54:11,System.Runtime,dotnet.gc.last_collection.heap.fragmentation.size (By)[gc.heap.generation=gen0],Metric,0
09/11/2026 05:54:11,System.Runtime,dotnet.gc.last_collection.heap.fragmentation.size (By)[gc.heap.generation=gen2],Metric,0
09/11/2026 05:54:11,System.Runtime,dotnet.gc.last_collection.heap.fragmentation.size (By)[gc.heap.generation=loh],Metric,0
09/11/2026 05:54:11,System.Runtime,dotnet.gc.last_collection.heap.fragmentation.size (By)[gc.heap.generation=gen1],Metric,0
09/11/2026 05:54:11,System.Runtime,dotnet.gc.last_collection.heap.fragmentation.size (By)[gc.heap.generation=poh],Metric,0
09/11/2026 05:54:11,System.Runtime,dotnet.timer.count ({timer}),Metric,2
09/11/2026 05:54:11,System.Runtime,dotnet.assembly.count ({assembly}),Metric,61
09/11/2026 05:54:11,System.Runtime,dotnet.gc.heap.total_allocated (By / 1 sec),Rate,134536
09/11/2026 05:54:11,System.Runtime,dotnet.gc.last_collection.heap.size (By)[gc.heap.generation=gen0],Metric,0
09/11/2026 05:54:11,System.Runtime,dotnet.gc.last_collection.heap.size (By)[gc.heap.generation=gen2],Metric,0
09/11/2026 05:54:11,System.Runtime,dotnet.gc.last_collection.heap.size (By)[gc.heap.generation=loh],Metric,0
09/11/2026 05:54:11,System.Runtime,dotnet.gc.last_collection.heap.size (By)[gc.heap.generation=gen1],Metric,0
09/11/2026 05:54:11,System.Runtime,dotnet.gc.last_collection.heap.size (By)[gc.heap.generation=poh],Metric,0
09/11/2026 05:54:11,System.Runtime,dotnet.thread_pool.work_item.count ({work_item} / 1 sec),Rate,602
09/11/2026 05:54:11,System.Runtime,dotnet.process.memory.working_set (By),Metric,94109696
09/11/2026 05:54:11,System.Runtime,dotnet.thread_pool.thread.count ({thread} / 1 sec),Rate,-1
09/11/2026 05:54:11,System.Runtime,dotnet.jit.compilation.time (s / 1 sec),Rate,0.00044250000000001233
09/11/2026 05:54:12,System.Runtime,dotnet.jit.compiled_il.size (By / 1 sec),Rate,0
09/11/2026 05:54:12,System.Runtime,dotnet.jit.compiled_methods ({method} / 1 sec),Rate,0
09/11/2026 05:54:12,System.Runtime,dotnet.monitor.lock_contentions ({contention} / 1 sec),Rate,0
09/11/2026 05:54:12,System.Runtime,dotnet.gc.collections ({collection} / 1 sec)[gc.heap.generation=gen0],Rate,0
09/11/2026 05:54:12,System.Runtime,dotnet.gc.collections ({collection} / 1 sec)[gc.heap.generation=gen2],Rate,0
09/11/2026 05:54:12,System.Runtime,dotnet.gc.collections ({collection} / 1 sec)[gc.heap.generation=gen1],Rate,0
09/11/2026 05:54:12,System.Runtime,dotnet.process.cpu.time (s / 1 sec)[cpu.mode=user],Rate,0.5823070000000001
09/11/2026 05:54:12,System.Runtime,dotnet.process.cpu.time (s / 1 sec)[cpu.mode=system],Rate,0.04256899999999986
09/11/2026 05:54:12,System.Runtime,dotnet.process.cpu.count ({cpu}),Metric,15
09/11/2026 05:54:12,System.Runtime,dotnet.gc.pause.time (s / 1 sec),Rate,0
09/11/2026 05:54:12,System.Runtime,dotnet.thread_pool.queue.length ({work_item} / 1 sec),Rate,0
09/11/2026 05:54:12,System.Runtime,dotnet.gc.last_collection.memory.committed_size (By),Metric,0
09/11/2026 05:54:12,System.Runtime,dotnet.gc.last_collection.heap.fragmentation.size (By)[gc.heap.generation=gen0],Metric,0
09/11/2026 05:54:12,System.Runtime,dotnet.gc.last_collection.heap.fragmentation.size (By)[gc.heap.generation=gen2],Metric,0
09/11/2026 05:54:12,System.Runtime,dotnet.gc.last_collection.heap.fragmentation.size (By)[gc.heap.generation=loh],Metric,0
09/11/2026 05:54:12,System.Runtime,dotnet.gc.last_collection.heap.fragmentation.size (By)[gc.heap.generation=gen1],Metric,0
09/11/2026 05:54:12,System.Runtime,dotnet.gc.last_collection.heap.fragmentation.size (By)[gc.heap.generation=poh],Metric,0
09/11/2026 05:54:12,System.Runtime,dotnet.timer.count ({timer}),Metric,2
09/11/2026 05:54:12,System.Runtime,dotnet.assembly.count ({assembly}),Metric,61
09/11/2026 05:54:12,System.Runtime,dotnet.gc.heap.total_allocated (By / 1 sec),Rate,139352
09/11/2026 05:54:12,System.Runtime,dotnet.gc.last_collection.heap.size (By)[gc.heap.generation=gen0],Metric,0
09/11/2026 05:54:12,System.Runtime,dotnet.gc.last_collection.heap.size (By)[gc.heap.generation=gen2],Metric,0
09/11/2026 05:54:12,System.Runtime,dotnet.gc.last_collection.heap.size (By)[gc.heap.generation=loh],Metric,0
09/11/2026 05:54:12,System.Runtime,dotnet.gc.last_collection.heap.size (By)[gc.heap.generation=gen1],Metric,0
09/11/2026 05:54:12,System.Runtime,dotnet.gc.last_collection.heap.size (By)[gc.heap.generation=poh],Metric,0
09/11/2026 05:54:12,System.Runtime,dotnet.thread_pool.work_item.count ({work_item} / 1 sec),Rate,601
09/11/2026 05:54:12,System.Runtime,dotnet.process.memory.working_set (By),Metric,94273536
09/11/2026 05:54:12,System.Runtime,dotnet.thread_pool.thread.count ({thread} / 1 sec),Rate,0
09/11/2026 05:54:12,System.Runtime,dotnet.jit.compilation.time (s / 1 sec),Rate,0
09/11/2026 05:54:13,System.Runtime,dotnet.jit.compiled_il.size (By / 1 sec),Rate,0
09/11/2026 05:54:13,System.Runtime,dotnet.jit.compiled_methods ({method} / 1 sec),Rate,0
09/11/2026 05:54:13,System.Runtime,dotnet.monitor.lock_contentions ({contention} / 1 sec),Rate,0
09/11/2026 05:54:13,System.Runtime,dotnet.gc.collections ({collection} / 1 sec)[gc.heap.generation=gen0],Rate,0
09/11/2026 05:54:13,System.Runtime,dotnet.gc.collections ({collection} / 1 sec)[gc.heap.generation=gen2],Rate,0
09/11/2026 05:54:13,System.Runtime,dotnet.gc.collections ({collection} / 1 sec)[gc.heap.generation=gen1],Rate,0
09/11/2026 05:54:13,System.Runtime,dotnet.process.cpu.time (s / 1 sec)[cpu.mode=user],Rate,0.5818940000000055
09/11/2026 05:54:13,System.Runtime,dotnet.process.cpu.time (s / 1 sec)[cpu.mode=system],Rate,0.041138999999999815
09/11/2026 05:54:13,System.Runtime,dotnet.process.cpu.count ({cpu}),Metric,15
09/11/2026 05:54:13,System.Runtime,dotnet.gc.pause.time (s / 1 sec),Rate,0
09/11/2026 05:54:13,System.Runtime,dotnet.thread_pool.queue.length ({work_item} / 1 sec),Rate,0
09/11/2026 05:54:13,System.Runtime,dotnet.gc.last_collection.memory.committed_size (By),Metric,0
09/11/2026 05:54:13,System.Runtime,dotnet.gc.last_collection.heap.fragmentation.size (By)[gc.heap.generation=gen0],Metric,0
09/11/2026 05:54:13,System.Runtime,dotnet.gc.last_collection.heap.fragmentation.size (By)[gc.heap.generation=gen2],Metric,0
09/11/2026 05:54:13,System.Runtime,dotnet.gc.last_collection.heap.fragmentation.size (By)[gc.heap.generation=loh],Metric,0
09/11/2026 05:54:13,System.Runtime,dotnet.gc.last_collection.heap.fragmentation.size (By)[gc.heap.generation=gen1],Metric,0
09/11/2026 05:54:13,System.Runtime,dotnet.gc.last_collection.heap.fragmentation.size (By)[gc.heap.generation=poh],Metric,0
09/11/2026 05:54:13,System.Runtime,dotnet.timer.count ({timer}),Metric,2
09/11/2026 05:54:13,System.Runtime,dotnet.assembly.count ({assembly}),Metric,61
09/11/2026 05:54:13,System.Runtime,dotnet.gc.heap.total_allocated (By / 1 sec),Rate,121792
09/11/2026 05:54:13,System.Runtime,dotnet.gc.last_collection.heap.size (By)[gc.heap.generation=gen0],Metric,0
09/11/2026 05:54:13,System.Runtime,dotnet.gc.last_collection.heap.size (By)[gc.heap.generation=gen2],Metric,0
09/11/2026 05:54:13,System.Runtime,dotnet.gc.last_collection.heap.size (By)[gc.heap.generation=loh],Metric,0
09/11/2026 05:54:13,System.Runtime,dotnet.gc.last_collection.heap.size (By)[gc.heap.generation=gen1],Metric,0
09/11/2026 05:54:13,System.Runtime,dotnet.gc.last_collection.heap.size (By)[gc.heap.generation=poh],Metric,0
09/11/2026 05:54:13,System.Runtime,dotnet.thread_pool.work_item.count ({work_item} / 1 sec),Rate,601
09/11/2026 05:54:13,System.Runtime,dotnet.process.memory.working_set (By),Metric,94404608
09/11/2026 05:54:13,System.Runtime,dotnet.thread_pool.thread.count ({thread} / 1 sec),Rate,0
09/11/2026 05:54:13,System.Runtime,dotnet.jit.compilation.time (s / 1 sec),Rate,0
09/11/2026 05:54:14,System.Runtime,dotnet.jit.compiled_il.size (By / 1 sec),Rate,0
09/11/2026 05:54:14,System.Runtime,dotnet.jit.compiled_methods ({method} / 1 sec),Rate,0
09/11/2026 05:54:14,System.Runtime,dotnet.monitor.lock_contentions ({contention} / 1 sec),Rate,0
09/11/2026 05:54:14,System.Runtime,dotnet.gc.collections ({collection} / 1 sec)[gc.heap.generation=gen0],Rate,0
09/11/2026 05:54:14,System.Runtime,dotnet.gc.collections ({collection} / 1 sec)[gc.heap.generation=gen2],Rate,0
09/11/2026 05:54:14,System.Runtime,dotnet.gc.collections ({collection} / 1 sec)[gc.heap.generation=gen1],Rate,0
09/11/2026 05:54:14,System.Runtime,dotnet.process.cpu.time (s / 1 sec)[cpu.mode=user],Rate,0.5662129999999976
09/11/2026 05:54:14,System.Runtime,dotnet.process.cpu.time (s / 1 sec)[cpu.mode=system],Rate,0.03874100000000036
09/11/2026 05:54:14,System.Runtime,dotnet.process.cpu.count ({cpu}),Metric,15
09/11/2026 05:54:14,System.Runtime,dotnet.gc.pause.time (s / 1 sec),Rate,0
09/11/2026 05:54:14,System.Runtime,dotnet.thread_pool.queue.length ({work_item} / 1 sec),Rate,0
09/11/2026 05:54:14,System.Runtime,dotnet.gc.last_collection.memory.committed_size (By),Metric,0
09/11/2026 05:54:14,System.Runtime,dotnet.gc.last_collection.heap.fragmentation.size (By)[gc.heap.generation=gen0],Metric,0
09/11/2026 05:54:14,System.Runtime,dotnet.gc.last_collection.heap.fragmentation.size (By)[gc.heap.generation=gen2],Metric,0
09/11/2026 05:54:14,System.Runtime,dotnet.gc.last_collection.heap.fragmentation.size (By)[gc.heap.generation=loh],Metric,0
09/11/2026 05:54:14,System.Runtime,dotnet.gc.last_collection.heap.fragmentation.size (By)[gc.heap.generation=gen1],Metric,0
09/11/2026 05:54:14,System.Runtime,dotnet.gc.last_collection.heap.fragmentation.size (By)[gc.heap.generation=poh],Metric,0
09/11/2026 05:54:14,System.Runtime,dotnet.timer.count ({timer}),Metric,2
09/11/2026 05:54:14,System.Runtime,dotnet.assembly.count ({assembly}),Metric,61
09/11/2026 05:54:14,System.Runtime,dotnet.gc.heap.total_allocated (By / 1 sec),Rate,122992
09/11/2026 05:54:14,System.Runtime,dotnet.gc.last_collection.heap.size (By)[gc.heap.generation=gen0],Metric,0
09/11/2026 05:54:14,System.Runtime,dotnet.gc.last_collection.heap.size (By)[gc.heap.generation=gen2],Metric,0
09/11/2026 05:54:14,System.Runtime,dotnet.gc.last_collection.heap.size (By)[gc.heap.generation=loh],Metric,0
09/11/2026 05:54:14,System.Runtime,dotnet.gc.last_collection.heap.size (By)[gc.heap.generation=gen1],Metric,0
09/11/2026 05:54:14,System.Runtime,dotnet.gc.last_collection.heap.size (By)[gc.heap.generation=poh],Metric,0
09/11/2026 05:54:14,System.Runtime,dotnet.thread_pool.work_item.count ({work_item} / 1 sec),Rate,590
09/11/2026 05:54:14,System.Runtime,dotnet.process.memory.working_set (By),Metric,94552064
09/11/2026 05:54:14,System.Runtime,dotnet.thread_pool.thread.count ({thread} / 1 sec),Rate,0
09/11/2026 05:54:14,System.Runtime,dotnet.jit.compilation.time (s / 1 sec),Rate,0
09/11/2026 05:54:15,System.Runtime,dotnet.jit.compiled_il.size (By / 1 sec),Rate,0
09/11/2026 05:54:15,System.Runtime,dotnet.jit.compiled_methods ({method} / 1 sec),Rate,0
09/11/2026 05:54:15,System.Runtime,dotnet.monitor.lock_contentions ({contention} / 1 sec),Rate,0
09/11/2026 05:54:15,System.Runtime,dotnet.gc.collections ({collection} / 1 sec)[gc.heap.generation=gen0],Rate,0
09/11/2026 05:54:15,System.Runtime,dotnet.gc.collections ({collection} / 1 sec)[gc.heap.generation=gen2],Rate,0
09/11/2026 05:54:15,System.Runtime,dotnet.gc.collections ({collection} / 1 sec)[gc.heap.generation=gen1],Rate,0
09/11/2026 05:54:15,System.Runtime,dotnet.process.cpu.time (s / 1 sec)[cpu.mode=user],Rate,0.579543000000001
09/11/2026 05:54:15,System.Runtime,dotnet.process.cpu.time (s / 1 sec)[cpu.mode=system],Rate,0.03890299999999991
09/11/2026 05:54:15,System.Runtime,dotnet.process.cpu.count ({cpu}),Metric,15
09/11/2026 05:54:15,System.Runtime,dotnet.gc.pause.time (s / 1 sec),Rate,0
09/11/2026 05:54:15,System.Runtime,dotnet.thread_pool.queue.length ({work_item} / 1 sec),Rate,0
09/11/2026 05:54:15,System.Runtime,dotnet.gc.last_collection.memory.committed_size (By),Metric,0
09/11/2026 05:54:15,System.Runtime,dotnet.gc.last_collection.heap.fragmentation.size (By)[gc.heap.generation=gen0],Metric,0
09/11/2026 05:54:15,System.Runtime,dotnet.gc.last_collection.heap.fragmentation.size (By)[gc.heap.generation=gen2],Metric,0
09/11/2026 05:54:15,System.Runtime,dotnet.gc.last_collection.heap.fragmentation.size (By)[gc.heap.generation=loh],Metric,0
09/11/2026 05:54:15,System.Runtime,dotnet.gc.last_collection.heap.fragmentation.size (By)[gc.heap.generation=gen1],Metric,0
09/11/2026 05:54:15,System.Runtime,dotnet.gc.last_collection.heap.fragmentation.size (By)[gc.heap.generation=poh],Metric,0
09/11/2026 05:54:15,System.Runtime,dotnet.timer.count ({timer}),Metric,2
09/11/2026 05:54:15,System.Runtime,dotnet.assembly.count ({assembly}),Metric,61
09/11/2026 05:54:15,System.Runtime,dotnet.gc.heap.total_allocated (By / 1 sec),Rate,154776
09/11/2026 05:54:15,System.Runtime,dotnet.gc.last_collection.heap.size (By)[gc.heap.generation=gen0],Metric,0
09/11/2026 05:54:15,System.Runtime,dotnet.gc.last_collection.heap.size (By)[gc.heap.generation=gen2],Metric,0
09/11/2026 05:54:15,System.Runtime,dotnet.gc.last_collection.heap.size (By)[gc.heap.generation=loh],Metric,0
09/11/2026 05:54:15,System.Runtime,dotnet.gc.last_collection.heap.size (By)[gc.heap.generation=gen1],Metric,0
09/11/2026 05:54:15,System.Runtime,dotnet.gc.last_collection.heap.size (By)[gc.heap.generation=poh],Metric,0
09/11/2026 05:54:15,System.Runtime,dotnet.thread_pool.work_item.count ({work_item} / 1 sec),Rate,601
09/11/2026 05:54:15,System.Runtime,dotnet.process.memory.working_set (By),Metric,94699520
09/11/2026 05:54:15,System.Runtime,dotnet.thread_pool.thread.count ({thread} / 1 sec),Rate,0
09/11/2026 05:54:15,System.Runtime,dotnet.jit.compilation.time (s / 1 sec),Rate,0
09/11/2026 05:54:16,System.Runtime,dotnet.jit.compiled_il.size (By / 1 sec),Rate,6032
09/11/2026 05:54:16,System.Runtime,dotnet.jit.compiled_methods ({method} / 1 sec),Rate,97
09/11/2026 05:54:16,System.Runtime,dotnet.monitor.lock_contentions ({contention} / 1 sec),Rate,0
09/11/2026 05:54:16,System.Runtime,dotnet.gc.collections ({collection} / 1 sec)[gc.heap.generation=gen0],Rate,0
09/11/2026 05:54:16,System.Runtime,dotnet.gc.collections ({collection} / 1 sec)[gc.heap.generation=gen2],Rate,0
09/11/2026 05:54:16,System.Runtime,dotnet.gc.collections ({collection} / 1 sec)[gc.heap.generation=gen1],Rate,0
09/11/2026 05:54:16,System.Runtime,dotnet.process.cpu.time (s / 1 sec)[cpu.mode=user],Rate,0.5956089999999961
09/11/2026 05:54:16,System.Runtime,dotnet.process.cpu.time (s / 1 sec)[cpu.mode=system],Rate,0.0405129999999998
09/11/2026 05:54:16,System.Runtime,dotnet.process.cpu.count ({cpu}),Metric,15
09/11/2026 05:54:16,System.Runtime,dotnet.gc.pause.time (s / 1 sec),Rate,0
09/11/2026 05:54:16,System.Runtime,dotnet.thread_pool.queue.length ({work_item} / 1 sec),Rate,0
09/11/2026 05:54:16,System.Runtime,dotnet.gc.last_collection.memory.committed_size (By),Metric,0
09/11/2026 05:54:16,System.Runtime,dotnet.gc.last_collection.heap.fragmentation.size (By)[gc.heap.generation=gen0],Metric,0
09/11/2026 05:54:16,System.Runtime,dotnet.gc.last_collection.heap.fragmentation.size (By)[gc.heap.generation=gen2],Metric,0
09/11/2026 05:54:16,System.Runtime,dotnet.gc.last_collection.heap.fragmentation.size (By)[gc.heap.generation=loh],Metric,0
09/11/2026 05:54:16,System.Runtime,dotnet.gc.last_collection.heap.fragmentation.size (By)[gc.heap.generation=gen1],Metric,0
09/11/2026 05:54:16,System.Runtime,dotnet.gc.last_collection.heap.fragmentation.size (By)[gc.heap.generation=poh],Metric,0
09/11/2026 05:54:16,System.Runtime,dotnet.timer.count ({timer}),Metric,2
09/11/2026 05:54:16,System.Runtime,dotnet.assembly.count ({assembly}),Metric,61
09/11/2026 05:54:16,System.Runtime,dotnet.gc.heap.total_allocated (By / 1 sec),Rate,139416
09/11/2026 05:54:16,System.Runtime,dotnet.gc.last_collection.heap.size (By)[gc.heap.generation=gen0],Metric,0
09/11/2026 05:54:16,System.Runtime,dotnet.gc.last_collection.heap.size (By)[gc.heap.generation=gen2],Metric,0
09/11/2026 05:54:16,System.Runtime,dotnet.gc.last_collection.heap.size (By)[gc.heap.generation=loh],Metric,0
09/11/2026 05:54:16,System.Runtime,dotnet.gc.last_collection.heap.size (By)[gc.heap.generation=gen1],Metric,0
09/11/2026 05:54:16,System.Runtime,dotnet.gc.last_collection.heap.size (By)[gc.heap.generation=poh],Metric,0
09/11/2026 05:54:16,System.Runtime,dotnet.thread_pool.work_item.count ({work_item} / 1 sec),Rate,602
09/11/2026 05:54:16,System.Runtime,dotnet.process.memory.working_set (By),Metric,94978048
09/11/2026 05:54:16,System.Runtime,dotnet.thread_pool.thread.count ({thread} / 1 sec),Rate,0
09/11/2026 05:54:16,System.Runtime,dotnet.jit.compilation.time (s / 1 sec),Rate,0.012626600000000043
09/11/2026 05:54:17,System.Runtime,dotnet.jit.compiled_il.size (By / 1 sec),Rate,0
09/11/2026 05:54:17,System.Runtime,dotnet.jit.compiled_methods ({method} / 1 sec),Rate,0
09/11/2026 05:54:17,System.Runtime,dotnet.monitor.lock_contentions ({contention} / 1 sec),Rate,0
09/11/2026 05:54:17,System.Runtime,dotnet.gc.collections ({collection} / 1 sec)[gc.heap.generation=gen0],Rate,0
09/11/2026 05:54:17,System.Runtime,dotnet.gc.collections ({collection} / 1 sec)[gc.heap.generation=gen2],Rate,0
09/11/2026 05:54:17,System.Runtime,dotnet.gc.collections ({collection} / 1 sec)[gc.heap.generation=gen1],Rate,0
09/11/2026 05:54:17,System.Runtime,dotnet.process.cpu.time (s / 1 sec)[cpu.mode=user],Rate,0.5819100000000006
09/11/2026 05:54:17,System.Runtime,dotnet.process.cpu.time (s / 1 sec)[cpu.mode=system],Rate,0.04130199999999995
09/11/2026 05:54:17,System.Runtime,dotnet.process.cpu.count ({cpu}),Metric,15
09/11/2026 05:54:17,System.Runtime,dotnet.gc.pause.time (s / 1 sec),Rate,0
09/11/2026 05:54:17,System.Runtime,dotnet.thread_pool.queue.length ({work_item} / 1 sec),Rate,0
09/11/2026 05:54:17,System.Runtime,dotnet.gc.last_collection.memory.committed_size (By),Metric,0
09/11/2026 05:54:17,System.Runtime,dotnet.gc.last_collection.heap.fragmentation.size (By)[gc.heap.generation=gen0],Metric,0
09/11/2026 05:54:17,System.Runtime,dotnet.gc.last_collection.heap.fragmentation.size (By)[gc.heap.generation=gen2],Metric,0
09/11/2026 05:54:17,System.Runtime,dotnet.gc.last_collection.heap.fragmentation.size (By)[gc.heap.generation=loh],Metric,0
09/11/2026 05:54:17,System.Runtime,dotnet.gc.last_collection.heap.fragmentation.size (By)[gc.heap.generation=gen1],Metric,0
09/11/2026 05:54:17,System.Runtime,dotnet.gc.last_collection.heap.fragmentation.size (By)[gc.heap.generation=poh],Metric,0
09/11/2026 05:54:17,System.Runtime,dotnet.timer.count ({timer}),Metric,2
09/11/2026 05:54:17,System.Runtime,dotnet.assembly.count ({assembly}),Metric,61
09/11/2026 05:54:17,System.Runtime,dotnet.gc.heap.total_allocated (By / 1 sec),Rate,139272
09/11/2026 05:54:17,System.Runtime,dotnet.gc.last_collection.heap.size (By)[gc.heap.generation=gen0],Metric,0
09/11/2026 05:54:17,System.Runtime,dotnet.gc.last_collection.heap.size (By)[gc.heap.generation=gen2],Metric,0
09/11/2026 05:54:17,System.Runtime,dotnet.gc.last_collection.heap.size (By)[gc.heap.generation=loh],Metric,0
09/11/2026 05:54:17,System.Runtime,dotnet.gc.last_collection.heap.size (By)[gc.heap.generation=gen1],Metric,0
09/11/2026 05:54:17,System.Runtime,dotnet.gc.last_collection.heap.size (By)[gc.heap.generation=poh],Metric,0
09/11/2026 05:54:17,System.Runtime,dotnet.thread_pool.work_item.count ({work_item} / 1 sec),Rate,601
09/11/2026 05:54:17,System.Runtime,dotnet.process.memory.working_set (By),Metric,95141888
09/11/2026 05:54:17,System.Runtime,dotnet.thread_pool.thread.count ({thread} / 1 sec),Rate,0
09/11/2026 05:54:17,System.Runtime,dotnet.jit.compilation.time (s / 1 sec),Rate,0
09/11/2026 05:54:18,System.Runtime,dotnet.jit.compiled_il.size (By / 1 sec),Rate,0
09/11/2026 05:54:18,System.Runtime,dotnet.jit.compiled_methods ({method} / 1 sec),Rate,0
09/11/2026 05:54:18,System.Runtime,dotnet.monitor.lock_contentions ({contention} / 1 sec),Rate,0
09/11/2026 05:54:18,System.Runtime,dotnet.gc.collections ({collection} / 1 sec)[gc.heap.generation=gen0],Rate,0
09/11/2026 05:54:18,System.Runtime,dotnet.gc.collections ({collection} / 1 sec)[gc.heap.generation=gen2],Rate,0
09/11/2026 05:54:18,System.Runtime,dotnet.gc.collections ({collection} / 1 sec)[gc.heap.generation=gen1],Rate,0
09/11/2026 05:54:18,System.Runtime,dotnet.process.cpu.time (s / 1 sec)[cpu.mode=user],Rate,0.5806110000000047
09/11/2026 05:54:18,System.Runtime,dotnet.process.cpu.time (s / 1 sec)[cpu.mode=system],Rate,0.05133500000000035
09/11/2026 05:54:18,System.Runtime,dotnet.process.cpu.count ({cpu}),Metric,15
09/11/2026 05:54:18,System.Runtime,dotnet.gc.pause.time (s / 1 sec),Rate,0
09/11/2026 05:54:18,System.Runtime,dotnet.thread_pool.queue.length ({work_item} / 1 sec),Rate,0
09/11/2026 05:54:18,System.Runtime,dotnet.gc.last_collection.memory.committed_size (By),Metric,0
09/11/2026 05:54:18,System.Runtime,dotnet.gc.last_collection.heap.fragmentation.size (By)[gc.heap.generation=gen0],Metric,0
09/11/2026 05:54:18,System.Runtime,dotnet.gc.last_collection.heap.fragmentation.size (By)[gc.heap.generation=gen2],Metric,0
09/11/2026 05:54:18,System.Runtime,dotnet.gc.last_collection.heap.fragmentation.size (By)[gc.heap.generation=loh],Metric,0
09/11/2026 05:54:18,System.Runtime,dotnet.gc.last_collection.heap.fragmentation.size (By)[gc.heap.generation=gen1],Metric,0
09/11/2026 05:54:18,System.Runtime,dotnet.gc.last_collection.heap.fragmentation.size (By)[gc.heap.generation=poh],Metric,0
09/11/2026 05:54:18,System.Runtime,dotnet.timer.count ({timer}),Metric,2
09/11/2026 05:54:18,System.Runtime,dotnet.assembly.count ({assembly}),Metric,61
09/11/2026 05:54:18,System.Runtime,dotnet.gc.heap.total_allocated (By / 1 sec),Rate,139400
09/11/2026 05:54:18,System.Runtime,dotnet.gc.last_collection.heap.size (By)[gc.heap.generation=gen0],Metric,0
09/11/2026 05:54:18,System.Runtime,dotnet.gc.last_collection.heap.size (By)[gc.heap.generation=gen2],Metric,0
09/11/2026 05:54:18,System.Runtime,dotnet.gc.last_collection.heap.size (By)[gc.heap.generation=loh],Metric,0
09/11/2026 05:54:18,System.Runtime,dotnet.gc.last_collection.heap.size (By)[gc.heap.generation=gen1],Metric,0
09/11/2026 05:54:18,System.Runtime,dotnet.gc.last_collection.heap.size (By)[gc.heap.generation=poh],Metric,0
09/11/2026 05:54:18,System.Runtime,dotnet.thread_pool.work_item.count ({work_item} / 1 sec),Rate,601
09/11/2026 05:54:18,System.Runtime,dotnet.process.memory.working_set (By),Metric,95289344
09/11/2026 05:54:18,System.Runtime,dotnet.thread_pool.thread.count ({thread} / 1 sec),Rate,0
09/11/2026 05:54:18,System.Runtime,dotnet.jit.compilation.time (s / 1 sec),Rate,0
09/11/2026 05:54:19,System.Runtime,dotnet.jit.compiled_il.size (By / 1 sec),Rate,0
09/11/2026 05:54:19,System.Runtime,dotnet.jit.compiled_methods ({method} / 1 sec),Rate,0
09/11/2026 05:54:19,System.Runtime,dotnet.monitor.lock_contentions ({contention} / 1 sec),Rate,0
09/11/2026 05:54:19,System.Runtime,dotnet.gc.collections ({collection} / 1 sec)[gc.heap.generation=gen0],Rate,0
09/11/2026 05:54:19,System.Runtime,dotnet.gc.collections ({collection} / 1 sec)[gc.heap.generation=gen2],Rate,0
09/11/2026 05:54:19,System.Runtime,dotnet.gc.collections ({collection} / 1 sec)[gc.heap.generation=gen1],Rate,0
09/11/2026 05:54:19,System.Runtime,dotnet.process.cpu.time (s / 1 sec)[cpu.mode=user],Rate,0.5578719999999961
09/11/2026 05:54:19,System.Runtime,dotnet.process.cpu.time (s / 1 sec)[cpu.mode=system],Rate,0.05463399999999963
09/11/2026 05:54:19,System.Runtime,dotnet.process.cpu.count ({cpu}),Metric,15
09/11/2026 05:54:19,System.Runtime,dotnet.gc.pause.time (s / 1 sec),Rate,0
09/11/2026 05:54:19,System.Runtime,dotnet.thread_pool.queue.length ({work_item} / 1 sec),Rate,0
09/11/2026 05:54:19,System.Runtime,dotnet.gc.last_collection.memory.committed_size (By),Metric,0
09/11/2026 05:54:19,System.Runtime,dotnet.gc.last_collection.heap.fragmentation.size (By)[gc.heap.generation=gen0],Metric,0
09/11/2026 05:54:19,System.Runtime,dotnet.gc.last_collection.heap.fragmentation.size (By)[gc.heap.generation=gen2],Metric,0
09/11/2026 05:54:19,System.Runtime,dotnet.gc.last_collection.heap.fragmentation.size (By)[gc.heap.generation=loh],Metric,0
09/11/2026 05:54:19,System.Runtime,dotnet.gc.last_collection.heap.fragmentation.size (By)[gc.heap.generation=gen1],Metric,0
09/11/2026 05:54:19,System.Runtime,dotnet.gc.last_collection.heap.fragmentation.size (By)[gc.heap.generation=poh],Metric,0
09/11/2026 05:54:19,System.Runtime,dotnet.timer.count ({timer}),Metric,2
09/11/2026 05:54:19,System.Runtime,dotnet.assembly.count ({assembly}),Metric,61
09/11/2026 05:54:19,System.Runtime,dotnet.gc.heap.total_allocated (By / 1 sec),Rate,139400
09/11/2026 05:54:19,System.Runtime,dotnet.gc.last_collection.heap.size (By)[gc.heap.generation=gen0],Metric,0
09/11/2026 05:54:19,System.Runtime,dotnet.gc.last_collection.heap.size (By)[gc.heap.generation=gen2],Metric,0
09/11/2026 05:54:19,System.Runtime,dotnet.gc.last_collection.heap.size (By)[gc.heap.generation=loh],Metric,0
09/11/2026 05:54:19,System.Runtime,dotnet.gc.last_collection.heap.size (By)[gc.heap.generation=gen1],Metric,0
09/11/2026 05:54:19,System.Runtime,dotnet.gc.last_collection.heap.size (By)[gc.heap.generation=poh],Metric,0
09/11/2026 05:54:19,System.Runtime,dotnet.thread_pool.work_item.count ({work_item} / 1 sec),Rate,598
09/11/2026 05:54:19,System.Runtime,dotnet.process.memory.working_set (By),Metric,95485952
09/11/2026 05:54:19,System.Runtime,dotnet.thread_pool.thread.count ({thread} / 1 sec),Rate,1
09/11/2026 05:54:19,System.Runtime,dotnet.jit.compilation.time (s / 1 sec),Rate,0
09/11/2026 05:54:20,System.Runtime,dotnet.jit.compiled_il.size (By / 1 sec),Rate,0
09/11/2026 05:54:20,System.Runtime,dotnet.jit.compiled_methods ({method} / 1 sec),Rate,0
09/11/2026 05:54:20,System.Runtime,dotnet.monitor.lock_contentions ({contention} / 1 sec),Rate,0
09/11/2026 05:54:20,System.Runtime,dotnet.gc.collections ({collection} / 1 sec)[gc.heap.generation=gen0],Rate,0
09/11/2026 05:54:20,System.Runtime,dotnet.gc.collections ({collection} / 1 sec)[gc.heap.generation=gen2],Rate,0
09/11/2026 05:54:20,System.Runtime,dotnet.gc.collections ({collection} / 1 sec)[gc.heap.generation=gen1],Rate,0
09/11/2026 05:54:20,System.Runtime,dotnet.process.cpu.time (s / 1 sec)[cpu.mode=user],Rate,0.5851540000000028
09/11/2026 05:54:20,System.Runtime,dotnet.process.cpu.time (s / 1 sec)[cpu.mode=system],Rate,0.055007999999999946
09/11/2026 05:54:20,System.Runtime,dotnet.process.cpu.count ({cpu}),Metric,15
09/11/2026 05:54:20,System.Runtime,dotnet.gc.pause.time (s / 1 sec),Rate,0
09/11/2026 05:54:20,System.Runtime,dotnet.thread_pool.queue.length ({work_item} / 1 sec),Rate,0
09/11/2026 05:54:20,System.Runtime,dotnet.gc.last_collection.memory.committed_size (By),Metric,0
09/11/2026 05:54:20,System.Runtime,dotnet.gc.last_collection.heap.fragmentation.size (By)[gc.heap.generation=gen0],Metric,0
09/11/2026 05:54:20,System.Runtime,dotnet.gc.last_collection.heap.fragmentation.size (By)[gc.heap.generation=gen2],Metric,0
09/11/2026 05:54:20,System.Runtime,dotnet.gc.last_collection.heap.fragmentation.size (By)[gc.heap.generation=loh],Metric,0
09/11/2026 05:54:20,System.Runtime,dotnet.gc.last_collection.heap.fragmentation.size (By)[gc.heap.generation=gen1],Metric,0
09/11/2026 05:54:20,System.Runtime,dotnet.gc.last_collection.heap.fragmentation.size (By)[gc.heap.generation=poh],Metric,0
09/11/2026 05:54:20,System.Runtime,dotnet.timer.count ({timer}),Metric,2
09/11/2026 05:54:20,System.Runtime,dotnet.assembly.count ({assembly}),Metric,61
09/11/2026 05:54:20,System.Runtime,dotnet.gc.heap.total_allocated (By / 1 sec),Rate,114800
09/11/2026 05:54:20,System.Runtime,dotnet.gc.last_collection.heap.size (By)[gc.heap.generation=gen0],Metric,0
09/11/2026 05:54:20,System.Runtime,dotnet.gc.last_collection.heap.size (By)[gc.heap.generation=gen2],Metric,0
09/11/2026 05:54:20,System.Runtime,dotnet.gc.last_collection.heap.size (By)[gc.heap.generation=loh],Metric,0
09/11/2026 05:54:20,System.Runtime,dotnet.gc.last_collection.heap.size (By)[gc.heap.generation=gen1],Metric,0
09/11/2026 05:54:20,System.Runtime,dotnet.gc.last_collection.heap.size (By)[gc.heap.generation=poh],Metric,0
09/11/2026 05:54:20,System.Runtime,dotnet.thread_pool.work_item.count ({work_item} / 1 sec),Rate,601
09/11/2026 05:54:20,System.Runtime,dotnet.process.memory.working_set (By),Metric,95584256
09/11/2026 05:54:20,System.Runtime,dotnet.thread_pool.thread.count ({thread} / 1 sec),Rate,0
09/11/2026 05:54:20,System.Runtime,dotnet.jit.compilation.time (s / 1 sec),Rate,0
09/11/2026 05:54:21,System.Runtime,dotnet.jit.compiled_il.size (By / 1 sec),Rate,271
09/11/2026 05:54:21,System.Runtime,dotnet.jit.compiled_methods ({method} / 1 sec),Rate,1
09/11/2026 05:54:21,System.Runtime,dotnet.monitor.lock_contentions ({contention} / 1 sec),Rate,0
09/11/2026 05:54:21,System.Runtime,dotnet.gc.collections ({collection} / 1 sec)[gc.heap.generation=gen0],Rate,0
09/11/2026 05:54:21,System.Runtime,dotnet.gc.collections ({collection} / 1 sec)[gc.heap.generation=gen2],Rate,0
09/11/2026 05:54:21,System.Runtime,dotnet.gc.collections ({collection} / 1 sec)[gc.heap.generation=gen1],Rate,0
09/11/2026 05:54:21,System.Runtime,dotnet.process.cpu.time (s / 1 sec)[cpu.mode=user],Rate,0.586627
09/11/2026 05:54:21,System.Runtime,dotnet.process.cpu.time (s / 1 sec)[cpu.mode=system],Rate,0.04040700000000008
09/11/2026 05:54:21,System.Runtime,dotnet.process.cpu.count ({cpu}),Metric,15
09/11/2026 05:54:21,System.Runtime,dotnet.gc.pause.time (s / 1 sec),Rate,0
09/11/2026 05:54:21,System.Runtime,dotnet.thread_pool.queue.length ({work_item} / 1 sec),Rate,0
09/11/2026 05:54:21,System.Runtime,dotnet.gc.last_collection.memory.committed_size (By),Metric,0
09/11/2026 05:54:21,System.Runtime,dotnet.gc.last_collection.heap.fragmentation.size (By)[gc.heap.generation=gen0],Metric,0
09/11/2026 05:54:21,System.Runtime,dotnet.gc.last_collection.heap.fragmentation.size (By)[gc.heap.generation=gen2],Metric,0
09/11/2026 05:54:21,System.Runtime,dotnet.gc.last_collection.heap.fragmentation.size (By)[gc.heap.generation=loh],Metric,0
09/11/2026 05:54:21,System.Runtime,dotnet.gc.last_collection.heap.fragmentation.size (By)[gc.heap.generation=gen1],Metric,0
09/11/2026 05:54:21,System.Runtime,dotnet.gc.last_collection.heap.fragmentation.size (By)[gc.heap.generation=poh],Metric,0
09/11/2026 05:54:21,System.Runtime,dotnet.timer.count ({timer}),Metric,2
09/11/2026 05:54:21,System.Runtime,dotnet.assembly.count ({assembly}),Metric,61
09/11/2026 05:54:21,System.Runtime,dotnet.gc.heap.total_allocated (By / 1 sec),Rate,162992
09/11/2026 05:54:21,System.Runtime,dotnet.gc.last_collection.heap.size (By)[gc.heap.generation=gen0],Metric,0
09/11/2026 05:54:21,System.Runtime,dotnet.gc.last_collection.heap.size (By)[gc.heap.generation=gen2],Metric,0
09/11/2026 05:54:21,System.Runtime,dotnet.gc.last_collection.heap.size (By)[gc.heap.generation=loh],Metric,0
09/11/2026 05:54:21,System.Runtime,dotnet.gc.last_collection.heap.size (By)[gc.heap.generation=gen1],Metric,0
09/11/2026 05:54:21,System.Runtime,dotnet.gc.last_collection.heap.size (By)[gc.heap.generation=poh],Metric,0
09/11/2026 05:54:21,System.Runtime,dotnet.thread_pool.work_item.count ({work_item} / 1 sec),Rate,602
09/11/2026 05:54:21,System.Runtime,dotnet.process.memory.working_set (By),Metric,95797248
09/11/2026 05:54:21,System.Runtime,dotnet.thread_pool.thread.count ({thread} / 1 sec),Rate,0
09/11/2026 05:54:21,System.Runtime,dotnet.jit.compilation.time (s / 1 sec),Rate,0.001757899999999979
09/11/2026 05:54:22,System.Runtime,dotnet.jit.compiled_il.size (By / 1 sec),Rate,0
09/11/2026 05:54:22,System.Runtime,dotnet.jit.compiled_methods ({method} / 1 sec),Rate,0
09/11/2026 05:54:22,System.Runtime,dotnet.monitor.lock_contentions ({contention} / 1 sec),Rate,0
09/11/2026 05:54:22,System.Runtime,dotnet.gc.collections ({collection} / 1 sec)[gc.heap.generation=gen0],Rate,0
09/11/2026 05:54:22,System.Runtime,dotnet.gc.collections ({collection} / 1 sec)[gc.heap.generation=gen2],Rate,0
09/11/2026 05:54:22,System.Runtime,dotnet.gc.collections ({collection} / 1 sec)[gc.heap.generation=gen1],Rate,0
09/11/2026 05:54:22,System.Runtime,dotnet.process.cpu.time (s / 1 sec)[cpu.mode=user],Rate,0.5855519999999999
09/11/2026 05:54:22,System.Runtime,dotnet.process.cpu.time (s / 1 sec)[cpu.mode=system],Rate,0.0402490000000002
09/11/2026 05:54:22,System.Runtime,dotnet.process.cpu.count ({cpu}),Metric,15
09/11/2026 05:54:22,System.Runtime,dotnet.gc.pause.time (s / 1 sec),Rate,0
09/11/2026 05:54:22,System.Runtime,dotnet.thread_pool.queue.length ({work_item} / 1 sec),Rate,0
09/11/2026 05:54:22,System.Runtime,dotnet.gc.last_collection.memory.committed_size (By),Metric,0
09/11/2026 05:54:22,System.Runtime,dotnet.gc.last_collection.heap.fragmentation.size (By)[gc.heap.generation=gen0],Metric,0
09/11/2026 05:54:22,System.Runtime,dotnet.gc.last_collection.heap.fragmentation.size (By)[gc.heap.generation=gen2],Metric,0
09/11/2026 05:54:22,System.Runtime,dotnet.gc.last_collection.heap.fragmentation.size (By)[gc.heap.generation=loh],Metric,0
09/11/2026 05:54:22,System.Runtime,dotnet.gc.last_collection.heap.fragmentation.size (By)[gc.heap.generation=gen1],Metric,0
09/11/2026 05:54:22,System.Runtime,dotnet.gc.last_collection.heap.fragmentation.size (By)[gc.heap.generation=poh],Metric,0
09/11/2026 05:54:22,System.Runtime,dotnet.timer.count ({timer}),Metric,2
09/11/2026 05:54:22,System.Runtime,dotnet.assembly.count ({assembly}),Metric,61
09/11/2026 05:54:22,System.Runtime,dotnet.gc.heap.total_allocated (By / 1 sec),Rate,122936
09/11/2026 05:54:22,System.Runtime,dotnet.gc.last_collection.heap.size (By)[gc.heap.generation=gen0],Metric,0
09/11/2026 05:54:22,System.Runtime,dotnet.gc.last_collection.heap.size (By)[gc.heap.generation=gen2],Metric,0
09/11/2026 05:54:22,System.Runtime,dotnet.gc.last_collection.heap.size (By)[gc.heap.generation=loh],Metric,0
09/11/2026 05:54:22,System.Runtime,dotnet.gc.last_collection.heap.size (By)[gc.heap.generation=gen1],Metric,0
09/11/2026 05:54:22,System.Runtime,dotnet.gc.last_collection.heap.size (By)[gc.heap.generation=poh],Metric,0
09/11/2026 05:54:22,System.Runtime,dotnet.thread_pool.work_item.count ({work_item} / 1 sec),Rate,601
09/11/2026 05:54:22,System.Runtime,dotnet.process.memory.working_set (By),Metric,95944704
09/11/2026 05:54:22,System.Runtime,dotnet.thread_pool.thread.count ({thread} / 1 sec),Rate,0
09/11/2026 05:54:22,System.Runtime,dotnet.jit.compilation.time (s / 1 sec),Rate,0
09/11/2026 05:54:23,System.Runtime,dotnet.jit.compiled_il.size (By / 1 sec),Rate,0
09/11/2026 05:54:23,System.Runtime,dotnet.jit.compiled_methods ({method} / 1 sec),Rate,0
09/11/2026 05:54:23,System.Runtime,dotnet.monitor.lock_contentions ({contention} / 1 sec),Rate,0
09/11/2026 05:54:23,System.Runtime,dotnet.gc.collections ({collection} / 1 sec)[gc.heap.generation=gen0],Rate,0
09/11/2026 05:54:23,System.Runtime,dotnet.gc.collections ({collection} / 1 sec)[gc.heap.generation=gen2],Rate,0
09/11/2026 05:54:23,System.Runtime,dotnet.gc.collections ({collection} / 1 sec)[gc.heap.generation=gen1],Rate,0
09/11/2026 05:54:23,System.Runtime,dotnet.process.cpu.time (s / 1 sec)[cpu.mode=user],Rate,0.586275999999998
09/11/2026 05:54:23,System.Runtime,dotnet.process.cpu.time (s / 1 sec)[cpu.mode=system],Rate,0.03996399999999989
09/11/2026 05:54:23,System.Runtime,dotnet.process.cpu.count ({cpu}),Metric,15
09/11/2026 05:54:23,System.Runtime,dotnet.gc.pause.time (s / 1 sec),Rate,0
09/11/2026 05:54:23,System.Runtime,dotnet.thread_pool.queue.length ({work_item} / 1 sec),Rate,0
09/11/2026 05:54:23,System.Runtime,dotnet.gc.last_collection.memory.committed_size (By),Metric,0
09/11/2026 05:54:23,System.Runtime,dotnet.gc.last_collection.heap.fragmentation.size (By)[gc.heap.generation=gen0],Metric,0
09/11/2026 05:54:23,System.Runtime,dotnet.gc.last_collection.heap.fragmentation.size (By)[gc.heap.generation=gen2],Metric,0
09/11/2026 05:54:23,System.Runtime,dotnet.gc.last_collection.heap.fragmentation.size (By)[gc.heap.generation=loh],Metric,0
09/11/2026 05:54:23,System.Runtime,dotnet.gc.last_collection.heap.fragmentation.size (By)[gc.heap.generation=gen1],Metric,0
09/11/2026 05:54:23,System.Runtime,dotnet.gc.last_collection.heap.fragmentation.size (By)[gc.heap.generation=poh],Metric,0
09/11/2026 05:54:23,System.Runtime,dotnet.timer.count ({timer}),Metric,2
09/11/2026 05:54:23,System.Runtime,dotnet.assembly.count ({assembly}),Metric,61
09/11/2026 05:54:23,System.Runtime,dotnet.gc.heap.total_allocated (By / 1 sec),Rate,145552
09/11/2026 05:54:23,System.Runtime,dotnet.gc.last_collection.heap.size (By)[gc.heap.generation=gen0],Metric,0
09/11/2026 05:54:23,System.Runtime,dotnet.gc.last_collection.heap.size (By)[gc.heap.generation=gen2],Metric,0
09/11/2026 05:54:23,System.Runtime,dotnet.gc.last_collection.heap.size (By)[gc.heap.generation=loh],Metric,0
09/11/2026 05:54:23,System.Runtime,dotnet.gc.last_collection.heap.size (By)[gc.heap.generation=gen1],Metric,0
09/11/2026 05:54:23,System.Runtime,dotnet.gc.last_collection.heap.size (By)[gc.heap.generation=poh],Metric,0
09/11/2026 05:54:23,System.Runtime,dotnet.thread_pool.work_item.count ({work_item} / 1 sec),Rate,601
09/11/2026 05:54:23,System.Runtime,dotnet.process.memory.working_set (By),Metric,96108544
09/11/2026 05:54:23,System.Runtime,dotnet.thread_pool.thread.count ({thread} / 1 sec),Rate,0
09/11/2026 05:54:23,System.Runtime,dotnet.jit.compilation.time (s / 1 sec),Rate,0
09/11/2026 05:54:24,System.Runtime,dotnet.jit.compiled_il.size (By / 1 sec),Rate,0
09/11/2026 05:54:24,System.Runtime,dotnet.jit.compiled_methods ({method} / 1 sec),Rate,0
09/11/2026 05:54:24,System.Runtime,dotnet.monitor.lock_contentions ({contention} / 1 sec),Rate,0
09/11/2026 05:54:24,System.Runtime,dotnet.gc.collections ({collection} / 1 sec)[gc.heap.generation=gen0],Rate,0
09/11/2026 05:54:24,System.Runtime,dotnet.gc.collections ({collection} / 1 sec)[gc.heap.generation=gen2],Rate,0
09/11/2026 05:54:24,System.Runtime,dotnet.gc.collections ({collection} / 1 sec)[gc.heap.generation=gen1],Rate,0
09/11/2026 05:54:24,System.Runtime,dotnet.process.cpu.time (s / 1 sec)[cpu.mode=user],Rate,0.5884840000000011
09/11/2026 05:54:24,System.Runtime,dotnet.process.cpu.time (s / 1 sec)[cpu.mode=system],Rate,0.04459800000000014
09/11/2026 05:54:24,System.Runtime,dotnet.process.cpu.count ({cpu}),Metric,15
09/11/2026 05:54:24,System.Runtime,dotnet.gc.pause.time (s / 1 sec),Rate,0
09/11/2026 05:54:24,System.Runtime,dotnet.thread_pool.queue.length ({work_item} / 1 sec),Rate,0
09/11/2026 05:54:24,System.Runtime,dotnet.gc.last_collection.memory.committed_size (By),Metric,0
09/11/2026 05:54:24,System.Runtime,dotnet.gc.last_collection.heap.fragmentation.size (By)[gc.heap.generation=gen0],Metric,0
09/11/2026 05:54:24,System.Runtime,dotnet.gc.last_collection.heap.fragmentation.size (By)[gc.heap.generation=gen2],Metric,0
09/11/2026 05:54:24,System.Runtime,dotnet.gc.last_collection.heap.fragmentation.size (By)[gc.heap.generation=loh],Metric,0
09/11/2026 05:54:24,System.Runtime,dotnet.gc.last_collection.heap.fragmentation.size (By)[gc.heap.generation=gen1],Metric,0
09/11/2026 05:54:24,System.Runtime,dotnet.gc.last_collection.heap.fragmentation.size (By)[gc.heap.generation=poh],Metric,0
09/11/2026 05:54:24,System.Runtime,dotnet.timer.count ({timer}),Metric,2
09/11/2026 05:54:24,System.Runtime,dotnet.assembly.count ({assembly}),Metric,61
09/11/2026 05:54:24,System.Runtime,dotnet.gc.heap.total_allocated (By / 1 sec),Rate,131200
09/11/2026 05:54:24,System.Runtime,dotnet.gc.last_collection.heap.size (By)[gc.heap.generation=gen0],Metric,0
09/11/2026 05:54:24,System.Runtime,dotnet.gc.last_collection.heap.size (By)[gc.heap.generation=gen2],Metric,0
09/11/2026 05:54:24,System.Runtime,dotnet.gc.last_collection.heap.size (By)[gc.heap.generation=loh],Metric,0
09/11/2026 05:54:24,System.Runtime,dotnet.gc.last_collection.heap.size (By)[gc.heap.generation=gen1],Metric,0
09/11/2026 05:54:24,System.Runtime,dotnet.gc.last_collection.heap.size (By)[gc.heap.generation=poh],Metric,0
09/11/2026 05:54:24,System.Runtime,dotnet.thread_pool.work_item.count ({work_item} / 1 sec),Rate,601
09/11/2026 05:54:24,System.Runtime,dotnet.process.memory.working_set (By),Metric,96256000
09/11/2026 05:54:24,System.Runtime,dotnet.thread_pool.thread.count ({thread} / 1 sec),Rate,0
09/11/2026 05:54:24,System.Runtime,dotnet.jit.compilation.time (s / 1 sec),Rate,0
09/11/2026 05:54:25,System.Runtime,dotnet.jit.compiled_il.size (By / 1 sec),Rate,0
09/11/2026 05:54:25,System.Runtime,dotnet.jit.compiled_methods ({method} / 1 sec),Rate,0
09/11/2026 05:54:25,System.Runtime,dotnet.monitor.lock_contentions ({contention} / 1 sec),Rate,0
09/11/2026 05:54:25,System.Runtime,dotnet.gc.collections ({collection} / 1 sec)[gc.heap.generation=gen0],Rate,0
09/11/2026 05:54:25,System.Runtime,dotnet.gc.collections ({collection} / 1 sec)[gc.heap.generation=gen2],Rate,0
09/11/2026 05:54:25,System.Runtime,dotnet.gc.collections ({collection} / 1 sec)[gc.heap.generation=gen1],Rate,0
09/11/2026 05:54:25,System.Runtime,dotnet.process.cpu.time (s / 1 sec)[cpu.mode=user],Rate,0.5860940000000028
09/11/2026 05:54:25,System.Runtime,dotnet.process.cpu.time (s / 1 sec)[cpu.mode=system],Rate,0.039678000000000324
09/11/2026 05:54:25,System.Runtime,dotnet.process.cpu.count ({cpu}),Metric,15
09/11/2026 05:54:25,System.Runtime,dotnet.gc.pause.time (s / 1 sec),Rate,0
09/11/2026 05:54:25,System.Runtime,dotnet.thread_pool.queue.length ({work_item} / 1 sec),Rate,0
09/11/2026 05:54:25,System.Runtime,dotnet.gc.last_collection.memory.committed_size (By),Metric,0
09/11/2026 05:54:25,System.Runtime,dotnet.gc.last_collection.heap.fragmentation.size (By)[gc.heap.generation=gen0],Metric,0
09/11/2026 05:54:25,System.Runtime,dotnet.gc.last_collection.heap.fragmentation.size (By)[gc.heap.generation=gen2],Metric,0
09/11/2026 05:54:25,System.Runtime,dotnet.gc.last_collection.heap.fragmentation.size (By)[gc.heap.generation=loh],Metric,0
09/11/2026 05:54:25,System.Runtime,dotnet.gc.last_collection.heap.fragmentation.size (By)[gc.heap.generation=gen1],Metric,0
09/11/2026 05:54:25,System.Runtime,dotnet.gc.last_collection.heap.fragmentation.size (By)[gc.heap.generation=poh],Metric,0
09/11/2026 05:54:25,System.Runtime,dotnet.timer.count ({timer}),Metric,2
09/11/2026 05:54:25,System.Runtime,dotnet.assembly.count ({assembly}),Metric,61
09/11/2026 05:54:25,System.Runtime,dotnet.gc.heap.total_allocated (By / 1 sec),Rate,130120
09/11/2026 05:54:25,System.Runtime,dotnet.gc.last_collection.heap.size (By)[gc.heap.generation=gen0],Metric,0
09/11/2026 05:54:25,System.Runtime,dotnet.gc.last_collection.heap.size (By)[gc.heap.generation=gen2],Metric,0
09/11/2026 05:54:25,System.Runtime,dotnet.gc.last_collection.heap.size (By)[gc.heap.generation=loh],Metric,0
09/11/2026 05:54:25,System.Runtime,dotnet.gc.last_collection.heap.size (By)[gc.heap.generation=gen1],Metric,0
09/11/2026 05:54:25,System.Runtime,dotnet.gc.last_collection.heap.size (By)[gc.heap.generation=poh],Metric,0
09/11/2026 05:54:25,System.Runtime,dotnet.thread_pool.work_item.count ({work_item} / 1 sec),Rate,601
09/11/2026 05:54:25,System.Runtime,dotnet.process.memory.working_set (By),Metric,96403456
09/11/2026 05:54:25,System.Runtime,dotnet.thread_pool.thread.count ({thread} / 1 sec),Rate,0
09/11/2026 05:54:25,System.Runtime,dotnet.jit.compilation.time (s / 1 sec),Rate,0
09/11/2026 05:54:26,System.Runtime,dotnet.jit.compiled_il.size (By / 1 sec),Rate,340
09/11/2026 05:54:26,System.Runtime,dotnet.jit.compiled_methods ({method} / 1 sec),Rate,5
09/11/2026 05:54:26,System.Runtime,dotnet.monitor.lock_contentions ({contention} / 1 sec),Rate,0
09/11/2026 05:54:26,System.Runtime,dotnet.gc.collections ({collection} / 1 sec)[gc.heap.generation=gen0],Rate,0
09/11/2026 05:54:26,System.Runtime,dotnet.gc.collections ({collection} / 1 sec)[gc.heap.generation=gen2],Rate,0
09/11/2026 05:54:26,System.Runtime,dotnet.gc.collections ({collection} / 1 sec)[gc.heap.generation=gen1],Rate,0
09/11/2026 05:54:26,System.Runtime,dotnet.process.cpu.time (s / 1 sec)[cpu.mode=user],Rate,0.5823579999999993
09/11/2026 05:54:26,System.Runtime,dotnet.process.cpu.time (s / 1 sec)[cpu.mode=system],Rate,0.04589099999999924
09/11/2026 05:54:26,System.Runtime,dotnet.process.cpu.count ({cpu}),Metric,15
09/11/2026 05:54:26,System.Runtime,dotnet.gc.pause.time (s / 1 sec),Rate,0
09/11/2026 05:54:26,System.Runtime,dotnet.thread_pool.queue.length ({work_item} / 1 sec),Rate,0
09/11/2026 05:54:26,System.Runtime,dotnet.gc.last_collection.memory.committed_size (By),Metric,0
09/11/2026 05:54:26,System.Runtime,dotnet.gc.last_collection.heap.fragmentation.size (By)[gc.heap.generation=gen0],Metric,0
09/11/2026 05:54:26,System.Runtime,dotnet.gc.last_collection.heap.fragmentation.size (By)[gc.heap.generation=gen2],Metric,0
09/11/2026 05:54:26,System.Runtime,dotnet.gc.last_collection.heap.fragmentation.size (By)[gc.heap.generation=loh],Metric,0
09/11/2026 05:54:26,System.Runtime,dotnet.gc.last_collection.heap.fragmentation.size (By)[gc.heap.generation=gen1],Metric,0
09/11/2026 05:54:26,System.Runtime,dotnet.gc.last_collection.heap.fragmentation.size (By)[gc.heap.generation=poh],Metric,0
09/11/2026 05:54:26,System.Runtime,dotnet.timer.count ({timer}),Metric,2
09/11/2026 05:54:26,System.Runtime,dotnet.assembly.count ({assembly}),Metric,61
09/11/2026 05:54:26,System.Runtime,dotnet.gc.heap.total_allocated (By / 1 sec),Rate,147608
09/11/2026 05:54:26,System.Runtime,dotnet.gc.last_collection.heap.size (By)[gc.heap.generation=gen0],Metric,0
09/11/2026 05:54:26,System.Runtime,dotnet.gc.last_collection.heap.size (By)[gc.heap.generation=gen2],Metric,0
09/11/2026 05:54:26,System.Runtime,dotnet.gc.last_collection.heap.size (By)[gc.heap.generation=loh],Metric,0
09/11/2026 05:54:26,System.Runtime,dotnet.gc.last_collection.heap.size (By)[gc.heap.generation=gen1],Metric,0
09/11/2026 05:54:26,System.Runtime,dotnet.gc.last_collection.heap.size (By)[gc.heap.generation=poh],Metric,0
09/11/2026 05:54:26,System.Runtime,dotnet.thread_pool.work_item.count ({work_item} / 1 sec),Rate,602
09/11/2026 05:54:26,System.Runtime,dotnet.process.memory.working_set (By),Metric,96583680
09/11/2026 05:54:26,System.Runtime,dotnet.thread_pool.thread.count ({thread} / 1 sec),Rate,0
09/11/2026 05:54:26,System.Runtime,dotnet.jit.compilation.time (s / 1 sec),Rate,0.003430999999999962
09/11/2026 05:54:27,System.Runtime,dotnet.jit.compiled_il.size (By / 1 sec),Rate,0
09/11/2026 05:54:27,System.Runtime,dotnet.jit.compiled_methods ({method} / 1 sec),Rate,0
09/11/2026 05:54:27,System.Runtime,dotnet.monitor.lock_contentions ({contention} / 1 sec),Rate,0
09/11/2026 05:54:27,System.Runtime,dotnet.gc.collections ({collection} / 1 sec)[gc.heap.generation=gen0],Rate,0
09/11/2026 05:54:27,System.Runtime,dotnet.gc.collections ({collection} / 1 sec)[gc.heap.generation=gen2],Rate,0
09/11/2026 05:54:27,System.Runtime,dotnet.gc.collections ({collection} / 1 sec)[gc.heap.generation=gen1],Rate,0
09/11/2026 05:54:27,System.Runtime,dotnet.process.cpu.time (s / 1 sec)[cpu.mode=user],Rate,0.5826459999999969
09/11/2026 05:54:27,System.Runtime,dotnet.process.cpu.time (s / 1 sec)[cpu.mode=system],Rate,0.04102899999999998
09/11/2026 05:54:27,System.Runtime,dotnet.process.cpu.count ({cpu}),Metric,15
09/11/2026 05:54:27,System.Runtime,dotnet.gc.pause.time (s / 1 sec),Rate,0
09/11/2026 05:54:27,System.Runtime,dotnet.thread_pool.queue.length ({work_item} / 1 sec),Rate,0
09/11/2026 05:54:27,System.Runtime,dotnet.gc.last_collection.memory.committed_size (By),Metric,0
09/11/2026 05:54:27,System.Runtime,dotnet.gc.last_collection.heap.fragmentation.size (By)[gc.heap.generation=gen0],Metric,0
09/11/2026 05:54:27,System.Runtime,dotnet.gc.last_collection.heap.fragmentation.size (By)[gc.heap.generation=gen2],Metric,0
09/11/2026 05:54:27,System.Runtime,dotnet.gc.last_collection.heap.fragmentation.size (By)[gc.heap.generation=loh],Metric,0
09/11/2026 05:54:27,System.Runtime,dotnet.gc.last_collection.heap.fragmentation.size (By)[gc.heap.generation=gen1],Metric,0
09/11/2026 05:54:27,System.Runtime,dotnet.gc.last_collection.heap.fragmentation.size (By)[gc.heap.generation=poh],Metric,0
09/11/2026 05:54:27,System.Runtime,dotnet.timer.count ({timer}),Metric,2
09/11/2026 05:54:27,System.Runtime,dotnet.assembly.count ({assembly}),Metric,61
09/11/2026 05:54:27,System.Runtime,dotnet.gc.heap.total_allocated (By / 1 sec),Rate,130080
09/11/2026 05:54:27,System.Runtime,dotnet.gc.last_collection.heap.size (By)[gc.heap.generation=gen0],Metric,0
09/11/2026 05:54:27,System.Runtime,dotnet.gc.last_collection.heap.size (By)[gc.heap.generation=gen2],Metric,0
09/11/2026 05:54:27,System.Runtime,dotnet.gc.last_collection.heap.size (By)[gc.heap.generation=loh],Metric,0
09/11/2026 05:54:27,System.Runtime,dotnet.gc.last_collection.heap.size (By)[gc.heap.generation=gen1],Metric,0
09/11/2026 05:54:27,System.Runtime,dotnet.gc.last_collection.heap.size (By)[gc.heap.generation=poh],Metric,0
09/11/2026 05:54:27,System.Runtime,dotnet.thread_pool.work_item.count ({work_item} / 1 sec),Rate,601
09/11/2026 05:54:27,System.Runtime,dotnet.process.memory.working_set (By),Metric,96714752
09/11/2026 05:54:27,System.Runtime,dotnet.thread_pool.thread.count ({thread} / 1 sec),Rate,0
09/11/2026 05:54:27,System.Runtime,dotnet.jit.compilation.time (s / 1 sec),Rate,0
09/11/2026 05:54:28,System.Runtime,dotnet.jit.compiled_il.size (By / 1 sec),Rate,0
09/11/2026 05:54:28,System.Runtime,dotnet.jit.compiled_methods ({method} / 1 sec),Rate,0
09/11/2026 05:54:28,System.Runtime,dotnet.monitor.lock_contentions ({contention} / 1 sec),Rate,0
09/11/2026 05:54:28,System.Runtime,dotnet.gc.collections ({collection} / 1 sec)[gc.heap.generation=gen0],Rate,0
09/11/2026 05:54:28,System.Runtime,dotnet.gc.collections ({collection} / 1 sec)[gc.heap.generation=gen2],Rate,0
09/11/2026 05:54:28,System.Runtime,dotnet.gc.collections ({collection} / 1 sec)[gc.heap.generation=gen1],Rate,0
09/11/2026 05:54:28,System.Runtime,dotnet.process.cpu.time (s / 1 sec)[cpu.mode=user],Rate,0.586190000000002
09/11/2026 05:54:28,System.Runtime,dotnet.process.cpu.time (s / 1 sec)[cpu.mode=system],Rate,0.03948900000000055
09/11/2026 05:54:28,System.Runtime,dotnet.process.cpu.count ({cpu}),Metric,15
09/11/2026 05:54:28,System.Runtime,dotnet.gc.pause.time (s / 1 sec),Rate,0
09/11/2026 05:54:28,System.Runtime,dotnet.thread_pool.queue.length ({work_item} / 1 sec),Rate,0
09/11/2026 05:54:28,System.Runtime,dotnet.gc.last_collection.memory.committed_size (By),Metric,0
09/11/2026 05:54:28,System.Runtime,dotnet.gc.last_collection.heap.fragmentation.size (By)[gc.heap.generation=gen0],Metric,0
09/11/2026 05:54:28,System.Runtime,dotnet.gc.last_collection.heap.fragmentation.size (By)[gc.heap.generation=gen2],Metric,0
09/11/2026 05:54:28,System.Runtime,dotnet.gc.last_collection.heap.fragmentation.size (By)[gc.heap.generation=loh],Metric,0
09/11/2026 05:54:28,System.Runtime,dotnet.gc.last_collection.heap.fragmentation.size (By)[gc.heap.generation=gen1],Metric,0
09/11/2026 05:54:28,System.Runtime,dotnet.gc.last_collection.heap.fragmentation.size (By)[gc.heap.generation=poh],Metric,0
09/11/2026 05:54:28,System.Runtime,dotnet.timer.count ({timer}),Metric,2
09/11/2026 05:54:28,System.Runtime,dotnet.assembly.count ({assembly}),Metric,61
09/11/2026 05:54:28,System.Runtime,dotnet.gc.heap.total_allocated (By / 1 sec),Rate,146576
09/11/2026 05:54:28,System.Runtime,dotnet.gc.last_collection.heap.size (By)[gc.heap.generation=gen0],Metric,0
09/11/2026 05:54:28,System.Runtime,dotnet.gc.last_collection.heap.size (By)[gc.heap.generation=gen2],Metric,0
09/11/2026 05:54:28,System.Runtime,dotnet.gc.last_collection.heap.size (By)[gc.heap.generation=loh],Metric,0
09/11/2026 05:54:28,System.Runtime,dotnet.gc.last_collection.heap.size (By)[gc.heap.generation=gen1],Metric,0
09/11/2026 05:54:28,System.Runtime,dotnet.gc.last_collection.heap.size (By)[gc.heap.generation=poh],Metric,0
09/11/2026 05:54:28,System.Runtime,dotnet.thread_pool.work_item.count ({work_item} / 1 sec),Rate,601
09/11/2026 05:54:28,System.Runtime,dotnet.process.memory.working_set (By),Metric,96894976
09/11/2026 05:54:28,System.Runtime,dotnet.thread_pool.thread.count ({thread} / 1 sec),Rate,0
09/11/2026 05:54:28,System.Runtime,dotnet.jit.compilation.time (s / 1 sec),Rate,0
09/11/2026 05:54:29,System.Runtime,dotnet.jit.compiled_il.size (By / 1 sec),Rate,0
09/11/2026 05:54:29,System.Runtime,dotnet.jit.compiled_methods ({method} / 1 sec),Rate,0
09/11/2026 05:54:29,System.Runtime,dotnet.monitor.lock_contentions ({contention} / 1 sec),Rate,0
09/11/2026 05:54:29,System.Runtime,dotnet.gc.collections ({collection} / 1 sec)[gc.heap.generation=gen0],Rate,0
09/11/2026 05:54:29,System.Runtime,dotnet.gc.collections ({collection} / 1 sec)[gc.heap.generation=gen2],Rate,0
09/11/2026 05:54:29,System.Runtime,dotnet.gc.collections ({collection} / 1 sec)[gc.heap.generation=gen1],Rate,0
09/11/2026 05:54:29,System.Runtime,dotnet.process.cpu.time (s / 1 sec)[cpu.mode=user],Rate,0.5802259999999961
09/11/2026 05:54:29,System.Runtime,dotnet.process.cpu.time (s / 1 sec)[cpu.mode=system],Rate,0.03805899999999962
09/11/2026 05:54:29,System.Runtime,dotnet.process.cpu.count ({cpu}),Metric,15
09/11/2026 05:54:29,System.Runtime,dotnet.gc.pause.time (s / 1 sec),Rate,0
09/11/2026 05:54:29,System.Runtime,dotnet.thread_pool.queue.length ({work_item} / 1 sec),Rate,0
09/11/2026 05:54:29,System.Runtime,dotnet.gc.last_collection.memory.committed_size (By),Metric,0
09/11/2026 05:54:29,System.Runtime,dotnet.gc.last_collection.heap.fragmentation.size (By)[gc.heap.generation=gen0],Metric,0
09/11/2026 05:54:29,System.Runtime,dotnet.gc.last_collection.heap.fragmentation.size (By)[gc.heap.generation=gen2],Metric,0
09/11/2026 05:54:29,System.Runtime,dotnet.gc.last_collection.heap.fragmentation.size (By)[gc.heap.generation=loh],Metric,0
09/11/2026 05:54:29,System.Runtime,dotnet.gc.last_collection.heap.fragmentation.size (By)[gc.heap.generation=gen1],Metric,0
09/11/2026 05:54:29,System.Runtime,dotnet.gc.last_collection.heap.fragmentation.size (By)[gc.heap.generation=poh],Metric,0
09/11/2026 05:54:29,System.Runtime,dotnet.timer.count ({timer}),Metric,2
09/11/2026 05:54:29,System.Runtime,dotnet.assembly.count ({assembly}),Metric,61
09/11/2026 05:54:29,System.Runtime,dotnet.gc.heap.total_allocated (By / 1 sec),Rate,131200
09/11/2026 05:54:29,System.Runtime,dotnet.gc.last_collection.heap.size (By)[gc.heap.generation=gen0],Metric,0
09/11/2026 05:54:29,System.Runtime,dotnet.gc.last_collection.heap.size (By)[gc.heap.generation=gen2],Metric,0
09/11/2026 05:54:29,System.Runtime,dotnet.gc.last_collection.heap.size (By)[gc.heap.generation=loh],Metric,0
09/11/2026 05:54:29,System.Runtime,dotnet.gc.last_collection.heap.size (By)[gc.heap.generation=gen1],Metric,0
09/11/2026 05:54:29,System.Runtime,dotnet.gc.last_collection.heap.size (By)[gc.heap.generation=poh],Metric,0
09/11/2026 05:54:29,System.Runtime,dotnet.thread_pool.work_item.count ({work_item} / 1 sec),Rate,601
09/11/2026 05:54:29,System.Runtime,dotnet.process.memory.working_set (By),Metric,97042432
09/11/2026 05:54:29,System.Runtime,dotnet.thread_pool.thread.count ({thread} / 1 sec),Rate,0
09/11/2026 05:54:29,System.Runtime,dotnet.jit.compilation.time (s / 1 sec),Rate,0
09/11/2026 05:54:30,System.Runtime,dotnet.jit.compiled_il.size (By / 1 sec),Rate,0
09/11/2026 05:54:30,System.Runtime,dotnet.jit.compiled_methods ({method} / 1 sec),Rate,0
09/11/2026 05:54:30,System.Runtime,dotnet.monitor.lock_contentions ({contention} / 1 sec),Rate,0
09/11/2026 05:54:30,System.Runtime,dotnet.gc.collections ({collection} / 1 sec)[gc.heap.generation=gen0],Rate,0
09/11/2026 05:54:30,System.Runtime,dotnet.gc.collections ({collection} / 1 sec)[gc.heap.generation=gen2],Rate,0
09/11/2026 05:54:30,System.Runtime,dotnet.gc.collections ({collection} / 1 sec)[gc.heap.generation=gen1],Rate,0
09/11/2026 05:54:30,System.Runtime,dotnet.process.cpu.time (s / 1 sec)[cpu.mode=user],Rate,0.582968000000001
09/11/2026 05:54:30,System.Runtime,dotnet.process.cpu.time (s / 1 sec)[cpu.mode=system],Rate,0.04399400000000053
09/11/2026 05:54:30,System.Runtime,dotnet.process.cpu.count ({cpu}),Metric,15
09/11/2026 05:54:30,System.Runtime,dotnet.gc.pause.time (s / 1 sec),Rate,0
09/11/2026 05:54:30,System.Runtime,dotnet.thread_pool.queue.length ({work_item} / 1 sec),Rate,0
09/11/2026 05:54:30,System.Runtime,dotnet.gc.last_collection.memory.committed_size (By),Metric,0
09/11/2026 05:54:30,System.Runtime,dotnet.gc.last_collection.heap.fragmentation.size (By)[gc.heap.generation=gen0],Metric,0
09/11/2026 05:54:30,System.Runtime,dotnet.gc.last_collection.heap.fragmentation.size (By)[gc.heap.generation=gen2],Metric,0
09/11/2026 05:54:30,System.Runtime,dotnet.gc.last_collection.heap.fragmentation.size (By)[gc.heap.generation=loh],Metric,0
09/11/2026 05:54:30,System.Runtime,dotnet.gc.last_collection.heap.fragmentation.size (By)[gc.heap.generation=gen1],Metric,0
09/11/2026 05:54:30,System.Runtime,dotnet.gc.last_collection.heap.fragmentation.size (By)[gc.heap.generation=poh],Metric,0
09/11/2026 05:54:30,System.Runtime,dotnet.timer.count ({timer}),Metric,2
09/11/2026 05:54:30,System.Runtime,dotnet.assembly.count ({assembly}),Metric,61
09/11/2026 05:54:30,System.Runtime,dotnet.gc.heap.total_allocated (By / 1 sec),Rate,131200
09/11/2026 05:54:30,System.Runtime,dotnet.gc.last_collection.heap.size (By)[gc.heap.generation=gen0],Metric,0
09/11/2026 05:54:30,System.Runtime,dotnet.gc.last_collection.heap.size (By)[gc.heap.generation=gen2],Metric,0
09/11/2026 05:54:30,System.Runtime,dotnet.gc.last_collection.heap.size (By)[gc.heap.generation=loh],Metric,0
09/11/2026 05:54:30,System.Runtime,dotnet.gc.last_collection.heap.size (By)[gc.heap.generation=gen1],Metric,0
09/11/2026 05:54:30,System.Runtime,dotnet.gc.last_collection.heap.size (By)[gc.heap.generation=poh],Metric,0
09/11/2026 05:54:30,System.Runtime,dotnet.thread_pool.work_item.count ({work_item} / 1 sec),Rate,601
09/11/2026 05:54:30,System.Runtime,dotnet.process.memory.working_set (By),Metric,97124352
09/11/2026 05:54:30,System.Runtime,dotnet.thread_pool.thread.count ({thread} / 1 sec),Rate,0
09/11/2026 05:54:30,System.Runtime,dotnet.jit.compilation.time (s / 1 sec),Rate,0
09/11/2026 05:54:31,System.Runtime,dotnet.jit.compiled_il.size (By / 1 sec),Rate,0
09/11/2026 05:54:31,System.Runtime,dotnet.jit.compiled_methods ({method} / 1 sec),Rate,0
09/11/2026 05:54:31,System.Runtime,dotnet.monitor.lock_contentions ({contention} / 1 sec),Rate,0
09/11/2026 05:54:31,System.Runtime,dotnet.gc.collections ({collection} / 1 sec)[gc.heap.generation=gen0],Rate,0
09/11/2026 05:54:31,System.Runtime,dotnet.gc.collections ({collection} / 1 sec)[gc.heap.generation=gen2],Rate,0
09/11/2026 05:54:31,System.Runtime,dotnet.gc.collections ({collection} / 1 sec)[gc.heap.generation=gen1],Rate,0
09/11/2026 05:54:31,System.Runtime,dotnet.process.cpu.time (s / 1 sec)[cpu.mode=user],Rate,0.5759790000000038
09/11/2026 05:54:31,System.Runtime,dotnet.process.cpu.time (s / 1 sec)[cpu.mode=system],Rate,0.04301399999999944
09/11/2026 05:54:31,System.Runtime,dotnet.process.cpu.count ({cpu}),Metric,15
09/11/2026 05:54:31,System.Runtime,dotnet.gc.pause.time (s / 1 sec),Rate,0
09/11/2026 05:54:31,System.Runtime,dotnet.thread_pool.queue.length ({work_item} / 1 sec),Rate,0
09/11/2026 05:54:31,System.Runtime,dotnet.gc.last_collection.memory.committed_size (By),Metric,0
09/11/2026 05:54:31,System.Runtime,dotnet.gc.last_collection.heap.fragmentation.size (By)[gc.heap.generation=gen0],Metric,0
09/11/2026 05:54:31,System.Runtime,dotnet.gc.last_collection.heap.fragmentation.size (By)[gc.heap.generation=gen2],Metric,0
09/11/2026 05:54:31,System.Runtime,dotnet.gc.last_collection.heap.fragmentation.size (By)[gc.heap.generation=loh],Metric,0
09/11/2026 05:54:31,System.Runtime,dotnet.gc.last_collection.heap.fragmentation.size (By)[gc.heap.generation=gen1],Metric,0
09/11/2026 05:54:31,System.Runtime,dotnet.gc.last_collection.heap.fragmentation.size (By)[gc.heap.generation=poh],Metric,0
09/11/2026 05:54:31,System.Runtime,dotnet.timer.count ({timer}),Metric,2
09/11/2026 05:54:31,System.Runtime,dotnet.assembly.count ({assembly}),Metric,61
09/11/2026 05:54:31,System.Runtime,dotnet.gc.heap.total_allocated (By / 1 sec),Rate,162448
09/11/2026 05:54:31,System.Runtime,dotnet.gc.last_collection.heap.size (By)[gc.heap.generation=gen0],Metric,0
09/11/2026 05:54:31,System.Runtime,dotnet.gc.last_collection.heap.size (By)[gc.heap.generation=gen2],Metric,0
09/11/2026 05:54:31,System.Runtime,dotnet.gc.last_collection.heap.size (By)[gc.heap.generation=loh],Metric,0
09/11/2026 05:54:31,System.Runtime,dotnet.gc.last_collection.heap.size (By)[gc.heap.generation=gen1],Metric,0
09/11/2026 05:54:31,System.Runtime,dotnet.gc.last_collection.heap.size (By)[gc.heap.generation=poh],Metric,0
09/11/2026 05:54:31,System.Runtime,dotnet.thread_pool.work_item.count ({work_item} / 1 sec),Rate,602
09/11/2026 05:54:31,System.Runtime,dotnet.process.memory.working_set (By),Metric,97353728
09/11/2026 05:54:31,System.Runtime,dotnet.thread_pool.thread.count ({thread} / 1 sec),Rate,0
09/11/2026 05:54:31,System.Runtime,dotnet.jit.compilation.time (s / 1 sec),Rate,0
09/11/2026 05:54:32,System.Runtime,dotnet.jit.compiled_il.size (By / 1 sec),Rate,0
09/11/2026 05:54:32,System.Runtime,dotnet.jit.compiled_methods ({method} / 1 sec),Rate,0
09/11/2026 05:54:32,System.Runtime,dotnet.monitor.lock_contentions ({contention} / 1 sec),Rate,0
09/11/2026 05:54:32,System.Runtime,dotnet.gc.collections ({collection} / 1 sec)[gc.heap.generation=gen0],Rate,0
09/11/2026 05:54:32,System.Runtime,dotnet.gc.collections ({collection} / 1 sec)[gc.heap.generation=gen2],Rate,0
09/11/2026 05:54:32,System.Runtime,dotnet.gc.collections ({collection} / 1 sec)[gc.heap.generation=gen1],Rate,0
09/11/2026 05:54:32,System.Runtime,dotnet.process.cpu.time (s / 1 sec)[cpu.mode=user],Rate,0.5733120000000014
09/11/2026 05:54:32,System.Runtime,dotnet.process.cpu.time (s / 1 sec)[cpu.mode=system],Rate,0.04086899999999982
09/11/2026 05:54:32,System.Runtime,dotnet.process.cpu.count ({cpu}),Metric,15
09/11/2026 05:54:32,System.Runtime,dotnet.gc.pause.time (s / 1 sec),Rate,0
09/11/2026 05:54:32,System.Runtime,dotnet.thread_pool.queue.length ({work_item} / 1 sec),Rate,0
09/11/2026 05:54:32,System.Runtime,dotnet.gc.last_collection.memory.committed_size (By),Metric,0
09/11/2026 05:54:32,System.Runtime,dotnet.gc.last_collection.heap.fragmentation.size (By)[gc.heap.generation=gen0],Metric,0
09/11/2026 05:54:32,System.Runtime,dotnet.gc.last_collection.heap.fragmentation.size (By)[gc.heap.generation=gen2],Metric,0
09/11/2026 05:54:32,System.Runtime,dotnet.gc.last_collection.heap.fragmentation.size (By)[gc.heap.generation=loh],Metric,0
09/11/2026 05:54:32,System.Runtime,dotnet.gc.last_collection.heap.fragmentation.size (By)[gc.heap.generation=gen1],Metric,0
09/11/2026 05:54:32,System.Runtime,dotnet.gc.last_collection.heap.fragmentation.size (By)[gc.heap.generation=poh],Metric,0
09/11/2026 05:54:32,System.Runtime,dotnet.timer.count ({timer}),Metric,2
09/11/2026 05:54:32,System.Runtime,dotnet.assembly.count ({assembly}),Metric,61
09/11/2026 05:54:32,System.Runtime,dotnet.gc.heap.total_allocated (By / 1 sec),Rate,122936
09/11/2026 05:54:32,System.Runtime,dotnet.gc.last_collection.heap.size (By)[gc.heap.generation=gen0],Metric,0
09/11/2026 05:54:32,System.Runtime,dotnet.gc.last_collection.heap.size (By)[gc.heap.generation=gen2],Metric,0
09/11/2026 05:54:32,System.Runtime,dotnet.gc.last_collection.heap.size (By)[gc.heap.generation=loh],Metric,0
09/11/2026 05:54:32,System.Runtime,dotnet.gc.last_collection.heap.size (By)[gc.heap.generation=gen1],Metric,0
09/11/2026 05:54:32,System.Runtime,dotnet.gc.last_collection.heap.size (By)[gc.heap.generation=poh],Metric,0
09/11/2026 05:54:32,System.Runtime,dotnet.thread_pool.work_item.count ({work_item} / 1 sec),Rate,601
09/11/2026 05:54:32,System.Runtime,dotnet.process.memory.working_set (By),Metric,97468416
09/11/2026 05:54:32,System.Runtime,dotnet.thread_pool.thread.count ({thread} / 1 sec),Rate,0
09/11/2026 05:54:32,System.Runtime,dotnet.jit.compilation.time (s / 1 sec),Rate,0
09/11/2026 05:54:33,System.Runtime,dotnet.jit.compiled_il.size (By / 1 sec),Rate,0
09/11/2026 05:54:33,System.Runtime,dotnet.jit.compiled_methods ({method} / 1 sec),Rate,0
09/11/2026 05:54:33,System.Runtime,dotnet.monitor.lock_contentions ({contention} / 1 sec),Rate,0
09/11/2026 05:54:33,System.Runtime,dotnet.gc.collections ({collection} / 1 sec)[gc.heap.generation=gen0],Rate,0
09/11/2026 05:54:33,System.Runtime,dotnet.gc.collections ({collection} / 1 sec)[gc.heap.generation=gen2],Rate,0
09/11/2026 05:54:33,System.Runtime,dotnet.gc.collections ({collection} / 1 sec)[gc.heap.generation=gen1],Rate,0
09/11/2026 05:54:33,System.Runtime,dotnet.process.cpu.time (s / 1 sec)[cpu.mode=user],Rate,0.5762959999999993
09/11/2026 05:54:33,System.Runtime,dotnet.process.cpu.time (s / 1 sec)[cpu.mode=system],Rate,0.04380800000000029
09/11/2026 05:54:33,System.Runtime,dotnet.process.cpu.count ({cpu}),Metric,15
09/11/2026 05:54:33,System.Runtime,dotnet.gc.pause.time (s / 1 sec),Rate,0
09/11/2026 05:54:33,System.Runtime,dotnet.thread_pool.queue.length ({work_item} / 1 sec),Rate,0
09/11/2026 05:54:33,System.Runtime,dotnet.gc.last_collection.memory.committed_size (By),Metric,0
09/11/2026 05:54:33,System.Runtime,dotnet.gc.last_collection.heap.fragmentation.size (By)[gc.heap.generation=gen0],Metric,0
09/11/2026 05:54:33,System.Runtime,dotnet.gc.last_collection.heap.fragmentation.size (By)[gc.heap.generation=gen2],Metric,0
09/11/2026 05:54:33,System.Runtime,dotnet.gc.last_collection.heap.fragmentation.size (By)[gc.heap.generation=loh],Metric,0
09/11/2026 05:54:33,System.Runtime,dotnet.gc.last_collection.heap.fragmentation.size (By)[gc.heap.generation=gen1],Metric,0
09/11/2026 05:54:33,System.Runtime,dotnet.gc.last_collection.heap.fragmentation.size (By)[gc.heap.generation=poh],Metric,0
09/11/2026 05:54:33,System.Runtime,dotnet.timer.count ({timer}),Metric,2
09/11/2026 05:54:33,System.Runtime,dotnet.assembly.count ({assembly}),Metric,61
09/11/2026 05:54:33,System.Runtime,dotnet.gc.heap.total_allocated (By / 1 sec),Rate,146576
09/11/2026 05:54:33,System.Runtime,dotnet.gc.last_collection.heap.size (By)[gc.heap.generation=gen0],Metric,0
09/11/2026 05:54:33,System.Runtime,dotnet.gc.last_collection.heap.size (By)[gc.heap.generation=gen2],Metric,0
09/11/2026 05:54:33,System.Runtime,dotnet.gc.last_collection.heap.size (By)[gc.heap.generation=loh],Metric,0
09/11/2026 05:54:33,System.Runtime,dotnet.gc.last_collection.heap.size (By)[gc.heap.generation=gen1],Metric,0
09/11/2026 05:54:33,System.Runtime,dotnet.gc.last_collection.heap.size (By)[gc.heap.generation=poh],Metric,0
09/11/2026 05:54:33,System.Runtime,dotnet.thread_pool.work_item.count ({work_item} / 1 sec),Rate,601
09/11/2026 05:54:33,System.Runtime,dotnet.process.memory.working_set (By),Metric,97632256
09/11/2026 05:54:33,System.Runtime,dotnet.thread_pool.thread.count ({thread} / 1 sec),Rate,0
09/11/2026 05:54:33,System.Runtime,dotnet.jit.compilation.time (s / 1 sec),Rate,0
09/11/2026 05:54:34,System.Runtime,dotnet.jit.compiled_il.size (By / 1 sec),Rate,0
09/11/2026 05:54:34,System.Runtime,dotnet.jit.compiled_methods ({method} / 1 sec),Rate,0
09/11/2026 05:54:34,System.Runtime,dotnet.monitor.lock_contentions ({contention} / 1 sec),Rate,0
09/11/2026 05:54:34,System.Runtime,dotnet.gc.collections ({collection} / 1 sec)[gc.heap.generation=gen0],Rate,0
09/11/2026 05:54:34,System.Runtime,dotnet.gc.collections ({collection} / 1 sec)[gc.heap.generation=gen2],Rate,0
09/11/2026 05:54:34,System.Runtime,dotnet.gc.collections ({collection} / 1 sec)[gc.heap.generation=gen1],Rate,0
09/11/2026 05:54:34,System.Runtime,dotnet.process.cpu.time (s / 1 sec)[cpu.mode=user],Rate,0.5837779999999952
09/11/2026 05:54:34,System.Runtime,dotnet.process.cpu.time (s / 1 sec)[cpu.mode=system],Rate,0.037518000000000384
09/11/2026 05:54:34,System.Runtime,dotnet.process.cpu.count ({cpu}),Metric,15
09/11/2026 05:54:34,System.Runtime,dotnet.gc.pause.time (s / 1 sec),Rate,0
09/11/2026 05:54:34,System.Runtime,dotnet.thread_pool.queue.length ({work_item} / 1 sec),Rate,0
09/11/2026 05:54:34,System.Runtime,dotnet.gc.last_collection.memory.committed_size (By),Metric,0
09/11/2026 05:54:34,System.Runtime,dotnet.gc.last_collection.heap.fragmentation.size (By)[gc.heap.generation=gen0],Metric,0
09/11/2026 05:54:34,System.Runtime,dotnet.gc.last_collection.heap.fragmentation.size (By)[gc.heap.generation=gen2],Metric,0
09/11/2026 05:54:34,System.Runtime,dotnet.gc.last_collection.heap.fragmentation.size (By)[gc.heap.generation=loh],Metric,0
09/11/2026 05:54:34,System.Runtime,dotnet.gc.last_collection.heap.fragmentation.size (By)[gc.heap.generation=gen1],Metric,0
09/11/2026 05:54:34,System.Runtime,dotnet.gc.last_collection.heap.fragmentation.size (By)[gc.heap.generation=poh],Metric,0
09/11/2026 05:54:34,System.Runtime,dotnet.timer.count ({timer}),Metric,2
09/11/2026 05:54:34,System.Runtime,dotnet.assembly.count ({assembly}),Metric,61
09/11/2026 05:54:34,System.Runtime,dotnet.gc.heap.total_allocated (By / 1 sec),Rate,123000
09/11/2026 05:54:34,System.Runtime,dotnet.gc.last_collection.heap.size (By)[gc.heap.generation=gen0],Metric,0
09/11/2026 05:54:34,System.Runtime,dotnet.gc.last_collection.heap.size (By)[gc.heap.generation=gen2],Metric,0
09/11/2026 05:54:34,System.Runtime,dotnet.gc.last_collection.heap.size (By)[gc.heap.generation=loh],Metric,0
09/11/2026 05:54:34,System.Runtime,dotnet.gc.last_collection.heap.size (By)[gc.heap.generation=gen1],Metric,0
09/11/2026 05:54:34,System.Runtime,dotnet.gc.last_collection.heap.size (By)[gc.heap.generation=poh],Metric,0
09/11/2026 05:54:34,System.Runtime,dotnet.thread_pool.work_item.count ({work_item} / 1 sec),Rate,601
09/11/2026 05:54:34,System.Runtime,dotnet.process.memory.working_set (By),Metric,97779712
09/11/2026 05:54:34,System.Runtime,dotnet.thread_pool.thread.count ({thread} / 1 sec),Rate,0
09/11/2026 05:54:34,System.Runtime,dotnet.jit.compilation.time (s / 1 sec),Rate,0
09/11/2026 05:54:35,System.Runtime,dotnet.jit.compiled_il.size (By / 1 sec),Rate,0
09/11/2026 05:54:35,System.Runtime,dotnet.jit.compiled_methods ({method} / 1 sec),Rate,0
09/11/2026 05:54:35,System.Runtime,dotnet.monitor.lock_contentions ({contention} / 1 sec),Rate,0
09/11/2026 05:54:35,System.Runtime,dotnet.gc.collections ({collection} / 1 sec)[gc.heap.generation=gen0],Rate,0
09/11/2026 05:54:35,System.Runtime,dotnet.gc.collections ({collection} / 1 sec)[gc.heap.generation=gen2],Rate,0
09/11/2026 05:54:35,System.Runtime,dotnet.gc.collections ({collection} / 1 sec)[gc.heap.generation=gen1],Rate,0
09/11/2026 05:54:35,System.Runtime,dotnet.process.cpu.time (s / 1 sec)[cpu.mode=user],Rate,0.5841600000000042
09/11/2026 05:54:35,System.Runtime,dotnet.process.cpu.time (s / 1 sec)[cpu.mode=system],Rate,0.03684900000000013
09/11/2026 05:54:35,System.Runtime,dotnet.process.cpu.count ({cpu}),Metric,15
09/11/2026 05:54:35,System.Runtime,dotnet.gc.pause.time (s / 1 sec),Rate,0
09/11/2026 05:54:35,System.Runtime,dotnet.thread_pool.queue.length ({work_item} / 1 sec),Rate,0
09/11/2026 05:54:35,System.Runtime,dotnet.gc.last_collection.memory.committed_size (By),Metric,0
09/11/2026 05:54:35,System.Runtime,dotnet.gc.last_collection.heap.fragmentation.size (By)[gc.heap.generation=gen0],Metric,0
09/11/2026 05:54:35,System.Runtime,dotnet.gc.last_collection.heap.fragmentation.size (By)[gc.heap.generation=gen2],Metric,0
09/11/2026 05:54:35,System.Runtime,dotnet.gc.last_collection.heap.fragmentation.size (By)[gc.heap.generation=loh],Metric,0
09/11/2026 05:54:35,System.Runtime,dotnet.gc.last_collection.heap.fragmentation.size (By)[gc.heap.generation=gen1],Metric,0
09/11/2026 05:54:35,System.Runtime,dotnet.gc.last_collection.heap.fragmentation.size (By)[gc.heap.generation=poh],Metric,0
09/11/2026 05:54:35,System.Runtime,dotnet.timer.count ({timer}),Metric,2
09/11/2026 05:54:35,System.Runtime,dotnet.assembly.count ({assembly}),Metric,61
09/11/2026 05:54:35,System.Runtime,dotnet.gc.heap.total_allocated (By / 1 sec),Rate,153752
09/11/2026 05:54:35,System.Runtime,dotnet.gc.last_collection.heap.size (By)[gc.heap.generation=gen0],Metric,0
09/11/2026 05:54:35,System.Runtime,dotnet.gc.last_collection.heap.size (By)[gc.heap.generation=gen2],Metric,0
09/11/2026 05:54:35,System.Runtime,dotnet.gc.last_collection.heap.size (By)[gc.heap.generation=loh],Metric,0
09/11/2026 05:54:35,System.Runtime,dotnet.gc.last_collection.heap.size (By)[gc.heap.generation=gen1],Metric,0
09/11/2026 05:54:35,System.Runtime,dotnet.gc.last_collection.heap.size (By)[gc.heap.generation=poh],Metric,0
09/11/2026 05:54:35,System.Runtime,dotnet.thread_pool.work_item.count ({work_item} / 1 sec),Rate,642
09/11/2026 05:54:35,System.Runtime,dotnet.process.memory.working_set (By),Metric,97927168
09/11/2026 05:54:35,System.Runtime,dotnet.thread_pool.thread.count ({thread} / 1 sec),Rate,0
09/11/2026 05:54:35,System.Runtime,dotnet.jit.compilation.time (s / 1 sec),Rate,0
09/11/2026 05:54:36,System.Runtime,dotnet.jit.compiled_il.size (By / 1 sec),Rate,0
09/11/2026 05:54:36,System.Runtime,dotnet.jit.compiled_methods ({method} / 1 sec),Rate,0
09/11/2026 05:54:36,System.Runtime,dotnet.monitor.lock_contentions ({contention} / 1 sec),Rate,0
09/11/2026 05:54:36,System.Runtime,dotnet.gc.collections ({collection} / 1 sec)[gc.heap.generation=gen0],Rate,0
09/11/2026 05:54:36,System.Runtime,dotnet.gc.collections ({collection} / 1 sec)[gc.heap.generation=gen2],Rate,0
09/11/2026 05:54:36,System.Runtime,dotnet.gc.collections ({collection} / 1 sec)[gc.heap.generation=gen1],Rate,0
09/11/2026 05:54:36,System.Runtime,dotnet.process.cpu.time (s / 1 sec)[cpu.mode=user],Rate,0.5797729999999959
09/11/2026 05:54:36,System.Runtime,dotnet.process.cpu.time (s / 1 sec)[cpu.mode=system],Rate,0.04690499999999975
09/11/2026 05:54:36,System.Runtime,dotnet.process.cpu.count ({cpu}),Metric,15
09/11/2026 05:54:36,System.Runtime,dotnet.gc.pause.time (s / 1 sec),Rate,0
09/11/2026 05:54:36,System.Runtime,dotnet.thread_pool.queue.length ({work_item} / 1 sec),Rate,0
09/11/2026 05:54:36,System.Runtime,dotnet.gc.last_collection.memory.committed_size (By),Metric,0
09/11/2026 05:54:36,System.Runtime,dotnet.gc.last_collection.heap.fragmentation.size (By)[gc.heap.generation=gen0],Metric,0
09/11/2026 05:54:36,System.Runtime,dotnet.gc.last_collection.heap.fragmentation.size (By)[gc.heap.generation=gen2],Metric,0
09/11/2026 05:54:36,System.Runtime,dotnet.gc.last_collection.heap.fragmentation.size (By)[gc.heap.generation=loh],Metric,0
09/11/2026 05:54:36,System.Runtime,dotnet.gc.last_collection.heap.fragmentation.size (By)[gc.heap.generation=gen1],Metric,0
09/11/2026 05:54:36,System.Runtime,dotnet.gc.last_collection.heap.fragmentation.size (By)[gc.heap.generation=poh],Metric,0
09/11/2026 05:54:36,System.Runtime,dotnet.timer.count ({timer}),Metric,2
09/11/2026 05:54:36,System.Runtime,dotnet.assembly.count ({assembly}),Metric,61
09/11/2026 05:54:36,System.Runtime,dotnet.gc.heap.total_allocated (By / 1 sec),Rate,139288
09/11/2026 05:54:36,System.Runtime,dotnet.gc.last_collection.heap.size (By)[gc.heap.generation=gen0],Metric,0
09/11/2026 05:54:36,System.Runtime,dotnet.gc.last_collection.heap.size (By)[gc.heap.generation=gen2],Metric,0
09/11/2026 05:54:36,System.Runtime,dotnet.gc.last_collection.heap.size (By)[gc.heap.generation=loh],Metric,0
09/11/2026 05:54:36,System.Runtime,dotnet.gc.last_collection.heap.size (By)[gc.heap.generation=gen1],Metric,0
09/11/2026 05:54:36,System.Runtime,dotnet.gc.last_collection.heap.size (By)[gc.heap.generation=poh],Metric,0
09/11/2026 05:54:36,System.Runtime,dotnet.thread_pool.work_item.count ({work_item} / 1 sec),Rate,669
09/11/2026 05:54:36,System.Runtime,dotnet.process.memory.working_set (By),Metric,98107392
09/11/2026 05:54:36,System.Runtime,dotnet.thread_pool.thread.count ({thread} / 1 sec),Rate,0
09/11/2026 05:54:36,System.Runtime,dotnet.jit.compilation.time (s / 1 sec),Rate,0
09/11/2026 05:54:37,System.Runtime,dotnet.jit.compiled_il.size (By / 1 sec),Rate,81
09/11/2026 05:54:37,System.Runtime,dotnet.jit.compiled_methods ({method} / 1 sec),Rate,1
09/11/2026 05:54:37,System.Runtime,dotnet.monitor.lock_contentions ({contention} / 1 sec),Rate,0
09/11/2026 05:54:37,System.Runtime,dotnet.gc.collections ({collection} / 1 sec)[gc.heap.generation=gen0],Rate,0
09/11/2026 05:54:37,System.Runtime,dotnet.gc.collections ({collection} / 1 sec)[gc.heap.generation=gen2],Rate,0
09/11/2026 05:54:37,System.Runtime,dotnet.gc.collections ({collection} / 1 sec)[gc.heap.generation=gen1],Rate,0
09/11/2026 05:54:37,System.Runtime,dotnet.process.cpu.time (s / 1 sec)[cpu.mode=user],Rate,0.5858619999999988
09/11/2026 05:54:37,System.Runtime,dotnet.process.cpu.time (s / 1 sec)[cpu.mode=system],Rate,0.042323999999999806
09/11/2026 05:54:37,System.Runtime,dotnet.process.cpu.count ({cpu}),Metric,15
09/11/2026 05:54:37,System.Runtime,dotnet.gc.pause.time (s / 1 sec),Rate,0
09/11/2026 05:54:37,System.Runtime,dotnet.thread_pool.queue.length ({work_item} / 1 sec),Rate,0
09/11/2026 05:54:37,System.Runtime,dotnet.gc.last_collection.memory.committed_size (By),Metric,0
09/11/2026 05:54:37,System.Runtime,dotnet.gc.last_collection.heap.fragmentation.size (By)[gc.heap.generation=gen0],Metric,0
09/11/2026 05:54:37,System.Runtime,dotnet.gc.last_collection.heap.fragmentation.size (By)[gc.heap.generation=gen2],Metric,0
09/11/2026 05:54:37,System.Runtime,dotnet.gc.last_collection.heap.fragmentation.size (By)[gc.heap.generation=loh],Metric,0
09/11/2026 05:54:37,System.Runtime,dotnet.gc.last_collection.heap.fragmentation.size (By)[gc.heap.generation=gen1],Metric,0
09/11/2026 05:54:37,System.Runtime,dotnet.gc.last_collection.heap.fragmentation.size (By)[gc.heap.generation=poh],Metric,0
09/11/2026 05:54:37,System.Runtime,dotnet.timer.count ({timer}),Metric,2
09/11/2026 05:54:37,System.Runtime,dotnet.assembly.count ({assembly}),Metric,61
09/11/2026 05:54:37,System.Runtime,dotnet.gc.heap.total_allocated (By / 1 sec),Rate,154776
09/11/2026 05:54:37,System.Runtime,dotnet.gc.last_collection.heap.size (By)[gc.heap.generation=gen0],Metric,0
09/11/2026 05:54:37,System.Runtime,dotnet.gc.last_collection.heap.size (By)[gc.heap.generation=gen2],Metric,0
09/11/2026 05:54:37,System.Runtime,dotnet.gc.last_collection.heap.size (By)[gc.heap.generation=loh],Metric,0
09/11/2026 05:54:37,System.Runtime,dotnet.gc.last_collection.heap.size (By)[gc.heap.generation=gen1],Metric,0
09/11/2026 05:54:37,System.Runtime,dotnet.gc.last_collection.heap.size (By)[gc.heap.generation=poh],Metric,0
09/11/2026 05:54:37,System.Runtime,dotnet.thread_pool.work_item.count ({work_item} / 1 sec),Rate,609
09/11/2026 05:54:37,System.Runtime,dotnet.process.memory.working_set (By),Metric,98320384
09/11/2026 05:54:37,System.Runtime,dotnet.thread_pool.thread.count ({thread} / 1 sec),Rate,0
09/11/2026 05:54:37,System.Runtime,dotnet.jit.compilation.time (s / 1 sec),Rate,0.0009679000000000215
09/11/2026 05:54:38,System.Runtime,dotnet.jit.compiled_il.size (By / 1 sec),Rate,0
09/11/2026 05:54:38,System.Runtime,dotnet.jit.compiled_methods ({method} / 1 sec),Rate,0
09/11/2026 05:54:38,System.Runtime,dotnet.monitor.lock_contentions ({contention} / 1 sec),Rate,0
09/11/2026 05:54:38,System.Runtime,dotnet.gc.collections ({collection} / 1 sec)[gc.heap.generation=gen0],Rate,0
09/11/2026 05:54:38,System.Runtime,dotnet.gc.collections ({collection} / 1 sec)[gc.heap.generation=gen2],Rate,0
09/11/2026 05:54:38,System.Runtime,dotnet.gc.collections ({collection} / 1 sec)[gc.heap.generation=gen1],Rate,0
09/11/2026 05:54:38,System.Runtime,dotnet.process.cpu.time (s / 1 sec)[cpu.mode=user],Rate,0.5794800000000038
09/11/2026 05:54:38,System.Runtime,dotnet.process.cpu.time (s / 1 sec)[cpu.mode=system],Rate,0.04407400000000017
09/11/2026 05:54:38,System.Runtime,dotnet.process.cpu.count ({cpu}),Metric,15
09/11/2026 05:54:38,System.Runtime,dotnet.gc.pause.time (s / 1 sec),Rate,0
09/11/2026 05:54:38,System.Runtime,dotnet.thread_pool.queue.length ({work_item} / 1 sec),Rate,0
09/11/2026 05:54:38,System.Runtime,dotnet.gc.last_collection.memory.committed_size (By),Metric,0
09/11/2026 05:54:38,System.Runtime,dotnet.gc.last_collection.heap.fragmentation.size (By)[gc.heap.generation=gen0],Metric,0
09/11/2026 05:54:38,System.Runtime,dotnet.gc.last_collection.heap.fragmentation.size (By)[gc.heap.generation=gen2],Metric,0
09/11/2026 05:54:38,System.Runtime,dotnet.gc.last_collection.heap.fragmentation.size (By)[gc.heap.generation=loh],Metric,0
09/11/2026 05:54:38,System.Runtime,dotnet.gc.last_collection.heap.fragmentation.size (By)[gc.heap.generation=gen1],Metric,0
09/11/2026 05:54:38,System.Runtime,dotnet.gc.last_collection.heap.fragmentation.size (By)[gc.heap.generation=poh],Metric,0
09/11/2026 05:54:38,System.Runtime,dotnet.timer.count ({timer}),Metric,2
09/11/2026 05:54:38,System.Runtime,dotnet.assembly.count ({assembly}),Metric,61
09/11/2026 05:54:38,System.Runtime,dotnet.gc.heap.total_allocated (By / 1 sec),Rate,122984
09/11/2026 05:54:38,System.Runtime,dotnet.gc.last_collection.heap.size (By)[gc.heap.generation=gen0],Metric,0
09/11/2026 05:54:38,System.Runtime,dotnet.gc.last_collection.heap.size (By)[gc.heap.generation=gen2],Metric,0
09/11/2026 05:54:38,System.Runtime,dotnet.gc.last_collection.heap.size (By)[gc.heap.generation=loh],Metric,0
09/11/2026 05:54:38,System.Runtime,dotnet.gc.last_collection.heap.size (By)[gc.heap.generation=gen1],Metric,0
09/11/2026 05:54:38,System.Runtime,dotnet.gc.last_collection.heap.size (By)[gc.heap.generation=poh],Metric,0
09/11/2026 05:54:38,System.Runtime,dotnet.thread_pool.work_item.count ({work_item} / 1 sec),Rate,602
09/11/2026 05:54:38,System.Runtime,dotnet.process.memory.working_set (By),Metric,98451456
09/11/2026 05:54:38,System.Runtime,dotnet.thread_pool.thread.count ({thread} / 1 sec),Rate,0
09/11/2026 05:54:38,System.Runtime,dotnet.jit.compilation.time (s / 1 sec),Rate,0
09/11/2026 05:54:39,System.Runtime,dotnet.jit.compiled_il.size (By / 1 sec),Rate,0
09/11/2026 05:54:39,System.Runtime,dotnet.jit.compiled_methods ({method} / 1 sec),Rate,0
09/11/2026 05:54:39,System.Runtime,dotnet.monitor.lock_contentions ({contention} / 1 sec),Rate,0
09/11/2026 05:54:39,System.Runtime,dotnet.gc.collections ({collection} / 1 sec)[gc.heap.generation=gen0],Rate,0
09/11/2026 05:54:39,System.Runtime,dotnet.gc.collections ({collection} / 1 sec)[gc.heap.generation=gen2],Rate,0
09/11/2026 05:54:39,System.Runtime,dotnet.gc.collections ({collection} / 1 sec)[gc.heap.generation=gen1],Rate,0
09/11/2026 05:54:39,System.Runtime,dotnet.process.cpu.time (s / 1 sec)[cpu.mode=user],Rate,0.570017
09/11/2026 05:54:39,System.Runtime,dotnet.process.cpu.time (s / 1 sec)[cpu.mode=system],Rate,0.044459999999999944
09/11/2026 05:54:39,System.Runtime,dotnet.process.cpu.count ({cpu}),Metric,15
09/11/2026 05:54:39,System.Runtime,dotnet.gc.pause.time (s / 1 sec),Rate,0
09/11/2026 05:54:39,System.Runtime,dotnet.thread_pool.queue.length ({work_item} / 1 sec),Rate,0
09/11/2026 05:54:39,System.Runtime,dotnet.gc.last_collection.memory.committed_size (By),Metric,0
09/11/2026 05:54:39,System.Runtime,dotnet.gc.last_collection.heap.fragmentation.size (By)[gc.heap.generation=gen0],Metric,0
09/11/2026 05:54:39,System.Runtime,dotnet.gc.last_collection.heap.fragmentation.size (By)[gc.heap.generation=gen2],Metric,0
09/11/2026 05:54:39,System.Runtime,dotnet.gc.last_collection.heap.fragmentation.size (By)[gc.heap.generation=loh],Metric,0
09/11/2026 05:54:39,System.Runtime,dotnet.gc.last_collection.heap.fragmentation.size (By)[gc.heap.generation=gen1],Metric,0
09/11/2026 05:54:39,System.Runtime,dotnet.gc.last_collection.heap.fragmentation.size (By)[gc.heap.generation=poh],Metric,0
09/11/2026 05:54:39,System.Runtime,dotnet.timer.count ({timer}),Metric,2
09/11/2026 05:54:39,System.Runtime,dotnet.assembly.count ({assembly}),Metric,61
09/11/2026 05:54:39,System.Runtime,dotnet.gc.heap.total_allocated (By / 1 sec),Rate,147528
09/11/2026 05:54:39,System.Runtime,dotnet.gc.last_collection.heap.size (By)[gc.heap.generation=gen0],Metric,0
09/11/2026 05:54:39,System.Runtime,dotnet.gc.last_collection.heap.size (By)[gc.heap.generation=gen2],Metric,0
09/11/2026 05:54:39,System.Runtime,dotnet.gc.last_collection.heap.size (By)[gc.heap.generation=loh],Metric,0
09/11/2026 05:54:39,System.Runtime,dotnet.gc.last_collection.heap.size (By)[gc.heap.generation=gen1],Metric,0
09/11/2026 05:54:39,System.Runtime,dotnet.gc.last_collection.heap.size (By)[gc.heap.generation=poh],Metric,0
09/11/2026 05:54:39,System.Runtime,dotnet.thread_pool.work_item.count ({work_item} / 1 sec),Rate,603
09/11/2026 05:54:39,System.Runtime,dotnet.process.memory.working_set (By),Metric,98631680
09/11/2026 05:54:39,System.Runtime,dotnet.thread_pool.thread.count ({thread} / 1 sec),Rate,0
09/11/2026 05:54:39,System.Runtime,dotnet.jit.compilation.time (s / 1 sec),Rate,0
09/11/2026 05:54:40,System.Runtime,dotnet.jit.compiled_il.size (By / 1 sec),Rate,0
09/11/2026 05:54:40,System.Runtime,dotnet.jit.compiled_methods ({method} / 1 sec),Rate,0
09/11/2026 05:54:40,System.Runtime,dotnet.monitor.lock_contentions ({contention} / 1 sec),Rate,0
09/11/2026 05:54:40,System.Runtime,dotnet.gc.collections ({collection} / 1 sec)[gc.heap.generation=gen0],Rate,0
09/11/2026 05:54:40,System.Runtime,dotnet.gc.collections ({collection} / 1 sec)[gc.heap.generation=gen2],Rate,0
09/11/2026 05:54:40,System.Runtime,dotnet.gc.collections ({collection} / 1 sec)[gc.heap.generation=gen1],Rate,0
09/11/2026 05:54:40,System.Runtime,dotnet.process.cpu.time (s / 1 sec)[cpu.mode=user],Rate,0.5795829999999995
09/11/2026 05:54:40,System.Runtime,dotnet.process.cpu.time (s / 1 sec)[cpu.mode=system],Rate,0.03728200000000026
09/11/2026 05:54:40,System.Runtime,dotnet.process.cpu.count ({cpu}),Metric,15
09/11/2026 05:54:40,System.Runtime,dotnet.gc.pause.time (s / 1 sec),Rate,0
09/11/2026 05:54:40,System.Runtime,dotnet.thread_pool.queue.length ({work_item} / 1 sec),Rate,0
09/11/2026 05:54:40,System.Runtime,dotnet.gc.last_collection.memory.committed_size (By),Metric,0
09/11/2026 05:54:40,System.Runtime,dotnet.gc.last_collection.heap.fragmentation.size (By)[gc.heap.generation=gen0],Metric,0
09/11/2026 05:54:40,System.Runtime,dotnet.gc.last_collection.heap.fragmentation.size (By)[gc.heap.generation=gen2],Metric,0
09/11/2026 05:54:40,System.Runtime,dotnet.gc.last_collection.heap.fragmentation.size (By)[gc.heap.generation=loh],Metric,0
09/11/2026 05:54:40,System.Runtime,dotnet.gc.last_collection.heap.fragmentation.size (By)[gc.heap.generation=gen1],Metric,0
09/11/2026 05:54:40,System.Runtime,dotnet.gc.last_collection.heap.fragmentation.size (By)[gc.heap.generation=poh],Metric,0
09/11/2026 05:54:40,System.Runtime,dotnet.timer.count ({timer}),Metric,2
09/11/2026 05:54:40,System.Runtime,dotnet.assembly.count ({assembly}),Metric,61
09/11/2026 05:54:40,System.Runtime,dotnet.gc.heap.total_allocated (By / 1 sec),Rate,123000
09/11/2026 05:54:40,System.Runtime,dotnet.gc.last_collection.heap.size (By)[gc.heap.generation=gen0],Metric,0
09/11/2026 05:54:40,System.Runtime,dotnet.gc.last_collection.heap.size (By)[gc.heap.generation=gen2],Metric,0
09/11/2026 05:54:40,System.Runtime,dotnet.gc.last_collection.heap.size (By)[gc.heap.generation=loh],Metric,0
09/11/2026 05:54:40,System.Runtime,dotnet.gc.last_collection.heap.size (By)[gc.heap.generation=gen1],Metric,0
09/11/2026 05:54:40,System.Runtime,dotnet.gc.last_collection.heap.size (By)[gc.heap.generation=poh],Metric,0
09/11/2026 05:54:40,System.Runtime,dotnet.thread_pool.work_item.count ({work_item} / 1 sec),Rate,601
09/11/2026 05:54:40,System.Runtime,dotnet.process.memory.working_set (By),Metric,98762752
09/11/2026 05:54:40,System.Runtime,dotnet.thread_pool.thread.count ({thread} / 1 sec),Rate,0
09/11/2026 05:54:40,System.Runtime,dotnet.jit.compilation.time (s / 1 sec),Rate,0
09/11/2026 05:54:41,System.Runtime,dotnet.jit.compiled_il.size (By / 1 sec),Rate,8
09/11/2026 05:54:41,System.Runtime,dotnet.jit.compiled_methods ({method} / 1 sec),Rate,1
09/11/2026 05:54:41,System.Runtime,dotnet.monitor.lock_contentions ({contention} / 1 sec),Rate,0
09/11/2026 05:54:41,System.Runtime,dotnet.gc.collections ({collection} / 1 sec)[gc.heap.generation=gen0],Rate,0
09/11/2026 05:54:41,System.Runtime,dotnet.gc.collections ({collection} / 1 sec)[gc.heap.generation=gen2],Rate,0
09/11/2026 05:54:41,System.Runtime,dotnet.gc.collections ({collection} / 1 sec)[gc.heap.generation=gen1],Rate,0
09/11/2026 05:54:41,System.Runtime,dotnet.process.cpu.time (s / 1 sec)[cpu.mode=user],Rate,0.5878700000000023
09/11/2026 05:54:41,System.Runtime,dotnet.process.cpu.time (s / 1 sec)[cpu.mode=system],Rate,0.04054499999999983
09/11/2026 05:54:41,System.Runtime,dotnet.process.cpu.count ({cpu}),Metric,15
09/11/2026 05:54:41,System.Runtime,dotnet.gc.pause.time (s / 1 sec),Rate,0
09/11/2026 05:54:41,System.Runtime,dotnet.thread_pool.queue.length ({work_item} / 1 sec),Rate,0
09/11/2026 05:54:41,System.Runtime,dotnet.gc.last_collection.memory.committed_size (By),Metric,0
09/11/2026 05:54:41,System.Runtime,dotnet.gc.last_collection.heap.fragmentation.size (By)[gc.heap.generation=gen0],Metric,0
09/11/2026 05:54:41,System.Runtime,dotnet.gc.last_collection.heap.fragmentation.size (By)[gc.heap.generation=gen2],Metric,0
09/11/2026 05:54:41,System.Runtime,dotnet.gc.last_collection.heap.fragmentation.size (By)[gc.heap.generation=loh],Metric,0
09/11/2026 05:54:41,System.Runtime,dotnet.gc.last_collection.heap.fragmentation.size (By)[gc.heap.generation=gen1],Metric,0
09/11/2026 05:54:41,System.Runtime,dotnet.gc.last_collection.heap.fragmentation.size (By)[gc.heap.generation=poh],Metric,0
09/11/2026 05:54:41,System.Runtime,dotnet.timer.count ({timer}),Metric,2
09/11/2026 05:54:41,System.Runtime,dotnet.assembly.count ({assembly}),Metric,61
09/11/2026 05:54:41,System.Runtime,dotnet.gc.heap.total_allocated (By / 1 sec),Rate,154720
09/11/2026 05:54:41,System.Runtime,dotnet.gc.last_collection.heap.size (By)[gc.heap.generation=gen0],Metric,0
09/11/2026 05:54:41,System.Runtime,dotnet.gc.last_collection.heap.size (By)[gc.heap.generation=gen2],Metric,0
09/11/2026 05:54:41,System.Runtime,dotnet.gc.last_collection.heap.size (By)[gc.heap.generation=loh],Metric,0
09/11/2026 05:54:41,System.Runtime,dotnet.gc.last_collection.heap.size (By)[gc.heap.generation=gen1],Metric,0
09/11/2026 05:54:41,System.Runtime,dotnet.gc.last_collection.heap.size (By)[gc.heap.generation=poh],Metric,0
09/11/2026 05:54:41,System.Runtime,dotnet.thread_pool.work_item.count ({work_item} / 1 sec),Rate,602
09/11/2026 05:54:41,System.Runtime,dotnet.process.memory.working_set (By),Metric,98926592
09/11/2026 05:54:41,System.Runtime,dotnet.thread_pool.thread.count ({thread} / 1 sec),Rate,0
09/11/2026 05:54:41,System.Runtime,dotnet.jit.compilation.time (s / 1 sec),Rate,0.0008191000000000725
09/11/2026 05:54:42,System.Runtime,dotnet.jit.compiled_il.size (By / 1 sec),Rate,0
09/11/2026 05:54:42,System.Runtime,dotnet.jit.compiled_methods ({method} / 1 sec),Rate,0
09/11/2026 05:54:42,System.Runtime,dotnet.monitor.lock_contentions ({contention} / 1 sec),Rate,0
09/11/2026 05:54:42,System.Runtime,dotnet.gc.collections ({collection} / 1 sec)[gc.heap.generation=gen0],Rate,0
09/11/2026 05:54:42,System.Runtime,dotnet.gc.collections ({collection} / 1 sec)[gc.heap.generation=gen2],Rate,0
09/11/2026 05:54:42,System.Runtime,dotnet.gc.collections ({collection} / 1 sec)[gc.heap.generation=gen1],Rate,0
09/11/2026 05:54:42,System.Runtime,dotnet.process.cpu.time (s / 1 sec)[cpu.mode=user],Rate,0.5810749999999985
09/11/2026 05:54:42,System.Runtime,dotnet.process.cpu.time (s / 1 sec)[cpu.mode=system],Rate,0.03622799999999948
09/11/2026 05:54:42,System.Runtime,dotnet.process.cpu.count ({cpu}),Metric,15
09/11/2026 05:54:42,System.Runtime,dotnet.gc.pause.time (s / 1 sec),Rate,0
09/11/2026 05:54:42,System.Runtime,dotnet.thread_pool.queue.length ({work_item} / 1 sec),Rate,0
09/11/2026 05:54:42,System.Runtime,dotnet.gc.last_collection.memory.committed_size (By),Metric,0
09/11/2026 05:54:42,System.Runtime,dotnet.gc.last_collection.heap.fragmentation.size (By)[gc.heap.generation=gen0],Metric,0
09/11/2026 05:54:42,System.Runtime,dotnet.gc.last_collection.heap.fragmentation.size (By)[gc.heap.generation=gen2],Metric,0
09/11/2026 05:54:42,System.Runtime,dotnet.gc.last_collection.heap.fragmentation.size (By)[gc.heap.generation=loh],Metric,0
09/11/2026 05:54:42,System.Runtime,dotnet.gc.last_collection.heap.fragmentation.size (By)[gc.heap.generation=gen1],Metric,0
09/11/2026 05:54:42,System.Runtime,dotnet.gc.last_collection.heap.fragmentation.size (By)[gc.heap.generation=poh],Metric,0
09/11/2026 05:54:42,System.Runtime,dotnet.timer.count ({timer}),Metric,2
09/11/2026 05:54:42,System.Runtime,dotnet.assembly.count ({assembly}),Metric,61
09/11/2026 05:54:42,System.Runtime,dotnet.gc.heap.total_allocated (By / 1 sec),Rate,138376
09/11/2026 05:54:42,System.Runtime,dotnet.gc.last_collection.heap.size (By)[gc.heap.generation=gen0],Metric,0
09/11/2026 05:54:42,System.Runtime,dotnet.gc.last_collection.heap.size (By)[gc.heap.generation=gen2],Metric,0
09/11/2026 05:54:42,System.Runtime,dotnet.gc.last_collection.heap.size (By)[gc.heap.generation=loh],Metric,0
09/11/2026 05:54:42,System.Runtime,dotnet.gc.last_collection.heap.size (By)[gc.heap.generation=gen1],Metric,0
09/11/2026 05:54:42,System.Runtime,dotnet.gc.last_collection.heap.size (By)[gc.heap.generation=poh],Metric,0
09/11/2026 05:54:42,System.Runtime,dotnet.thread_pool.work_item.count ({work_item} / 1 sec),Rate,601
09/11/2026 05:54:42,System.Runtime,dotnet.process.memory.working_set (By),Metric,99090432
09/11/2026 05:54:42,System.Runtime,dotnet.thread_pool.thread.count ({thread} / 1 sec),Rate,0
09/11/2026 05:54:42,System.Runtime,dotnet.jit.compilation.time (s / 1 sec),Rate,0
09/11/2026 05:54:43,System.Runtime,dotnet.jit.compiled_il.size (By / 1 sec),Rate,0
09/11/2026 05:54:43,System.Runtime,dotnet.jit.compiled_methods ({method} / 1 sec),Rate,0
09/11/2026 05:54:43,System.Runtime,dotnet.monitor.lock_contentions ({contention} / 1 sec),Rate,0
09/11/2026 05:54:43,System.Runtime,dotnet.gc.collections ({collection} / 1 sec)[gc.heap.generation=gen0],Rate,0
09/11/2026 05:54:43,System.Runtime,dotnet.gc.collections ({collection} / 1 sec)[gc.heap.generation=gen2],Rate,0
09/11/2026 05:54:43,System.Runtime,dotnet.gc.collections ({collection} / 1 sec)[gc.heap.generation=gen1],Rate,0
09/11/2026 05:54:43,System.Runtime,dotnet.process.cpu.time (s / 1 sec)[cpu.mode=user],Rate,0.5823219999999978
09/11/2026 05:54:43,System.Runtime,dotnet.process.cpu.time (s / 1 sec)[cpu.mode=system],Rate,0.039161
09/11/2026 05:54:43,System.Runtime,dotnet.process.cpu.count ({cpu}),Metric,15
09/11/2026 05:54:43,System.Runtime,dotnet.gc.pause.time (s / 1 sec),Rate,0
09/11/2026 05:54:43,System.Runtime,dotnet.thread_pool.queue.length ({work_item} / 1 sec),Rate,0
09/11/2026 05:54:43,System.Runtime,dotnet.gc.last_collection.memory.committed_size (By),Metric,0
09/11/2026 05:54:43,System.Runtime,dotnet.gc.last_collection.heap.fragmentation.size (By)[gc.heap.generation=gen0],Metric,0
09/11/2026 05:54:43,System.Runtime,dotnet.gc.last_collection.heap.fragmentation.size (By)[gc.heap.generation=gen2],Metric,0
09/11/2026 05:54:43,System.Runtime,dotnet.gc.last_collection.heap.fragmentation.size (By)[gc.heap.generation=loh],Metric,0
09/11/2026 05:54:43,System.Runtime,dotnet.gc.last_collection.heap.fragmentation.size (By)[gc.heap.generation=gen1],Metric,0
09/11/2026 05:54:43,System.Runtime,dotnet.gc.last_collection.heap.fragmentation.size (By)[gc.heap.generation=poh],Metric,0
09/11/2026 05:54:43,System.Runtime,dotnet.timer.count ({timer}),Metric,2
09/11/2026 05:54:43,System.Runtime,dotnet.assembly.count ({assembly}),Metric,61
09/11/2026 05:54:43,System.Runtime,dotnet.gc.heap.total_allocated (By / 1 sec),Rate,120184
09/11/2026 05:54:43,System.Runtime,dotnet.gc.last_collection.heap.size (By)[gc.heap.generation=gen0],Metric,0
09/11/2026 05:54:43,System.Runtime,dotnet.gc.last_collection.heap.size (By)[gc.heap.generation=gen2],Metric,0
09/11/2026 05:54:43,System.Runtime,dotnet.gc.last_collection.heap.size (By)[gc.heap.generation=loh],Metric,0
09/11/2026 05:54:43,System.Runtime,dotnet.gc.last_collection.heap.size (By)[gc.heap.generation=gen1],Metric,0
09/11/2026 05:54:43,System.Runtime,dotnet.gc.last_collection.heap.size (By)[gc.heap.generation=poh],Metric,0
09/11/2026 05:54:43,System.Runtime,dotnet.thread_pool.work_item.count ({work_item} / 1 sec),Rate,601
09/11/2026 05:54:43,System.Runtime,dotnet.process.memory.working_set (By),Metric,99205120
09/11/2026 05:54:43,System.Runtime,dotnet.thread_pool.thread.count ({thread} / 1 sec),Rate,-1
09/11/2026 05:54:43,System.Runtime,dotnet.jit.compilation.time (s / 1 sec),Rate,0
09/11/2026 05:54:44,System.Runtime,dotnet.jit.compiled_il.size (By / 1 sec),Rate,0
09/11/2026 05:54:44,System.Runtime,dotnet.jit.compiled_methods ({method} / 1 sec),Rate,0
09/11/2026 05:54:44,System.Runtime,dotnet.monitor.lock_contentions ({contention} / 1 sec),Rate,0
09/11/2026 05:54:44,System.Runtime,dotnet.gc.collections ({collection} / 1 sec)[gc.heap.generation=gen0],Rate,0
09/11/2026 05:54:44,System.Runtime,dotnet.gc.collections ({collection} / 1 sec)[gc.heap.generation=gen2],Rate,0
09/11/2026 05:54:44,System.Runtime,dotnet.gc.collections ({collection} / 1 sec)[gc.heap.generation=gen1],Rate,0
09/11/2026 05:54:44,System.Runtime,dotnet.process.cpu.time (s / 1 sec)[cpu.mode=user],Rate,0.5846330000000037
09/11/2026 05:54:44,System.Runtime,dotnet.process.cpu.time (s / 1 sec)[cpu.mode=system],Rate,0.03981700000000021
09/11/2026 05:54:44,System.Runtime,dotnet.process.cpu.count ({cpu}),Metric,15
09/11/2026 05:54:44,System.Runtime,dotnet.gc.pause.time (s / 1 sec),Rate,0
09/11/2026 05:54:44,System.Runtime,dotnet.thread_pool.queue.length ({work_item} / 1 sec),Rate,0
09/11/2026 05:54:44,System.Runtime,dotnet.gc.last_collection.memory.committed_size (By),Metric,0
09/11/2026 05:54:44,System.Runtime,dotnet.gc.last_collection.heap.fragmentation.size (By)[gc.heap.generation=gen0],Metric,0
09/11/2026 05:54:44,System.Runtime,dotnet.gc.last_collection.heap.fragmentation.size (By)[gc.heap.generation=gen2],Metric,0
09/11/2026 05:54:44,System.Runtime,dotnet.gc.last_collection.heap.fragmentation.size (By)[gc.heap.generation=loh],Metric,0
09/11/2026 05:54:44,System.Runtime,dotnet.gc.last_collection.heap.fragmentation.size (By)[gc.heap.generation=gen1],Metric,0
09/11/2026 05:54:44,System.Runtime,dotnet.gc.last_collection.heap.fragmentation.size (By)[gc.heap.generation=poh],Metric,0
09/11/2026 05:54:44,System.Runtime,dotnet.timer.count ({timer}),Metric,2
09/11/2026 05:54:44,System.Runtime,dotnet.assembly.count ({assembly}),Metric,61
09/11/2026 05:54:44,System.Runtime,dotnet.gc.heap.total_allocated (By / 1 sec),Rate,139400
09/11/2026 05:54:44,System.Runtime,dotnet.gc.last_collection.heap.size (By)[gc.heap.generation=gen0],Metric,0
09/11/2026 05:54:44,System.Runtime,dotnet.gc.last_collection.heap.size (By)[gc.heap.generation=gen2],Metric,0
09/11/2026 05:54:44,System.Runtime,dotnet.gc.last_collection.heap.size (By)[gc.heap.generation=loh],Metric,0
09/11/2026 05:54:44,System.Runtime,dotnet.gc.last_collection.heap.size (By)[gc.heap.generation=gen1],Metric,0
09/11/2026 05:54:44,System.Runtime,dotnet.gc.last_collection.heap.size (By)[gc.heap.generation=poh],Metric,0
09/11/2026 05:54:44,System.Runtime,dotnet.thread_pool.work_item.count ({work_item} / 1 sec),Rate,601
09/11/2026 05:54:44,System.Runtime,dotnet.process.memory.working_set (By),Metric,99352576
09/11/2026 05:54:44,System.Runtime,dotnet.thread_pool.thread.count ({thread} / 1 sec),Rate,0
09/11/2026 05:54:44,System.Runtime,dotnet.jit.compilation.time (s / 1 sec),Rate,0
09/11/2026 05:54:45,System.Runtime,dotnet.jit.compiled_il.size (By / 1 sec),Rate,0
09/11/2026 05:54:45,System.Runtime,dotnet.jit.compiled_methods ({method} / 1 sec),Rate,0
09/11/2026 05:54:45,System.Runtime,dotnet.monitor.lock_contentions ({contention} / 1 sec),Rate,0
09/11/2026 05:54:45,System.Runtime,dotnet.gc.collections ({collection} / 1 sec)[gc.heap.generation=gen0],Rate,0
09/11/2026 05:54:45,System.Runtime,dotnet.gc.collections ({collection} / 1 sec)[gc.heap.generation=gen2],Rate,0
09/11/2026 05:54:45,System.Runtime,dotnet.gc.collections ({collection} / 1 sec)[gc.heap.generation=gen1],Rate,0
09/11/2026 05:54:45,System.Runtime,dotnet.process.cpu.time (s / 1 sec)[cpu.mode=user],Rate,0.5757589999999979
09/11/2026 05:54:45,System.Runtime,dotnet.process.cpu.time (s / 1 sec)[cpu.mode=system],Rate,0.03918800000000022
09/11/2026 05:54:45,System.Runtime,dotnet.process.cpu.count ({cpu}),Metric,15
09/11/2026 05:54:45,System.Runtime,dotnet.gc.pause.time (s / 1 sec),Rate,0
09/11/2026 05:54:45,System.Runtime,dotnet.thread_pool.queue.length ({work_item} / 1 sec),Rate,0
09/11/2026 05:54:45,System.Runtime,dotnet.gc.last_collection.memory.committed_size (By),Metric,0
09/11/2026 05:54:45,System.Runtime,dotnet.gc.last_collection.heap.fragmentation.size (By)[gc.heap.generation=gen0],Metric,0
09/11/2026 05:54:45,System.Runtime,dotnet.gc.last_collection.heap.fragmentation.size (By)[gc.heap.generation=gen2],Metric,0
09/11/2026 05:54:45,System.Runtime,dotnet.gc.last_collection.heap.fragmentation.size (By)[gc.heap.generation=loh],Metric,0
09/11/2026 05:54:45,System.Runtime,dotnet.gc.last_collection.heap.fragmentation.size (By)[gc.heap.generation=gen1],Metric,0
09/11/2026 05:54:45,System.Runtime,dotnet.gc.last_collection.heap.fragmentation.size (By)[gc.heap.generation=poh],Metric,0
09/11/2026 05:54:45,System.Runtime,dotnet.timer.count ({timer}),Metric,2
09/11/2026 05:54:45,System.Runtime,dotnet.assembly.count ({assembly}),Metric,61
09/11/2026 05:54:45,System.Runtime,dotnet.gc.heap.total_allocated (By / 1 sec),Rate,130176
09/11/2026 05:54:45,System.Runtime,dotnet.gc.last_collection.heap.size (By)[gc.heap.generation=gen0],Metric,0
09/11/2026 05:54:45,System.Runtime,dotnet.gc.last_collection.heap.size (By)[gc.heap.generation=gen2],Metric,0
09/11/2026 05:54:45,System.Runtime,dotnet.gc.last_collection.heap.size (By)[gc.heap.generation=loh],Metric,0
09/11/2026 05:54:45,System.Runtime,dotnet.gc.last_collection.heap.size (By)[gc.heap.generation=gen1],Metric,0
09/11/2026 05:54:45,System.Runtime,dotnet.gc.last_collection.heap.size (By)[gc.heap.generation=poh],Metric,0
09/11/2026 05:54:45,System.Runtime,dotnet.thread_pool.work_item.count ({work_item} / 1 sec),Rate,601
09/11/2026 05:54:45,System.Runtime,dotnet.process.memory.working_set (By),Metric,99467264
09/11/2026 05:54:45,System.Runtime,dotnet.thread_pool.thread.count ({thread} / 1 sec),Rate,0
09/11/2026 05:54:45,System.Runtime,dotnet.jit.compilation.time (s / 1 sec),Rate,0
09/11/2026 05:54:46,System.Runtime,dotnet.jit.compiled_il.size (By / 1 sec),Rate,887
09/11/2026 05:54:46,System.Runtime,dotnet.jit.compiled_methods ({method} / 1 sec),Rate,4
09/11/2026 05:54:46,System.Runtime,dotnet.monitor.lock_contentions ({contention} / 1 sec),Rate,0
09/11/2026 05:54:46,System.Runtime,dotnet.gc.collections ({collection} / 1 sec)[gc.heap.generation=gen0],Rate,0
09/11/2026 05:54:46,System.Runtime,dotnet.gc.collections ({collection} / 1 sec)[gc.heap.generation=gen2],Rate,0
09/11/2026 05:54:46,System.Runtime,dotnet.gc.collections ({collection} / 1 sec)[gc.heap.generation=gen1],Rate,0
09/11/2026 05:54:46,System.Runtime,dotnet.process.cpu.time (s / 1 sec)[cpu.mode=user],Rate,0.5817339999999973
09/11/2026 05:54:46,System.Runtime,dotnet.process.cpu.time (s / 1 sec)[cpu.mode=system],Rate,0.04132900000000017
09/11/2026 05:54:46,System.Runtime,dotnet.process.cpu.count ({cpu}),Metric,15
09/11/2026 05:54:46,System.Runtime,dotnet.gc.pause.time (s / 1 sec),Rate,0
09/11/2026 05:54:46,System.Runtime,dotnet.thread_pool.queue.length ({work_item} / 1 sec),Rate,0
09/11/2026 05:54:46,System.Runtime,dotnet.gc.last_collection.memory.committed_size (By),Metric,0
09/11/2026 05:54:46,System.Runtime,dotnet.gc.last_collection.heap.fragmentation.size (By)[gc.heap.generation=gen0],Metric,0
09/11/2026 05:54:46,System.Runtime,dotnet.gc.last_collection.heap.fragmentation.size (By)[gc.heap.generation=gen2],Metric,0
09/11/2026 05:54:46,System.Runtime,dotnet.gc.last_collection.heap.fragmentation.size (By)[gc.heap.generation=loh],Metric,0
09/11/2026 05:54:46,System.Runtime,dotnet.gc.last_collection.heap.fragmentation.size (By)[gc.heap.generation=gen1],Metric,0
09/11/2026 05:54:46,System.Runtime,dotnet.gc.last_collection.heap.fragmentation.size (By)[gc.heap.generation=poh],Metric,0
09/11/2026 05:54:46,System.Runtime,dotnet.timer.count ({timer}),Metric,2
09/11/2026 05:54:46,System.Runtime,dotnet.assembly.count ({assembly}),Metric,61
09/11/2026 05:54:46,System.Runtime,dotnet.gc.heap.total_allocated (By / 1 sec),Rate,139416
09/11/2026 05:54:46,System.Runtime,dotnet.gc.last_collection.heap.size (By)[gc.heap.generation=gen0],Metric,0
09/11/2026 05:54:46,System.Runtime,dotnet.gc.last_collection.heap.size (By)[gc.heap.generation=gen2],Metric,0
09/11/2026 05:54:46,System.Runtime,dotnet.gc.last_collection.heap.size (By)[gc.heap.generation=loh],Metric,0
09/11/2026 05:54:46,System.Runtime,dotnet.gc.last_collection.heap.size (By)[gc.heap.generation=gen1],Metric,0
09/11/2026 05:54:46,System.Runtime,dotnet.gc.last_collection.heap.size (By)[gc.heap.generation=poh],Metric,0
09/11/2026 05:54:46,System.Runtime,dotnet.thread_pool.work_item.count ({work_item} / 1 sec),Rate,602
09/11/2026 05:54:46,System.Runtime,dotnet.process.memory.working_set (By),Metric,99745792
09/11/2026 05:54:46,System.Runtime,dotnet.thread_pool.thread.count ({thread} / 1 sec),Rate,0
09/11/2026 05:54:46,System.Runtime,dotnet.jit.compilation.time (s / 1 sec),Rate,0.004195499999999908
09/11/2026 05:54:47,System.Runtime,dotnet.jit.compiled_il.size (By / 1 sec),Rate,0
09/11/2026 05:54:47,System.Runtime,dotnet.jit.compiled_methods ({method} / 1 sec),Rate,0
09/11/2026 05:54:47,System.Runtime,dotnet.monitor.lock_contentions ({contention} / 1 sec),Rate,0
09/11/2026 05:54:47,System.Runtime,dotnet.gc.collections ({collection} / 1 sec)[gc.heap.generation=gen0],Rate,0
09/11/2026 05:54:47,System.Runtime,dotnet.gc.collections ({collection} / 1 sec)[gc.heap.generation=gen2],Rate,0
09/11/2026 05:54:47,System.Runtime,dotnet.gc.collections ({collection} / 1 sec)[gc.heap.generation=gen1],Rate,0
09/11/2026 05:54:47,System.Runtime,dotnet.process.cpu.time (s / 1 sec)[cpu.mode=user],Rate,0.5781610000000015
09/11/2026 05:54:47,System.Runtime,dotnet.process.cpu.time (s / 1 sec)[cpu.mode=system],Rate,0.04136000000000006
09/11/2026 05:54:47,System.Runtime,dotnet.process.cpu.count ({cpu}),Metric,15
09/11/2026 05:54:47,System.Runtime,dotnet.gc.pause.time (s / 1 sec),Rate,0
09/11/2026 05:54:47,System.Runtime,dotnet.thread_pool.queue.length ({work_item} / 1 sec),Rate,0
09/11/2026 05:54:47,System.Runtime,dotnet.gc.last_collection.memory.committed_size (By),Metric,0
09/11/2026 05:54:47,System.Runtime,dotnet.gc.last_collection.heap.fragmentation.size (By)[gc.heap.generation=gen0],Metric,0
09/11/2026 05:54:47,System.Runtime,dotnet.gc.last_collection.heap.fragmentation.size (By)[gc.heap.generation=gen2],Metric,0
09/11/2026 05:54:47,System.Runtime,dotnet.gc.last_collection.heap.fragmentation.size (By)[gc.heap.generation=loh],Metric,0
09/11/2026 05:54:47,System.Runtime,dotnet.gc.last_collection.heap.fragmentation.size (By)[gc.heap.generation=gen1],Metric,0
09/11/2026 05:54:47,System.Runtime,dotnet.gc.last_collection.heap.fragmentation.size (By)[gc.heap.generation=poh],Metric,0
09/11/2026 05:54:47,System.Runtime,dotnet.timer.count ({timer}),Metric,2
09/11/2026 05:54:47,System.Runtime,dotnet.assembly.count ({assembly}),Metric,61
09/11/2026 05:54:47,System.Runtime,dotnet.gc.heap.total_allocated (By / 1 sec),Rate,139368
09/11/2026 05:54:47,System.Runtime,dotnet.gc.last_collection.heap.size (By)[gc.heap.generation=gen0],Metric,0
09/11/2026 05:54:47,System.Runtime,dotnet.gc.last_collection.heap.size (By)[gc.heap.generation=gen2],Metric,0
09/11/2026 05:54:47,System.Runtime,dotnet.gc.last_collection.heap.size (By)[gc.heap.generation=loh],Metric,0
09/11/2026 05:54:47,System.Runtime,dotnet.gc.last_collection.heap.size (By)[gc.heap.generation=gen1],Metric,0
09/11/2026 05:54:47,System.Runtime,dotnet.gc.last_collection.heap.size (By)[gc.heap.generation=poh],Metric,0
09/11/2026 05:54:47,System.Runtime,dotnet.thread_pool.work_item.count ({work_item} / 1 sec),Rate,601
09/11/2026 05:54:47,System.Runtime,dotnet.process.memory.working_set (By),Metric,99909632
09/11/2026 05:54:47,System.Runtime,dotnet.thread_pool.thread.count ({thread} / 1 sec),Rate,0
09/11/2026 05:54:47,System.Runtime,dotnet.jit.compilation.time (s / 1 sec),Rate,0
09/11/2026 05:54:48,System.Runtime,dotnet.jit.compiled_il.size (By / 1 sec),Rate,0
09/11/2026 05:54:48,System.Runtime,dotnet.jit.compiled_methods ({method} / 1 sec),Rate,0
09/11/2026 05:54:48,System.Runtime,dotnet.monitor.lock_contentions ({contention} / 1 sec),Rate,0
09/11/2026 05:54:48,System.Runtime,dotnet.gc.collections ({collection} / 1 sec)[gc.heap.generation=gen0],Rate,0
09/11/2026 05:54:48,System.Runtime,dotnet.gc.collections ({collection} / 1 sec)[gc.heap.generation=gen2],Rate,0
09/11/2026 05:54:48,System.Runtime,dotnet.gc.collections ({collection} / 1 sec)[gc.heap.generation=gen1],Rate,0
09/11/2026 05:54:48,System.Runtime,dotnet.process.cpu.time (s / 1 sec)[cpu.mode=user],Rate,0.5830839999999995
09/11/2026 05:54:48,System.Runtime,dotnet.process.cpu.time (s / 1 sec)[cpu.mode=system],Rate,0.0466059999999997
09/11/2026 05:54:48,System.Runtime,dotnet.process.cpu.count ({cpu}),Metric,15
09/11/2026 05:54:48,System.Runtime,dotnet.gc.pause.time (s / 1 sec),Rate,0
09/11/2026 05:54:48,System.Runtime,dotnet.thread_pool.queue.length ({work_item} / 1 sec),Rate,0
09/11/2026 05:54:48,System.Runtime,dotnet.gc.last_collection.memory.committed_size (By),Metric,0
09/11/2026 05:54:48,System.Runtime,dotnet.gc.last_collection.heap.fragmentation.size (By)[gc.heap.generation=gen0],Metric,0
09/11/2026 05:54:48,System.Runtime,dotnet.gc.last_collection.heap.fragmentation.size (By)[gc.heap.generation=gen2],Metric,0
09/11/2026 05:54:48,System.Runtime,dotnet.gc.last_collection.heap.fragmentation.size (By)[gc.heap.generation=loh],Metric,0
09/11/2026 05:54:48,System.Runtime,dotnet.gc.last_collection.heap.fragmentation.size (By)[gc.heap.generation=gen1],Metric,0
09/11/2026 05:54:48,System.Runtime,dotnet.gc.last_collection.heap.fragmentation.size (By)[gc.heap.generation=poh],Metric,0
09/11/2026 05:54:48,System.Runtime,dotnet.timer.count ({timer}),Metric,2
09/11/2026 05:54:48,System.Runtime,dotnet.assembly.count ({assembly}),Metric,61
09/11/2026 05:54:48,System.Runtime,dotnet.gc.heap.total_allocated (By / 1 sec),Rate,137320
09/11/2026 05:54:48,System.Runtime,dotnet.gc.last_collection.heap.size (By)[gc.heap.generation=gen0],Metric,0
09/11/2026 05:54:48,System.Runtime,dotnet.gc.last_collection.heap.size (By)[gc.heap.generation=gen2],Metric,0
09/11/2026 05:54:48,System.Runtime,dotnet.gc.last_collection.heap.size (By)[gc.heap.generation=loh],Metric,0
09/11/2026 05:54:48,System.Runtime,dotnet.gc.last_collection.heap.size (By)[gc.heap.generation=gen1],Metric,0
09/11/2026 05:54:48,System.Runtime,dotnet.gc.last_collection.heap.size (By)[gc.heap.generation=poh],Metric,0
09/11/2026 05:54:48,System.Runtime,dotnet.thread_pool.work_item.count ({work_item} / 1 sec),Rate,601
09/11/2026 05:54:48,System.Runtime,dotnet.process.memory.working_set (By),Metric,100057088
09/11/2026 05:54:48,System.Runtime,dotnet.thread_pool.thread.count ({thread} / 1 sec),Rate,0
09/11/2026 05:54:48,System.Runtime,dotnet.jit.compilation.time (s / 1 sec),Rate,0
09/11/2026 05:54:49,System.Runtime,dotnet.jit.compiled_il.size (By / 1 sec),Rate,0
09/11/2026 05:54:49,System.Runtime,dotnet.jit.compiled_methods ({method} / 1 sec),Rate,0
09/11/2026 05:54:49,System.Runtime,dotnet.monitor.lock_contentions ({contention} / 1 sec),Rate,1
09/11/2026 05:54:49,System.Runtime,dotnet.gc.collections ({collection} / 1 sec)[gc.heap.generation=gen0],Rate,0
09/11/2026 05:54:49,System.Runtime,dotnet.gc.collections ({collection} / 1 sec)[gc.heap.generation=gen2],Rate,0
09/11/2026 05:54:49,System.Runtime,dotnet.gc.collections ({collection} / 1 sec)[gc.heap.generation=gen1],Rate,0
09/11/2026 05:54:49,System.Runtime,dotnet.process.cpu.time (s / 1 sec)[cpu.mode=user],Rate,0.5675680000000014
09/11/2026 05:54:49,System.Runtime,dotnet.process.cpu.time (s / 1 sec)[cpu.mode=system],Rate,0.052503999999999884
09/11/2026 05:54:49,System.Runtime,dotnet.process.cpu.count ({cpu}),Metric,15
09/11/2026 05:54:49,System.Runtime,dotnet.gc.pause.time (s / 1 sec),Rate,0
09/11/2026 05:54:49,System.Runtime,dotnet.thread_pool.queue.length ({work_item} / 1 sec),Rate,0
09/11/2026 05:54:49,System.Runtime,dotnet.gc.last_collection.memory.committed_size (By),Metric,0
09/11/2026 05:54:49,System.Runtime,dotnet.gc.last_collection.heap.fragmentation.size (By)[gc.heap.generation=gen0],Metric,0
09/11/2026 05:54:49,System.Runtime,dotnet.gc.last_collection.heap.fragmentation.size (By)[gc.heap.generation=gen2],Metric,0
09/11/2026 05:54:49,System.Runtime,dotnet.gc.last_collection.heap.fragmentation.size (By)[gc.heap.generation=loh],Metric,0
09/11/2026 05:54:49,System.Runtime,dotnet.gc.last_collection.heap.fragmentation.size (By)[gc.heap.generation=gen1],Metric,0
09/11/2026 05:54:49,System.Runtime,dotnet.gc.last_collection.heap.fragmentation.size (By)[gc.heap.generation=poh],Metric,0
09/11/2026 05:54:49,System.Runtime,dotnet.timer.count ({timer}),Metric,2
09/11/2026 05:54:49,System.Runtime,dotnet.assembly.count ({assembly}),Metric,61
09/11/2026 05:54:49,System.Runtime,dotnet.gc.heap.total_allocated (By / 1 sec),Rate,131200
09/11/2026 05:54:49,System.Runtime,dotnet.gc.last_collection.heap.size (By)[gc.heap.generation=gen0],Metric,0
09/11/2026 05:54:49,System.Runtime,dotnet.gc.last_collection.heap.size (By)[gc.heap.generation=gen2],Metric,0
09/11/2026 05:54:49,System.Runtime,dotnet.gc.last_collection.heap.size (By)[gc.heap.generation=loh],Metric,0
09/11/2026 05:54:49,System.Runtime,dotnet.gc.last_collection.heap.size (By)[gc.heap.generation=gen1],Metric,0
09/11/2026 05:54:49,System.Runtime,dotnet.gc.last_collection.heap.size (By)[gc.heap.generation=poh],Metric,0
09/11/2026 05:54:49,System.Runtime,dotnet.thread_pool.work_item.count ({work_item} / 1 sec),Rate,601
09/11/2026 05:54:49,System.Runtime,dotnet.process.memory.working_set (By),Metric,100220928
09/11/2026 05:54:49,System.Runtime,dotnet.thread_pool.thread.count ({thread} / 1 sec),Rate,0
09/11/2026 05:54:49,System.Runtime,dotnet.jit.compilation.time (s / 1 sec),Rate,0
09/11/2026 05:54:50,System.Runtime,dotnet.jit.compiled_il.size (By / 1 sec),Rate,0
09/11/2026 05:54:50,System.Runtime,dotnet.jit.compiled_methods ({method} / 1 sec),Rate,0
09/11/2026 05:54:50,System.Runtime,dotnet.monitor.lock_contentions ({contention} / 1 sec),Rate,0
09/11/2026 05:54:50,System.Runtime,dotnet.gc.collections ({collection} / 1 sec)[gc.heap.generation=gen0],Rate,0
09/11/2026 05:54:50,System.Runtime,dotnet.gc.collections ({collection} / 1 sec)[gc.heap.generation=gen2],Rate,0
09/11/2026 05:54:50,System.Runtime,dotnet.gc.collections ({collection} / 1 sec)[gc.heap.generation=gen1],Rate,0
09/11/2026 05:54:50,System.Runtime,dotnet.process.cpu.time (s / 1 sec)[cpu.mode=user],Rate,0.5803760000000011
09/11/2026 05:54:50,System.Runtime,dotnet.process.cpu.time (s / 1 sec)[cpu.mode=system],Rate,0.04749099999999995
09/11/2026 05:54:50,System.Runtime,dotnet.process.cpu.count ({cpu}),Metric,15
09/11/2026 05:54:50,System.Runtime,dotnet.gc.pause.time (s / 1 sec),Rate,0
09/11/2026 05:54:50,System.Runtime,dotnet.thread_pool.queue.length ({work_item} / 1 sec),Rate,0
09/11/2026 05:54:50,System.Runtime,dotnet.gc.last_collection.memory.committed_size (By),Metric,0
09/11/2026 05:54:50,System.Runtime,dotnet.gc.last_collection.heap.fragmentation.size (By)[gc.heap.generation=gen0],Metric,0
09/11/2026 05:54:50,System.Runtime,dotnet.gc.last_collection.heap.fragmentation.size (By)[gc.heap.generation=gen2],Metric,0
09/11/2026 05:54:50,System.Runtime,dotnet.gc.last_collection.heap.fragmentation.size (By)[gc.heap.generation=loh],Metric,0
09/11/2026 05:54:50,System.Runtime,dotnet.gc.last_collection.heap.fragmentation.size (By)[gc.heap.generation=gen1],Metric,0
09/11/2026 05:54:50,System.Runtime,dotnet.gc.last_collection.heap.fragmentation.size (By)[gc.heap.generation=poh],Metric,0
09/11/2026 05:54:50,System.Runtime,dotnet.timer.count ({timer}),Metric,2
09/11/2026 05:54:50,System.Runtime,dotnet.assembly.count ({assembly}),Metric,61
09/11/2026 05:54:50,System.Runtime,dotnet.gc.heap.total_allocated (By / 1 sec),Rate,131200
09/11/2026 05:54:50,System.Runtime,dotnet.gc.last_collection.heap.size (By)[gc.heap.generation=gen0],Metric,0
09/11/2026 05:54:50,System.Runtime,dotnet.gc.last_collection.heap.size (By)[gc.heap.generation=gen2],Metric,0
09/11/2026 05:54:50,System.Runtime,dotnet.gc.last_collection.heap.size (By)[gc.heap.generation=loh],Metric,0
09/11/2026 05:54:50,System.Runtime,dotnet.gc.last_collection.heap.size (By)[gc.heap.generation=gen1],Metric,0
09/11/2026 05:54:50,System.Runtime,dotnet.gc.last_collection.heap.size (By)[gc.heap.generation=poh],Metric,0
09/11/2026 05:54:50,System.Runtime,dotnet.thread_pool.work_item.count ({work_item} / 1 sec),Rate,601
09/11/2026 05:54:50,System.Runtime,dotnet.process.memory.working_set (By),Metric,100319232
09/11/2026 05:54:50,System.Runtime,dotnet.thread_pool.thread.count ({thread} / 1 sec),Rate,0
09/11/2026 05:54:50,System.Runtime,dotnet.jit.compilation.time (s / 1 sec),Rate,0
09/11/2026 05:54:51,System.Runtime,dotnet.jit.compiled_il.size (By / 1 sec),Rate,0
09/11/2026 05:54:51,System.Runtime,dotnet.jit.compiled_methods ({method} / 1 sec),Rate,0
09/11/2026 05:54:51,System.Runtime,dotnet.monitor.lock_contentions ({contention} / 1 sec),Rate,0
09/11/2026 05:54:51,System.Runtime,dotnet.gc.collections ({collection} / 1 sec)[gc.heap.generation=gen0],Rate,0
09/11/2026 05:54:51,System.Runtime,dotnet.gc.collections ({collection} / 1 sec)[gc.heap.generation=gen2],Rate,0
09/11/2026 05:54:51,System.Runtime,dotnet.gc.collections ({collection} / 1 sec)[gc.heap.generation=gen1],Rate,0
09/11/2026 05:54:51,System.Runtime,dotnet.process.cpu.time (s / 1 sec)[cpu.mode=user],Rate,0.5675740000000005
09/11/2026 05:54:51,System.Runtime,dotnet.process.cpu.time (s / 1 sec)[cpu.mode=system],Rate,0.038354
09/11/2026 05:54:51,System.Runtime,dotnet.process.cpu.count ({cpu}),Metric,15
09/11/2026 05:54:51,System.Runtime,dotnet.gc.pause.time (s / 1 sec),Rate,0
09/11/2026 05:54:51,System.Runtime,dotnet.thread_pool.queue.length ({work_item} / 1 sec),Rate,0
09/11/2026 05:54:51,System.Runtime,dotnet.gc.last_collection.memory.committed_size (By),Metric,0
09/11/2026 05:54:51,System.Runtime,dotnet.gc.last_collection.heap.fragmentation.size (By)[gc.heap.generation=gen0],Metric,0
09/11/2026 05:54:51,System.Runtime,dotnet.gc.last_collection.heap.fragmentation.size (By)[gc.heap.generation=gen2],Metric,0
09/11/2026 05:54:51,System.Runtime,dotnet.gc.last_collection.heap.fragmentation.size (By)[gc.heap.generation=loh],Metric,0
09/11/2026 05:54:51,System.Runtime,dotnet.gc.last_collection.heap.fragmentation.size (By)[gc.heap.generation=gen1],Metric,0
09/11/2026 05:54:51,System.Runtime,dotnet.gc.last_collection.heap.fragmentation.size (By)[gc.heap.generation=poh],Metric,0
09/11/2026 05:54:51,System.Runtime,dotnet.timer.count ({timer}),Metric,2
09/11/2026 05:54:51,System.Runtime,dotnet.assembly.count ({assembly}),Metric,61
09/11/2026 05:54:51,System.Runtime,dotnet.gc.heap.total_allocated (By / 1 sec),Rate,162936
09/11/2026 05:54:51,System.Runtime,dotnet.gc.last_collection.heap.size (By)[gc.heap.generation=gen0],Metric,0
09/11/2026 05:54:51,System.Runtime,dotnet.gc.last_collection.heap.size (By)[gc.heap.generation=gen2],Metric,0
09/11/2026 05:54:51,System.Runtime,dotnet.gc.last_collection.heap.size (By)[gc.heap.generation=loh],Metric,0
09/11/2026 05:54:51,System.Runtime,dotnet.gc.last_collection.heap.size (By)[gc.heap.generation=gen1],Metric,0
09/11/2026 05:54:51,System.Runtime,dotnet.gc.last_collection.heap.size (By)[gc.heap.generation=poh],Metric,0
09/11/2026 05:54:51,System.Runtime,dotnet.thread_pool.work_item.count ({work_item} / 1 sec),Rate,598
09/11/2026 05:54:51,System.Runtime,dotnet.process.memory.working_set (By),Metric,100499456
09/11/2026 05:54:51,System.Runtime,dotnet.thread_pool.thread.count ({thread} / 1 sec),Rate,0
09/11/2026 05:54:51,System.Runtime,dotnet.jit.compilation.time (s / 1 sec),Rate,0
09/11/2026 05:54:52,System.Runtime,dotnet.jit.compiled_il.size (By / 1 sec),Rate,0
09/11/2026 05:54:52,System.Runtime,dotnet.jit.compiled_methods ({method} / 1 sec),Rate,0
09/11/2026 05:54:52,System.Runtime,dotnet.monitor.lock_contentions ({contention} / 1 sec),Rate,0
09/11/2026 05:54:52,System.Runtime,dotnet.gc.collections ({collection} / 1 sec)[gc.heap.generation=gen0],Rate,0
09/11/2026 05:54:52,System.Runtime,dotnet.gc.collections ({collection} / 1 sec)[gc.heap.generation=gen2],Rate,0
09/11/2026 05:54:52,System.Runtime,dotnet.gc.collections ({collection} / 1 sec)[gc.heap.generation=gen1],Rate,0
09/11/2026 05:54:52,System.Runtime,dotnet.process.cpu.time (s / 1 sec)[cpu.mode=user],Rate,0.5671729999999968
09/11/2026 05:54:52,System.Runtime,dotnet.process.cpu.time (s / 1 sec)[cpu.mode=system],Rate,0.042126999999999803
09/11/2026 05:54:52,System.Runtime,dotnet.process.cpu.count ({cpu}),Metric,15
09/11/2026 05:54:52,System.Runtime,dotnet.gc.pause.time (s / 1 sec),Rate,0
09/11/2026 05:54:52,System.Runtime,dotnet.thread_pool.queue.length ({work_item} / 1 sec),Rate,0
09/11/2026 05:54:52,System.Runtime,dotnet.gc.last_collection.memory.committed_size (By),Metric,0
09/11/2026 05:54:52,System.Runtime,dotnet.gc.last_collection.heap.fragmentation.size (By)[gc.heap.generation=gen0],Metric,0
09/11/2026 05:54:52,System.Runtime,dotnet.gc.last_collection.heap.fragmentation.size (By)[gc.heap.generation=gen2],Metric,0
09/11/2026 05:54:52,System.Runtime,dotnet.gc.last_collection.heap.fragmentation.size (By)[gc.heap.generation=loh],Metric,0
09/11/2026 05:54:52,System.Runtime,dotnet.gc.last_collection.heap.fragmentation.size (By)[gc.heap.generation=gen1],Metric,0
09/11/2026 05:54:52,System.Runtime,dotnet.gc.last_collection.heap.fragmentation.size (By)[gc.heap.generation=poh],Metric,0
09/11/2026 05:54:52,System.Runtime,dotnet.timer.count ({timer}),Metric,2
09/11/2026 05:54:52,System.Runtime,dotnet.assembly.count ({assembly}),Metric,61
09/11/2026 05:54:52,System.Runtime,dotnet.gc.heap.total_allocated (By / 1 sec),Rate,131144
09/11/2026 05:54:52,System.Runtime,dotnet.gc.last_collection.heap.size (By)[gc.heap.generation=gen0],Metric,0
09/11/2026 05:54:52,System.Runtime,dotnet.gc.last_collection.heap.size (By)[gc.heap.generation=gen2],Metric,0
09/11/2026 05:54:52,System.Runtime,dotnet.gc.last_collection.heap.size (By)[gc.heap.generation=loh],Metric,0
09/11/2026 05:54:52,System.Runtime,dotnet.gc.last_collection.heap.size (By)[gc.heap.generation=gen1],Metric,0
09/11/2026 05:54:52,System.Runtime,dotnet.gc.last_collection.heap.size (By)[gc.heap.generation=poh],Metric,0
09/11/2026 05:54:52,System.Runtime,dotnet.thread_pool.work_item.count ({work_item} / 1 sec),Rate,601
09/11/2026 05:54:52,System.Runtime,dotnet.process.memory.working_set (By),Metric,100663296
09/11/2026 05:54:52,System.Runtime,dotnet.thread_pool.thread.count ({thread} / 1 sec),Rate,0
09/11/2026 05:54:52,System.Runtime,dotnet.jit.compilation.time (s / 1 sec),Rate,0
09/11/2026 05:54:53,System.Runtime,dotnet.jit.compiled_il.size (By / 1 sec),Rate,0
09/11/2026 05:54:53,System.Runtime,dotnet.jit.compiled_methods ({method} / 1 sec),Rate,0
09/11/2026 05:54:53,System.Runtime,dotnet.monitor.lock_contentions ({contention} / 1 sec),Rate,0
09/11/2026 05:54:53,System.Runtime,dotnet.gc.collections ({collection} / 1 sec)[gc.heap.generation=gen0],Rate,0
09/11/2026 05:54:53,System.Runtime,dotnet.gc.collections ({collection} / 1 sec)[gc.heap.generation=gen2],Rate,0
09/11/2026 05:54:53,System.Runtime,dotnet.gc.collections ({collection} / 1 sec)[gc.heap.generation=gen1],Rate,0
09/11/2026 05:54:53,System.Runtime,dotnet.process.cpu.time (s / 1 sec)[cpu.mode=user],Rate,0.5695570000000032
09/11/2026 05:54:53,System.Runtime,dotnet.process.cpu.time (s / 1 sec)[cpu.mode=system],Rate,0.03990200000000055
09/11/2026 05:54:53,System.Runtime,dotnet.process.cpu.count ({cpu}),Metric,15
09/11/2026 05:54:53,System.Runtime,dotnet.gc.pause.time (s / 1 sec),Rate,0
09/11/2026 05:54:53,System.Runtime,dotnet.thread_pool.queue.length ({work_item} / 1 sec),Rate,0
09/11/2026 05:54:53,System.Runtime,dotnet.gc.last_collection.memory.committed_size (By),Metric,0
09/11/2026 05:54:53,System.Runtime,dotnet.gc.last_collection.heap.fragmentation.size (By)[gc.heap.generation=gen0],Metric,0
09/11/2026 05:54:53,System.Runtime,dotnet.gc.last_collection.heap.fragmentation.size (By)[gc.heap.generation=gen2],Metric,0
09/11/2026 05:54:53,System.Runtime,dotnet.gc.last_collection.heap.fragmentation.size (By)[gc.heap.generation=loh],Metric,0
09/11/2026 05:54:53,System.Runtime,dotnet.gc.last_collection.heap.fragmentation.size (By)[gc.heap.generation=gen1],Metric,0
09/11/2026 05:54:53,System.Runtime,dotnet.gc.last_collection.heap.fragmentation.size (By)[gc.heap.generation=poh],Metric,0
09/11/2026 05:54:53,System.Runtime,dotnet.timer.count ({timer}),Metric,2
09/11/2026 05:54:53,System.Runtime,dotnet.assembly.count ({assembly}),Metric,61
09/11/2026 05:54:53,System.Runtime,dotnet.gc.heap.total_allocated (By / 1 sec),Rate,139400
09/11/2026 05:54:53,System.Runtime,dotnet.gc.last_collection.heap.size (By)[gc.heap.generation=gen0],Metric,0
09/11/2026 05:54:53,System.Runtime,dotnet.gc.last_collection.heap.size (By)[gc.heap.generation=gen2],Metric,0
09/11/2026 05:54:53,System.Runtime,dotnet.gc.last_collection.heap.size (By)[gc.heap.generation=loh],Metric,0
09/11/2026 05:54:53,System.Runtime,dotnet.gc.last_collection.heap.size (By)[gc.heap.generation=gen1],Metric,0
09/11/2026 05:54:53,System.Runtime,dotnet.gc.last_collection.heap.size (By)[gc.heap.generation=poh],Metric,0
09/11/2026 05:54:53,System.Runtime,dotnet.thread_pool.work_item.count ({work_item} / 1 sec),Rate,601
09/11/2026 05:54:53,System.Runtime,dotnet.process.memory.working_set (By),Metric,100810752
09/11/2026 05:54:53,System.Runtime,dotnet.thread_pool.thread.count ({thread} / 1 sec),Rate,0
09/11/2026 05:54:53,System.Runtime,dotnet.jit.compilation.time (s / 1 sec),Rate,0
09/11/2026 05:54:54,System.Runtime,dotnet.jit.compiled_il.size (By / 1 sec),Rate,0
09/11/2026 05:54:54,System.Runtime,dotnet.jit.compiled_methods ({method} / 1 sec),Rate,0
09/11/2026 05:54:54,System.Runtime,dotnet.monitor.lock_contentions ({contention} / 1 sec),Rate,0
09/11/2026 05:54:54,System.Runtime,dotnet.gc.collections ({collection} / 1 sec)[gc.heap.generation=gen0],Rate,0
09/11/2026 05:54:54,System.Runtime,dotnet.gc.collections ({collection} / 1 sec)[gc.heap.generation=gen2],Rate,0
09/11/2026 05:54:54,System.Runtime,dotnet.gc.collections ({collection} / 1 sec)[gc.heap.generation=gen1],Rate,0
09/11/2026 05:54:54,System.Runtime,dotnet.process.cpu.time (s / 1 sec)[cpu.mode=user],Rate,0.5690549999999917
09/11/2026 05:54:54,System.Runtime,dotnet.process.cpu.time (s / 1 sec)[cpu.mode=system],Rate,0.03197799999999962
09/11/2026 05:54:54,System.Runtime,dotnet.process.cpu.count ({cpu}),Metric,15
09/11/2026 05:54:54,System.Runtime,dotnet.gc.pause.time (s / 1 sec),Rate,0
09/11/2026 05:54:54,System.Runtime,dotnet.thread_pool.queue.length ({work_item} / 1 sec),Rate,0
09/11/2026 05:54:54,System.Runtime,dotnet.gc.last_collection.memory.committed_size (By),Metric,0
09/11/2026 05:54:54,System.Runtime,dotnet.gc.last_collection.heap.fragmentation.size (By)[gc.heap.generation=gen0],Metric,0
09/11/2026 05:54:54,System.Runtime,dotnet.gc.last_collection.heap.fragmentation.size (By)[gc.heap.generation=gen2],Metric,0
09/11/2026 05:54:54,System.Runtime,dotnet.gc.last_collection.heap.fragmentation.size (By)[gc.heap.generation=loh],Metric,0
09/11/2026 05:54:54,System.Runtime,dotnet.gc.last_collection.heap.fragmentation.size (By)[gc.heap.generation=gen1],Metric,0
09/11/2026 05:54:54,System.Runtime,dotnet.gc.last_collection.heap.fragmentation.size (By)[gc.heap.generation=poh],Metric,0
09/11/2026 05:54:54,System.Runtime,dotnet.timer.count ({timer}),Metric,2
09/11/2026 05:54:54,System.Runtime,dotnet.assembly.count ({assembly}),Metric,61
09/11/2026 05:54:54,System.Runtime,dotnet.gc.heap.total_allocated (By / 1 sec),Rate,154752
09/11/2026 05:54:54,System.Runtime,dotnet.gc.last_collection.heap.size (By)[gc.heap.generation=gen0],Metric,0
09/11/2026 05:54:54,System.Runtime,dotnet.gc.last_collection.heap.size (By)[gc.heap.generation=gen2],Metric,0
09/11/2026 05:54:54,System.Runtime,dotnet.gc.last_collection.heap.size (By)[gc.heap.generation=loh],Metric,0
09/11/2026 05:54:54,System.Runtime,dotnet.gc.last_collection.heap.size (By)[gc.heap.generation=gen1],Metric,0
09/11/2026 05:54:54,System.Runtime,dotnet.gc.last_collection.heap.size (By)[gc.heap.generation=poh],Metric,0
09/11/2026 05:54:54,System.Runtime,dotnet.thread_pool.work_item.count ({work_item} / 1 sec),Rate,601
09/11/2026 05:54:54,System.Runtime,dotnet.process.memory.working_set (By),Metric,101023744
09/11/2026 05:54:54,System.Runtime,dotnet.thread_pool.thread.count ({thread} / 1 sec),Rate,1
09/11/2026 05:54:54,System.Runtime,dotnet.jit.compilation.time (s / 1 sec),Rate,0
09/11/2026 05:54:55,System.Runtime,dotnet.jit.compiled_il.size (By / 1 sec),Rate,0
09/11/2026 05:54:55,System.Runtime,dotnet.jit.compiled_methods ({method} / 1 sec),Rate,0
09/11/2026 05:54:55,System.Runtime,dotnet.monitor.lock_contentions ({contention} / 1 sec),Rate,0
09/11/2026 05:54:55,System.Runtime,dotnet.gc.collections ({collection} / 1 sec)[gc.heap.generation=gen0],Rate,0
09/11/2026 05:54:55,System.Runtime,dotnet.gc.collections ({collection} / 1 sec)[gc.heap.generation=gen2],Rate,0
09/11/2026 05:54:55,System.Runtime,dotnet.gc.collections ({collection} / 1 sec)[gc.heap.generation=gen1],Rate,0
09/11/2026 05:54:55,System.Runtime,dotnet.process.cpu.time (s / 1 sec)[cpu.mode=user],Rate,0.5777660000000111
09/11/2026 05:54:55,System.Runtime,dotnet.process.cpu.time (s / 1 sec)[cpu.mode=system],Rate,0.0414810000000001
09/11/2026 05:54:55,System.Runtime,dotnet.process.cpu.count ({cpu}),Metric,15
09/11/2026 05:54:55,System.Runtime,dotnet.gc.pause.time (s / 1 sec),Rate,0
09/11/2026 05:54:55,System.Runtime,dotnet.thread_pool.queue.length ({work_item} / 1 sec),Rate,0
09/11/2026 05:54:55,System.Runtime,dotnet.gc.last_collection.memory.committed_size (By),Metric,0
09/11/2026 05:54:55,System.Runtime,dotnet.gc.last_collection.heap.fragmentation.size (By)[gc.heap.generation=gen0],Metric,0
09/11/2026 05:54:55,System.Runtime,dotnet.gc.last_collection.heap.fragmentation.size (By)[gc.heap.generation=gen2],Metric,0
09/11/2026 05:54:55,System.Runtime,dotnet.gc.last_collection.heap.fragmentation.size (By)[gc.heap.generation=loh],Metric,0
09/11/2026 05:54:55,System.Runtime,dotnet.gc.last_collection.heap.fragmentation.size (By)[gc.heap.generation=gen1],Metric,0
09/11/2026 05:54:55,System.Runtime,dotnet.gc.last_collection.heap.fragmentation.size (By)[gc.heap.generation=poh],Metric,0
09/11/2026 05:54:55,System.Runtime,dotnet.timer.count ({timer}),Metric,2
09/11/2026 05:54:55,System.Runtime,dotnet.assembly.count ({assembly}),Metric,61
09/11/2026 05:54:55,System.Runtime,dotnet.gc.heap.total_allocated (By / 1 sec),Rate,131200
09/11/2026 05:54:55,System.Runtime,dotnet.gc.last_collection.heap.size (By)[gc.heap.generation=gen0],Metric,0
09/11/2026 05:54:55,System.Runtime,dotnet.gc.last_collection.heap.size (By)[gc.heap.generation=gen2],Metric,0
09/11/2026 05:54:55,System.Runtime,dotnet.gc.last_collection.heap.size (By)[gc.heap.generation=loh],Metric,0
09/11/2026 05:54:55,System.Runtime,dotnet.gc.last_collection.heap.size (By)[gc.heap.generation=gen1],Metric,0
09/11/2026 05:54:55,System.Runtime,dotnet.gc.last_collection.heap.size (By)[gc.heap.generation=poh],Metric,0
09/11/2026 05:54:55,System.Runtime,dotnet.thread_pool.work_item.count ({work_item} / 1 sec),Rate,601
09/11/2026 05:54:55,System.Runtime,dotnet.process.memory.working_set (By),Metric,101171200
09/11/2026 05:54:55,System.Runtime,dotnet.thread_pool.thread.count ({thread} / 1 sec),Rate,0
09/11/2026 05:54:55,System.Runtime,dotnet.jit.compilation.time (s / 1 sec),Rate,0
09/11/2026 05:54:56,System.Runtime,dotnet.jit.compiled_il.size (By / 1 sec),Rate,0
09/11/2026 05:54:56,System.Runtime,dotnet.jit.compiled_methods ({method} / 1 sec),Rate,0
09/11/2026 05:54:56,System.Runtime,dotnet.monitor.lock_contentions ({contention} / 1 sec),Rate,0
09/11/2026 05:54:56,System.Runtime,dotnet.gc.collections ({collection} / 1 sec)[gc.heap.generation=gen0],Rate,0
09/11/2026 05:54:56,System.Runtime,dotnet.gc.collections ({collection} / 1 sec)[gc.heap.generation=gen2],Rate,0
09/11/2026 05:54:56,System.Runtime,dotnet.gc.collections ({collection} / 1 sec)[gc.heap.generation=gen1],Rate,0
09/11/2026 05:54:56,System.Runtime,dotnet.process.cpu.time (s / 1 sec)[cpu.mode=user],Rate,0.5840189999999978
09/11/2026 05:54:56,System.Runtime,dotnet.process.cpu.time (s / 1 sec)[cpu.mode=system],Rate,0.04791800000000013
09/11/2026 05:54:56,System.Runtime,dotnet.process.cpu.count ({cpu}),Metric,15
09/11/2026 05:54:56,System.Runtime,dotnet.gc.pause.time (s / 1 sec),Rate,0
09/11/2026 05:54:56,System.Runtime,dotnet.thread_pool.queue.length ({work_item} / 1 sec),Rate,0
09/11/2026 05:54:56,System.Runtime,dotnet.gc.last_collection.memory.committed_size (By),Metric,0
09/11/2026 05:54:56,System.Runtime,dotnet.gc.last_collection.heap.fragmentation.size (By)[gc.heap.generation=gen0],Metric,0
09/11/2026 05:54:56,System.Runtime,dotnet.gc.last_collection.heap.fragmentation.size (By)[gc.heap.generation=gen2],Metric,0
09/11/2026 05:54:56,System.Runtime,dotnet.gc.last_collection.heap.fragmentation.size (By)[gc.heap.generation=loh],Metric,0
09/11/2026 05:54:56,System.Runtime,dotnet.gc.last_collection.heap.fragmentation.size (By)[gc.heap.generation=gen1],Metric,0
09/11/2026 05:54:56,System.Runtime,dotnet.gc.last_collection.heap.fragmentation.size (By)[gc.heap.generation=poh],Metric,0
09/11/2026 05:54:56,System.Runtime,dotnet.timer.count ({timer}),Metric,2
09/11/2026 05:54:56,System.Runtime,dotnet.assembly.count ({assembly}),Metric,61
09/11/2026 05:54:56,System.Runtime,dotnet.gc.heap.total_allocated (By / 1 sec),Rate,146552
09/11/2026 05:54:56,System.Runtime,dotnet.gc.last_collection.heap.size (By)[gc.heap.generation=gen0],Metric,0
09/11/2026 05:54:56,System.Runtime,dotnet.gc.last_collection.heap.size (By)[gc.heap.generation=gen2],Metric,0
09/11/2026 05:54:56,System.Runtime,dotnet.gc.last_collection.heap.size (By)[gc.heap.generation=loh],Metric,0
09/11/2026 05:54:56,System.Runtime,dotnet.gc.last_collection.heap.size (By)[gc.heap.generation=gen1],Metric,0
09/11/2026 05:54:56,System.Runtime,dotnet.gc.last_collection.heap.size (By)[gc.heap.generation=poh],Metric,0
09/11/2026 05:54:56,System.Runtime,dotnet.thread_pool.work_item.count ({work_item} / 1 sec),Rate,602
09/11/2026 05:54:56,System.Runtime,dotnet.process.memory.working_set (By),Metric,101367808
09/11/2026 05:54:56,System.Runtime,dotnet.thread_pool.thread.count ({thread} / 1 sec),Rate,0
09/11/2026 05:54:56,System.Runtime,dotnet.jit.compilation.time (s / 1 sec),Rate,0
09/11/2026 05:54:57,System.Runtime,dotnet.jit.compiled_il.size (By / 1 sec),Rate,0
09/11/2026 05:54:57,System.Runtime,dotnet.jit.compiled_methods ({method} / 1 sec),Rate,0
09/11/2026 05:54:57,System.Runtime,dotnet.monitor.lock_contentions ({contention} / 1 sec),Rate,0
09/11/2026 05:54:57,System.Runtime,dotnet.gc.collections ({collection} / 1 sec)[gc.heap.generation=gen0],Rate,0
09/11/2026 05:54:57,System.Runtime,dotnet.gc.collections ({collection} / 1 sec)[gc.heap.generation=gen2],Rate,0
09/11/2026 05:54:57,System.Runtime,dotnet.gc.collections ({collection} / 1 sec)[gc.heap.generation=gen1],Rate,0
09/11/2026 05:54:57,System.Runtime,dotnet.process.cpu.time (s / 1 sec)[cpu.mode=user],Rate,0.5825980000000044
09/11/2026 05:54:57,System.Runtime,dotnet.process.cpu.time (s / 1 sec)[cpu.mode=system],Rate,0.043713999999999587
09/11/2026 05:54:57,System.Runtime,dotnet.process.cpu.count ({cpu}),Metric,15
09/11/2026 05:54:57,System.Runtime,dotnet.gc.pause.time (s / 1 sec),Rate,0
09/11/2026 05:54:57,System.Runtime,dotnet.thread_pool.queue.length ({work_item} / 1 sec),Rate,0
09/11/2026 05:54:57,System.Runtime,dotnet.gc.last_collection.memory.committed_size (By),Metric,0
09/11/2026 05:54:57,System.Runtime,dotnet.gc.last_collection.heap.fragmentation.size (By)[gc.heap.generation=gen0],Metric,0
09/11/2026 05:54:57,System.Runtime,dotnet.gc.last_collection.heap.fragmentation.size (By)[gc.heap.generation=gen2],Metric,0
09/11/2026 05:54:57,System.Runtime,dotnet.gc.last_collection.heap.fragmentation.size (By)[gc.heap.generation=loh],Metric,0
09/11/2026 05:54:57,System.Runtime,dotnet.gc.last_collection.heap.fragmentation.size (By)[gc.heap.generation=gen1],Metric,0
09/11/2026 05:54:57,System.Runtime,dotnet.gc.last_collection.heap.fragmentation.size (By)[gc.heap.generation=poh],Metric,0
09/11/2026 05:54:57,System.Runtime,dotnet.timer.count ({timer}),Metric,2
09/11/2026 05:54:57,System.Runtime,dotnet.assembly.count ({assembly}),Metric,61
09/11/2026 05:54:57,System.Runtime,dotnet.gc.heap.total_allocated (By / 1 sec),Rate,139400
09/11/2026 05:54:57,System.Runtime,dotnet.gc.last_collection.heap.size (By)[gc.heap.generation=gen0],Metric,0
09/11/2026 05:54:57,System.Runtime,dotnet.gc.last_collection.heap.size (By)[gc.heap.generation=gen2],Metric,0
09/11/2026 05:54:57,System.Runtime,dotnet.gc.last_collection.heap.size (By)[gc.heap.generation=loh],Metric,0
09/11/2026 05:54:57,System.Runtime,dotnet.gc.last_collection.heap.size (By)[gc.heap.generation=gen1],Metric,0
09/11/2026 05:54:57,System.Runtime,dotnet.gc.last_collection.heap.size (By)[gc.heap.generation=poh],Metric,0
09/11/2026 05:54:57,System.Runtime,dotnet.thread_pool.work_item.count ({work_item} / 1 sec),Rate,601
09/11/2026 05:54:57,System.Runtime,dotnet.process.memory.working_set (By),Metric,101531648
09/11/2026 05:54:57,System.Runtime,dotnet.thread_pool.thread.count ({thread} / 1 sec),Rate,0
09/11/2026 05:54:57,System.Runtime,dotnet.jit.compilation.time (s / 1 sec),Rate,0
09/11/2026 05:54:58,System.Runtime,dotnet.jit.compiled_il.size (By / 1 sec),Rate,0
09/11/2026 05:54:58,System.Runtime,dotnet.jit.compiled_methods ({method} / 1 sec),Rate,0
09/11/2026 05:54:58,System.Runtime,dotnet.monitor.lock_contentions ({contention} / 1 sec),Rate,0
09/11/2026 05:54:58,System.Runtime,dotnet.gc.collections ({collection} / 1 sec)[gc.heap.generation=gen0],Rate,0
09/11/2026 05:54:58,System.Runtime,dotnet.gc.collections ({collection} / 1 sec)[gc.heap.generation=gen2],Rate,0
09/11/2026 05:54:58,System.Runtime,dotnet.gc.collections ({collection} / 1 sec)[gc.heap.generation=gen1],Rate,0
09/11/2026 05:54:58,System.Runtime,dotnet.process.cpu.time (s / 1 sec)[cpu.mode=user],Rate,0.5633019999999931
09/11/2026 05:54:58,System.Runtime,dotnet.process.cpu.time (s / 1 sec)[cpu.mode=system],Rate,0.04692000000000007
09/11/2026 05:54:58,System.Runtime,dotnet.process.cpu.count ({cpu}),Metric,15
09/11/2026 05:54:58,System.Runtime,dotnet.gc.pause.time (s / 1 sec),Rate,0
09/11/2026 05:54:58,System.Runtime,dotnet.thread_pool.queue.length ({work_item} / 1 sec),Rate,0
09/11/2026 05:54:58,System.Runtime,dotnet.gc.last_collection.memory.committed_size (By),Metric,0
09/11/2026 05:54:58,System.Runtime,dotnet.gc.last_collection.heap.fragmentation.size (By)[gc.heap.generation=gen0],Metric,0
09/11/2026 05:54:58,System.Runtime,dotnet.gc.last_collection.heap.fragmentation.size (By)[gc.heap.generation=gen2],Metric,0
09/11/2026 05:54:58,System.Runtime,dotnet.gc.last_collection.heap.fragmentation.size (By)[gc.heap.generation=loh],Metric,0
09/11/2026 05:54:58,System.Runtime,dotnet.gc.last_collection.heap.fragmentation.size (By)[gc.heap.generation=gen1],Metric,0
09/11/2026 05:54:58,System.Runtime,dotnet.gc.last_collection.heap.fragmentation.size (By)[gc.heap.generation=poh],Metric,0
09/11/2026 05:54:58,System.Runtime,dotnet.timer.count ({timer}),Metric,2
09/11/2026 05:54:58,System.Runtime,dotnet.assembly.count ({assembly}),Metric,61
09/11/2026 05:54:58,System.Runtime,dotnet.gc.heap.total_allocated (By / 1 sec),Rate,130152
09/11/2026 05:54:58,System.Runtime,dotnet.gc.last_collection.heap.size (By)[gc.heap.generation=gen0],Metric,0
09/11/2026 05:54:58,System.Runtime,dotnet.gc.last_collection.heap.size (By)[gc.heap.generation=gen2],Metric,0
09/11/2026 05:54:58,System.Runtime,dotnet.gc.last_collection.heap.size (By)[gc.heap.generation=loh],Metric,0
09/11/2026 05:54:58,System.Runtime,dotnet.gc.last_collection.heap.size (By)[gc.heap.generation=gen1],Metric,0
09/11/2026 05:54:58,System.Runtime,dotnet.gc.last_collection.heap.size (By)[gc.heap.generation=poh],Metric,0
09/11/2026 05:54:58,System.Runtime,dotnet.thread_pool.work_item.count ({work_item} / 1 sec),Rate,601
09/11/2026 05:54:58,System.Runtime,dotnet.process.memory.working_set (By),Metric,101662720
09/11/2026 05:54:58,System.Runtime,dotnet.thread_pool.thread.count ({thread} / 1 sec),Rate,0
09/11/2026 05:54:58,System.Runtime,dotnet.jit.compilation.time (s / 1 sec),Rate,0
09/11/2026 05:54:59,System.Runtime,dotnet.jit.compiled_il.size (By / 1 sec),Rate,0
09/11/2026 05:54:59,System.Runtime,dotnet.jit.compiled_methods ({method} / 1 sec),Rate,0
09/11/2026 05:54:59,System.Runtime,dotnet.monitor.lock_contentions ({contention} / 1 sec),Rate,0
09/11/2026 05:54:59,System.Runtime,dotnet.gc.collections ({collection} / 1 sec)[gc.heap.generation=gen0],Rate,0
09/11/2026 05:54:59,System.Runtime,dotnet.gc.collections ({collection} / 1 sec)[gc.heap.generation=gen2],Rate,0
09/11/2026 05:54:59,System.Runtime,dotnet.gc.collections ({collection} / 1 sec)[gc.heap.generation=gen1],Rate,0
09/11/2026 05:54:59,System.Runtime,dotnet.process.cpu.time (s / 1 sec)[cpu.mode=user],Rate,0.5576460000000054
09/11/2026 05:54:59,System.Runtime,dotnet.process.cpu.time (s / 1 sec)[cpu.mode=system],Rate,0.049116000000000604
09/11/2026 05:54:59,System.Runtime,dotnet.process.cpu.count ({cpu}),Metric,15
09/11/2026 05:54:59,System.Runtime,dotnet.gc.pause.time (s / 1 sec),Rate,0
09/11/2026 05:54:59,System.Runtime,dotnet.thread_pool.queue.length ({work_item} / 1 sec),Rate,0
09/11/2026 05:54:59,System.Runtime,dotnet.gc.last_collection.memory.committed_size (By),Metric,0
09/11/2026 05:54:59,System.Runtime,dotnet.gc.last_collection.heap.fragmentation.size (By)[gc.heap.generation=gen0],Metric,0
09/11/2026 05:54:59,System.Runtime,dotnet.gc.last_collection.heap.fragmentation.size (By)[gc.heap.generation=gen2],Metric,0
09/11/2026 05:54:59,System.Runtime,dotnet.gc.last_collection.heap.fragmentation.size (By)[gc.heap.generation=loh],Metric,0
09/11/2026 05:54:59,System.Runtime,dotnet.gc.last_collection.heap.fragmentation.size (By)[gc.heap.generation=gen1],Metric,0
09/11/2026 05:54:59,System.Runtime,dotnet.gc.last_collection.heap.fragmentation.size (By)[gc.heap.generation=poh],Metric,0
09/11/2026 05:54:59,System.Runtime,dotnet.timer.count ({timer}),Metric,2
09/11/2026 05:54:59,System.Runtime,dotnet.assembly.count ({assembly}),Metric,61
09/11/2026 05:54:59,System.Runtime,dotnet.gc.heap.total_allocated (By / 1 sec),Rate,123000
09/11/2026 05:54:59,System.Runtime,dotnet.gc.last_collection.heap.size (By)[gc.heap.generation=gen0],Metric,0
09/11/2026 05:54:59,System.Runtime,dotnet.gc.last_collection.heap.size (By)[gc.heap.generation=gen2],Metric,0
09/11/2026 05:54:59,System.Runtime,dotnet.gc.last_collection.heap.size (By)[gc.heap.generation=loh],Metric,0
09/11/2026 05:54:59,System.Runtime,dotnet.gc.last_collection.heap.size (By)[gc.heap.generation=gen1],Metric,0
09/11/2026 05:54:59,System.Runtime,dotnet.gc.last_collection.heap.size (By)[gc.heap.generation=poh],Metric,0
09/11/2026 05:54:59,System.Runtime,dotnet.thread_pool.work_item.count ({work_item} / 1 sec),Rate,601
09/11/2026 05:54:59,System.Runtime,dotnet.process.memory.working_set (By),Metric,101810176
09/11/2026 05:54:59,System.Runtime,dotnet.thread_pool.thread.count ({thread} / 1 sec),Rate,0
09/11/2026 05:54:59,System.Runtime,dotnet.jit.compilation.time (s / 1 sec),Rate,0
09/11/2026 05:55:00,System.Runtime,dotnet.jit.compiled_il.size (By / 1 sec),Rate,0
09/11/2026 05:55:00,System.Runtime,dotnet.jit.compiled_methods ({method} / 1 sec),Rate,0
09/11/2026 05:55:00,System.Runtime,dotnet.monitor.lock_contentions ({contention} / 1 sec),Rate,0
09/11/2026 05:55:00,System.Runtime,dotnet.gc.collections ({collection} / 1 sec)[gc.heap.generation=gen0],Rate,0
09/11/2026 05:55:00,System.Runtime,dotnet.gc.collections ({collection} / 1 sec)[gc.heap.generation=gen2],Rate,0
09/11/2026 05:55:00,System.Runtime,dotnet.gc.collections ({collection} / 1 sec)[gc.heap.generation=gen1],Rate,0
09/11/2026 05:55:00,System.Runtime,dotnet.process.cpu.time (s / 1 sec)[cpu.mode=user],Rate,0.5750559999999894
09/11/2026 05:55:00,System.Runtime,dotnet.process.cpu.time (s / 1 sec)[cpu.mode=system],Rate,0.04805599999999988
09/11/2026 05:55:00,System.Runtime,dotnet.process.cpu.count ({cpu}),Metric,15
09/11/2026 05:55:00,System.Runtime,dotnet.gc.pause.time (s / 1 sec),Rate,0
09/11/2026 05:55:00,System.Runtime,dotnet.thread_pool.queue.length ({work_item} / 1 sec),Rate,0
09/11/2026 05:55:00,System.Runtime,dotnet.gc.last_collection.memory.committed_size (By),Metric,0
09/11/2026 05:55:00,System.Runtime,dotnet.gc.last_collection.heap.fragmentation.size (By)[gc.heap.generation=gen0],Metric,0
09/11/2026 05:55:00,System.Runtime,dotnet.gc.last_collection.heap.fragmentation.size (By)[gc.heap.generation=gen2],Metric,0
09/11/2026 05:55:00,System.Runtime,dotnet.gc.last_collection.heap.fragmentation.size (By)[gc.heap.generation=loh],Metric,0
09/11/2026 05:55:00,System.Runtime,dotnet.gc.last_collection.heap.fragmentation.size (By)[gc.heap.generation=gen1],Metric,0
09/11/2026 05:55:00,System.Runtime,dotnet.gc.last_collection.heap.fragmentation.size (By)[gc.heap.generation=poh],Metric,0
09/11/2026 05:55:00,System.Runtime,dotnet.timer.count ({timer}),Metric,2
09/11/2026 05:55:00,System.Runtime,dotnet.assembly.count ({assembly}),Metric,61
09/11/2026 05:55:00,System.Runtime,dotnet.gc.heap.total_allocated (By / 1 sec),Rate,147560
09/11/2026 05:55:00,System.Runtime,dotnet.gc.last_collection.heap.size (By)[gc.heap.generation=gen0],Metric,0
09/11/2026 05:55:00,System.Runtime,dotnet.gc.last_collection.heap.size (By)[gc.heap.generation=gen2],Metric,0
09/11/2026 05:55:00,System.Runtime,dotnet.gc.last_collection.heap.size (By)[gc.heap.generation=loh],Metric,0
09/11/2026 05:55:00,System.Runtime,dotnet.gc.last_collection.heap.size (By)[gc.heap.generation=gen1],Metric,0
09/11/2026 05:55:00,System.Runtime,dotnet.gc.last_collection.heap.size (By)[gc.heap.generation=poh],Metric,0
09/11/2026 05:55:00,System.Runtime,dotnet.thread_pool.work_item.count ({work_item} / 1 sec),Rate,601
09/11/2026 05:55:00,System.Runtime,dotnet.process.memory.working_set (By),Metric,101957632
09/11/2026 05:55:00,System.Runtime,dotnet.thread_pool.thread.count ({thread} / 1 sec),Rate,0
09/11/2026 05:55:00,System.Runtime,dotnet.jit.compilation.time (s / 1 sec),Rate,0
09/11/2026 05:55:01,System.Runtime,dotnet.jit.compiled_il.size (By / 1 sec),Rate,315
09/11/2026 05:55:01,System.Runtime,dotnet.jit.compiled_methods ({method} / 1 sec),Rate,2
09/11/2026 05:55:01,System.Runtime,dotnet.monitor.lock_contentions ({contention} / 1 sec),Rate,0
09/11/2026 05:55:01,System.Runtime,dotnet.gc.collections ({collection} / 1 sec)[gc.heap.generation=gen0],Rate,0
09/11/2026 05:55:01,System.Runtime,dotnet.gc.collections ({collection} / 1 sec)[gc.heap.generation=gen2],Rate,0
09/11/2026 05:55:01,System.Runtime,dotnet.gc.collections ({collection} / 1 sec)[gc.heap.generation=gen1],Rate,0
09/11/2026 05:55:01,System.Runtime,dotnet.process.cpu.time (s / 1 sec)[cpu.mode=user],Rate,0.562572000000003
09/11/2026 05:55:01,System.Runtime,dotnet.process.cpu.time (s / 1 sec)[cpu.mode=system],Rate,0.04735599999999973
09/11/2026 05:55:01,System.Runtime,dotnet.process.cpu.count ({cpu}),Metric,15
09/11/2026 05:55:01,System.Runtime,dotnet.gc.pause.time (s / 1 sec),Rate,0
09/11/2026 05:55:01,System.Runtime,dotnet.thread_pool.queue.length ({work_item} / 1 sec),Rate,0
09/11/2026 05:55:01,System.Runtime,dotnet.gc.last_collection.memory.committed_size (By),Metric,0
09/11/2026 05:55:01,System.Runtime,dotnet.gc.last_collection.heap.fragmentation.size (By)[gc.heap.generation=gen0],Metric,0
09/11/2026 05:55:01,System.Runtime,dotnet.gc.last_collection.heap.fragmentation.size (By)[gc.heap.generation=gen2],Metric,0
09/11/2026 05:55:01,System.Runtime,dotnet.gc.last_collection.heap.fragmentation.size (By)[gc.heap.generation=loh],Metric,0
09/11/2026 05:55:01,System.Runtime,dotnet.gc.last_collection.heap.fragmentation.size (By)[gc.heap.generation=gen1],Metric,0
09/11/2026 05:55:01,System.Runtime,dotnet.gc.last_collection.heap.fragmentation.size (By)[gc.heap.generation=poh],Metric,0
09/11/2026 05:55:01,System.Runtime,dotnet.timer.count ({timer}),Metric,2
09/11/2026 05:55:01,System.Runtime,dotnet.assembly.count ({assembly}),Metric,61
09/11/2026 05:55:01,System.Runtime,dotnet.gc.heap.total_allocated (By / 1 sec),Rate,137840
09/11/2026 05:55:01,System.Runtime,dotnet.gc.last_collection.heap.size (By)[gc.heap.generation=gen0],Metric,0
09/11/2026 05:55:01,System.Runtime,dotnet.gc.last_collection.heap.size (By)[gc.heap.generation=gen2],Metric,0
09/11/2026 05:55:01,System.Runtime,dotnet.gc.last_collection.heap.size (By)[gc.heap.generation=loh],Metric,0
09/11/2026 05:55:01,System.Runtime,dotnet.gc.last_collection.heap.size (By)[gc.heap.generation=gen1],Metric,0
09/11/2026 05:55:01,System.Runtime,dotnet.gc.last_collection.heap.size (By)[gc.heap.generation=poh],Metric,0
09/11/2026 05:55:01,System.Runtime,dotnet.thread_pool.work_item.count ({work_item} / 1 sec),Rate,602
09/11/2026 05:55:01,System.Runtime,dotnet.process.memory.working_set (By),Metric,102137856
09/11/2026 05:55:01,System.Runtime,dotnet.thread_pool.thread.count ({thread} / 1 sec),Rate,0
09/11/2026 05:55:01,System.Runtime,dotnet.jit.compilation.time (s / 1 sec),Rate,0.0010080000000000089
09/11/2026 05:55:02,System.Runtime,dotnet.jit.compiled_il.size (By / 1 sec),Rate,0
09/11/2026 05:55:02,System.Runtime,dotnet.jit.compiled_methods ({method} / 1 sec),Rate,0
09/11/2026 05:55:02,System.Runtime,dotnet.monitor.lock_contentions ({contention} / 1 sec),Rate,0
09/11/2026 05:55:02,System.Runtime,dotnet.gc.collections ({collection} / 1 sec)[gc.heap.generation=gen0],Rate,0
09/11/2026 05:55:02,System.Runtime,dotnet.gc.collections ({collection} / 1 sec)[gc.heap.generation=gen2],Rate,0
09/11/2026 05:55:02,System.Runtime,dotnet.gc.collections ({collection} / 1 sec)[gc.heap.generation=gen1],Rate,0
09/11/2026 05:55:02,System.Runtime,dotnet.process.cpu.time (s / 1 sec)[cpu.mode=user],Rate,0.5718099999999993
09/11/2026 05:55:02,System.Runtime,dotnet.process.cpu.time (s / 1 sec)[cpu.mode=system],Rate,0.0398000000000005
09/11/2026 05:55:02,System.Runtime,dotnet.process.cpu.count ({cpu}),Metric,15
09/11/2026 05:55:02,System.Runtime,dotnet.gc.pause.time (s / 1 sec),Rate,0
09/11/2026 05:55:02,System.Runtime,dotnet.thread_pool.queue.length ({work_item} / 1 sec),Rate,0
09/11/2026 05:55:02,System.Runtime,dotnet.gc.last_collection.memory.committed_size (By),Metric,0
09/11/2026 05:55:02,System.Runtime,dotnet.gc.last_collection.heap.fragmentation.size (By)[gc.heap.generation=gen0],Metric,0
09/11/2026 05:55:02,System.Runtime,dotnet.gc.last_collection.heap.fragmentation.size (By)[gc.heap.generation=gen2],Metric,0
09/11/2026 05:55:02,System.Runtime,dotnet.gc.last_collection.heap.fragmentation.size (By)[gc.heap.generation=loh],Metric,0
09/11/2026 05:55:02,System.Runtime,dotnet.gc.last_collection.heap.fragmentation.size (By)[gc.heap.generation=gen1],Metric,0
09/11/2026 05:55:02,System.Runtime,dotnet.gc.last_collection.heap.fragmentation.size (By)[gc.heap.generation=poh],Metric,0
09/11/2026 05:55:02,System.Runtime,dotnet.timer.count ({timer}),Metric,2
09/11/2026 05:55:02,System.Runtime,dotnet.assembly.count ({assembly}),Metric,61
09/11/2026 05:55:02,System.Runtime,dotnet.gc.heap.total_allocated (By / 1 sec),Rate,139400
09/11/2026 05:55:02,System.Runtime,dotnet.gc.last_collection.heap.size (By)[gc.heap.generation=gen0],Metric,0
09/11/2026 05:55:02,System.Runtime,dotnet.gc.last_collection.heap.size (By)[gc.heap.generation=gen2],Metric,0
09/11/2026 05:55:02,System.Runtime,dotnet.gc.last_collection.heap.size (By)[gc.heap.generation=loh],Metric,0
09/11/2026 05:55:02,System.Runtime,dotnet.gc.last_collection.heap.size (By)[gc.heap.generation=gen1],Metric,0
09/11/2026 05:55:02,System.Runtime,dotnet.gc.last_collection.heap.size (By)[gc.heap.generation=poh],Metric,0
09/11/2026 05:55:02,System.Runtime,dotnet.thread_pool.work_item.count ({work_item} / 1 sec),Rate,601
09/11/2026 05:55:02,System.Runtime,dotnet.process.memory.working_set (By),Metric,102318080
09/11/2026 05:55:02,System.Runtime,dotnet.thread_pool.thread.count ({thread} / 1 sec),Rate,0
09/11/2026 05:55:02,System.Runtime,dotnet.jit.compilation.time (s / 1 sec),Rate,0
09/11/2026 05:55:03,System.Runtime,dotnet.jit.compiled_il.size (By / 1 sec),Rate,0
09/11/2026 05:55:03,System.Runtime,dotnet.jit.compiled_methods ({method} / 1 sec),Rate,0
09/11/2026 05:55:03,System.Runtime,dotnet.monitor.lock_contentions ({contention} / 1 sec),Rate,0
09/11/2026 05:55:03,System.Runtime,dotnet.gc.collections ({collection} / 1 sec)[gc.heap.generation=gen0],Rate,0
09/11/2026 05:55:03,System.Runtime,dotnet.gc.collections ({collection} / 1 sec)[gc.heap.generation=gen2],Rate,0
09/11/2026 05:55:03,System.Runtime,dotnet.gc.collections ({collection} / 1 sec)[gc.heap.generation=gen1],Rate,0
09/11/2026 05:55:03,System.Runtime,dotnet.process.cpu.time (s / 1 sec)[cpu.mode=user],Rate,0.5746139999999968
09/11/2026 05:55:03,System.Runtime,dotnet.process.cpu.time (s / 1 sec)[cpu.mode=system],Rate,0.04157799999999945
09/11/2026 05:55:03,System.Runtime,dotnet.process.cpu.count ({cpu}),Metric,15
09/11/2026 05:55:03,System.Runtime,dotnet.gc.pause.time (s / 1 sec),Rate,0
09/11/2026 05:55:03,System.Runtime,dotnet.thread_pool.queue.length ({work_item} / 1 sec),Rate,0
09/11/2026 05:55:03,System.Runtime,dotnet.gc.last_collection.memory.committed_size (By),Metric,0
09/11/2026 05:55:03,System.Runtime,dotnet.gc.last_collection.heap.fragmentation.size (By)[gc.heap.generation=gen0],Metric,0
09/11/2026 05:55:03,System.Runtime,dotnet.gc.last_collection.heap.fragmentation.size (By)[gc.heap.generation=gen2],Metric,0
09/11/2026 05:55:03,System.Runtime,dotnet.gc.last_collection.heap.fragmentation.size (By)[gc.heap.generation=loh],Metric,0
09/11/2026 05:55:03,System.Runtime,dotnet.gc.last_collection.heap.fragmentation.size (By)[gc.heap.generation=gen1],Metric,0
09/11/2026 05:55:03,System.Runtime,dotnet.gc.last_collection.heap.fragmentation.size (By)[gc.heap.generation=poh],Metric,0
09/11/2026 05:55:03,System.Runtime,dotnet.timer.count ({timer}),Metric,2
09/11/2026 05:55:03,System.Runtime,dotnet.assembly.count ({assembly}),Metric,61
09/11/2026 05:55:03,System.Runtime,dotnet.gc.heap.total_allocated (By / 1 sec),Rate,131200
09/11/2026 05:55:03,System.Runtime,dotnet.gc.last_collection.heap.size (By)[gc.heap.generation=gen0],Metric,0
09/11/2026 05:55:03,System.Runtime,dotnet.gc.last_collection.heap.size (By)[gc.heap.generation=gen2],Metric,0
09/11/2026 05:55:03,System.Runtime,dotnet.gc.last_collection.heap.size (By)[gc.heap.generation=loh],Metric,0
09/11/2026 05:55:03,System.Runtime,dotnet.gc.last_collection.heap.size (By)[gc.heap.generation=gen1],Metric,0
09/11/2026 05:55:03,System.Runtime,dotnet.gc.last_collection.heap.size (By)[gc.heap.generation=poh],Metric,0
09/11/2026 05:55:03,System.Runtime,dotnet.thread_pool.work_item.count ({work_item} / 1 sec),Rate,601
09/11/2026 05:55:03,System.Runtime,dotnet.process.memory.working_set (By),Metric,102465536
09/11/2026 05:55:03,System.Runtime,dotnet.thread_pool.thread.count ({thread} / 1 sec),Rate,0
09/11/2026 05:55:03,System.Runtime,dotnet.jit.compilation.time (s / 1 sec),Rate,0
09/11/2026 05:55:04,System.Runtime,dotnet.jit.compiled_il.size (By / 1 sec),Rate,0
09/11/2026 05:55:04,System.Runtime,dotnet.jit.compiled_methods ({method} / 1 sec),Rate,0
09/11/2026 05:55:04,System.Runtime,dotnet.monitor.lock_contentions ({contention} / 1 sec),Rate,0
09/11/2026 05:55:04,System.Runtime,dotnet.gc.collections ({collection} / 1 sec)[gc.heap.generation=gen0],Rate,0
09/11/2026 05:55:04,System.Runtime,dotnet.gc.collections ({collection} / 1 sec)[gc.heap.generation=gen2],Rate,0
09/11/2026 05:55:04,System.Runtime,dotnet.gc.collections ({collection} / 1 sec)[gc.heap.generation=gen1],Rate,0
09/11/2026 05:55:04,System.Runtime,dotnet.process.cpu.time (s / 1 sec)[cpu.mode=user],Rate,0.576194000000001
09/11/2026 05:55:04,System.Runtime,dotnet.process.cpu.time (s / 1 sec)[cpu.mode=system],Rate,0.04248999999999992
09/11/2026 05:55:04,System.Runtime,dotnet.process.cpu.count ({cpu}),Metric,15
09/11/2026 05:55:04,System.Runtime,dotnet.gc.pause.time (s / 1 sec),Rate,0
09/11/2026 05:55:04,System.Runtime,dotnet.thread_pool.queue.length ({work_item} / 1 sec),Rate,0
09/11/2026 05:55:04,System.Runtime,dotnet.gc.last_collection.memory.committed_size (By),Metric,0
09/11/2026 05:55:04,System.Runtime,dotnet.gc.last_collection.heap.fragmentation.size (By)[gc.heap.generation=gen0],Metric,0
09/11/2026 05:55:04,System.Runtime,dotnet.gc.last_collection.heap.fragmentation.size (By)[gc.heap.generation=gen2],Metric,0
09/11/2026 05:55:04,System.Runtime,dotnet.gc.last_collection.heap.fragmentation.size (By)[gc.heap.generation=loh],Metric,0
09/11/2026 05:55:04,System.Runtime,dotnet.gc.last_collection.heap.fragmentation.size (By)[gc.heap.generation=gen1],Metric,0
09/11/2026 05:55:04,System.Runtime,dotnet.gc.last_collection.heap.fragmentation.size (By)[gc.heap.generation=poh],Metric,0
09/11/2026 05:55:04,System.Runtime,dotnet.timer.count ({timer}),Metric,2
09/11/2026 05:55:04,System.Runtime,dotnet.assembly.count ({assembly}),Metric,61
09/11/2026 05:55:04,System.Runtime,dotnet.gc.heap.total_allocated (By / 1 sec),Rate,130176
09/11/2026 05:55:04,System.Runtime,dotnet.gc.last_collection.heap.size (By)[gc.heap.generation=gen0],Metric,0
09/11/2026 05:55:04,System.Runtime,dotnet.gc.last_collection.heap.size (By)[gc.heap.generation=gen2],Metric,0
09/11/2026 05:55:04,System.Runtime,dotnet.gc.last_collection.heap.size (By)[gc.heap.generation=loh],Metric,0
09/11/2026 05:55:04,System.Runtime,dotnet.gc.last_collection.heap.size (By)[gc.heap.generation=gen1],Metric,0
09/11/2026 05:55:04,System.Runtime,dotnet.gc.last_collection.heap.size (By)[gc.heap.generation=poh],Metric,0
09/11/2026 05:55:04,System.Runtime,dotnet.thread_pool.work_item.count ({work_item} / 1 sec),Rate,601
09/11/2026 05:55:04,System.Runtime,dotnet.process.memory.working_set (By),Metric,102596608
09/11/2026 05:55:04,System.Runtime,dotnet.thread_pool.thread.count ({thread} / 1 sec),Rate,0
09/11/2026 05:55:04,System.Runtime,dotnet.jit.compilation.time (s / 1 sec),Rate,0
09/11/2026 05:55:05,System.Runtime,dotnet.jit.compiled_il.size (By / 1 sec),Rate,0
09/11/2026 05:55:05,System.Runtime,dotnet.jit.compiled_methods ({method} / 1 sec),Rate,0
09/11/2026 05:55:05,System.Runtime,dotnet.monitor.lock_contentions ({contention} / 1 sec),Rate,0
09/11/2026 05:55:05,System.Runtime,dotnet.gc.collections ({collection} / 1 sec)[gc.heap.generation=gen0],Rate,0
09/11/2026 05:55:05,System.Runtime,dotnet.gc.collections ({collection} / 1 sec)[gc.heap.generation=gen2],Rate,0
09/11/2026 05:55:05,System.Runtime,dotnet.gc.collections ({collection} / 1 sec)[gc.heap.generation=gen1],Rate,0
09/11/2026 05:55:05,System.Runtime,dotnet.process.cpu.time (s / 1 sec)[cpu.mode=user],Rate,0.5712330000000065
09/11/2026 05:55:05,System.Runtime,dotnet.process.cpu.time (s / 1 sec)[cpu.mode=system],Rate,0.042478000000000016
09/11/2026 05:55:05,System.Runtime,dotnet.process.cpu.count ({cpu}),Metric,15
09/11/2026 05:55:05,System.Runtime,dotnet.gc.pause.time (s / 1 sec),Rate,0
09/11/2026 05:55:05,System.Runtime,dotnet.thread_pool.queue.length ({work_item} / 1 sec),Rate,0
09/11/2026 05:55:05,System.Runtime,dotnet.gc.last_collection.memory.committed_size (By),Metric,0
09/11/2026 05:55:05,System.Runtime,dotnet.gc.last_collection.heap.fragmentation.size (By)[gc.heap.generation=gen0],Metric,0
09/11/2026 05:55:05,System.Runtime,dotnet.gc.last_collection.heap.fragmentation.size (By)[gc.heap.generation=gen2],Metric,0
09/11/2026 05:55:05,System.Runtime,dotnet.gc.last_collection.heap.fragmentation.size (By)[gc.heap.generation=loh],Metric,0
09/11/2026 05:55:05,System.Runtime,dotnet.gc.last_collection.heap.fragmentation.size (By)[gc.heap.generation=gen1],Metric,0
09/11/2026 05:55:05,System.Runtime,dotnet.gc.last_collection.heap.fragmentation.size (By)[gc.heap.generation=poh],Metric,0
09/11/2026 05:55:05,System.Runtime,dotnet.timer.count ({timer}),Metric,2
09/11/2026 05:55:05,System.Runtime,dotnet.assembly.count ({assembly}),Metric,61
09/11/2026 05:55:05,System.Runtime,dotnet.gc.heap.total_allocated (By / 1 sec),Rate,145408
09/11/2026 05:55:05,System.Runtime,dotnet.gc.last_collection.heap.size (By)[gc.heap.generation=gen0],Metric,0
09/11/2026 05:55:05,System.Runtime,dotnet.gc.last_collection.heap.size (By)[gc.heap.generation=gen2],Metric,0
09/11/2026 05:55:05,System.Runtime,dotnet.gc.last_collection.heap.size (By)[gc.heap.generation=loh],Metric,0
09/11/2026 05:55:05,System.Runtime,dotnet.gc.last_collection.heap.size (By)[gc.heap.generation=gen1],Metric,0
09/11/2026 05:55:05,System.Runtime,dotnet.gc.last_collection.heap.size (By)[gc.heap.generation=poh],Metric,0
09/11/2026 05:55:05,System.Runtime,dotnet.thread_pool.work_item.count ({work_item} / 1 sec),Rate,601
09/11/2026 05:55:05,System.Runtime,dotnet.process.memory.working_set (By),Metric,102727680
09/11/2026 05:55:05,System.Runtime,dotnet.thread_pool.thread.count ({thread} / 1 sec),Rate,0
09/11/2026 05:55:05,System.Runtime,dotnet.jit.compilation.time (s / 1 sec),Rate,0
09/11/2026 05:55:06,System.Runtime,dotnet.jit.compiled_il.size (By / 1 sec),Rate,44
09/11/2026 05:55:06,System.Runtime,dotnet.jit.compiled_methods ({method} / 1 sec),Rate,1
09/11/2026 05:55:06,System.Runtime,dotnet.monitor.lock_contentions ({contention} / 1 sec),Rate,0
09/11/2026 05:55:06,System.Runtime,dotnet.gc.collections ({collection} / 1 sec)[gc.heap.generation=gen0],Rate,0
09/11/2026 05:55:06,System.Runtime,dotnet.gc.collections ({collection} / 1 sec)[gc.heap.generation=gen2],Rate,0
09/11/2026 05:55:06,System.Runtime,dotnet.gc.collections ({collection} / 1 sec)[gc.heap.generation=gen1],Rate,0
09/11/2026 05:55:06,System.Runtime,dotnet.process.cpu.time (s / 1 sec)[cpu.mode=user],Rate,0.5764899999999926
09/11/2026 05:55:06,System.Runtime,dotnet.process.cpu.time (s / 1 sec)[cpu.mode=system],Rate,0.04116300000000006
09/11/2026 05:55:06,System.Runtime,dotnet.process.cpu.count ({cpu}),Metric,15
09/11/2026 05:55:06,System.Runtime,dotnet.gc.pause.time (s / 1 sec),Rate,0
09/11/2026 05:55:06,System.Runtime,dotnet.thread_pool.queue.length ({work_item} / 1 sec),Rate,0
09/11/2026 05:55:06,System.Runtime,dotnet.gc.last_collection.memory.committed_size (By),Metric,0
09/11/2026 05:55:06,System.Runtime,dotnet.gc.last_collection.heap.fragmentation.size (By)[gc.heap.generation=gen0],Metric,0
09/11/2026 05:55:06,System.Runtime,dotnet.gc.last_collection.heap.fragmentation.size (By)[gc.heap.generation=gen2],Metric,0
09/11/2026 05:55:06,System.Runtime,dotnet.gc.last_collection.heap.fragmentation.size (By)[gc.heap.generation=loh],Metric,0
09/11/2026 05:55:06,System.Runtime,dotnet.gc.last_collection.heap.fragmentation.size (By)[gc.heap.generation=gen1],Metric,0
09/11/2026 05:55:06,System.Runtime,dotnet.gc.last_collection.heap.fragmentation.size (By)[gc.heap.generation=poh],Metric,0
09/11/2026 05:55:06,System.Runtime,dotnet.timer.count ({timer}),Metric,2
09/11/2026 05:55:06,System.Runtime,dotnet.assembly.count ({assembly}),Metric,61
09/11/2026 05:55:06,System.Runtime,dotnet.gc.heap.total_allocated (By / 1 sec),Rate,147616
09/11/2026 05:55:06,System.Runtime,dotnet.gc.last_collection.heap.size (By)[gc.heap.generation=gen0],Metric,0
09/11/2026 05:55:06,System.Runtime,dotnet.gc.last_collection.heap.size (By)[gc.heap.generation=gen2],Metric,0
09/11/2026 05:55:06,System.Runtime,dotnet.gc.last_collection.heap.size (By)[gc.heap.generation=loh],Metric,0
09/11/2026 05:55:06,System.Runtime,dotnet.gc.last_collection.heap.size (By)[gc.heap.generation=gen1],Metric,0
09/11/2026 05:55:06,System.Runtime,dotnet.gc.last_collection.heap.size (By)[gc.heap.generation=poh],Metric,0
09/11/2026 05:55:06,System.Runtime,dotnet.thread_pool.work_item.count ({work_item} / 1 sec),Rate,602
09/11/2026 05:55:06,System.Runtime,dotnet.process.memory.working_set (By),Metric,102924288
09/11/2026 05:55:06,System.Runtime,dotnet.thread_pool.thread.count ({thread} / 1 sec),Rate,0
09/11/2026 05:55:06,System.Runtime,dotnet.jit.compilation.time (s / 1 sec),Rate,0.0005962000000000467
09/11/2026 05:55:07,System.Runtime,dotnet.jit.compiled_il.size (By / 1 sec),Rate,0
09/11/2026 05:55:07,System.Runtime,dotnet.jit.compiled_methods ({method} / 1 sec),Rate,0
09/11/2026 05:55:07,System.Runtime,dotnet.monitor.lock_contentions ({contention} / 1 sec),Rate,0
09/11/2026 05:55:07,System.Runtime,dotnet.gc.collections ({collection} / 1 sec)[gc.heap.generation=gen0],Rate,0
09/11/2026 05:55:07,System.Runtime,dotnet.gc.collections ({collection} / 1 sec)[gc.heap.generation=gen2],Rate,0
09/11/2026 05:55:07,System.Runtime,dotnet.gc.collections ({collection} / 1 sec)[gc.heap.generation=gen1],Rate,0
09/11/2026 05:55:07,System.Runtime,dotnet.process.cpu.time (s / 1 sec)[cpu.mode=user],Rate,0.5771970000000124
09/11/2026 05:55:07,System.Runtime,dotnet.process.cpu.time (s / 1 sec)[cpu.mode=system],Rate,0.044325999999999866
09/11/2026 05:55:07,System.Runtime,dotnet.process.cpu.count ({cpu}),Metric,15
09/11/2026 05:55:07,System.Runtime,dotnet.gc.pause.time (s / 1 sec),Rate,0
09/11/2026 05:55:07,System.Runtime,dotnet.thread_pool.queue.length ({work_item} / 1 sec),Rate,0
09/11/2026 05:55:07,System.Runtime,dotnet.gc.last_collection.memory.committed_size (By),Metric,0
09/11/2026 05:55:07,System.Runtime,dotnet.gc.last_collection.heap.fragmentation.size (By)[gc.heap.generation=gen0],Metric,0
09/11/2026 05:55:07,System.Runtime,dotnet.gc.last_collection.heap.fragmentation.size (By)[gc.heap.generation=gen2],Metric,0
09/11/2026 05:55:07,System.Runtime,dotnet.gc.last_collection.heap.fragmentation.size (By)[gc.heap.generation=loh],Metric,0
09/11/2026 05:55:07,System.Runtime,dotnet.gc.last_collection.heap.fragmentation.size (By)[gc.heap.generation=gen1],Metric,0
09/11/2026 05:55:07,System.Runtime,dotnet.gc.last_collection.heap.fragmentation.size (By)[gc.heap.generation=poh],Metric,0
09/11/2026 05:55:07,System.Runtime,dotnet.timer.count ({timer}),Metric,2
09/11/2026 05:55:07,System.Runtime,dotnet.assembly.count ({assembly}),Metric,61
09/11/2026 05:55:07,System.Runtime,dotnet.gc.heap.total_allocated (By / 1 sec),Rate,131200
09/11/2026 05:55:07,System.Runtime,dotnet.gc.last_collection.heap.size (By)[gc.heap.generation=gen0],Metric,0
09/11/2026 05:55:07,System.Runtime,dotnet.gc.last_collection.heap.size (By)[gc.heap.generation=gen2],Metric,0
09/11/2026 05:55:07,System.Runtime,dotnet.gc.last_collection.heap.size (By)[gc.heap.generation=loh],Metric,0
09/11/2026 05:55:07,System.Runtime,dotnet.gc.last_collection.heap.size (By)[gc.heap.generation=gen1],Metric,0
09/11/2026 05:55:07,System.Runtime,dotnet.gc.last_collection.heap.size (By)[gc.heap.generation=poh],Metric,0
09/11/2026 05:55:07,System.Runtime,dotnet.thread_pool.work_item.count ({work_item} / 1 sec),Rate,601
09/11/2026 05:55:07,System.Runtime,dotnet.process.memory.working_set (By),Metric,103088128
09/11/2026 05:55:07,System.Runtime,dotnet.thread_pool.thread.count ({thread} / 1 sec),Rate,0
09/11/2026 05:55:07,System.Runtime,dotnet.jit.compilation.time (s / 1 sec),Rate,0
09/11/2026 05:55:08,System.Runtime,dotnet.jit.compiled_il.size (By / 1 sec),Rate,0
09/11/2026 05:55:08,System.Runtime,dotnet.jit.compiled_methods ({method} / 1 sec),Rate,0
09/11/2026 05:55:08,System.Runtime,dotnet.monitor.lock_contentions ({contention} / 1 sec),Rate,0
09/11/2026 05:55:08,System.Runtime,dotnet.gc.collections ({collection} / 1 sec)[gc.heap.generation=gen0],Rate,0
09/11/2026 05:55:08,System.Runtime,dotnet.gc.collections ({collection} / 1 sec)[gc.heap.generation=gen2],Rate,0
09/11/2026 05:55:08,System.Runtime,dotnet.gc.collections ({collection} / 1 sec)[gc.heap.generation=gen1],Rate,0
09/11/2026 05:55:08,System.Runtime,dotnet.process.cpu.time (s / 1 sec)[cpu.mode=user],Rate,0.5744699999999909
09/11/2026 05:55:08,System.Runtime,dotnet.process.cpu.time (s / 1 sec)[cpu.mode=system],Rate,0.038752000000000564
09/11/2026 05:55:08,System.Runtime,dotnet.process.cpu.count ({cpu}),Metric,15
09/11/2026 05:55:08,System.Runtime,dotnet.gc.pause.time (s / 1 sec),Rate,0
09/11/2026 05:55:08,System.Runtime,dotnet.thread_pool.queue.length ({work_item} / 1 sec),Rate,0
09/11/2026 05:55:08,System.Runtime,dotnet.gc.last_collection.memory.committed_size (By),Metric,0
09/11/2026 05:55:08,System.Runtime,dotnet.gc.last_collection.heap.fragmentation.size (By)[gc.heap.generation=gen0],Metric,0
09/11/2026 05:55:08,System.Runtime,dotnet.gc.last_collection.heap.fragmentation.size (By)[gc.heap.generation=gen2],Metric,0
09/11/2026 05:55:08,System.Runtime,dotnet.gc.last_collection.heap.fragmentation.size (By)[gc.heap.generation=loh],Metric,0
09/11/2026 05:55:08,System.Runtime,dotnet.gc.last_collection.heap.fragmentation.size (By)[gc.heap.generation=gen1],Metric,0
09/11/2026 05:55:08,System.Runtime,dotnet.gc.last_collection.heap.fragmentation.size (By)[gc.heap.generation=poh],Metric,0
09/11/2026 05:55:08,System.Runtime,dotnet.timer.count ({timer}),Metric,2
09/11/2026 05:55:08,System.Runtime,dotnet.assembly.count ({assembly}),Metric,61
09/11/2026 05:55:08,System.Runtime,dotnet.gc.heap.total_allocated (By / 1 sec),Rate,130176
09/11/2026 05:55:08,System.Runtime,dotnet.gc.last_collection.heap.size (By)[gc.heap.generation=gen0],Metric,0
09/11/2026 05:55:08,System.Runtime,dotnet.gc.last_collection.heap.size (By)[gc.heap.generation=gen2],Metric,0
09/11/2026 05:55:08,System.Runtime,dotnet.gc.last_collection.heap.size (By)[gc.heap.generation=loh],Metric,0
09/11/2026 05:55:08,System.Runtime,dotnet.gc.last_collection.heap.size (By)[gc.heap.generation=gen1],Metric,0
09/11/2026 05:55:08,System.Runtime,dotnet.gc.last_collection.heap.size (By)[gc.heap.generation=poh],Metric,0
09/11/2026 05:55:08,System.Runtime,dotnet.thread_pool.work_item.count ({work_item} / 1 sec),Rate,601
09/11/2026 05:55:08,System.Runtime,dotnet.process.memory.working_set (By),Metric,103251968
09/11/2026 05:55:08,System.Runtime,dotnet.thread_pool.thread.count ({thread} / 1 sec),Rate,0
09/11/2026 05:55:08,System.Runtime,dotnet.jit.compilation.time (s / 1 sec),Rate,0
09/11/2026 05:55:09,System.Runtime,dotnet.jit.compiled_il.size (By / 1 sec),Rate,0
09/11/2026 05:55:09,System.Runtime,dotnet.jit.compiled_methods ({method} / 1 sec),Rate,0
09/11/2026 05:55:09,System.Runtime,dotnet.monitor.lock_contentions ({contention} / 1 sec),Rate,0
09/11/2026 05:55:09,System.Runtime,dotnet.gc.collections ({collection} / 1 sec)[gc.heap.generation=gen0],Rate,0
09/11/2026 05:55:09,System.Runtime,dotnet.gc.collections ({collection} / 1 sec)[gc.heap.generation=gen2],Rate,0
09/11/2026 05:55:09,System.Runtime,dotnet.gc.collections ({collection} / 1 sec)[gc.heap.generation=gen1],Rate,0
09/11/2026 05:55:09,System.Runtime,dotnet.process.cpu.time (s / 1 sec)[cpu.mode=user],Rate,0.5597890000000092
09/11/2026 05:55:09,System.Runtime,dotnet.process.cpu.time (s / 1 sec)[cpu.mode=system],Rate,0.04253499999999999
09/11/2026 05:55:09,System.Runtime,dotnet.process.cpu.count ({cpu}),Metric,15
09/11/2026 05:55:09,System.Runtime,dotnet.gc.pause.time (s / 1 sec),Rate,0
09/11/2026 05:55:09,System.Runtime,dotnet.thread_pool.queue.length ({work_item} / 1 sec),Rate,0
09/11/2026 05:55:09,System.Runtime,dotnet.gc.last_collection.memory.committed_size (By),Metric,0
09/11/2026 05:55:09,System.Runtime,dotnet.gc.last_collection.heap.fragmentation.size (By)[gc.heap.generation=gen0],Metric,0
09/11/2026 05:55:09,System.Runtime,dotnet.gc.last_collection.heap.fragmentation.size (By)[gc.heap.generation=gen2],Metric,0
09/11/2026 05:55:09,System.Runtime,dotnet.gc.last_collection.heap.fragmentation.size (By)[gc.heap.generation=loh],Metric,0
09/11/2026 05:55:09,System.Runtime,dotnet.gc.last_collection.heap.fragmentation.size (By)[gc.heap.generation=gen1],Metric,0
09/11/2026 05:55:09,System.Runtime,dotnet.gc.last_collection.heap.fragmentation.size (By)[gc.heap.generation=poh],Metric,0
09/11/2026 05:55:09,System.Runtime,dotnet.timer.count ({timer}),Metric,2
09/11/2026 05:55:09,System.Runtime,dotnet.assembly.count ({assembly}),Metric,61
09/11/2026 05:55:09,System.Runtime,dotnet.gc.heap.total_allocated (By / 1 sec),Rate,146048
09/11/2026 05:55:09,System.Runtime,dotnet.gc.last_collection.heap.size (By)[gc.heap.generation=gen0],Metric,0
09/11/2026 05:55:09,System.Runtime,dotnet.gc.last_collection.heap.size (By)[gc.heap.generation=gen2],Metric,0
09/11/2026 05:55:09,System.Runtime,dotnet.gc.last_collection.heap.size (By)[gc.heap.generation=loh],Metric,0
09/11/2026 05:55:09,System.Runtime,dotnet.gc.last_collection.heap.size (By)[gc.heap.generation=gen1],Metric,0
09/11/2026 05:55:09,System.Runtime,dotnet.gc.last_collection.heap.size (By)[gc.heap.generation=poh],Metric,0
09/11/2026 05:55:09,System.Runtime,dotnet.thread_pool.work_item.count ({work_item} / 1 sec),Rate,596
09/11/2026 05:55:09,System.Runtime,dotnet.process.memory.working_set (By),Metric,103383040
09/11/2026 05:55:09,System.Runtime,dotnet.thread_pool.thread.count ({thread} / 1 sec),Rate,0
09/11/2026 05:55:09,System.Runtime,dotnet.jit.compilation.time (s / 1 sec),Rate,0
09/11/2026 05:55:10,System.Runtime,dotnet.jit.compiled_il.size (By / 1 sec),Rate,0
09/11/2026 05:55:10,System.Runtime,dotnet.jit.compiled_methods ({method} / 1 sec),Rate,0
09/11/2026 05:55:10,System.Runtime,dotnet.monitor.lock_contentions ({contention} / 1 sec),Rate,0
09/11/2026 05:55:10,System.Runtime,dotnet.gc.collections ({collection} / 1 sec)[gc.heap.generation=gen0],Rate,0
09/11/2026 05:55:10,System.Runtime,dotnet.gc.collections ({collection} / 1 sec)[gc.heap.generation=gen2],Rate,0
09/11/2026 05:55:10,System.Runtime,dotnet.gc.collections ({collection} / 1 sec)[gc.heap.generation=gen1],Rate,0
09/11/2026 05:55:10,System.Runtime,dotnet.process.cpu.time (s / 1 sec)[cpu.mode=user],Rate,0.5624649999999889
09/11/2026 05:55:10,System.Runtime,dotnet.process.cpu.time (s / 1 sec)[cpu.mode=system],Rate,0.04312299999999958
09/11/2026 05:55:10,System.Runtime,dotnet.process.cpu.count ({cpu}),Metric,15
09/11/2026 05:55:10,System.Runtime,dotnet.gc.pause.time (s / 1 sec),Rate,0
09/11/2026 05:55:10,System.Runtime,dotnet.thread_pool.queue.length ({work_item} / 1 sec),Rate,0
09/11/2026 05:55:10,System.Runtime,dotnet.gc.last_collection.memory.committed_size (By),Metric,0
09/11/2026 05:55:10,System.Runtime,dotnet.gc.last_collection.heap.fragmentation.size (By)[gc.heap.generation=gen0],Metric,0
09/11/2026 05:55:10,System.Runtime,dotnet.gc.last_collection.heap.fragmentation.size (By)[gc.heap.generation=gen2],Metric,0
09/11/2026 05:55:10,System.Runtime,dotnet.gc.last_collection.heap.fragmentation.size (By)[gc.heap.generation=loh],Metric,0
09/11/2026 05:55:10,System.Runtime,dotnet.gc.last_collection.heap.fragmentation.size (By)[gc.heap.generation=gen1],Metric,0
09/11/2026 05:55:10,System.Runtime,dotnet.gc.last_collection.heap.fragmentation.size (By)[gc.heap.generation=poh],Metric,0
09/11/2026 05:55:10,System.Runtime,dotnet.timer.count ({timer}),Metric,2
09/11/2026 05:55:10,System.Runtime,dotnet.assembly.count ({assembly}),Metric,61
09/11/2026 05:55:10,System.Runtime,dotnet.gc.heap.total_allocated (By / 1 sec),Rate,131688
09/11/2026 05:55:10,System.Runtime,dotnet.gc.last_collection.heap.size (By)[gc.heap.generation=gen0],Metric,0
09/11/2026 05:55:10,System.Runtime,dotnet.gc.last_collection.heap.size (By)[gc.heap.generation=gen2],Metric,0
09/11/2026 05:55:10,System.Runtime,dotnet.gc.last_collection.heap.size (By)[gc.heap.generation=loh],Metric,0
09/11/2026 05:55:10,System.Runtime,dotnet.gc.last_collection.heap.size (By)[gc.heap.generation=gen1],Metric,0
09/11/2026 05:55:10,System.Runtime,dotnet.gc.last_collection.heap.size (By)[gc.heap.generation=poh],Metric,0
09/11/2026 05:55:10,System.Runtime,dotnet.thread_pool.work_item.count ({work_item} / 1 sec),Rate,601
09/11/2026 05:55:10,System.Runtime,dotnet.process.memory.working_set (By),Metric,103514112
09/11/2026 05:55:10,System.Runtime,dotnet.thread_pool.thread.count ({thread} / 1 sec),Rate,0
09/11/2026 05:55:10,System.Runtime,dotnet.jit.compilation.time (s / 1 sec),Rate,0
09/11/2026 05:55:11,System.Runtime,dotnet.jit.compiled_il.size (By / 1 sec),Rate,1010
09/11/2026 05:55:11,System.Runtime,dotnet.jit.compiled_methods ({method} / 1 sec),Rate,16
09/11/2026 05:55:11,System.Runtime,dotnet.monitor.lock_contentions ({contention} / 1 sec),Rate,0
09/11/2026 05:55:11,System.Runtime,dotnet.gc.collections ({collection} / 1 sec)[gc.heap.generation=gen0],Rate,0
09/11/2026 05:55:11,System.Runtime,dotnet.gc.collections ({collection} / 1 sec)[gc.heap.generation=gen2],Rate,0
09/11/2026 05:55:11,System.Runtime,dotnet.gc.collections ({collection} / 1 sec)[gc.heap.generation=gen1],Rate,0
09/11/2026 05:55:11,System.Runtime,dotnet.process.cpu.time (s / 1 sec)[cpu.mode=user],Rate,0.5803470000000033
09/11/2026 05:55:11,System.Runtime,dotnet.process.cpu.time (s / 1 sec)[cpu.mode=system],Rate,0.047428000000000026
09/11/2026 05:55:11,System.Runtime,dotnet.process.cpu.count ({cpu}),Metric,15
09/11/2026 05:55:11,System.Runtime,dotnet.gc.pause.time (s / 1 sec),Rate,0
09/11/2026 05:55:11,System.Runtime,dotnet.thread_pool.queue.length ({work_item} / 1 sec),Rate,0
09/11/2026 05:55:11,System.Runtime,dotnet.gc.last_collection.memory.committed_size (By),Metric,0
09/11/2026 05:55:11,System.Runtime,dotnet.gc.last_collection.heap.fragmentation.size (By)[gc.heap.generation=gen0],Metric,0
09/11/2026 05:55:11,System.Runtime,dotnet.gc.last_collection.heap.fragmentation.size (By)[gc.heap.generation=gen2],Metric,0
09/11/2026 05:55:11,System.Runtime,dotnet.gc.last_collection.heap.fragmentation.size (By)[gc.heap.generation=loh],Metric,0
09/11/2026 05:55:11,System.Runtime,dotnet.gc.last_collection.heap.fragmentation.size (By)[gc.heap.generation=gen1],Metric,0
09/11/2026 05:55:11,System.Runtime,dotnet.gc.last_collection.heap.fragmentation.size (By)[gc.heap.generation=poh],Metric,0
09/11/2026 05:55:11,System.Runtime,dotnet.timer.count ({timer}),Metric,2
09/11/2026 05:55:11,System.Runtime,dotnet.assembly.count ({assembly}),Metric,61
09/11/2026 05:55:11,System.Runtime,dotnet.gc.heap.total_allocated (By / 1 sec),Rate,146512
09/11/2026 05:55:11,System.Runtime,dotnet.gc.last_collection.heap.size (By)[gc.heap.generation=gen0],Metric,0
09/11/2026 05:55:11,System.Runtime,dotnet.gc.last_collection.heap.size (By)[gc.heap.generation=gen2],Metric,0
09/11/2026 05:55:11,System.Runtime,dotnet.gc.last_collection.heap.size (By)[gc.heap.generation=loh],Metric,0
09/11/2026 05:55:11,System.Runtime,dotnet.gc.last_collection.heap.size (By)[gc.heap.generation=gen1],Metric,0
09/11/2026 05:55:11,System.Runtime,dotnet.gc.last_collection.heap.size (By)[gc.heap.generation=poh],Metric,0
09/11/2026 05:55:11,System.Runtime,dotnet.thread_pool.work_item.count ({work_item} / 1 sec),Rate,602
09/11/2026 05:55:11,System.Runtime,dotnet.process.memory.working_set (By),Metric,103710720
09/11/2026 05:55:11,System.Runtime,dotnet.thread_pool.thread.count ({thread} / 1 sec),Rate,0
09/11/2026 05:55:11,System.Runtime,dotnet.jit.compilation.time (s / 1 sec),Rate,0.006815099999999963
09/11/2026 05:55:12,System.Runtime,dotnet.jit.compiled_il.size (By / 1 sec),Rate,0
09/11/2026 05:55:12,System.Runtime,dotnet.jit.compiled_methods ({method} / 1 sec),Rate,0
09/11/2026 05:55:12,System.Runtime,dotnet.monitor.lock_contentions ({contention} / 1 sec),Rate,0
09/11/2026 05:55:12,System.Runtime,dotnet.gc.collections ({collection} / 1 sec)[gc.heap.generation=gen0],Rate,0
09/11/2026 05:55:12,System.Runtime,dotnet.gc.collections ({collection} / 1 sec)[gc.heap.generation=gen2],Rate,0
09/11/2026 05:55:12,System.Runtime,dotnet.gc.collections ({collection} / 1 sec)[gc.heap.generation=gen1],Rate,0
09/11/2026 05:55:12,System.Runtime,dotnet.process.cpu.time (s / 1 sec)[cpu.mode=user],Rate,0.5762339999999995
09/11/2026 05:55:12,System.Runtime,dotnet.process.cpu.time (s / 1 sec)[cpu.mode=system],Rate,0.04486100000000004
09/11/2026 05:55:12,System.Runtime,dotnet.process.cpu.count ({cpu}),Metric,15
09/11/2026 05:55:12,System.Runtime,dotnet.gc.pause.time (s / 1 sec),Rate,0
09/11/2026 05:55:12,System.Runtime,dotnet.thread_pool.queue.length ({work_item} / 1 sec),Rate,0
09/11/2026 05:55:12,System.Runtime,dotnet.gc.last_collection.memory.committed_size (By),Metric,0
09/11/2026 05:55:12,System.Runtime,dotnet.gc.last_collection.heap.fragmentation.size (By)[gc.heap.generation=gen0],Metric,0
09/11/2026 05:55:12,System.Runtime,dotnet.gc.last_collection.heap.fragmentation.size (By)[gc.heap.generation=gen2],Metric,0
09/11/2026 05:55:12,System.Runtime,dotnet.gc.last_collection.heap.fragmentation.size (By)[gc.heap.generation=loh],Metric,0
09/11/2026 05:55:12,System.Runtime,dotnet.gc.last_collection.heap.fragmentation.size (By)[gc.heap.generation=gen1],Metric,0
09/11/2026 05:55:12,System.Runtime,dotnet.gc.last_collection.heap.fragmentation.size (By)[gc.heap.generation=poh],Metric,0
09/11/2026 05:55:12,System.Runtime,dotnet.timer.count ({timer}),Metric,2
09/11/2026 05:55:12,System.Runtime,dotnet.assembly.count ({assembly}),Metric,61
09/11/2026 05:55:12,System.Runtime,dotnet.gc.heap.total_allocated (By / 1 sec),Rate,139400
09/11/2026 05:55:12,System.Runtime,dotnet.gc.last_collection.heap.size (By)[gc.heap.generation=gen0],Metric,0
09/11/2026 05:55:12,System.Runtime,dotnet.gc.last_collection.heap.size (By)[gc.heap.generation=gen2],Metric,0
09/11/2026 05:55:12,System.Runtime,dotnet.gc.last_collection.heap.size (By)[gc.heap.generation=loh],Metric,0
09/11/2026 05:55:12,System.Runtime,dotnet.gc.last_collection.heap.size (By)[gc.heap.generation=gen1],Metric,0
09/11/2026 05:55:12,System.Runtime,dotnet.gc.last_collection.heap.size (By)[gc.heap.generation=poh],Metric,0
09/11/2026 05:55:12,System.Runtime,dotnet.thread_pool.work_item.count ({work_item} / 1 sec),Rate,601
09/11/2026 05:55:12,System.Runtime,dotnet.process.memory.working_set (By),Metric,103858176
09/11/2026 05:55:12,System.Runtime,dotnet.thread_pool.thread.count ({thread} / 1 sec),Rate,0
09/11/2026 05:55:12,System.Runtime,dotnet.jit.compilation.time (s / 1 sec),Rate,0
09/11/2026 05:55:13,System.Runtime,dotnet.jit.compiled_il.size (By / 1 sec),Rate,0
09/11/2026 05:55:13,System.Runtime,dotnet.jit.compiled_methods ({method} / 1 sec),Rate,0
09/11/2026 05:55:13,System.Runtime,dotnet.monitor.lock_contentions ({contention} / 1 sec),Rate,0
09/11/2026 05:55:13,System.Runtime,dotnet.gc.collections ({collection} / 1 sec)[gc.heap.generation=gen0],Rate,0
09/11/2026 05:55:13,System.Runtime,dotnet.gc.collections ({collection} / 1 sec)[gc.heap.generation=gen2],Rate,0
09/11/2026 05:55:13,System.Runtime,dotnet.gc.collections ({collection} / 1 sec)[gc.heap.generation=gen1],Rate,0
09/11/2026 05:55:13,System.Runtime,dotnet.process.cpu.time (s / 1 sec)[cpu.mode=user],Rate,0.5798550000000091
09/11/2026 05:55:13,System.Runtime,dotnet.process.cpu.time (s / 1 sec)[cpu.mode=system],Rate,0.04984900000000003
09/11/2026 05:55:13,System.Runtime,dotnet.process.cpu.count ({cpu}),Metric,15
09/11/2026 05:55:13,System.Runtime,dotnet.gc.pause.time (s / 1 sec),Rate,0
09/11/2026 05:55:13,System.Runtime,dotnet.thread_pool.queue.length ({work_item} / 1 sec),Rate,0
09/11/2026 05:55:13,System.Runtime,dotnet.gc.last_collection.memory.committed_size (By),Metric,0
09/11/2026 05:55:13,System.Runtime,dotnet.gc.last_collection.heap.fragmentation.size (By)[gc.heap.generation=gen0],Metric,0
09/11/2026 05:55:13,System.Runtime,dotnet.gc.last_collection.heap.fragmentation.size (By)[gc.heap.generation=gen2],Metric,0
09/11/2026 05:55:13,System.Runtime,dotnet.gc.last_collection.heap.fragmentation.size (By)[gc.heap.generation=loh],Metric,0
09/11/2026 05:55:13,System.Runtime,dotnet.gc.last_collection.heap.fragmentation.size (By)[gc.heap.generation=gen1],Metric,0
09/11/2026 05:55:13,System.Runtime,dotnet.gc.last_collection.heap.fragmentation.size (By)[gc.heap.generation=poh],Metric,0
09/11/2026 05:55:13,System.Runtime,dotnet.timer.count ({timer}),Metric,2
09/11/2026 05:55:13,System.Runtime,dotnet.assembly.count ({assembly}),Metric,61
09/11/2026 05:55:13,System.Runtime,dotnet.gc.heap.total_allocated (By / 1 sec),Rate,121976
09/11/2026 05:55:13,System.Runtime,dotnet.gc.last_collection.heap.size (By)[gc.heap.generation=gen0],Metric,0
09/11/2026 05:55:13,System.Runtime,dotnet.gc.last_collection.heap.size (By)[gc.heap.generation=gen2],Metric,0
09/11/2026 05:55:13,System.Runtime,dotnet.gc.last_collection.heap.size (By)[gc.heap.generation=loh],Metric,0
09/11/2026 05:55:13,System.Runtime,dotnet.gc.last_collection.heap.size (By)[gc.heap.generation=gen1],Metric,0
09/11/2026 05:55:13,System.Runtime,dotnet.gc.last_collection.heap.size (By)[gc.heap.generation=poh],Metric,0
09/11/2026 05:55:13,System.Runtime,dotnet.thread_pool.work_item.count ({work_item} / 1 sec),Rate,601
09/11/2026 05:55:13,System.Runtime,dotnet.process.memory.working_set (By),Metric,104005632
09/11/2026 05:55:13,System.Runtime,dotnet.thread_pool.thread.count ({thread} / 1 sec),Rate,0
09/11/2026 05:55:13,System.Runtime,dotnet.jit.compilation.time (s / 1 sec),Rate,0
09/11/2026 05:55:14,System.Runtime,dotnet.jit.compiled_il.size (By / 1 sec),Rate,0
09/11/2026 05:55:14,System.Runtime,dotnet.jit.compiled_methods ({method} / 1 sec),Rate,0
09/11/2026 05:55:14,System.Runtime,dotnet.monitor.lock_contentions ({contention} / 1 sec),Rate,0
09/11/2026 05:55:14,System.Runtime,dotnet.gc.collections ({collection} / 1 sec)[gc.heap.generation=gen0],Rate,0
09/11/2026 05:55:14,System.Runtime,dotnet.gc.collections ({collection} / 1 sec)[gc.heap.generation=gen2],Rate,0
09/11/2026 05:55:14,System.Runtime,dotnet.gc.collections ({collection} / 1 sec)[gc.heap.generation=gen1],Rate,0
09/11/2026 05:55:14,System.Runtime,dotnet.process.cpu.time (s / 1 sec)[cpu.mode=user],Rate,0.5730259999999987
09/11/2026 05:55:14,System.Runtime,dotnet.process.cpu.time (s / 1 sec)[cpu.mode=system],Rate,0.03663799999999995
09/11/2026 05:55:14,System.Runtime,dotnet.process.cpu.count ({cpu}),Metric,15
09/11/2026 05:55:14,System.Runtime,dotnet.gc.pause.time (s / 1 sec),Rate,0
09/11/2026 05:55:14,System.Runtime,dotnet.thread_pool.queue.length ({work_item} / 1 sec),Rate,0
09/11/2026 05:55:14,System.Runtime,dotnet.gc.last_collection.memory.committed_size (By),Metric,0
09/11/2026 05:55:14,System.Runtime,dotnet.gc.last_collection.heap.fragmentation.size (By)[gc.heap.generation=gen0],Metric,0
09/11/2026 05:55:14,System.Runtime,dotnet.gc.last_collection.heap.fragmentation.size (By)[gc.heap.generation=gen2],Metric,0
09/11/2026 05:55:14,System.Runtime,dotnet.gc.last_collection.heap.fragmentation.size (By)[gc.heap.generation=loh],Metric,0
09/11/2026 05:55:14,System.Runtime,dotnet.gc.last_collection.heap.fragmentation.size (By)[gc.heap.generation=gen1],Metric,0
09/11/2026 05:55:14,System.Runtime,dotnet.gc.last_collection.heap.fragmentation.size (By)[gc.heap.generation=poh],Metric,0
09/11/2026 05:55:14,System.Runtime,dotnet.timer.count ({timer}),Metric,2
09/11/2026 05:55:14,System.Runtime,dotnet.assembly.count ({assembly}),Metric,61
09/11/2026 05:55:14,System.Runtime,dotnet.gc.heap.total_allocated (By / 1 sec),Rate,141088
09/11/2026 05:55:14,System.Runtime,dotnet.gc.last_collection.heap.size (By)[gc.heap.generation=gen0],Metric,0
09/11/2026 05:55:14,System.Runtime,dotnet.gc.last_collection.heap.size (By)[gc.heap.generation=gen2],Metric,0
09/11/2026 05:55:14,System.Runtime,dotnet.gc.last_collection.heap.size (By)[gc.heap.generation=loh],Metric,0
09/11/2026 05:55:14,System.Runtime,dotnet.gc.last_collection.heap.size (By)[gc.heap.generation=gen1],Metric,0
09/11/2026 05:55:14,System.Runtime,dotnet.gc.last_collection.heap.size (By)[gc.heap.generation=poh],Metric,0
09/11/2026 05:55:14,System.Runtime,dotnet.thread_pool.work_item.count ({work_item} / 1 sec),Rate,601
09/11/2026 05:55:14,System.Runtime,dotnet.process.memory.working_set (By),Metric,104136704
09/11/2026 05:55:14,System.Runtime,dotnet.thread_pool.thread.count ({thread} / 1 sec),Rate,-1
09/11/2026 05:55:14,System.Runtime,dotnet.jit.compilation.time (s / 1 sec),Rate,0
09/11/2026 05:55:15,System.Runtime,dotnet.jit.compiled_il.size (By / 1 sec),Rate,0
09/11/2026 05:55:15,System.Runtime,dotnet.jit.compiled_methods ({method} / 1 sec),Rate,0
09/11/2026 05:55:15,System.Runtime,dotnet.monitor.lock_contentions ({contention} / 1 sec),Rate,0
09/11/2026 05:55:15,System.Runtime,dotnet.gc.collections ({collection} / 1 sec)[gc.heap.generation=gen0],Rate,0
09/11/2026 05:55:15,System.Runtime,dotnet.gc.collections ({collection} / 1 sec)[gc.heap.generation=gen2],Rate,0
09/11/2026 05:55:15,System.Runtime,dotnet.gc.collections ({collection} / 1 sec)[gc.heap.generation=gen1],Rate,0
09/11/2026 05:55:15,System.Runtime,dotnet.process.cpu.time (s / 1 sec)[cpu.mode=user],Rate,0.5763089999999949
09/11/2026 05:55:15,System.Runtime,dotnet.process.cpu.time (s / 1 sec)[cpu.mode=system],Rate,0.043707999999999636
09/11/2026 05:55:15,System.Runtime,dotnet.process.cpu.count ({cpu}),Metric,15
09/11/2026 05:55:15,System.Runtime,dotnet.gc.pause.time (s / 1 sec),Rate,0
09/11/2026 05:55:15,System.Runtime,dotnet.thread_pool.queue.length ({work_item} / 1 sec),Rate,0
09/11/2026 05:55:15,System.Runtime,dotnet.gc.last_collection.memory.committed_size (By),Metric,0
09/11/2026 05:55:15,System.Runtime,dotnet.gc.last_collection.heap.fragmentation.size (By)[gc.heap.generation=gen0],Metric,0
09/11/2026 05:55:15,System.Runtime,dotnet.gc.last_collection.heap.fragmentation.size (By)[gc.heap.generation=gen2],Metric,0
09/11/2026 05:55:15,System.Runtime,dotnet.gc.last_collection.heap.fragmentation.size (By)[gc.heap.generation=loh],Metric,0
09/11/2026 05:55:15,System.Runtime,dotnet.gc.last_collection.heap.fragmentation.size (By)[gc.heap.generation=gen1],Metric,0
09/11/2026 05:55:15,System.Runtime,dotnet.gc.last_collection.heap.fragmentation.size (By)[gc.heap.generation=poh],Metric,0
09/11/2026 05:55:15,System.Runtime,dotnet.timer.count ({timer}),Metric,2
09/11/2026 05:55:15,System.Runtime,dotnet.assembly.count ({assembly}),Metric,61
09/11/2026 05:55:15,System.Runtime,dotnet.gc.heap.total_allocated (By / 1 sec),Rate,138376
09/11/2026 05:55:15,System.Runtime,dotnet.gc.last_collection.heap.size (By)[gc.heap.generation=gen0],Metric,0
09/11/2026 05:55:15,System.Runtime,dotnet.gc.last_collection.heap.size (By)[gc.heap.generation=gen2],Metric,0
09/11/2026 05:55:15,System.Runtime,dotnet.gc.last_collection.heap.size (By)[gc.heap.generation=loh],Metric,0
09/11/2026 05:55:15,System.Runtime,dotnet.gc.last_collection.heap.size (By)[gc.heap.generation=gen1],Metric,0
09/11/2026 05:55:15,System.Runtime,dotnet.gc.last_collection.heap.size (By)[gc.heap.generation=poh],Metric,0
09/11/2026 05:55:15,System.Runtime,dotnet.thread_pool.work_item.count ({work_item} / 1 sec),Rate,601
09/11/2026 05:55:15,System.Runtime,dotnet.process.memory.working_set (By),Metric,104251392
09/11/2026 05:55:15,System.Runtime,dotnet.thread_pool.thread.count ({thread} / 1 sec),Rate,0
09/11/2026 05:55:15,System.Runtime,dotnet.jit.compilation.time (s / 1 sec),Rate,0
09/11/2026 05:55:16,System.Runtime,dotnet.jit.compiled_il.size (By / 1 sec),Rate,3177
09/11/2026 05:55:16,System.Runtime,dotnet.jit.compiled_methods ({method} / 1 sec),Rate,37
09/11/2026 05:55:16,System.Runtime,dotnet.monitor.lock_contentions ({contention} / 1 sec),Rate,0
09/11/2026 05:55:16,System.Runtime,dotnet.gc.collections ({collection} / 1 sec)[gc.heap.generation=gen0],Rate,0
09/11/2026 05:55:16,System.Runtime,dotnet.gc.collections ({collection} / 1 sec)[gc.heap.generation=gen2],Rate,0
09/11/2026 05:55:16,System.Runtime,dotnet.gc.collections ({collection} / 1 sec)[gc.heap.generation=gen1],Rate,0
09/11/2026 05:55:16,System.Runtime,dotnet.process.cpu.time (s / 1 sec)[cpu.mode=user],Rate,0.5878720000000044
09/11/2026 05:55:16,System.Runtime,dotnet.process.cpu.time (s / 1 sec)[cpu.mode=system],Rate,0.04825200000000063
09/11/2026 05:55:16,System.Runtime,dotnet.process.cpu.count ({cpu}),Metric,15
09/11/2026 05:55:16,System.Runtime,dotnet.gc.pause.time (s / 1 sec),Rate,0
09/11/2026 05:55:16,System.Runtime,dotnet.thread_pool.queue.length ({work_item} / 1 sec),Rate,0
09/11/2026 05:55:16,System.Runtime,dotnet.gc.last_collection.memory.committed_size (By),Metric,0
09/11/2026 05:55:16,System.Runtime,dotnet.gc.last_collection.heap.fragmentation.size (By)[gc.heap.generation=gen0],Metric,0
09/11/2026 05:55:16,System.Runtime,dotnet.gc.last_collection.heap.fragmentation.size (By)[gc.heap.generation=gen2],Metric,0
09/11/2026 05:55:16,System.Runtime,dotnet.gc.last_collection.heap.fragmentation.size (By)[gc.heap.generation=loh],Metric,0
09/11/2026 05:55:16,System.Runtime,dotnet.gc.last_collection.heap.fragmentation.size (By)[gc.heap.generation=gen1],Metric,0
09/11/2026 05:55:16,System.Runtime,dotnet.gc.last_collection.heap.fragmentation.size (By)[gc.heap.generation=poh],Metric,0
09/11/2026 05:55:16,System.Runtime,dotnet.timer.count ({timer}),Metric,2
09/11/2026 05:55:16,System.Runtime,dotnet.assembly.count ({assembly}),Metric,61
09/11/2026 05:55:16,System.Runtime,dotnet.gc.heap.total_allocated (By / 1 sec),Rate,147616
09/11/2026 05:55:16,System.Runtime,dotnet.gc.last_collection.heap.size (By)[gc.heap.generation=gen0],Metric,0
09/11/2026 05:55:16,System.Runtime,dotnet.gc.last_collection.heap.size (By)[gc.heap.generation=gen2],Metric,0
09/11/2026 05:55:16,System.Runtime,dotnet.gc.last_collection.heap.size (By)[gc.heap.generation=loh],Metric,0
09/11/2026 05:55:16,System.Runtime,dotnet.gc.last_collection.heap.size (By)[gc.heap.generation=gen1],Metric,0
09/11/2026 05:55:16,System.Runtime,dotnet.gc.last_collection.heap.size (By)[gc.heap.generation=poh],Metric,0
09/11/2026 05:55:16,System.Runtime,dotnet.thread_pool.work_item.count ({work_item} / 1 sec),Rate,602
09/11/2026 05:55:16,System.Runtime,dotnet.process.memory.working_set (By),Metric,104546304
09/11/2026 05:55:16,System.Runtime,dotnet.thread_pool.thread.count ({thread} / 1 sec),Rate,0
09/11/2026 05:55:16,System.Runtime,dotnet.jit.compilation.time (s / 1 sec),Rate,0.013373500000000038
09/11/2026 05:55:17,System.Runtime,dotnet.jit.compiled_il.size (By / 1 sec),Rate,0
09/11/2026 05:55:17,System.Runtime,dotnet.jit.compiled_methods ({method} / 1 sec),Rate,0
09/11/2026 05:55:17,System.Runtime,dotnet.monitor.lock_contentions ({contention} / 1 sec),Rate,0
09/11/2026 05:55:17,System.Runtime,dotnet.gc.collections ({collection} / 1 sec)[gc.heap.generation=gen0],Rate,0
09/11/2026 05:55:17,System.Runtime,dotnet.gc.collections ({collection} / 1 sec)[gc.heap.generation=gen2],Rate,0
09/11/2026 05:55:17,System.Runtime,dotnet.gc.collections ({collection} / 1 sec)[gc.heap.generation=gen1],Rate,0
09/11/2026 05:55:17,System.Runtime,dotnet.process.cpu.time (s / 1 sec)[cpu.mode=user],Rate,0.5220349999999883
09/11/2026 05:55:17,System.Runtime,dotnet.process.cpu.time (s / 1 sec)[cpu.mode=system],Rate,0.04996299999999998
09/11/2026 05:55:17,System.Runtime,dotnet.process.cpu.count ({cpu}),Metric,15
09/11/2026 05:55:17,System.Runtime,dotnet.gc.pause.time (s / 1 sec),Rate,0
09/11/2026 05:55:17,System.Runtime,dotnet.thread_pool.queue.length ({work_item} / 1 sec),Rate,0
09/11/2026 05:55:17,System.Runtime,dotnet.gc.last_collection.memory.committed_size (By),Metric,0
09/11/2026 05:55:17,System.Runtime,dotnet.gc.last_collection.heap.fragmentation.size (By)[gc.heap.generation=gen0],Metric,0
09/11/2026 05:55:17,System.Runtime,dotnet.gc.last_collection.heap.fragmentation.size (By)[gc.heap.generation=gen2],Metric,0
09/11/2026 05:55:17,System.Runtime,dotnet.gc.last_collection.heap.fragmentation.size (By)[gc.heap.generation=loh],Metric,0
09/11/2026 05:55:17,System.Runtime,dotnet.gc.last_collection.heap.fragmentation.size (By)[gc.heap.generation=gen1],Metric,0
09/11/2026 05:55:17,System.Runtime,dotnet.gc.last_collection.heap.fragmentation.size (By)[gc.heap.generation=poh],Metric,0
09/11/2026 05:55:17,System.Runtime,dotnet.timer.count ({timer}),Metric,2
09/11/2026 05:55:17,System.Runtime,dotnet.assembly.count ({assembly}),Metric,61
09/11/2026 05:55:17,System.Runtime,dotnet.gc.heap.total_allocated (By / 1 sec),Rate,178712
09/11/2026 05:55:17,System.Runtime,dotnet.gc.last_collection.heap.size (By)[gc.heap.generation=gen0],Metric,0
09/11/2026 05:55:17,System.Runtime,dotnet.gc.last_collection.heap.size (By)[gc.heap.generation=gen2],Metric,0
09/11/2026 05:55:17,System.Runtime,dotnet.gc.last_collection.heap.size (By)[gc.heap.generation=loh],Metric,0
09/11/2026 05:55:17,System.Runtime,dotnet.gc.last_collection.heap.size (By)[gc.heap.generation=gen1],Metric,0
09/11/2026 05:55:17,System.Runtime,dotnet.gc.last_collection.heap.size (By)[gc.heap.generation=poh],Metric,0
09/11/2026 05:55:17,System.Runtime,dotnet.thread_pool.work_item.count ({work_item} / 1 sec),Rate,579
09/11/2026 05:55:17,System.Runtime,dotnet.process.memory.working_set (By),Metric,104742912
09/11/2026 05:55:17,System.Runtime,dotnet.thread_pool.thread.count ({thread} / 1 sec),Rate,1
09/11/2026 05:55:17,System.Runtime,dotnet.jit.compilation.time (s / 1 sec),Rate,0
09/11/2026 05:55:18,System.Runtime,dotnet.jit.compiled_il.size (By / 1 sec),Rate,0
09/11/2026 05:55:18,System.Runtime,dotnet.jit.compiled_methods ({method} / 1 sec),Rate,0
09/11/2026 05:55:18,System.Runtime,dotnet.monitor.lock_contentions ({contention} / 1 sec),Rate,0
09/11/2026 05:55:18,System.Runtime,dotnet.gc.collections ({collection} / 1 sec)[gc.heap.generation=gen0],Rate,0
09/11/2026 05:55:18,System.Runtime,dotnet.gc.collections ({collection} / 1 sec)[gc.heap.generation=gen2],Rate,0
09/11/2026 05:55:18,System.Runtime,dotnet.gc.collections ({collection} / 1 sec)[gc.heap.generation=gen1],Rate,0
09/11/2026 05:55:18,System.Runtime,dotnet.process.cpu.time (s / 1 sec)[cpu.mode=user],Rate,0.5689740000000114
09/11/2026 05:55:18,System.Runtime,dotnet.process.cpu.time (s / 1 sec)[cpu.mode=system],Rate,0.054863000000000106
09/11/2026 05:55:18,System.Runtime,dotnet.process.cpu.count ({cpu}),Metric,15
09/11/2026 05:55:18,System.Runtime,dotnet.gc.pause.time (s / 1 sec),Rate,0
09/11/2026 05:55:18,System.Runtime,dotnet.thread_pool.queue.length ({work_item} / 1 sec),Rate,0
09/11/2026 05:55:18,System.Runtime,dotnet.gc.last_collection.memory.committed_size (By),Metric,0
09/11/2026 05:55:18,System.Runtime,dotnet.gc.last_collection.heap.fragmentation.size (By)[gc.heap.generation=gen0],Metric,0
09/11/2026 05:55:18,System.Runtime,dotnet.gc.last_collection.heap.fragmentation.size (By)[gc.heap.generation=gen2],Metric,0
09/11/2026 05:55:18,System.Runtime,dotnet.gc.last_collection.heap.fragmentation.size (By)[gc.heap.generation=loh],Metric,0
09/11/2026 05:55:18,System.Runtime,dotnet.gc.last_collection.heap.fragmentation.size (By)[gc.heap.generation=gen1],Metric,0
09/11/2026 05:55:18,System.Runtime,dotnet.gc.last_collection.heap.fragmentation.size (By)[gc.heap.generation=poh],Metric,0
09/11/2026 05:55:18,System.Runtime,dotnet.timer.count ({timer}),Metric,2
09/11/2026 05:55:18,System.Runtime,dotnet.assembly.count ({assembly}),Metric,61
09/11/2026 05:55:18,System.Runtime,dotnet.gc.heap.total_allocated (By / 1 sec),Rate,123000
09/11/2026 05:55:18,System.Runtime,dotnet.gc.last_collection.heap.size (By)[gc.heap.generation=gen0],Metric,0
09/11/2026 05:55:18,System.Runtime,dotnet.gc.last_collection.heap.size (By)[gc.heap.generation=gen2],Metric,0
09/11/2026 05:55:18,System.Runtime,dotnet.gc.last_collection.heap.size (By)[gc.heap.generation=loh],Metric,0
09/11/2026 05:55:18,System.Runtime,dotnet.gc.last_collection.heap.size (By)[gc.heap.generation=gen1],Metric,0
09/11/2026 05:55:18,System.Runtime,dotnet.gc.last_collection.heap.size (By)[gc.heap.generation=poh],Metric,0
09/11/2026 05:55:18,System.Runtime,dotnet.thread_pool.work_item.count ({work_item} / 1 sec),Rate,601
09/11/2026 05:55:18,System.Runtime,dotnet.process.memory.working_set (By),Metric,104890368
09/11/2026 05:55:18,System.Runtime,dotnet.thread_pool.thread.count ({thread} / 1 sec),Rate,0
09/11/2026 05:55:18,System.Runtime,dotnet.jit.compilation.time (s / 1 sec),Rate,0
09/11/2026 05:55:19,System.Runtime,dotnet.jit.compiled_il.size (By / 1 sec),Rate,0
09/11/2026 05:55:19,System.Runtime,dotnet.jit.compiled_methods ({method} / 1 sec),Rate,0
09/11/2026 05:55:19,System.Runtime,dotnet.monitor.lock_contentions ({contention} / 1 sec),Rate,0
09/11/2026 05:55:19,System.Runtime,dotnet.gc.collections ({collection} / 1 sec)[gc.heap.generation=gen0],Rate,0
09/11/2026 05:55:19,System.Runtime,dotnet.gc.collections ({collection} / 1 sec)[gc.heap.generation=gen2],Rate,0
09/11/2026 05:55:19,System.Runtime,dotnet.gc.collections ({collection} / 1 sec)[gc.heap.generation=gen1],Rate,0
09/11/2026 05:55:19,System.Runtime,dotnet.process.cpu.time (s / 1 sec)[cpu.mode=user],Rate,0.5780669999999901
09/11/2026 05:55:19,System.Runtime,dotnet.process.cpu.time (s / 1 sec)[cpu.mode=system],Rate,0.04513899999999982
09/11/2026 05:55:19,System.Runtime,dotnet.process.cpu.count ({cpu}),Metric,15
09/11/2026 05:55:19,System.Runtime,dotnet.gc.pause.time (s / 1 sec),Rate,0
09/11/2026 05:55:19,System.Runtime,dotnet.thread_pool.queue.length ({work_item} / 1 sec),Rate,0
09/11/2026 05:55:19,System.Runtime,dotnet.gc.last_collection.memory.committed_size (By),Metric,0
09/11/2026 05:55:19,System.Runtime,dotnet.gc.last_collection.heap.fragmentation.size (By)[gc.heap.generation=gen0],Metric,0
09/11/2026 05:55:19,System.Runtime,dotnet.gc.last_collection.heap.fragmentation.size (By)[gc.heap.generation=gen2],Metric,0
09/11/2026 05:55:19,System.Runtime,dotnet.gc.last_collection.heap.fragmentation.size (By)[gc.heap.generation=loh],Metric,0
09/11/2026 05:55:19,System.Runtime,dotnet.gc.last_collection.heap.fragmentation.size (By)[gc.heap.generation=gen1],Metric,0
09/11/2026 05:55:19,System.Runtime,dotnet.gc.last_collection.heap.fragmentation.size (By)[gc.heap.generation=poh],Metric,0
09/11/2026 05:55:19,System.Runtime,dotnet.timer.count ({timer}),Metric,2
09/11/2026 05:55:19,System.Runtime,dotnet.assembly.count ({assembly}),Metric,61
09/11/2026 05:55:19,System.Runtime,dotnet.gc.heap.total_allocated (By / 1 sec),Rate,147480
09/11/2026 05:55:19,System.Runtime,dotnet.gc.last_collection.heap.size (By)[gc.heap.generation=gen0],Metric,0
09/11/2026 05:55:19,System.Runtime,dotnet.gc.last_collection.heap.size (By)[gc.heap.generation=gen2],Metric,0
09/11/2026 05:55:19,System.Runtime,dotnet.gc.last_collection.heap.size (By)[gc.heap.generation=loh],Metric,0
09/11/2026 05:55:19,System.Runtime,dotnet.gc.last_collection.heap.size (By)[gc.heap.generation=gen1],Metric,0
09/11/2026 05:55:19,System.Runtime,dotnet.gc.last_collection.heap.size (By)[gc.heap.generation=poh],Metric,0
09/11/2026 05:55:19,System.Runtime,dotnet.thread_pool.work_item.count ({work_item} / 1 sec),Rate,654
09/11/2026 05:55:19,System.Runtime,dotnet.process.memory.working_set (By),Metric,105070592
09/11/2026 05:55:19,System.Runtime,dotnet.thread_pool.thread.count ({thread} / 1 sec),Rate,0
09/11/2026 05:55:19,System.Runtime,dotnet.jit.compilation.time (s / 1 sec),Rate,0
09/11/2026 05:55:20,System.Runtime,dotnet.jit.compiled_il.size (By / 1 sec),Rate,0
09/11/2026 05:55:20,System.Runtime,dotnet.jit.compiled_methods ({method} / 1 sec),Rate,0
09/11/2026 05:55:20,System.Runtime,dotnet.monitor.lock_contentions ({contention} / 1 sec),Rate,0
09/11/2026 05:55:20,System.Runtime,dotnet.gc.collections ({collection} / 1 sec)[gc.heap.generation=gen0],Rate,0
09/11/2026 05:55:20,System.Runtime,dotnet.gc.collections ({collection} / 1 sec)[gc.heap.generation=gen2],Rate,0
09/11/2026 05:55:20,System.Runtime,dotnet.gc.collections ({collection} / 1 sec)[gc.heap.generation=gen1],Rate,0
09/11/2026 05:55:20,System.Runtime,dotnet.process.cpu.time (s / 1 sec)[cpu.mode=user],Rate,0.578478000000004
09/11/2026 05:55:20,System.Runtime,dotnet.process.cpu.time (s / 1 sec)[cpu.mode=system],Rate,0.04069599999999962
09/11/2026 05:55:20,System.Runtime,dotnet.process.cpu.count ({cpu}),Metric,15
09/11/2026 05:55:20,System.Runtime,dotnet.gc.pause.time (s / 1 sec),Rate,0
09/11/2026 05:55:20,System.Runtime,dotnet.thread_pool.queue.length ({work_item} / 1 sec),Rate,0
09/11/2026 05:55:20,System.Runtime,dotnet.gc.last_collection.memory.committed_size (By),Metric,0
09/11/2026 05:55:20,System.Runtime,dotnet.gc.last_collection.heap.fragmentation.size (By)[gc.heap.generation=gen0],Metric,0
09/11/2026 05:55:20,System.Runtime,dotnet.gc.last_collection.heap.fragmentation.size (By)[gc.heap.generation=gen2],Metric,0
09/11/2026 05:55:20,System.Runtime,dotnet.gc.last_collection.heap.fragmentation.size (By)[gc.heap.generation=loh],Metric,0
09/11/2026 05:55:20,System.Runtime,dotnet.gc.last_collection.heap.fragmentation.size (By)[gc.heap.generation=gen1],Metric,0
09/11/2026 05:55:20,System.Runtime,dotnet.gc.last_collection.heap.fragmentation.size (By)[gc.heap.generation=poh],Metric,0
09/11/2026 05:55:20,System.Runtime,dotnet.timer.count ({timer}),Metric,2
09/11/2026 05:55:20,System.Runtime,dotnet.assembly.count ({assembly}),Metric,61
09/11/2026 05:55:20,System.Runtime,dotnet.gc.heap.total_allocated (By / 1 sec),Rate,147600
09/11/2026 05:55:20,System.Runtime,dotnet.gc.last_collection.heap.size (By)[gc.heap.generation=gen0],Metric,0
09/11/2026 05:55:20,System.Runtime,dotnet.gc.last_collection.heap.size (By)[gc.heap.generation=gen2],Metric,0
09/11/2026 05:55:20,System.Runtime,dotnet.gc.last_collection.heap.size (By)[gc.heap.generation=loh],Metric,0
09/11/2026 05:55:20,System.Runtime,dotnet.gc.last_collection.heap.size (By)[gc.heap.generation=gen1],Metric,0
09/11/2026 05:55:20,System.Runtime,dotnet.gc.last_collection.heap.size (By)[gc.heap.generation=poh],Metric,0
09/11/2026 05:55:20,System.Runtime,dotnet.thread_pool.work_item.count ({work_item} / 1 sec),Rate,643
09/11/2026 05:55:20,System.Runtime,dotnet.process.memory.working_set (By),Metric,105201664
09/11/2026 05:55:20,System.Runtime,dotnet.thread_pool.thread.count ({thread} / 1 sec),Rate,0
09/11/2026 05:55:20,System.Runtime,dotnet.jit.compilation.time (s / 1 sec),Rate,0
09/11/2026 05:55:21,System.Runtime,dotnet.jit.compiled_il.size (By / 1 sec),Rate,0
09/11/2026 05:55:21,System.Runtime,dotnet.jit.compiled_methods ({method} / 1 sec),Rate,0
09/11/2026 05:55:21,System.Runtime,dotnet.monitor.lock_contentions ({contention} / 1 sec),Rate,0
09/11/2026 05:55:21,System.Runtime,dotnet.gc.collections ({collection} / 1 sec)[gc.heap.generation=gen0],Rate,0
09/11/2026 05:55:21,System.Runtime,dotnet.gc.collections ({collection} / 1 sec)[gc.heap.generation=gen2],Rate,0
09/11/2026 05:55:21,System.Runtime,dotnet.gc.collections ({collection} / 1 sec)[gc.heap.generation=gen1],Rate,0
09/11/2026 05:55:21,System.Runtime,dotnet.process.cpu.time (s / 1 sec)[cpu.mode=user],Rate,0.5797910000000002
09/11/2026 05:55:21,System.Runtime,dotnet.process.cpu.time (s / 1 sec)[cpu.mode=system],Rate,0.04039500000000018
09/11/2026 05:55:21,System.Runtime,dotnet.process.cpu.count ({cpu}),Metric,15
09/11/2026 05:55:21,System.Runtime,dotnet.gc.pause.time (s / 1 sec),Rate,0
09/11/2026 05:55:21,System.Runtime,dotnet.thread_pool.queue.length ({work_item} / 1 sec),Rate,0
09/11/2026 05:55:21,System.Runtime,dotnet.gc.last_collection.memory.committed_size (By),Metric,0
09/11/2026 05:55:21,System.Runtime,dotnet.gc.last_collection.heap.fragmentation.size (By)[gc.heap.generation=gen0],Metric,0
09/11/2026 05:55:21,System.Runtime,dotnet.gc.last_collection.heap.fragmentation.size (By)[gc.heap.generation=gen2],Metric,0
09/11/2026 05:55:21,System.Runtime,dotnet.gc.last_collection.heap.fragmentation.size (By)[gc.heap.generation=loh],Metric,0
09/11/2026 05:55:21,System.Runtime,dotnet.gc.last_collection.heap.fragmentation.size (By)[gc.heap.generation=gen1],Metric,0
09/11/2026 05:55:21,System.Runtime,dotnet.gc.last_collection.heap.fragmentation.size (By)[gc.heap.generation=poh],Metric,0
09/11/2026 05:55:21,System.Runtime,dotnet.timer.count ({timer}),Metric,2
09/11/2026 05:55:21,System.Runtime,dotnet.assembly.count ({assembly}),Metric,61
09/11/2026 05:55:21,System.Runtime,dotnet.gc.heap.total_allocated (By / 1 sec),Rate,138392
09/11/2026 05:55:21,System.Runtime,dotnet.gc.last_collection.heap.size (By)[gc.heap.generation=gen0],Metric,0
09/11/2026 05:55:21,System.Runtime,dotnet.gc.last_collection.heap.size (By)[gc.heap.generation=gen2],Metric,0
09/11/2026 05:55:21,System.Runtime,dotnet.gc.last_collection.heap.size (By)[gc.heap.generation=loh],Metric,0
09/11/2026 05:55:21,System.Runtime,dotnet.gc.last_collection.heap.size (By)[gc.heap.generation=gen1],Metric,0
09/11/2026 05:55:21,System.Runtime,dotnet.gc.last_collection.heap.size (By)[gc.heap.generation=poh],Metric,0
09/11/2026 05:55:21,System.Runtime,dotnet.thread_pool.work_item.count ({work_item} / 1 sec),Rate,613
09/11/2026 05:55:21,System.Runtime,dotnet.process.memory.working_set (By),Metric,105349120
09/11/2026 05:55:21,System.Runtime,dotnet.thread_pool.thread.count ({thread} / 1 sec),Rate,0
09/11/2026 05:55:21,System.Runtime,dotnet.jit.compilation.time (s / 1 sec),Rate,0
09/11/2026 05:55:22,System.Runtime,dotnet.jit.compiled_il.size (By / 1 sec),Rate,0
09/11/2026 05:55:22,System.Runtime,dotnet.jit.compiled_methods ({method} / 1 sec),Rate,0
09/11/2026 05:55:22,System.Runtime,dotnet.monitor.lock_contentions ({contention} / 1 sec),Rate,0
09/11/2026 05:55:22,System.Runtime,dotnet.gc.collections ({collection} / 1 sec)[gc.heap.generation=gen0],Rate,0
09/11/2026 05:55:22,System.Runtime,dotnet.gc.collections ({collection} / 1 sec)[gc.heap.generation=gen2],Rate,0
09/11/2026 05:55:22,System.Runtime,dotnet.gc.collections ({collection} / 1 sec)[gc.heap.generation=gen1],Rate,0
09/11/2026 05:55:22,System.Runtime,dotnet.process.cpu.time (s / 1 sec)[cpu.mode=user],Rate,0.5828500000000076
09/11/2026 05:55:22,System.Runtime,dotnet.process.cpu.time (s / 1 sec)[cpu.mode=system],Rate,0.04551700000000025
09/11/2026 05:55:22,System.Runtime,dotnet.process.cpu.count ({cpu}),Metric,15
09/11/2026 05:55:22,System.Runtime,dotnet.gc.pause.time (s / 1 sec),Rate,0
09/11/2026 05:55:22,System.Runtime,dotnet.thread_pool.queue.length ({work_item} / 1 sec),Rate,0
09/11/2026 05:55:22,System.Runtime,dotnet.gc.last_collection.memory.committed_size (By),Metric,0
09/11/2026 05:55:22,System.Runtime,dotnet.gc.last_collection.heap.fragmentation.size (By)[gc.heap.generation=gen0],Metric,0
09/11/2026 05:55:22,System.Runtime,dotnet.gc.last_collection.heap.fragmentation.size (By)[gc.heap.generation=gen2],Metric,0
09/11/2026 05:55:22,System.Runtime,dotnet.gc.last_collection.heap.fragmentation.size (By)[gc.heap.generation=loh],Metric,0
09/11/2026 05:55:22,System.Runtime,dotnet.gc.last_collection.heap.fragmentation.size (By)[gc.heap.generation=gen1],Metric,0
09/11/2026 05:55:22,System.Runtime,dotnet.gc.last_collection.heap.fragmentation.size (By)[gc.heap.generation=poh],Metric,0
09/11/2026 05:55:22,System.Runtime,dotnet.timer.count ({timer}),Metric,2
09/11/2026 05:55:22,System.Runtime,dotnet.assembly.count ({assembly}),Metric,61
09/11/2026 05:55:22,System.Runtime,dotnet.gc.heap.total_allocated (By / 1 sec),Rate,139400
09/11/2026 05:55:22,System.Runtime,dotnet.gc.last_collection.heap.size (By)[gc.heap.generation=gen0],Metric,0
09/11/2026 05:55:22,System.Runtime,dotnet.gc.last_collection.heap.size (By)[gc.heap.generation=gen2],Metric,0
09/11/2026 05:55:22,System.Runtime,dotnet.gc.last_collection.heap.size (By)[gc.heap.generation=loh],Metric,0
09/11/2026 05:55:22,System.Runtime,dotnet.gc.last_collection.heap.size (By)[gc.heap.generation=gen1],Metric,0
09/11/2026 05:55:22,System.Runtime,dotnet.gc.last_collection.heap.size (By)[gc.heap.generation=poh],Metric,0
09/11/2026 05:55:22,System.Runtime,dotnet.thread_pool.work_item.count ({work_item} / 1 sec),Rate,606
09/11/2026 05:55:22,System.Runtime,dotnet.process.memory.working_set (By),Metric,105496576
09/11/2026 05:55:22,System.Runtime,dotnet.thread_pool.thread.count ({thread} / 1 sec),Rate,0
09/11/2026 05:55:22,System.Runtime,dotnet.jit.compilation.time (s / 1 sec),Rate,0
09/11/2026 05:55:23,System.Runtime,dotnet.jit.compiled_il.size (By / 1 sec),Rate,0
09/11/2026 05:55:23,System.Runtime,dotnet.jit.compiled_methods ({method} / 1 sec),Rate,0
09/11/2026 05:55:23,System.Runtime,dotnet.monitor.lock_contentions ({contention} / 1 sec),Rate,0
09/11/2026 05:55:23,System.Runtime,dotnet.gc.collections ({collection} / 1 sec)[gc.heap.generation=gen0],Rate,0
09/11/2026 05:55:23,System.Runtime,dotnet.gc.collections ({collection} / 1 sec)[gc.heap.generation=gen2],Rate,0
09/11/2026 05:55:23,System.Runtime,dotnet.gc.collections ({collection} / 1 sec)[gc.heap.generation=gen1],Rate,0
09/11/2026 05:55:23,System.Runtime,dotnet.process.cpu.time (s / 1 sec)[cpu.mode=user],Rate,0.5726849999999928
09/11/2026 05:55:23,System.Runtime,dotnet.process.cpu.time (s / 1 sec)[cpu.mode=system],Rate,0.04766199999999987
09/11/2026 05:55:23,System.Runtime,dotnet.process.cpu.count ({cpu}),Metric,15
09/11/2026 05:55:23,System.Runtime,dotnet.gc.pause.time (s / 1 sec),Rate,0
09/11/2026 05:55:23,System.Runtime,dotnet.thread_pool.queue.length ({work_item} / 1 sec),Rate,0
09/11/2026 05:55:23,System.Runtime,dotnet.gc.last_collection.memory.committed_size (By),Metric,0
09/11/2026 05:55:23,System.Runtime,dotnet.gc.last_collection.heap.fragmentation.size (By)[gc.heap.generation=gen0],Metric,0
09/11/2026 05:55:23,System.Runtime,dotnet.gc.last_collection.heap.fragmentation.size (By)[gc.heap.generation=gen2],Metric,0
09/11/2026 05:55:23,System.Runtime,dotnet.gc.last_collection.heap.fragmentation.size (By)[gc.heap.generation=loh],Metric,0
09/11/2026 05:55:23,System.Runtime,dotnet.gc.last_collection.heap.fragmentation.size (By)[gc.heap.generation=gen1],Metric,0
09/11/2026 05:55:23,System.Runtime,dotnet.gc.last_collection.heap.fragmentation.size (By)[gc.heap.generation=poh],Metric,0
09/11/2026 05:55:23,System.Runtime,dotnet.timer.count ({timer}),Metric,2
09/11/2026 05:55:23,System.Runtime,dotnet.assembly.count ({assembly}),Metric,61
09/11/2026 05:55:23,System.Runtime,dotnet.gc.heap.total_allocated (By / 1 sec),Rate,131144
09/11/2026 05:55:23,System.Runtime,dotnet.gc.last_collection.heap.size (By)[gc.heap.generation=gen0],Metric,0
09/11/2026 05:55:23,System.Runtime,dotnet.gc.last_collection.heap.size (By)[gc.heap.generation=gen2],Metric,0
09/11/2026 05:55:23,System.Runtime,dotnet.gc.last_collection.heap.size (By)[gc.heap.generation=loh],Metric,0
09/11/2026 05:55:23,System.Runtime,dotnet.gc.last_collection.heap.size (By)[gc.heap.generation=gen1],Metric,0
09/11/2026 05:55:23,System.Runtime,dotnet.gc.last_collection.heap.size (By)[gc.heap.generation=poh],Metric,0
09/11/2026 05:55:23,System.Runtime,dotnet.thread_pool.work_item.count ({work_item} / 1 sec),Rate,603
09/11/2026 05:55:23,System.Runtime,dotnet.process.memory.working_set (By),Metric,105644032
09/11/2026 05:55:23,System.Runtime,dotnet.thread_pool.thread.count ({thread} / 1 sec),Rate,0
09/11/2026 05:55:23,System.Runtime,dotnet.jit.compilation.time (s / 1 sec),Rate,0
09/11/2026 05:55:24,System.Runtime,dotnet.jit.compiled_il.size (By / 1 sec),Rate,0
09/11/2026 05:55:24,System.Runtime,dotnet.jit.compiled_methods ({method} / 1 sec),Rate,0
09/11/2026 05:55:24,System.Runtime,dotnet.monitor.lock_contentions ({contention} / 1 sec),Rate,0
09/11/2026 05:55:24,System.Runtime,dotnet.gc.collections ({collection} / 1 sec)[gc.heap.generation=gen0],Rate,0
09/11/2026 05:55:24,System.Runtime,dotnet.gc.collections ({collection} / 1 sec)[gc.heap.generation=gen2],Rate,0
09/11/2026 05:55:24,System.Runtime,dotnet.gc.collections ({collection} / 1 sec)[gc.heap.generation=gen1],Rate,0
09/11/2026 05:55:24,System.Runtime,dotnet.process.cpu.time (s / 1 sec)[cpu.mode=user],Rate,0.5816789999999941
09/11/2026 05:55:24,System.Runtime,dotnet.process.cpu.time (s / 1 sec)[cpu.mode=system],Rate,0.04344400000000004
09/11/2026 05:55:24,System.Runtime,dotnet.process.cpu.count ({cpu}),Metric,15
09/11/2026 05:55:24,System.Runtime,dotnet.gc.pause.time (s / 1 sec),Rate,0
09/11/2026 05:55:24,System.Runtime,dotnet.thread_pool.queue.length ({work_item} / 1 sec),Rate,0
09/11/2026 05:55:24,System.Runtime,dotnet.gc.last_collection.memory.committed_size (By),Metric,0
09/11/2026 05:55:24,System.Runtime,dotnet.gc.last_collection.heap.fragmentation.size (By)[gc.heap.generation=gen0],Metric,0
09/11/2026 05:55:24,System.Runtime,dotnet.gc.last_collection.heap.fragmentation.size (By)[gc.heap.generation=gen2],Metric,0
09/11/2026 05:55:24,System.Runtime,dotnet.gc.last_collection.heap.fragmentation.size (By)[gc.heap.generation=loh],Metric,0
09/11/2026 05:55:24,System.Runtime,dotnet.gc.last_collection.heap.fragmentation.size (By)[gc.heap.generation=gen1],Metric,0
09/11/2026 05:55:24,System.Runtime,dotnet.gc.last_collection.heap.fragmentation.size (By)[gc.heap.generation=poh],Metric,0
09/11/2026 05:55:24,System.Runtime,dotnet.timer.count ({timer}),Metric,2
09/11/2026 05:55:24,System.Runtime,dotnet.assembly.count ({assembly}),Metric,61
09/11/2026 05:55:24,System.Runtime,dotnet.gc.heap.total_allocated (By / 1 sec),Rate,130176
09/11/2026 05:55:24,System.Runtime,dotnet.gc.last_collection.heap.size (By)[gc.heap.generation=gen0],Metric,0
09/11/2026 05:55:24,System.Runtime,dotnet.gc.last_collection.heap.size (By)[gc.heap.generation=gen2],Metric,0
09/11/2026 05:55:24,System.Runtime,dotnet.gc.last_collection.heap.size (By)[gc.heap.generation=loh],Metric,0
09/11/2026 05:55:24,System.Runtime,dotnet.gc.last_collection.heap.size (By)[gc.heap.generation=gen1],Metric,0
09/11/2026 05:55:24,System.Runtime,dotnet.gc.last_collection.heap.size (By)[gc.heap.generation=poh],Metric,0
09/11/2026 05:55:24,System.Runtime,dotnet.thread_pool.work_item.count ({work_item} / 1 sec),Rate,601
09/11/2026 05:55:24,System.Runtime,dotnet.process.memory.working_set (By),Metric,105775104
09/11/2026 05:55:24,System.Runtime,dotnet.thread_pool.thread.count ({thread} / 1 sec),Rate,0
09/11/2026 05:55:24,System.Runtime,dotnet.jit.compilation.time (s / 1 sec),Rate,0
09/11/2026 05:55:25,System.Runtime,dotnet.jit.compiled_il.size (By / 1 sec),Rate,0
09/11/2026 05:55:25,System.Runtime,dotnet.jit.compiled_methods ({method} / 1 sec),Rate,0
09/11/2026 05:55:25,System.Runtime,dotnet.monitor.lock_contentions ({contention} / 1 sec),Rate,0
09/11/2026 05:55:25,System.Runtime,dotnet.gc.collections ({collection} / 1 sec)[gc.heap.generation=gen0],Rate,0
09/11/2026 05:55:25,System.Runtime,dotnet.gc.collections ({collection} / 1 sec)[gc.heap.generation=gen2],Rate,0
09/11/2026 05:55:25,System.Runtime,dotnet.gc.collections ({collection} / 1 sec)[gc.heap.generation=gen1],Rate,0
09/11/2026 05:55:25,System.Runtime,dotnet.process.cpu.time (s / 1 sec)[cpu.mode=user],Rate,0.5720990000000086
09/11/2026 05:55:25,System.Runtime,dotnet.process.cpu.time (s / 1 sec)[cpu.mode=system],Rate,0.04906599999999983
09/11/2026 05:55:25,System.Runtime,dotnet.process.cpu.count ({cpu}),Metric,15
09/11/2026 05:55:25,System.Runtime,dotnet.gc.pause.time (s / 1 sec),Rate,0
09/11/2026 05:55:25,System.Runtime,dotnet.thread_pool.queue.length ({work_item} / 1 sec),Rate,0
09/11/2026 05:55:25,System.Runtime,dotnet.gc.last_collection.memory.committed_size (By),Metric,0
09/11/2026 05:55:25,System.Runtime,dotnet.gc.last_collection.heap.fragmentation.size (By)[gc.heap.generation=gen0],Metric,0
09/11/2026 05:55:25,System.Runtime,dotnet.gc.last_collection.heap.fragmentation.size (By)[gc.heap.generation=gen2],Metric,0
09/11/2026 05:55:25,System.Runtime,dotnet.gc.last_collection.heap.fragmentation.size (By)[gc.heap.generation=loh],Metric,0
09/11/2026 05:55:25,System.Runtime,dotnet.gc.last_collection.heap.fragmentation.size (By)[gc.heap.generation=gen1],Metric,0
09/11/2026 05:55:25,System.Runtime,dotnet.gc.last_collection.heap.fragmentation.size (By)[gc.heap.generation=poh],Metric,0
09/11/2026 05:55:25,System.Runtime,dotnet.timer.count ({timer}),Metric,2
09/11/2026 05:55:25,System.Runtime,dotnet.assembly.count ({assembly}),Metric,61
09/11/2026 05:55:25,System.Runtime,dotnet.gc.heap.total_allocated (By / 1 sec),Rate,139328
09/11/2026 05:55:25,System.Runtime,dotnet.gc.last_collection.heap.size (By)[gc.heap.generation=gen0],Metric,0
09/11/2026 05:55:25,System.Runtime,dotnet.gc.last_collection.heap.size (By)[gc.heap.generation=gen2],Metric,0
09/11/2026 05:55:25,System.Runtime,dotnet.gc.last_collection.heap.size (By)[gc.heap.generation=loh],Metric,0
09/11/2026 05:55:25,System.Runtime,dotnet.gc.last_collection.heap.size (By)[gc.heap.generation=gen1],Metric,0
09/11/2026 05:55:25,System.Runtime,dotnet.gc.last_collection.heap.size (By)[gc.heap.generation=poh],Metric,0
09/11/2026 05:55:25,System.Runtime,dotnet.thread_pool.work_item.count ({work_item} / 1 sec),Rate,603
09/11/2026 05:55:25,System.Runtime,dotnet.process.memory.working_set (By),Metric,105971712
09/11/2026 05:55:25,System.Runtime,dotnet.thread_pool.thread.count ({thread} / 1 sec),Rate,0
09/11/2026 05:55:25,System.Runtime,dotnet.jit.compilation.time (s / 1 sec),Rate,0
09/11/2026 05:55:26,System.Runtime,dotnet.jit.compiled_il.size (By / 1 sec),Rate,0
09/11/2026 05:55:26,System.Runtime,dotnet.jit.compiled_methods ({method} / 1 sec),Rate,0
09/11/2026 05:55:26,System.Runtime,dotnet.monitor.lock_contentions ({contention} / 1 sec),Rate,0
09/11/2026 05:55:26,System.Runtime,dotnet.gc.collections ({collection} / 1 sec)[gc.heap.generation=gen0],Rate,0
09/11/2026 05:55:26,System.Runtime,dotnet.gc.collections ({collection} / 1 sec)[gc.heap.generation=gen2],Rate,0
09/11/2026 05:55:26,System.Runtime,dotnet.gc.collections ({collection} / 1 sec)[gc.heap.generation=gen1],Rate,0
09/11/2026 05:55:26,System.Runtime,dotnet.process.cpu.time (s / 1 sec)[cpu.mode=user],Rate,0.5754469999999969
09/11/2026 05:55:26,System.Runtime,dotnet.process.cpu.time (s / 1 sec)[cpu.mode=system],Rate,0.04220399999999991
09/11/2026 05:55:26,System.Runtime,dotnet.process.cpu.count ({cpu}),Metric,15
09/11/2026 05:55:26,System.Runtime,dotnet.gc.pause.time (s / 1 sec),Rate,0
09/11/2026 05:55:26,System.Runtime,dotnet.thread_pool.queue.length ({work_item} / 1 sec),Rate,0
09/11/2026 05:55:26,System.Runtime,dotnet.gc.last_collection.memory.committed_size (By),Metric,0
09/11/2026 05:55:26,System.Runtime,dotnet.gc.last_collection.heap.fragmentation.size (By)[gc.heap.generation=gen0],Metric,0
09/11/2026 05:55:26,System.Runtime,dotnet.gc.last_collection.heap.fragmentation.size (By)[gc.heap.generation=gen2],Metric,0
09/11/2026 05:55:26,System.Runtime,dotnet.gc.last_collection.heap.fragmentation.size (By)[gc.heap.generation=loh],Metric,0
09/11/2026 05:55:26,System.Runtime,dotnet.gc.last_collection.heap.fragmentation.size (By)[gc.heap.generation=gen1],Metric,0
09/11/2026 05:55:26,System.Runtime,dotnet.gc.last_collection.heap.fragmentation.size (By)[gc.heap.generation=poh],Metric,0
09/11/2026 05:55:26,System.Runtime,dotnet.timer.count ({timer}),Metric,2
09/11/2026 05:55:26,System.Runtime,dotnet.assembly.count ({assembly}),Metric,61
09/11/2026 05:55:26,System.Runtime,dotnet.gc.heap.total_allocated (By / 1 sec),Rate,156760
09/11/2026 05:55:26,System.Runtime,dotnet.gc.last_collection.heap.size (By)[gc.heap.generation=gen0],Metric,0
09/11/2026 05:55:26,System.Runtime,dotnet.gc.last_collection.heap.size (By)[gc.heap.generation=gen2],Metric,0
09/11/2026 05:55:26,System.Runtime,dotnet.gc.last_collection.heap.size (By)[gc.heap.generation=loh],Metric,0
09/11/2026 05:55:26,System.Runtime,dotnet.gc.last_collection.heap.size (By)[gc.heap.generation=gen1],Metric,0
09/11/2026 05:55:26,System.Runtime,dotnet.gc.last_collection.heap.size (By)[gc.heap.generation=poh],Metric,0
09/11/2026 05:55:26,System.Runtime,dotnet.thread_pool.work_item.count ({work_item} / 1 sec),Rate,602
09/11/2026 05:55:26,System.Runtime,dotnet.process.memory.working_set (By),Metric,106119168
09/11/2026 05:55:26,System.Runtime,dotnet.thread_pool.thread.count ({thread} / 1 sec),Rate,0
09/11/2026 05:55:26,System.Runtime,dotnet.jit.compilation.time (s / 1 sec),Rate,0
09/11/2026 05:55:27,System.Runtime,dotnet.jit.compiled_il.size (By / 1 sec),Rate,0
09/11/2026 05:55:27,System.Runtime,dotnet.jit.compiled_methods ({method} / 1 sec),Rate,0
09/11/2026 05:55:27,System.Runtime,dotnet.monitor.lock_contentions ({contention} / 1 sec),Rate,0
09/11/2026 05:55:27,System.Runtime,dotnet.gc.collections ({collection} / 1 sec)[gc.heap.generation=gen0],Rate,0
09/11/2026 05:55:27,System.Runtime,dotnet.gc.collections ({collection} / 1 sec)[gc.heap.generation=gen2],Rate,0
09/11/2026 05:55:27,System.Runtime,dotnet.gc.collections ({collection} / 1 sec)[gc.heap.generation=gen1],Rate,0
09/11/2026 05:55:27,System.Runtime,dotnet.process.cpu.time (s / 1 sec)[cpu.mode=user],Rate,0.5748350000000073
09/11/2026 05:55:27,System.Runtime,dotnet.process.cpu.time (s / 1 sec)[cpu.mode=system],Rate,0.040310999999999986
09/11/2026 05:55:27,System.Runtime,dotnet.process.cpu.count ({cpu}),Metric,15
09/11/2026 05:55:27,System.Runtime,dotnet.gc.pause.time (s / 1 sec),Rate,0
09/11/2026 05:55:27,System.Runtime,dotnet.thread_pool.queue.length ({work_item} / 1 sec),Rate,0
09/11/2026 05:55:27,System.Runtime,dotnet.gc.last_collection.memory.committed_size (By),Metric,0
09/11/2026 05:55:27,System.Runtime,dotnet.gc.last_collection.heap.fragmentation.size (By)[gc.heap.generation=gen0],Metric,0
09/11/2026 05:55:27,System.Runtime,dotnet.gc.last_collection.heap.fragmentation.size (By)[gc.heap.generation=gen2],Metric,0
09/11/2026 05:55:27,System.Runtime,dotnet.gc.last_collection.heap.fragmentation.size (By)[gc.heap.generation=loh],Metric,0
09/11/2026 05:55:27,System.Runtime,dotnet.gc.last_collection.heap.fragmentation.size (By)[gc.heap.generation=gen1],Metric,0
09/11/2026 05:55:27,System.Runtime,dotnet.gc.last_collection.heap.fragmentation.size (By)[gc.heap.generation=poh],Metric,0
09/11/2026 05:55:27,System.Runtime,dotnet.timer.count ({timer}),Metric,2
09/11/2026 05:55:27,System.Runtime,dotnet.assembly.count ({assembly}),Metric,61
09/11/2026 05:55:27,System.Runtime,dotnet.gc.heap.total_allocated (By / 1 sec),Rate,121976
09/11/2026 05:55:27,System.Runtime,dotnet.gc.last_collection.heap.size (By)[gc.heap.generation=gen0],Metric,0
09/11/2026 05:55:27,System.Runtime,dotnet.gc.last_collection.heap.size (By)[gc.heap.generation=gen2],Metric,0
09/11/2026 05:55:27,System.Runtime,dotnet.gc.last_collection.heap.size (By)[gc.heap.generation=loh],Metric,0
09/11/2026 05:55:27,System.Runtime,dotnet.gc.last_collection.heap.size (By)[gc.heap.generation=gen1],Metric,0
09/11/2026 05:55:27,System.Runtime,dotnet.gc.last_collection.heap.size (By)[gc.heap.generation=poh],Metric,0
09/11/2026 05:55:27,System.Runtime,dotnet.thread_pool.work_item.count ({work_item} / 1 sec),Rate,602
09/11/2026 05:55:27,System.Runtime,dotnet.process.memory.working_set (By),Metric,106266624
09/11/2026 05:55:27,System.Runtime,dotnet.thread_pool.thread.count ({thread} / 1 sec),Rate,0
09/11/2026 05:55:27,System.Runtime,dotnet.jit.compilation.time (s / 1 sec),Rate,0
09/11/2026 05:55:28,System.Runtime,dotnet.jit.compiled_il.size (By / 1 sec),Rate,0
09/11/2026 05:55:28,System.Runtime,dotnet.jit.compiled_methods ({method} / 1 sec),Rate,0
09/11/2026 05:55:28,System.Runtime,dotnet.monitor.lock_contentions ({contention} / 1 sec),Rate,0
09/11/2026 05:55:28,System.Runtime,dotnet.gc.collections ({collection} / 1 sec)[gc.heap.generation=gen0],Rate,0
09/11/2026 05:55:28,System.Runtime,dotnet.gc.collections ({collection} / 1 sec)[gc.heap.generation=gen2],Rate,0
09/11/2026 05:55:28,System.Runtime,dotnet.gc.collections ({collection} / 1 sec)[gc.heap.generation=gen1],Rate,0
09/11/2026 05:55:28,System.Runtime,dotnet.process.cpu.time (s / 1 sec)[cpu.mode=user],Rate,0.5748189999999909
09/11/2026 05:55:28,System.Runtime,dotnet.process.cpu.time (s / 1 sec)[cpu.mode=system],Rate,0.03852200000000039
09/11/2026 05:55:28,System.Runtime,dotnet.process.cpu.count ({cpu}),Metric,15
09/11/2026 05:55:28,System.Runtime,dotnet.gc.pause.time (s / 1 sec),Rate,0
09/11/2026 05:55:28,System.Runtime,dotnet.thread_pool.queue.length ({work_item} / 1 sec),Rate,0
09/11/2026 05:55:28,System.Runtime,dotnet.gc.last_collection.memory.committed_size (By),Metric,0
09/11/2026 05:55:28,System.Runtime,dotnet.gc.last_collection.heap.fragmentation.size (By)[gc.heap.generation=gen0],Metric,0
09/11/2026 05:55:28,System.Runtime,dotnet.gc.last_collection.heap.fragmentation.size (By)[gc.heap.generation=gen2],Metric,0
09/11/2026 05:55:28,System.Runtime,dotnet.gc.last_collection.heap.fragmentation.size (By)[gc.heap.generation=loh],Metric,0
09/11/2026 05:55:28,System.Runtime,dotnet.gc.last_collection.heap.fragmentation.size (By)[gc.heap.generation=gen1],Metric,0
09/11/2026 05:55:28,System.Runtime,dotnet.gc.last_collection.heap.fragmentation.size (By)[gc.heap.generation=poh],Metric,0
09/11/2026 05:55:28,System.Runtime,dotnet.timer.count ({timer}),Metric,2
09/11/2026 05:55:28,System.Runtime,dotnet.assembly.count ({assembly}),Metric,61
09/11/2026 05:55:28,System.Runtime,dotnet.gc.heap.total_allocated (By / 1 sec),Rate,139400
09/11/2026 05:55:28,System.Runtime,dotnet.gc.last_collection.heap.size (By)[gc.heap.generation=gen0],Metric,0
09/11/2026 05:55:28,System.Runtime,dotnet.gc.last_collection.heap.size (By)[gc.heap.generation=gen2],Metric,0
09/11/2026 05:55:28,System.Runtime,dotnet.gc.last_collection.heap.size (By)[gc.heap.generation=loh],Metric,0
09/11/2026 05:55:28,System.Runtime,dotnet.gc.last_collection.heap.size (By)[gc.heap.generation=gen1],Metric,0
09/11/2026 05:55:28,System.Runtime,dotnet.gc.last_collection.heap.size (By)[gc.heap.generation=poh],Metric,0
09/11/2026 05:55:28,System.Runtime,dotnet.thread_pool.work_item.count ({work_item} / 1 sec),Rate,601
09/11/2026 05:55:28,System.Runtime,dotnet.process.memory.working_set (By),Metric,106446848
09/11/2026 05:55:28,System.Runtime,dotnet.thread_pool.thread.count ({thread} / 1 sec),Rate,0
09/11/2026 05:55:28,System.Runtime,dotnet.jit.compilation.time (s / 1 sec),Rate,0
09/11/2026 05:55:29,System.Runtime,dotnet.jit.compiled_il.size (By / 1 sec),Rate,0
09/11/2026 05:55:29,System.Runtime,dotnet.jit.compiled_methods ({method} / 1 sec),Rate,0
09/11/2026 05:55:29,System.Runtime,dotnet.monitor.lock_contentions ({contention} / 1 sec),Rate,0
09/11/2026 05:55:29,System.Runtime,dotnet.gc.collections ({collection} / 1 sec)[gc.heap.generation=gen0],Rate,0
09/11/2026 05:55:29,System.Runtime,dotnet.gc.collections ({collection} / 1 sec)[gc.heap.generation=gen2],Rate,0
09/11/2026 05:55:29,System.Runtime,dotnet.gc.collections ({collection} / 1 sec)[gc.heap.generation=gen1],Rate,0
09/11/2026 05:55:29,System.Runtime,dotnet.process.cpu.time (s / 1 sec)[cpu.mode=user],Rate,0.5766330000000011
09/11/2026 05:55:29,System.Runtime,dotnet.process.cpu.time (s / 1 sec)[cpu.mode=system],Rate,0.04303499999999971
09/11/2026 05:55:29,System.Runtime,dotnet.process.cpu.count ({cpu}),Metric,15
09/11/2026 05:55:29,System.Runtime,dotnet.gc.pause.time (s / 1 sec),Rate,0
09/11/2026 05:55:29,System.Runtime,dotnet.thread_pool.queue.length ({work_item} / 1 sec),Rate,0
09/11/2026 05:55:29,System.Runtime,dotnet.gc.last_collection.memory.committed_size (By),Metric,0
09/11/2026 05:55:29,System.Runtime,dotnet.gc.last_collection.heap.fragmentation.size (By)[gc.heap.generation=gen0],Metric,0
09/11/2026 05:55:29,System.Runtime,dotnet.gc.last_collection.heap.fragmentation.size (By)[gc.heap.generation=gen2],Metric,0
09/11/2026 05:55:29,System.Runtime,dotnet.gc.last_collection.heap.fragmentation.size (By)[gc.heap.generation=loh],Metric,0
09/11/2026 05:55:29,System.Runtime,dotnet.gc.last_collection.heap.fragmentation.size (By)[gc.heap.generation=gen1],Metric,0
09/11/2026 05:55:29,System.Runtime,dotnet.gc.last_collection.heap.fragmentation.size (By)[gc.heap.generation=poh],Metric,0
09/11/2026 05:55:29,System.Runtime,dotnet.timer.count ({timer}),Metric,2
09/11/2026 05:55:29,System.Runtime,dotnet.assembly.count ({assembly}),Metric,61
09/11/2026 05:55:29,System.Runtime,dotnet.gc.heap.total_allocated (By / 1 sec),Rate,146576
09/11/2026 05:55:29,System.Runtime,dotnet.gc.last_collection.heap.size (By)[gc.heap.generation=gen0],Metric,0
09/11/2026 05:55:29,System.Runtime,dotnet.gc.last_collection.heap.size (By)[gc.heap.generation=gen2],Metric,0
09/11/2026 05:55:29,System.Runtime,dotnet.gc.last_collection.heap.size (By)[gc.heap.generation=loh],Metric,0
09/11/2026 05:55:29,System.Runtime,dotnet.gc.last_collection.heap.size (By)[gc.heap.generation=gen1],Metric,0
09/11/2026 05:55:29,System.Runtime,dotnet.gc.last_collection.heap.size (By)[gc.heap.generation=poh],Metric,0
09/11/2026 05:55:29,System.Runtime,dotnet.thread_pool.work_item.count ({work_item} / 1 sec),Rate,603
09/11/2026 05:55:29,System.Runtime,dotnet.process.memory.working_set (By),Metric,106610688
09/11/2026 05:55:29,System.Runtime,dotnet.thread_pool.thread.count ({thread} / 1 sec),Rate,0
09/11/2026 05:55:29,System.Runtime,dotnet.jit.compilation.time (s / 1 sec),Rate,0
09/11/2026 05:55:30,System.Runtime,dotnet.jit.compiled_il.size (By / 1 sec),Rate,0
09/11/2026 05:55:30,System.Runtime,dotnet.jit.compiled_methods ({method} / 1 sec),Rate,0
09/11/2026 05:55:30,System.Runtime,dotnet.monitor.lock_contentions ({contention} / 1 sec),Rate,0
09/11/2026 05:55:30,System.Runtime,dotnet.gc.collections ({collection} / 1 sec)[gc.heap.generation=gen0],Rate,0
09/11/2026 05:55:30,System.Runtime,dotnet.gc.collections ({collection} / 1 sec)[gc.heap.generation=gen2],Rate,0
09/11/2026 05:55:30,System.Runtime,dotnet.gc.collections ({collection} / 1 sec)[gc.heap.generation=gen1],Rate,0
09/11/2026 05:55:30,System.Runtime,dotnet.process.cpu.time (s / 1 sec)[cpu.mode=user],Rate,0.5810960000000023
09/11/2026 05:55:30,System.Runtime,dotnet.process.cpu.time (s / 1 sec)[cpu.mode=system],Rate,0.04314600000000013
09/11/2026 05:55:30,System.Runtime,dotnet.process.cpu.count ({cpu}),Metric,15
09/11/2026 05:55:30,System.Runtime,dotnet.gc.pause.time (s / 1 sec),Rate,0
09/11/2026 05:55:30,System.Runtime,dotnet.thread_pool.queue.length ({work_item} / 1 sec),Rate,0
09/11/2026 05:55:30,System.Runtime,dotnet.gc.last_collection.memory.committed_size (By),Metric,0
09/11/2026 05:55:30,System.Runtime,dotnet.gc.last_collection.heap.fragmentation.size (By)[gc.heap.generation=gen0],Metric,0
09/11/2026 05:55:30,System.Runtime,dotnet.gc.last_collection.heap.fragmentation.size (By)[gc.heap.generation=gen2],Metric,0
09/11/2026 05:55:30,System.Runtime,dotnet.gc.last_collection.heap.fragmentation.size (By)[gc.heap.generation=loh],Metric,0
09/11/2026 05:55:30,System.Runtime,dotnet.gc.last_collection.heap.fragmentation.size (By)[gc.heap.generation=gen1],Metric,0
09/11/2026 05:55:30,System.Runtime,dotnet.gc.last_collection.heap.fragmentation.size (By)[gc.heap.generation=poh],Metric,0
09/11/2026 05:55:30,System.Runtime,dotnet.timer.count ({timer}),Metric,2
09/11/2026 05:55:30,System.Runtime,dotnet.assembly.count ({assembly}),Metric,61
09/11/2026 05:55:30,System.Runtime,dotnet.gc.heap.total_allocated (By / 1 sec),Rate,122960
09/11/2026 05:55:30,System.Runtime,dotnet.gc.last_collection.heap.size (By)[gc.heap.generation=gen0],Metric,0
09/11/2026 05:55:30,System.Runtime,dotnet.gc.last_collection.heap.size (By)[gc.heap.generation=gen2],Metric,0
09/11/2026 05:55:30,System.Runtime,dotnet.gc.last_collection.heap.size (By)[gc.heap.generation=loh],Metric,0
09/11/2026 05:55:30,System.Runtime,dotnet.gc.last_collection.heap.size (By)[gc.heap.generation=gen1],Metric,0
09/11/2026 05:55:30,System.Runtime,dotnet.gc.last_collection.heap.size (By)[gc.heap.generation=poh],Metric,0
09/11/2026 05:55:30,System.Runtime,dotnet.thread_pool.work_item.count ({work_item} / 1 sec),Rate,601
09/11/2026 05:55:30,System.Runtime,dotnet.process.memory.working_set (By),Metric,106741760
09/11/2026 05:55:30,System.Runtime,dotnet.thread_pool.thread.count ({thread} / 1 sec),Rate,0
09/11/2026 05:55:30,System.Runtime,dotnet.jit.compilation.time (s / 1 sec),Rate,0
09/11/2026 05:55:31,System.Runtime,dotnet.jit.compiled_il.size (By / 1 sec),Rate,0
09/11/2026 05:55:31,System.Runtime,dotnet.jit.compiled_methods ({method} / 1 sec),Rate,0
09/11/2026 05:55:31,System.Runtime,dotnet.monitor.lock_contentions ({contention} / 1 sec),Rate,0
09/11/2026 05:55:31,System.Runtime,dotnet.gc.collections ({collection} / 1 sec)[gc.heap.generation=gen0],Rate,0
09/11/2026 05:55:31,System.Runtime,dotnet.gc.collections ({collection} / 1 sec)[gc.heap.generation=gen2],Rate,0
09/11/2026 05:55:31,System.Runtime,dotnet.gc.collections ({collection} / 1 sec)[gc.heap.generation=gen1],Rate,0
09/11/2026 05:55:31,System.Runtime,dotnet.process.cpu.time (s / 1 sec)[cpu.mode=user],Rate,0.5726020000000034
09/11/2026 05:55:31,System.Runtime,dotnet.process.cpu.time (s / 1 sec)[cpu.mode=system],Rate,0.04121600000000036
09/11/2026 05:55:31,System.Runtime,dotnet.process.cpu.count ({cpu}),Metric,15
09/11/2026 05:55:31,System.Runtime,dotnet.gc.pause.time (s / 1 sec),Rate,0
09/11/2026 05:55:31,System.Runtime,dotnet.thread_pool.queue.length ({work_item} / 1 sec),Rate,0
09/11/2026 05:55:31,System.Runtime,dotnet.gc.last_collection.memory.committed_size (By),Metric,0
09/11/2026 05:55:31,System.Runtime,dotnet.gc.last_collection.heap.fragmentation.size (By)[gc.heap.generation=gen0],Metric,0
09/11/2026 05:55:31,System.Runtime,dotnet.gc.last_collection.heap.fragmentation.size (By)[gc.heap.generation=gen2],Metric,0
09/11/2026 05:55:31,System.Runtime,dotnet.gc.last_collection.heap.fragmentation.size (By)[gc.heap.generation=loh],Metric,0
09/11/2026 05:55:31,System.Runtime,dotnet.gc.last_collection.heap.fragmentation.size (By)[gc.heap.generation=gen1],Metric,0
09/11/2026 05:55:31,System.Runtime,dotnet.gc.last_collection.heap.fragmentation.size (By)[gc.heap.generation=poh],Metric,0
09/11/2026 05:55:31,System.Runtime,dotnet.timer.count ({timer}),Metric,2
09/11/2026 05:55:31,System.Runtime,dotnet.assembly.count ({assembly}),Metric,61
09/11/2026 05:55:31,System.Runtime,dotnet.gc.heap.total_allocated (By / 1 sec),Rate,138392
09/11/2026 05:55:31,System.Runtime,dotnet.gc.last_collection.heap.size (By)[gc.heap.generation=gen0],Metric,0
09/11/2026 05:55:31,System.Runtime,dotnet.gc.last_collection.heap.size (By)[gc.heap.generation=gen2],Metric,0
09/11/2026 05:55:31,System.Runtime,dotnet.gc.last_collection.heap.size (By)[gc.heap.generation=loh],Metric,0
09/11/2026 05:55:31,System.Runtime,dotnet.gc.last_collection.heap.size (By)[gc.heap.generation=gen1],Metric,0
09/11/2026 05:55:31,System.Runtime,dotnet.gc.last_collection.heap.size (By)[gc.heap.generation=poh],Metric,0
09/11/2026 05:55:31,System.Runtime,dotnet.thread_pool.work_item.count ({work_item} / 1 sec),Rate,602
09/11/2026 05:55:31,System.Runtime,dotnet.process.memory.working_set (By),Metric,106921984
09/11/2026 05:55:31,System.Runtime,dotnet.thread_pool.thread.count ({thread} / 1 sec),Rate,0
09/11/2026 05:55:31,System.Runtime,dotnet.jit.compilation.time (s / 1 sec),Rate,0
09/11/2026 05:55:32,System.Runtime,dotnet.jit.compiled_il.size (By / 1 sec),Rate,0
09/11/2026 05:55:32,System.Runtime,dotnet.jit.compiled_methods ({method} / 1 sec),Rate,0
09/11/2026 05:55:32,System.Runtime,dotnet.monitor.lock_contentions ({contention} / 1 sec),Rate,0
09/11/2026 05:55:32,System.Runtime,dotnet.gc.collections ({collection} / 1 sec)[gc.heap.generation=gen0],Rate,0
09/11/2026 05:55:32,System.Runtime,dotnet.gc.collections ({collection} / 1 sec)[gc.heap.generation=gen2],Rate,0
09/11/2026 05:55:32,System.Runtime,dotnet.gc.collections ({collection} / 1 sec)[gc.heap.generation=gen1],Rate,0
09/11/2026 05:55:32,System.Runtime,dotnet.process.cpu.time (s / 1 sec)[cpu.mode=user],Rate,0.5741259999999926
09/11/2026 05:55:32,System.Runtime,dotnet.process.cpu.time (s / 1 sec)[cpu.mode=system],Rate,0.04144699999999979
09/11/2026 05:55:32,System.Runtime,dotnet.process.cpu.count ({cpu}),Metric,15
09/11/2026 05:55:32,System.Runtime,dotnet.gc.pause.time (s / 1 sec),Rate,0
09/11/2026 05:55:32,System.Runtime,dotnet.thread_pool.queue.length ({work_item} / 1 sec),Rate,0
09/11/2026 05:55:32,System.Runtime,dotnet.gc.last_collection.memory.committed_size (By),Metric,0
09/11/2026 05:55:32,System.Runtime,dotnet.gc.last_collection.heap.fragmentation.size (By)[gc.heap.generation=gen0],Metric,0
09/11/2026 05:55:32,System.Runtime,dotnet.gc.last_collection.heap.fragmentation.size (By)[gc.heap.generation=gen2],Metric,0
09/11/2026 05:55:32,System.Runtime,dotnet.gc.last_collection.heap.fragmentation.size (By)[gc.heap.generation=loh],Metric,0
09/11/2026 05:55:32,System.Runtime,dotnet.gc.last_collection.heap.fragmentation.size (By)[gc.heap.generation=gen1],Metric,0
09/11/2026 05:55:32,System.Runtime,dotnet.gc.last_collection.heap.fragmentation.size (By)[gc.heap.generation=poh],Metric,0
09/11/2026 05:55:32,System.Runtime,dotnet.timer.count ({timer}),Metric,2
09/11/2026 05:55:32,System.Runtime,dotnet.assembly.count ({assembly}),Metric,61
09/11/2026 05:55:32,System.Runtime,dotnet.gc.heap.total_allocated (By / 1 sec),Rate,147600
09/11/2026 05:55:32,System.Runtime,dotnet.gc.last_collection.heap.size (By)[gc.heap.generation=gen0],Metric,0
09/11/2026 05:55:32,System.Runtime,dotnet.gc.last_collection.heap.size (By)[gc.heap.generation=gen2],Metric,0
09/11/2026 05:55:32,System.Runtime,dotnet.gc.last_collection.heap.size (By)[gc.heap.generation=loh],Metric,0
09/11/2026 05:55:32,System.Runtime,dotnet.gc.last_collection.heap.size (By)[gc.heap.generation=gen1],Metric,0
09/11/2026 05:55:32,System.Runtime,dotnet.gc.last_collection.heap.size (By)[gc.heap.generation=poh],Metric,0
09/11/2026 05:55:32,System.Runtime,dotnet.thread_pool.work_item.count ({work_item} / 1 sec),Rate,601
09/11/2026 05:55:32,System.Runtime,dotnet.process.memory.working_set (By),Metric,107069440
09/11/2026 05:55:32,System.Runtime,dotnet.thread_pool.thread.count ({thread} / 1 sec),Rate,0
09/11/2026 05:55:32,System.Runtime,dotnet.jit.compilation.time (s / 1 sec),Rate,0
09/11/2026 05:55:33,System.Runtime,dotnet.jit.compiled_il.size (By / 1 sec),Rate,0
09/11/2026 05:55:33,System.Runtime,dotnet.jit.compiled_methods ({method} / 1 sec),Rate,0
09/11/2026 05:55:33,System.Runtime,dotnet.monitor.lock_contentions ({contention} / 1 sec),Rate,0
09/11/2026 05:55:33,System.Runtime,dotnet.gc.collections ({collection} / 1 sec)[gc.heap.generation=gen0],Rate,0
09/11/2026 05:55:33,System.Runtime,dotnet.gc.collections ({collection} / 1 sec)[gc.heap.generation=gen2],Rate,0
09/11/2026 05:55:33,System.Runtime,dotnet.gc.collections ({collection} / 1 sec)[gc.heap.generation=gen1],Rate,0
09/11/2026 05:55:33,System.Runtime,dotnet.process.cpu.time (s / 1 sec)[cpu.mode=user],Rate,0.5813789999999983
09/11/2026 05:55:33,System.Runtime,dotnet.process.cpu.time (s / 1 sec)[cpu.mode=system],Rate,0.04087499999999977
09/11/2026 05:55:33,System.Runtime,dotnet.process.cpu.count ({cpu}),Metric,15
09/11/2026 05:55:33,System.Runtime,dotnet.gc.pause.time (s / 1 sec),Rate,0
09/11/2026 05:55:33,System.Runtime,dotnet.thread_pool.queue.length ({work_item} / 1 sec),Rate,0
09/11/2026 05:55:33,System.Runtime,dotnet.gc.last_collection.memory.committed_size (By),Metric,0
09/11/2026 05:55:33,System.Runtime,dotnet.gc.last_collection.heap.fragmentation.size (By)[gc.heap.generation=gen0],Metric,0
09/11/2026 05:55:33,System.Runtime,dotnet.gc.last_collection.heap.fragmentation.size (By)[gc.heap.generation=gen2],Metric,0
09/11/2026 05:55:33,System.Runtime,dotnet.gc.last_collection.heap.fragmentation.size (By)[gc.heap.generation=loh],Metric,0
09/11/2026 05:55:33,System.Runtime,dotnet.gc.last_collection.heap.fragmentation.size (By)[gc.heap.generation=gen1],Metric,0
09/11/2026 05:55:33,System.Runtime,dotnet.gc.last_collection.heap.fragmentation.size (By)[gc.heap.generation=poh],Metric,0
09/11/2026 05:55:33,System.Runtime,dotnet.timer.count ({timer}),Metric,2
09/11/2026 05:55:33,System.Runtime,dotnet.assembly.count ({assembly}),Metric,61
09/11/2026 05:55:33,System.Runtime,dotnet.gc.heap.total_allocated (By / 1 sec),Rate,122968
09/11/2026 05:55:33,System.Runtime,dotnet.gc.last_collection.heap.size (By)[gc.heap.generation=gen0],Metric,0
09/11/2026 05:55:33,System.Runtime,dotnet.gc.last_collection.heap.size (By)[gc.heap.generation=gen2],Metric,0
09/11/2026 05:55:33,System.Runtime,dotnet.gc.last_collection.heap.size (By)[gc.heap.generation=loh],Metric,0
09/11/2026 05:55:33,System.Runtime,dotnet.gc.last_collection.heap.size (By)[gc.heap.generation=gen1],Metric,0
09/11/2026 05:55:33,System.Runtime,dotnet.gc.last_collection.heap.size (By)[gc.heap.generation=poh],Metric,0
09/11/2026 05:55:33,System.Runtime,dotnet.thread_pool.work_item.count ({work_item} / 1 sec),Rate,601
09/11/2026 05:55:33,System.Runtime,dotnet.process.memory.working_set (By),Metric,107200512
09/11/2026 05:55:33,System.Runtime,dotnet.thread_pool.thread.count ({thread} / 1 sec),Rate,0
09/11/2026 05:55:33,System.Runtime,dotnet.jit.compilation.time (s / 1 sec),Rate,0
09/11/2026 05:55:34,System.Runtime,dotnet.jit.compiled_il.size (By / 1 sec),Rate,0
09/11/2026 05:55:34,System.Runtime,dotnet.jit.compiled_methods ({method} / 1 sec),Rate,0
09/11/2026 05:55:34,System.Runtime,dotnet.monitor.lock_contentions ({contention} / 1 sec),Rate,0
09/11/2026 05:55:34,System.Runtime,dotnet.gc.collections ({collection} / 1 sec)[gc.heap.generation=gen0],Rate,0
09/11/2026 05:55:34,System.Runtime,dotnet.gc.collections ({collection} / 1 sec)[gc.heap.generation=gen2],Rate,0
09/11/2026 05:55:34,System.Runtime,dotnet.gc.collections ({collection} / 1 sec)[gc.heap.generation=gen1],Rate,0
09/11/2026 05:55:34,System.Runtime,dotnet.process.cpu.time (s / 1 sec)[cpu.mode=user],Rate,0.5738800000000026
09/11/2026 05:55:34,System.Runtime,dotnet.process.cpu.time (s / 1 sec)[cpu.mode=system],Rate,0.04374099999999981
09/11/2026 05:55:34,System.Runtime,dotnet.process.cpu.count ({cpu}),Metric,15
09/11/2026 05:55:34,System.Runtime,dotnet.gc.pause.time (s / 1 sec),Rate,0
09/11/2026 05:55:34,System.Runtime,dotnet.thread_pool.queue.length ({work_item} / 1 sec),Rate,0
09/11/2026 05:55:34,System.Runtime,dotnet.gc.last_collection.memory.committed_size (By),Metric,0
09/11/2026 05:55:34,System.Runtime,dotnet.gc.last_collection.heap.fragmentation.size (By)[gc.heap.generation=gen0],Metric,0
09/11/2026 05:55:34,System.Runtime,dotnet.gc.last_collection.heap.fragmentation.size (By)[gc.heap.generation=gen2],Metric,0
09/11/2026 05:55:34,System.Runtime,dotnet.gc.last_collection.heap.fragmentation.size (By)[gc.heap.generation=loh],Metric,0
09/11/2026 05:55:34,System.Runtime,dotnet.gc.last_collection.heap.fragmentation.size (By)[gc.heap.generation=gen1],Metric,0
09/11/2026 05:55:34,System.Runtime,dotnet.gc.last_collection.heap.fragmentation.size (By)[gc.heap.generation=poh],Metric,0
09/11/2026 05:55:34,System.Runtime,dotnet.timer.count ({timer}),Metric,2
09/11/2026 05:55:34,System.Runtime,dotnet.assembly.count ({assembly}),Metric,61
09/11/2026 05:55:34,System.Runtime,dotnet.gc.heap.total_allocated (By / 1 sec),Rate,147600
09/11/2026 05:55:34,System.Runtime,dotnet.gc.last_collection.heap.size (By)[gc.heap.generation=gen0],Metric,0
09/11/2026 05:55:34,System.Runtime,dotnet.gc.last_collection.heap.size (By)[gc.heap.generation=gen2],Metric,0
09/11/2026 05:55:34,System.Runtime,dotnet.gc.last_collection.heap.size (By)[gc.heap.generation=loh],Metric,0
09/11/2026 05:55:34,System.Runtime,dotnet.gc.last_collection.heap.size (By)[gc.heap.generation=gen1],Metric,0
09/11/2026 05:55:34,System.Runtime,dotnet.gc.last_collection.heap.size (By)[gc.heap.generation=poh],Metric,0
09/11/2026 05:55:34,System.Runtime,dotnet.thread_pool.work_item.count ({work_item} / 1 sec),Rate,601
09/11/2026 05:55:34,System.Runtime,dotnet.process.memory.working_set (By),Metric,107364352
09/11/2026 05:55:34,System.Runtime,dotnet.thread_pool.thread.count ({thread} / 1 sec),Rate,0
09/11/2026 05:55:34,System.Runtime,dotnet.jit.compilation.time (s / 1 sec),Rate,0
09/11/2026 05:55:35,System.Runtime,dotnet.jit.compiled_il.size (By / 1 sec),Rate,0
09/11/2026 05:55:35,System.Runtime,dotnet.jit.compiled_methods ({method} / 1 sec),Rate,0
09/11/2026 05:55:35,System.Runtime,dotnet.monitor.lock_contentions ({contention} / 1 sec),Rate,0
09/11/2026 05:55:35,System.Runtime,dotnet.gc.collections ({collection} / 1 sec)[gc.heap.generation=gen0],Rate,0
09/11/2026 05:55:35,System.Runtime,dotnet.gc.collections ({collection} / 1 sec)[gc.heap.generation=gen2],Rate,0
09/11/2026 05:55:35,System.Runtime,dotnet.gc.collections ({collection} / 1 sec)[gc.heap.generation=gen1],Rate,0
09/11/2026 05:55:35,System.Runtime,dotnet.process.cpu.time (s / 1 sec)[cpu.mode=user],Rate,0.5788280000000015
09/11/2026 05:55:35,System.Runtime,dotnet.process.cpu.time (s / 1 sec)[cpu.mode=system],Rate,0.043379999999999974
09/11/2026 05:55:35,System.Runtime,dotnet.process.cpu.count ({cpu}),Metric,15
09/11/2026 05:55:35,System.Runtime,dotnet.gc.pause.time (s / 1 sec),Rate,0
09/11/2026 05:55:35,System.Runtime,dotnet.thread_pool.queue.length ({work_item} / 1 sec),Rate,0
09/11/2026 05:55:35,System.Runtime,dotnet.gc.last_collection.memory.committed_size (By),Metric,0
09/11/2026 05:55:35,System.Runtime,dotnet.gc.last_collection.heap.fragmentation.size (By)[gc.heap.generation=gen0],Metric,0
09/11/2026 05:55:35,System.Runtime,dotnet.gc.last_collection.heap.fragmentation.size (By)[gc.heap.generation=gen2],Metric,0
09/11/2026 05:55:35,System.Runtime,dotnet.gc.last_collection.heap.fragmentation.size (By)[gc.heap.generation=loh],Metric,0
09/11/2026 05:55:35,System.Runtime,dotnet.gc.last_collection.heap.fragmentation.size (By)[gc.heap.generation=gen1],Metric,0
09/11/2026 05:55:35,System.Runtime,dotnet.gc.last_collection.heap.fragmentation.size (By)[gc.heap.generation=poh],Metric,0
09/11/2026 05:55:35,System.Runtime,dotnet.timer.count ({timer}),Metric,2
09/11/2026 05:55:35,System.Runtime,dotnet.assembly.count ({assembly}),Metric,61
09/11/2026 05:55:35,System.Runtime,dotnet.gc.heap.total_allocated (By / 1 sec),Rate,130712
09/11/2026 05:55:35,System.Runtime,dotnet.gc.last_collection.heap.size (By)[gc.heap.generation=gen0],Metric,0
09/11/2026 05:55:35,System.Runtime,dotnet.gc.last_collection.heap.size (By)[gc.heap.generation=gen2],Metric,0
09/11/2026 05:55:35,System.Runtime,dotnet.gc.last_collection.heap.size (By)[gc.heap.generation=loh],Metric,0
09/11/2026 05:55:35,System.Runtime,dotnet.gc.last_collection.heap.size (By)[gc.heap.generation=gen1],Metric,0
09/11/2026 05:55:35,System.Runtime,dotnet.gc.last_collection.heap.size (By)[gc.heap.generation=poh],Metric,0
09/11/2026 05:55:35,System.Runtime,dotnet.thread_pool.work_item.count ({work_item} / 1 sec),Rate,601
09/11/2026 05:55:35,System.Runtime,dotnet.process.memory.working_set (By),Metric,107511808
09/11/2026 05:55:35,System.Runtime,dotnet.thread_pool.thread.count ({thread} / 1 sec),Rate,0
09/11/2026 05:55:35,System.Runtime,dotnet.jit.compilation.time (s / 1 sec),Rate,0
09/11/2026 05:55:36,System.Runtime,dotnet.jit.compiled_il.size (By / 1 sec),Rate,0
09/11/2026 05:55:36,System.Runtime,dotnet.jit.compiled_methods ({method} / 1 sec),Rate,0
09/11/2026 05:55:36,System.Runtime,dotnet.monitor.lock_contentions ({contention} / 1 sec),Rate,1
09/11/2026 05:55:36,System.Runtime,dotnet.gc.collections ({collection} / 1 sec)[gc.heap.generation=gen0],Rate,0
09/11/2026 05:55:36,System.Runtime,dotnet.gc.collections ({collection} / 1 sec)[gc.heap.generation=gen2],Rate,0
09/11/2026 05:55:36,System.Runtime,dotnet.gc.collections ({collection} / 1 sec)[gc.heap.generation=gen1],Rate,0
09/11/2026 05:55:36,System.Runtime,dotnet.process.cpu.time (s / 1 sec)[cpu.mode=user],Rate,0.5825200000000024
09/11/2026 05:55:36,System.Runtime,dotnet.process.cpu.time (s / 1 sec)[cpu.mode=system],Rate,0.0452060000000003
09/11/2026 05:55:36,System.Runtime,dotnet.process.cpu.count ({cpu}),Metric,15
09/11/2026 05:55:36,System.Runtime,dotnet.gc.pause.time (s / 1 sec),Rate,0
09/11/2026 05:55:36,System.Runtime,dotnet.thread_pool.queue.length ({work_item} / 1 sec),Rate,0
09/11/2026 05:55:36,System.Runtime,dotnet.gc.last_collection.memory.committed_size (By),Metric,0
09/11/2026 05:55:36,System.Runtime,dotnet.gc.last_collection.heap.fragmentation.size (By)[gc.heap.generation=gen0],Metric,0
09/11/2026 05:55:36,System.Runtime,dotnet.gc.last_collection.heap.fragmentation.size (By)[gc.heap.generation=gen2],Metric,0
09/11/2026 05:55:36,System.Runtime,dotnet.gc.last_collection.heap.fragmentation.size (By)[gc.heap.generation=loh],Metric,0
09/11/2026 05:55:36,System.Runtime,dotnet.gc.last_collection.heap.fragmentation.size (By)[gc.heap.generation=gen1],Metric,0
09/11/2026 05:55:36,System.Runtime,dotnet.gc.last_collection.heap.fragmentation.size (By)[gc.heap.generation=poh],Metric,0
09/11/2026 05:55:36,System.Runtime,dotnet.timer.count ({timer}),Metric,2
09/11/2026 05:55:36,System.Runtime,dotnet.assembly.count ({assembly}),Metric,61
09/11/2026 05:55:36,System.Runtime,dotnet.gc.heap.total_allocated (By / 1 sec),Rate,138392
09/11/2026 05:55:36,System.Runtime,dotnet.gc.last_collection.heap.size (By)[gc.heap.generation=gen0],Metric,0
09/11/2026 05:55:36,System.Runtime,dotnet.gc.last_collection.heap.size (By)[gc.heap.generation=gen2],Metric,0
09/11/2026 05:55:36,System.Runtime,dotnet.gc.last_collection.heap.size (By)[gc.heap.generation=loh],Metric,0
09/11/2026 05:55:36,System.Runtime,dotnet.gc.last_collection.heap.size (By)[gc.heap.generation=gen1],Metric,0
09/11/2026 05:55:36,System.Runtime,dotnet.gc.last_collection.heap.size (By)[gc.heap.generation=poh],Metric,0
09/11/2026 05:55:36,System.Runtime,dotnet.thread_pool.work_item.count ({work_item} / 1 sec),Rate,602
09/11/2026 05:55:36,System.Runtime,dotnet.process.memory.working_set (By),Metric,107659264
09/11/2026 05:55:36,System.Runtime,dotnet.thread_pool.thread.count ({thread} / 1 sec),Rate,0
09/11/2026 05:55:36,System.Runtime,dotnet.jit.compilation.time (s / 1 sec),Rate,0
09/11/2026 05:55:37,System.Runtime,dotnet.jit.compiled_il.size (By / 1 sec),Rate,0
09/11/2026 05:55:37,System.Runtime,dotnet.jit.compiled_methods ({method} / 1 sec),Rate,0
09/11/2026 05:55:37,System.Runtime,dotnet.monitor.lock_contentions ({contention} / 1 sec),Rate,0
09/11/2026 05:55:37,System.Runtime,dotnet.gc.collections ({collection} / 1 sec)[gc.heap.generation=gen0],Rate,0
09/11/2026 05:55:37,System.Runtime,dotnet.gc.collections ({collection} / 1 sec)[gc.heap.generation=gen2],Rate,0
09/11/2026 05:55:37,System.Runtime,dotnet.gc.collections ({collection} / 1 sec)[gc.heap.generation=gen1],Rate,0
09/11/2026 05:55:37,System.Runtime,dotnet.process.cpu.time (s / 1 sec)[cpu.mode=user],Rate,0.5818429999999921
09/11/2026 05:55:37,System.Runtime,dotnet.process.cpu.time (s / 1 sec)[cpu.mode=system],Rate,0.043260000000000076
09/11/2026 05:55:37,System.Runtime,dotnet.process.cpu.count ({cpu}),Metric,15
09/11/2026 05:55:37,System.Runtime,dotnet.gc.pause.time (s / 1 sec),Rate,0
09/11/2026 05:55:37,System.Runtime,dotnet.thread_pool.queue.length ({work_item} / 1 sec),Rate,0
09/11/2026 05:55:37,System.Runtime,dotnet.gc.last_collection.memory.committed_size (By),Metric,0
09/11/2026 05:55:37,System.Runtime,dotnet.gc.last_collection.heap.fragmentation.size (By)[gc.heap.generation=gen0],Metric,0
09/11/2026 05:55:37,System.Runtime,dotnet.gc.last_collection.heap.fragmentation.size (By)[gc.heap.generation=gen2],Metric,0
09/11/2026 05:55:37,System.Runtime,dotnet.gc.last_collection.heap.fragmentation.size (By)[gc.heap.generation=loh],Metric,0
09/11/2026 05:55:37,System.Runtime,dotnet.gc.last_collection.heap.fragmentation.size (By)[gc.heap.generation=gen1],Metric,0
09/11/2026 05:55:37,System.Runtime,dotnet.gc.last_collection.heap.fragmentation.size (By)[gc.heap.generation=poh],Metric,0
09/11/2026 05:55:37,System.Runtime,dotnet.timer.count ({timer}),Metric,2
09/11/2026 05:55:37,System.Runtime,dotnet.assembly.count ({assembly}),Metric,61
09/11/2026 05:55:37,System.Runtime,dotnet.gc.heap.total_allocated (By / 1 sec),Rate,140136
09/11/2026 05:55:37,System.Runtime,dotnet.gc.last_collection.heap.size (By)[gc.heap.generation=gen0],Metric,0
09/11/2026 05:55:37,System.Runtime,dotnet.gc.last_collection.heap.size (By)[gc.heap.generation=gen2],Metric,0
09/11/2026 05:55:37,System.Runtime,dotnet.gc.last_collection.heap.size (By)[gc.heap.generation=loh],Metric,0
09/11/2026 05:55:37,System.Runtime,dotnet.gc.last_collection.heap.size (By)[gc.heap.generation=gen1],Metric,0
09/11/2026 05:55:37,System.Runtime,dotnet.gc.last_collection.heap.size (By)[gc.heap.generation=poh],Metric,0
09/11/2026 05:55:37,System.Runtime,dotnet.thread_pool.work_item.count ({work_item} / 1 sec),Rate,601
09/11/2026 05:55:37,System.Runtime,dotnet.process.memory.working_set (By),Metric,107839488
09/11/2026 05:55:37,System.Runtime,dotnet.thread_pool.thread.count ({thread} / 1 sec),Rate,0
09/11/2026 05:55:37,System.Runtime,dotnet.jit.compilation.time (s / 1 sec),Rate,0
09/11/2026 05:55:38,System.Runtime,dotnet.jit.compiled_il.size (By / 1 sec),Rate,0
09/11/2026 05:55:38,System.Runtime,dotnet.jit.compiled_methods ({method} / 1 sec),Rate,0
09/11/2026 05:55:38,System.Runtime,dotnet.monitor.lock_contentions ({contention} / 1 sec),Rate,0
09/11/2026 05:55:38,System.Runtime,dotnet.gc.collections ({collection} / 1 sec)[gc.heap.generation=gen0],Rate,0
09/11/2026 05:55:38,System.Runtime,dotnet.gc.collections ({collection} / 1 sec)[gc.heap.generation=gen2],Rate,0
09/11/2026 05:55:38,System.Runtime,dotnet.gc.collections ({collection} / 1 sec)[gc.heap.generation=gen1],Rate,0
09/11/2026 05:55:38,System.Runtime,dotnet.process.cpu.time (s / 1 sec)[cpu.mode=user],Rate,0.5746200000000101
09/11/2026 05:55:38,System.Runtime,dotnet.process.cpu.time (s / 1 sec)[cpu.mode=system],Rate,0.04017699999999991
09/11/2026 05:55:38,System.Runtime,dotnet.process.cpu.count ({cpu}),Metric,15
09/11/2026 05:55:38,System.Runtime,dotnet.gc.pause.time (s / 1 sec),Rate,0
09/11/2026 05:55:38,System.Runtime,dotnet.thread_pool.queue.length ({work_item} / 1 sec),Rate,0
09/11/2026 05:55:38,System.Runtime,dotnet.gc.last_collection.memory.committed_size (By),Metric,0
09/11/2026 05:55:38,System.Runtime,dotnet.gc.last_collection.heap.fragmentation.size (By)[gc.heap.generation=gen0],Metric,0
09/11/2026 05:55:38,System.Runtime,dotnet.gc.last_collection.heap.fragmentation.size (By)[gc.heap.generation=gen2],Metric,0
09/11/2026 05:55:38,System.Runtime,dotnet.gc.last_collection.heap.fragmentation.size (By)[gc.heap.generation=loh],Metric,0
09/11/2026 05:55:38,System.Runtime,dotnet.gc.last_collection.heap.fragmentation.size (By)[gc.heap.generation=gen1],Metric,0
09/11/2026 05:55:38,System.Runtime,dotnet.gc.last_collection.heap.fragmentation.size (By)[gc.heap.generation=poh],Metric,0
09/11/2026 05:55:38,System.Runtime,dotnet.timer.count ({timer}),Metric,2
09/11/2026 05:55:38,System.Runtime,dotnet.assembly.count ({assembly}),Metric,61
09/11/2026 05:55:38,System.Runtime,dotnet.gc.heap.total_allocated (By / 1 sec),Rate,139376
09/11/2026 05:55:38,System.Runtime,dotnet.gc.last_collection.heap.size (By)[gc.heap.generation=gen0],Metric,0
09/11/2026 05:55:38,System.Runtime,dotnet.gc.last_collection.heap.size (By)[gc.heap.generation=gen2],Metric,0
09/11/2026 05:55:38,System.Runtime,dotnet.gc.last_collection.heap.size (By)[gc.heap.generation=loh],Metric,0
09/11/2026 05:55:38,System.Runtime,dotnet.gc.last_collection.heap.size (By)[gc.heap.generation=gen1],Metric,0
09/11/2026 05:55:38,System.Runtime,dotnet.gc.last_collection.heap.size (By)[gc.heap.generation=poh],Metric,0
09/11/2026 05:55:38,System.Runtime,dotnet.thread_pool.work_item.count ({work_item} / 1 sec),Rate,601
09/11/2026 05:55:38,System.Runtime,dotnet.process.memory.working_set (By),Metric,107986944
09/11/2026 05:55:38,System.Runtime,dotnet.thread_pool.thread.count ({thread} / 1 sec),Rate,0
09/11/2026 05:55:38,System.Runtime,dotnet.jit.compilation.time (s / 1 sec),Rate,0
09/11/2026 05:55:39,System.Runtime,dotnet.jit.compiled_il.size (By / 1 sec),Rate,0
09/11/2026 05:55:39,System.Runtime,dotnet.jit.compiled_methods ({method} / 1 sec),Rate,0
09/11/2026 05:55:39,System.Runtime,dotnet.monitor.lock_contentions ({contention} / 1 sec),Rate,1
09/11/2026 05:55:39,System.Runtime,dotnet.gc.collections ({collection} / 1 sec)[gc.heap.generation=gen0],Rate,0
09/11/2026 05:55:39,System.Runtime,dotnet.gc.collections ({collection} / 1 sec)[gc.heap.generation=gen2],Rate,0
09/11/2026 05:55:39,System.Runtime,dotnet.gc.collections ({collection} / 1 sec)[gc.heap.generation=gen1],Rate,0
09/11/2026 05:55:39,System.Runtime,dotnet.process.cpu.time (s / 1 sec)[cpu.mode=user],Rate,0.5734410000000025
09/11/2026 05:55:39,System.Runtime,dotnet.process.cpu.time (s / 1 sec)[cpu.mode=system],Rate,0.03879699999999975
09/11/2026 05:55:39,System.Runtime,dotnet.process.cpu.count ({cpu}),Metric,15
09/11/2026 05:55:39,System.Runtime,dotnet.gc.pause.time (s / 1 sec),Rate,0
09/11/2026 05:55:39,System.Runtime,dotnet.thread_pool.queue.length ({work_item} / 1 sec),Rate,0
09/11/2026 05:55:39,System.Runtime,dotnet.gc.last_collection.memory.committed_size (By),Metric,0
09/11/2026 05:55:39,System.Runtime,dotnet.gc.last_collection.heap.fragmentation.size (By)[gc.heap.generation=gen0],Metric,0
09/11/2026 05:55:39,System.Runtime,dotnet.gc.last_collection.heap.fragmentation.size (By)[gc.heap.generation=gen2],Metric,0
09/11/2026 05:55:39,System.Runtime,dotnet.gc.last_collection.heap.fragmentation.size (By)[gc.heap.generation=loh],Metric,0
09/11/2026 05:55:39,System.Runtime,dotnet.gc.last_collection.heap.fragmentation.size (By)[gc.heap.generation=gen1],Metric,0
09/11/2026 05:55:39,System.Runtime,dotnet.gc.last_collection.heap.fragmentation.size (By)[gc.heap.generation=poh],Metric,0
09/11/2026 05:55:39,System.Runtime,dotnet.timer.count ({timer}),Metric,2
09/11/2026 05:55:39,System.Runtime,dotnet.assembly.count ({assembly}),Metric,61
09/11/2026 05:55:39,System.Runtime,dotnet.gc.heap.total_allocated (By / 1 sec),Rate,138376
09/11/2026 05:55:39,System.Runtime,dotnet.gc.last_collection.heap.size (By)[gc.heap.generation=gen0],Metric,0
09/11/2026 05:55:39,System.Runtime,dotnet.gc.last_collection.heap.size (By)[gc.heap.generation=gen2],Metric,0
09/11/2026 05:55:39,System.Runtime,dotnet.gc.last_collection.heap.size (By)[gc.heap.generation=loh],Metric,0
09/11/2026 05:55:39,System.Runtime,dotnet.gc.last_collection.heap.size (By)[gc.heap.generation=gen1],Metric,0
09/11/2026 05:55:39,System.Runtime,dotnet.gc.last_collection.heap.size (By)[gc.heap.generation=poh],Metric,0
09/11/2026 05:55:39,System.Runtime,dotnet.thread_pool.work_item.count ({work_item} / 1 sec),Rate,601
09/11/2026 05:55:39,System.Runtime,dotnet.process.memory.working_set (By),Metric,108134400
09/11/2026 05:55:39,System.Runtime,dotnet.thread_pool.thread.count ({thread} / 1 sec),Rate,0
09/11/2026 05:55:39,System.Runtime,dotnet.jit.compilation.time (s / 1 sec),Rate,0
09/11/2026 05:55:40,System.Runtime,dotnet.jit.compiled_il.size (By / 1 sec),Rate,0
09/11/2026 05:55:40,System.Runtime,dotnet.jit.compiled_methods ({method} / 1 sec),Rate,0
09/11/2026 05:55:40,System.Runtime,dotnet.monitor.lock_contentions ({contention} / 1 sec),Rate,0
09/11/2026 05:55:40,System.Runtime,dotnet.gc.collections ({collection} / 1 sec)[gc.heap.generation=gen0],Rate,0
09/11/2026 05:55:40,System.Runtime,dotnet.gc.collections ({collection} / 1 sec)[gc.heap.generation=gen2],Rate,0
09/11/2026 05:55:40,System.Runtime,dotnet.gc.collections ({collection} / 1 sec)[gc.heap.generation=gen1],Rate,0
09/11/2026 05:55:40,System.Runtime,dotnet.process.cpu.time (s / 1 sec)[cpu.mode=user],Rate,0.5798190000000005
09/11/2026 05:55:40,System.Runtime,dotnet.process.cpu.time (s / 1 sec)[cpu.mode=system],Rate,0.04281600000000019
09/11/2026 05:55:40,System.Runtime,dotnet.process.cpu.count ({cpu}),Metric,15
09/11/2026 05:55:40,System.Runtime,dotnet.gc.pause.time (s / 1 sec),Rate,0
09/11/2026 05:55:40,System.Runtime,dotnet.thread_pool.queue.length ({work_item} / 1 sec),Rate,0
09/11/2026 05:55:40,System.Runtime,dotnet.gc.last_collection.memory.committed_size (By),Metric,0
09/11/2026 05:55:40,System.Runtime,dotnet.gc.last_collection.heap.fragmentation.size (By)[gc.heap.generation=gen0],Metric,0
09/11/2026 05:55:40,System.Runtime,dotnet.gc.last_collection.heap.fragmentation.size (By)[gc.heap.generation=gen2],Metric,0
09/11/2026 05:55:40,System.Runtime,dotnet.gc.last_collection.heap.fragmentation.size (By)[gc.heap.generation=loh],Metric,0
09/11/2026 05:55:40,System.Runtime,dotnet.gc.last_collection.heap.fragmentation.size (By)[gc.heap.generation=gen1],Metric,0
09/11/2026 05:55:40,System.Runtime,dotnet.gc.last_collection.heap.fragmentation.size (By)[gc.heap.generation=poh],Metric,0
09/11/2026 05:55:40,System.Runtime,dotnet.timer.count ({timer}),Metric,2
09/11/2026 05:55:40,System.Runtime,dotnet.assembly.count ({assembly}),Metric,61
09/11/2026 05:55:40,System.Runtime,dotnet.gc.heap.total_allocated (By / 1 sec),Rate,138376
09/11/2026 05:55:40,System.Runtime,dotnet.gc.last_collection.heap.size (By)[gc.heap.generation=gen0],Metric,0
09/11/2026 05:55:40,System.Runtime,dotnet.gc.last_collection.heap.size (By)[gc.heap.generation=gen2],Metric,0
09/11/2026 05:55:40,System.Runtime,dotnet.gc.last_collection.heap.size (By)[gc.heap.generation=loh],Metric,0
09/11/2026 05:55:40,System.Runtime,dotnet.gc.last_collection.heap.size (By)[gc.heap.generation=gen1],Metric,0
09/11/2026 05:55:40,System.Runtime,dotnet.gc.last_collection.heap.size (By)[gc.heap.generation=poh],Metric,0
09/11/2026 05:55:40,System.Runtime,dotnet.thread_pool.work_item.count ({work_item} / 1 sec),Rate,601
09/11/2026 05:55:40,System.Runtime,dotnet.process.memory.working_set (By),Metric,108298240
09/11/2026 05:55:40,System.Runtime,dotnet.thread_pool.thread.count ({thread} / 1 sec),Rate,0
09/11/2026 05:55:40,System.Runtime,dotnet.jit.compilation.time (s / 1 sec),Rate,0
09/11/2026 05:55:41,System.Runtime,dotnet.jit.compiled_il.size (By / 1 sec),Rate,0
09/11/2026 05:55:41,System.Runtime,dotnet.jit.compiled_methods ({method} / 1 sec),Rate,0
09/11/2026 05:55:41,System.Runtime,dotnet.monitor.lock_contentions ({contention} / 1 sec),Rate,0
09/11/2026 05:55:41,System.Runtime,dotnet.gc.collections ({collection} / 1 sec)[gc.heap.generation=gen0],Rate,0
09/11/2026 05:55:41,System.Runtime,dotnet.gc.collections ({collection} / 1 sec)[gc.heap.generation=gen2],Rate,0
09/11/2026 05:55:41,System.Runtime,dotnet.gc.collections ({collection} / 1 sec)[gc.heap.generation=gen1],Rate,0
09/11/2026 05:55:41,System.Runtime,dotnet.process.cpu.time (s / 1 sec)[cpu.mode=user],Rate,0.5828169999999915
09/11/2026 05:55:41,System.Runtime,dotnet.process.cpu.time (s / 1 sec)[cpu.mode=system],Rate,0.045588000000000406
09/11/2026 05:55:41,System.Runtime,dotnet.process.cpu.count ({cpu}),Metric,15
09/11/2026 05:55:41,System.Runtime,dotnet.gc.pause.time (s / 1 sec),Rate,0
09/11/2026 05:55:41,System.Runtime,dotnet.thread_pool.queue.length ({work_item} / 1 sec),Rate,0
09/11/2026 05:55:41,System.Runtime,dotnet.gc.last_collection.memory.committed_size (By),Metric,0
09/11/2026 05:55:41,System.Runtime,dotnet.gc.last_collection.heap.fragmentation.size (By)[gc.heap.generation=gen0],Metric,0
09/11/2026 05:55:41,System.Runtime,dotnet.gc.last_collection.heap.fragmentation.size (By)[gc.heap.generation=gen2],Metric,0
09/11/2026 05:55:41,System.Runtime,dotnet.gc.last_collection.heap.fragmentation.size (By)[gc.heap.generation=loh],Metric,0
09/11/2026 05:55:41,System.Runtime,dotnet.gc.last_collection.heap.fragmentation.size (By)[gc.heap.generation=gen1],Metric,0
09/11/2026 05:55:41,System.Runtime,dotnet.gc.last_collection.heap.fragmentation.size (By)[gc.heap.generation=poh],Metric,0
09/11/2026 05:55:41,System.Runtime,dotnet.timer.count ({timer}),Metric,2
09/11/2026 05:55:41,System.Runtime,dotnet.assembly.count ({assembly}),Metric,61
09/11/2026 05:55:41,System.Runtime,dotnet.gc.heap.total_allocated (By / 1 sec),Rate,133272
09/11/2026 05:55:41,System.Runtime,dotnet.gc.last_collection.heap.size (By)[gc.heap.generation=gen0],Metric,0
09/11/2026 05:55:41,System.Runtime,dotnet.gc.last_collection.heap.size (By)[gc.heap.generation=gen2],Metric,0
09/11/2026 05:55:41,System.Runtime,dotnet.gc.last_collection.heap.size (By)[gc.heap.generation=loh],Metric,0
09/11/2026 05:55:41,System.Runtime,dotnet.gc.last_collection.heap.size (By)[gc.heap.generation=gen1],Metric,0
09/11/2026 05:55:41,System.Runtime,dotnet.gc.last_collection.heap.size (By)[gc.heap.generation=poh],Metric,0
09/11/2026 05:55:41,System.Runtime,dotnet.thread_pool.work_item.count ({work_item} / 1 sec),Rate,602
09/11/2026 05:55:41,System.Runtime,dotnet.process.memory.working_set (By),Metric,108462080
09/11/2026 05:55:41,System.Runtime,dotnet.thread_pool.thread.count ({thread} / 1 sec),Rate,0
09/11/2026 05:55:41,System.Runtime,dotnet.jit.compilation.time (s / 1 sec),Rate,0
09/11/2026 05:55:42,System.Runtime,dotnet.jit.compiled_il.size (By / 1 sec),Rate,0
09/11/2026 05:55:42,System.Runtime,dotnet.jit.compiled_methods ({method} / 1 sec),Rate,0
09/11/2026 05:55:42,System.Runtime,dotnet.monitor.lock_contentions ({contention} / 1 sec),Rate,0
09/11/2026 05:55:42,System.Runtime,dotnet.gc.collections ({collection} / 1 sec)[gc.heap.generation=gen0],Rate,0
09/11/2026 05:55:42,System.Runtime,dotnet.gc.collections ({collection} / 1 sec)[gc.heap.generation=gen2],Rate,0
09/11/2026 05:55:42,System.Runtime,dotnet.gc.collections ({collection} / 1 sec)[gc.heap.generation=gen1],Rate,0
09/11/2026 05:55:42,System.Runtime,dotnet.process.cpu.time (s / 1 sec)[cpu.mode=user],Rate,0.5811309999999992
09/11/2026 05:55:42,System.Runtime,dotnet.process.cpu.time (s / 1 sec)[cpu.mode=system],Rate,0.04377899999999979
09/11/2026 05:55:42,System.Runtime,dotnet.process.cpu.count ({cpu}),Metric,15
09/11/2026 05:55:42,System.Runtime,dotnet.gc.pause.time (s / 1 sec),Rate,0
09/11/2026 05:55:42,System.Runtime,dotnet.thread_pool.queue.length ({work_item} / 1 sec),Rate,0
09/11/2026 05:55:42,System.Runtime,dotnet.gc.last_collection.memory.committed_size (By),Metric,0
09/11/2026 05:55:42,System.Runtime,dotnet.gc.last_collection.heap.fragmentation.size (By)[gc.heap.generation=gen0],Metric,0
09/11/2026 05:55:42,System.Runtime,dotnet.gc.last_collection.heap.fragmentation.size (By)[gc.heap.generation=gen2],Metric,0
09/11/2026 05:55:42,System.Runtime,dotnet.gc.last_collection.heap.fragmentation.size (By)[gc.heap.generation=loh],Metric,0
09/11/2026 05:55:42,System.Runtime,dotnet.gc.last_collection.heap.fragmentation.size (By)[gc.heap.generation=gen1],Metric,0
09/11/2026 05:55:42,System.Runtime,dotnet.gc.last_collection.heap.fragmentation.size (By)[gc.heap.generation=poh],Metric,0
09/11/2026 05:55:42,System.Runtime,dotnet.timer.count ({timer}),Metric,2
09/11/2026 05:55:42,System.Runtime,dotnet.assembly.count ({assembly}),Metric,61
09/11/2026 05:55:42,System.Runtime,dotnet.gc.heap.total_allocated (By / 1 sec),Rate,146576
09/11/2026 05:55:42,System.Runtime,dotnet.gc.last_collection.heap.size (By)[gc.heap.generation=gen0],Metric,0
09/11/2026 05:55:42,System.Runtime,dotnet.gc.last_collection.heap.size (By)[gc.heap.generation=gen2],Metric,0
09/11/2026 05:55:42,System.Runtime,dotnet.gc.last_collection.heap.size (By)[gc.heap.generation=loh],Metric,0
09/11/2026 05:55:42,System.Runtime,dotnet.gc.last_collection.heap.size (By)[gc.heap.generation=gen1],Metric,0
09/11/2026 05:55:42,System.Runtime,dotnet.gc.last_collection.heap.size (By)[gc.heap.generation=poh],Metric,0
09/11/2026 05:55:42,System.Runtime,dotnet.thread_pool.work_item.count ({work_item} / 1 sec),Rate,601
09/11/2026 05:55:42,System.Runtime,dotnet.process.memory.working_set (By),Metric,108642304
09/11/2026 05:55:42,System.Runtime,dotnet.thread_pool.thread.count ({thread} / 1 sec),Rate,0
09/11/2026 05:55:42,System.Runtime,dotnet.jit.compilation.time (s / 1 sec),Rate,0
09/11/2026 05:55:43,System.Runtime,dotnet.jit.compiled_il.size (By / 1 sec),Rate,0
09/11/2026 05:55:43,System.Runtime,dotnet.jit.compiled_methods ({method} / 1 sec),Rate,0
09/11/2026 05:55:43,System.Runtime,dotnet.monitor.lock_contentions ({contention} / 1 sec),Rate,1
09/11/2026 05:55:43,System.Runtime,dotnet.gc.collections ({collection} / 1 sec)[gc.heap.generation=gen0],Rate,0
09/11/2026 05:55:43,System.Runtime,dotnet.gc.collections ({collection} / 1 sec)[gc.heap.generation=gen2],Rate,0
09/11/2026 05:55:43,System.Runtime,dotnet.gc.collections ({collection} / 1 sec)[gc.heap.generation=gen1],Rate,0
09/11/2026 05:55:43,System.Runtime,dotnet.process.cpu.time (s / 1 sec)[cpu.mode=user],Rate,0.5804550000000006
09/11/2026 05:55:43,System.Runtime,dotnet.process.cpu.time (s / 1 sec)[cpu.mode=system],Rate,0.044465999999999894
09/11/2026 05:55:43,System.Runtime,dotnet.process.cpu.count ({cpu}),Metric,15
09/11/2026 05:55:43,System.Runtime,dotnet.gc.pause.time (s / 1 sec),Rate,0
09/11/2026 05:55:43,System.Runtime,dotnet.thread_pool.queue.length ({work_item} / 1 sec),Rate,0
09/11/2026 05:55:43,System.Runtime,dotnet.gc.last_collection.memory.committed_size (By),Metric,0
09/11/2026 05:55:43,System.Runtime,dotnet.gc.last_collection.heap.fragmentation.size (By)[gc.heap.generation=gen0],Metric,0
09/11/2026 05:55:43,System.Runtime,dotnet.gc.last_collection.heap.fragmentation.size (By)[gc.heap.generation=gen2],Metric,0
09/11/2026 05:55:43,System.Runtime,dotnet.gc.last_collection.heap.fragmentation.size (By)[gc.heap.generation=loh],Metric,0
09/11/2026 05:55:43,System.Runtime,dotnet.gc.last_collection.heap.fragmentation.size (By)[gc.heap.generation=gen1],Metric,0
09/11/2026 05:55:43,System.Runtime,dotnet.gc.last_collection.heap.fragmentation.size (By)[gc.heap.generation=poh],Metric,0
09/11/2026 05:55:43,System.Runtime,dotnet.timer.count ({timer}),Metric,2
09/11/2026 05:55:43,System.Runtime,dotnet.assembly.count ({assembly}),Metric,61
09/11/2026 05:55:43,System.Runtime,dotnet.gc.heap.total_allocated (By / 1 sec),Rate,128184
09/11/2026 05:55:43,System.Runtime,dotnet.gc.last_collection.heap.size (By)[gc.heap.generation=gen0],Metric,0
09/11/2026 05:55:43,System.Runtime,dotnet.gc.last_collection.heap.size (By)[gc.heap.generation=gen2],Metric,0
09/11/2026 05:55:43,System.Runtime,dotnet.gc.last_collection.heap.size (By)[gc.heap.generation=loh],Metric,0
09/11/2026 05:55:43,System.Runtime,dotnet.gc.last_collection.heap.size (By)[gc.heap.generation=gen1],Metric,0
09/11/2026 05:55:43,System.Runtime,dotnet.gc.last_collection.heap.size (By)[gc.heap.generation=poh],Metric,0
09/11/2026 05:55:43,System.Runtime,dotnet.thread_pool.work_item.count ({work_item} / 1 sec),Rate,601
09/11/2026 05:55:43,System.Runtime,dotnet.process.memory.working_set (By),Metric,108773376
09/11/2026 05:55:43,System.Runtime,dotnet.thread_pool.thread.count ({thread} / 1 sec),Rate,0
09/11/2026 05:55:43,System.Runtime,dotnet.jit.compilation.time (s / 1 sec),Rate,0
09/11/2026 05:55:44,System.Runtime,dotnet.jit.compiled_il.size (By / 1 sec),Rate,0
09/11/2026 05:55:44,System.Runtime,dotnet.jit.compiled_methods ({method} / 1 sec),Rate,0
09/11/2026 05:55:44,System.Runtime,dotnet.monitor.lock_contentions ({contention} / 1 sec),Rate,0
09/11/2026 05:55:44,System.Runtime,dotnet.gc.collections ({collection} / 1 sec)[gc.heap.generation=gen0],Rate,0
09/11/2026 05:55:44,System.Runtime,dotnet.gc.collections ({collection} / 1 sec)[gc.heap.generation=gen2],Rate,0
09/11/2026 05:55:44,System.Runtime,dotnet.gc.collections ({collection} / 1 sec)[gc.heap.generation=gen1],Rate,0
09/11/2026 05:55:44,System.Runtime,dotnet.process.cpu.time (s / 1 sec)[cpu.mode=user],Rate,0.5805179999999979
09/11/2026 05:55:44,System.Runtime,dotnet.process.cpu.time (s / 1 sec)[cpu.mode=system],Rate,0.04535499999999981
09/11/2026 05:55:44,System.Runtime,dotnet.process.cpu.count ({cpu}),Metric,15
09/11/2026 05:55:44,System.Runtime,dotnet.gc.pause.time (s / 1 sec),Rate,0
09/11/2026 05:55:44,System.Runtime,dotnet.thread_pool.queue.length ({work_item} / 1 sec),Rate,0
09/11/2026 05:55:44,System.Runtime,dotnet.gc.last_collection.memory.committed_size (By),Metric,0
09/11/2026 05:55:44,System.Runtime,dotnet.gc.last_collection.heap.fragmentation.size (By)[gc.heap.generation=gen0],Metric,0
09/11/2026 05:55:44,System.Runtime,dotnet.gc.last_collection.heap.fragmentation.size (By)[gc.heap.generation=gen2],Metric,0
09/11/2026 05:55:44,System.Runtime,dotnet.gc.last_collection.heap.fragmentation.size (By)[gc.heap.generation=loh],Metric,0
09/11/2026 05:55:44,System.Runtime,dotnet.gc.last_collection.heap.fragmentation.size (By)[gc.heap.generation=gen1],Metric,0
09/11/2026 05:55:44,System.Runtime,dotnet.gc.last_collection.heap.fragmentation.size (By)[gc.heap.generation=poh],Metric,0
09/11/2026 05:55:44,System.Runtime,dotnet.timer.count ({timer}),Metric,2
09/11/2026 05:55:44,System.Runtime,dotnet.assembly.count ({assembly}),Metric,61
09/11/2026 05:55:44,System.Runtime,dotnet.gc.heap.total_allocated (By / 1 sec),Rate,131200
09/11/2026 05:55:44,System.Runtime,dotnet.gc.last_collection.heap.size (By)[gc.heap.generation=gen0],Metric,0
09/11/2026 05:55:44,System.Runtime,dotnet.gc.last_collection.heap.size (By)[gc.heap.generation=gen2],Metric,0
09/11/2026 05:55:44,System.Runtime,dotnet.gc.last_collection.heap.size (By)[gc.heap.generation=loh],Metric,0
09/11/2026 05:55:44,System.Runtime,dotnet.gc.last_collection.heap.size (By)[gc.heap.generation=gen1],Metric,0
09/11/2026 05:55:44,System.Runtime,dotnet.gc.last_collection.heap.size (By)[gc.heap.generation=poh],Metric,0
09/11/2026 05:55:44,System.Runtime,dotnet.thread_pool.work_item.count ({work_item} / 1 sec),Rate,601
09/11/2026 05:55:44,System.Runtime,dotnet.process.memory.working_set (By),Metric,108920832
09/11/2026 05:55:44,System.Runtime,dotnet.thread_pool.thread.count ({thread} / 1 sec),Rate,0
09/11/2026 05:55:44,System.Runtime,dotnet.jit.compilation.time (s / 1 sec),Rate,0
09/11/2026 05:55:45,System.Runtime,dotnet.jit.compiled_il.size (By / 1 sec),Rate,0
09/11/2026 05:55:45,System.Runtime,dotnet.jit.compiled_methods ({method} / 1 sec),Rate,0
09/11/2026 05:55:45,System.Runtime,dotnet.monitor.lock_contentions ({contention} / 1 sec),Rate,0
09/11/2026 05:55:45,System.Runtime,dotnet.gc.collections ({collection} / 1 sec)[gc.heap.generation=gen0],Rate,0
09/11/2026 05:55:45,System.Runtime,dotnet.gc.collections ({collection} / 1 sec)[gc.heap.generation=gen2],Rate,0
09/11/2026 05:55:45,System.Runtime,dotnet.gc.collections ({collection} / 1 sec)[gc.heap.generation=gen1],Rate,0
09/11/2026 05:55:45,System.Runtime,dotnet.process.cpu.time (s / 1 sec)[cpu.mode=user],Rate,0.5813070000000096
09/11/2026 05:55:45,System.Runtime,dotnet.process.cpu.time (s / 1 sec)[cpu.mode=system],Rate,0.044153999999999805
09/11/2026 05:55:45,System.Runtime,dotnet.process.cpu.count ({cpu}),Metric,15
09/11/2026 05:55:45,System.Runtime,dotnet.gc.pause.time (s / 1 sec),Rate,0
09/11/2026 05:55:45,System.Runtime,dotnet.thread_pool.queue.length ({work_item} / 1 sec),Rate,0
09/11/2026 05:55:45,System.Runtime,dotnet.gc.last_collection.memory.committed_size (By),Metric,0
09/11/2026 05:55:45,System.Runtime,dotnet.gc.last_collection.heap.fragmentation.size (By)[gc.heap.generation=gen0],Metric,0
09/11/2026 05:55:45,System.Runtime,dotnet.gc.last_collection.heap.fragmentation.size (By)[gc.heap.generation=gen2],Metric,0
09/11/2026 05:55:45,System.Runtime,dotnet.gc.last_collection.heap.fragmentation.size (By)[gc.heap.generation=loh],Metric,0
09/11/2026 05:55:45,System.Runtime,dotnet.gc.last_collection.heap.fragmentation.size (By)[gc.heap.generation=gen1],Metric,0
09/11/2026 05:55:45,System.Runtime,dotnet.gc.last_collection.heap.fragmentation.size (By)[gc.heap.generation=poh],Metric,0
09/11/2026 05:55:45,System.Runtime,dotnet.timer.count ({timer}),Metric,2
09/11/2026 05:55:45,System.Runtime,dotnet.assembly.count ({assembly}),Metric,61
09/11/2026 05:55:45,System.Runtime,dotnet.gc.heap.total_allocated (By / 1 sec),Rate,138352
09/11/2026 05:55:45,System.Runtime,dotnet.gc.last_collection.heap.size (By)[gc.heap.generation=gen0],Metric,0
09/11/2026 05:55:45,System.Runtime,dotnet.gc.last_collection.heap.size (By)[gc.heap.generation=gen2],Metric,0
09/11/2026 05:55:45,System.Runtime,dotnet.gc.last_collection.heap.size (By)[gc.heap.generation=loh],Metric,0
09/11/2026 05:55:45,System.Runtime,dotnet.gc.last_collection.heap.size (By)[gc.heap.generation=gen1],Metric,0
09/11/2026 05:55:45,System.Runtime,dotnet.gc.last_collection.heap.size (By)[gc.heap.generation=poh],Metric,0
09/11/2026 05:55:45,System.Runtime,dotnet.thread_pool.work_item.count ({work_item} / 1 sec),Rate,601
09/11/2026 05:55:45,System.Runtime,dotnet.process.memory.working_set (By),Metric,109101056
09/11/2026 05:55:45,System.Runtime,dotnet.thread_pool.thread.count ({thread} / 1 sec),Rate,0
09/11/2026 05:55:45,System.Runtime,dotnet.jit.compilation.time (s / 1 sec),Rate,0
09/11/2026 05:55:46,System.Runtime,dotnet.jit.compiled_il.size (By / 1 sec),Rate,0
09/11/2026 05:55:46,System.Runtime,dotnet.jit.compiled_methods ({method} / 1 sec),Rate,0
09/11/2026 05:55:46,System.Runtime,dotnet.monitor.lock_contentions ({contention} / 1 sec),Rate,0
09/11/2026 05:55:46,System.Runtime,dotnet.gc.collections ({collection} / 1 sec)[gc.heap.generation=gen0],Rate,0
09/11/2026 05:55:46,System.Runtime,dotnet.gc.collections ({collection} / 1 sec)[gc.heap.generation=gen2],Rate,0
09/11/2026 05:55:46,System.Runtime,dotnet.gc.collections ({collection} / 1 sec)[gc.heap.generation=gen1],Rate,0
09/11/2026 05:55:46,System.Runtime,dotnet.process.cpu.time (s / 1 sec)[cpu.mode=user],Rate,0.5831819999999936
09/11/2026 05:55:46,System.Runtime,dotnet.process.cpu.time (s / 1 sec)[cpu.mode=system],Rate,0.048705
09/11/2026 05:55:46,System.Runtime,dotnet.process.cpu.count ({cpu}),Metric,15
09/11/2026 05:55:46,System.Runtime,dotnet.gc.pause.time (s / 1 sec),Rate,0
09/11/2026 05:55:46,System.Runtime,dotnet.thread_pool.queue.length ({work_item} / 1 sec),Rate,0
09/11/2026 05:55:46,System.Runtime,dotnet.gc.last_collection.memory.committed_size (By),Metric,0
09/11/2026 05:55:46,System.Runtime,dotnet.gc.last_collection.heap.fragmentation.size (By)[gc.heap.generation=gen0],Metric,0
09/11/2026 05:55:46,System.Runtime,dotnet.gc.last_collection.heap.fragmentation.size (By)[gc.heap.generation=gen2],Metric,0
09/11/2026 05:55:46,System.Runtime,dotnet.gc.last_collection.heap.fragmentation.size (By)[gc.heap.generation=loh],Metric,0
09/11/2026 05:55:46,System.Runtime,dotnet.gc.last_collection.heap.fragmentation.size (By)[gc.heap.generation=gen1],Metric,0
09/11/2026 05:55:46,System.Runtime,dotnet.gc.last_collection.heap.fragmentation.size (By)[gc.heap.generation=poh],Metric,0
09/11/2026 05:55:46,System.Runtime,dotnet.timer.count ({timer}),Metric,2
09/11/2026 05:55:46,System.Runtime,dotnet.assembly.count ({assembly}),Metric,61
09/11/2026 05:55:46,System.Runtime,dotnet.gc.heap.total_allocated (By / 1 sec),Rate,147616
09/11/2026 05:55:46,System.Runtime,dotnet.gc.last_collection.heap.size (By)[gc.heap.generation=gen0],Metric,0
09/11/2026 05:55:46,System.Runtime,dotnet.gc.last_collection.heap.size (By)[gc.heap.generation=gen2],Metric,0
09/11/2026 05:55:46,System.Runtime,dotnet.gc.last_collection.heap.size (By)[gc.heap.generation=loh],Metric,0
09/11/2026 05:55:46,System.Runtime,dotnet.gc.last_collection.heap.size (By)[gc.heap.generation=gen1],Metric,0
09/11/2026 05:55:46,System.Runtime,dotnet.gc.last_collection.heap.size (By)[gc.heap.generation=poh],Metric,0
09/11/2026 05:55:46,System.Runtime,dotnet.thread_pool.work_item.count ({work_item} / 1 sec),Rate,602
09/11/2026 05:55:46,System.Runtime,dotnet.process.memory.working_set (By),Metric,109248512
09/11/2026 05:55:46,System.Runtime,dotnet.thread_pool.thread.count ({thread} / 1 sec),Rate,0
09/11/2026 05:55:46,System.Runtime,dotnet.jit.compilation.time (s / 1 sec),Rate,0
09/11/2026 05:55:47,System.Runtime,dotnet.jit.compiled_il.size (By / 1 sec),Rate,0
09/11/2026 05:55:47,System.Runtime,dotnet.jit.compiled_methods ({method} / 1 sec),Rate,0
09/11/2026 05:55:47,System.Runtime,dotnet.monitor.lock_contentions ({contention} / 1 sec),Rate,0
09/11/2026 05:55:47,System.Runtime,dotnet.gc.collections ({collection} / 1 sec)[gc.heap.generation=gen0],Rate,0
09/11/2026 05:55:47,System.Runtime,dotnet.gc.collections ({collection} / 1 sec)[gc.heap.generation=gen2],Rate,0
09/11/2026 05:55:47,System.Runtime,dotnet.gc.collections ({collection} / 1 sec)[gc.heap.generation=gen1],Rate,0
09/11/2026 05:55:47,System.Runtime,dotnet.process.cpu.time (s / 1 sec)[cpu.mode=user],Rate,0.5799039999999991
09/11/2026 05:55:47,System.Runtime,dotnet.process.cpu.time (s / 1 sec)[cpu.mode=system],Rate,0.045738000000000056
09/11/2026 05:55:47,System.Runtime,dotnet.process.cpu.count ({cpu}),Metric,15
09/11/2026 05:55:47,System.Runtime,dotnet.gc.pause.time (s / 1 sec),Rate,0
09/11/2026 05:55:47,System.Runtime,dotnet.thread_pool.queue.length ({work_item} / 1 sec),Rate,0
09/11/2026 05:55:47,System.Runtime,dotnet.gc.last_collection.memory.committed_size (By),Metric,0
09/11/2026 05:55:47,System.Runtime,dotnet.gc.last_collection.heap.fragmentation.size (By)[gc.heap.generation=gen0],Metric,0
09/11/2026 05:55:47,System.Runtime,dotnet.gc.last_collection.heap.fragmentation.size (By)[gc.heap.generation=gen2],Metric,0
09/11/2026 05:55:47,System.Runtime,dotnet.gc.last_collection.heap.fragmentation.size (By)[gc.heap.generation=loh],Metric,0
09/11/2026 05:55:47,System.Runtime,dotnet.gc.last_collection.heap.fragmentation.size (By)[gc.heap.generation=gen1],Metric,0
09/11/2026 05:55:47,System.Runtime,dotnet.gc.last_collection.heap.fragmentation.size (By)[gc.heap.generation=poh],Metric,0
09/11/2026 05:55:47,System.Runtime,dotnet.timer.count ({timer}),Metric,2
09/11/2026 05:55:47,System.Runtime,dotnet.assembly.count ({assembly}),Metric,61
09/11/2026 05:55:47,System.Runtime,dotnet.gc.heap.total_allocated (By / 1 sec),Rate,131112
09/11/2026 05:55:47,System.Runtime,dotnet.gc.last_collection.heap.size (By)[gc.heap.generation=gen0],Metric,0
09/11/2026 05:55:47,System.Runtime,dotnet.gc.last_collection.heap.size (By)[gc.heap.generation=gen2],Metric,0
09/11/2026 05:55:47,System.Runtime,dotnet.gc.last_collection.heap.size (By)[gc.heap.generation=loh],Metric,0
09/11/2026 05:55:47,System.Runtime,dotnet.gc.last_collection.heap.size (By)[gc.heap.generation=gen1],Metric,0
09/11/2026 05:55:47,System.Runtime,dotnet.gc.last_collection.heap.size (By)[gc.heap.generation=poh],Metric,0
09/11/2026 05:55:47,System.Runtime,dotnet.thread_pool.work_item.count ({work_item} / 1 sec),Rate,601
09/11/2026 05:55:47,System.Runtime,dotnet.process.memory.working_set (By),Metric,109379584
09/11/2026 05:55:47,System.Runtime,dotnet.thread_pool.thread.count ({thread} / 1 sec),Rate,0
09/11/2026 05:55:47,System.Runtime,dotnet.jit.compilation.time (s / 1 sec),Rate,0
09/11/2026 05:55:48,System.Runtime,dotnet.jit.compiled_il.size (By / 1 sec),Rate,0
09/11/2026 05:55:48,System.Runtime,dotnet.jit.compiled_methods ({method} / 1 sec),Rate,0
09/11/2026 05:55:48,System.Runtime,dotnet.monitor.lock_contentions ({contention} / 1 sec),Rate,0
09/11/2026 05:55:48,System.Runtime,dotnet.gc.collections ({collection} / 1 sec)[gc.heap.generation=gen0],Rate,0
09/11/2026 05:55:48,System.Runtime,dotnet.gc.collections ({collection} / 1 sec)[gc.heap.generation=gen2],Rate,0
09/11/2026 05:55:48,System.Runtime,dotnet.gc.collections ({collection} / 1 sec)[gc.heap.generation=gen1],Rate,0
09/11/2026 05:55:48,System.Runtime,dotnet.process.cpu.time (s / 1 sec)[cpu.mode=user],Rate,0.5804940000000016
09/11/2026 05:55:48,System.Runtime,dotnet.process.cpu.time (s / 1 sec)[cpu.mode=system],Rate,0.042298999999999864
09/11/2026 05:55:48,System.Runtime,dotnet.process.cpu.count ({cpu}),Metric,15
09/11/2026 05:55:48,System.Runtime,dotnet.gc.pause.time (s / 1 sec),Rate,0
09/11/2026 05:55:48,System.Runtime,dotnet.thread_pool.queue.length ({work_item} / 1 sec),Rate,0
09/11/2026 05:55:48,System.Runtime,dotnet.gc.last_collection.memory.committed_size (By),Metric,0
09/11/2026 05:55:48,System.Runtime,dotnet.gc.last_collection.heap.fragmentation.size (By)[gc.heap.generation=gen0],Metric,0
09/11/2026 05:55:48,System.Runtime,dotnet.gc.last_collection.heap.fragmentation.size (By)[gc.heap.generation=gen2],Metric,0
09/11/2026 05:55:48,System.Runtime,dotnet.gc.last_collection.heap.fragmentation.size (By)[gc.heap.generation=loh],Metric,0
09/11/2026 05:55:48,System.Runtime,dotnet.gc.last_collection.heap.fragmentation.size (By)[gc.heap.generation=gen1],Metric,0
09/11/2026 05:55:48,System.Runtime,dotnet.gc.last_collection.heap.fragmentation.size (By)[gc.heap.generation=poh],Metric,0
09/11/2026 05:55:48,System.Runtime,dotnet.timer.count ({timer}),Metric,2
09/11/2026 05:55:48,System.Runtime,dotnet.assembly.count ({assembly}),Metric,61
09/11/2026 05:55:48,System.Runtime,dotnet.gc.heap.total_allocated (By / 1 sec),Rate,130176
09/11/2026 05:55:48,System.Runtime,dotnet.gc.last_collection.heap.size (By)[gc.heap.generation=gen0],Metric,0
09/11/2026 05:55:48,System.Runtime,dotnet.gc.last_collection.heap.size (By)[gc.heap.generation=gen2],Metric,0
09/11/2026 05:55:48,System.Runtime,dotnet.gc.last_collection.heap.size (By)[gc.heap.generation=loh],Metric,0
09/11/2026 05:55:48,System.Runtime,dotnet.gc.last_collection.heap.size (By)[gc.heap.generation=gen1],Metric,0
09/11/2026 05:55:48,System.Runtime,dotnet.gc.last_collection.heap.size (By)[gc.heap.generation=poh],Metric,0
09/11/2026 05:55:48,System.Runtime,dotnet.thread_pool.work_item.count ({work_item} / 1 sec),Rate,601
09/11/2026 05:55:48,System.Runtime,dotnet.process.memory.working_set (By),Metric,109543424
09/11/2026 05:55:48,System.Runtime,dotnet.thread_pool.thread.count ({thread} / 1 sec),Rate,0
09/11/2026 05:55:48,System.Runtime,dotnet.jit.compilation.time (s / 1 sec),Rate,0
09/11/2026 05:55:49,System.Runtime,dotnet.jit.compiled_il.size (By / 1 sec),Rate,0
09/11/2026 05:55:49,System.Runtime,dotnet.jit.compiled_methods ({method} / 1 sec),Rate,0
09/11/2026 05:55:49,System.Runtime,dotnet.monitor.lock_contentions ({contention} / 1 sec),Rate,0
09/11/2026 05:55:49,System.Runtime,dotnet.gc.collections ({collection} / 1 sec)[gc.heap.generation=gen0],Rate,0
09/11/2026 05:55:49,System.Runtime,dotnet.gc.collections ({collection} / 1 sec)[gc.heap.generation=gen2],Rate,0
09/11/2026 05:55:49,System.Runtime,dotnet.gc.collections ({collection} / 1 sec)[gc.heap.generation=gen1],Rate,0
09/11/2026 05:55:49,System.Runtime,dotnet.process.cpu.time (s / 1 sec)[cpu.mode=user],Rate,0.5756230000000073
09/11/2026 05:55:49,System.Runtime,dotnet.process.cpu.time (s / 1 sec)[cpu.mode=system],Rate,0.04257800000000067
09/11/2026 05:55:49,System.Runtime,dotnet.process.cpu.count ({cpu}),Metric,15
09/11/2026 05:55:49,System.Runtime,dotnet.gc.pause.time (s / 1 sec),Rate,0
09/11/2026 05:55:49,System.Runtime,dotnet.thread_pool.queue.length ({work_item} / 1 sec),Rate,0
09/11/2026 05:55:49,System.Runtime,dotnet.gc.last_collection.memory.committed_size (By),Metric,0
09/11/2026 05:55:49,System.Runtime,dotnet.gc.last_collection.heap.fragmentation.size (By)[gc.heap.generation=gen0],Metric,0
09/11/2026 05:55:49,System.Runtime,dotnet.gc.last_collection.heap.fragmentation.size (By)[gc.heap.generation=gen2],Metric,0
09/11/2026 05:55:49,System.Runtime,dotnet.gc.last_collection.heap.fragmentation.size (By)[gc.heap.generation=loh],Metric,0
09/11/2026 05:55:49,System.Runtime,dotnet.gc.last_collection.heap.fragmentation.size (By)[gc.heap.generation=gen1],Metric,0
09/11/2026 05:55:49,System.Runtime,dotnet.gc.last_collection.heap.fragmentation.size (By)[gc.heap.generation=poh],Metric,0
09/11/2026 05:55:49,System.Runtime,dotnet.timer.count ({timer}),Metric,2
09/11/2026 05:55:49,System.Runtime,dotnet.assembly.count ({assembly}),Metric,61
09/11/2026 05:55:49,System.Runtime,dotnet.gc.heap.total_allocated (By / 1 sec),Rate,138376
09/11/2026 05:55:49,System.Runtime,dotnet.gc.last_collection.heap.size (By)[gc.heap.generation=gen0],Metric,0
09/11/2026 05:55:49,System.Runtime,dotnet.gc.last_collection.heap.size (By)[gc.heap.generation=gen2],Metric,0
09/11/2026 05:55:49,System.Runtime,dotnet.gc.last_collection.heap.size (By)[gc.heap.generation=loh],Metric,0
09/11/2026 05:55:49,System.Runtime,dotnet.gc.last_collection.heap.size (By)[gc.heap.generation=gen1],Metric,0
09/11/2026 05:55:49,System.Runtime,dotnet.gc.last_collection.heap.size (By)[gc.heap.generation=poh],Metric,0
09/11/2026 05:55:49,System.Runtime,dotnet.thread_pool.work_item.count ({work_item} / 1 sec),Rate,601
09/11/2026 05:55:49,System.Runtime,dotnet.process.memory.working_set (By),Metric,109690880
09/11/2026 05:55:49,System.Runtime,dotnet.thread_pool.thread.count ({thread} / 1 sec),Rate,0
09/11/2026 05:55:49,System.Runtime,dotnet.jit.compilation.time (s / 1 sec),Rate,0
09/11/2026 05:55:50,System.Runtime,dotnet.jit.compiled_il.size (By / 1 sec),Rate,0
09/11/2026 05:55:50,System.Runtime,dotnet.jit.compiled_methods ({method} / 1 sec),Rate,0
09/11/2026 05:55:50,System.Runtime,dotnet.monitor.lock_contentions ({contention} / 1 sec),Rate,1
09/11/2026 05:55:50,System.Runtime,dotnet.gc.collections ({collection} / 1 sec)[gc.heap.generation=gen0],Rate,0
09/11/2026 05:55:50,System.Runtime,dotnet.gc.collections ({collection} / 1 sec)[gc.heap.generation=gen2],Rate,0
09/11/2026 05:55:50,System.Runtime,dotnet.gc.collections ({collection} / 1 sec)[gc.heap.generation=gen1],Rate,0
09/11/2026 05:55:50,System.Runtime,dotnet.process.cpu.time (s / 1 sec)[cpu.mode=user],Rate,0.5810939999999931
09/11/2026 05:55:50,System.Runtime,dotnet.process.cpu.time (s / 1 sec)[cpu.mode=system],Rate,0.044011999999999496
09/11/2026 05:55:50,System.Runtime,dotnet.process.cpu.count ({cpu}),Metric,15
09/11/2026 05:55:50,System.Runtime,dotnet.gc.pause.time (s / 1 sec),Rate,0
09/11/2026 05:55:50,System.Runtime,dotnet.thread_pool.queue.length ({work_item} / 1 sec),Rate,0
09/11/2026 05:55:50,System.Runtime,dotnet.gc.last_collection.memory.committed_size (By),Metric,0
09/11/2026 05:55:50,System.Runtime,dotnet.gc.last_collection.heap.fragmentation.size (By)[gc.heap.generation=gen0],Metric,0
09/11/2026 05:55:50,System.Runtime,dotnet.gc.last_collection.heap.fragmentation.size (By)[gc.heap.generation=gen2],Metric,0
09/11/2026 05:55:50,System.Runtime,dotnet.gc.last_collection.heap.fragmentation.size (By)[gc.heap.generation=loh],Metric,0
09/11/2026 05:55:50,System.Runtime,dotnet.gc.last_collection.heap.fragmentation.size (By)[gc.heap.generation=gen1],Metric,0
09/11/2026 05:55:50,System.Runtime,dotnet.gc.last_collection.heap.fragmentation.size (By)[gc.heap.generation=poh],Metric,0
09/11/2026 05:55:50,System.Runtime,dotnet.timer.count ({timer}),Metric,2
09/11/2026 05:55:50,System.Runtime,dotnet.assembly.count ({assembly}),Metric,61
09/11/2026 05:55:50,System.Runtime,dotnet.gc.heap.total_allocated (By / 1 sec),Rate,139304
09/11/2026 05:55:50,System.Runtime,dotnet.gc.last_collection.heap.size (By)[gc.heap.generation=gen0],Metric,0
09/11/2026 05:55:50,System.Runtime,dotnet.gc.last_collection.heap.size (By)[gc.heap.generation=gen2],Metric,0
09/11/2026 05:55:50,System.Runtime,dotnet.gc.last_collection.heap.size (By)[gc.heap.generation=loh],Metric,0
09/11/2026 05:55:50,System.Runtime,dotnet.gc.last_collection.heap.size (By)[gc.heap.generation=gen1],Metric,0
09/11/2026 05:55:50,System.Runtime,dotnet.gc.last_collection.heap.size (By)[gc.heap.generation=poh],Metric,0
09/11/2026 05:55:50,System.Runtime,dotnet.thread_pool.work_item.count ({work_item} / 1 sec),Rate,601
09/11/2026 05:55:50,System.Runtime,dotnet.process.memory.working_set (By),Metric,109871104
09/11/2026 05:55:50,System.Runtime,dotnet.thread_pool.thread.count ({thread} / 1 sec),Rate,0
09/11/2026 05:55:50,System.Runtime,dotnet.jit.compilation.time (s / 1 sec),Rate,0
09/11/2026 05:55:51,System.Runtime,dotnet.jit.compiled_il.size (By / 1 sec),Rate,0
09/11/2026 05:55:51,System.Runtime,dotnet.jit.compiled_methods ({method} / 1 sec),Rate,0
09/11/2026 05:55:51,System.Runtime,dotnet.monitor.lock_contentions ({contention} / 1 sec),Rate,0
09/11/2026 05:55:51,System.Runtime,dotnet.gc.collections ({collection} / 1 sec)[gc.heap.generation=gen0],Rate,0
09/11/2026 05:55:51,System.Runtime,dotnet.gc.collections ({collection} / 1 sec)[gc.heap.generation=gen2],Rate,0
09/11/2026 05:55:51,System.Runtime,dotnet.gc.collections ({collection} / 1 sec)[gc.heap.generation=gen1],Rate,0
09/11/2026 05:55:51,System.Runtime,dotnet.process.cpu.time (s / 1 sec)[cpu.mode=user],Rate,0.5816839999999956
09/11/2026 05:55:51,System.Runtime,dotnet.process.cpu.time (s / 1 sec)[cpu.mode=system],Rate,0.045701000000000214
09/11/2026 05:55:51,System.Runtime,dotnet.process.cpu.count ({cpu}),Metric,15
09/11/2026 05:55:51,System.Runtime,dotnet.gc.pause.time (s / 1 sec),Rate,0
09/11/2026 05:55:51,System.Runtime,dotnet.thread_pool.queue.length ({work_item} / 1 sec),Rate,0
09/11/2026 05:55:51,System.Runtime,dotnet.gc.last_collection.memory.committed_size (By),Metric,0
09/11/2026 05:55:51,System.Runtime,dotnet.gc.last_collection.heap.fragmentation.size (By)[gc.heap.generation=gen0],Metric,0
09/11/2026 05:55:51,System.Runtime,dotnet.gc.last_collection.heap.fragmentation.size (By)[gc.heap.generation=gen2],Metric,0
09/11/2026 05:55:51,System.Runtime,dotnet.gc.last_collection.heap.fragmentation.size (By)[gc.heap.generation=loh],Metric,0
09/11/2026 05:55:51,System.Runtime,dotnet.gc.last_collection.heap.fragmentation.size (By)[gc.heap.generation=gen1],Metric,0
09/11/2026 05:55:51,System.Runtime,dotnet.gc.last_collection.heap.fragmentation.size (By)[gc.heap.generation=poh],Metric,0
09/11/2026 05:55:51,System.Runtime,dotnet.timer.count ({timer}),Metric,2
09/11/2026 05:55:51,System.Runtime,dotnet.assembly.count ({assembly}),Metric,61
09/11/2026 05:55:51,System.Runtime,dotnet.gc.heap.total_allocated (By / 1 sec),Rate,138392
09/11/2026 05:55:51,System.Runtime,dotnet.gc.last_collection.heap.size (By)[gc.heap.generation=gen0],Metric,0
09/11/2026 05:55:51,System.Runtime,dotnet.gc.last_collection.heap.size (By)[gc.heap.generation=gen2],Metric,0
09/11/2026 05:55:51,System.Runtime,dotnet.gc.last_collection.heap.size (By)[gc.heap.generation=loh],Metric,0
09/11/2026 05:55:51,System.Runtime,dotnet.gc.last_collection.heap.size (By)[gc.heap.generation=gen1],Metric,0
09/11/2026 05:55:51,System.Runtime,dotnet.gc.last_collection.heap.size (By)[gc.heap.generation=poh],Metric,0
09/11/2026 05:55:51,System.Runtime,dotnet.thread_pool.work_item.count ({work_item} / 1 sec),Rate,602
09/11/2026 05:55:51,System.Runtime,dotnet.process.memory.working_set (By),Metric,110018560
09/11/2026 05:55:51,System.Runtime,dotnet.thread_pool.thread.count ({thread} / 1 sec),Rate,0
09/11/2026 05:55:51,System.Runtime,dotnet.jit.compilation.time (s / 1 sec),Rate,0
09/11/2026 05:55:52,System.Runtime,dotnet.jit.compiled_il.size (By / 1 sec),Rate,0
09/11/2026 05:55:52,System.Runtime,dotnet.jit.compiled_methods ({method} / 1 sec),Rate,0
09/11/2026 05:55:52,System.Runtime,dotnet.monitor.lock_contentions ({contention} / 1 sec),Rate,1
09/11/2026 05:55:52,System.Runtime,dotnet.gc.collections ({collection} / 1 sec)[gc.heap.generation=gen0],Rate,0
09/11/2026 05:55:52,System.Runtime,dotnet.gc.collections ({collection} / 1 sec)[gc.heap.generation=gen2],Rate,0
09/11/2026 05:55:52,System.Runtime,dotnet.gc.collections ({collection} / 1 sec)[gc.heap.generation=gen1],Rate,0
09/11/2026 05:55:52,System.Runtime,dotnet.process.cpu.time (s / 1 sec)[cpu.mode=user],Rate,0.5792530000000085
09/11/2026 05:55:52,System.Runtime,dotnet.process.cpu.time (s / 1 sec)[cpu.mode=system],Rate,0.04284800000000022
09/11/2026 05:55:52,System.Runtime,dotnet.process.cpu.count ({cpu}),Metric,15
09/11/2026 05:55:52,System.Runtime,dotnet.gc.pause.time (s / 1 sec),Rate,0
09/11/2026 05:55:52,System.Runtime,dotnet.thread_pool.queue.length ({work_item} / 1 sec),Rate,0
09/11/2026 05:55:52,System.Runtime,dotnet.gc.last_collection.memory.committed_size (By),Metric,0
09/11/2026 05:55:52,System.Runtime,dotnet.gc.last_collection.heap.fragmentation.size (By)[gc.heap.generation=gen0],Metric,0
09/11/2026 05:55:52,System.Runtime,dotnet.gc.last_collection.heap.fragmentation.size (By)[gc.heap.generation=gen2],Metric,0
09/11/2026 05:55:52,System.Runtime,dotnet.gc.last_collection.heap.fragmentation.size (By)[gc.heap.generation=loh],Metric,0
09/11/2026 05:55:52,System.Runtime,dotnet.gc.last_collection.heap.fragmentation.size (By)[gc.heap.generation=gen1],Metric,0
09/11/2026 05:55:52,System.Runtime,dotnet.gc.last_collection.heap.fragmentation.size (By)[gc.heap.generation=poh],Metric,0
09/11/2026 05:55:52,System.Runtime,dotnet.timer.count ({timer}),Metric,2
09/11/2026 05:55:52,System.Runtime,dotnet.assembly.count ({assembly}),Metric,61
09/11/2026 05:55:52,System.Runtime,dotnet.gc.heap.total_allocated (By / 1 sec),Rate,131200
09/11/2026 05:55:52,System.Runtime,dotnet.gc.last_collection.heap.size (By)[gc.heap.generation=gen0],Metric,0
09/11/2026 05:55:52,System.Runtime,dotnet.gc.last_collection.heap.size (By)[gc.heap.generation=gen2],Metric,0
09/11/2026 05:55:52,System.Runtime,dotnet.gc.last_collection.heap.size (By)[gc.heap.generation=loh],Metric,0
09/11/2026 05:55:52,System.Runtime,dotnet.gc.last_collection.heap.size (By)[gc.heap.generation=gen1],Metric,0
09/11/2026 05:55:52,System.Runtime,dotnet.gc.last_collection.heap.size (By)[gc.heap.generation=poh],Metric,0
09/11/2026 05:55:52,System.Runtime,dotnet.thread_pool.work_item.count ({work_item} / 1 sec),Rate,601
09/11/2026 05:55:52,System.Runtime,dotnet.process.memory.working_set (By),Metric,110198784
09/11/2026 05:55:52,System.Runtime,dotnet.thread_pool.thread.count ({thread} / 1 sec),Rate,0
09/11/2026 05:55:52,System.Runtime,dotnet.jit.compilation.time (s / 1 sec),Rate,0
09/11/2026 05:55:53,System.Runtime,dotnet.jit.compiled_il.size (By / 1 sec),Rate,0
09/11/2026 05:55:53,System.Runtime,dotnet.jit.compiled_methods ({method} / 1 sec),Rate,0
09/11/2026 05:55:53,System.Runtime,dotnet.monitor.lock_contentions ({contention} / 1 sec),Rate,0
09/11/2026 05:55:53,System.Runtime,dotnet.gc.collections ({collection} / 1 sec)[gc.heap.generation=gen0],Rate,0
09/11/2026 05:55:53,System.Runtime,dotnet.gc.collections ({collection} / 1 sec)[gc.heap.generation=gen2],Rate,0
09/11/2026 05:55:53,System.Runtime,dotnet.gc.collections ({collection} / 1 sec)[gc.heap.generation=gen1],Rate,0
09/11/2026 05:55:53,System.Runtime,dotnet.process.cpu.time (s / 1 sec)[cpu.mode=user],Rate,0.5787669999999991
09/11/2026 05:55:53,System.Runtime,dotnet.process.cpu.time (s / 1 sec)[cpu.mode=system],Rate,0.04287399999999941
09/11/2026 05:55:53,System.Runtime,dotnet.process.cpu.count ({cpu}),Metric,15
09/11/2026 05:55:53,System.Runtime,dotnet.gc.pause.time (s / 1 sec),Rate,0
09/11/2026 05:55:53,System.Runtime,dotnet.thread_pool.queue.length ({work_item} / 1 sec),Rate,0
09/11/2026 05:55:53,System.Runtime,dotnet.gc.last_collection.memory.committed_size (By),Metric,0
09/11/2026 05:55:53,System.Runtime,dotnet.gc.last_collection.heap.fragmentation.size (By)[gc.heap.generation=gen0],Metric,0
09/11/2026 05:55:53,System.Runtime,dotnet.gc.last_collection.heap.fragmentation.size (By)[gc.heap.generation=gen2],Metric,0
09/11/2026 05:55:53,System.Runtime,dotnet.gc.last_collection.heap.fragmentation.size (By)[gc.heap.generation=loh],Metric,0
09/11/2026 05:55:53,System.Runtime,dotnet.gc.last_collection.heap.fragmentation.size (By)[gc.heap.generation=gen1],Metric,0
09/11/2026 05:55:53,System.Runtime,dotnet.gc.last_collection.heap.fragmentation.size (By)[gc.heap.generation=poh],Metric,0
09/11/2026 05:55:53,System.Runtime,dotnet.timer.count ({timer}),Metric,2
09/11/2026 05:55:53,System.Runtime,dotnet.assembly.count ({assembly}),Metric,61
09/11/2026 05:55:53,System.Runtime,dotnet.gc.heap.total_allocated (By / 1 sec),Rate,139376
09/11/2026 05:55:53,System.Runtime,dotnet.gc.last_collection.heap.size (By)[gc.heap.generation=gen0],Metric,0
09/11/2026 05:55:53,System.Runtime,dotnet.gc.last_collection.heap.size (By)[gc.heap.generation=gen2],Metric,0
09/11/2026 05:55:53,System.Runtime,dotnet.gc.last_collection.heap.size (By)[gc.heap.generation=loh],Metric,0
09/11/2026 05:55:53,System.Runtime,dotnet.gc.last_collection.heap.size (By)[gc.heap.generation=gen1],Metric,0
09/11/2026 05:55:53,System.Runtime,dotnet.gc.last_collection.heap.size (By)[gc.heap.generation=poh],Metric,0
09/11/2026 05:55:53,System.Runtime,dotnet.thread_pool.work_item.count ({work_item} / 1 sec),Rate,601
09/11/2026 05:55:53,System.Runtime,dotnet.process.memory.working_set (By),Metric,110346240
09/11/2026 05:55:53,System.Runtime,dotnet.thread_pool.thread.count ({thread} / 1 sec),Rate,0
09/11/2026 05:55:53,System.Runtime,dotnet.jit.compilation.time (s / 1 sec),Rate,0
09/11/2026 05:55:54,System.Runtime,dotnet.jit.compiled_il.size (By / 1 sec),Rate,0
09/11/2026 05:55:54,System.Runtime,dotnet.jit.compiled_methods ({method} / 1 sec),Rate,0
09/11/2026 05:55:54,System.Runtime,dotnet.monitor.lock_contentions ({contention} / 1 sec),Rate,0
09/11/2026 05:55:54,System.Runtime,dotnet.gc.collections ({collection} / 1 sec)[gc.heap.generation=gen0],Rate,0
09/11/2026 05:55:54,System.Runtime,dotnet.gc.collections ({collection} / 1 sec)[gc.heap.generation=gen2],Rate,0
09/11/2026 05:55:54,System.Runtime,dotnet.gc.collections ({collection} / 1 sec)[gc.heap.generation=gen1],Rate,0
09/11/2026 05:55:54,System.Runtime,dotnet.process.cpu.time (s / 1 sec)[cpu.mode=user],Rate,0.5815419999999989
09/11/2026 05:55:54,System.Runtime,dotnet.process.cpu.time (s / 1 sec)[cpu.mode=system],Rate,0.04236200000000068
09/11/2026 05:55:54,System.Runtime,dotnet.process.cpu.count ({cpu}),Metric,15
09/11/2026 05:55:54,System.Runtime,dotnet.gc.pause.time (s / 1 sec),Rate,0
09/11/2026 05:55:54,System.Runtime,dotnet.thread_pool.queue.length ({work_item} / 1 sec),Rate,0
09/11/2026 05:55:54,System.Runtime,dotnet.gc.last_collection.memory.committed_size (By),Metric,0
09/11/2026 05:55:54,System.Runtime,dotnet.gc.last_collection.heap.fragmentation.size (By)[gc.heap.generation=gen0],Metric,0
09/11/2026 05:55:54,System.Runtime,dotnet.gc.last_collection.heap.fragmentation.size (By)[gc.heap.generation=gen2],Metric,0
09/11/2026 05:55:54,System.Runtime,dotnet.gc.last_collection.heap.fragmentation.size (By)[gc.heap.generation=loh],Metric,0
09/11/2026 05:55:54,System.Runtime,dotnet.gc.last_collection.heap.fragmentation.size (By)[gc.heap.generation=gen1],Metric,0
09/11/2026 05:55:54,System.Runtime,dotnet.gc.last_collection.heap.fragmentation.size (By)[gc.heap.generation=poh],Metric,0
09/11/2026 05:55:54,System.Runtime,dotnet.timer.count ({timer}),Metric,2
09/11/2026 05:55:54,System.Runtime,dotnet.assembly.count ({assembly}),Metric,61
09/11/2026 05:55:54,System.Runtime,dotnet.gc.heap.total_allocated (By / 1 sec),Rate,123392
09/11/2026 05:55:54,System.Runtime,dotnet.gc.last_collection.heap.size (By)[gc.heap.generation=gen0],Metric,0
09/11/2026 05:55:54,System.Runtime,dotnet.gc.last_collection.heap.size (By)[gc.heap.generation=gen2],Metric,0
09/11/2026 05:55:54,System.Runtime,dotnet.gc.last_collection.heap.size (By)[gc.heap.generation=loh],Metric,0
09/11/2026 05:55:54,System.Runtime,dotnet.gc.last_collection.heap.size (By)[gc.heap.generation=gen1],Metric,0
09/11/2026 05:55:54,System.Runtime,dotnet.gc.last_collection.heap.size (By)[gc.heap.generation=poh],Metric,0
09/11/2026 05:55:54,System.Runtime,dotnet.thread_pool.work_item.count ({work_item} / 1 sec),Rate,601
09/11/2026 05:55:54,System.Runtime,dotnet.process.memory.working_set (By),Metric,110460928
09/11/2026 05:55:54,System.Runtime,dotnet.thread_pool.thread.count ({thread} / 1 sec),Rate,-1
09/11/2026 05:55:54,System.Runtime,dotnet.jit.compilation.time (s / 1 sec),Rate,0
09/11/2026 05:55:55,System.Runtime,dotnet.jit.compiled_il.size (By / 1 sec),Rate,0
09/11/2026 05:55:55,System.Runtime,dotnet.jit.compiled_methods ({method} / 1 sec),Rate,0
09/11/2026 05:55:55,System.Runtime,dotnet.monitor.lock_contentions ({contention} / 1 sec),Rate,0
09/11/2026 05:55:55,System.Runtime,dotnet.gc.collections ({collection} / 1 sec)[gc.heap.generation=gen0],Rate,0
09/11/2026 05:55:55,System.Runtime,dotnet.gc.collections ({collection} / 1 sec)[gc.heap.generation=gen2],Rate,0
09/11/2026 05:55:55,System.Runtime,dotnet.gc.collections ({collection} / 1 sec)[gc.heap.generation=gen1],Rate,0
09/11/2026 05:55:55,System.Runtime,dotnet.process.cpu.time (s / 1 sec)[cpu.mode=user],Rate,0.5762679999999989
09/11/2026 05:55:55,System.Runtime,dotnet.process.cpu.time (s / 1 sec)[cpu.mode=system],Rate,0.05154000000000014
09/11/2026 05:55:55,System.Runtime,dotnet.process.cpu.count ({cpu}),Metric,15
09/11/2026 05:55:55,System.Runtime,dotnet.gc.pause.time (s / 1 sec),Rate,0
09/11/2026 05:55:55,System.Runtime,dotnet.thread_pool.queue.length ({work_item} / 1 sec),Rate,0
09/11/2026 05:55:55,System.Runtime,dotnet.gc.last_collection.memory.committed_size (By),Metric,0
09/11/2026 05:55:55,System.Runtime,dotnet.gc.last_collection.heap.fragmentation.size (By)[gc.heap.generation=gen0],Metric,0
09/11/2026 05:55:55,System.Runtime,dotnet.gc.last_collection.heap.fragmentation.size (By)[gc.heap.generation=gen2],Metric,0
09/11/2026 05:55:55,System.Runtime,dotnet.gc.last_collection.heap.fragmentation.size (By)[gc.heap.generation=loh],Metric,0
09/11/2026 05:55:55,System.Runtime,dotnet.gc.last_collection.heap.fragmentation.size (By)[gc.heap.generation=gen1],Metric,0
09/11/2026 05:55:55,System.Runtime,dotnet.gc.last_collection.heap.fragmentation.size (By)[gc.heap.generation=poh],Metric,0
09/11/2026 05:55:55,System.Runtime,dotnet.timer.count ({timer}),Metric,2
09/11/2026 05:55:55,System.Runtime,dotnet.assembly.count ({assembly}),Metric,61
09/11/2026 05:55:55,System.Runtime,dotnet.gc.heap.total_allocated (By / 1 sec),Rate,131200
09/11/2026 05:55:55,System.Runtime,dotnet.gc.last_collection.heap.size (By)[gc.heap.generation=gen0],Metric,0
09/11/2026 05:55:55,System.Runtime,dotnet.gc.last_collection.heap.size (By)[gc.heap.generation=gen2],Metric,0
09/11/2026 05:55:55,System.Runtime,dotnet.gc.last_collection.heap.size (By)[gc.heap.generation=loh],Metric,0
09/11/2026 05:55:55,System.Runtime,dotnet.gc.last_collection.heap.size (By)[gc.heap.generation=gen1],Metric,0
09/11/2026 05:55:55,System.Runtime,dotnet.gc.last_collection.heap.size (By)[gc.heap.generation=poh],Metric,0
09/11/2026 05:55:55,System.Runtime,dotnet.thread_pool.work_item.count ({work_item} / 1 sec),Rate,601
09/11/2026 05:55:55,System.Runtime,dotnet.process.memory.working_set (By),Metric,110592000
09/11/2026 05:55:55,System.Runtime,dotnet.thread_pool.thread.count ({thread} / 1 sec),Rate,0
09/11/2026 05:55:55,System.Runtime,dotnet.jit.compilation.time (s / 1 sec),Rate,0
09/11/2026 05:55:56,System.Runtime,dotnet.jit.compiled_il.size (By / 1 sec),Rate,0
09/11/2026 05:55:56,System.Runtime,dotnet.jit.compiled_methods ({method} / 1 sec),Rate,0
09/11/2026 05:55:56,System.Runtime,dotnet.monitor.lock_contentions ({contention} / 1 sec),Rate,0
09/11/2026 05:55:56,System.Runtime,dotnet.gc.collections ({collection} / 1 sec)[gc.heap.generation=gen0],Rate,0
09/11/2026 05:55:56,System.Runtime,dotnet.gc.collections ({collection} / 1 sec)[gc.heap.generation=gen2],Rate,0
09/11/2026 05:55:56,System.Runtime,dotnet.gc.collections ({collection} / 1 sec)[gc.heap.generation=gen1],Rate,0
09/11/2026 05:55:56,System.Runtime,dotnet.process.cpu.time (s / 1 sec)[cpu.mode=user],Rate,0.5825040000000001
09/11/2026 05:55:56,System.Runtime,dotnet.process.cpu.time (s / 1 sec)[cpu.mode=system],Rate,0.045551999999999815
09/11/2026 05:55:56,System.Runtime,dotnet.process.cpu.count ({cpu}),Metric,15
09/11/2026 05:55:56,System.Runtime,dotnet.gc.pause.time (s / 1 sec),Rate,0
09/11/2026 05:55:56,System.Runtime,dotnet.thread_pool.queue.length ({work_item} / 1 sec),Rate,0
09/11/2026 05:55:56,System.Runtime,dotnet.gc.last_collection.memory.committed_size (By),Metric,0
09/11/2026 05:55:56,System.Runtime,dotnet.gc.last_collection.heap.fragmentation.size (By)[gc.heap.generation=gen0],Metric,0
09/11/2026 05:55:56,System.Runtime,dotnet.gc.last_collection.heap.fragmentation.size (By)[gc.heap.generation=gen2],Metric,0
09/11/2026 05:55:56,System.Runtime,dotnet.gc.last_collection.heap.fragmentation.size (By)[gc.heap.generation=loh],Metric,0
09/11/2026 05:55:56,System.Runtime,dotnet.gc.last_collection.heap.fragmentation.size (By)[gc.heap.generation=gen1],Metric,0
09/11/2026 05:55:56,System.Runtime,dotnet.gc.last_collection.heap.fragmentation.size (By)[gc.heap.generation=poh],Metric,0
09/11/2026 05:55:56,System.Runtime,dotnet.timer.count ({timer}),Metric,2
09/11/2026 05:55:56,System.Runtime,dotnet.assembly.count ({assembly}),Metric,61
09/11/2026 05:55:56,System.Runtime,dotnet.gc.heap.total_allocated (By / 1 sec),Rate,155816
09/11/2026 05:55:56,System.Runtime,dotnet.gc.last_collection.heap.size (By)[gc.heap.generation=gen0],Metric,0
09/11/2026 05:55:56,System.Runtime,dotnet.gc.last_collection.heap.size (By)[gc.heap.generation=gen2],Metric,0
09/11/2026 05:55:56,System.Runtime,dotnet.gc.last_collection.heap.size (By)[gc.heap.generation=loh],Metric,0
09/11/2026 05:55:56,System.Runtime,dotnet.gc.last_collection.heap.size (By)[gc.heap.generation=gen1],Metric,0
09/11/2026 05:55:56,System.Runtime,dotnet.gc.last_collection.heap.size (By)[gc.heap.generation=poh],Metric,0
09/11/2026 05:55:56,System.Runtime,dotnet.thread_pool.work_item.count ({work_item} / 1 sec),Rate,602
09/11/2026 05:55:56,System.Runtime,dotnet.process.memory.working_set (By),Metric,110772224
09/11/2026 05:55:56,System.Runtime,dotnet.thread_pool.thread.count ({thread} / 1 sec),Rate,0
09/11/2026 05:55:56,System.Runtime,dotnet.jit.compilation.time (s / 1 sec),Rate,0
09/11/2026 05:55:57,System.Runtime,dotnet.jit.compiled_il.size (By / 1 sec),Rate,0
09/11/2026 05:55:57,System.Runtime,dotnet.jit.compiled_methods ({method} / 1 sec),Rate,0
09/11/2026 05:55:57,System.Runtime,dotnet.monitor.lock_contentions ({contention} / 1 sec),Rate,0
09/11/2026 05:55:57,System.Runtime,dotnet.gc.collections ({collection} / 1 sec)[gc.heap.generation=gen0],Rate,0
09/11/2026 05:55:57,System.Runtime,dotnet.gc.collections ({collection} / 1 sec)[gc.heap.generation=gen2],Rate,0
09/11/2026 05:55:57,System.Runtime,dotnet.gc.collections ({collection} / 1 sec)[gc.heap.generation=gen1],Rate,0
09/11/2026 05:55:57,System.Runtime,dotnet.process.cpu.time (s / 1 sec)[cpu.mode=user],Rate,0.5753820000000047
09/11/2026 05:55:57,System.Runtime,dotnet.process.cpu.time (s / 1 sec)[cpu.mode=system],Rate,0.04417699999999947
09/11/2026 05:55:57,System.Runtime,dotnet.process.cpu.count ({cpu}),Metric,15
09/11/2026 05:55:57,System.Runtime,dotnet.gc.pause.time (s / 1 sec),Rate,0
09/11/2026 05:55:57,System.Runtime,dotnet.thread_pool.queue.length ({work_item} / 1 sec),Rate,0
09/11/2026 05:55:57,System.Runtime,dotnet.gc.last_collection.memory.committed_size (By),Metric,0
09/11/2026 05:55:57,System.Runtime,dotnet.gc.last_collection.heap.fragmentation.size (By)[gc.heap.generation=gen0],Metric,0
09/11/2026 05:55:57,System.Runtime,dotnet.gc.last_collection.heap.fragmentation.size (By)[gc.heap.generation=gen2],Metric,0
09/11/2026 05:55:57,System.Runtime,dotnet.gc.last_collection.heap.fragmentation.size (By)[gc.heap.generation=loh],Metric,0
09/11/2026 05:55:57,System.Runtime,dotnet.gc.last_collection.heap.fragmentation.size (By)[gc.heap.generation=gen1],Metric,0
09/11/2026 05:55:57,System.Runtime,dotnet.gc.last_collection.heap.fragmentation.size (By)[gc.heap.generation=poh],Metric,0
09/11/2026 05:55:57,System.Runtime,dotnet.timer.count ({timer}),Metric,2
09/11/2026 05:55:57,System.Runtime,dotnet.assembly.count ({assembly}),Metric,61
09/11/2026 05:55:57,System.Runtime,dotnet.gc.heap.total_allocated (By / 1 sec),Rate,121904
09/11/2026 05:55:57,System.Runtime,dotnet.gc.last_collection.heap.size (By)[gc.heap.generation=gen0],Metric,0
09/11/2026 05:55:57,System.Runtime,dotnet.gc.last_collection.heap.size (By)[gc.heap.generation=gen2],Metric,0
09/11/2026 05:55:57,System.Runtime,dotnet.gc.last_collection.heap.size (By)[gc.heap.generation=loh],Metric,0
09/11/2026 05:55:57,System.Runtime,dotnet.gc.last_collection.heap.size (By)[gc.heap.generation=gen1],Metric,0
09/11/2026 05:55:57,System.Runtime,dotnet.gc.last_collection.heap.size (By)[gc.heap.generation=poh],Metric,0
09/11/2026 05:55:57,System.Runtime,dotnet.thread_pool.work_item.count ({work_item} / 1 sec),Rate,601
09/11/2026 05:55:57,System.Runtime,dotnet.process.memory.working_set (By),Metric,110919680
09/11/2026 05:55:57,System.Runtime,dotnet.thread_pool.thread.count ({thread} / 1 sec),Rate,0
09/11/2026 05:55:57,System.Runtime,dotnet.jit.compilation.time (s / 1 sec),Rate,0
09/11/2026 05:55:58,System.Runtime,dotnet.jit.compiled_il.size (By / 1 sec),Rate,0
09/11/2026 05:55:58,System.Runtime,dotnet.jit.compiled_methods ({method} / 1 sec),Rate,0
09/11/2026 05:55:58,System.Runtime,dotnet.monitor.lock_contentions ({contention} / 1 sec),Rate,0
09/11/2026 05:55:58,System.Runtime,dotnet.gc.collections ({collection} / 1 sec)[gc.heap.generation=gen0],Rate,0
09/11/2026 05:55:58,System.Runtime,dotnet.gc.collections ({collection} / 1 sec)[gc.heap.generation=gen2],Rate,0
09/11/2026 05:55:58,System.Runtime,dotnet.gc.collections ({collection} / 1 sec)[gc.heap.generation=gen1],Rate,0
09/11/2026 05:55:58,System.Runtime,dotnet.process.cpu.time (s / 1 sec)[cpu.mode=user],Rate,0.5782119999999935
09/11/2026 05:55:58,System.Runtime,dotnet.process.cpu.time (s / 1 sec)[cpu.mode=system],Rate,0.04206600000000105
09/11/2026 05:55:58,System.Runtime,dotnet.process.cpu.count ({cpu}),Metric,15
09/11/2026 05:55:58,System.Runtime,dotnet.gc.pause.time (s / 1 sec),Rate,0
09/11/2026 05:55:58,System.Runtime,dotnet.thread_pool.queue.length ({work_item} / 1 sec),Rate,0
09/11/2026 05:55:58,System.Runtime,dotnet.gc.last_collection.memory.committed_size (By),Metric,0
09/11/2026 05:55:58,System.Runtime,dotnet.gc.last_collection.heap.fragmentation.size (By)[gc.heap.generation=gen0],Metric,0
09/11/2026 05:55:58,System.Runtime,dotnet.gc.last_collection.heap.fragmentation.size (By)[gc.heap.generation=gen2],Metric,0
09/11/2026 05:55:58,System.Runtime,dotnet.gc.last_collection.heap.fragmentation.size (By)[gc.heap.generation=loh],Metric,0
09/11/2026 05:55:58,System.Runtime,dotnet.gc.last_collection.heap.fragmentation.size (By)[gc.heap.generation=gen1],Metric,0
09/11/2026 05:55:58,System.Runtime,dotnet.gc.last_collection.heap.fragmentation.size (By)[gc.heap.generation=poh],Metric,0
09/11/2026 05:55:58,System.Runtime,dotnet.timer.count ({timer}),Metric,2
09/11/2026 05:55:58,System.Runtime,dotnet.assembly.count ({assembly}),Metric,61
09/11/2026 05:55:58,System.Runtime,dotnet.gc.heap.total_allocated (By / 1 sec),Rate,154680
09/11/2026 05:55:58,System.Runtime,dotnet.gc.last_collection.heap.size (By)[gc.heap.generation=gen0],Metric,0
09/11/2026 05:55:58,System.Runtime,dotnet.gc.last_collection.heap.size (By)[gc.heap.generation=gen2],Metric,0
09/11/2026 05:55:58,System.Runtime,dotnet.gc.last_collection.heap.size (By)[gc.heap.generation=loh],Metric,0
09/11/2026 05:55:58,System.Runtime,dotnet.gc.last_collection.heap.size (By)[gc.heap.generation=gen1],Metric,0
09/11/2026 05:55:58,System.Runtime,dotnet.gc.last_collection.heap.size (By)[gc.heap.generation=poh],Metric,0
09/11/2026 05:55:58,System.Runtime,dotnet.thread_pool.work_item.count ({work_item} / 1 sec),Rate,601
09/11/2026 05:55:58,System.Runtime,dotnet.process.memory.working_set (By),Metric,111083520
09/11/2026 05:55:58,System.Runtime,dotnet.thread_pool.thread.count ({thread} / 1 sec),Rate,0
09/11/2026 05:55:58,System.Runtime,dotnet.jit.compilation.time (s / 1 sec),Rate,0
09/11/2026 05:55:59,System.Runtime,dotnet.jit.compiled_il.size (By / 1 sec),Rate,0
09/11/2026 05:55:59,System.Runtime,dotnet.jit.compiled_methods ({method} / 1 sec),Rate,0
09/11/2026 05:55:59,System.Runtime,dotnet.monitor.lock_contentions ({contention} / 1 sec),Rate,0
09/11/2026 05:55:59,System.Runtime,dotnet.gc.collections ({collection} / 1 sec)[gc.heap.generation=gen0],Rate,0
09/11/2026 05:55:59,System.Runtime,dotnet.gc.collections ({collection} / 1 sec)[gc.heap.generation=gen2],Rate,0
09/11/2026 05:55:59,System.Runtime,dotnet.gc.collections ({collection} / 1 sec)[gc.heap.generation=gen1],Rate,0
09/11/2026 05:55:59,System.Runtime,dotnet.process.cpu.time (s / 1 sec)[cpu.mode=user],Rate,0.5781929999999988
09/11/2026 05:55:59,System.Runtime,dotnet.process.cpu.time (s / 1 sec)[cpu.mode=system],Rate,0.04425599999999896
09/11/2026 05:55:59,System.Runtime,dotnet.process.cpu.count ({cpu}),Metric,15
09/11/2026 05:55:59,System.Runtime,dotnet.gc.pause.time (s / 1 sec),Rate,0
09/11/2026 05:55:59,System.Runtime,dotnet.thread_pool.queue.length ({work_item} / 1 sec),Rate,0
09/11/2026 05:55:59,System.Runtime,dotnet.gc.last_collection.memory.committed_size (By),Metric,0
09/11/2026 05:55:59,System.Runtime,dotnet.gc.last_collection.heap.fragmentation.size (By)[gc.heap.generation=gen0],Metric,0
09/11/2026 05:55:59,System.Runtime,dotnet.gc.last_collection.heap.fragmentation.size (By)[gc.heap.generation=gen2],Metric,0
09/11/2026 05:55:59,System.Runtime,dotnet.gc.last_collection.heap.fragmentation.size (By)[gc.heap.generation=loh],Metric,0
09/11/2026 05:55:59,System.Runtime,dotnet.gc.last_collection.heap.fragmentation.size (By)[gc.heap.generation=gen1],Metric,0
09/11/2026 05:55:59,System.Runtime,dotnet.gc.last_collection.heap.fragmentation.size (By)[gc.heap.generation=poh],Metric,0
09/11/2026 05:55:59,System.Runtime,dotnet.timer.count ({timer}),Metric,2
09/11/2026 05:55:59,System.Runtime,dotnet.assembly.count ({assembly}),Metric,61
09/11/2026 05:55:59,System.Runtime,dotnet.gc.heap.total_allocated (By / 1 sec),Rate,123000
09/11/2026 05:55:59,System.Runtime,dotnet.gc.last_collection.heap.size (By)[gc.heap.generation=gen0],Metric,0
09/11/2026 05:55:59,System.Runtime,dotnet.gc.last_collection.heap.size (By)[gc.heap.generation=gen2],Metric,0
09/11/2026 05:55:59,System.Runtime,dotnet.gc.last_collection.heap.size (By)[gc.heap.generation=loh],Metric,0
09/11/2026 05:55:59,System.Runtime,dotnet.gc.last_collection.heap.size (By)[gc.heap.generation=gen1],Metric,0
09/11/2026 05:55:59,System.Runtime,dotnet.gc.last_collection.heap.size (By)[gc.heap.generation=poh],Metric,0
09/11/2026 05:55:59,System.Runtime,dotnet.thread_pool.work_item.count ({work_item} / 1 sec),Rate,601
09/11/2026 05:55:59,System.Runtime,dotnet.process.memory.working_set (By),Metric,111230976
09/11/2026 05:55:59,System.Runtime,dotnet.thread_pool.thread.count ({thread} / 1 sec),Rate,0
09/11/2026 05:55:59,System.Runtime,dotnet.jit.compilation.time (s / 1 sec),Rate,0
09/11/2026 05:56:00,System.Runtime,dotnet.jit.compiled_il.size (By / 1 sec),Rate,0
09/11/2026 05:56:00,System.Runtime,dotnet.jit.compiled_methods ({method} / 1 sec),Rate,0
09/11/2026 05:56:00,System.Runtime,dotnet.monitor.lock_contentions ({contention} / 1 sec),Rate,0
09/11/2026 05:56:00,System.Runtime,dotnet.gc.collections ({collection} / 1 sec)[gc.heap.generation=gen0],Rate,0
09/11/2026 05:56:00,System.Runtime,dotnet.gc.collections ({collection} / 1 sec)[gc.heap.generation=gen2],Rate,0
09/11/2026 05:56:00,System.Runtime,dotnet.gc.collections ({collection} / 1 sec)[gc.heap.generation=gen1],Rate,0
09/11/2026 05:56:00,System.Runtime,dotnet.process.cpu.time (s / 1 sec)[cpu.mode=user],Rate,0.5732179999999971
09/11/2026 05:56:00,System.Runtime,dotnet.process.cpu.time (s / 1 sec)[cpu.mode=system],Rate,0.04494400000000098
09/11/2026 05:56:00,System.Runtime,dotnet.process.cpu.count ({cpu}),Metric,15
09/11/2026 05:56:00,System.Runtime,dotnet.gc.pause.time (s / 1 sec),Rate,0
09/11/2026 05:56:00,System.Runtime,dotnet.thread_pool.queue.length ({work_item} / 1 sec),Rate,0
09/11/2026 05:56:00,System.Runtime,dotnet.gc.last_collection.memory.committed_size (By),Metric,0
09/11/2026 05:56:00,System.Runtime,dotnet.gc.last_collection.heap.fragmentation.size (By)[gc.heap.generation=gen0],Metric,0
09/11/2026 05:56:00,System.Runtime,dotnet.gc.last_collection.heap.fragmentation.size (By)[gc.heap.generation=gen2],Metric,0
09/11/2026 05:56:00,System.Runtime,dotnet.gc.last_collection.heap.fragmentation.size (By)[gc.heap.generation=loh],Metric,0
09/11/2026 05:56:00,System.Runtime,dotnet.gc.last_collection.heap.fragmentation.size (By)[gc.heap.generation=gen1],Metric,0
09/11/2026 05:56:00,System.Runtime,dotnet.gc.last_collection.heap.fragmentation.size (By)[gc.heap.generation=poh],Metric,0
09/11/2026 05:56:00,System.Runtime,dotnet.timer.count ({timer}),Metric,2
09/11/2026 05:56:00,System.Runtime,dotnet.assembly.count ({assembly}),Metric,61
09/11/2026 05:56:00,System.Runtime,dotnet.gc.heap.total_allocated (By / 1 sec),Rate,138376
09/11/2026 05:56:00,System.Runtime,dotnet.gc.last_collection.heap.size (By)[gc.heap.generation=gen0],Metric,0
09/11/2026 05:56:00,System.Runtime,dotnet.gc.last_collection.heap.size (By)[gc.heap.generation=gen2],Metric,0
09/11/2026 05:56:00,System.Runtime,dotnet.gc.last_collection.heap.size (By)[gc.heap.generation=loh],Metric,0
09/11/2026 05:56:00,System.Runtime,dotnet.gc.last_collection.heap.size (By)[gc.heap.generation=gen1],Metric,0
09/11/2026 05:56:00,System.Runtime,dotnet.gc.last_collection.heap.size (By)[gc.heap.generation=poh],Metric,0
09/11/2026 05:56:00,System.Runtime,dotnet.thread_pool.work_item.count ({work_item} / 1 sec),Rate,600
09/11/2026 05:56:00,System.Runtime,dotnet.process.memory.working_set (By),Metric,111378432
09/11/2026 05:56:00,System.Runtime,dotnet.thread_pool.thread.count ({thread} / 1 sec),Rate,0
09/11/2026 05:56:00,System.Runtime,dotnet.jit.compilation.time (s / 1 sec),Rate,0
09/11/2026 05:56:01,System.Runtime,dotnet.jit.compiled_il.size (By / 1 sec),Rate,0
09/11/2026 05:56:01,System.Runtime,dotnet.jit.compiled_methods ({method} / 1 sec),Rate,0
09/11/2026 05:56:01,System.Runtime,dotnet.monitor.lock_contentions ({contention} / 1 sec),Rate,0
09/11/2026 05:56:01,System.Runtime,dotnet.gc.collections ({collection} / 1 sec)[gc.heap.generation=gen0],Rate,0
09/11/2026 05:56:01,System.Runtime,dotnet.gc.collections ({collection} / 1 sec)[gc.heap.generation=gen2],Rate,0
09/11/2026 05:56:01,System.Runtime,dotnet.gc.collections ({collection} / 1 sec)[gc.heap.generation=gen1],Rate,0
09/11/2026 05:56:01,System.Runtime,dotnet.process.cpu.time (s / 1 sec)[cpu.mode=user],Rate,0.5794520000000034
09/11/2026 05:56:01,System.Runtime,dotnet.process.cpu.time (s / 1 sec)[cpu.mode=system],Rate,0.043033999999998684
09/11/2026 05:56:01,System.Runtime,dotnet.process.cpu.count ({cpu}),Metric,15
09/11/2026 05:56:01,System.Runtime,dotnet.gc.pause.time (s / 1 sec),Rate,0
09/11/2026 05:56:01,System.Runtime,dotnet.thread_pool.queue.length ({work_item} / 1 sec),Rate,0
09/11/2026 05:56:01,System.Runtime,dotnet.gc.last_collection.memory.committed_size (By),Metric,0
09/11/2026 05:56:01,System.Runtime,dotnet.gc.last_collection.heap.fragmentation.size (By)[gc.heap.generation=gen0],Metric,0
09/11/2026 05:56:01,System.Runtime,dotnet.gc.last_collection.heap.fragmentation.size (By)[gc.heap.generation=gen2],Metric,0
09/11/2026 05:56:01,System.Runtime,dotnet.gc.last_collection.heap.fragmentation.size (By)[gc.heap.generation=loh],Metric,0
09/11/2026 05:56:01,System.Runtime,dotnet.gc.last_collection.heap.fragmentation.size (By)[gc.heap.generation=gen1],Metric,0
09/11/2026 05:56:01,System.Runtime,dotnet.gc.last_collection.heap.fragmentation.size (By)[gc.heap.generation=poh],Metric,0
09/11/2026 05:56:01,System.Runtime,dotnet.timer.count ({timer}),Metric,2
09/11/2026 05:56:01,System.Runtime,dotnet.assembly.count ({assembly}),Metric,61
09/11/2026 05:56:01,System.Runtime,dotnet.gc.heap.total_allocated (By / 1 sec),Rate,139416
09/11/2026 05:56:01,System.Runtime,dotnet.gc.last_collection.heap.size (By)[gc.heap.generation=gen0],Metric,0
09/11/2026 05:56:01,System.Runtime,dotnet.gc.last_collection.heap.size (By)[gc.heap.generation=gen2],Metric,0
09/11/2026 05:56:01,System.Runtime,dotnet.gc.last_collection.heap.size (By)[gc.heap.generation=loh],Metric,0
09/11/2026 05:56:01,System.Runtime,dotnet.gc.last_collection.heap.size (By)[gc.heap.generation=gen1],Metric,0
09/11/2026 05:56:01,System.Runtime,dotnet.gc.last_collection.heap.size (By)[gc.heap.generation=poh],Metric,0
09/11/2026 05:56:01,System.Runtime,dotnet.thread_pool.work_item.count ({work_item} / 1 sec),Rate,602
09/11/2026 05:56:01,System.Runtime,dotnet.process.memory.working_set (By),Metric,111542272
09/11/2026 05:56:01,System.Runtime,dotnet.thread_pool.thread.count ({thread} / 1 sec),Rate,0
09/11/2026 05:56:01,System.Runtime,dotnet.jit.compilation.time (s / 1 sec),Rate,0
09/11/2026 05:56:02,System.Runtime,dotnet.jit.compiled_il.size (By / 1 sec),Rate,0
09/11/2026 05:56:02,System.Runtime,dotnet.jit.compiled_methods ({method} / 1 sec),Rate,0
09/11/2026 05:56:02,System.Runtime,dotnet.monitor.lock_contentions ({contention} / 1 sec),Rate,0
09/11/2026 05:56:02,System.Runtime,dotnet.gc.collections ({collection} / 1 sec)[gc.heap.generation=gen0],Rate,0
09/11/2026 05:56:02,System.Runtime,dotnet.gc.collections ({collection} / 1 sec)[gc.heap.generation=gen2],Rate,0
09/11/2026 05:56:02,System.Runtime,dotnet.gc.collections ({collection} / 1 sec)[gc.heap.generation=gen1],Rate,0
09/11/2026 05:56:02,System.Runtime,dotnet.process.cpu.time (s / 1 sec)[cpu.mode=user],Rate,0.5790450000000078
09/11/2026 05:56:02,System.Runtime,dotnet.process.cpu.time (s / 1 sec)[cpu.mode=system],Rate,0.04609400000000008
09/11/2026 05:56:02,System.Runtime,dotnet.process.cpu.count ({cpu}),Metric,15
09/11/2026 05:56:02,System.Runtime,dotnet.gc.pause.time (s / 1 sec),Rate,0
09/11/2026 05:56:02,System.Runtime,dotnet.thread_pool.queue.length ({work_item} / 1 sec),Rate,0
09/11/2026 05:56:02,System.Runtime,dotnet.gc.last_collection.memory.committed_size (By),Metric,0
09/11/2026 05:56:02,System.Runtime,dotnet.gc.last_collection.heap.fragmentation.size (By)[gc.heap.generation=gen0],Metric,0
09/11/2026 05:56:02,System.Runtime,dotnet.gc.last_collection.heap.fragmentation.size (By)[gc.heap.generation=gen2],Metric,0
09/11/2026 05:56:02,System.Runtime,dotnet.gc.last_collection.heap.fragmentation.size (By)[gc.heap.generation=loh],Metric,0
09/11/2026 05:56:02,System.Runtime,dotnet.gc.last_collection.heap.fragmentation.size (By)[gc.heap.generation=gen1],Metric,0
09/11/2026 05:56:02,System.Runtime,dotnet.gc.last_collection.heap.fragmentation.size (By)[gc.heap.generation=poh],Metric,0
09/11/2026 05:56:02,System.Runtime,dotnet.timer.count ({timer}),Metric,2
09/11/2026 05:56:02,System.Runtime,dotnet.assembly.count ({assembly}),Metric,61
09/11/2026 05:56:02,System.Runtime,dotnet.gc.heap.total_allocated (By / 1 sec),Rate,145552
09/11/2026 05:56:02,System.Runtime,dotnet.gc.last_collection.heap.size (By)[gc.heap.generation=gen0],Metric,0
09/11/2026 05:56:02,System.Runtime,dotnet.gc.last_collection.heap.size (By)[gc.heap.generation=gen2],Metric,0
09/11/2026 05:56:02,System.Runtime,dotnet.gc.last_collection.heap.size (By)[gc.heap.generation=loh],Metric,0
09/11/2026 05:56:02,System.Runtime,dotnet.gc.last_collection.heap.size (By)[gc.heap.generation=gen1],Metric,0
09/11/2026 05:56:02,System.Runtime,dotnet.gc.last_collection.heap.size (By)[gc.heap.generation=poh],Metric,0
09/11/2026 05:56:02,System.Runtime,dotnet.thread_pool.work_item.count ({work_item} / 1 sec),Rate,601
09/11/2026 05:56:02,System.Runtime,dotnet.process.memory.working_set (By),Metric,111706112
09/11/2026 05:56:02,System.Runtime,dotnet.thread_pool.thread.count ({thread} / 1 sec),Rate,0
09/11/2026 05:56:02,System.Runtime,dotnet.jit.compilation.time (s / 1 sec),Rate,0
09/11/2026 05:56:03,System.Runtime,dotnet.jit.compiled_il.size (By / 1 sec),Rate,0
09/11/2026 05:56:03,System.Runtime,dotnet.jit.compiled_methods ({method} / 1 sec),Rate,0
09/11/2026 05:56:03,System.Runtime,dotnet.monitor.lock_contentions ({contention} / 1 sec),Rate,0
09/11/2026 05:56:03,System.Runtime,dotnet.gc.collections ({collection} / 1 sec)[gc.heap.generation=gen0],Rate,0
09/11/2026 05:56:03,System.Runtime,dotnet.gc.collections ({collection} / 1 sec)[gc.heap.generation=gen2],Rate,0
09/11/2026 05:56:03,System.Runtime,dotnet.gc.collections ({collection} / 1 sec)[gc.heap.generation=gen1],Rate,0
09/11/2026 05:56:03,System.Runtime,dotnet.process.cpu.time (s / 1 sec)[cpu.mode=user],Rate,0.5894119999999958
09/11/2026 05:56:03,System.Runtime,dotnet.process.cpu.time (s / 1 sec)[cpu.mode=system],Rate,0.05459300000000056
09/11/2026 05:56:03,System.Runtime,dotnet.process.cpu.count ({cpu}),Metric,15
09/11/2026 05:56:03,System.Runtime,dotnet.gc.pause.time (s / 1 sec),Rate,0
09/11/2026 05:56:03,System.Runtime,dotnet.thread_pool.queue.length ({work_item} / 1 sec),Rate,0
09/11/2026 05:56:03,System.Runtime,dotnet.gc.last_collection.memory.committed_size (By),Metric,0
09/11/2026 05:56:03,System.Runtime,dotnet.gc.last_collection.heap.fragmentation.size (By)[gc.heap.generation=gen0],Metric,0
09/11/2026 05:56:03,System.Runtime,dotnet.gc.last_collection.heap.fragmentation.size (By)[gc.heap.generation=gen2],Metric,0
09/11/2026 05:56:03,System.Runtime,dotnet.gc.last_collection.heap.fragmentation.size (By)[gc.heap.generation=loh],Metric,0
09/11/2026 05:56:03,System.Runtime,dotnet.gc.last_collection.heap.fragmentation.size (By)[gc.heap.generation=gen1],Metric,0
09/11/2026 05:56:03,System.Runtime,dotnet.gc.last_collection.heap.fragmentation.size (By)[gc.heap.generation=poh],Metric,0
09/11/2026 05:56:03,System.Runtime,dotnet.timer.count ({timer}),Metric,2
09/11/2026 05:56:03,System.Runtime,dotnet.assembly.count ({assembly}),Metric,61
09/11/2026 05:56:03,System.Runtime,dotnet.gc.heap.total_allocated (By / 1 sec),Rate,147568
09/11/2026 05:56:03,System.Runtime,dotnet.gc.last_collection.heap.size (By)[gc.heap.generation=gen0],Metric,0
09/11/2026 05:56:03,System.Runtime,dotnet.gc.last_collection.heap.size (By)[gc.heap.generation=gen2],Metric,0
09/11/2026 05:56:03,System.Runtime,dotnet.gc.last_collection.heap.size (By)[gc.heap.generation=loh],Metric,0
09/11/2026 05:56:03,System.Runtime,dotnet.gc.last_collection.heap.size (By)[gc.heap.generation=gen1],Metric,0
09/11/2026 05:56:03,System.Runtime,dotnet.gc.last_collection.heap.size (By)[gc.heap.generation=poh],Metric,0
09/11/2026 05:56:03,System.Runtime,dotnet.thread_pool.work_item.count ({work_item} / 1 sec),Rate,698
09/11/2026 05:56:03,System.Runtime,dotnet.process.memory.working_set (By),Metric,111869952
09/11/2026 05:56:03,System.Runtime,dotnet.thread_pool.thread.count ({thread} / 1 sec),Rate,0
09/11/2026 05:56:03,System.Runtime,dotnet.jit.compilation.time (s / 1 sec),Rate,0
09/11/2026 05:56:04,System.Runtime,dotnet.jit.compiled_il.size (By / 1 sec),Rate,0
09/11/2026 05:56:04,System.Runtime,dotnet.jit.compiled_methods ({method} / 1 sec),Rate,0
09/11/2026 05:56:04,System.Runtime,dotnet.monitor.lock_contentions ({contention} / 1 sec),Rate,0
09/11/2026 05:56:04,System.Runtime,dotnet.gc.collections ({collection} / 1 sec)[gc.heap.generation=gen0],Rate,0
09/11/2026 05:56:04,System.Runtime,dotnet.gc.collections ({collection} / 1 sec)[gc.heap.generation=gen2],Rate,0
09/11/2026 05:56:04,System.Runtime,dotnet.gc.collections ({collection} / 1 sec)[gc.heap.generation=gen1],Rate,0
09/11/2026 05:56:04,System.Runtime,dotnet.process.cpu.time (s / 1 sec)[cpu.mode=user],Rate,0.582546999999991
09/11/2026 05:56:04,System.Runtime,dotnet.process.cpu.time (s / 1 sec)[cpu.mode=system],Rate,0.04823500000000003
09/11/2026 05:56:04,System.Runtime,dotnet.process.cpu.count ({cpu}),Metric,15
09/11/2026 05:56:04,System.Runtime,dotnet.gc.pause.time (s / 1 sec),Rate,0
09/11/2026 05:56:04,System.Runtime,dotnet.thread_pool.queue.length ({work_item} / 1 sec),Rate,0
09/11/2026 05:56:04,System.Runtime,dotnet.gc.last_collection.memory.committed_size (By),Metric,0
09/11/2026 05:56:04,System.Runtime,dotnet.gc.last_collection.heap.fragmentation.size (By)[gc.heap.generation=gen0],Metric,0
09/11/2026 05:56:04,System.Runtime,dotnet.gc.last_collection.heap.fragmentation.size (By)[gc.heap.generation=gen2],Metric,0
09/11/2026 05:56:04,System.Runtime,dotnet.gc.last_collection.heap.fragmentation.size (By)[gc.heap.generation=loh],Metric,0
09/11/2026 05:56:04,System.Runtime,dotnet.gc.last_collection.heap.fragmentation.size (By)[gc.heap.generation=gen1],Metric,0
09/11/2026 05:56:04,System.Runtime,dotnet.gc.last_collection.heap.fragmentation.size (By)[gc.heap.generation=poh],Metric,0
09/11/2026 05:56:04,System.Runtime,dotnet.timer.count ({timer}),Metric,2
09/11/2026 05:56:04,System.Runtime,dotnet.assembly.count ({assembly}),Metric,61
09/11/2026 05:56:04,System.Runtime,dotnet.gc.heap.total_allocated (By / 1 sec),Rate,147504
09/11/2026 05:56:04,System.Runtime,dotnet.gc.last_collection.heap.size (By)[gc.heap.generation=gen0],Metric,0
09/11/2026 05:56:04,System.Runtime,dotnet.gc.last_collection.heap.size (By)[gc.heap.generation=gen2],Metric,0
09/11/2026 05:56:04,System.Runtime,dotnet.gc.last_collection.heap.size (By)[gc.heap.generation=loh],Metric,0
09/11/2026 05:56:04,System.Runtime,dotnet.gc.last_collection.heap.size (By)[gc.heap.generation=gen1],Metric,0
09/11/2026 05:56:04,System.Runtime,dotnet.gc.last_collection.heap.size (By)[gc.heap.generation=poh],Metric,0
09/11/2026 05:56:04,System.Runtime,dotnet.thread_pool.work_item.count ({work_item} / 1 sec),Rate,647
09/11/2026 05:56:04,System.Runtime,dotnet.process.memory.working_set (By),Metric,112050176
09/11/2026 05:56:04,System.Runtime,dotnet.thread_pool.thread.count ({thread} / 1 sec),Rate,0
09/11/2026 05:56:04,System.Runtime,dotnet.jit.compilation.time (s / 1 sec),Rate,0
09/11/2026 05:56:05,System.Runtime,dotnet.jit.compiled_il.size (By / 1 sec),Rate,0
09/11/2026 05:56:05,System.Runtime,dotnet.jit.compiled_methods ({method} / 1 sec),Rate,0
09/11/2026 05:56:05,System.Runtime,dotnet.monitor.lock_contentions ({contention} / 1 sec),Rate,0
09/11/2026 05:56:05,System.Runtime,dotnet.gc.collections ({collection} / 1 sec)[gc.heap.generation=gen0],Rate,0
09/11/2026 05:56:05,System.Runtime,dotnet.gc.collections ({collection} / 1 sec)[gc.heap.generation=gen2],Rate,0
09/11/2026 05:56:05,System.Runtime,dotnet.gc.collections ({collection} / 1 sec)[gc.heap.generation=gen1],Rate,0
09/11/2026 05:56:05,System.Runtime,dotnet.process.cpu.time (s / 1 sec)[cpu.mode=user],Rate,0.5762730000000005
09/11/2026 05:56:05,System.Runtime,dotnet.process.cpu.time (s / 1 sec)[cpu.mode=system],Rate,0.04280299999999926
09/11/2026 05:56:05,System.Runtime,dotnet.process.cpu.count ({cpu}),Metric,15
09/11/2026 05:56:05,System.Runtime,dotnet.gc.pause.time (s / 1 sec),Rate,0
09/11/2026 05:56:05,System.Runtime,dotnet.thread_pool.queue.length ({work_item} / 1 sec),Rate,0
09/11/2026 05:56:05,System.Runtime,dotnet.gc.last_collection.memory.committed_size (By),Metric,0
09/11/2026 05:56:05,System.Runtime,dotnet.gc.last_collection.heap.fragmentation.size (By)[gc.heap.generation=gen0],Metric,0
09/11/2026 05:56:05,System.Runtime,dotnet.gc.last_collection.heap.fragmentation.size (By)[gc.heap.generation=gen2],Metric,0
09/11/2026 05:56:05,System.Runtime,dotnet.gc.last_collection.heap.fragmentation.size (By)[gc.heap.generation=loh],Metric,0
09/11/2026 05:56:05,System.Runtime,dotnet.gc.last_collection.heap.fragmentation.size (By)[gc.heap.generation=gen1],Metric,0
09/11/2026 05:56:05,System.Runtime,dotnet.gc.last_collection.heap.fragmentation.size (By)[gc.heap.generation=poh],Metric,0
09/11/2026 05:56:05,System.Runtime,dotnet.timer.count ({timer}),Metric,2
09/11/2026 05:56:05,System.Runtime,dotnet.assembly.count ({assembly}),Metric,61
09/11/2026 05:56:05,System.Runtime,dotnet.gc.heap.total_allocated (By / 1 sec),Rate,131200
09/11/2026 05:56:05,System.Runtime,dotnet.gc.last_collection.heap.size (By)[gc.heap.generation=gen0],Metric,0
09/11/2026 05:56:05,System.Runtime,dotnet.gc.last_collection.heap.size (By)[gc.heap.generation=gen2],Metric,0
09/11/2026 05:56:05,System.Runtime,dotnet.gc.last_collection.heap.size (By)[gc.heap.generation=loh],Metric,0
09/11/2026 05:56:05,System.Runtime,dotnet.gc.last_collection.heap.size (By)[gc.heap.generation=gen1],Metric,0
09/11/2026 05:56:05,System.Runtime,dotnet.gc.last_collection.heap.size (By)[gc.heap.generation=poh],Metric,0
09/11/2026 05:56:05,System.Runtime,dotnet.thread_pool.work_item.count ({work_item} / 1 sec),Rate,610
09/11/2026 05:56:05,System.Runtime,dotnet.process.memory.working_set (By),Metric,112197632
09/11/2026 05:56:05,System.Runtime,dotnet.thread_pool.thread.count ({thread} / 1 sec),Rate,0
09/11/2026 05:56:05,System.Runtime,dotnet.jit.compilation.time (s / 1 sec),Rate,0
09/11/2026 05:56:06,System.Runtime,dotnet.jit.compiled_il.size (By / 1 sec),Rate,324
09/11/2026 05:56:06,System.Runtime,dotnet.jit.compiled_methods ({method} / 1 sec),Rate,1
09/11/2026 05:56:06,System.Runtime,dotnet.monitor.lock_contentions ({contention} / 1 sec),Rate,0
09/11/2026 05:56:06,System.Runtime,dotnet.gc.collections ({collection} / 1 sec)[gc.heap.generation=gen0],Rate,0
09/11/2026 05:56:06,System.Runtime,dotnet.gc.collections ({collection} / 1 sec)[gc.heap.generation=gen2],Rate,0
09/11/2026 05:56:06,System.Runtime,dotnet.gc.collections ({collection} / 1 sec)[gc.heap.generation=gen1],Rate,0
09/11/2026 05:56:06,System.Runtime,dotnet.process.cpu.time (s / 1 sec)[cpu.mode=user],Rate,0.5828960000000052
09/11/2026 05:56:06,System.Runtime,dotnet.process.cpu.time (s / 1 sec)[cpu.mode=system],Rate,0.04508900000000082
09/11/2026 05:56:06,System.Runtime,dotnet.process.cpu.count ({cpu}),Metric,15
09/11/2026 05:56:06,System.Runtime,dotnet.gc.pause.time (s / 1 sec),Rate,0
09/11/2026 05:56:06,System.Runtime,dotnet.thread_pool.queue.length ({work_item} / 1 sec),Rate,0
09/11/2026 05:56:06,System.Runtime,dotnet.gc.last_collection.memory.committed_size (By),Metric,0
09/11/2026 05:56:06,System.Runtime,dotnet.gc.last_collection.heap.fragmentation.size (By)[gc.heap.generation=gen0],Metric,0
09/11/2026 05:56:06,System.Runtime,dotnet.gc.last_collection.heap.fragmentation.size (By)[gc.heap.generation=gen2],Metric,0
09/11/2026 05:56:06,System.Runtime,dotnet.gc.last_collection.heap.fragmentation.size (By)[gc.heap.generation=loh],Metric,0
09/11/2026 05:56:06,System.Runtime,dotnet.gc.last_collection.heap.fragmentation.size (By)[gc.heap.generation=gen1],Metric,0
09/11/2026 05:56:06,System.Runtime,dotnet.gc.last_collection.heap.fragmentation.size (By)[gc.heap.generation=poh],Metric,0
09/11/2026 05:56:06,System.Runtime,dotnet.timer.count ({timer}),Metric,2
09/11/2026 05:56:06,System.Runtime,dotnet.assembly.count ({assembly}),Metric,61
09/11/2026 05:56:06,System.Runtime,dotnet.gc.heap.total_allocated (By / 1 sec),Rate,146592
09/11/2026 05:56:06,System.Runtime,dotnet.gc.last_collection.heap.size (By)[gc.heap.generation=gen0],Metric,0
09/11/2026 05:56:06,System.Runtime,dotnet.gc.last_collection.heap.size (By)[gc.heap.generation=gen2],Metric,0
09/11/2026 05:56:06,System.Runtime,dotnet.gc.last_collection.heap.size (By)[gc.heap.generation=loh],Metric,0
09/11/2026 05:56:06,System.Runtime,dotnet.gc.last_collection.heap.size (By)[gc.heap.generation=gen1],Metric,0
09/11/2026 05:56:06,System.Runtime,dotnet.gc.last_collection.heap.size (By)[gc.heap.generation=poh],Metric,0
09/11/2026 05:56:06,System.Runtime,dotnet.thread_pool.work_item.count ({work_item} / 1 sec),Rate,604
09/11/2026 05:56:06,System.Runtime,dotnet.process.memory.working_set (By),Metric,112345088
09/11/2026 05:56:06,System.Runtime,dotnet.thread_pool.thread.count ({thread} / 1 sec),Rate,0
09/11/2026 05:56:06,System.Runtime,dotnet.jit.compilation.time (s / 1 sec),Rate,0.0007975000000000065
09/11/2026 05:56:07,System.Runtime,dotnet.jit.compiled_il.size (By / 1 sec),Rate,0
09/11/2026 05:56:07,System.Runtime,dotnet.jit.compiled_methods ({method} / 1 sec),Rate,0
09/11/2026 05:56:07,System.Runtime,dotnet.monitor.lock_contentions ({contention} / 1 sec),Rate,1
09/11/2026 05:56:07,System.Runtime,dotnet.gc.collections ({collection} / 1 sec)[gc.heap.generation=gen0],Rate,0
09/11/2026 05:56:07,System.Runtime,dotnet.gc.collections ({collection} / 1 sec)[gc.heap.generation=gen2],Rate,0
09/11/2026 05:56:07,System.Runtime,dotnet.gc.collections ({collection} / 1 sec)[gc.heap.generation=gen1],Rate,0
09/11/2026 05:56:07,System.Runtime,dotnet.process.cpu.time (s / 1 sec)[cpu.mode=user],Rate,0.5806680000000028
09/11/2026 05:56:07,System.Runtime,dotnet.process.cpu.time (s / 1 sec)[cpu.mode=system],Rate,0.04530300000000054
09/11/2026 05:56:07,System.Runtime,dotnet.process.cpu.count ({cpu}),Metric,15
09/11/2026 05:56:07,System.Runtime,dotnet.gc.pause.time (s / 1 sec),Rate,0
09/11/2026 05:56:07,System.Runtime,dotnet.thread_pool.queue.length ({work_item} / 1 sec),Rate,0
09/11/2026 05:56:07,System.Runtime,dotnet.gc.last_collection.memory.committed_size (By),Metric,0
09/11/2026 05:56:07,System.Runtime,dotnet.gc.last_collection.heap.fragmentation.size (By)[gc.heap.generation=gen0],Metric,0
09/11/2026 05:56:07,System.Runtime,dotnet.gc.last_collection.heap.fragmentation.size (By)[gc.heap.generation=gen2],Metric,0
09/11/2026 05:56:07,System.Runtime,dotnet.gc.last_collection.heap.fragmentation.size (By)[gc.heap.generation=loh],Metric,0
09/11/2026 05:56:07,System.Runtime,dotnet.gc.last_collection.heap.fragmentation.size (By)[gc.heap.generation=gen1],Metric,0
09/11/2026 05:56:07,System.Runtime,dotnet.gc.last_collection.heap.fragmentation.size (By)[gc.heap.generation=poh],Metric,0
09/11/2026 05:56:07,System.Runtime,dotnet.timer.count ({timer}),Metric,2
09/11/2026 05:56:07,System.Runtime,dotnet.assembly.count ({assembly}),Metric,61
09/11/2026 05:56:07,System.Runtime,dotnet.gc.heap.total_allocated (By / 1 sec),Rate,123000
09/11/2026 05:56:07,System.Runtime,dotnet.gc.last_collection.heap.size (By)[gc.heap.generation=gen0],Metric,0
09/11/2026 05:56:07,System.Runtime,dotnet.gc.last_collection.heap.size (By)[gc.heap.generation=gen2],Metric,0
09/11/2026 05:56:07,System.Runtime,dotnet.gc.last_collection.heap.size (By)[gc.heap.generation=loh],Metric,0
09/11/2026 05:56:07,System.Runtime,dotnet.gc.last_collection.heap.size (By)[gc.heap.generation=gen1],Metric,0
09/11/2026 05:56:07,System.Runtime,dotnet.gc.last_collection.heap.size (By)[gc.heap.generation=poh],Metric,0
09/11/2026 05:56:07,System.Runtime,dotnet.thread_pool.work_item.count ({work_item} / 1 sec),Rate,604
09/11/2026 05:56:07,System.Runtime,dotnet.process.memory.working_set (By),Metric,112476160
09/11/2026 05:56:07,System.Runtime,dotnet.thread_pool.thread.count ({thread} / 1 sec),Rate,0
09/11/2026 05:56:07,System.Runtime,dotnet.jit.compilation.time (s / 1 sec),Rate,0
09/11/2026 05:56:08,System.Runtime,dotnet.jit.compiled_il.size (By / 1 sec),Rate,0
09/11/2026 05:56:08,System.Runtime,dotnet.jit.compiled_methods ({method} / 1 sec),Rate,0
09/11/2026 05:56:08,System.Runtime,dotnet.monitor.lock_contentions ({contention} / 1 sec),Rate,0
09/11/2026 05:56:08,System.Runtime,dotnet.gc.collections ({collection} / 1 sec)[gc.heap.generation=gen0],Rate,0
09/11/2026 05:56:08,System.Runtime,dotnet.gc.collections ({collection} / 1 sec)[gc.heap.generation=gen2],Rate,0
09/11/2026 05:56:08,System.Runtime,dotnet.gc.collections ({collection} / 1 sec)[gc.heap.generation=gen1],Rate,0
09/11/2026 05:56:08,System.Runtime,dotnet.process.cpu.time (s / 1 sec)[cpu.mode=user],Rate,0.5803350000000052
09/11/2026 05:56:08,System.Runtime,dotnet.process.cpu.time (s / 1 sec)[cpu.mode=system],Rate,0.04340799999999945
09/11/2026 05:56:08,System.Runtime,dotnet.process.cpu.count ({cpu}),Metric,15
09/11/2026 05:56:08,System.Runtime,dotnet.gc.pause.time (s / 1 sec),Rate,0
09/11/2026 05:56:08,System.Runtime,dotnet.thread_pool.queue.length ({work_item} / 1 sec),Rate,0
09/11/2026 05:56:08,System.Runtime,dotnet.gc.last_collection.memory.committed_size (By),Metric,0
09/11/2026 05:56:08,System.Runtime,dotnet.gc.last_collection.heap.fragmentation.size (By)[gc.heap.generation=gen0],Metric,0
09/11/2026 05:56:08,System.Runtime,dotnet.gc.last_collection.heap.fragmentation.size (By)[gc.heap.generation=gen2],Metric,0
09/11/2026 05:56:08,System.Runtime,dotnet.gc.last_collection.heap.fragmentation.size (By)[gc.heap.generation=loh],Metric,0
09/11/2026 05:56:08,System.Runtime,dotnet.gc.last_collection.heap.fragmentation.size (By)[gc.heap.generation=gen1],Metric,0
09/11/2026 05:56:08,System.Runtime,dotnet.gc.last_collection.heap.fragmentation.size (By)[gc.heap.generation=poh],Metric,0
09/11/2026 05:56:08,System.Runtime,dotnet.timer.count ({timer}),Metric,2
09/11/2026 05:56:08,System.Runtime,dotnet.assembly.count ({assembly}),Metric,61
09/11/2026 05:56:08,System.Runtime,dotnet.gc.heap.total_allocated (By / 1 sec),Rate,147536
09/11/2026 05:56:08,System.Runtime,dotnet.gc.last_collection.heap.size (By)[gc.heap.generation=gen0],Metric,0
09/11/2026 05:56:08,System.Runtime,dotnet.gc.last_collection.heap.size (By)[gc.heap.generation=gen2],Metric,0
09/11/2026 05:56:08,System.Runtime,dotnet.gc.last_collection.heap.size (By)[gc.heap.generation=loh],Metric,0
09/11/2026 05:56:08,System.Runtime,dotnet.gc.last_collection.heap.size (By)[gc.heap.generation=gen1],Metric,0
09/11/2026 05:56:08,System.Runtime,dotnet.gc.last_collection.heap.size (By)[gc.heap.generation=poh],Metric,0
09/11/2026 05:56:08,System.Runtime,dotnet.thread_pool.work_item.count ({work_item} / 1 sec),Rate,602
09/11/2026 05:56:08,System.Runtime,dotnet.process.memory.working_set (By),Metric,112672768
09/11/2026 05:56:08,System.Runtime,dotnet.thread_pool.thread.count ({thread} / 1 sec),Rate,0
09/11/2026 05:56:08,System.Runtime,dotnet.jit.compilation.time (s / 1 sec),Rate,0
09/11/2026 05:56:09,System.Runtime,dotnet.jit.compiled_il.size (By / 1 sec),Rate,61
09/11/2026 05:56:09,System.Runtime,dotnet.jit.compiled_methods ({method} / 1 sec),Rate,2
09/11/2026 05:56:09,System.Runtime,dotnet.monitor.lock_contentions ({contention} / 1 sec),Rate,0
09/11/2026 05:56:09,System.Runtime,dotnet.gc.collections ({collection} / 1 sec)[gc.heap.generation=gen0],Rate,0
09/11/2026 05:56:09,System.Runtime,dotnet.gc.collections ({collection} / 1 sec)[gc.heap.generation=gen2],Rate,0
09/11/2026 05:56:09,System.Runtime,dotnet.gc.collections ({collection} / 1 sec)[gc.heap.generation=gen1],Rate,0
09/11/2026 05:56:09,System.Runtime,dotnet.process.cpu.time (s / 1 sec)[cpu.mode=user],Rate,0.5655399999999986
09/11/2026 05:56:09,System.Runtime,dotnet.process.cpu.time (s / 1 sec)[cpu.mode=system],Rate,0.04546000000000028
09/11/2026 05:56:09,System.Runtime,dotnet.process.cpu.count ({cpu}),Metric,15
09/11/2026 05:56:09,System.Runtime,dotnet.gc.pause.time (s / 1 sec),Rate,0
09/11/2026 05:56:09,System.Runtime,dotnet.thread_pool.queue.length ({work_item} / 1 sec),Rate,0
09/11/2026 05:56:09,System.Runtime,dotnet.gc.last_collection.memory.committed_size (By),Metric,0
09/11/2026 05:56:09,System.Runtime,dotnet.gc.last_collection.heap.fragmentation.size (By)[gc.heap.generation=gen0],Metric,0
09/11/2026 05:56:09,System.Runtime,dotnet.gc.last_collection.heap.fragmentation.size (By)[gc.heap.generation=gen2],Metric,0
09/11/2026 05:56:09,System.Runtime,dotnet.gc.last_collection.heap.fragmentation.size (By)[gc.heap.generation=loh],Metric,0
09/11/2026 05:56:09,System.Runtime,dotnet.gc.last_collection.heap.fragmentation.size (By)[gc.heap.generation=gen1],Metric,0
09/11/2026 05:56:09,System.Runtime,dotnet.gc.last_collection.heap.fragmentation.size (By)[gc.heap.generation=poh],Metric,0
09/11/2026 05:56:09,System.Runtime,dotnet.timer.count ({timer}),Metric,2
09/11/2026 05:56:09,System.Runtime,dotnet.assembly.count ({assembly}),Metric,61
09/11/2026 05:56:09,System.Runtime,dotnet.gc.heap.total_allocated (By / 1 sec),Rate,140696
09/11/2026 05:56:09,System.Runtime,dotnet.gc.last_collection.heap.size (By)[gc.heap.generation=gen0],Metric,0
09/11/2026 05:56:09,System.Runtime,dotnet.gc.last_collection.heap.size (By)[gc.heap.generation=gen2],Metric,0
09/11/2026 05:56:09,System.Runtime,dotnet.gc.last_collection.heap.size (By)[gc.heap.generation=loh],Metric,0
09/11/2026 05:56:09,System.Runtime,dotnet.gc.last_collection.heap.size (By)[gc.heap.generation=gen1],Metric,0
09/11/2026 05:56:09,System.Runtime,dotnet.gc.last_collection.heap.size (By)[gc.heap.generation=poh],Metric,0
09/11/2026 05:56:09,System.Runtime,dotnet.thread_pool.work_item.count ({work_item} / 1 sec),Rate,601
09/11/2026 05:56:09,System.Runtime,dotnet.process.memory.working_set (By),Metric,112885760
09/11/2026 05:56:09,System.Runtime,dotnet.thread_pool.thread.count ({thread} / 1 sec),Rate,1
09/11/2026 05:56:09,System.Runtime,dotnet.jit.compilation.time (s / 1 sec),Rate,0.0008376999999999413
09/11/2026 05:56:10,System.Runtime,dotnet.jit.compiled_il.size (By / 1 sec),Rate,0
09/11/2026 05:56:10,System.Runtime,dotnet.jit.compiled_methods ({method} / 1 sec),Rate,0
09/11/2026 05:56:10,System.Runtime,dotnet.monitor.lock_contentions ({contention} / 1 sec),Rate,0
09/11/2026 05:56:10,System.Runtime,dotnet.gc.collections ({collection} / 1 sec)[gc.heap.generation=gen0],Rate,0
09/11/2026 05:56:10,System.Runtime,dotnet.gc.collections ({collection} / 1 sec)[gc.heap.generation=gen2],Rate,0
09/11/2026 05:56:10,System.Runtime,dotnet.gc.collections ({collection} / 1 sec)[gc.heap.generation=gen1],Rate,0
09/11/2026 05:56:10,System.Runtime,dotnet.process.cpu.time (s / 1 sec)[cpu.mode=user],Rate,0.5814669999999893
09/11/2026 05:56:10,System.Runtime,dotnet.process.cpu.time (s / 1 sec)[cpu.mode=system],Rate,0.0445619999999991
09/11/2026 05:56:10,System.Runtime,dotnet.process.cpu.count ({cpu}),Metric,15
09/11/2026 05:56:10,System.Runtime,dotnet.gc.pause.time (s / 1 sec),Rate,0
09/11/2026 05:56:10,System.Runtime,dotnet.thread_pool.queue.length ({work_item} / 1 sec),Rate,0
09/11/2026 05:56:10,System.Runtime,dotnet.gc.last_collection.memory.committed_size (By),Metric,0
09/11/2026 05:56:10,System.Runtime,dotnet.gc.last_collection.heap.fragmentation.size (By)[gc.heap.generation=gen0],Metric,0
09/11/2026 05:56:10,System.Runtime,dotnet.gc.last_collection.heap.fragmentation.size (By)[gc.heap.generation=gen2],Metric,0
09/11/2026 05:56:10,System.Runtime,dotnet.gc.last_collection.heap.fragmentation.size (By)[gc.heap.generation=loh],Metric,0
09/11/2026 05:56:10,System.Runtime,dotnet.gc.last_collection.heap.fragmentation.size (By)[gc.heap.generation=gen1],Metric,0
09/11/2026 05:56:10,System.Runtime,dotnet.gc.last_collection.heap.fragmentation.size (By)[gc.heap.generation=poh],Metric,0
09/11/2026 05:56:10,System.Runtime,dotnet.timer.count ({timer}),Metric,2
09/11/2026 05:56:10,System.Runtime,dotnet.assembly.count ({assembly}),Metric,61
09/11/2026 05:56:10,System.Runtime,dotnet.gc.heap.total_allocated (By / 1 sec),Rate,137056
09/11/2026 05:56:10,System.Runtime,dotnet.gc.last_collection.heap.size (By)[gc.heap.generation=gen0],Metric,0
09/11/2026 05:56:10,System.Runtime,dotnet.gc.last_collection.heap.size (By)[gc.heap.generation=gen2],Metric,0
09/11/2026 05:56:10,System.Runtime,dotnet.gc.last_collection.heap.size (By)[gc.heap.generation=loh],Metric,0
09/11/2026 05:56:10,System.Runtime,dotnet.gc.last_collection.heap.size (By)[gc.heap.generation=gen1],Metric,0
09/11/2026 05:56:10,System.Runtime,dotnet.gc.last_collection.heap.size (By)[gc.heap.generation=poh],Metric,0
09/11/2026 05:56:10,System.Runtime,dotnet.thread_pool.work_item.count ({work_item} / 1 sec),Rate,601
09/11/2026 05:56:10,System.Runtime,dotnet.process.memory.working_set (By),Metric,113049600
09/11/2026 05:56:10,System.Runtime,dotnet.thread_pool.thread.count ({thread} / 1 sec),Rate,0
09/11/2026 05:56:10,System.Runtime,dotnet.jit.compilation.time (s / 1 sec),Rate,0
09/11/2026 05:56:11,System.Runtime,dotnet.jit.compiled_il.size (By / 1 sec),Rate,0
09/11/2026 05:56:11,System.Runtime,dotnet.jit.compiled_methods ({method} / 1 sec),Rate,0
09/11/2026 05:56:11,System.Runtime,dotnet.monitor.lock_contentions ({contention} / 1 sec),Rate,0
09/11/2026 05:56:11,System.Runtime,dotnet.gc.collections ({collection} / 1 sec)[gc.heap.generation=gen0],Rate,0
09/11/2026 05:56:11,System.Runtime,dotnet.gc.collections ({collection} / 1 sec)[gc.heap.generation=gen2],Rate,0
09/11/2026 05:56:11,System.Runtime,dotnet.gc.collections ({collection} / 1 sec)[gc.heap.generation=gen1],Rate,0
09/11/2026 05:56:11,System.Runtime,dotnet.process.cpu.time (s / 1 sec)[cpu.mode=user],Rate,0.573553000000004
09/11/2026 05:56:11,System.Runtime,dotnet.process.cpu.time (s / 1 sec)[cpu.mode=system],Rate,0.04238900000000001
09/11/2026 05:56:11,System.Runtime,dotnet.process.cpu.count ({cpu}),Metric,15
09/11/2026 05:56:11,System.Runtime,dotnet.gc.pause.time (s / 1 sec),Rate,0
09/11/2026 05:56:11,System.Runtime,dotnet.thread_pool.queue.length ({work_item} / 1 sec),Rate,0
09/11/2026 05:56:11,System.Runtime,dotnet.gc.last_collection.memory.committed_size (By),Metric,0
09/11/2026 05:56:11,System.Runtime,dotnet.gc.last_collection.heap.fragmentation.size (By)[gc.heap.generation=gen0],Metric,0
09/11/2026 05:56:11,System.Runtime,dotnet.gc.last_collection.heap.fragmentation.size (By)[gc.heap.generation=gen2],Metric,0
09/11/2026 05:56:11,System.Runtime,dotnet.gc.last_collection.heap.fragmentation.size (By)[gc.heap.generation=loh],Metric,0
09/11/2026 05:56:11,System.Runtime,dotnet.gc.last_collection.heap.fragmentation.size (By)[gc.heap.generation=gen1],Metric,0
09/11/2026 05:56:11,System.Runtime,dotnet.gc.last_collection.heap.fragmentation.size (By)[gc.heap.generation=poh],Metric,0
09/11/2026 05:56:11,System.Runtime,dotnet.timer.count ({timer}),Metric,2
09/11/2026 05:56:11,System.Runtime,dotnet.assembly.count ({assembly}),Metric,61
09/11/2026 05:56:11,System.Runtime,dotnet.gc.heap.total_allocated (By / 1 sec),Rate,139416
09/11/2026 05:56:11,System.Runtime,dotnet.gc.last_collection.heap.size (By)[gc.heap.generation=gen0],Metric,0
09/11/2026 05:56:11,System.Runtime,dotnet.gc.last_collection.heap.size (By)[gc.heap.generation=gen2],Metric,0
09/11/2026 05:56:11,System.Runtime,dotnet.gc.last_collection.heap.size (By)[gc.heap.generation=loh],Metric,0
09/11/2026 05:56:11,System.Runtime,dotnet.gc.last_collection.heap.size (By)[gc.heap.generation=gen1],Metric,0
09/11/2026 05:56:11,System.Runtime,dotnet.gc.last_collection.heap.size (By)[gc.heap.generation=poh],Metric,0
09/11/2026 05:56:11,System.Runtime,dotnet.thread_pool.work_item.count ({work_item} / 1 sec),Rate,600
09/11/2026 05:56:11,System.Runtime,dotnet.process.memory.working_set (By),Metric,113197056
09/11/2026 05:56:11,System.Runtime,dotnet.thread_pool.thread.count ({thread} / 1 sec),Rate,0
09/11/2026 05:56:11,System.Runtime,dotnet.jit.compilation.time (s / 1 sec),Rate,0
09/11/2026 05:56:12,System.Runtime,dotnet.jit.compiled_il.size (By / 1 sec),Rate,0
09/11/2026 05:56:12,System.Runtime,dotnet.jit.compiled_methods ({method} / 1 sec),Rate,0
09/11/2026 05:56:12,System.Runtime,dotnet.monitor.lock_contentions ({contention} / 1 sec),Rate,0
09/11/2026 05:56:12,System.Runtime,dotnet.gc.collections ({collection} / 1 sec)[gc.heap.generation=gen0],Rate,0
09/11/2026 05:56:12,System.Runtime,dotnet.gc.collections ({collection} / 1 sec)[gc.heap.generation=gen2],Rate,0
09/11/2026 05:56:12,System.Runtime,dotnet.gc.collections ({collection} / 1 sec)[gc.heap.generation=gen1],Rate,0
09/11/2026 05:56:12,System.Runtime,dotnet.process.cpu.time (s / 1 sec)[cpu.mode=user],Rate,0.5816580000000044
09/11/2026 05:56:12,System.Runtime,dotnet.process.cpu.time (s / 1 sec)[cpu.mode=system],Rate,0.04514200000000024
09/11/2026 05:56:12,System.Runtime,dotnet.process.cpu.count ({cpu}),Metric,15
09/11/2026 05:56:12,System.Runtime,dotnet.gc.pause.time (s / 1 sec),Rate,0
09/11/2026 05:56:12,System.Runtime,dotnet.thread_pool.queue.length ({work_item} / 1 sec),Rate,0
09/11/2026 05:56:12,System.Runtime,dotnet.gc.last_collection.memory.committed_size (By),Metric,0
09/11/2026 05:56:12,System.Runtime,dotnet.gc.last_collection.heap.fragmentation.size (By)[gc.heap.generation=gen0],Metric,0
09/11/2026 05:56:12,System.Runtime,dotnet.gc.last_collection.heap.fragmentation.size (By)[gc.heap.generation=gen2],Metric,0
09/11/2026 05:56:12,System.Runtime,dotnet.gc.last_collection.heap.fragmentation.size (By)[gc.heap.generation=loh],Metric,0
09/11/2026 05:56:12,System.Runtime,dotnet.gc.last_collection.heap.fragmentation.size (By)[gc.heap.generation=gen1],Metric,0
09/11/2026 05:56:12,System.Runtime,dotnet.gc.last_collection.heap.fragmentation.size (By)[gc.heap.generation=poh],Metric,0
09/11/2026 05:56:12,System.Runtime,dotnet.timer.count ({timer}),Metric,2
09/11/2026 05:56:12,System.Runtime,dotnet.assembly.count ({assembly}),Metric,61
09/11/2026 05:56:12,System.Runtime,dotnet.gc.heap.total_allocated (By / 1 sec),Rate,139400
09/11/2026 05:56:12,System.Runtime,dotnet.gc.last_collection.heap.size (By)[gc.heap.generation=gen0],Metric,0
09/11/2026 05:56:12,System.Runtime,dotnet.gc.last_collection.heap.size (By)[gc.heap.generation=gen2],Metric,0
09/11/2026 05:56:12,System.Runtime,dotnet.gc.last_collection.heap.size (By)[gc.heap.generation=loh],Metric,0
09/11/2026 05:56:12,System.Runtime,dotnet.gc.last_collection.heap.size (By)[gc.heap.generation=gen1],Metric,0
09/11/2026 05:56:12,System.Runtime,dotnet.gc.last_collection.heap.size (By)[gc.heap.generation=poh],Metric,0
09/11/2026 05:56:12,System.Runtime,dotnet.thread_pool.work_item.count ({work_item} / 1 sec),Rate,602
09/11/2026 05:56:12,System.Runtime,dotnet.process.memory.working_set (By),Metric,113344512
09/11/2026 05:56:12,System.Runtime,dotnet.thread_pool.thread.count ({thread} / 1 sec),Rate,0
09/11/2026 05:56:12,System.Runtime,dotnet.jit.compilation.time (s / 1 sec),Rate,0
09/11/2026 05:56:13,System.Runtime,dotnet.jit.compiled_il.size (By / 1 sec),Rate,0
09/11/2026 05:56:13,System.Runtime,dotnet.jit.compiled_methods ({method} / 1 sec),Rate,0
09/11/2026 05:56:13,System.Runtime,dotnet.monitor.lock_contentions ({contention} / 1 sec),Rate,0
09/11/2026 05:56:13,System.Runtime,dotnet.gc.collections ({collection} / 1 sec)[gc.heap.generation=gen0],Rate,0
09/11/2026 05:56:13,System.Runtime,dotnet.gc.collections ({collection} / 1 sec)[gc.heap.generation=gen2],Rate,0
09/11/2026 05:56:13,System.Runtime,dotnet.gc.collections ({collection} / 1 sec)[gc.heap.generation=gen1],Rate,0
09/11/2026 05:56:13,System.Runtime,dotnet.process.cpu.time (s / 1 sec)[cpu.mode=user],Rate,0.5754620000000017
09/11/2026 05:56:13,System.Runtime,dotnet.process.cpu.time (s / 1 sec)[cpu.mode=system],Rate,0.04159399999999991
09/11/2026 05:56:13,System.Runtime,dotnet.process.cpu.count ({cpu}),Metric,15
09/11/2026 05:56:13,System.Runtime,dotnet.gc.pause.time (s / 1 sec),Rate,0
09/11/2026 05:56:13,System.Runtime,dotnet.thread_pool.queue.length ({work_item} / 1 sec),Rate,0
09/11/2026 05:56:13,System.Runtime,dotnet.gc.last_collection.memory.committed_size (By),Metric,0
09/11/2026 05:56:13,System.Runtime,dotnet.gc.last_collection.heap.fragmentation.size (By)[gc.heap.generation=gen0],Metric,0
09/11/2026 05:56:13,System.Runtime,dotnet.gc.last_collection.heap.fragmentation.size (By)[gc.heap.generation=gen2],Metric,0
09/11/2026 05:56:13,System.Runtime,dotnet.gc.last_collection.heap.fragmentation.size (By)[gc.heap.generation=loh],Metric,0
09/11/2026 05:56:13,System.Runtime,dotnet.gc.last_collection.heap.fragmentation.size (By)[gc.heap.generation=gen1],Metric,0
09/11/2026 05:56:13,System.Runtime,dotnet.gc.last_collection.heap.fragmentation.size (By)[gc.heap.generation=poh],Metric,0
09/11/2026 05:56:13,System.Runtime,dotnet.timer.count ({timer}),Metric,2
09/11/2026 05:56:13,System.Runtime,dotnet.assembly.count ({assembly}),Metric,61
09/11/2026 05:56:13,System.Runtime,dotnet.gc.heap.total_allocated (By / 1 sec),Rate,130168
09/11/2026 05:56:13,System.Runtime,dotnet.gc.last_collection.heap.size (By)[gc.heap.generation=gen0],Metric,0
09/11/2026 05:56:13,System.Runtime,dotnet.gc.last_collection.heap.size (By)[gc.heap.generation=gen2],Metric,0
09/11/2026 05:56:13,System.Runtime,dotnet.gc.last_collection.heap.size (By)[gc.heap.generation=loh],Metric,0
09/11/2026 05:56:13,System.Runtime,dotnet.gc.last_collection.heap.size (By)[gc.heap.generation=gen1],Metric,0
09/11/2026 05:56:13,System.Runtime,dotnet.gc.last_collection.heap.size (By)[gc.heap.generation=poh],Metric,0
09/11/2026 05:56:13,System.Runtime,dotnet.thread_pool.work_item.count ({work_item} / 1 sec),Rate,601
09/11/2026 05:56:13,System.Runtime,dotnet.process.memory.working_set (By),Metric,113475584
09/11/2026 05:56:13,System.Runtime,dotnet.thread_pool.thread.count ({thread} / 1 sec),Rate,0
09/11/2026 05:56:13,System.Runtime,dotnet.jit.compilation.time (s / 1 sec),Rate,0
09/11/2026 05:56:14,System.Runtime,dotnet.jit.compiled_il.size (By / 1 sec),Rate,0
09/11/2026 05:56:14,System.Runtime,dotnet.jit.compiled_methods ({method} / 1 sec),Rate,0
09/11/2026 05:56:14,System.Runtime,dotnet.monitor.lock_contentions ({contention} / 1 sec),Rate,0
09/11/2026 05:56:14,System.Runtime,dotnet.gc.collections ({collection} / 1 sec)[gc.heap.generation=gen0],Rate,0
09/11/2026 05:56:14,System.Runtime,dotnet.gc.collections ({collection} / 1 sec)[gc.heap.generation=gen2],Rate,0
09/11/2026 05:56:14,System.Runtime,dotnet.gc.collections ({collection} / 1 sec)[gc.heap.generation=gen1],Rate,0
09/11/2026 05:56:14,System.Runtime,dotnet.process.cpu.time (s / 1 sec)[cpu.mode=user],Rate,0.5816959999999938
09/11/2026 05:56:14,System.Runtime,dotnet.process.cpu.time (s / 1 sec)[cpu.mode=system],Rate,0.043717000000000894
09/11/2026 05:56:14,System.Runtime,dotnet.process.cpu.count ({cpu}),Metric,15
09/11/2026 05:56:14,System.Runtime,dotnet.gc.pause.time (s / 1 sec),Rate,0
09/11/2026 05:56:14,System.Runtime,dotnet.thread_pool.queue.length ({work_item} / 1 sec),Rate,0
09/11/2026 05:56:14,System.Runtime,dotnet.gc.last_collection.memory.committed_size (By),Metric,0
09/11/2026 05:56:14,System.Runtime,dotnet.gc.last_collection.heap.fragmentation.size (By)[gc.heap.generation=gen0],Metric,0
09/11/2026 05:56:14,System.Runtime,dotnet.gc.last_collection.heap.fragmentation.size (By)[gc.heap.generation=gen2],Metric,0
09/11/2026 05:56:14,System.Runtime,dotnet.gc.last_collection.heap.fragmentation.size (By)[gc.heap.generation=loh],Metric,0
09/11/2026 05:56:14,System.Runtime,dotnet.gc.last_collection.heap.fragmentation.size (By)[gc.heap.generation=gen1],Metric,0
09/11/2026 05:56:14,System.Runtime,dotnet.gc.last_collection.heap.fragmentation.size (By)[gc.heap.generation=poh],Metric,0
09/11/2026 05:56:14,System.Runtime,dotnet.timer.count ({timer}),Metric,2
09/11/2026 05:56:14,System.Runtime,dotnet.assembly.count ({assembly}),Metric,61
09/11/2026 05:56:14,System.Runtime,dotnet.gc.heap.total_allocated (By / 1 sec),Rate,147600
09/11/2026 05:56:14,System.Runtime,dotnet.gc.last_collection.heap.size (By)[gc.heap.generation=gen0],Metric,0
09/11/2026 05:56:14,System.Runtime,dotnet.gc.last_collection.heap.size (By)[gc.heap.generation=gen2],Metric,0
09/11/2026 05:56:14,System.Runtime,dotnet.gc.last_collection.heap.size (By)[gc.heap.generation=loh],Metric,0
09/11/2026 05:56:14,System.Runtime,dotnet.gc.last_collection.heap.size (By)[gc.heap.generation=gen1],Metric,0
09/11/2026 05:56:14,System.Runtime,dotnet.gc.last_collection.heap.size (By)[gc.heap.generation=poh],Metric,0
09/11/2026 05:56:14,System.Runtime,dotnet.thread_pool.work_item.count ({work_item} / 1 sec),Rate,601
09/11/2026 05:56:14,System.Runtime,dotnet.process.memory.working_set (By),Metric,113639424
09/11/2026 05:56:14,System.Runtime,dotnet.thread_pool.thread.count ({thread} / 1 sec),Rate,0
09/11/2026 05:56:14,System.Runtime,dotnet.jit.compilation.time (s / 1 sec),Rate,0
09/11/2026 05:56:15,System.Runtime,dotnet.jit.compiled_il.size (By / 1 sec),Rate,0
09/11/2026 05:56:15,System.Runtime,dotnet.jit.compiled_methods ({method} / 1 sec),Rate,0
09/11/2026 05:56:15,System.Runtime,dotnet.monitor.lock_contentions ({contention} / 1 sec),Rate,0
09/11/2026 05:56:15,System.Runtime,dotnet.gc.collections ({collection} / 1 sec)[gc.heap.generation=gen0],Rate,0
09/11/2026 05:56:15,System.Runtime,dotnet.gc.collections ({collection} / 1 sec)[gc.heap.generation=gen2],Rate,0
09/11/2026 05:56:15,System.Runtime,dotnet.gc.collections ({collection} / 1 sec)[gc.heap.generation=gen1],Rate,0
09/11/2026 05:56:15,System.Runtime,dotnet.process.cpu.time (s / 1 sec)[cpu.mode=user],Rate,0.5795650000000023
09/11/2026 05:56:15,System.Runtime,dotnet.process.cpu.time (s / 1 sec)[cpu.mode=system],Rate,0.043972999999999374
09/11/2026 05:56:15,System.Runtime,dotnet.process.cpu.count ({cpu}),Metric,15
09/11/2026 05:56:15,System.Runtime,dotnet.gc.pause.time (s / 1 sec),Rate,0
09/11/2026 05:56:15,System.Runtime,dotnet.thread_pool.queue.length ({work_item} / 1 sec),Rate,0
09/11/2026 05:56:15,System.Runtime,dotnet.gc.last_collection.memory.committed_size (By),Metric,0
09/11/2026 05:56:15,System.Runtime,dotnet.gc.last_collection.heap.fragmentation.size (By)[gc.heap.generation=gen0],Metric,0
09/11/2026 05:56:15,System.Runtime,dotnet.gc.last_collection.heap.fragmentation.size (By)[gc.heap.generation=gen2],Metric,0
09/11/2026 05:56:15,System.Runtime,dotnet.gc.last_collection.heap.fragmentation.size (By)[gc.heap.generation=loh],Metric,0
09/11/2026 05:56:15,System.Runtime,dotnet.gc.last_collection.heap.fragmentation.size (By)[gc.heap.generation=gen1],Metric,0
09/11/2026 05:56:15,System.Runtime,dotnet.gc.last_collection.heap.fragmentation.size (By)[gc.heap.generation=poh],Metric,0
09/11/2026 05:56:15,System.Runtime,dotnet.timer.count ({timer}),Metric,2
09/11/2026 05:56:15,System.Runtime,dotnet.assembly.count ({assembly}),Metric,61
09/11/2026 05:56:15,System.Runtime,dotnet.gc.heap.total_allocated (By / 1 sec),Rate,129152
09/11/2026 05:56:15,System.Runtime,dotnet.gc.last_collection.heap.size (By)[gc.heap.generation=gen0],Metric,0
09/11/2026 05:56:15,System.Runtime,dotnet.gc.last_collection.heap.size (By)[gc.heap.generation=gen2],Metric,0
09/11/2026 05:56:15,System.Runtime,dotnet.gc.last_collection.heap.size (By)[gc.heap.generation=loh],Metric,0
09/11/2026 05:56:15,System.Runtime,dotnet.gc.last_collection.heap.size (By)[gc.heap.generation=gen1],Metric,0
09/11/2026 05:56:15,System.Runtime,dotnet.gc.last_collection.heap.size (By)[gc.heap.generation=poh],Metric,0
09/11/2026 05:56:15,System.Runtime,dotnet.thread_pool.work_item.count ({work_item} / 1 sec),Rate,601
09/11/2026 05:56:15,System.Runtime,dotnet.process.memory.working_set (By),Metric,113803264
09/11/2026 05:56:15,System.Runtime,dotnet.thread_pool.thread.count ({thread} / 1 sec),Rate,0
09/11/2026 05:56:15,System.Runtime,dotnet.jit.compilation.time (s / 1 sec),Rate,0
09/11/2026 05:56:16,System.Runtime,dotnet.jit.compiled_il.size (By / 1 sec),Rate,0
09/11/2026 05:56:16,System.Runtime,dotnet.jit.compiled_methods ({method} / 1 sec),Rate,0
09/11/2026 05:56:16,System.Runtime,dotnet.monitor.lock_contentions ({contention} / 1 sec),Rate,0
09/11/2026 05:56:16,System.Runtime,dotnet.gc.collections ({collection} / 1 sec)[gc.heap.generation=gen0],Rate,0
09/11/2026 05:56:16,System.Runtime,dotnet.gc.collections ({collection} / 1 sec)[gc.heap.generation=gen2],Rate,0
09/11/2026 05:56:16,System.Runtime,dotnet.gc.collections ({collection} / 1 sec)[gc.heap.generation=gen1],Rate,0
09/11/2026 05:56:16,System.Runtime,dotnet.process.cpu.time (s / 1 sec)[cpu.mode=user],Rate,0.5806970000000007
09/11/2026 05:56:16,System.Runtime,dotnet.process.cpu.time (s / 1 sec)[cpu.mode=system],Rate,0.04251499999999986
09/11/2026 05:56:16,System.Runtime,dotnet.process.cpu.count ({cpu}),Metric,15
09/11/2026 05:56:16,System.Runtime,dotnet.gc.pause.time (s / 1 sec),Rate,0
09/11/2026 05:56:16,System.Runtime,dotnet.thread_pool.queue.length ({work_item} / 1 sec),Rate,0
09/11/2026 05:56:16,System.Runtime,dotnet.gc.last_collection.memory.committed_size (By),Metric,0
09/11/2026 05:56:16,System.Runtime,dotnet.gc.last_collection.heap.fragmentation.size (By)[gc.heap.generation=gen0],Metric,0
09/11/2026 05:56:16,System.Runtime,dotnet.gc.last_collection.heap.fragmentation.size (By)[gc.heap.generation=gen2],Metric,0
09/11/2026 05:56:16,System.Runtime,dotnet.gc.last_collection.heap.fragmentation.size (By)[gc.heap.generation=loh],Metric,0
09/11/2026 05:56:16,System.Runtime,dotnet.gc.last_collection.heap.fragmentation.size (By)[gc.heap.generation=gen1],Metric,0
09/11/2026 05:56:16,System.Runtime,dotnet.gc.last_collection.heap.fragmentation.size (By)[gc.heap.generation=poh],Metric,0
09/11/2026 05:56:16,System.Runtime,dotnet.timer.count ({timer}),Metric,2
09/11/2026 05:56:16,System.Runtime,dotnet.assembly.count ({assembly}),Metric,61
09/11/2026 05:56:16,System.Runtime,dotnet.gc.heap.total_allocated (By / 1 sec),Rate,147488
09/11/2026 05:56:16,System.Runtime,dotnet.gc.last_collection.heap.size (By)[gc.heap.generation=gen0],Metric,0
09/11/2026 05:56:16,System.Runtime,dotnet.gc.last_collection.heap.size (By)[gc.heap.generation=gen2],Metric,0
09/11/2026 05:56:16,System.Runtime,dotnet.gc.last_collection.heap.size (By)[gc.heap.generation=loh],Metric,0
09/11/2026 05:56:16,System.Runtime,dotnet.gc.last_collection.heap.size (By)[gc.heap.generation=gen1],Metric,0
09/11/2026 05:56:16,System.Runtime,dotnet.gc.last_collection.heap.size (By)[gc.heap.generation=poh],Metric,0
09/11/2026 05:56:16,System.Runtime,dotnet.thread_pool.work_item.count ({work_item} / 1 sec),Rate,602
09/11/2026 05:56:16,System.Runtime,dotnet.process.memory.working_set (By),Metric,113983488
09/11/2026 05:56:16,System.Runtime,dotnet.thread_pool.thread.count ({thread} / 1 sec),Rate,0
09/11/2026 05:56:16,System.Runtime,dotnet.jit.compilation.time (s / 1 sec),Rate,0
09/11/2026 05:56:17,System.Runtime,dotnet.jit.compiled_il.size (By / 1 sec),Rate,0
09/11/2026 05:56:17,System.Runtime,dotnet.jit.compiled_methods ({method} / 1 sec),Rate,0
09/11/2026 05:56:17,System.Runtime,dotnet.monitor.lock_contentions ({contention} / 1 sec),Rate,0
09/11/2026 05:56:17,System.Runtime,dotnet.gc.collections ({collection} / 1 sec)[gc.heap.generation=gen0],Rate,0
09/11/2026 05:56:17,System.Runtime,dotnet.gc.collections ({collection} / 1 sec)[gc.heap.generation=gen2],Rate,0
09/11/2026 05:56:17,System.Runtime,dotnet.gc.collections ({collection} / 1 sec)[gc.heap.generation=gen1],Rate,0
09/11/2026 05:56:17,System.Runtime,dotnet.process.cpu.time (s / 1 sec)[cpu.mode=user],Rate,0.581009999999992
09/11/2026 05:56:17,System.Runtime,dotnet.process.cpu.time (s / 1 sec)[cpu.mode=system],Rate,0.04592000000000063
09/11/2026 05:56:17,System.Runtime,dotnet.process.cpu.count ({cpu}),Metric,15
09/11/2026 05:56:17,System.Runtime,dotnet.gc.pause.time (s / 1 sec),Rate,0
09/11/2026 05:56:17,System.Runtime,dotnet.thread_pool.queue.length ({work_item} / 1 sec),Rate,0
09/11/2026 05:56:17,System.Runtime,dotnet.gc.last_collection.memory.committed_size (By),Metric,0
09/11/2026 05:56:17,System.Runtime,dotnet.gc.last_collection.heap.fragmentation.size (By)[gc.heap.generation=gen0],Metric,0
09/11/2026 05:56:17,System.Runtime,dotnet.gc.last_collection.heap.fragmentation.size (By)[gc.heap.generation=gen2],Metric,0
09/11/2026 05:56:17,System.Runtime,dotnet.gc.last_collection.heap.fragmentation.size (By)[gc.heap.generation=loh],Metric,0
09/11/2026 05:56:17,System.Runtime,dotnet.gc.last_collection.heap.fragmentation.size (By)[gc.heap.generation=gen1],Metric,0
09/11/2026 05:56:17,System.Runtime,dotnet.gc.last_collection.heap.fragmentation.size (By)[gc.heap.generation=poh],Metric,0
09/11/2026 05:56:17,System.Runtime,dotnet.timer.count ({timer}),Metric,2
09/11/2026 05:56:17,System.Runtime,dotnet.assembly.count ({assembly}),Metric,61
09/11/2026 05:56:17,System.Runtime,dotnet.gc.heap.total_allocated (By / 1 sec),Rate,123000
09/11/2026 05:56:17,System.Runtime,dotnet.gc.last_collection.heap.size (By)[gc.heap.generation=gen0],Metric,0
09/11/2026 05:56:17,System.Runtime,dotnet.gc.last_collection.heap.size (By)[gc.heap.generation=gen2],Metric,0
09/11/2026 05:56:17,System.Runtime,dotnet.gc.last_collection.heap.size (By)[gc.heap.generation=loh],Metric,0
09/11/2026 05:56:17,System.Runtime,dotnet.gc.last_collection.heap.size (By)[gc.heap.generation=gen1],Metric,0
09/11/2026 05:56:17,System.Runtime,dotnet.gc.last_collection.heap.size (By)[gc.heap.generation=poh],Metric,0
09/11/2026 05:56:17,System.Runtime,dotnet.thread_pool.work_item.count ({work_item} / 1 sec),Rate,601
09/11/2026 05:56:17,System.Runtime,dotnet.process.memory.working_set (By),Metric,114130944
09/11/2026 05:56:17,System.Runtime,dotnet.thread_pool.thread.count ({thread} / 1 sec),Rate,0
09/11/2026 05:56:17,System.Runtime,dotnet.jit.compilation.time (s / 1 sec),Rate,0
09/11/2026 05:56:18,System.Runtime,dotnet.jit.compiled_il.size (By / 1 sec),Rate,0
09/11/2026 05:56:18,System.Runtime,dotnet.jit.compiled_methods ({method} / 1 sec),Rate,0
09/11/2026 05:56:18,System.Runtime,dotnet.monitor.lock_contentions ({contention} / 1 sec),Rate,0
09/11/2026 05:56:18,System.Runtime,dotnet.gc.collections ({collection} / 1 sec)[gc.heap.generation=gen0],Rate,0
09/11/2026 05:56:18,System.Runtime,dotnet.gc.collections ({collection} / 1 sec)[gc.heap.generation=gen2],Rate,0
09/11/2026 05:56:18,System.Runtime,dotnet.gc.collections ({collection} / 1 sec)[gc.heap.generation=gen1],Rate,0
09/11/2026 05:56:18,System.Runtime,dotnet.process.cpu.time (s / 1 sec)[cpu.mode=user],Rate,0.5809320000000042
09/11/2026 05:56:18,System.Runtime,dotnet.process.cpu.time (s / 1 sec)[cpu.mode=system],Rate,0.050831999999999766
09/11/2026 05:56:18,System.Runtime,dotnet.process.cpu.count ({cpu}),Metric,15
09/11/2026 05:56:18,System.Runtime,dotnet.gc.pause.time (s / 1 sec),Rate,0
09/11/2026 05:56:18,System.Runtime,dotnet.thread_pool.queue.length ({work_item} / 1 sec),Rate,0
09/11/2026 05:56:18,System.Runtime,dotnet.gc.last_collection.memory.committed_size (By),Metric,0
09/11/2026 05:56:18,System.Runtime,dotnet.gc.last_collection.heap.fragmentation.size (By)[gc.heap.generation=gen0],Metric,0
09/11/2026 05:56:18,System.Runtime,dotnet.gc.last_collection.heap.fragmentation.size (By)[gc.heap.generation=gen2],Metric,0
09/11/2026 05:56:18,System.Runtime,dotnet.gc.last_collection.heap.fragmentation.size (By)[gc.heap.generation=loh],Metric,0
09/11/2026 05:56:18,System.Runtime,dotnet.gc.last_collection.heap.fragmentation.size (By)[gc.heap.generation=gen1],Metric,0
09/11/2026 05:56:18,System.Runtime,dotnet.gc.last_collection.heap.fragmentation.size (By)[gc.heap.generation=poh],Metric,0
09/11/2026 05:56:18,System.Runtime,dotnet.timer.count ({timer}),Metric,2
09/11/2026 05:56:18,System.Runtime,dotnet.assembly.count ({assembly}),Metric,61
09/11/2026 05:56:18,System.Runtime,dotnet.gc.heap.total_allocated (By / 1 sec),Rate,146560
09/11/2026 05:56:18,System.Runtime,dotnet.gc.last_collection.heap.size (By)[gc.heap.generation=gen0],Metric,0
09/11/2026 05:56:18,System.Runtime,dotnet.gc.last_collection.heap.size (By)[gc.heap.generation=gen2],Metric,0
09/11/2026 05:56:18,System.Runtime,dotnet.gc.last_collection.heap.size (By)[gc.heap.generation=loh],Metric,0
09/11/2026 05:56:18,System.Runtime,dotnet.gc.last_collection.heap.size (By)[gc.heap.generation=gen1],Metric,0
09/11/2026 05:56:18,System.Runtime,dotnet.gc.last_collection.heap.size (By)[gc.heap.generation=poh],Metric,0
09/11/2026 05:56:18,System.Runtime,dotnet.thread_pool.work_item.count ({work_item} / 1 sec),Rate,601
09/11/2026 05:56:18,System.Runtime,dotnet.process.memory.working_set (By),Metric,114262016
09/11/2026 05:56:18,System.Runtime,dotnet.thread_pool.thread.count ({thread} / 1 sec),Rate,0
09/11/2026 05:56:18,System.Runtime,dotnet.jit.compilation.time (s / 1 sec),Rate,0
09/11/2026 05:56:19,System.Runtime,dotnet.jit.compiled_il.size (By / 1 sec),Rate,0
09/11/2026 05:56:19,System.Runtime,dotnet.jit.compiled_methods ({method} / 1 sec),Rate,0
09/11/2026 05:56:19,System.Runtime,dotnet.monitor.lock_contentions ({contention} / 1 sec),Rate,0
09/11/2026 05:56:19,System.Runtime,dotnet.gc.collections ({collection} / 1 sec)[gc.heap.generation=gen0],Rate,0
09/11/2026 05:56:19,System.Runtime,dotnet.gc.collections ({collection} / 1 sec)[gc.heap.generation=gen2],Rate,0
09/11/2026 05:56:19,System.Runtime,dotnet.gc.collections ({collection} / 1 sec)[gc.heap.generation=gen1],Rate,0
09/11/2026 05:56:19,System.Runtime,dotnet.process.cpu.time (s / 1 sec)[cpu.mode=user],Rate,0.5773379999999975
09/11/2026 05:56:19,System.Runtime,dotnet.process.cpu.time (s / 1 sec)[cpu.mode=system],Rate,0.04689699999999952
09/11/2026 05:56:19,System.Runtime,dotnet.process.cpu.count ({cpu}),Metric,15
09/11/2026 05:56:19,System.Runtime,dotnet.gc.pause.time (s / 1 sec),Rate,0
09/11/2026 05:56:19,System.Runtime,dotnet.thread_pool.queue.length ({work_item} / 1 sec),Rate,0
09/11/2026 05:56:19,System.Runtime,dotnet.gc.last_collection.memory.committed_size (By),Metric,0
09/11/2026 05:56:19,System.Runtime,dotnet.gc.last_collection.heap.fragmentation.size (By)[gc.heap.generation=gen0],Metric,0
09/11/2026 05:56:19,System.Runtime,dotnet.gc.last_collection.heap.fragmentation.size (By)[gc.heap.generation=gen2],Metric,0
09/11/2026 05:56:19,System.Runtime,dotnet.gc.last_collection.heap.fragmentation.size (By)[gc.heap.generation=loh],Metric,0
09/11/2026 05:56:19,System.Runtime,dotnet.gc.last_collection.heap.fragmentation.size (By)[gc.heap.generation=gen1],Metric,0
09/11/2026 05:56:19,System.Runtime,dotnet.gc.last_collection.heap.fragmentation.size (By)[gc.heap.generation=poh],Metric,0
09/11/2026 05:56:19,System.Runtime,dotnet.timer.count ({timer}),Metric,2
09/11/2026 05:56:19,System.Runtime,dotnet.assembly.count ({assembly}),Metric,61
09/11/2026 05:56:19,System.Runtime,dotnet.gc.heap.total_allocated (By / 1 sec),Rate,122944
09/11/2026 05:56:19,System.Runtime,dotnet.gc.last_collection.heap.size (By)[gc.heap.generation=gen0],Metric,0
09/11/2026 05:56:19,System.Runtime,dotnet.gc.last_collection.heap.size (By)[gc.heap.generation=gen2],Metric,0
09/11/2026 05:56:19,System.Runtime,dotnet.gc.last_collection.heap.size (By)[gc.heap.generation=loh],Metric,0
09/11/2026 05:56:19,System.Runtime,dotnet.gc.last_collection.heap.size (By)[gc.heap.generation=gen1],Metric,0
09/11/2026 05:56:19,System.Runtime,dotnet.gc.last_collection.heap.size (By)[gc.heap.generation=poh],Metric,0
09/11/2026 05:56:19,System.Runtime,dotnet.thread_pool.work_item.count ({work_item} / 1 sec),Rate,601
09/11/2026 05:56:19,System.Runtime,dotnet.process.memory.working_set (By),Metric,114409472
09/11/2026 05:56:19,System.Runtime,dotnet.thread_pool.thread.count ({thread} / 1 sec),Rate,0
09/11/2026 05:56:19,System.Runtime,dotnet.jit.compilation.time (s / 1 sec),Rate,0
09/11/2026 05:56:20,System.Runtime,dotnet.jit.compiled_il.size (By / 1 sec),Rate,0
09/11/2026 05:56:20,System.Runtime,dotnet.jit.compiled_methods ({method} / 1 sec),Rate,0
09/11/2026 05:56:20,System.Runtime,dotnet.monitor.lock_contentions ({contention} / 1 sec),Rate,0
09/11/2026 05:56:20,System.Runtime,dotnet.gc.collections ({collection} / 1 sec)[gc.heap.generation=gen0],Rate,0
09/11/2026 05:56:20,System.Runtime,dotnet.gc.collections ({collection} / 1 sec)[gc.heap.generation=gen2],Rate,0
09/11/2026 05:56:20,System.Runtime,dotnet.gc.collections ({collection} / 1 sec)[gc.heap.generation=gen1],Rate,0
09/11/2026 05:56:20,System.Runtime,dotnet.process.cpu.time (s / 1 sec)[cpu.mode=user],Rate,0.5800540000000041
09/11/2026 05:56:20,System.Runtime,dotnet.process.cpu.time (s / 1 sec)[cpu.mode=system],Rate,0.047242999999999924
09/11/2026 05:56:20,System.Runtime,dotnet.process.cpu.count ({cpu}),Metric,15
09/11/2026 05:56:20,System.Runtime,dotnet.gc.pause.time (s / 1 sec),Rate,0
09/11/2026 05:56:20,System.Runtime,dotnet.thread_pool.queue.length ({work_item} / 1 sec),Rate,0
09/11/2026 05:56:20,System.Runtime,dotnet.gc.last_collection.memory.committed_size (By),Metric,0
09/11/2026 05:56:20,System.Runtime,dotnet.gc.last_collection.heap.fragmentation.size (By)[gc.heap.generation=gen0],Metric,0
09/11/2026 05:56:20,System.Runtime,dotnet.gc.last_collection.heap.fragmentation.size (By)[gc.heap.generation=gen2],Metric,0
09/11/2026 05:56:20,System.Runtime,dotnet.gc.last_collection.heap.fragmentation.size (By)[gc.heap.generation=loh],Metric,0
09/11/2026 05:56:20,System.Runtime,dotnet.gc.last_collection.heap.fragmentation.size (By)[gc.heap.generation=gen1],Metric,0
09/11/2026 05:56:20,System.Runtime,dotnet.gc.last_collection.heap.fragmentation.size (By)[gc.heap.generation=poh],Metric,0
09/11/2026 05:56:20,System.Runtime,dotnet.timer.count ({timer}),Metric,2
09/11/2026 05:56:20,System.Runtime,dotnet.assembly.count ({assembly}),Metric,61
09/11/2026 05:56:20,System.Runtime,dotnet.gc.heap.total_allocated (By / 1 sec),Rate,146576
09/11/2026 05:56:20,System.Runtime,dotnet.gc.last_collection.heap.size (By)[gc.heap.generation=gen0],Metric,0
09/11/2026 05:56:20,System.Runtime,dotnet.gc.last_collection.heap.size (By)[gc.heap.generation=gen2],Metric,0
09/11/2026 05:56:20,System.Runtime,dotnet.gc.last_collection.heap.size (By)[gc.heap.generation=loh],Metric,0
09/11/2026 05:56:20,System.Runtime,dotnet.gc.last_collection.heap.size (By)[gc.heap.generation=gen1],Metric,0
09/11/2026 05:56:20,System.Runtime,dotnet.gc.last_collection.heap.size (By)[gc.heap.generation=poh],Metric,0
09/11/2026 05:56:20,System.Runtime,dotnet.thread_pool.work_item.count ({work_item} / 1 sec),Rate,601
09/11/2026 05:56:20,System.Runtime,dotnet.process.memory.working_set (By),Metric,114573312
09/11/2026 05:56:20,System.Runtime,dotnet.thread_pool.thread.count ({thread} / 1 sec),Rate,0
09/11/2026 05:56:20,System.Runtime,dotnet.jit.compilation.time (s / 1 sec),Rate,0
09/11/2026 05:56:21,System.Runtime,dotnet.jit.compiled_il.size (By / 1 sec),Rate,0
09/11/2026 05:56:21,System.Runtime,dotnet.jit.compiled_methods ({method} / 1 sec),Rate,0
09/11/2026 05:56:21,System.Runtime,dotnet.monitor.lock_contentions ({contention} / 1 sec),Rate,0
09/11/2026 05:56:21,System.Runtime,dotnet.gc.collections ({collection} / 1 sec)[gc.heap.generation=gen0],Rate,0
09/11/2026 05:56:21,System.Runtime,dotnet.gc.collections ({collection} / 1 sec)[gc.heap.generation=gen2],Rate,0
09/11/2026 05:56:21,System.Runtime,dotnet.gc.collections ({collection} / 1 sec)[gc.heap.generation=gen1],Rate,0
09/11/2026 05:56:21,System.Runtime,dotnet.process.cpu.time (s / 1 sec)[cpu.mode=user],Rate,0.5792670000000015
09/11/2026 05:56:21,System.Runtime,dotnet.process.cpu.time (s / 1 sec)[cpu.mode=system],Rate,0.04197500000000076
09/11/2026 05:56:21,System.Runtime,dotnet.process.cpu.count ({cpu}),Metric,15
09/11/2026 05:56:21,System.Runtime,dotnet.gc.pause.time (s / 1 sec),Rate,0
09/11/2026 05:56:21,System.Runtime,dotnet.thread_pool.queue.length ({work_item} / 1 sec),Rate,0
09/11/2026 05:56:21,System.Runtime,dotnet.gc.last_collection.memory.committed_size (By),Metric,0
09/11/2026 05:56:21,System.Runtime,dotnet.gc.last_collection.heap.fragmentation.size (By)[gc.heap.generation=gen0],Metric,0
09/11/2026 05:56:21,System.Runtime,dotnet.gc.last_collection.heap.fragmentation.size (By)[gc.heap.generation=gen2],Metric,0
09/11/2026 05:56:21,System.Runtime,dotnet.gc.last_collection.heap.fragmentation.size (By)[gc.heap.generation=loh],Metric,0
09/11/2026 05:56:21,System.Runtime,dotnet.gc.last_collection.heap.fragmentation.size (By)[gc.heap.generation=gen1],Metric,0
09/11/2026 05:56:21,System.Runtime,dotnet.gc.last_collection.heap.fragmentation.size (By)[gc.heap.generation=poh],Metric,0
09/11/2026 05:56:21,System.Runtime,dotnet.timer.count ({timer}),Metric,2
09/11/2026 05:56:21,System.Runtime,dotnet.assembly.count ({assembly}),Metric,61
09/11/2026 05:56:21,System.Runtime,dotnet.gc.heap.total_allocated (By / 1 sec),Rate,130120
09/11/2026 05:56:21,System.Runtime,dotnet.gc.last_collection.heap.size (By)[gc.heap.generation=gen0],Metric,0
09/11/2026 05:56:21,System.Runtime,dotnet.gc.last_collection.heap.size (By)[gc.heap.generation=gen2],Metric,0
09/11/2026 05:56:21,System.Runtime,dotnet.gc.last_collection.heap.size (By)[gc.heap.generation=loh],Metric,0
09/11/2026 05:56:21,System.Runtime,dotnet.gc.last_collection.heap.size (By)[gc.heap.generation=gen1],Metric,0
09/11/2026 05:56:21,System.Runtime,dotnet.gc.last_collection.heap.size (By)[gc.heap.generation=poh],Metric,0
09/11/2026 05:56:21,System.Runtime,dotnet.thread_pool.work_item.count ({work_item} / 1 sec),Rate,603
09/11/2026 05:56:21,System.Runtime,dotnet.process.memory.working_set (By),Metric,114720768
09/11/2026 05:56:21,System.Runtime,dotnet.thread_pool.thread.count ({thread} / 1 sec),Rate,0
09/11/2026 05:56:21,System.Runtime,dotnet.jit.compilation.time (s / 1 sec),Rate,0
09/11/2026 05:56:22,System.Runtime,dotnet.jit.compiled_il.size (By / 1 sec),Rate,0
09/11/2026 05:56:22,System.Runtime,dotnet.jit.compiled_methods ({method} / 1 sec),Rate,0
09/11/2026 05:56:22,System.Runtime,dotnet.monitor.lock_contentions ({contention} / 1 sec),Rate,0
09/11/2026 05:56:22,System.Runtime,dotnet.gc.collections ({collection} / 1 sec)[gc.heap.generation=gen0],Rate,0
09/11/2026 05:56:22,System.Runtime,dotnet.gc.collections ({collection} / 1 sec)[gc.heap.generation=gen2],Rate,0
09/11/2026 05:56:22,System.Runtime,dotnet.gc.collections ({collection} / 1 sec)[gc.heap.generation=gen1],Rate,0
09/11/2026 05:56:22,System.Runtime,dotnet.process.cpu.time (s / 1 sec)[cpu.mode=user],Rate,0.5800229999999971
09/11/2026 05:56:22,System.Runtime,dotnet.process.cpu.time (s / 1 sec)[cpu.mode=system],Rate,0.044290999999999414
09/11/2026 05:56:22,System.Runtime,dotnet.process.cpu.count ({cpu}),Metric,15
09/11/2026 05:56:22,System.Runtime,dotnet.gc.pause.time (s / 1 sec),Rate,0
09/11/2026 05:56:22,System.Runtime,dotnet.thread_pool.queue.length ({work_item} / 1 sec),Rate,0
09/11/2026 05:56:22,System.Runtime,dotnet.gc.last_collection.memory.committed_size (By),Metric,0
09/11/2026 05:56:22,System.Runtime,dotnet.gc.last_collection.heap.fragmentation.size (By)[gc.heap.generation=gen0],Metric,0
09/11/2026 05:56:22,System.Runtime,dotnet.gc.last_collection.heap.fragmentation.size (By)[gc.heap.generation=gen2],Metric,0
09/11/2026 05:56:22,System.Runtime,dotnet.gc.last_collection.heap.fragmentation.size (By)[gc.heap.generation=loh],Metric,0
09/11/2026 05:56:22,System.Runtime,dotnet.gc.last_collection.heap.fragmentation.size (By)[gc.heap.generation=gen1],Metric,0
09/11/2026 05:56:22,System.Runtime,dotnet.gc.last_collection.heap.fragmentation.size (By)[gc.heap.generation=poh],Metric,0
09/11/2026 05:56:22,System.Runtime,dotnet.timer.count ({timer}),Metric,2
09/11/2026 05:56:22,System.Runtime,dotnet.assembly.count ({assembly}),Metric,61
09/11/2026 05:56:22,System.Runtime,dotnet.gc.heap.total_allocated (By / 1 sec),Rate,154776
09/11/2026 05:56:22,System.Runtime,dotnet.gc.last_collection.heap.size (By)[gc.heap.generation=gen0],Metric,0
09/11/2026 05:56:22,System.Runtime,dotnet.gc.last_collection.heap.size (By)[gc.heap.generation=gen2],Metric,0
09/11/2026 05:56:22,System.Runtime,dotnet.gc.last_collection.heap.size (By)[gc.heap.generation=loh],Metric,0
09/11/2026 05:56:22,System.Runtime,dotnet.gc.last_collection.heap.size (By)[gc.heap.generation=gen1],Metric,0
09/11/2026 05:56:22,System.Runtime,dotnet.gc.last_collection.heap.size (By)[gc.heap.generation=poh],Metric,0
09/11/2026 05:56:22,System.Runtime,dotnet.thread_pool.work_item.count ({work_item} / 1 sec),Rate,601
09/11/2026 05:56:22,System.Runtime,dotnet.process.memory.working_set (By),Metric,114868224
09/11/2026 05:56:22,System.Runtime,dotnet.thread_pool.thread.count ({thread} / 1 sec),Rate,0
09/11/2026 05:56:22,System.Runtime,dotnet.jit.compilation.time (s / 1 sec),Rate,0
09/11/2026 05:56:23,System.Runtime,dotnet.jit.compiled_il.size (By / 1 sec),Rate,0
09/11/2026 05:56:23,System.Runtime,dotnet.jit.compiled_methods ({method} / 1 sec),Rate,0
09/11/2026 05:56:23,System.Runtime,dotnet.monitor.lock_contentions ({contention} / 1 sec),Rate,0
09/11/2026 05:56:23,System.Runtime,dotnet.gc.collections ({collection} / 1 sec)[gc.heap.generation=gen0],Rate,0
09/11/2026 05:56:23,System.Runtime,dotnet.gc.collections ({collection} / 1 sec)[gc.heap.generation=gen2],Rate,0
09/11/2026 05:56:23,System.Runtime,dotnet.gc.collections ({collection} / 1 sec)[gc.heap.generation=gen1],Rate,0
09/11/2026 05:56:23,System.Runtime,dotnet.process.cpu.time (s / 1 sec)[cpu.mode=user],Rate,0.581860000000006
09/11/2026 05:56:23,System.Runtime,dotnet.process.cpu.time (s / 1 sec)[cpu.mode=system],Rate,0.04544699999999935
09/11/2026 05:56:23,System.Runtime,dotnet.process.cpu.count ({cpu}),Metric,15
09/11/2026 05:56:23,System.Runtime,dotnet.gc.pause.time (s / 1 sec),Rate,0
09/11/2026 05:56:23,System.Runtime,dotnet.thread_pool.queue.length ({work_item} / 1 sec),Rate,0
09/11/2026 05:56:23,System.Runtime,dotnet.gc.last_collection.memory.committed_size (By),Metric,0
09/11/2026 05:56:23,System.Runtime,dotnet.gc.last_collection.heap.fragmentation.size (By)[gc.heap.generation=gen0],Metric,0
09/11/2026 05:56:23,System.Runtime,dotnet.gc.last_collection.heap.fragmentation.size (By)[gc.heap.generation=gen2],Metric,0
09/11/2026 05:56:23,System.Runtime,dotnet.gc.last_collection.heap.fragmentation.size (By)[gc.heap.generation=loh],Metric,0
09/11/2026 05:56:23,System.Runtime,dotnet.gc.last_collection.heap.fragmentation.size (By)[gc.heap.generation=gen1],Metric,0
09/11/2026 05:56:23,System.Runtime,dotnet.gc.last_collection.heap.fragmentation.size (By)[gc.heap.generation=poh],Metric,0
09/11/2026 05:56:23,System.Runtime,dotnet.timer.count ({timer}),Metric,2
09/11/2026 05:56:23,System.Runtime,dotnet.assembly.count ({assembly}),Metric,61
09/11/2026 05:56:23,System.Runtime,dotnet.gc.heap.total_allocated (By / 1 sec),Rate,123000
09/11/2026 05:56:23,System.Runtime,dotnet.gc.last_collection.heap.size (By)[gc.heap.generation=gen0],Metric,0
09/11/2026 05:56:23,System.Runtime,dotnet.gc.last_collection.heap.size (By)[gc.heap.generation=gen2],Metric,0
09/11/2026 05:56:23,System.Runtime,dotnet.gc.last_collection.heap.size (By)[gc.heap.generation=loh],Metric,0
09/11/2026 05:56:23,System.Runtime,dotnet.gc.last_collection.heap.size (By)[gc.heap.generation=gen1],Metric,0
09/11/2026 05:56:23,System.Runtime,dotnet.gc.last_collection.heap.size (By)[gc.heap.generation=poh],Metric,0
09/11/2026 05:56:23,System.Runtime,dotnet.thread_pool.work_item.count ({work_item} / 1 sec),Rate,601
09/11/2026 05:56:23,System.Runtime,dotnet.process.memory.working_set (By),Metric,115015680
09/11/2026 05:56:23,System.Runtime,dotnet.thread_pool.thread.count ({thread} / 1 sec),Rate,0
09/11/2026 05:56:23,System.Runtime,dotnet.jit.compilation.time (s / 1 sec),Rate,0
09/11/2026 05:56:24,System.Runtime,dotnet.jit.compiled_il.size (By / 1 sec),Rate,0
09/11/2026 05:56:24,System.Runtime,dotnet.jit.compiled_methods ({method} / 1 sec),Rate,0
09/11/2026 05:56:24,System.Runtime,dotnet.monitor.lock_contentions ({contention} / 1 sec),Rate,0
09/11/2026 05:56:24,System.Runtime,dotnet.gc.collections ({collection} / 1 sec)[gc.heap.generation=gen0],Rate,0
09/11/2026 05:56:24,System.Runtime,dotnet.gc.collections ({collection} / 1 sec)[gc.heap.generation=gen2],Rate,0
09/11/2026 05:56:24,System.Runtime,dotnet.gc.collections ({collection} / 1 sec)[gc.heap.generation=gen1],Rate,0
09/11/2026 05:56:24,System.Runtime,dotnet.process.cpu.time (s / 1 sec)[cpu.mode=user],Rate,0.5813599999999894
09/11/2026 05:56:24,System.Runtime,dotnet.process.cpu.time (s / 1 sec)[cpu.mode=system],Rate,0.045452000000000936
09/11/2026 05:56:24,System.Runtime,dotnet.process.cpu.count ({cpu}),Metric,15
09/11/2026 05:56:24,System.Runtime,dotnet.gc.pause.time (s / 1 sec),Rate,0
09/11/2026 05:56:24,System.Runtime,dotnet.thread_pool.queue.length ({work_item} / 1 sec),Rate,0
09/11/2026 05:56:24,System.Runtime,dotnet.gc.last_collection.memory.committed_size (By),Metric,0
09/11/2026 05:56:24,System.Runtime,dotnet.gc.last_collection.heap.fragmentation.size (By)[gc.heap.generation=gen0],Metric,0
09/11/2026 05:56:24,System.Runtime,dotnet.gc.last_collection.heap.fragmentation.size (By)[gc.heap.generation=gen2],Metric,0
09/11/2026 05:56:24,System.Runtime,dotnet.gc.last_collection.heap.fragmentation.size (By)[gc.heap.generation=loh],Metric,0
09/11/2026 05:56:24,System.Runtime,dotnet.gc.last_collection.heap.fragmentation.size (By)[gc.heap.generation=gen1],Metric,0
09/11/2026 05:56:24,System.Runtime,dotnet.gc.last_collection.heap.fragmentation.size (By)[gc.heap.generation=poh],Metric,0
09/11/2026 05:56:24,System.Runtime,dotnet.timer.count ({timer}),Metric,2
09/11/2026 05:56:24,System.Runtime,dotnet.assembly.count ({assembly}),Metric,61
09/11/2026 05:56:24,System.Runtime,dotnet.gc.heap.total_allocated (By / 1 sec),Rate,130176
09/11/2026 05:56:24,System.Runtime,dotnet.gc.last_collection.heap.size (By)[gc.heap.generation=gen0],Metric,0
09/11/2026 05:56:24,System.Runtime,dotnet.gc.last_collection.heap.size (By)[gc.heap.generation=gen2],Metric,0
09/11/2026 05:56:24,System.Runtime,dotnet.gc.last_collection.heap.size (By)[gc.heap.generation=loh],Metric,0
09/11/2026 05:56:24,System.Runtime,dotnet.gc.last_collection.heap.size (By)[gc.heap.generation=gen1],Metric,0
09/11/2026 05:56:24,System.Runtime,dotnet.gc.last_collection.heap.size (By)[gc.heap.generation=poh],Metric,0
09/11/2026 05:56:24,System.Runtime,dotnet.thread_pool.work_item.count ({work_item} / 1 sec),Rate,601
09/11/2026 05:56:24,System.Runtime,dotnet.process.memory.working_set (By),Metric,115179520
09/11/2026 05:56:24,System.Runtime,dotnet.thread_pool.thread.count ({thread} / 1 sec),Rate,0
09/11/2026 05:56:24,System.Runtime,dotnet.jit.compilation.time (s / 1 sec),Rate,0
09/11/2026 05:56:25,System.Runtime,dotnet.jit.compiled_il.size (By / 1 sec),Rate,0
09/11/2026 05:56:25,System.Runtime,dotnet.jit.compiled_methods ({method} / 1 sec),Rate,0
09/11/2026 05:56:25,System.Runtime,dotnet.monitor.lock_contentions ({contention} / 1 sec),Rate,0
09/11/2026 05:56:25,System.Runtime,dotnet.gc.collections ({collection} / 1 sec)[gc.heap.generation=gen0],Rate,0
09/11/2026 05:56:25,System.Runtime,dotnet.gc.collections ({collection} / 1 sec)[gc.heap.generation=gen2],Rate,0
09/11/2026 05:56:25,System.Runtime,dotnet.gc.collections ({collection} / 1 sec)[gc.heap.generation=gen1],Rate,0
09/11/2026 05:56:25,System.Runtime,dotnet.process.cpu.time (s / 1 sec)[cpu.mode=user],Rate,0.580204000000009
09/11/2026 05:56:25,System.Runtime,dotnet.process.cpu.time (s / 1 sec)[cpu.mode=system],Rate,0.041494999999999393
09/11/2026 05:56:25,System.Runtime,dotnet.process.cpu.count ({cpu}),Metric,15
09/11/2026 05:56:25,System.Runtime,dotnet.gc.pause.time (s / 1 sec),Rate,0
09/11/2026 05:56:25,System.Runtime,dotnet.thread_pool.queue.length ({work_item} / 1 sec),Rate,0
09/11/2026 05:56:25,System.Runtime,dotnet.gc.last_collection.memory.committed_size (By),Metric,0
09/11/2026 05:56:25,System.Runtime,dotnet.gc.last_collection.heap.fragmentation.size (By)[gc.heap.generation=gen0],Metric,0
09/11/2026 05:56:25,System.Runtime,dotnet.gc.last_collection.heap.fragmentation.size (By)[gc.heap.generation=gen2],Metric,0
09/11/2026 05:56:25,System.Runtime,dotnet.gc.last_collection.heap.fragmentation.size (By)[gc.heap.generation=loh],Metric,0
09/11/2026 05:56:25,System.Runtime,dotnet.gc.last_collection.heap.fragmentation.size (By)[gc.heap.generation=gen1],Metric,0
09/11/2026 05:56:25,System.Runtime,dotnet.gc.last_collection.heap.fragmentation.size (By)[gc.heap.generation=poh],Metric,0
09/11/2026 05:56:25,System.Runtime,dotnet.timer.count ({timer}),Metric,2
09/11/2026 05:56:25,System.Runtime,dotnet.assembly.count ({assembly}),Metric,61
09/11/2026 05:56:25,System.Runtime,dotnet.gc.heap.total_allocated (By / 1 sec),Rate,131200
09/11/2026 05:56:25,System.Runtime,dotnet.gc.last_collection.heap.size (By)[gc.heap.generation=gen0],Metric,0
09/11/2026 05:56:25,System.Runtime,dotnet.gc.last_collection.heap.size (By)[gc.heap.generation=gen2],Metric,0
09/11/2026 05:56:25,System.Runtime,dotnet.gc.last_collection.heap.size (By)[gc.heap.generation=loh],Metric,0
09/11/2026 05:56:25,System.Runtime,dotnet.gc.last_collection.heap.size (By)[gc.heap.generation=gen1],Metric,0
09/11/2026 05:56:25,System.Runtime,dotnet.gc.last_collection.heap.size (By)[gc.heap.generation=poh],Metric,0
09/11/2026 05:56:25,System.Runtime,dotnet.thread_pool.work_item.count ({work_item} / 1 sec),Rate,601
09/11/2026 05:56:25,System.Runtime,dotnet.process.memory.working_set (By),Metric,115343360
09/11/2026 05:56:25,System.Runtime,dotnet.thread_pool.thread.count ({thread} / 1 sec),Rate,0
09/11/2026 05:56:25,System.Runtime,dotnet.jit.compilation.time (s / 1 sec),Rate,0
09/11/2026 05:56:26,System.Runtime,dotnet.jit.compiled_il.size (By / 1 sec),Rate,0
09/11/2026 05:56:26,System.Runtime,dotnet.jit.compiled_methods ({method} / 1 sec),Rate,0
09/11/2026 05:56:26,System.Runtime,dotnet.monitor.lock_contentions ({contention} / 1 sec),Rate,0
09/11/2026 05:56:26,System.Runtime,dotnet.gc.collections ({collection} / 1 sec)[gc.heap.generation=gen0],Rate,0
09/11/2026 05:56:26,System.Runtime,dotnet.gc.collections ({collection} / 1 sec)[gc.heap.generation=gen2],Rate,0
09/11/2026 05:56:26,System.Runtime,dotnet.gc.collections ({collection} / 1 sec)[gc.heap.generation=gen1],Rate,0
09/11/2026 05:56:26,System.Runtime,dotnet.process.cpu.time (s / 1 sec)[cpu.mode=user],Rate,0.5812629999999928
09/11/2026 05:56:26,System.Runtime,dotnet.process.cpu.time (s / 1 sec)[cpu.mode=system],Rate,0.042151000000000494
09/11/2026 05:56:26,System.Runtime,dotnet.process.cpu.count ({cpu}),Metric,15
09/11/2026 05:56:26,System.Runtime,dotnet.gc.pause.time (s / 1 sec),Rate,0
09/11/2026 05:56:26,System.Runtime,dotnet.thread_pool.queue.length ({work_item} / 1 sec),Rate,0
09/11/2026 05:56:26,System.Runtime,dotnet.gc.last_collection.memory.committed_size (By),Metric,0
09/11/2026 05:56:26,System.Runtime,dotnet.gc.last_collection.heap.fragmentation.size (By)[gc.heap.generation=gen0],Metric,0
09/11/2026 05:56:26,System.Runtime,dotnet.gc.last_collection.heap.fragmentation.size (By)[gc.heap.generation=gen2],Metric,0
09/11/2026 05:56:26,System.Runtime,dotnet.gc.last_collection.heap.fragmentation.size (By)[gc.heap.generation=loh],Metric,0
09/11/2026 05:56:26,System.Runtime,dotnet.gc.last_collection.heap.fragmentation.size (By)[gc.heap.generation=gen1],Metric,0
09/11/2026 05:56:26,System.Runtime,dotnet.gc.last_collection.heap.fragmentation.size (By)[gc.heap.generation=poh],Metric,0
09/11/2026 05:56:26,System.Runtime,dotnet.timer.count ({timer}),Metric,2
09/11/2026 05:56:26,System.Runtime,dotnet.assembly.count ({assembly}),Metric,61
09/11/2026 05:56:26,System.Runtime,dotnet.gc.heap.total_allocated (By / 1 sec),Rate,155784
09/11/2026 05:56:26,System.Runtime,dotnet.gc.last_collection.heap.size (By)[gc.heap.generation=gen0],Metric,0
09/11/2026 05:56:26,System.Runtime,dotnet.gc.last_collection.heap.size (By)[gc.heap.generation=gen2],Metric,0
09/11/2026 05:56:26,System.Runtime,dotnet.gc.last_collection.heap.size (By)[gc.heap.generation=loh],Metric,0
09/11/2026 05:56:26,System.Runtime,dotnet.gc.last_collection.heap.size (By)[gc.heap.generation=gen1],Metric,0
09/11/2026 05:56:26,System.Runtime,dotnet.gc.last_collection.heap.size (By)[gc.heap.generation=poh],Metric,0
09/11/2026 05:56:26,System.Runtime,dotnet.thread_pool.work_item.count ({work_item} / 1 sec),Rate,602
09/11/2026 05:56:26,System.Runtime,dotnet.process.memory.working_set (By),Metric,115490816
09/11/2026 05:56:26,System.Runtime,dotnet.thread_pool.thread.count ({thread} / 1 sec),Rate,0
09/11/2026 05:56:26,System.Runtime,dotnet.jit.compilation.time (s / 1 sec),Rate,0
09/11/2026 05:56:27,System.Runtime,dotnet.jit.compiled_il.size (By / 1 sec),Rate,0
09/11/2026 05:56:27,System.Runtime,dotnet.jit.compiled_methods ({method} / 1 sec),Rate,0
09/11/2026 05:56:27,System.Runtime,dotnet.monitor.lock_contentions ({contention} / 1 sec),Rate,1
09/11/2026 05:56:27,System.Runtime,dotnet.gc.collections ({collection} / 1 sec)[gc.heap.generation=gen0],Rate,0
09/11/2026 05:56:27,System.Runtime,dotnet.gc.collections ({collection} / 1 sec)[gc.heap.generation=gen2],Rate,0
09/11/2026 05:56:27,System.Runtime,dotnet.gc.collections ({collection} / 1 sec)[gc.heap.generation=gen1],Rate,0
09/11/2026 05:56:27,System.Runtime,dotnet.process.cpu.time (s / 1 sec)[cpu.mode=user],Rate,0.5800370000000044
09/11/2026 05:56:27,System.Runtime,dotnet.process.cpu.time (s / 1 sec)[cpu.mode=system],Rate,0.04451899999999931
09/11/2026 05:56:27,System.Runtime,dotnet.process.cpu.count ({cpu}),Metric,15
09/11/2026 05:56:27,System.Runtime,dotnet.gc.pause.time (s / 1 sec),Rate,0
09/11/2026 05:56:27,System.Runtime,dotnet.thread_pool.queue.length ({work_item} / 1 sec),Rate,0
09/11/2026 05:56:27,System.Runtime,dotnet.gc.last_collection.memory.committed_size (By),Metric,0
09/11/2026 05:56:27,System.Runtime,dotnet.gc.last_collection.heap.fragmentation.size (By)[gc.heap.generation=gen0],Metric,0
09/11/2026 05:56:27,System.Runtime,dotnet.gc.last_collection.heap.fragmentation.size (By)[gc.heap.generation=gen2],Metric,0
09/11/2026 05:56:27,System.Runtime,dotnet.gc.last_collection.heap.fragmentation.size (By)[gc.heap.generation=loh],Metric,0
09/11/2026 05:56:27,System.Runtime,dotnet.gc.last_collection.heap.fragmentation.size (By)[gc.heap.generation=gen1],Metric,0
09/11/2026 05:56:27,System.Runtime,dotnet.gc.last_collection.heap.fragmentation.size (By)[gc.heap.generation=poh],Metric,0
09/11/2026 05:56:27,System.Runtime,dotnet.timer.count ({timer}),Metric,2
09/11/2026 05:56:27,System.Runtime,dotnet.assembly.count ({assembly}),Metric,61
09/11/2026 05:56:27,System.Runtime,dotnet.gc.heap.total_allocated (By / 1 sec),Rate,130112
09/11/2026 05:56:27,System.Runtime,dotnet.gc.last_collection.heap.size (By)[gc.heap.generation=gen0],Metric,0
09/11/2026 05:56:27,System.Runtime,dotnet.gc.last_collection.heap.size (By)[gc.heap.generation=gen2],Metric,0
09/11/2026 05:56:27,System.Runtime,dotnet.gc.last_collection.heap.size (By)[gc.heap.generation=loh],Metric,0
09/11/2026 05:56:27,System.Runtime,dotnet.gc.last_collection.heap.size (By)[gc.heap.generation=gen1],Metric,0
09/11/2026 05:56:27,System.Runtime,dotnet.gc.last_collection.heap.size (By)[gc.heap.generation=poh],Metric,0
09/11/2026 05:56:27,System.Runtime,dotnet.thread_pool.work_item.count ({work_item} / 1 sec),Rate,601
09/11/2026 05:56:27,System.Runtime,dotnet.process.memory.working_set (By),Metric,115671040
09/11/2026 05:56:27,System.Runtime,dotnet.thread_pool.thread.count ({thread} / 1 sec),Rate,0
09/11/2026 05:56:27,System.Runtime,dotnet.jit.compilation.time (s / 1 sec),Rate,0
09/11/2026 05:56:28,System.Runtime,dotnet.jit.compiled_il.size (By / 1 sec),Rate,0
09/11/2026 05:56:28,System.Runtime,dotnet.jit.compiled_methods ({method} / 1 sec),Rate,0
09/11/2026 05:56:28,System.Runtime,dotnet.monitor.lock_contentions ({contention} / 1 sec),Rate,0
09/11/2026 05:56:28,System.Runtime,dotnet.gc.collections ({collection} / 1 sec)[gc.heap.generation=gen0],Rate,0
09/11/2026 05:56:28,System.Runtime,dotnet.gc.collections ({collection} / 1 sec)[gc.heap.generation=gen2],Rate,0
09/11/2026 05:56:28,System.Runtime,dotnet.gc.collections ({collection} / 1 sec)[gc.heap.generation=gen1],Rate,0
09/11/2026 05:56:28,System.Runtime,dotnet.process.cpu.time (s / 1 sec)[cpu.mode=user],Rate,0.5808559999999972
09/11/2026 05:56:28,System.Runtime,dotnet.process.cpu.time (s / 1 sec)[cpu.mode=system],Rate,0.043885000000001284
09/11/2026 05:56:28,System.Runtime,dotnet.process.cpu.count ({cpu}),Metric,15
09/11/2026 05:56:28,System.Runtime,dotnet.gc.pause.time (s / 1 sec),Rate,0
09/11/2026 05:56:28,System.Runtime,dotnet.thread_pool.queue.length ({work_item} / 1 sec),Rate,0
09/11/2026 05:56:28,System.Runtime,dotnet.gc.last_collection.memory.committed_size (By),Metric,0
09/11/2026 05:56:28,System.Runtime,dotnet.gc.last_collection.heap.fragmentation.size (By)[gc.heap.generation=gen0],Metric,0
09/11/2026 05:56:28,System.Runtime,dotnet.gc.last_collection.heap.fragmentation.size (By)[gc.heap.generation=gen2],Metric,0
09/11/2026 05:56:28,System.Runtime,dotnet.gc.last_collection.heap.fragmentation.size (By)[gc.heap.generation=loh],Metric,0
09/11/2026 05:56:28,System.Runtime,dotnet.gc.last_collection.heap.fragmentation.size (By)[gc.heap.generation=gen1],Metric,0
09/11/2026 05:56:28,System.Runtime,dotnet.gc.last_collection.heap.fragmentation.size (By)[gc.heap.generation=poh],Metric,0
09/11/2026 05:56:28,System.Runtime,dotnet.timer.count ({timer}),Metric,2
09/11/2026 05:56:28,System.Runtime,dotnet.assembly.count ({assembly}),Metric,61
09/11/2026 05:56:28,System.Runtime,dotnet.gc.heap.total_allocated (By / 1 sec),Rate,138376
09/11/2026 05:56:28,System.Runtime,dotnet.gc.last_collection.heap.size (By)[gc.heap.generation=gen0],Metric,0
09/11/2026 05:56:28,System.Runtime,dotnet.gc.last_collection.heap.size (By)[gc.heap.generation=gen2],Metric,0
09/11/2026 05:56:28,System.Runtime,dotnet.gc.last_collection.heap.size (By)[gc.heap.generation=loh],Metric,0
09/11/2026 05:56:28,System.Runtime,dotnet.gc.last_collection.heap.size (By)[gc.heap.generation=gen1],Metric,0
09/11/2026 05:56:28,System.Runtime,dotnet.gc.last_collection.heap.size (By)[gc.heap.generation=poh],Metric,0
09/11/2026 05:56:28,System.Runtime,dotnet.thread_pool.work_item.count ({work_item} / 1 sec),Rate,601
09/11/2026 05:56:28,System.Runtime,dotnet.process.memory.working_set (By),Metric,115834880
09/11/2026 05:56:28,System.Runtime,dotnet.thread_pool.thread.count ({thread} / 1 sec),Rate,0
09/11/2026 05:56:28,System.Runtime,dotnet.jit.compilation.time (s / 1 sec),Rate,0
09/11/2026 05:56:29,System.Runtime,dotnet.jit.compiled_il.size (By / 1 sec),Rate,0
09/11/2026 05:56:29,System.Runtime,dotnet.jit.compiled_methods ({method} / 1 sec),Rate,0
09/11/2026 05:56:29,System.Runtime,dotnet.monitor.lock_contentions ({contention} / 1 sec),Rate,0
09/11/2026 05:56:29,System.Runtime,dotnet.gc.collections ({collection} / 1 sec)[gc.heap.generation=gen0],Rate,0
09/11/2026 05:56:29,System.Runtime,dotnet.gc.collections ({collection} / 1 sec)[gc.heap.generation=gen2],Rate,0
09/11/2026 05:56:29,System.Runtime,dotnet.gc.collections ({collection} / 1 sec)[gc.heap.generation=gen1],Rate,0
09/11/2026 05:56:29,System.Runtime,dotnet.process.cpu.time (s / 1 sec)[cpu.mode=user],Rate,0.5738979999999998
09/11/2026 05:56:29,System.Runtime,dotnet.process.cpu.time (s / 1 sec)[cpu.mode=system],Rate,0.03943099999999866
09/11/2026 05:56:29,System.Runtime,dotnet.process.cpu.count ({cpu}),Metric,15
09/11/2026 05:56:29,System.Runtime,dotnet.gc.pause.time (s / 1 sec),Rate,0
09/11/2026 05:56:29,System.Runtime,dotnet.thread_pool.queue.length ({work_item} / 1 sec),Rate,0
09/11/2026 05:56:29,System.Runtime,dotnet.gc.last_collection.memory.committed_size (By),Metric,0
09/11/2026 05:56:29,System.Runtime,dotnet.gc.last_collection.heap.fragmentation.size (By)[gc.heap.generation=gen0],Metric,0
09/11/2026 05:56:29,System.Runtime,dotnet.gc.last_collection.heap.fragmentation.size (By)[gc.heap.generation=gen2],Metric,0
09/11/2026 05:56:29,System.Runtime,dotnet.gc.last_collection.heap.fragmentation.size (By)[gc.heap.generation=loh],Metric,0
09/11/2026 05:56:29,System.Runtime,dotnet.gc.last_collection.heap.fragmentation.size (By)[gc.heap.generation=gen1],Metric,0
09/11/2026 05:56:29,System.Runtime,dotnet.gc.last_collection.heap.fragmentation.size (By)[gc.heap.generation=poh],Metric,0
09/11/2026 05:56:29,System.Runtime,dotnet.timer.count ({timer}),Metric,2
09/11/2026 05:56:29,System.Runtime,dotnet.assembly.count ({assembly}),Metric,61
09/11/2026 05:56:29,System.Runtime,dotnet.gc.heap.total_allocated (By / 1 sec),Rate,138376
09/11/2026 05:56:29,System.Runtime,dotnet.gc.last_collection.heap.size (By)[gc.heap.generation=gen0],Metric,0
09/11/2026 05:56:29,System.Runtime,dotnet.gc.last_collection.heap.size (By)[gc.heap.generation=gen2],Metric,0
09/11/2026 05:56:29,System.Runtime,dotnet.gc.last_collection.heap.size (By)[gc.heap.generation=loh],Metric,0
09/11/2026 05:56:29,System.Runtime,dotnet.gc.last_collection.heap.size (By)[gc.heap.generation=gen1],Metric,0
09/11/2026 05:56:29,System.Runtime,dotnet.gc.last_collection.heap.size (By)[gc.heap.generation=poh],Metric,0
09/11/2026 05:56:29,System.Runtime,dotnet.thread_pool.work_item.count ({work_item} / 1 sec),Rate,601
09/11/2026 05:56:29,System.Runtime,dotnet.process.memory.working_set (By),Metric,115998720
09/11/2026 05:56:29,System.Runtime,dotnet.thread_pool.thread.count ({thread} / 1 sec),Rate,0
09/11/2026 05:56:29,System.Runtime,dotnet.jit.compilation.time (s / 1 sec),Rate,0
09/11/2026 05:56:30,System.Runtime,dotnet.jit.compiled_il.size (By / 1 sec),Rate,0
09/11/2026 05:56:30,System.Runtime,dotnet.jit.compiled_methods ({method} / 1 sec),Rate,0
09/11/2026 05:56:30,System.Runtime,dotnet.monitor.lock_contentions ({contention} / 1 sec),Rate,0
09/11/2026 05:56:30,System.Runtime,dotnet.gc.collections ({collection} / 1 sec)[gc.heap.generation=gen0],Rate,0
09/11/2026 05:56:30,System.Runtime,dotnet.gc.collections ({collection} / 1 sec)[gc.heap.generation=gen2],Rate,0
09/11/2026 05:56:30,System.Runtime,dotnet.gc.collections ({collection} / 1 sec)[gc.heap.generation=gen1],Rate,0
09/11/2026 05:56:30,System.Runtime,dotnet.process.cpu.time (s / 1 sec)[cpu.mode=user],Rate,0.5799460000000067
09/11/2026 05:56:30,System.Runtime,dotnet.process.cpu.time (s / 1 sec)[cpu.mode=system],Rate,0.044052000000000646
09/11/2026 05:56:30,System.Runtime,dotnet.process.cpu.count ({cpu}),Metric,15
09/11/2026 05:56:30,System.Runtime,dotnet.gc.pause.time (s / 1 sec),Rate,0
09/11/2026 05:56:30,System.Runtime,dotnet.thread_pool.queue.length ({work_item} / 1 sec),Rate,0
09/11/2026 05:56:30,System.Runtime,dotnet.gc.last_collection.memory.committed_size (By),Metric,0
09/11/2026 05:56:30,System.Runtime,dotnet.gc.last_collection.heap.fragmentation.size (By)[gc.heap.generation=gen0],Metric,0
09/11/2026 05:56:30,System.Runtime,dotnet.gc.last_collection.heap.fragmentation.size (By)[gc.heap.generation=gen2],Metric,0
09/11/2026 05:56:30,System.Runtime,dotnet.gc.last_collection.heap.fragmentation.size (By)[gc.heap.generation=loh],Metric,0
09/11/2026 05:56:30,System.Runtime,dotnet.gc.last_collection.heap.fragmentation.size (By)[gc.heap.generation=gen1],Metric,0
09/11/2026 05:56:30,System.Runtime,dotnet.gc.last_collection.heap.fragmentation.size (By)[gc.heap.generation=poh],Metric,0
09/11/2026 05:56:30,System.Runtime,dotnet.timer.count ({timer}),Metric,2
09/11/2026 05:56:30,System.Runtime,dotnet.assembly.count ({assembly}),Metric,61
09/11/2026 05:56:30,System.Runtime,dotnet.gc.heap.total_allocated (By / 1 sec),Rate,139400
09/11/2026 05:56:30,System.Runtime,dotnet.gc.last_collection.heap.size (By)[gc.heap.generation=gen0],Metric,0
09/11/2026 05:56:30,System.Runtime,dotnet.gc.last_collection.heap.size (By)[gc.heap.generation=gen2],Metric,0
09/11/2026 05:56:30,System.Runtime,dotnet.gc.last_collection.heap.size (By)[gc.heap.generation=loh],Metric,0
09/11/2026 05:56:30,System.Runtime,dotnet.gc.last_collection.heap.size (By)[gc.heap.generation=gen1],Metric,0
09/11/2026 05:56:30,System.Runtime,dotnet.gc.last_collection.heap.size (By)[gc.heap.generation=poh],Metric,0
09/11/2026 05:56:30,System.Runtime,dotnet.thread_pool.work_item.count ({work_item} / 1 sec),Rate,601
09/11/2026 05:56:30,System.Runtime,dotnet.process.memory.working_set (By),Metric,116162560
09/11/2026 05:56:30,System.Runtime,dotnet.thread_pool.thread.count ({thread} / 1 sec),Rate,0
09/11/2026 05:56:30,System.Runtime,dotnet.jit.compilation.time (s / 1 sec),Rate,0
09/11/2026 05:56:31,System.Runtime,dotnet.jit.compiled_il.size (By / 1 sec),Rate,0
09/11/2026 05:56:31,System.Runtime,dotnet.jit.compiled_methods ({method} / 1 sec),Rate,0
09/11/2026 05:56:31,System.Runtime,dotnet.monitor.lock_contentions ({contention} / 1 sec),Rate,0
09/11/2026 05:56:31,System.Runtime,dotnet.gc.collections ({collection} / 1 sec)[gc.heap.generation=gen0],Rate,0
09/11/2026 05:56:31,System.Runtime,dotnet.gc.collections ({collection} / 1 sec)[gc.heap.generation=gen2],Rate,0
09/11/2026 05:56:31,System.Runtime,dotnet.gc.collections ({collection} / 1 sec)[gc.heap.generation=gen1],Rate,0
09/11/2026 05:56:31,System.Runtime,dotnet.process.cpu.time (s / 1 sec)[cpu.mode=user],Rate,0.5826660000000032
09/11/2026 05:56:31,System.Runtime,dotnet.process.cpu.time (s / 1 sec)[cpu.mode=system],Rate,0.04506500000000102
09/11/2026 05:56:31,System.Runtime,dotnet.process.cpu.count ({cpu}),Metric,15
09/11/2026 05:56:31,System.Runtime,dotnet.gc.pause.time (s / 1 sec),Rate,0
09/11/2026 05:56:31,System.Runtime,dotnet.thread_pool.queue.length ({work_item} / 1 sec),Rate,0
09/11/2026 05:56:31,System.Runtime,dotnet.gc.last_collection.memory.committed_size (By),Metric,0
09/11/2026 05:56:31,System.Runtime,dotnet.gc.last_collection.heap.fragmentation.size (By)[gc.heap.generation=gen0],Metric,0
09/11/2026 05:56:31,System.Runtime,dotnet.gc.last_collection.heap.fragmentation.size (By)[gc.heap.generation=gen2],Metric,0
09/11/2026 05:56:31,System.Runtime,dotnet.gc.last_collection.heap.fragmentation.size (By)[gc.heap.generation=loh],Metric,0
09/11/2026 05:56:31,System.Runtime,dotnet.gc.last_collection.heap.fragmentation.size (By)[gc.heap.generation=gen1],Metric,0
09/11/2026 05:56:31,System.Runtime,dotnet.gc.last_collection.heap.fragmentation.size (By)[gc.heap.generation=poh],Metric,0
09/11/2026 05:56:31,System.Runtime,dotnet.timer.count ({timer}),Metric,2
09/11/2026 05:56:31,System.Runtime,dotnet.assembly.count ({assembly}),Metric,61
09/11/2026 05:56:31,System.Runtime,dotnet.gc.heap.total_allocated (By / 1 sec),Rate,139360
09/11/2026 05:56:31,System.Runtime,dotnet.gc.last_collection.heap.size (By)[gc.heap.generation=gen0],Metric,0
09/11/2026 05:56:31,System.Runtime,dotnet.gc.last_collection.heap.size (By)[gc.heap.generation=gen2],Metric,0
09/11/2026 05:56:31,System.Runtime,dotnet.gc.last_collection.heap.size (By)[gc.heap.generation=loh],Metric,0
09/11/2026 05:56:31,System.Runtime,dotnet.gc.last_collection.heap.size (By)[gc.heap.generation=gen1],Metric,0
09/11/2026 05:56:31,System.Runtime,dotnet.gc.last_collection.heap.size (By)[gc.heap.generation=poh],Metric,0
09/11/2026 05:56:31,System.Runtime,dotnet.thread_pool.work_item.count ({work_item} / 1 sec),Rate,602
09/11/2026 05:56:31,System.Runtime,dotnet.process.memory.working_set (By),Metric,116310016
09/11/2026 05:56:31,System.Runtime,dotnet.thread_pool.thread.count ({thread} / 1 sec),Rate,0
09/11/2026 05:56:31,System.Runtime,dotnet.jit.compilation.time (s / 1 sec),Rate,0
09/11/2026 05:56:32,System.Runtime,dotnet.jit.compiled_il.size (By / 1 sec),Rate,0
09/11/2026 05:56:32,System.Runtime,dotnet.jit.compiled_methods ({method} / 1 sec),Rate,0
09/11/2026 05:56:32,System.Runtime,dotnet.monitor.lock_contentions ({contention} / 1 sec),Rate,0
09/11/2026 05:56:32,System.Runtime,dotnet.gc.collections ({collection} / 1 sec)[gc.heap.generation=gen0],Rate,0
09/11/2026 05:56:32,System.Runtime,dotnet.gc.collections ({collection} / 1 sec)[gc.heap.generation=gen2],Rate,0
09/11/2026 05:56:32,System.Runtime,dotnet.gc.collections ({collection} / 1 sec)[gc.heap.generation=gen1],Rate,0
09/11/2026 05:56:32,System.Runtime,dotnet.process.cpu.time (s / 1 sec)[cpu.mode=user],Rate,0.5802279999999911
09/11/2026 05:56:32,System.Runtime,dotnet.process.cpu.time (s / 1 sec)[cpu.mode=system],Rate,0.04622099999999918
09/11/2026 05:56:32,System.Runtime,dotnet.process.cpu.count ({cpu}),Metric,15
09/11/2026 05:56:32,System.Runtime,dotnet.gc.pause.time (s / 1 sec),Rate,0
09/11/2026 05:56:32,System.Runtime,dotnet.thread_pool.queue.length ({work_item} / 1 sec),Rate,0
09/11/2026 05:56:32,System.Runtime,dotnet.gc.last_collection.memory.committed_size (By),Metric,0
09/11/2026 05:56:32,System.Runtime,dotnet.gc.last_collection.heap.fragmentation.size (By)[gc.heap.generation=gen0],Metric,0
09/11/2026 05:56:32,System.Runtime,dotnet.gc.last_collection.heap.fragmentation.size (By)[gc.heap.generation=gen2],Metric,0
09/11/2026 05:56:32,System.Runtime,dotnet.gc.last_collection.heap.fragmentation.size (By)[gc.heap.generation=loh],Metric,0
09/11/2026 05:56:32,System.Runtime,dotnet.gc.last_collection.heap.fragmentation.size (By)[gc.heap.generation=gen1],Metric,0
09/11/2026 05:56:32,System.Runtime,dotnet.gc.last_collection.heap.fragmentation.size (By)[gc.heap.generation=poh],Metric,0
09/11/2026 05:56:32,System.Runtime,dotnet.timer.count ({timer}),Metric,2
09/11/2026 05:56:32,System.Runtime,dotnet.assembly.count ({assembly}),Metric,61
09/11/2026 05:56:32,System.Runtime,dotnet.gc.heap.total_allocated (By / 1 sec),Rate,131200
09/11/2026 05:56:32,System.Runtime,dotnet.gc.last_collection.heap.size (By)[gc.heap.generation=gen0],Metric,0
09/11/2026 05:56:32,System.Runtime,dotnet.gc.last_collection.heap.size (By)[gc.heap.generation=gen2],Metric,0
09/11/2026 05:56:32,System.Runtime,dotnet.gc.last_collection.heap.size (By)[gc.heap.generation=loh],Metric,0
09/11/2026 05:56:32,System.Runtime,dotnet.gc.last_collection.heap.size (By)[gc.heap.generation=gen1],Metric,0
09/11/2026 05:56:32,System.Runtime,dotnet.gc.last_collection.heap.size (By)[gc.heap.generation=poh],Metric,0
09/11/2026 05:56:32,System.Runtime,dotnet.thread_pool.work_item.count ({work_item} / 1 sec),Rate,601
09/11/2026 05:56:32,System.Runtime,dotnet.process.memory.working_set (By),Metric,116457472
09/11/2026 05:56:32,System.Runtime,dotnet.thread_pool.thread.count ({thread} / 1 sec),Rate,0
09/11/2026 05:56:32,System.Runtime,dotnet.jit.compilation.time (s / 1 sec),Rate,0
09/11/2026 05:56:33,System.Runtime,dotnet.jit.compiled_il.size (By / 1 sec),Rate,0
09/11/2026 05:56:33,System.Runtime,dotnet.jit.compiled_methods ({method} / 1 sec),Rate,0
09/11/2026 05:56:33,System.Runtime,dotnet.monitor.lock_contentions ({contention} / 1 sec),Rate,0
09/11/2026 05:56:33,System.Runtime,dotnet.gc.collections ({collection} / 1 sec)[gc.heap.generation=gen0],Rate,0
09/11/2026 05:56:33,System.Runtime,dotnet.gc.collections ({collection} / 1 sec)[gc.heap.generation=gen2],Rate,0
09/11/2026 05:56:33,System.Runtime,dotnet.gc.collections ({collection} / 1 sec)[gc.heap.generation=gen1],Rate,0
09/11/2026 05:56:33,System.Runtime,dotnet.process.cpu.time (s / 1 sec)[cpu.mode=user],Rate,0.5796250000000072
09/11/2026 05:56:33,System.Runtime,dotnet.process.cpu.time (s / 1 sec)[cpu.mode=system],Rate,0.040723999999999094
09/11/2026 05:56:33,System.Runtime,dotnet.process.cpu.count ({cpu}),Metric,15
09/11/2026 05:56:33,System.Runtime,dotnet.gc.pause.time (s / 1 sec),Rate,0
09/11/2026 05:56:33,System.Runtime,dotnet.thread_pool.queue.length ({work_item} / 1 sec),Rate,0
09/11/2026 05:56:33,System.Runtime,dotnet.gc.last_collection.memory.committed_size (By),Metric,0
09/11/2026 05:56:33,System.Runtime,dotnet.gc.last_collection.heap.fragmentation.size (By)[gc.heap.generation=gen0],Metric,0
09/11/2026 05:56:33,System.Runtime,dotnet.gc.last_collection.heap.fragmentation.size (By)[gc.heap.generation=gen2],Metric,0
09/11/2026 05:56:33,System.Runtime,dotnet.gc.last_collection.heap.fragmentation.size (By)[gc.heap.generation=loh],Metric,0
09/11/2026 05:56:33,System.Runtime,dotnet.gc.last_collection.heap.fragmentation.size (By)[gc.heap.generation=gen1],Metric,0
09/11/2026 05:56:33,System.Runtime,dotnet.gc.last_collection.heap.fragmentation.size (By)[gc.heap.generation=poh],Metric,0
09/11/2026 05:56:33,System.Runtime,dotnet.timer.count ({timer}),Metric,2
09/11/2026 05:56:33,System.Runtime,dotnet.assembly.count ({assembly}),Metric,61
09/11/2026 05:56:33,System.Runtime,dotnet.gc.heap.total_allocated (By / 1 sec),Rate,146576
09/11/2026 05:56:33,System.Runtime,dotnet.gc.last_collection.heap.size (By)[gc.heap.generation=gen0],Metric,0
09/11/2026 05:56:33,System.Runtime,dotnet.gc.last_collection.heap.size (By)[gc.heap.generation=gen2],Metric,0
09/11/2026 05:56:33,System.Runtime,dotnet.gc.last_collection.heap.size (By)[gc.heap.generation=loh],Metric,0
09/11/2026 05:56:33,System.Runtime,dotnet.gc.last_collection.heap.size (By)[gc.heap.generation=gen1],Metric,0
09/11/2026 05:56:33,System.Runtime,dotnet.gc.last_collection.heap.size (By)[gc.heap.generation=poh],Metric,0
09/11/2026 05:56:33,System.Runtime,dotnet.thread_pool.work_item.count ({work_item} / 1 sec),Rate,601
09/11/2026 05:56:33,System.Runtime,dotnet.process.memory.working_set (By),Metric,116621312
09/11/2026 05:56:33,System.Runtime,dotnet.thread_pool.thread.count ({thread} / 1 sec),Rate,0
09/11/2026 05:56:33,System.Runtime,dotnet.jit.compilation.time (s / 1 sec),Rate,0
09/11/2026 05:56:34,System.Runtime,dotnet.jit.compiled_il.size (By / 1 sec),Rate,0
09/11/2026 05:56:34,System.Runtime,dotnet.jit.compiled_methods ({method} / 1 sec),Rate,0
09/11/2026 05:56:34,System.Runtime,dotnet.monitor.lock_contentions ({contention} / 1 sec),Rate,0
09/11/2026 05:56:34,System.Runtime,dotnet.gc.collections ({collection} / 1 sec)[gc.heap.generation=gen0],Rate,0
09/11/2026 05:56:34,System.Runtime,dotnet.gc.collections ({collection} / 1 sec)[gc.heap.generation=gen2],Rate,0
09/11/2026 05:56:34,System.Runtime,dotnet.gc.collections ({collection} / 1 sec)[gc.heap.generation=gen1],Rate,0
09/11/2026 05:56:34,System.Runtime,dotnet.process.cpu.time (s / 1 sec)[cpu.mode=user],Rate,0.5813789999999983
09/11/2026 05:56:34,System.Runtime,dotnet.process.cpu.time (s / 1 sec)[cpu.mode=system],Rate,0.04085600000000156
09/11/2026 05:56:34,System.Runtime,dotnet.process.cpu.count ({cpu}),Metric,15
09/11/2026 05:56:34,System.Runtime,dotnet.gc.pause.time (s / 1 sec),Rate,0
09/11/2026 05:56:34,System.Runtime,dotnet.thread_pool.queue.length ({work_item} / 1 sec),Rate,0
09/11/2026 05:56:34,System.Runtime,dotnet.gc.last_collection.memory.committed_size (By),Metric,0
09/11/2026 05:56:34,System.Runtime,dotnet.gc.last_collection.heap.fragmentation.size (By)[gc.heap.generation=gen0],Metric,0
09/11/2026 05:56:34,System.Runtime,dotnet.gc.last_collection.heap.fragmentation.size (By)[gc.heap.generation=gen2],Metric,0
09/11/2026 05:56:34,System.Runtime,dotnet.gc.last_collection.heap.fragmentation.size (By)[gc.heap.generation=loh],Metric,0
09/11/2026 05:56:34,System.Runtime,dotnet.gc.last_collection.heap.fragmentation.size (By)[gc.heap.generation=gen1],Metric,0
09/11/2026 05:56:34,System.Runtime,dotnet.gc.last_collection.heap.fragmentation.size (By)[gc.heap.generation=poh],Metric,0
09/11/2026 05:56:34,System.Runtime,dotnet.timer.count ({timer}),Metric,2
09/11/2026 05:56:34,System.Runtime,dotnet.assembly.count ({assembly}),Metric,61
09/11/2026 05:56:34,System.Runtime,dotnet.gc.heap.total_allocated (By / 1 sec),Rate,123000
09/11/2026 05:56:34,System.Runtime,dotnet.gc.last_collection.heap.size (By)[gc.heap.generation=gen0],Metric,0
09/11/2026 05:56:34,System.Runtime,dotnet.gc.last_collection.heap.size (By)[gc.heap.generation=gen2],Metric,0
09/11/2026 05:56:34,System.Runtime,dotnet.gc.last_collection.heap.size (By)[gc.heap.generation=loh],Metric,0
09/11/2026 05:56:34,System.Runtime,dotnet.gc.last_collection.heap.size (By)[gc.heap.generation=gen1],Metric,0
09/11/2026 05:56:34,System.Runtime,dotnet.gc.last_collection.heap.size (By)[gc.heap.generation=poh],Metric,0
09/11/2026 05:56:34,System.Runtime,dotnet.thread_pool.work_item.count ({work_item} / 1 sec),Rate,601
09/11/2026 05:56:34,System.Runtime,dotnet.process.memory.working_set (By),Metric,116752384
09/11/2026 05:56:34,System.Runtime,dotnet.thread_pool.thread.count ({thread} / 1 sec),Rate,0
09/11/2026 05:56:34,System.Runtime,dotnet.jit.compilation.time (s / 1 sec),Rate,0
09/11/2026 05:56:35,System.Runtime,dotnet.jit.compiled_il.size (By / 1 sec),Rate,0
09/11/2026 05:56:35,System.Runtime,dotnet.jit.compiled_methods ({method} / 1 sec),Rate,0
09/11/2026 05:56:35,System.Runtime,dotnet.monitor.lock_contentions ({contention} / 1 sec),Rate,0
09/11/2026 05:56:35,System.Runtime,dotnet.gc.collections ({collection} / 1 sec)[gc.heap.generation=gen0],Rate,0
09/11/2026 05:56:35,System.Runtime,dotnet.gc.collections ({collection} / 1 sec)[gc.heap.generation=gen2],Rate,0
09/11/2026 05:56:35,System.Runtime,dotnet.gc.collections ({collection} / 1 sec)[gc.heap.generation=gen1],Rate,0
09/11/2026 05:56:35,System.Runtime,dotnet.process.cpu.time (s / 1 sec)[cpu.mode=user],Rate,0.5751889999999946
09/11/2026 05:56:35,System.Runtime,dotnet.process.cpu.time (s / 1 sec)[cpu.mode=system],Rate,0.044585999999998904
09/11/2026 05:56:35,System.Runtime,dotnet.process.cpu.count ({cpu}),Metric,15
09/11/2026 05:56:35,System.Runtime,dotnet.gc.pause.time (s / 1 sec),Rate,0
09/11/2026 05:56:35,System.Runtime,dotnet.thread_pool.queue.length ({work_item} / 1 sec),Rate,0
09/11/2026 05:56:35,System.Runtime,dotnet.gc.last_collection.memory.committed_size (By),Metric,0
09/11/2026 05:56:35,System.Runtime,dotnet.gc.last_collection.heap.fragmentation.size (By)[gc.heap.generation=gen0],Metric,0
09/11/2026 05:56:35,System.Runtime,dotnet.gc.last_collection.heap.fragmentation.size (By)[gc.heap.generation=gen2],Metric,0
09/11/2026 05:56:35,System.Runtime,dotnet.gc.last_collection.heap.fragmentation.size (By)[gc.heap.generation=loh],Metric,0
09/11/2026 05:56:35,System.Runtime,dotnet.gc.last_collection.heap.fragmentation.size (By)[gc.heap.generation=gen1],Metric,0
09/11/2026 05:56:35,System.Runtime,dotnet.gc.last_collection.heap.fragmentation.size (By)[gc.heap.generation=poh],Metric,0
09/11/2026 05:56:35,System.Runtime,dotnet.timer.count ({timer}),Metric,2
09/11/2026 05:56:35,System.Runtime,dotnet.assembly.count ({assembly}),Metric,61
09/11/2026 05:56:35,System.Runtime,dotnet.gc.heap.total_allocated (By / 1 sec),Rate,130072
09/11/2026 05:56:35,System.Runtime,dotnet.gc.last_collection.heap.size (By)[gc.heap.generation=gen0],Metric,0
09/11/2026 05:56:35,System.Runtime,dotnet.gc.last_collection.heap.size (By)[gc.heap.generation=gen2],Metric,0
09/11/2026 05:56:35,System.Runtime,dotnet.gc.last_collection.heap.size (By)[gc.heap.generation=loh],Metric,0
09/11/2026 05:56:35,System.Runtime,dotnet.gc.last_collection.heap.size (By)[gc.heap.generation=gen1],Metric,0
09/11/2026 05:56:35,System.Runtime,dotnet.gc.last_collection.heap.size (By)[gc.heap.generation=poh],Metric,0
09/11/2026 05:56:35,System.Runtime,dotnet.thread_pool.work_item.count ({work_item} / 1 sec),Rate,601
09/11/2026 05:56:35,System.Runtime,dotnet.process.memory.working_set (By),Metric,116883456
09/11/2026 05:56:35,System.Runtime,dotnet.thread_pool.thread.count ({thread} / 1 sec),Rate,0
09/11/2026 05:56:35,System.Runtime,dotnet.jit.compilation.time (s / 1 sec),Rate,0
09/11/2026 05:56:36,System.Runtime,dotnet.jit.compiled_il.size (By / 1 sec),Rate,0
09/11/2026 05:56:36,System.Runtime,dotnet.jit.compiled_methods ({method} / 1 sec),Rate,0
09/11/2026 05:56:36,System.Runtime,dotnet.monitor.lock_contentions ({contention} / 1 sec),Rate,0
09/11/2026 05:56:36,System.Runtime,dotnet.gc.collections ({collection} / 1 sec)[gc.heap.generation=gen0],Rate,0
09/11/2026 05:56:36,System.Runtime,dotnet.gc.collections ({collection} / 1 sec)[gc.heap.generation=gen2],Rate,0
09/11/2026 05:56:36,System.Runtime,dotnet.gc.collections ({collection} / 1 sec)[gc.heap.generation=gen1],Rate,0
09/11/2026 05:56:36,System.Runtime,dotnet.process.cpu.time (s / 1 sec)[cpu.mode=user],Rate,0.5759280000000047
09/11/2026 05:56:36,System.Runtime,dotnet.process.cpu.time (s / 1 sec)[cpu.mode=system],Rate,0.04658000000000051
09/11/2026 05:56:36,System.Runtime,dotnet.process.cpu.count ({cpu}),Metric,15
09/11/2026 05:56:36,System.Runtime,dotnet.gc.pause.time (s / 1 sec),Rate,0
09/11/2026 05:56:36,System.Runtime,dotnet.thread_pool.queue.length ({work_item} / 1 sec),Rate,0
09/11/2026 05:56:36,System.Runtime,dotnet.gc.last_collection.memory.committed_size (By),Metric,0
09/11/2026 05:56:36,System.Runtime,dotnet.gc.last_collection.heap.fragmentation.size (By)[gc.heap.generation=gen0],Metric,0
09/11/2026 05:56:36,System.Runtime,dotnet.gc.last_collection.heap.fragmentation.size (By)[gc.heap.generation=gen2],Metric,0
09/11/2026 05:56:36,System.Runtime,dotnet.gc.last_collection.heap.fragmentation.size (By)[gc.heap.generation=loh],Metric,0
09/11/2026 05:56:36,System.Runtime,dotnet.gc.last_collection.heap.fragmentation.size (By)[gc.heap.generation=gen1],Metric,0
09/11/2026 05:56:36,System.Runtime,dotnet.gc.last_collection.heap.fragmentation.size (By)[gc.heap.generation=poh],Metric,0
09/11/2026 05:56:36,System.Runtime,dotnet.timer.count ({timer}),Metric,2
09/11/2026 05:56:36,System.Runtime,dotnet.assembly.count ({assembly}),Metric,61
09/11/2026 05:56:36,System.Runtime,dotnet.gc.heap.total_allocated (By / 1 sec),Rate,152008
09/11/2026 05:56:36,System.Runtime,dotnet.gc.last_collection.heap.size (By)[gc.heap.generation=gen0],Metric,0
09/11/2026 05:56:36,System.Runtime,dotnet.gc.last_collection.heap.size (By)[gc.heap.generation=gen2],Metric,0
09/11/2026 05:56:36,System.Runtime,dotnet.gc.last_collection.heap.size (By)[gc.heap.generation=loh],Metric,0
09/11/2026 05:56:36,System.Runtime,dotnet.gc.last_collection.heap.size (By)[gc.heap.generation=gen1],Metric,0
09/11/2026 05:56:36,System.Runtime,dotnet.gc.last_collection.heap.size (By)[gc.heap.generation=poh],Metric,0
09/11/2026 05:56:36,System.Runtime,dotnet.thread_pool.work_item.count ({work_item} / 1 sec),Rate,602
09/11/2026 05:56:36,System.Runtime,dotnet.process.memory.working_set (By),Metric,117047296
09/11/2026 05:56:36,System.Runtime,dotnet.thread_pool.thread.count ({thread} / 1 sec),Rate,-1
09/11/2026 05:56:36,System.Runtime,dotnet.jit.compilation.time (s / 1 sec),Rate,0
09/11/2026 05:56:37,System.Runtime,dotnet.jit.compiled_il.size (By / 1 sec),Rate,81
09/11/2026 05:56:37,System.Runtime,dotnet.jit.compiled_methods ({method} / 1 sec),Rate,1
09/11/2026 05:56:37,System.Runtime,dotnet.monitor.lock_contentions ({contention} / 1 sec),Rate,0
09/11/2026 05:56:37,System.Runtime,dotnet.gc.collections ({collection} / 1 sec)[gc.heap.generation=gen0],Rate,0
09/11/2026 05:56:37,System.Runtime,dotnet.gc.collections ({collection} / 1 sec)[gc.heap.generation=gen2],Rate,0
09/11/2026 05:56:37,System.Runtime,dotnet.gc.collections ({collection} / 1 sec)[gc.heap.generation=gen1],Rate,0
09/11/2026 05:56:37,System.Runtime,dotnet.process.cpu.time (s / 1 sec)[cpu.mode=user],Rate,0.5707809999999967
09/11/2026 05:56:37,System.Runtime,dotnet.process.cpu.time (s / 1 sec)[cpu.mode=system],Rate,0.045555000000000234
09/11/2026 05:56:37,System.Runtime,dotnet.process.cpu.count ({cpu}),Metric,15
09/11/2026 05:56:37,System.Runtime,dotnet.gc.pause.time (s / 1 sec),Rate,0
09/11/2026 05:56:37,System.Runtime,dotnet.thread_pool.queue.length ({work_item} / 1 sec),Rate,0
09/11/2026 05:56:37,System.Runtime,dotnet.gc.last_collection.memory.committed_size (By),Metric,0
09/11/2026 05:56:37,System.Runtime,dotnet.gc.last_collection.heap.fragmentation.size (By)[gc.heap.generation=gen0],Metric,0
09/11/2026 05:56:37,System.Runtime,dotnet.gc.last_collection.heap.fragmentation.size (By)[gc.heap.generation=gen2],Metric,0
09/11/2026 05:56:37,System.Runtime,dotnet.gc.last_collection.heap.fragmentation.size (By)[gc.heap.generation=loh],Metric,0
09/11/2026 05:56:37,System.Runtime,dotnet.gc.last_collection.heap.fragmentation.size (By)[gc.heap.generation=gen1],Metric,0
09/11/2026 05:56:37,System.Runtime,dotnet.gc.last_collection.heap.fragmentation.size (By)[gc.heap.generation=poh],Metric,0
09/11/2026 05:56:37,System.Runtime,dotnet.timer.count ({timer}),Metric,2
09/11/2026 05:56:37,System.Runtime,dotnet.assembly.count ({assembly}),Metric,61
09/11/2026 05:56:37,System.Runtime,dotnet.gc.heap.total_allocated (By / 1 sec),Rate,131176
09/11/2026 05:56:37,System.Runtime,dotnet.gc.last_collection.heap.size (By)[gc.heap.generation=gen0],Metric,0
09/11/2026 05:56:37,System.Runtime,dotnet.gc.last_collection.heap.size (By)[gc.heap.generation=gen2],Metric,0
09/11/2026 05:56:37,System.Runtime,dotnet.gc.last_collection.heap.size (By)[gc.heap.generation=loh],Metric,0
09/11/2026 05:56:37,System.Runtime,dotnet.gc.last_collection.heap.size (By)[gc.heap.generation=gen1],Metric,0
09/11/2026 05:56:37,System.Runtime,dotnet.gc.last_collection.heap.size (By)[gc.heap.generation=poh],Metric,0
09/11/2026 05:56:37,System.Runtime,dotnet.thread_pool.work_item.count ({work_item} / 1 sec),Rate,601
09/11/2026 05:56:37,System.Runtime,dotnet.process.memory.working_set (By),Metric,117211136
09/11/2026 05:56:37,System.Runtime,dotnet.thread_pool.thread.count ({thread} / 1 sec),Rate,0
09/11/2026 05:56:37,System.Runtime,dotnet.jit.compilation.time (s / 1 sec),Rate,0.0007624000000000519
09/11/2026 05:56:38,System.Runtime,dotnet.jit.compiled_il.size (By / 1 sec),Rate,0
09/11/2026 05:56:38,System.Runtime,dotnet.jit.compiled_methods ({method} / 1 sec),Rate,0
09/11/2026 05:56:38,System.Runtime,dotnet.monitor.lock_contentions ({contention} / 1 sec),Rate,0
09/11/2026 05:56:38,System.Runtime,dotnet.gc.collections ({collection} / 1 sec)[gc.heap.generation=gen0],Rate,0
09/11/2026 05:56:38,System.Runtime,dotnet.gc.collections ({collection} / 1 sec)[gc.heap.generation=gen2],Rate,0
09/11/2026 05:56:38,System.Runtime,dotnet.gc.collections ({collection} / 1 sec)[gc.heap.generation=gen1],Rate,0
09/11/2026 05:56:38,System.Runtime,dotnet.process.cpu.time (s / 1 sec)[cpu.mode=user],Rate,0.564509000000001
09/11/2026 05:56:38,System.Runtime,dotnet.process.cpu.time (s / 1 sec)[cpu.mode=system],Rate,0.05334299999999992
09/11/2026 05:56:38,System.Runtime,dotnet.process.cpu.count ({cpu}),Metric,15
09/11/2026 05:56:38,System.Runtime,dotnet.gc.pause.time (s / 1 sec),Rate,0
09/11/2026 05:56:38,System.Runtime,dotnet.thread_pool.queue.length ({work_item} / 1 sec),Rate,0
09/11/2026 05:56:38,System.Runtime,dotnet.gc.last_collection.memory.committed_size (By),Metric,0
09/11/2026 05:56:38,System.Runtime,dotnet.gc.last_collection.heap.fragmentation.size (By)[gc.heap.generation=gen0],Metric,0
09/11/2026 05:56:38,System.Runtime,dotnet.gc.last_collection.heap.fragmentation.size (By)[gc.heap.generation=gen2],Metric,0
09/11/2026 05:56:38,System.Runtime,dotnet.gc.last_collection.heap.fragmentation.size (By)[gc.heap.generation=loh],Metric,0
09/11/2026 05:56:38,System.Runtime,dotnet.gc.last_collection.heap.fragmentation.size (By)[gc.heap.generation=gen1],Metric,0
09/11/2026 05:56:38,System.Runtime,dotnet.gc.last_collection.heap.fragmentation.size (By)[gc.heap.generation=poh],Metric,0
09/11/2026 05:56:38,System.Runtime,dotnet.timer.count ({timer}),Metric,2
09/11/2026 05:56:38,System.Runtime,dotnet.assembly.count ({assembly}),Metric,61
09/11/2026 05:56:38,System.Runtime,dotnet.gc.heap.total_allocated (By / 1 sec),Rate,138376
09/11/2026 05:56:38,System.Runtime,dotnet.gc.last_collection.heap.size (By)[gc.heap.generation=gen0],Metric,0
09/11/2026 05:56:38,System.Runtime,dotnet.gc.last_collection.heap.size (By)[gc.heap.generation=gen2],Metric,0
09/11/2026 05:56:38,System.Runtime,dotnet.gc.last_collection.heap.size (By)[gc.heap.generation=loh],Metric,0
09/11/2026 05:56:38,System.Runtime,dotnet.gc.last_collection.heap.size (By)[gc.heap.generation=gen1],Metric,0
09/11/2026 05:56:38,System.Runtime,dotnet.gc.last_collection.heap.size (By)[gc.heap.generation=poh],Metric,0
09/11/2026 05:56:38,System.Runtime,dotnet.thread_pool.work_item.count ({work_item} / 1 sec),Rate,601
09/11/2026 05:56:38,System.Runtime,dotnet.process.memory.working_set (By),Metric,117374976
09/11/2026 05:56:38,System.Runtime,dotnet.thread_pool.thread.count ({thread} / 1 sec),Rate,0
09/11/2026 05:56:38,System.Runtime,dotnet.jit.compilation.time (s / 1 sec),Rate,0
09/11/2026 05:56:39,System.Runtime,dotnet.jit.compiled_il.size (By / 1 sec),Rate,0
09/11/2026 05:56:39,System.Runtime,dotnet.jit.compiled_methods ({method} / 1 sec),Rate,0
09/11/2026 05:56:39,System.Runtime,dotnet.monitor.lock_contentions ({contention} / 1 sec),Rate,0
09/11/2026 05:56:39,System.Runtime,dotnet.gc.collections ({collection} / 1 sec)[gc.heap.generation=gen0],Rate,0
09/11/2026 05:56:39,System.Runtime,dotnet.gc.collections ({collection} / 1 sec)[gc.heap.generation=gen2],Rate,0
09/11/2026 05:56:39,System.Runtime,dotnet.gc.collections ({collection} / 1 sec)[gc.heap.generation=gen1],Rate,0
09/11/2026 05:56:39,System.Runtime,dotnet.process.cpu.time (s / 1 sec)[cpu.mode=user],Rate,0.5711960000000005
09/11/2026 05:56:39,System.Runtime,dotnet.process.cpu.time (s / 1 sec)[cpu.mode=system],Rate,0.042946000000000595
09/11/2026 05:56:39,System.Runtime,dotnet.process.cpu.count ({cpu}),Metric,15
09/11/2026 05:56:39,System.Runtime,dotnet.gc.pause.time (s / 1 sec),Rate,0
09/11/2026 05:56:39,System.Runtime,dotnet.thread_pool.queue.length ({work_item} / 1 sec),Rate,0
09/11/2026 05:56:39,System.Runtime,dotnet.gc.last_collection.memory.committed_size (By),Metric,0
09/11/2026 05:56:39,System.Runtime,dotnet.gc.last_collection.heap.fragmentation.size (By)[gc.heap.generation=gen0],Metric,0
09/11/2026 05:56:39,System.Runtime,dotnet.gc.last_collection.heap.fragmentation.size (By)[gc.heap.generation=gen2],Metric,0
09/11/2026 05:56:39,System.Runtime,dotnet.gc.last_collection.heap.fragmentation.size (By)[gc.heap.generation=loh],Metric,0
09/11/2026 05:56:39,System.Runtime,dotnet.gc.last_collection.heap.fragmentation.size (By)[gc.heap.generation=gen1],Metric,0
09/11/2026 05:56:39,System.Runtime,dotnet.gc.last_collection.heap.fragmentation.size (By)[gc.heap.generation=poh],Metric,0
09/11/2026 05:56:39,System.Runtime,dotnet.timer.count ({timer}),Metric,2
09/11/2026 05:56:39,System.Runtime,dotnet.assembly.count ({assembly}),Metric,61
09/11/2026 05:56:39,System.Runtime,dotnet.gc.heap.total_allocated (By / 1 sec),Rate,131200
09/11/2026 05:56:39,System.Runtime,dotnet.gc.last_collection.heap.size (By)[gc.heap.generation=gen0],Metric,0
09/11/2026 05:56:39,System.Runtime,dotnet.gc.last_collection.heap.size (By)[gc.heap.generation=gen2],Metric,0
09/11/2026 05:56:39,System.Runtime,dotnet.gc.last_collection.heap.size (By)[gc.heap.generation=loh],Metric,0
09/11/2026 05:56:39,System.Runtime,dotnet.gc.last_collection.heap.size (By)[gc.heap.generation=gen1],Metric,0
09/11/2026 05:56:39,System.Runtime,dotnet.gc.last_collection.heap.size (By)[gc.heap.generation=poh],Metric,0
09/11/2026 05:56:39,System.Runtime,dotnet.thread_pool.work_item.count ({work_item} / 1 sec),Rate,601
09/11/2026 05:56:39,System.Runtime,dotnet.process.memory.working_set (By),Metric,117538816
09/11/2026 05:56:39,System.Runtime,dotnet.thread_pool.thread.count ({thread} / 1 sec),Rate,0
09/11/2026 05:56:39,System.Runtime,dotnet.jit.compilation.time (s / 1 sec),Rate,0
09/11/2026 05:56:40,System.Runtime,dotnet.jit.compiled_il.size (By / 1 sec),Rate,0
09/11/2026 05:56:40,System.Runtime,dotnet.jit.compiled_methods ({method} / 1 sec),Rate,0
09/11/2026 05:56:40,System.Runtime,dotnet.monitor.lock_contentions ({contention} / 1 sec),Rate,0
09/11/2026 05:56:40,System.Runtime,dotnet.gc.collections ({collection} / 1 sec)[gc.heap.generation=gen0],Rate,0
09/11/2026 05:56:40,System.Runtime,dotnet.gc.collections ({collection} / 1 sec)[gc.heap.generation=gen2],Rate,0
09/11/2026 05:56:40,System.Runtime,dotnet.gc.collections ({collection} / 1 sec)[gc.heap.generation=gen1],Rate,0
09/11/2026 05:56:40,System.Runtime,dotnet.process.cpu.time (s / 1 sec)[cpu.mode=user],Rate,0.5766320000000036
09/11/2026 05:56:40,System.Runtime,dotnet.process.cpu.time (s / 1 sec)[cpu.mode=system],Rate,0.042706999999998274
09/11/2026 05:56:40,System.Runtime,dotnet.process.cpu.count ({cpu}),Metric,15
09/11/2026 05:56:40,System.Runtime,dotnet.gc.pause.time (s / 1 sec),Rate,0
09/11/2026 05:56:40,System.Runtime,dotnet.thread_pool.queue.length ({work_item} / 1 sec),Rate,0
09/11/2026 05:56:40,System.Runtime,dotnet.gc.last_collection.memory.committed_size (By),Metric,0
09/11/2026 05:56:40,System.Runtime,dotnet.gc.last_collection.heap.fragmentation.size (By)[gc.heap.generation=gen0],Metric,0
09/11/2026 05:56:40,System.Runtime,dotnet.gc.last_collection.heap.fragmentation.size (By)[gc.heap.generation=gen2],Metric,0
09/11/2026 05:56:40,System.Runtime,dotnet.gc.last_collection.heap.fragmentation.size (By)[gc.heap.generation=loh],Metric,0
09/11/2026 05:56:40,System.Runtime,dotnet.gc.last_collection.heap.fragmentation.size (By)[gc.heap.generation=gen1],Metric,0
09/11/2026 05:56:40,System.Runtime,dotnet.gc.last_collection.heap.fragmentation.size (By)[gc.heap.generation=poh],Metric,0
09/11/2026 05:56:40,System.Runtime,dotnet.timer.count ({timer}),Metric,2
09/11/2026 05:56:40,System.Runtime,dotnet.assembly.count ({assembly}),Metric,61
09/11/2026 05:56:40,System.Runtime,dotnet.gc.heap.total_allocated (By / 1 sec),Rate,145552
09/11/2026 05:56:40,System.Runtime,dotnet.gc.last_collection.heap.size (By)[gc.heap.generation=gen0],Metric,0
09/11/2026 05:56:40,System.Runtime,dotnet.gc.last_collection.heap.size (By)[gc.heap.generation=gen2],Metric,0
09/11/2026 05:56:40,System.Runtime,dotnet.gc.last_collection.heap.size (By)[gc.heap.generation=loh],Metric,0
09/11/2026 05:56:40,System.Runtime,dotnet.gc.last_collection.heap.size (By)[gc.heap.generation=gen1],Metric,0
09/11/2026 05:56:40,System.Runtime,dotnet.gc.last_collection.heap.size (By)[gc.heap.generation=poh],Metric,0
09/11/2026 05:56:40,System.Runtime,dotnet.thread_pool.work_item.count ({work_item} / 1 sec),Rate,601
09/11/2026 05:56:40,System.Runtime,dotnet.process.memory.working_set (By),Metric,117669888
09/11/2026 05:56:40,System.Runtime,dotnet.thread_pool.thread.count ({thread} / 1 sec),Rate,0
09/11/2026 05:56:40,System.Runtime,dotnet.jit.compilation.time (s / 1 sec),Rate,0
09/11/2026 05:56:41,System.Runtime,dotnet.jit.compiled_il.size (By / 1 sec),Rate,5533
09/11/2026 05:56:41,System.Runtime,dotnet.jit.compiled_methods ({method} / 1 sec),Rate,84
09/11/2026 05:56:41,System.Runtime,dotnet.monitor.lock_contentions ({contention} / 1 sec),Rate,0
09/11/2026 05:56:41,System.Runtime,dotnet.gc.collections ({collection} / 1 sec)[gc.heap.generation=gen0],Rate,0
09/11/2026 05:56:41,System.Runtime,dotnet.gc.collections ({collection} / 1 sec)[gc.heap.generation=gen2],Rate,0
09/11/2026 05:56:41,System.Runtime,dotnet.gc.collections ({collection} / 1 sec)[gc.heap.generation=gen1],Rate,0
09/11/2026 05:56:41,System.Runtime,dotnet.process.cpu.time (s / 1 sec)[cpu.mode=user],Rate,0.5939439999999934
09/11/2026 05:56:41,System.Runtime,dotnet.process.cpu.time (s / 1 sec)[cpu.mode=system],Rate,0.044332000000000704
09/11/2026 05:56:41,System.Runtime,dotnet.process.cpu.count ({cpu}),Metric,15
09/11/2026 05:56:41,System.Runtime,dotnet.gc.pause.time (s / 1 sec),Rate,0
09/11/2026 05:56:41,System.Runtime,dotnet.thread_pool.queue.length ({work_item} / 1 sec),Rate,0
09/11/2026 05:56:41,System.Runtime,dotnet.gc.last_collection.memory.committed_size (By),Metric,0
09/11/2026 05:56:41,System.Runtime,dotnet.gc.last_collection.heap.fragmentation.size (By)[gc.heap.generation=gen0],Metric,0
09/11/2026 05:56:41,System.Runtime,dotnet.gc.last_collection.heap.fragmentation.size (By)[gc.heap.generation=gen2],Metric,0
09/11/2026 05:56:41,System.Runtime,dotnet.gc.last_collection.heap.fragmentation.size (By)[gc.heap.generation=loh],Metric,0
09/11/2026 05:56:41,System.Runtime,dotnet.gc.last_collection.heap.fragmentation.size (By)[gc.heap.generation=gen1],Metric,0
09/11/2026 05:56:41,System.Runtime,dotnet.gc.last_collection.heap.fragmentation.size (By)[gc.heap.generation=poh],Metric,0
09/11/2026 05:56:41,System.Runtime,dotnet.timer.count ({timer}),Metric,2
09/11/2026 05:56:41,System.Runtime,dotnet.assembly.count ({assembly}),Metric,61
09/11/2026 05:56:41,System.Runtime,dotnet.gc.heap.total_allocated (By / 1 sec),Rate,131144
09/11/2026 05:56:41,System.Runtime,dotnet.gc.last_collection.heap.size (By)[gc.heap.generation=gen0],Metric,0
09/11/2026 05:56:41,System.Runtime,dotnet.gc.last_collection.heap.size (By)[gc.heap.generation=gen2],Metric,0
09/11/2026 05:56:41,System.Runtime,dotnet.gc.last_collection.heap.size (By)[gc.heap.generation=loh],Metric,0
09/11/2026 05:56:41,System.Runtime,dotnet.gc.last_collection.heap.size (By)[gc.heap.generation=gen1],Metric,0
09/11/2026 05:56:41,System.Runtime,dotnet.gc.last_collection.heap.size (By)[gc.heap.generation=poh],Metric,0
09/11/2026 05:56:41,System.Runtime,dotnet.thread_pool.work_item.count ({work_item} / 1 sec),Rate,602
09/11/2026 05:56:41,System.Runtime,dotnet.process.memory.working_set (By),Metric,118079488
09/11/2026 05:56:41,System.Runtime,dotnet.thread_pool.thread.count ({thread} / 1 sec),Rate,0
09/11/2026 05:56:41,System.Runtime,dotnet.jit.compilation.time (s / 1 sec),Rate,0.023434100000000013
09/11/2026 05:56:42,System.Runtime,dotnet.jit.compiled_il.size (By / 1 sec),Rate,0
09/11/2026 05:56:42,System.Runtime,dotnet.jit.compiled_methods ({method} / 1 sec),Rate,0
09/11/2026 05:56:42,System.Runtime,dotnet.monitor.lock_contentions ({contention} / 1 sec),Rate,2
09/11/2026 05:56:42,System.Runtime,dotnet.gc.collections ({collection} / 1 sec)[gc.heap.generation=gen0],Rate,0
09/11/2026 05:56:42,System.Runtime,dotnet.gc.collections ({collection} / 1 sec)[gc.heap.generation=gen2],Rate,0
09/11/2026 05:56:42,System.Runtime,dotnet.gc.collections ({collection} / 1 sec)[gc.heap.generation=gen1],Rate,0
09/11/2026 05:56:42,System.Runtime,dotnet.process.cpu.time (s / 1 sec)[cpu.mode=user],Rate,0.5740430000000032
09/11/2026 05:56:42,System.Runtime,dotnet.process.cpu.time (s / 1 sec)[cpu.mode=system],Rate,0.04345200000000027
09/11/2026 05:56:42,System.Runtime,dotnet.process.cpu.count ({cpu}),Metric,15
09/11/2026 05:56:42,System.Runtime,dotnet.gc.pause.time (s / 1 sec),Rate,0
09/11/2026 05:56:42,System.Runtime,dotnet.thread_pool.queue.length ({work_item} / 1 sec),Rate,0
09/11/2026 05:56:42,System.Runtime,dotnet.gc.last_collection.memory.committed_size (By),Metric,0
09/11/2026 05:56:42,System.Runtime,dotnet.gc.last_collection.heap.fragmentation.size (By)[gc.heap.generation=gen0],Metric,0
09/11/2026 05:56:42,System.Runtime,dotnet.gc.last_collection.heap.fragmentation.size (By)[gc.heap.generation=gen2],Metric,0
09/11/2026 05:56:42,System.Runtime,dotnet.gc.last_collection.heap.fragmentation.size (By)[gc.heap.generation=loh],Metric,0
09/11/2026 05:56:42,System.Runtime,dotnet.gc.last_collection.heap.fragmentation.size (By)[gc.heap.generation=gen1],Metric,0
09/11/2026 05:56:42,System.Runtime,dotnet.gc.last_collection.heap.fragmentation.size (By)[gc.heap.generation=poh],Metric,0
09/11/2026 05:56:42,System.Runtime,dotnet.timer.count ({timer}),Metric,2
09/11/2026 05:56:42,System.Runtime,dotnet.assembly.count ({assembly}),Metric,61
09/11/2026 05:56:42,System.Runtime,dotnet.gc.heap.total_allocated (By / 1 sec),Rate,130176
09/11/2026 05:56:42,System.Runtime,dotnet.gc.last_collection.heap.size (By)[gc.heap.generation=gen0],Metric,0
09/11/2026 05:56:42,System.Runtime,dotnet.gc.last_collection.heap.size (By)[gc.heap.generation=gen2],Metric,0
09/11/2026 05:56:42,System.Runtime,dotnet.gc.last_collection.heap.size (By)[gc.heap.generation=loh],Metric,0
09/11/2026 05:56:42,System.Runtime,dotnet.gc.last_collection.heap.size (By)[gc.heap.generation=gen1],Metric,0
09/11/2026 05:56:42,System.Runtime,dotnet.gc.last_collection.heap.size (By)[gc.heap.generation=poh],Metric,0
09/11/2026 05:56:42,System.Runtime,dotnet.thread_pool.work_item.count ({work_item} / 1 sec),Rate,601
09/11/2026 05:56:42,System.Runtime,dotnet.process.memory.working_set (By),Metric,118194176
09/11/2026 05:56:42,System.Runtime,dotnet.thread_pool.thread.count ({thread} / 1 sec),Rate,0
09/11/2026 05:56:42,System.Runtime,dotnet.jit.compilation.time (s / 1 sec),Rate,0
09/11/2026 05:56:43,System.Runtime,dotnet.jit.compiled_il.size (By / 1 sec),Rate,0
09/11/2026 05:56:43,System.Runtime,dotnet.jit.compiled_methods ({method} / 1 sec),Rate,0
09/11/2026 05:56:43,System.Runtime,dotnet.monitor.lock_contentions ({contention} / 1 sec),Rate,0
09/11/2026 05:56:43,System.Runtime,dotnet.gc.collections ({collection} / 1 sec)[gc.heap.generation=gen0],Rate,0
09/11/2026 05:56:43,System.Runtime,dotnet.gc.collections ({collection} / 1 sec)[gc.heap.generation=gen2],Rate,0
09/11/2026 05:56:43,System.Runtime,dotnet.gc.collections ({collection} / 1 sec)[gc.heap.generation=gen1],Rate,0
09/11/2026 05:56:43,System.Runtime,dotnet.process.cpu.time (s / 1 sec)[cpu.mode=user],Rate,0.574506999999997
09/11/2026 05:56:43,System.Runtime,dotnet.process.cpu.time (s / 1 sec)[cpu.mode=system],Rate,0.04782699999999984
09/11/2026 05:56:43,System.Runtime,dotnet.process.cpu.count ({cpu}),Metric,15
09/11/2026 05:56:43,System.Runtime,dotnet.gc.pause.time (s / 1 sec),Rate,0
09/11/2026 05:56:43,System.Runtime,dotnet.thread_pool.queue.length ({work_item} / 1 sec),Rate,0
09/11/2026 05:56:43,System.Runtime,dotnet.gc.last_collection.memory.committed_size (By),Metric,0
09/11/2026 05:56:43,System.Runtime,dotnet.gc.last_collection.heap.fragmentation.size (By)[gc.heap.generation=gen0],Metric,0
09/11/2026 05:56:43,System.Runtime,dotnet.gc.last_collection.heap.fragmentation.size (By)[gc.heap.generation=gen2],Metric,0
09/11/2026 05:56:43,System.Runtime,dotnet.gc.last_collection.heap.fragmentation.size (By)[gc.heap.generation=loh],Metric,0
09/11/2026 05:56:43,System.Runtime,dotnet.gc.last_collection.heap.fragmentation.size (By)[gc.heap.generation=gen1],Metric,0
09/11/2026 05:56:43,System.Runtime,dotnet.gc.last_collection.heap.fragmentation.size (By)[gc.heap.generation=poh],Metric,0
09/11/2026 05:56:43,System.Runtime,dotnet.timer.count ({timer}),Metric,2
09/11/2026 05:56:43,System.Runtime,dotnet.assembly.count ({assembly}),Metric,61
09/11/2026 05:56:43,System.Runtime,dotnet.gc.heap.total_allocated (By / 1 sec),Rate,139400
09/11/2026 05:56:43,System.Runtime,dotnet.gc.last_collection.heap.size (By)[gc.heap.generation=gen0],Metric,0
09/11/2026 05:56:43,System.Runtime,dotnet.gc.last_collection.heap.size (By)[gc.heap.generation=gen2],Metric,0
09/11/2026 05:56:43,System.Runtime,dotnet.gc.last_collection.heap.size (By)[gc.heap.generation=loh],Metric,0
09/11/2026 05:56:43,System.Runtime,dotnet.gc.last_collection.heap.size (By)[gc.heap.generation=gen1],Metric,0
09/11/2026 05:56:43,System.Runtime,dotnet.gc.last_collection.heap.size (By)[gc.heap.generation=poh],Metric,0
09/11/2026 05:56:43,System.Runtime,dotnet.thread_pool.work_item.count ({work_item} / 1 sec),Rate,601
09/11/2026 05:56:43,System.Runtime,dotnet.process.memory.working_set (By),Metric,118390784
09/11/2026 05:56:43,System.Runtime,dotnet.thread_pool.thread.count ({thread} / 1 sec),Rate,0
09/11/2026 05:56:43,System.Runtime,dotnet.jit.compilation.time (s / 1 sec),Rate,0
09/11/2026 05:56:44,System.Runtime,dotnet.jit.compiled_il.size (By / 1 sec),Rate,0
09/11/2026 05:56:44,System.Runtime,dotnet.jit.compiled_methods ({method} / 1 sec),Rate,0
09/11/2026 05:56:44,System.Runtime,dotnet.monitor.lock_contentions ({contention} / 1 sec),Rate,0
09/11/2026 05:56:44,System.Runtime,dotnet.gc.collections ({collection} / 1 sec)[gc.heap.generation=gen0],Rate,0
09/11/2026 05:56:44,System.Runtime,dotnet.gc.collections ({collection} / 1 sec)[gc.heap.generation=gen2],Rate,0
09/11/2026 05:56:44,System.Runtime,dotnet.gc.collections ({collection} / 1 sec)[gc.heap.generation=gen1],Rate,0
09/11/2026 05:56:44,System.Runtime,dotnet.process.cpu.time (s / 1 sec)[cpu.mode=user],Rate,0.5736390000000142
09/11/2026 05:56:44,System.Runtime,dotnet.process.cpu.time (s / 1 sec)[cpu.mode=system],Rate,0.05365300000000062
09/11/2026 05:56:44,System.Runtime,dotnet.process.cpu.count ({cpu}),Metric,15
09/11/2026 05:56:44,System.Runtime,dotnet.gc.pause.time (s / 1 sec),Rate,0
09/11/2026 05:56:44,System.Runtime,dotnet.thread_pool.queue.length ({work_item} / 1 sec),Rate,0
09/11/2026 05:56:44,System.Runtime,dotnet.gc.last_collection.memory.committed_size (By),Metric,0
09/11/2026 05:56:44,System.Runtime,dotnet.gc.last_collection.heap.fragmentation.size (By)[gc.heap.generation=gen0],Metric,0
09/11/2026 05:56:44,System.Runtime,dotnet.gc.last_collection.heap.fragmentation.size (By)[gc.heap.generation=gen2],Metric,0
09/11/2026 05:56:44,System.Runtime,dotnet.gc.last_collection.heap.fragmentation.size (By)[gc.heap.generation=loh],Metric,0
09/11/2026 05:56:44,System.Runtime,dotnet.gc.last_collection.heap.fragmentation.size (By)[gc.heap.generation=gen1],Metric,0
09/11/2026 05:56:44,System.Runtime,dotnet.gc.last_collection.heap.fragmentation.size (By)[gc.heap.generation=poh],Metric,0
09/11/2026 05:56:44,System.Runtime,dotnet.timer.count ({timer}),Metric,2
09/11/2026 05:56:44,System.Runtime,dotnet.assembly.count ({assembly}),Metric,61
09/11/2026 05:56:44,System.Runtime,dotnet.gc.heap.total_allocated (By / 1 sec),Rate,139400
09/11/2026 05:56:44,System.Runtime,dotnet.gc.last_collection.heap.size (By)[gc.heap.generation=gen0],Metric,0
09/11/2026 05:56:44,System.Runtime,dotnet.gc.last_collection.heap.size (By)[gc.heap.generation=gen2],Metric,0
09/11/2026 05:56:44,System.Runtime,dotnet.gc.last_collection.heap.size (By)[gc.heap.generation=loh],Metric,0
09/11/2026 05:56:44,System.Runtime,dotnet.gc.last_collection.heap.size (By)[gc.heap.generation=gen1],Metric,0
09/11/2026 05:56:44,System.Runtime,dotnet.gc.last_collection.heap.size (By)[gc.heap.generation=poh],Metric,0
09/11/2026 05:56:44,System.Runtime,dotnet.thread_pool.work_item.count ({work_item} / 1 sec),Rate,601
09/11/2026 05:56:44,System.Runtime,dotnet.process.memory.working_set (By),Metric,118571008
09/11/2026 05:56:44,System.Runtime,dotnet.thread_pool.thread.count ({thread} / 1 sec),Rate,0
09/11/2026 05:56:44,System.Runtime,dotnet.jit.compilation.time (s / 1 sec),Rate,0
09/11/2026 05:56:45,System.Runtime,dotnet.jit.compiled_il.size (By / 1 sec),Rate,0
09/11/2026 05:56:45,System.Runtime,dotnet.jit.compiled_methods ({method} / 1 sec),Rate,0
09/11/2026 05:56:45,System.Runtime,dotnet.monitor.lock_contentions ({contention} / 1 sec),Rate,0
09/11/2026 05:56:45,System.Runtime,dotnet.gc.collections ({collection} / 1 sec)[gc.heap.generation=gen0],Rate,0
09/11/2026 05:56:45,System.Runtime,dotnet.gc.collections ({collection} / 1 sec)[gc.heap.generation=gen2],Rate,0
09/11/2026 05:56:45,System.Runtime,dotnet.gc.collections ({collection} / 1 sec)[gc.heap.generation=gen1],Rate,0
09/11/2026 05:56:45,System.Runtime,dotnet.process.cpu.time (s / 1 sec)[cpu.mode=user],Rate,0.5793499999999767
09/11/2026 05:56:45,System.Runtime,dotnet.process.cpu.time (s / 1 sec)[cpu.mode=system],Rate,0.042142999999999375
09/11/2026 05:56:45,System.Runtime,dotnet.process.cpu.count ({cpu}),Metric,15
09/11/2026 05:56:45,System.Runtime,dotnet.gc.pause.time (s / 1 sec),Rate,0
09/11/2026 05:56:45,System.Runtime,dotnet.thread_pool.queue.length ({work_item} / 1 sec),Rate,0
09/11/2026 05:56:45,System.Runtime,dotnet.gc.last_collection.memory.committed_size (By),Metric,0
09/11/2026 05:56:45,System.Runtime,dotnet.gc.last_collection.heap.fragmentation.size (By)[gc.heap.generation=gen0],Metric,0
09/11/2026 05:56:45,System.Runtime,dotnet.gc.last_collection.heap.fragmentation.size (By)[gc.heap.generation=gen2],Metric,0
09/11/2026 05:56:45,System.Runtime,dotnet.gc.last_collection.heap.fragmentation.size (By)[gc.heap.generation=loh],Metric,0
09/11/2026 05:56:45,System.Runtime,dotnet.gc.last_collection.heap.fragmentation.size (By)[gc.heap.generation=gen1],Metric,0
09/11/2026 05:56:45,System.Runtime,dotnet.gc.last_collection.heap.fragmentation.size (By)[gc.heap.generation=poh],Metric,0
09/11/2026 05:56:45,System.Runtime,dotnet.timer.count ({timer}),Metric,2
09/11/2026 05:56:45,System.Runtime,dotnet.assembly.count ({assembly}),Metric,61
09/11/2026 05:56:45,System.Runtime,dotnet.gc.heap.total_allocated (By / 1 sec),Rate,130144
09/11/2026 05:56:45,System.Runtime,dotnet.gc.last_collection.heap.size (By)[gc.heap.generation=gen0],Metric,0
09/11/2026 05:56:45,System.Runtime,dotnet.gc.last_collection.heap.size (By)[gc.heap.generation=gen2],Metric,0
09/11/2026 05:56:45,System.Runtime,dotnet.gc.last_collection.heap.size (By)[gc.heap.generation=loh],Metric,0
09/11/2026 05:56:45,System.Runtime,dotnet.gc.last_collection.heap.size (By)[gc.heap.generation=gen1],Metric,0
09/11/2026 05:56:45,System.Runtime,dotnet.gc.last_collection.heap.size (By)[gc.heap.generation=poh],Metric,0
09/11/2026 05:56:45,System.Runtime,dotnet.thread_pool.work_item.count ({work_item} / 1 sec),Rate,601
09/11/2026 05:56:45,System.Runtime,dotnet.process.memory.working_set (By),Metric,118669312
09/11/2026 05:56:45,System.Runtime,dotnet.thread_pool.thread.count ({thread} / 1 sec),Rate,0
09/11/2026 05:56:45,System.Runtime,dotnet.jit.compilation.time (s / 1 sec),Rate,0
09/11/2026 05:56:46,System.Runtime,dotnet.jit.compiled_il.size (By / 1 sec),Rate,271
09/11/2026 05:56:46,System.Runtime,dotnet.jit.compiled_methods ({method} / 1 sec),Rate,1
09/11/2026 05:56:46,System.Runtime,dotnet.monitor.lock_contentions ({contention} / 1 sec),Rate,0
09/11/2026 05:56:46,System.Runtime,dotnet.gc.collections ({collection} / 1 sec)[gc.heap.generation=gen0],Rate,0
09/11/2026 05:56:46,System.Runtime,dotnet.gc.collections ({collection} / 1 sec)[gc.heap.generation=gen2],Rate,0
09/11/2026 05:56:46,System.Runtime,dotnet.gc.collections ({collection} / 1 sec)[gc.heap.generation=gen1],Rate,0
09/11/2026 05:56:46,System.Runtime,dotnet.process.cpu.time (s / 1 sec)[cpu.mode=user],Rate,0.5835170000000005
09/11/2026 05:56:46,System.Runtime,dotnet.process.cpu.time (s / 1 sec)[cpu.mode=system],Rate,0.04645499999999991
09/11/2026 05:56:46,System.Runtime,dotnet.process.cpu.count ({cpu}),Metric,15
09/11/2026 05:56:46,System.Runtime,dotnet.gc.pause.time (s / 1 sec),Rate,0
09/11/2026 05:56:46,System.Runtime,dotnet.thread_pool.queue.length ({work_item} / 1 sec),Rate,0
09/11/2026 05:56:46,System.Runtime,dotnet.gc.last_collection.memory.committed_size (By),Metric,0
09/11/2026 05:56:46,System.Runtime,dotnet.gc.last_collection.heap.fragmentation.size (By)[gc.heap.generation=gen0],Metric,0
09/11/2026 05:56:46,System.Runtime,dotnet.gc.last_collection.heap.fragmentation.size (By)[gc.heap.generation=gen2],Metric,0
09/11/2026 05:56:46,System.Runtime,dotnet.gc.last_collection.heap.fragmentation.size (By)[gc.heap.generation=loh],Metric,0
09/11/2026 05:56:46,System.Runtime,dotnet.gc.last_collection.heap.fragmentation.size (By)[gc.heap.generation=gen1],Metric,0
09/11/2026 05:56:46,System.Runtime,dotnet.gc.last_collection.heap.fragmentation.size (By)[gc.heap.generation=poh],Metric,0
09/11/2026 05:56:46,System.Runtime,dotnet.timer.count ({timer}),Metric,2
09/11/2026 05:56:46,System.Runtime,dotnet.assembly.count ({assembly}),Metric,61
09/11/2026 05:56:46,System.Runtime,dotnet.gc.heap.total_allocated (By / 1 sec),Rate,147616
09/11/2026 05:56:46,System.Runtime,dotnet.gc.last_collection.heap.size (By)[gc.heap.generation=gen0],Metric,0
09/11/2026 05:56:46,System.Runtime,dotnet.gc.last_collection.heap.size (By)[gc.heap.generation=gen2],Metric,0
09/11/2026 05:56:46,System.Runtime,dotnet.gc.last_collection.heap.size (By)[gc.heap.generation=loh],Metric,0
09/11/2026 05:56:46,System.Runtime,dotnet.gc.last_collection.heap.size (By)[gc.heap.generation=gen1],Metric,0
09/11/2026 05:56:46,System.Runtime,dotnet.gc.last_collection.heap.size (By)[gc.heap.generation=poh],Metric,0
09/11/2026 05:56:46,System.Runtime,dotnet.thread_pool.work_item.count ({work_item} / 1 sec),Rate,603
09/11/2026 05:56:46,System.Runtime,dotnet.process.memory.working_set (By),Metric,118865920
09/11/2026 05:56:46,System.Runtime,dotnet.thread_pool.thread.count ({thread} / 1 sec),Rate,0
09/11/2026 05:56:46,System.Runtime,dotnet.jit.compilation.time (s / 1 sec),Rate,0.007119699999999951
09/11/2026 05:56:47,System.Runtime,dotnet.jit.compiled_il.size (By / 1 sec),Rate,0
09/11/2026 05:56:47,System.Runtime,dotnet.jit.compiled_methods ({method} / 1 sec),Rate,0
09/11/2026 05:56:47,System.Runtime,dotnet.monitor.lock_contentions ({contention} / 1 sec),Rate,0
09/11/2026 05:56:47,System.Runtime,dotnet.gc.collections ({collection} / 1 sec)[gc.heap.generation=gen0],Rate,0
09/11/2026 05:56:47,System.Runtime,dotnet.gc.collections ({collection} / 1 sec)[gc.heap.generation=gen2],Rate,0
09/11/2026 05:56:47,System.Runtime,dotnet.gc.collections ({collection} / 1 sec)[gc.heap.generation=gen1],Rate,0
09/11/2026 05:56:47,System.Runtime,dotnet.process.cpu.time (s / 1 sec)[cpu.mode=user],Rate,0.5861130000000117
09/11/2026 05:56:47,System.Runtime,dotnet.process.cpu.time (s / 1 sec)[cpu.mode=system],Rate,0.05463800000000063
09/11/2026 05:56:47,System.Runtime,dotnet.process.cpu.count ({cpu}),Metric,15
09/11/2026 05:56:47,System.Runtime,dotnet.gc.pause.time (s / 1 sec),Rate,0
09/11/2026 05:56:47,System.Runtime,dotnet.thread_pool.queue.length ({work_item} / 1 sec),Rate,0
09/11/2026 05:56:47,System.Runtime,dotnet.gc.last_collection.memory.committed_size (By),Metric,0
09/11/2026 05:56:47,System.Runtime,dotnet.gc.last_collection.heap.fragmentation.size (By)[gc.heap.generation=gen0],Metric,0
09/11/2026 05:56:47,System.Runtime,dotnet.gc.last_collection.heap.fragmentation.size (By)[gc.heap.generation=gen2],Metric,0
09/11/2026 05:56:47,System.Runtime,dotnet.gc.last_collection.heap.fragmentation.size (By)[gc.heap.generation=loh],Metric,0
09/11/2026 05:56:47,System.Runtime,dotnet.gc.last_collection.heap.fragmentation.size (By)[gc.heap.generation=gen1],Metric,0
09/11/2026 05:56:47,System.Runtime,dotnet.gc.last_collection.heap.fragmentation.size (By)[gc.heap.generation=poh],Metric,0
09/11/2026 05:56:47,System.Runtime,dotnet.timer.count ({timer}),Metric,2
09/11/2026 05:56:47,System.Runtime,dotnet.assembly.count ({assembly}),Metric,61
09/11/2026 05:56:47,System.Runtime,dotnet.gc.heap.total_allocated (By / 1 sec),Rate,152528
09/11/2026 05:56:47,System.Runtime,dotnet.gc.last_collection.heap.size (By)[gc.heap.generation=gen0],Metric,0
09/11/2026 05:56:47,System.Runtime,dotnet.gc.last_collection.heap.size (By)[gc.heap.generation=gen2],Metric,0
09/11/2026 05:56:47,System.Runtime,dotnet.gc.last_collection.heap.size (By)[gc.heap.generation=loh],Metric,0
09/11/2026 05:56:47,System.Runtime,dotnet.gc.last_collection.heap.size (By)[gc.heap.generation=gen1],Metric,0
09/11/2026 05:56:47,System.Runtime,dotnet.gc.last_collection.heap.size (By)[gc.heap.generation=poh],Metric,0
09/11/2026 05:56:47,System.Runtime,dotnet.thread_pool.work_item.count ({work_item} / 1 sec),Rate,657
09/11/2026 05:56:47,System.Runtime,dotnet.process.memory.working_set (By),Metric,119013376
09/11/2026 05:56:47,System.Runtime,dotnet.thread_pool.thread.count ({thread} / 1 sec),Rate,0
09/11/2026 05:56:47,System.Runtime,dotnet.jit.compilation.time (s / 1 sec),Rate,0
09/11/2026 05:56:48,System.Runtime,dotnet.jit.compiled_il.size (By / 1 sec),Rate,0
09/11/2026 05:56:48,System.Runtime,dotnet.jit.compiled_methods ({method} / 1 sec),Rate,0
09/11/2026 05:56:48,System.Runtime,dotnet.monitor.lock_contentions ({contention} / 1 sec),Rate,0
09/11/2026 05:56:48,System.Runtime,dotnet.gc.collections ({collection} / 1 sec)[gc.heap.generation=gen0],Rate,0
09/11/2026 05:56:48,System.Runtime,dotnet.gc.collections ({collection} / 1 sec)[gc.heap.generation=gen2],Rate,0
09/11/2026 05:56:48,System.Runtime,dotnet.gc.collections ({collection} / 1 sec)[gc.heap.generation=gen1],Rate,0
09/11/2026 05:56:48,System.Runtime,dotnet.process.cpu.time (s / 1 sec)[cpu.mode=user],Rate,0.5914040000000114
09/11/2026 05:56:48,System.Runtime,dotnet.process.cpu.time (s / 1 sec)[cpu.mode=system],Rate,0.047561999999999216
09/11/2026 05:56:48,System.Runtime,dotnet.process.cpu.count ({cpu}),Metric,15
09/11/2026 05:56:48,System.Runtime,dotnet.gc.pause.time (s / 1 sec),Rate,0
09/11/2026 05:56:48,System.Runtime,dotnet.thread_pool.queue.length ({work_item} / 1 sec),Rate,0
09/11/2026 05:56:48,System.Runtime,dotnet.gc.last_collection.memory.committed_size (By),Metric,0
09/11/2026 05:56:48,System.Runtime,dotnet.gc.last_collection.heap.fragmentation.size (By)[gc.heap.generation=gen0],Metric,0
09/11/2026 05:56:48,System.Runtime,dotnet.gc.last_collection.heap.fragmentation.size (By)[gc.heap.generation=gen2],Metric,0
09/11/2026 05:56:48,System.Runtime,dotnet.gc.last_collection.heap.fragmentation.size (By)[gc.heap.generation=loh],Metric,0
09/11/2026 05:56:48,System.Runtime,dotnet.gc.last_collection.heap.fragmentation.size (By)[gc.heap.generation=gen1],Metric,0
09/11/2026 05:56:48,System.Runtime,dotnet.gc.last_collection.heap.fragmentation.size (By)[gc.heap.generation=poh],Metric,0
09/11/2026 05:56:48,System.Runtime,dotnet.timer.count ({timer}),Metric,2
09/11/2026 05:56:48,System.Runtime,dotnet.assembly.count ({assembly}),Metric,61
09/11/2026 05:56:48,System.Runtime,dotnet.gc.heap.total_allocated (By / 1 sec),Rate,141624
09/11/2026 05:56:48,System.Runtime,dotnet.gc.last_collection.heap.size (By)[gc.heap.generation=gen0],Metric,0
09/11/2026 05:56:48,System.Runtime,dotnet.gc.last_collection.heap.size (By)[gc.heap.generation=gen2],Metric,0
09/11/2026 05:56:48,System.Runtime,dotnet.gc.last_collection.heap.size (By)[gc.heap.generation=loh],Metric,0
09/11/2026 05:56:48,System.Runtime,dotnet.gc.last_collection.heap.size (By)[gc.heap.generation=gen1],Metric,0
09/11/2026 05:56:48,System.Runtime,dotnet.gc.last_collection.heap.size (By)[gc.heap.generation=poh],Metric,0
09/11/2026 05:56:48,System.Runtime,dotnet.thread_pool.work_item.count ({work_item} / 1 sec),Rate,664
09/11/2026 05:56:48,System.Runtime,dotnet.process.memory.working_set (By),Metric,119193600
09/11/2026 05:56:48,System.Runtime,dotnet.thread_pool.thread.count ({thread} / 1 sec),Rate,0
09/11/2026 05:56:48,System.Runtime,dotnet.jit.compilation.time (s / 1 sec),Rate,0
09/11/2026 05:56:49,System.Runtime,dotnet.jit.compiled_il.size (By / 1 sec),Rate,0
09/11/2026 05:56:49,System.Runtime,dotnet.jit.compiled_methods ({method} / 1 sec),Rate,0
09/11/2026 05:56:49,System.Runtime,dotnet.monitor.lock_contentions ({contention} / 1 sec),Rate,0
09/11/2026 05:56:49,System.Runtime,dotnet.gc.collections ({collection} / 1 sec)[gc.heap.generation=gen0],Rate,0
09/11/2026 05:56:49,System.Runtime,dotnet.gc.collections ({collection} / 1 sec)[gc.heap.generation=gen2],Rate,0
09/11/2026 05:56:49,System.Runtime,dotnet.gc.collections ({collection} / 1 sec)[gc.heap.generation=gen1],Rate,0
09/11/2026 05:56:49,System.Runtime,dotnet.process.cpu.time (s / 1 sec)[cpu.mode=user],Rate,0.579213999999979
09/11/2026 05:56:49,System.Runtime,dotnet.process.cpu.time (s / 1 sec)[cpu.mode=system],Rate,0.04307100000000119
09/11/2026 05:56:49,System.Runtime,dotnet.process.cpu.count ({cpu}),Metric,15
09/11/2026 05:56:49,System.Runtime,dotnet.gc.pause.time (s / 1 sec),Rate,0
09/11/2026 05:56:49,System.Runtime,dotnet.thread_pool.queue.length ({work_item} / 1 sec),Rate,0
09/11/2026 05:56:49,System.Runtime,dotnet.gc.last_collection.memory.committed_size (By),Metric,0
09/11/2026 05:56:49,System.Runtime,dotnet.gc.last_collection.heap.fragmentation.size (By)[gc.heap.generation=gen0],Metric,0
09/11/2026 05:56:49,System.Runtime,dotnet.gc.last_collection.heap.fragmentation.size (By)[gc.heap.generation=gen2],Metric,0
09/11/2026 05:56:49,System.Runtime,dotnet.gc.last_collection.heap.fragmentation.size (By)[gc.heap.generation=loh],Metric,0
09/11/2026 05:56:49,System.Runtime,dotnet.gc.last_collection.heap.fragmentation.size (By)[gc.heap.generation=gen1],Metric,0
09/11/2026 05:56:49,System.Runtime,dotnet.gc.last_collection.heap.fragmentation.size (By)[gc.heap.generation=poh],Metric,0
09/11/2026 05:56:49,System.Runtime,dotnet.timer.count ({timer}),Metric,2
09/11/2026 05:56:49,System.Runtime,dotnet.assembly.count ({assembly}),Metric,61
09/11/2026 05:56:49,System.Runtime,dotnet.gc.heap.total_allocated (By / 1 sec),Rate,139400
09/11/2026 05:56:49,System.Runtime,dotnet.gc.last_collection.heap.size (By)[gc.heap.generation=gen0],Metric,0
09/11/2026 05:56:49,System.Runtime,dotnet.gc.last_collection.heap.size (By)[gc.heap.generation=gen2],Metric,0
09/11/2026 05:56:49,System.Runtime,dotnet.gc.last_collection.heap.size (By)[gc.heap.generation=loh],Metric,0
09/11/2026 05:56:49,System.Runtime,dotnet.gc.last_collection.heap.size (By)[gc.heap.generation=gen1],Metric,0
09/11/2026 05:56:49,System.Runtime,dotnet.gc.last_collection.heap.size (By)[gc.heap.generation=poh],Metric,0
09/11/2026 05:56:49,System.Runtime,dotnet.thread_pool.work_item.count ({work_item} / 1 sec),Rate,614
09/11/2026 05:56:49,System.Runtime,dotnet.process.memory.working_set (By),Metric,119341056
09/11/2026 05:56:49,System.Runtime,dotnet.thread_pool.thread.count ({thread} / 1 sec),Rate,0
09/11/2026 05:56:49,System.Runtime,dotnet.jit.compilation.time (s / 1 sec),Rate,0
09/11/2026 05:56:50,System.Runtime,dotnet.jit.compiled_il.size (By / 1 sec),Rate,0
09/11/2026 05:56:50,System.Runtime,dotnet.jit.compiled_methods ({method} / 1 sec),Rate,0
09/11/2026 05:56:50,System.Runtime,dotnet.monitor.lock_contentions ({contention} / 1 sec),Rate,0
09/11/2026 05:56:50,System.Runtime,dotnet.gc.collections ({collection} / 1 sec)[gc.heap.generation=gen0],Rate,0
09/11/2026 05:56:50,System.Runtime,dotnet.gc.collections ({collection} / 1 sec)[gc.heap.generation=gen2],Rate,0
09/11/2026 05:56:50,System.Runtime,dotnet.gc.collections ({collection} / 1 sec)[gc.heap.generation=gen1],Rate,0
09/11/2026 05:56:50,System.Runtime,dotnet.process.cpu.time (s / 1 sec)[cpu.mode=user],Rate,0.5788280000000157
09/11/2026 05:56:50,System.Runtime,dotnet.process.cpu.time (s / 1 sec)[cpu.mode=system],Rate,0.039477999999999014
09/11/2026 05:56:50,System.Runtime,dotnet.process.cpu.count ({cpu}),Metric,15
09/11/2026 05:56:50,System.Runtime,dotnet.gc.pause.time (s / 1 sec),Rate,0
09/11/2026 05:56:50,System.Runtime,dotnet.thread_pool.queue.length ({work_item} / 1 sec),Rate,0
09/11/2026 05:56:50,System.Runtime,dotnet.gc.last_collection.memory.committed_size (By),Metric,0
09/11/2026 05:56:50,System.Runtime,dotnet.gc.last_collection.heap.fragmentation.size (By)[gc.heap.generation=gen0],Metric,0
09/11/2026 05:56:50,System.Runtime,dotnet.gc.last_collection.heap.fragmentation.size (By)[gc.heap.generation=gen2],Metric,0
09/11/2026 05:56:50,System.Runtime,dotnet.gc.last_collection.heap.fragmentation.size (By)[gc.heap.generation=loh],Metric,0
09/11/2026 05:56:50,System.Runtime,dotnet.gc.last_collection.heap.fragmentation.size (By)[gc.heap.generation=gen1],Metric,0
09/11/2026 05:56:50,System.Runtime,dotnet.gc.last_collection.heap.fragmentation.size (By)[gc.heap.generation=poh],Metric,0
09/11/2026 05:56:50,System.Runtime,dotnet.timer.count ({timer}),Metric,2
09/11/2026 05:56:50,System.Runtime,dotnet.assembly.count ({assembly}),Metric,61
09/11/2026 05:56:50,System.Runtime,dotnet.gc.heap.total_allocated (By / 1 sec),Rate,138296
09/11/2026 05:56:50,System.Runtime,dotnet.gc.last_collection.heap.size (By)[gc.heap.generation=gen0],Metric,0
09/11/2026 05:56:50,System.Runtime,dotnet.gc.last_collection.heap.size (By)[gc.heap.generation=gen2],Metric,0
09/11/2026 05:56:50,System.Runtime,dotnet.gc.last_collection.heap.size (By)[gc.heap.generation=loh],Metric,0
09/11/2026 05:56:50,System.Runtime,dotnet.gc.last_collection.heap.size (By)[gc.heap.generation=gen1],Metric,0
09/11/2026 05:56:50,System.Runtime,dotnet.gc.last_collection.heap.size (By)[gc.heap.generation=poh],Metric,0
09/11/2026 05:56:50,System.Runtime,dotnet.thread_pool.work_item.count ({work_item} / 1 sec),Rate,606
09/11/2026 05:56:50,System.Runtime,dotnet.process.memory.working_set (By),Metric,119472128
09/11/2026 05:56:50,System.Runtime,dotnet.thread_pool.thread.count ({thread} / 1 sec),Rate,0
09/11/2026 05:56:50,System.Runtime,dotnet.jit.compilation.time (s / 1 sec),Rate,0
09/11/2026 05:56:51,System.Runtime,dotnet.jit.compiled_il.size (By / 1 sec),Rate,0
09/11/2026 05:56:51,System.Runtime,dotnet.jit.compiled_methods ({method} / 1 sec),Rate,0
09/11/2026 05:56:51,System.Runtime,dotnet.monitor.lock_contentions ({contention} / 1 sec),Rate,0
09/11/2026 05:56:51,System.Runtime,dotnet.gc.collections ({collection} / 1 sec)[gc.heap.generation=gen0],Rate,0
09/11/2026 05:56:51,System.Runtime,dotnet.gc.collections ({collection} / 1 sec)[gc.heap.generation=gen2],Rate,0
09/11/2026 05:56:51,System.Runtime,dotnet.gc.collections ({collection} / 1 sec)[gc.heap.generation=gen1],Rate,0
09/11/2026 05:56:51,System.Runtime,dotnet.process.cpu.time (s / 1 sec)[cpu.mode=user],Rate,0.5841089999999838
09/11/2026 05:56:51,System.Runtime,dotnet.process.cpu.time (s / 1 sec)[cpu.mode=system],Rate,0.045410000000000394
09/11/2026 05:56:51,System.Runtime,dotnet.process.cpu.count ({cpu}),Metric,15
09/11/2026 05:56:51,System.Runtime,dotnet.gc.pause.time (s / 1 sec),Rate,0
09/11/2026 05:56:51,System.Runtime,dotnet.thread_pool.queue.length ({work_item} / 1 sec),Rate,0
09/11/2026 05:56:51,System.Runtime,dotnet.gc.last_collection.memory.committed_size (By),Metric,0
09/11/2026 05:56:51,System.Runtime,dotnet.gc.last_collection.heap.fragmentation.size (By)[gc.heap.generation=gen0],Metric,0
09/11/2026 05:56:51,System.Runtime,dotnet.gc.last_collection.heap.fragmentation.size (By)[gc.heap.generation=gen2],Metric,0
09/11/2026 05:56:51,System.Runtime,dotnet.gc.last_collection.heap.fragmentation.size (By)[gc.heap.generation=loh],Metric,0
09/11/2026 05:56:51,System.Runtime,dotnet.gc.last_collection.heap.fragmentation.size (By)[gc.heap.generation=gen1],Metric,0
09/11/2026 05:56:51,System.Runtime,dotnet.gc.last_collection.heap.fragmentation.size (By)[gc.heap.generation=poh],Metric,0
09/11/2026 05:56:51,System.Runtime,dotnet.timer.count ({timer}),Metric,2
09/11/2026 05:56:51,System.Runtime,dotnet.assembly.count ({assembly}),Metric,61
09/11/2026 05:56:51,System.Runtime,dotnet.gc.heap.total_allocated (By / 1 sec),Rate,139416
09/11/2026 05:56:51,System.Runtime,dotnet.gc.last_collection.heap.size (By)[gc.heap.generation=gen0],Metric,0
09/11/2026 05:56:51,System.Runtime,dotnet.gc.last_collection.heap.size (By)[gc.heap.generation=gen2],Metric,0
09/11/2026 05:56:51,System.Runtime,dotnet.gc.last_collection.heap.size (By)[gc.heap.generation=loh],Metric,0
09/11/2026 05:56:51,System.Runtime,dotnet.gc.last_collection.heap.size (By)[gc.heap.generation=gen1],Metric,0
09/11/2026 05:56:51,System.Runtime,dotnet.gc.last_collection.heap.size (By)[gc.heap.generation=poh],Metric,0
09/11/2026 05:56:51,System.Runtime,dotnet.thread_pool.work_item.count ({work_item} / 1 sec),Rate,602
09/11/2026 05:56:51,System.Runtime,dotnet.process.memory.working_set (By),Metric,119619584
09/11/2026 05:56:51,System.Runtime,dotnet.thread_pool.thread.count ({thread} / 1 sec),Rate,0
09/11/2026 05:56:51,System.Runtime,dotnet.jit.compilation.time (s / 1 sec),Rate,0
09/11/2026 05:56:52,System.Runtime,dotnet.jit.compiled_il.size (By / 1 sec),Rate,0
09/11/2026 05:56:52,System.Runtime,dotnet.jit.compiled_methods ({method} / 1 sec),Rate,0
09/11/2026 05:56:52,System.Runtime,dotnet.monitor.lock_contentions ({contention} / 1 sec),Rate,0
09/11/2026 05:56:52,System.Runtime,dotnet.gc.collections ({collection} / 1 sec)[gc.heap.generation=gen0],Rate,0
09/11/2026 05:56:52,System.Runtime,dotnet.gc.collections ({collection} / 1 sec)[gc.heap.generation=gen2],Rate,0
09/11/2026 05:56:52,System.Runtime,dotnet.gc.collections ({collection} / 1 sec)[gc.heap.generation=gen1],Rate,0
09/11/2026 05:56:52,System.Runtime,dotnet.process.cpu.time (s / 1 sec)[cpu.mode=user],Rate,0.5836150000000089
09/11/2026 05:56:52,System.Runtime,dotnet.process.cpu.time (s / 1 sec)[cpu.mode=system],Rate,0.04887699999999917
09/11/2026 05:56:52,System.Runtime,dotnet.process.cpu.count ({cpu}),Metric,15
09/11/2026 05:56:52,System.Runtime,dotnet.gc.pause.time (s / 1 sec),Rate,0
09/11/2026 05:56:52,System.Runtime,dotnet.thread_pool.queue.length ({work_item} / 1 sec),Rate,0
09/11/2026 05:56:52,System.Runtime,dotnet.gc.last_collection.memory.committed_size (By),Metric,0
09/11/2026 05:56:52,System.Runtime,dotnet.gc.last_collection.heap.fragmentation.size (By)[gc.heap.generation=gen0],Metric,0
09/11/2026 05:56:52,System.Runtime,dotnet.gc.last_collection.heap.fragmentation.size (By)[gc.heap.generation=gen2],Metric,0
09/11/2026 05:56:52,System.Runtime,dotnet.gc.last_collection.heap.fragmentation.size (By)[gc.heap.generation=loh],Metric,0
09/11/2026 05:56:52,System.Runtime,dotnet.gc.last_collection.heap.fragmentation.size (By)[gc.heap.generation=gen1],Metric,0
09/11/2026 05:56:52,System.Runtime,dotnet.gc.last_collection.heap.fragmentation.size (By)[gc.heap.generation=poh],Metric,0
09/11/2026 05:56:52,System.Runtime,dotnet.timer.count ({timer}),Metric,2
09/11/2026 05:56:52,System.Runtime,dotnet.assembly.count ({assembly}),Metric,61
09/11/2026 05:56:52,System.Runtime,dotnet.gc.heap.total_allocated (By / 1 sec),Rate,146512
09/11/2026 05:56:52,System.Runtime,dotnet.gc.last_collection.heap.size (By)[gc.heap.generation=gen0],Metric,0
09/11/2026 05:56:52,System.Runtime,dotnet.gc.last_collection.heap.size (By)[gc.heap.generation=gen2],Metric,0
09/11/2026 05:56:52,System.Runtime,dotnet.gc.last_collection.heap.size (By)[gc.heap.generation=loh],Metric,0
09/11/2026 05:56:52,System.Runtime,dotnet.gc.last_collection.heap.size (By)[gc.heap.generation=gen1],Metric,0
09/11/2026 05:56:52,System.Runtime,dotnet.gc.last_collection.heap.size (By)[gc.heap.generation=poh],Metric,0
09/11/2026 05:56:52,System.Runtime,dotnet.thread_pool.work_item.count ({work_item} / 1 sec),Rate,602
09/11/2026 05:56:52,System.Runtime,dotnet.process.memory.working_set (By),Metric,119767040
09/11/2026 05:56:52,System.Runtime,dotnet.thread_pool.thread.count ({thread} / 1 sec),Rate,0
09/11/2026 05:56:52,System.Runtime,dotnet.jit.compilation.time (s / 1 sec),Rate,0
09/11/2026 05:56:53,System.Runtime,dotnet.jit.compiled_il.size (By / 1 sec),Rate,0
09/11/2026 05:56:53,System.Runtime,dotnet.jit.compiled_methods ({method} / 1 sec),Rate,0
09/11/2026 05:56:53,System.Runtime,dotnet.monitor.lock_contentions ({contention} / 1 sec),Rate,0
09/11/2026 05:56:53,System.Runtime,dotnet.gc.collections ({collection} / 1 sec)[gc.heap.generation=gen0],Rate,0
09/11/2026 05:56:53,System.Runtime,dotnet.gc.collections ({collection} / 1 sec)[gc.heap.generation=gen2],Rate,0
09/11/2026 05:56:53,System.Runtime,dotnet.gc.collections ({collection} / 1 sec)[gc.heap.generation=gen1],Rate,0
09/11/2026 05:56:53,System.Runtime,dotnet.process.cpu.time (s / 1 sec)[cpu.mode=user],Rate,0.5771560000000022
09/11/2026 05:56:53,System.Runtime,dotnet.process.cpu.time (s / 1 sec)[cpu.mode=system],Rate,0.04735200000000006
09/11/2026 05:56:53,System.Runtime,dotnet.process.cpu.count ({cpu}),Metric,15
09/11/2026 05:56:53,System.Runtime,dotnet.gc.pause.time (s / 1 sec),Rate,0
09/11/2026 05:56:53,System.Runtime,dotnet.thread_pool.queue.length ({work_item} / 1 sec),Rate,0
09/11/2026 05:56:53,System.Runtime,dotnet.gc.last_collection.memory.committed_size (By),Metric,0
09/11/2026 05:56:53,System.Runtime,dotnet.gc.last_collection.heap.fragmentation.size (By)[gc.heap.generation=gen0],Metric,0
09/11/2026 05:56:53,System.Runtime,dotnet.gc.last_collection.heap.fragmentation.size (By)[gc.heap.generation=gen2],Metric,0
09/11/2026 05:56:53,System.Runtime,dotnet.gc.last_collection.heap.fragmentation.size (By)[gc.heap.generation=loh],Metric,0
09/11/2026 05:56:53,System.Runtime,dotnet.gc.last_collection.heap.fragmentation.size (By)[gc.heap.generation=gen1],Metric,0
09/11/2026 05:56:53,System.Runtime,dotnet.gc.last_collection.heap.fragmentation.size (By)[gc.heap.generation=poh],Metric,0
09/11/2026 05:56:53,System.Runtime,dotnet.timer.count ({timer}),Metric,2
09/11/2026 05:56:53,System.Runtime,dotnet.assembly.count ({assembly}),Metric,61
09/11/2026 05:56:53,System.Runtime,dotnet.gc.heap.total_allocated (By / 1 sec),Rate,129152
09/11/2026 05:56:53,System.Runtime,dotnet.gc.last_collection.heap.size (By)[gc.heap.generation=gen0],Metric,0
09/11/2026 05:56:53,System.Runtime,dotnet.gc.last_collection.heap.size (By)[gc.heap.generation=gen2],Metric,0
09/11/2026 05:56:53,System.Runtime,dotnet.gc.last_collection.heap.size (By)[gc.heap.generation=loh],Metric,0
09/11/2026 05:56:53,System.Runtime,dotnet.gc.last_collection.heap.size (By)[gc.heap.generation=gen1],Metric,0
09/11/2026 05:56:53,System.Runtime,dotnet.gc.last_collection.heap.size (By)[gc.heap.generation=poh],Metric,0
09/11/2026 05:56:53,System.Runtime,dotnet.thread_pool.work_item.count ({work_item} / 1 sec),Rate,603
09/11/2026 05:56:53,System.Runtime,dotnet.process.memory.working_set (By),Metric,119914496
09/11/2026 05:56:53,System.Runtime,dotnet.thread_pool.thread.count ({thread} / 1 sec),Rate,0
09/11/2026 05:56:53,System.Runtime,dotnet.jit.compilation.time (s / 1 sec),Rate,0
09/11/2026 05:56:54,System.Runtime,dotnet.jit.compiled_il.size (By / 1 sec),Rate,0
09/11/2026 05:56:54,System.Runtime,dotnet.jit.compiled_methods ({method} / 1 sec),Rate,0
09/11/2026 05:56:54,System.Runtime,dotnet.monitor.lock_contentions ({contention} / 1 sec),Rate,0
09/11/2026 05:56:54,System.Runtime,dotnet.gc.collections ({collection} / 1 sec)[gc.heap.generation=gen0],Rate,0
09/11/2026 05:56:54,System.Runtime,dotnet.gc.collections ({collection} / 1 sec)[gc.heap.generation=gen2],Rate,0
09/11/2026 05:56:54,System.Runtime,dotnet.gc.collections ({collection} / 1 sec)[gc.heap.generation=gen1],Rate,0
09/11/2026 05:56:54,System.Runtime,dotnet.process.cpu.time (s / 1 sec)[cpu.mode=user],Rate,0.574577000000005
09/11/2026 05:56:54,System.Runtime,dotnet.process.cpu.time (s / 1 sec)[cpu.mode=system],Rate,0.04190200000000033
09/11/2026 05:56:54,System.Runtime,dotnet.process.cpu.count ({cpu}),Metric,15
09/11/2026 05:56:54,System.Runtime,dotnet.gc.pause.time (s / 1 sec),Rate,0
09/11/2026 05:56:54,System.Runtime,dotnet.thread_pool.queue.length ({work_item} / 1 sec),Rate,0
09/11/2026 05:56:54,System.Runtime,dotnet.gc.last_collection.memory.committed_size (By),Metric,0
09/11/2026 05:56:54,System.Runtime,dotnet.gc.last_collection.heap.fragmentation.size (By)[gc.heap.generation=gen0],Metric,0
09/11/2026 05:56:54,System.Runtime,dotnet.gc.last_collection.heap.fragmentation.size (By)[gc.heap.generation=gen2],Metric,0
09/11/2026 05:56:54,System.Runtime,dotnet.gc.last_collection.heap.fragmentation.size (By)[gc.heap.generation=loh],Metric,0
09/11/2026 05:56:54,System.Runtime,dotnet.gc.last_collection.heap.fragmentation.size (By)[gc.heap.generation=gen1],Metric,0
09/11/2026 05:56:54,System.Runtime,dotnet.gc.last_collection.heap.fragmentation.size (By)[gc.heap.generation=poh],Metric,0
09/11/2026 05:56:54,System.Runtime,dotnet.timer.count ({timer}),Metric,2
09/11/2026 05:56:54,System.Runtime,dotnet.assembly.count ({assembly}),Metric,61
09/11/2026 05:56:54,System.Runtime,dotnet.gc.heap.total_allocated (By / 1 sec),Rate,139376
09/11/2026 05:56:54,System.Runtime,dotnet.gc.last_collection.heap.size (By)[gc.heap.generation=gen0],Metric,0
09/11/2026 05:56:54,System.Runtime,dotnet.gc.last_collection.heap.size (By)[gc.heap.generation=gen2],Metric,0
09/11/2026 05:56:54,System.Runtime,dotnet.gc.last_collection.heap.size (By)[gc.heap.generation=loh],Metric,0
09/11/2026 05:56:54,System.Runtime,dotnet.gc.last_collection.heap.size (By)[gc.heap.generation=gen1],Metric,0
09/11/2026 05:56:54,System.Runtime,dotnet.gc.last_collection.heap.size (By)[gc.heap.generation=poh],Metric,0
09/11/2026 05:56:54,System.Runtime,dotnet.thread_pool.work_item.count ({work_item} / 1 sec),Rate,601
09/11/2026 05:56:54,System.Runtime,dotnet.process.memory.working_set (By),Metric,120094720
09/11/2026 05:56:54,System.Runtime,dotnet.thread_pool.thread.count ({thread} / 1 sec),Rate,0
09/11/2026 05:56:54,System.Runtime,dotnet.jit.compilation.time (s / 1 sec),Rate,0
09/11/2026 05:56:55,System.Runtime,dotnet.jit.compiled_il.size (By / 1 sec),Rate,0
09/11/2026 05:56:55,System.Runtime,dotnet.jit.compiled_methods ({method} / 1 sec),Rate,0
09/11/2026 05:56:55,System.Runtime,dotnet.monitor.lock_contentions ({contention} / 1 sec),Rate,0
09/11/2026 05:56:55,System.Runtime,dotnet.gc.collections ({collection} / 1 sec)[gc.heap.generation=gen0],Rate,0
09/11/2026 05:56:55,System.Runtime,dotnet.gc.collections ({collection} / 1 sec)[gc.heap.generation=gen2],Rate,0
09/11/2026 05:56:55,System.Runtime,dotnet.gc.collections ({collection} / 1 sec)[gc.heap.generation=gen1],Rate,0
09/11/2026 05:56:55,System.Runtime,dotnet.process.cpu.time (s / 1 sec)[cpu.mode=user],Rate,0.5843279999999993
09/11/2026 05:56:55,System.Runtime,dotnet.process.cpu.time (s / 1 sec)[cpu.mode=system],Rate,0.04606099999999991
09/11/2026 05:56:55,System.Runtime,dotnet.process.cpu.count ({cpu}),Metric,15
09/11/2026 05:56:55,System.Runtime,dotnet.gc.pause.time (s / 1 sec),Rate,0
09/11/2026 05:56:55,System.Runtime,dotnet.thread_pool.queue.length ({work_item} / 1 sec),Rate,0
09/11/2026 05:56:55,System.Runtime,dotnet.gc.last_collection.memory.committed_size (By),Metric,0
09/11/2026 05:56:55,System.Runtime,dotnet.gc.last_collection.heap.fragmentation.size (By)[gc.heap.generation=gen0],Metric,0
09/11/2026 05:56:55,System.Runtime,dotnet.gc.last_collection.heap.fragmentation.size (By)[gc.heap.generation=gen2],Metric,0
09/11/2026 05:56:55,System.Runtime,dotnet.gc.last_collection.heap.fragmentation.size (By)[gc.heap.generation=loh],Metric,0
09/11/2026 05:56:55,System.Runtime,dotnet.gc.last_collection.heap.fragmentation.size (By)[gc.heap.generation=gen1],Metric,0
09/11/2026 05:56:55,System.Runtime,dotnet.gc.last_collection.heap.fragmentation.size (By)[gc.heap.generation=poh],Metric,0
09/11/2026 05:56:55,System.Runtime,dotnet.timer.count ({timer}),Metric,2
09/11/2026 05:56:55,System.Runtime,dotnet.assembly.count ({assembly}),Metric,61
09/11/2026 05:56:55,System.Runtime,dotnet.gc.heap.total_allocated (By / 1 sec),Rate,131168
09/11/2026 05:56:55,System.Runtime,dotnet.gc.last_collection.heap.size (By)[gc.heap.generation=gen0],Metric,0
09/11/2026 05:56:55,System.Runtime,dotnet.gc.last_collection.heap.size (By)[gc.heap.generation=gen2],Metric,0
09/11/2026 05:56:55,System.Runtime,dotnet.gc.last_collection.heap.size (By)[gc.heap.generation=loh],Metric,0
09/11/2026 05:56:55,System.Runtime,dotnet.gc.last_collection.heap.size (By)[gc.heap.generation=gen1],Metric,0
09/11/2026 05:56:55,System.Runtime,dotnet.gc.last_collection.heap.size (By)[gc.heap.generation=poh],Metric,0
09/11/2026 05:56:55,System.Runtime,dotnet.thread_pool.work_item.count ({work_item} / 1 sec),Rate,601
09/11/2026 05:56:55,System.Runtime,dotnet.process.memory.working_set (By),Metric,120242176
09/11/2026 05:56:55,System.Runtime,dotnet.thread_pool.thread.count ({thread} / 1 sec),Rate,0
09/11/2026 05:56:55,System.Runtime,dotnet.jit.compilation.time (s / 1 sec),Rate,0
09/11/2026 05:56:56,System.Runtime,dotnet.jit.compiled_il.size (By / 1 sec),Rate,872
09/11/2026 05:56:56,System.Runtime,dotnet.jit.compiled_methods ({method} / 1 sec),Rate,2
09/11/2026 05:56:56,System.Runtime,dotnet.monitor.lock_contentions ({contention} / 1 sec),Rate,0
09/11/2026 05:56:56,System.Runtime,dotnet.gc.collections ({collection} / 1 sec)[gc.heap.generation=gen0],Rate,0
09/11/2026 05:56:56,System.Runtime,dotnet.gc.collections ({collection} / 1 sec)[gc.heap.generation=gen2],Rate,0
09/11/2026 05:56:56,System.Runtime,dotnet.gc.collections ({collection} / 1 sec)[gc.heap.generation=gen1],Rate,0
09/11/2026 05:56:56,System.Runtime,dotnet.process.cpu.time (s / 1 sec)[cpu.mode=user],Rate,0.5907599999999888
09/11/2026 05:56:56,System.Runtime,dotnet.process.cpu.time (s / 1 sec)[cpu.mode=system],Rate,0.04626900000000056
09/11/2026 05:56:56,System.Runtime,dotnet.process.cpu.count ({cpu}),Metric,15
09/11/2026 05:56:56,System.Runtime,dotnet.gc.pause.time (s / 1 sec),Rate,0
09/11/2026 05:56:56,System.Runtime,dotnet.thread_pool.queue.length ({work_item} / 1 sec),Rate,0
09/11/2026 05:56:56,System.Runtime,dotnet.gc.last_collection.memory.committed_size (By),Metric,0
09/11/2026 05:56:56,System.Runtime,dotnet.gc.last_collection.heap.fragmentation.size (By)[gc.heap.generation=gen0],Metric,0
09/11/2026 05:56:56,System.Runtime,dotnet.gc.last_collection.heap.fragmentation.size (By)[gc.heap.generation=gen2],Metric,0
09/11/2026 05:56:56,System.Runtime,dotnet.gc.last_collection.heap.fragmentation.size (By)[gc.heap.generation=loh],Metric,0
09/11/2026 05:56:56,System.Runtime,dotnet.gc.last_collection.heap.fragmentation.size (By)[gc.heap.generation=gen1],Metric,0
09/11/2026 05:56:56,System.Runtime,dotnet.gc.last_collection.heap.fragmentation.size (By)[gc.heap.generation=poh],Metric,0
09/11/2026 05:56:56,System.Runtime,dotnet.timer.count ({timer}),Metric,2
09/11/2026 05:56:56,System.Runtime,dotnet.assembly.count ({assembly}),Metric,61
09/11/2026 05:56:56,System.Runtime,dotnet.gc.heap.total_allocated (By / 1 sec),Rate,147616
09/11/2026 05:56:56,System.Runtime,dotnet.gc.last_collection.heap.size (By)[gc.heap.generation=gen0],Metric,0
09/11/2026 05:56:56,System.Runtime,dotnet.gc.last_collection.heap.size (By)[gc.heap.generation=gen2],Metric,0
09/11/2026 05:56:56,System.Runtime,dotnet.gc.last_collection.heap.size (By)[gc.heap.generation=loh],Metric,0
09/11/2026 05:56:56,System.Runtime,dotnet.gc.last_collection.heap.size (By)[gc.heap.generation=gen1],Metric,0
09/11/2026 05:56:56,System.Runtime,dotnet.gc.last_collection.heap.size (By)[gc.heap.generation=poh],Metric,0
09/11/2026 05:56:56,System.Runtime,dotnet.thread_pool.work_item.count ({work_item} / 1 sec),Rate,602
09/11/2026 05:56:56,System.Runtime,dotnet.process.memory.working_set (By),Metric,120438784
09/11/2026 05:56:56,System.Runtime,dotnet.thread_pool.thread.count ({thread} / 1 sec),Rate,0
09/11/2026 05:56:56,System.Runtime,dotnet.jit.compilation.time (s / 1 sec),Rate,0.005858800000000053
09/11/2026 05:56:57,System.Runtime,dotnet.jit.compiled_il.size (By / 1 sec),Rate,0
09/11/2026 05:56:57,System.Runtime,dotnet.jit.compiled_methods ({method} / 1 sec),Rate,0
09/11/2026 05:56:57,System.Runtime,dotnet.monitor.lock_contentions ({contention} / 1 sec),Rate,0
09/11/2026 05:56:57,System.Runtime,dotnet.gc.collections ({collection} / 1 sec)[gc.heap.generation=gen0],Rate,0
09/11/2026 05:56:57,System.Runtime,dotnet.gc.collections ({collection} / 1 sec)[gc.heap.generation=gen2],Rate,0
09/11/2026 05:56:57,System.Runtime,dotnet.gc.collections ({collection} / 1 sec)[gc.heap.generation=gen1],Rate,0
09/11/2026 05:56:57,System.Runtime,dotnet.process.cpu.time (s / 1 sec)[cpu.mode=user],Rate,0.5825829999999996
09/11/2026 05:56:57,System.Runtime,dotnet.process.cpu.time (s / 1 sec)[cpu.mode=system],Rate,0.04440699999999964
09/11/2026 05:56:57,System.Runtime,dotnet.process.cpu.count ({cpu}),Metric,15
09/11/2026 05:56:57,System.Runtime,dotnet.gc.pause.time (s / 1 sec),Rate,0
09/11/2026 05:56:57,System.Runtime,dotnet.thread_pool.queue.length ({work_item} / 1 sec),Rate,0
09/11/2026 05:56:57,System.Runtime,dotnet.gc.last_collection.memory.committed_size (By),Metric,0
09/11/2026 05:56:57,System.Runtime,dotnet.gc.last_collection.heap.fragmentation.size (By)[gc.heap.generation=gen0],Metric,0
09/11/2026 05:56:57,System.Runtime,dotnet.gc.last_collection.heap.fragmentation.size (By)[gc.heap.generation=gen2],Metric,0
09/11/2026 05:56:57,System.Runtime,dotnet.gc.last_collection.heap.fragmentation.size (By)[gc.heap.generation=loh],Metric,0
09/11/2026 05:56:57,System.Runtime,dotnet.gc.last_collection.heap.fragmentation.size (By)[gc.heap.generation=gen1],Metric,0
09/11/2026 05:56:57,System.Runtime,dotnet.gc.last_collection.heap.fragmentation.size (By)[gc.heap.generation=poh],Metric,0
09/11/2026 05:56:57,System.Runtime,dotnet.timer.count ({timer}),Metric,2
09/11/2026 05:56:57,System.Runtime,dotnet.assembly.count ({assembly}),Metric,61
09/11/2026 05:56:57,System.Runtime,dotnet.gc.heap.total_allocated (By / 1 sec),Rate,138376
09/11/2026 05:56:57,System.Runtime,dotnet.gc.last_collection.heap.size (By)[gc.heap.generation=gen0],Metric,0
09/11/2026 05:56:57,System.Runtime,dotnet.gc.last_collection.heap.size (By)[gc.heap.generation=gen2],Metric,0
09/11/2026 05:56:57,System.Runtime,dotnet.gc.last_collection.heap.size (By)[gc.heap.generation=loh],Metric,0
09/11/2026 05:56:57,System.Runtime,dotnet.gc.last_collection.heap.size (By)[gc.heap.generation=gen1],Metric,0
09/11/2026 05:56:57,System.Runtime,dotnet.gc.last_collection.heap.size (By)[gc.heap.generation=poh],Metric,0
09/11/2026 05:56:57,System.Runtime,dotnet.thread_pool.work_item.count ({work_item} / 1 sec),Rate,601
09/11/2026 05:56:57,System.Runtime,dotnet.process.memory.working_set (By),Metric,120586240
09/11/2026 05:56:57,System.Runtime,dotnet.thread_pool.thread.count ({thread} / 1 sec),Rate,0
09/11/2026 05:56:57,System.Runtime,dotnet.jit.compilation.time (s / 1 sec),Rate,0
09/11/2026 05:56:58,System.Runtime,dotnet.jit.compiled_il.size (By / 1 sec),Rate,0
09/11/2026 05:56:58,System.Runtime,dotnet.jit.compiled_methods ({method} / 1 sec),Rate,0
09/11/2026 05:56:58,System.Runtime,dotnet.monitor.lock_contentions ({contention} / 1 sec),Rate,0
09/11/2026 05:56:58,System.Runtime,dotnet.gc.collections ({collection} / 1 sec)[gc.heap.generation=gen0],Rate,0
09/11/2026 05:56:58,System.Runtime,dotnet.gc.collections ({collection} / 1 sec)[gc.heap.generation=gen2],Rate,0
09/11/2026 05:56:58,System.Runtime,dotnet.gc.collections ({collection} / 1 sec)[gc.heap.generation=gen1],Rate,0
09/11/2026 05:56:58,System.Runtime,dotnet.process.cpu.time (s / 1 sec)[cpu.mode=user],Rate,0.5824910000000045
09/11/2026 05:56:58,System.Runtime,dotnet.process.cpu.time (s / 1 sec)[cpu.mode=system],Rate,0.04279999999999973
09/11/2026 05:56:58,System.Runtime,dotnet.process.cpu.count ({cpu}),Metric,15
09/11/2026 05:56:58,System.Runtime,dotnet.gc.pause.time (s / 1 sec),Rate,0
09/11/2026 05:56:58,System.Runtime,dotnet.thread_pool.queue.length ({work_item} / 1 sec),Rate,0
09/11/2026 05:56:58,System.Runtime,dotnet.gc.last_collection.memory.committed_size (By),Metric,0
09/11/2026 05:56:58,System.Runtime,dotnet.gc.last_collection.heap.fragmentation.size (By)[gc.heap.generation=gen0],Metric,0
09/11/2026 05:56:58,System.Runtime,dotnet.gc.last_collection.heap.fragmentation.size (By)[gc.heap.generation=gen2],Metric,0
09/11/2026 05:56:58,System.Runtime,dotnet.gc.last_collection.heap.fragmentation.size (By)[gc.heap.generation=loh],Metric,0
09/11/2026 05:56:58,System.Runtime,dotnet.gc.last_collection.heap.fragmentation.size (By)[gc.heap.generation=gen1],Metric,0
09/11/2026 05:56:58,System.Runtime,dotnet.gc.last_collection.heap.fragmentation.size (By)[gc.heap.generation=poh],Metric,0
09/11/2026 05:56:58,System.Runtime,dotnet.timer.count ({timer}),Metric,2
09/11/2026 05:56:58,System.Runtime,dotnet.assembly.count ({assembly}),Metric,61
09/11/2026 05:56:58,System.Runtime,dotnet.gc.heap.total_allocated (By / 1 sec),Rate,123000
09/11/2026 05:56:58,System.Runtime,dotnet.gc.last_collection.heap.size (By)[gc.heap.generation=gen0],Metric,0
09/11/2026 05:56:58,System.Runtime,dotnet.gc.last_collection.heap.size (By)[gc.heap.generation=gen2],Metric,0
09/11/2026 05:56:58,System.Runtime,dotnet.gc.last_collection.heap.size (By)[gc.heap.generation=loh],Metric,0
09/11/2026 05:56:58,System.Runtime,dotnet.gc.last_collection.heap.size (By)[gc.heap.generation=gen1],Metric,0
09/11/2026 05:56:58,System.Runtime,dotnet.gc.last_collection.heap.size (By)[gc.heap.generation=poh],Metric,0
09/11/2026 05:56:58,System.Runtime,dotnet.thread_pool.work_item.count ({work_item} / 1 sec),Rate,601
09/11/2026 05:56:58,System.Runtime,dotnet.process.memory.working_set (By),Metric,120717312
09/11/2026 05:56:58,System.Runtime,dotnet.thread_pool.thread.count ({thread} / 1 sec),Rate,0
09/11/2026 05:56:58,System.Runtime,dotnet.jit.compilation.time (s / 1 sec),Rate,0
09/11/2026 05:56:59,System.Runtime,dotnet.jit.compiled_il.size (By / 1 sec),Rate,0
09/11/2026 05:56:59,System.Runtime,dotnet.jit.compiled_methods ({method} / 1 sec),Rate,0
09/11/2026 05:56:59,System.Runtime,dotnet.monitor.lock_contentions ({contention} / 1 sec),Rate,0
09/11/2026 05:56:59,System.Runtime,dotnet.gc.collections ({collection} / 1 sec)[gc.heap.generation=gen0],Rate,0
09/11/2026 05:56:59,System.Runtime,dotnet.gc.collections ({collection} / 1 sec)[gc.heap.generation=gen2],Rate,0
09/11/2026 05:56:59,System.Runtime,dotnet.gc.collections ({collection} / 1 sec)[gc.heap.generation=gen1],Rate,0
09/11/2026 05:56:59,System.Runtime,dotnet.process.cpu.time (s / 1 sec)[cpu.mode=user],Rate,0.5803410000000042
09/11/2026 05:56:59,System.Runtime,dotnet.process.cpu.time (s / 1 sec)[cpu.mode=system],Rate,0.04857499999999959
09/11/2026 05:56:59,System.Runtime,dotnet.process.cpu.count ({cpu}),Metric,15
09/11/2026 05:56:59,System.Runtime,dotnet.gc.pause.time (s / 1 sec),Rate,0
09/11/2026 05:56:59,System.Runtime,dotnet.thread_pool.queue.length ({work_item} / 1 sec),Rate,0
09/11/2026 05:56:59,System.Runtime,dotnet.gc.last_collection.memory.committed_size (By),Metric,0
09/11/2026 05:56:59,System.Runtime,dotnet.gc.last_collection.heap.fragmentation.size (By)[gc.heap.generation=gen0],Metric,0
09/11/2026 05:56:59,System.Runtime,dotnet.gc.last_collection.heap.fragmentation.size (By)[gc.heap.generation=gen2],Metric,0
09/11/2026 05:56:59,System.Runtime,dotnet.gc.last_collection.heap.fragmentation.size (By)[gc.heap.generation=loh],Metric,0
09/11/2026 05:56:59,System.Runtime,dotnet.gc.last_collection.heap.fragmentation.size (By)[gc.heap.generation=gen1],Metric,0
09/11/2026 05:56:59,System.Runtime,dotnet.gc.last_collection.heap.fragmentation.size (By)[gc.heap.generation=poh],Metric,0
09/11/2026 05:56:59,System.Runtime,dotnet.timer.count ({timer}),Metric,2
09/11/2026 05:56:59,System.Runtime,dotnet.assembly.count ({assembly}),Metric,61
09/11/2026 05:56:59,System.Runtime,dotnet.gc.heap.total_allocated (By / 1 sec),Rate,131200
09/11/2026 05:56:59,System.Runtime,dotnet.gc.last_collection.heap.size (By)[gc.heap.generation=gen0],Metric,0
09/11/2026 05:56:59,System.Runtime,dotnet.gc.last_collection.heap.size (By)[gc.heap.generation=gen2],Metric,0
09/11/2026 05:56:59,System.Runtime,dotnet.gc.last_collection.heap.size (By)[gc.heap.generation=loh],Metric,0
09/11/2026 05:56:59,System.Runtime,dotnet.gc.last_collection.heap.size (By)[gc.heap.generation=gen1],Metric,0
09/11/2026 05:56:59,System.Runtime,dotnet.gc.last_collection.heap.size (By)[gc.heap.generation=poh],Metric,0
09/11/2026 05:56:59,System.Runtime,dotnet.thread_pool.work_item.count ({work_item} / 1 sec),Rate,601
09/11/2026 05:56:59,System.Runtime,dotnet.process.memory.working_set (By),Metric,120881152
09/11/2026 05:56:59,System.Runtime,dotnet.thread_pool.thread.count ({thread} / 1 sec),Rate,0
09/11/2026 05:56:59,System.Runtime,dotnet.jit.compilation.time (s / 1 sec),Rate,0
09/11/2026 05:57:00,System.Runtime,dotnet.jit.compiled_il.size (By / 1 sec),Rate,0
09/11/2026 05:57:00,System.Runtime,dotnet.jit.compiled_methods ({method} / 1 sec),Rate,0
09/11/2026 05:57:00,System.Runtime,dotnet.monitor.lock_contentions ({contention} / 1 sec),Rate,0
09/11/2026 05:57:00,System.Runtime,dotnet.gc.collections ({collection} / 1 sec)[gc.heap.generation=gen0],Rate,0
09/11/2026 05:57:00,System.Runtime,dotnet.gc.collections ({collection} / 1 sec)[gc.heap.generation=gen2],Rate,0
09/11/2026 05:57:00,System.Runtime,dotnet.gc.collections ({collection} / 1 sec)[gc.heap.generation=gen1],Rate,0
09/11/2026 05:57:00,System.Runtime,dotnet.process.cpu.time (s / 1 sec)[cpu.mode=user],Rate,0.5800490000000025
09/11/2026 05:57:00,System.Runtime,dotnet.process.cpu.time (s / 1 sec)[cpu.mode=system],Rate,0.044774000000000314
09/11/2026 05:57:00,System.Runtime,dotnet.process.cpu.count ({cpu}),Metric,15
09/11/2026 05:57:00,System.Runtime,dotnet.gc.pause.time (s / 1 sec),Rate,0
09/11/2026 05:57:00,System.Runtime,dotnet.thread_pool.queue.length ({work_item} / 1 sec),Rate,0
09/11/2026 05:57:00,System.Runtime,dotnet.gc.last_collection.memory.committed_size (By),Metric,0
09/11/2026 05:57:00,System.Runtime,dotnet.gc.last_collection.heap.fragmentation.size (By)[gc.heap.generation=gen0],Metric,0
09/11/2026 05:57:00,System.Runtime,dotnet.gc.last_collection.heap.fragmentation.size (By)[gc.heap.generation=gen2],Metric,0
09/11/2026 05:57:00,System.Runtime,dotnet.gc.last_collection.heap.fragmentation.size (By)[gc.heap.generation=loh],Metric,0
09/11/2026 05:57:00,System.Runtime,dotnet.gc.last_collection.heap.fragmentation.size (By)[gc.heap.generation=gen1],Metric,0
09/11/2026 05:57:00,System.Runtime,dotnet.gc.last_collection.heap.fragmentation.size (By)[gc.heap.generation=poh],Metric,0
09/11/2026 05:57:00,System.Runtime,dotnet.timer.count ({timer}),Metric,2
09/11/2026 05:57:00,System.Runtime,dotnet.assembly.count ({assembly}),Metric,61
09/11/2026 05:57:00,System.Runtime,dotnet.gc.heap.total_allocated (By / 1 sec),Rate,145520
09/11/2026 05:57:00,System.Runtime,dotnet.gc.last_collection.heap.size (By)[gc.heap.generation=gen0],Metric,0
09/11/2026 05:57:00,System.Runtime,dotnet.gc.last_collection.heap.size (By)[gc.heap.generation=gen2],Metric,0
09/11/2026 05:57:00,System.Runtime,dotnet.gc.last_collection.heap.size (By)[gc.heap.generation=loh],Metric,0
09/11/2026 05:57:00,System.Runtime,dotnet.gc.last_collection.heap.size (By)[gc.heap.generation=gen1],Metric,0
09/11/2026 05:57:00,System.Runtime,dotnet.gc.last_collection.heap.size (By)[gc.heap.generation=poh],Metric,0
09/11/2026 05:57:00,System.Runtime,dotnet.thread_pool.work_item.count ({work_item} / 1 sec),Rate,600
09/11/2026 05:57:00,System.Runtime,dotnet.process.memory.working_set (By),Metric,120995840
09/11/2026 05:57:00,System.Runtime,dotnet.thread_pool.thread.count ({thread} / 1 sec),Rate,0
09/11/2026 05:57:00,System.Runtime,dotnet.jit.compilation.time (s / 1 sec),Rate,0
09/11/2026 05:57:01,System.Runtime,dotnet.jit.compiled_il.size (By / 1 sec),Rate,0
09/11/2026 05:57:01,System.Runtime,dotnet.jit.compiled_methods ({method} / 1 sec),Rate,0
09/11/2026 05:57:01,System.Runtime,dotnet.monitor.lock_contentions ({contention} / 1 sec),Rate,0
09/11/2026 05:57:01,System.Runtime,dotnet.gc.collections ({collection} / 1 sec)[gc.heap.generation=gen0],Rate,0
09/11/2026 05:57:01,System.Runtime,dotnet.gc.collections ({collection} / 1 sec)[gc.heap.generation=gen2],Rate,0
09/11/2026 05:57:01,System.Runtime,dotnet.gc.collections ({collection} / 1 sec)[gc.heap.generation=gen1],Rate,0
09/11/2026 05:57:01,System.Runtime,dotnet.process.cpu.time (s / 1 sec)[cpu.mode=user],Rate,0.585062999999991
09/11/2026 05:57:01,System.Runtime,dotnet.process.cpu.time (s / 1 sec)[cpu.mode=system],Rate,0.04208900000000071
09/11/2026 05:57:01,System.Runtime,dotnet.process.cpu.count ({cpu}),Metric,15
09/11/2026 05:57:01,System.Runtime,dotnet.gc.pause.time (s / 1 sec),Rate,0
09/11/2026 05:57:01,System.Runtime,dotnet.thread_pool.queue.length ({work_item} / 1 sec),Rate,0
09/11/2026 05:57:01,System.Runtime,dotnet.gc.last_collection.memory.committed_size (By),Metric,0
09/11/2026 05:57:01,System.Runtime,dotnet.gc.last_collection.heap.fragmentation.size (By)[gc.heap.generation=gen0],Metric,0
09/11/2026 05:57:01,System.Runtime,dotnet.gc.last_collection.heap.fragmentation.size (By)[gc.heap.generation=gen2],Metric,0
09/11/2026 05:57:01,System.Runtime,dotnet.gc.last_collection.heap.fragmentation.size (By)[gc.heap.generation=loh],Metric,0
09/11/2026 05:57:01,System.Runtime,dotnet.gc.last_collection.heap.fragmentation.size (By)[gc.heap.generation=gen1],Metric,0
09/11/2026 05:57:01,System.Runtime,dotnet.gc.last_collection.heap.fragmentation.size (By)[gc.heap.generation=poh],Metric,0
09/11/2026 05:57:01,System.Runtime,dotnet.timer.count ({timer}),Metric,2
09/11/2026 05:57:01,System.Runtime,dotnet.assembly.count ({assembly}),Metric,61
09/11/2026 05:57:01,System.Runtime,dotnet.gc.heap.total_allocated (By / 1 sec),Rate,139384
09/11/2026 05:57:01,System.Runtime,dotnet.gc.last_collection.heap.size (By)[gc.heap.generation=gen0],Metric,0
09/11/2026 05:57:01,System.Runtime,dotnet.gc.last_collection.heap.size (By)[gc.heap.generation=gen2],Metric,0
09/11/2026 05:57:01,System.Runtime,dotnet.gc.last_collection.heap.size (By)[gc.heap.generation=loh],Metric,0
09/11/2026 05:57:01,System.Runtime,dotnet.gc.last_collection.heap.size (By)[gc.heap.generation=gen1],Metric,0
09/11/2026 05:57:01,System.Runtime,dotnet.gc.last_collection.heap.size (By)[gc.heap.generation=poh],Metric,0
09/11/2026 05:57:01,System.Runtime,dotnet.thread_pool.work_item.count ({work_item} / 1 sec),Rate,602
09/11/2026 05:57:01,System.Runtime,dotnet.process.memory.working_set (By),Metric,121192448
09/11/2026 05:57:01,System.Runtime,dotnet.thread_pool.thread.count ({thread} / 1 sec),Rate,0
09/11/2026 05:57:01,System.Runtime,dotnet.jit.compilation.time (s / 1 sec),Rate,0
09/11/2026 05:57:02,System.Runtime,dotnet.jit.compiled_il.size (By / 1 sec),Rate,0
09/11/2026 05:57:02,System.Runtime,dotnet.jit.compiled_methods ({method} / 1 sec),Rate,0
09/11/2026 05:57:02,System.Runtime,dotnet.monitor.lock_contentions ({contention} / 1 sec),Rate,0
09/11/2026 05:57:02,System.Runtime,dotnet.gc.collections ({collection} / 1 sec)[gc.heap.generation=gen0],Rate,0
09/11/2026 05:57:02,System.Runtime,dotnet.gc.collections ({collection} / 1 sec)[gc.heap.generation=gen2],Rate,0
09/11/2026 05:57:02,System.Runtime,dotnet.gc.collections ({collection} / 1 sec)[gc.heap.generation=gen1],Rate,0
09/11/2026 05:57:02,System.Runtime,dotnet.process.cpu.time (s / 1 sec)[cpu.mode=user],Rate,0.5786219999999958
09/11/2026 05:57:02,System.Runtime,dotnet.process.cpu.time (s / 1 sec)[cpu.mode=system],Rate,0.048671999999999827
09/11/2026 05:57:02,System.Runtime,dotnet.process.cpu.count ({cpu}),Metric,15
09/11/2026 05:57:02,System.Runtime,dotnet.gc.pause.time (s / 1 sec),Rate,0
09/11/2026 05:57:02,System.Runtime,dotnet.thread_pool.queue.length ({work_item} / 1 sec),Rate,0
09/11/2026 05:57:02,System.Runtime,dotnet.gc.last_collection.memory.committed_size (By),Metric,0
09/11/2026 05:57:02,System.Runtime,dotnet.gc.last_collection.heap.fragmentation.size (By)[gc.heap.generation=gen0],Metric,0
09/11/2026 05:57:02,System.Runtime,dotnet.gc.last_collection.heap.fragmentation.size (By)[gc.heap.generation=gen2],Metric,0
09/11/2026 05:57:02,System.Runtime,dotnet.gc.last_collection.heap.fragmentation.size (By)[gc.heap.generation=loh],Metric,0
09/11/2026 05:57:02,System.Runtime,dotnet.gc.last_collection.heap.fragmentation.size (By)[gc.heap.generation=gen1],Metric,0
09/11/2026 05:57:02,System.Runtime,dotnet.gc.last_collection.heap.fragmentation.size (By)[gc.heap.generation=poh],Metric,0
09/11/2026 05:57:02,System.Runtime,dotnet.timer.count ({timer}),Metric,2
09/11/2026 05:57:02,System.Runtime,dotnet.assembly.count ({assembly}),Metric,61
09/11/2026 05:57:02,System.Runtime,dotnet.gc.heap.total_allocated (By / 1 sec),Rate,130176
09/11/2026 05:57:02,System.Runtime,dotnet.gc.last_collection.heap.size (By)[gc.heap.generation=gen0],Metric,0
09/11/2026 05:57:02,System.Runtime,dotnet.gc.last_collection.heap.size (By)[gc.heap.generation=gen2],Metric,0
09/11/2026 05:57:02,System.Runtime,dotnet.gc.last_collection.heap.size (By)[gc.heap.generation=loh],Metric,0
09/11/2026 05:57:02,System.Runtime,dotnet.gc.last_collection.heap.size (By)[gc.heap.generation=gen1],Metric,0
09/11/2026 05:57:02,System.Runtime,dotnet.gc.last_collection.heap.size (By)[gc.heap.generation=poh],Metric,0
09/11/2026 05:57:02,System.Runtime,dotnet.thread_pool.work_item.count ({work_item} / 1 sec),Rate,601
09/11/2026 05:57:02,System.Runtime,dotnet.process.memory.working_set (By),Metric,121323520
09/11/2026 05:57:02,System.Runtime,dotnet.thread_pool.thread.count ({thread} / 1 sec),Rate,0
09/11/2026 05:57:02,System.Runtime,dotnet.jit.compilation.time (s / 1 sec),Rate,0
09/11/2026 05:57:03,System.Runtime,dotnet.jit.compiled_il.size (By / 1 sec),Rate,0
09/11/2026 05:57:03,System.Runtime,dotnet.jit.compiled_methods ({method} / 1 sec),Rate,0
09/11/2026 05:57:03,System.Runtime,dotnet.monitor.lock_contentions ({contention} / 1 sec),Rate,0
09/11/2026 05:57:03,System.Runtime,dotnet.gc.collections ({collection} / 1 sec)[gc.heap.generation=gen0],Rate,0
09/11/2026 05:57:03,System.Runtime,dotnet.gc.collections ({collection} / 1 sec)[gc.heap.generation=gen2],Rate,0
09/11/2026 05:57:03,System.Runtime,dotnet.gc.collections ({collection} / 1 sec)[gc.heap.generation=gen1],Rate,0
09/11/2026 05:57:03,System.Runtime,dotnet.process.cpu.time (s / 1 sec)[cpu.mode=user],Rate,0.5750759999999957
09/11/2026 05:57:03,System.Runtime,dotnet.process.cpu.time (s / 1 sec)[cpu.mode=system],Rate,0.0517240000000001
09/11/2026 05:57:03,System.Runtime,dotnet.process.cpu.count ({cpu}),Metric,15
09/11/2026 05:57:03,System.Runtime,dotnet.gc.pause.time (s / 1 sec),Rate,0
09/11/2026 05:57:03,System.Runtime,dotnet.thread_pool.queue.length ({work_item} / 1 sec),Rate,0
09/11/2026 05:57:03,System.Runtime,dotnet.gc.last_collection.memory.committed_size (By),Metric,0
09/11/2026 05:57:03,System.Runtime,dotnet.gc.last_collection.heap.fragmentation.size (By)[gc.heap.generation=gen0],Metric,0
09/11/2026 05:57:03,System.Runtime,dotnet.gc.last_collection.heap.fragmentation.size (By)[gc.heap.generation=gen2],Metric,0
09/11/2026 05:57:03,System.Runtime,dotnet.gc.last_collection.heap.fragmentation.size (By)[gc.heap.generation=loh],Metric,0
09/11/2026 05:57:03,System.Runtime,dotnet.gc.last_collection.heap.fragmentation.size (By)[gc.heap.generation=gen1],Metric,0
09/11/2026 05:57:03,System.Runtime,dotnet.gc.last_collection.heap.fragmentation.size (By)[gc.heap.generation=poh],Metric,0
09/11/2026 05:57:03,System.Runtime,dotnet.timer.count ({timer}),Metric,2
09/11/2026 05:57:03,System.Runtime,dotnet.assembly.count ({assembly}),Metric,61
09/11/2026 05:57:03,System.Runtime,dotnet.gc.heap.total_allocated (By / 1 sec),Rate,139400
09/11/2026 05:57:03,System.Runtime,dotnet.gc.last_collection.heap.size (By)[gc.heap.generation=gen0],Metric,0
09/11/2026 05:57:03,System.Runtime,dotnet.gc.last_collection.heap.size (By)[gc.heap.generation=gen2],Metric,0
09/11/2026 05:57:03,System.Runtime,dotnet.gc.last_collection.heap.size (By)[gc.heap.generation=loh],Metric,0
09/11/2026 05:57:03,System.Runtime,dotnet.gc.last_collection.heap.size (By)[gc.heap.generation=gen1],Metric,0
09/11/2026 05:57:03,System.Runtime,dotnet.gc.last_collection.heap.size (By)[gc.heap.generation=poh],Metric,0
09/11/2026 05:57:03,System.Runtime,dotnet.thread_pool.work_item.count ({work_item} / 1 sec),Rate,600
09/11/2026 05:57:03,System.Runtime,dotnet.process.memory.working_set (By),Metric,121470976
09/11/2026 05:57:03,System.Runtime,dotnet.thread_pool.thread.count ({thread} / 1 sec),Rate,0
09/11/2026 05:57:03,System.Runtime,dotnet.jit.compilation.time (s / 1 sec),Rate,0
09/11/2026 05:57:04,System.Runtime,dotnet.jit.compiled_il.size (By / 1 sec),Rate,0
09/11/2026 05:57:04,System.Runtime,dotnet.jit.compiled_methods ({method} / 1 sec),Rate,0
09/11/2026 05:57:04,System.Runtime,dotnet.monitor.lock_contentions ({contention} / 1 sec),Rate,1
09/11/2026 05:57:04,System.Runtime,dotnet.gc.collections ({collection} / 1 sec)[gc.heap.generation=gen0],Rate,0
09/11/2026 05:57:04,System.Runtime,dotnet.gc.collections ({collection} / 1 sec)[gc.heap.generation=gen2],Rate,0
09/11/2026 05:57:04,System.Runtime,dotnet.gc.collections ({collection} / 1 sec)[gc.heap.generation=gen1],Rate,0
09/11/2026 05:57:04,System.Runtime,dotnet.process.cpu.time (s / 1 sec)[cpu.mode=user],Rate,0.5750940000000071
09/11/2026 05:57:04,System.Runtime,dotnet.process.cpu.time (s / 1 sec)[cpu.mode=system],Rate,0.060691999999999524
09/11/2026 05:57:04,System.Runtime,dotnet.process.cpu.count ({cpu}),Metric,15
09/11/2026 05:57:04,System.Runtime,dotnet.gc.pause.time (s / 1 sec),Rate,0
09/11/2026 05:57:04,System.Runtime,dotnet.thread_pool.queue.length ({work_item} / 1 sec),Rate,0
09/11/2026 05:57:04,System.Runtime,dotnet.gc.last_collection.memory.committed_size (By),Metric,0
09/11/2026 05:57:04,System.Runtime,dotnet.gc.last_collection.heap.fragmentation.size (By)[gc.heap.generation=gen0],Metric,0
09/11/2026 05:57:04,System.Runtime,dotnet.gc.last_collection.heap.fragmentation.size (By)[gc.heap.generation=gen2],Metric,0
09/11/2026 05:57:04,System.Runtime,dotnet.gc.last_collection.heap.fragmentation.size (By)[gc.heap.generation=loh],Metric,0
09/11/2026 05:57:04,System.Runtime,dotnet.gc.last_collection.heap.fragmentation.size (By)[gc.heap.generation=gen1],Metric,0
09/11/2026 05:57:04,System.Runtime,dotnet.gc.last_collection.heap.fragmentation.size (By)[gc.heap.generation=poh],Metric,0
09/11/2026 05:57:04,System.Runtime,dotnet.timer.count ({timer}),Metric,2
09/11/2026 05:57:04,System.Runtime,dotnet.assembly.count ({assembly}),Metric,61
09/11/2026 05:57:04,System.Runtime,dotnet.gc.heap.total_allocated (By / 1 sec),Rate,131200
09/11/2026 05:57:04,System.Runtime,dotnet.gc.last_collection.heap.size (By)[gc.heap.generation=gen0],Metric,0
09/11/2026 05:57:04,System.Runtime,dotnet.gc.last_collection.heap.size (By)[gc.heap.generation=gen2],Metric,0
09/11/2026 05:57:04,System.Runtime,dotnet.gc.last_collection.heap.size (By)[gc.heap.generation=loh],Metric,0
09/11/2026 05:57:04,System.Runtime,dotnet.gc.last_collection.heap.size (By)[gc.heap.generation=gen1],Metric,0
09/11/2026 05:57:04,System.Runtime,dotnet.gc.last_collection.heap.size (By)[gc.heap.generation=poh],Metric,0
09/11/2026 05:57:04,System.Runtime,dotnet.thread_pool.work_item.count ({work_item} / 1 sec),Rate,601
09/11/2026 05:57:04,System.Runtime,dotnet.process.memory.working_set (By),Metric,121618432
09/11/2026 05:57:04,System.Runtime,dotnet.thread_pool.thread.count ({thread} / 1 sec),Rate,0
09/11/2026 05:57:04,System.Runtime,dotnet.jit.compilation.time (s / 1 sec),Rate,0
09/11/2026 05:57:05,System.Runtime,dotnet.jit.compiled_il.size (By / 1 sec),Rate,0
09/11/2026 05:57:05,System.Runtime,dotnet.jit.compiled_methods ({method} / 1 sec),Rate,0
09/11/2026 05:57:05,System.Runtime,dotnet.monitor.lock_contentions ({contention} / 1 sec),Rate,0
09/11/2026 05:57:05,System.Runtime,dotnet.gc.collections ({collection} / 1 sec)[gc.heap.generation=gen0],Rate,0
09/11/2026 05:57:05,System.Runtime,dotnet.gc.collections ({collection} / 1 sec)[gc.heap.generation=gen2],Rate,0
09/11/2026 05:57:05,System.Runtime,dotnet.gc.collections ({collection} / 1 sec)[gc.heap.generation=gen1],Rate,0
09/11/2026 05:57:05,System.Runtime,dotnet.process.cpu.time (s / 1 sec)[cpu.mode=user],Rate,0.5807849999999917
09/11/2026 05:57:05,System.Runtime,dotnet.process.cpu.time (s / 1 sec)[cpu.mode=system],Rate,0.04213700000000031
09/11/2026 05:57:05,System.Runtime,dotnet.process.cpu.count ({cpu}),Metric,15
09/11/2026 05:57:05,System.Runtime,dotnet.gc.pause.time (s / 1 sec),Rate,0
09/11/2026 05:57:05,System.Runtime,dotnet.thread_pool.queue.length ({work_item} / 1 sec),Rate,0
09/11/2026 05:57:05,System.Runtime,dotnet.gc.last_collection.memory.committed_size (By),Metric,0
09/11/2026 05:57:05,System.Runtime,dotnet.gc.last_collection.heap.fragmentation.size (By)[gc.heap.generation=gen0],Metric,0
09/11/2026 05:57:05,System.Runtime,dotnet.gc.last_collection.heap.fragmentation.size (By)[gc.heap.generation=gen2],Metric,0
09/11/2026 05:57:05,System.Runtime,dotnet.gc.last_collection.heap.fragmentation.size (By)[gc.heap.generation=loh],Metric,0
09/11/2026 05:57:05,System.Runtime,dotnet.gc.last_collection.heap.fragmentation.size (By)[gc.heap.generation=gen1],Metric,0
09/11/2026 05:57:05,System.Runtime,dotnet.gc.last_collection.heap.fragmentation.size (By)[gc.heap.generation=poh],Metric,0
09/11/2026 05:57:05,System.Runtime,dotnet.timer.count ({timer}),Metric,2
09/11/2026 05:57:05,System.Runtime,dotnet.assembly.count ({assembly}),Metric,61
09/11/2026 05:57:05,System.Runtime,dotnet.gc.heap.total_allocated (By / 1 sec),Rate,138312
09/11/2026 05:57:05,System.Runtime,dotnet.gc.last_collection.heap.size (By)[gc.heap.generation=gen0],Metric,0
09/11/2026 05:57:05,System.Runtime,dotnet.gc.last_collection.heap.size (By)[gc.heap.generation=gen2],Metric,0
09/11/2026 05:57:05,System.Runtime,dotnet.gc.last_collection.heap.size (By)[gc.heap.generation=loh],Metric,0
09/11/2026 05:57:05,System.Runtime,dotnet.gc.last_collection.heap.size (By)[gc.heap.generation=gen1],Metric,0
09/11/2026 05:57:05,System.Runtime,dotnet.gc.last_collection.heap.size (By)[gc.heap.generation=poh],Metric,0
09/11/2026 05:57:05,System.Runtime,dotnet.thread_pool.work_item.count ({work_item} / 1 sec),Rate,601
09/11/2026 05:57:05,System.Runtime,dotnet.process.memory.working_set (By),Metric,121798656
09/11/2026 05:57:05,System.Runtime,dotnet.thread_pool.thread.count ({thread} / 1 sec),Rate,0
09/11/2026 05:57:05,System.Runtime,dotnet.jit.compilation.time (s / 1 sec),Rate,0
09/11/2026 05:57:06,System.Runtime,dotnet.jit.compiled_il.size (By / 1 sec),Rate,0
09/11/2026 05:57:06,System.Runtime,dotnet.jit.compiled_methods ({method} / 1 sec),Rate,0
09/11/2026 05:57:06,System.Runtime,dotnet.monitor.lock_contentions ({contention} / 1 sec),Rate,0
09/11/2026 05:57:06,System.Runtime,dotnet.gc.collections ({collection} / 1 sec)[gc.heap.generation=gen0],Rate,0
09/11/2026 05:57:06,System.Runtime,dotnet.gc.collections ({collection} / 1 sec)[gc.heap.generation=gen2],Rate,0
09/11/2026 05:57:06,System.Runtime,dotnet.gc.collections ({collection} / 1 sec)[gc.heap.generation=gen1],Rate,0
09/11/2026 05:57:06,System.Runtime,dotnet.process.cpu.time (s / 1 sec)[cpu.mode=user],Rate,0.5866240000000005
09/11/2026 05:57:06,System.Runtime,dotnet.process.cpu.time (s / 1 sec)[cpu.mode=system],Rate,0.04562699999999964
09/11/2026 05:57:06,System.Runtime,dotnet.process.cpu.count ({cpu}),Metric,15
09/11/2026 05:57:06,System.Runtime,dotnet.gc.pause.time (s / 1 sec),Rate,0
09/11/2026 05:57:06,System.Runtime,dotnet.thread_pool.queue.length ({work_item} / 1 sec),Rate,0
09/11/2026 05:57:06,System.Runtime,dotnet.gc.last_collection.memory.committed_size (By),Metric,0
09/11/2026 05:57:06,System.Runtime,dotnet.gc.last_collection.heap.fragmentation.size (By)[gc.heap.generation=gen0],Metric,0
09/11/2026 05:57:06,System.Runtime,dotnet.gc.last_collection.heap.fragmentation.size (By)[gc.heap.generation=gen2],Metric,0
09/11/2026 05:57:06,System.Runtime,dotnet.gc.last_collection.heap.fragmentation.size (By)[gc.heap.generation=loh],Metric,0
09/11/2026 05:57:06,System.Runtime,dotnet.gc.last_collection.heap.fragmentation.size (By)[gc.heap.generation=gen1],Metric,0
09/11/2026 05:57:06,System.Runtime,dotnet.gc.last_collection.heap.fragmentation.size (By)[gc.heap.generation=poh],Metric,0
09/11/2026 05:57:06,System.Runtime,dotnet.timer.count ({timer}),Metric,2
09/11/2026 05:57:06,System.Runtime,dotnet.assembly.count ({assembly}),Metric,61
09/11/2026 05:57:06,System.Runtime,dotnet.gc.heap.total_allocated (By / 1 sec),Rate,146592
09/11/2026 05:57:06,System.Runtime,dotnet.gc.last_collection.heap.size (By)[gc.heap.generation=gen0],Metric,0
09/11/2026 05:57:06,System.Runtime,dotnet.gc.last_collection.heap.size (By)[gc.heap.generation=gen2],Metric,0
09/11/2026 05:57:06,System.Runtime,dotnet.gc.last_collection.heap.size (By)[gc.heap.generation=loh],Metric,0
09/11/2026 05:57:06,System.Runtime,dotnet.gc.last_collection.heap.size (By)[gc.heap.generation=gen1],Metric,0
09/11/2026 05:57:06,System.Runtime,dotnet.gc.last_collection.heap.size (By)[gc.heap.generation=poh],Metric,0
09/11/2026 05:57:06,System.Runtime,dotnet.thread_pool.work_item.count ({work_item} / 1 sec),Rate,602
09/11/2026 05:57:06,System.Runtime,dotnet.process.memory.working_set (By),Metric,121946112
09/11/2026 05:57:06,System.Runtime,dotnet.thread_pool.thread.count ({thread} / 1 sec),Rate,0
09/11/2026 05:57:06,System.Runtime,dotnet.jit.compilation.time (s / 1 sec),Rate,0
09/11/2026 05:57:07,System.Runtime,dotnet.jit.compiled_il.size (By / 1 sec),Rate,0
09/11/2026 05:57:07,System.Runtime,dotnet.jit.compiled_methods ({method} / 1 sec),Rate,0
09/11/2026 05:57:07,System.Runtime,dotnet.monitor.lock_contentions ({contention} / 1 sec),Rate,0
09/11/2026 05:57:07,System.Runtime,dotnet.gc.collections ({collection} / 1 sec)[gc.heap.generation=gen0],Rate,0
09/11/2026 05:57:07,System.Runtime,dotnet.gc.collections ({collection} / 1 sec)[gc.heap.generation=gen2],Rate,0
09/11/2026 05:57:07,System.Runtime,dotnet.gc.collections ({collection} / 1 sec)[gc.heap.generation=gen1],Rate,0
09/11/2026 05:57:07,System.Runtime,dotnet.process.cpu.time (s / 1 sec)[cpu.mode=user],Rate,0.5876850000000218
09/11/2026 05:57:07,System.Runtime,dotnet.process.cpu.time (s / 1 sec)[cpu.mode=system],Rate,0.04644900000000085
09/11/2026 05:57:07,System.Runtime,dotnet.process.cpu.count ({cpu}),Metric,15
09/11/2026 05:57:07,System.Runtime,dotnet.gc.pause.time (s / 1 sec),Rate,0
09/11/2026 05:57:07,System.Runtime,dotnet.thread_pool.queue.length ({work_item} / 1 sec),Rate,0
09/11/2026 05:57:07,System.Runtime,dotnet.gc.last_collection.memory.committed_size (By),Metric,0
09/11/2026 05:57:07,System.Runtime,dotnet.gc.last_collection.heap.fragmentation.size (By)[gc.heap.generation=gen0],Metric,0
09/11/2026 05:57:07,System.Runtime,dotnet.gc.last_collection.heap.fragmentation.size (By)[gc.heap.generation=gen2],Metric,0
09/11/2026 05:57:07,System.Runtime,dotnet.gc.last_collection.heap.fragmentation.size (By)[gc.heap.generation=loh],Metric,0
09/11/2026 05:57:07,System.Runtime,dotnet.gc.last_collection.heap.fragmentation.size (By)[gc.heap.generation=gen1],Metric,0
09/11/2026 05:57:07,System.Runtime,dotnet.gc.last_collection.heap.fragmentation.size (By)[gc.heap.generation=poh],Metric,0
09/11/2026 05:57:07,System.Runtime,dotnet.timer.count ({timer}),Metric,2
09/11/2026 05:57:07,System.Runtime,dotnet.assembly.count ({assembly}),Metric,61
09/11/2026 05:57:07,System.Runtime,dotnet.gc.heap.total_allocated (By / 1 sec),Rate,137352
09/11/2026 05:57:07,System.Runtime,dotnet.gc.last_collection.heap.size (By)[gc.heap.generation=gen0],Metric,0
09/11/2026 05:57:07,System.Runtime,dotnet.gc.last_collection.heap.size (By)[gc.heap.generation=gen2],Metric,0
09/11/2026 05:57:07,System.Runtime,dotnet.gc.last_collection.heap.size (By)[gc.heap.generation=loh],Metric,0
09/11/2026 05:57:07,System.Runtime,dotnet.gc.last_collection.heap.size (By)[gc.heap.generation=gen1],Metric,0
09/11/2026 05:57:07,System.Runtime,dotnet.gc.last_collection.heap.size (By)[gc.heap.generation=poh],Metric,0
09/11/2026 05:57:07,System.Runtime,dotnet.thread_pool.work_item.count ({work_item} / 1 sec),Rate,601
09/11/2026 05:57:07,System.Runtime,dotnet.process.memory.working_set (By),Metric,122093568
09/11/2026 05:57:07,System.Runtime,dotnet.thread_pool.thread.count ({thread} / 1 sec),Rate,0
09/11/2026 05:57:07,System.Runtime,dotnet.jit.compilation.time (s / 1 sec),Rate,0
09/11/2026 05:57:08,System.Runtime,dotnet.jit.compiled_il.size (By / 1 sec),Rate,0
09/11/2026 05:57:08,System.Runtime,dotnet.jit.compiled_methods ({method} / 1 sec),Rate,0
09/11/2026 05:57:08,System.Runtime,dotnet.monitor.lock_contentions ({contention} / 1 sec),Rate,0
09/11/2026 05:57:08,System.Runtime,dotnet.gc.collections ({collection} / 1 sec)[gc.heap.generation=gen0],Rate,0
09/11/2026 05:57:08,System.Runtime,dotnet.gc.collections ({collection} / 1 sec)[gc.heap.generation=gen2],Rate,0
09/11/2026 05:57:08,System.Runtime,dotnet.gc.collections ({collection} / 1 sec)[gc.heap.generation=gen1],Rate,0
09/11/2026 05:57:08,System.Runtime,dotnet.process.cpu.time (s / 1 sec)[cpu.mode=user],Rate,0.5842569999999796
09/11/2026 05:57:08,System.Runtime,dotnet.process.cpu.time (s / 1 sec)[cpu.mode=system],Rate,0.04345399999999877
09/11/2026 05:57:08,System.Runtime,dotnet.process.cpu.count ({cpu}),Metric,15
09/11/2026 05:57:08,System.Runtime,dotnet.gc.pause.time (s / 1 sec),Rate,0
09/11/2026 05:57:08,System.Runtime,dotnet.thread_pool.queue.length ({work_item} / 1 sec),Rate,0
09/11/2026 05:57:08,System.Runtime,dotnet.gc.last_collection.memory.committed_size (By),Metric,0
09/11/2026 05:57:08,System.Runtime,dotnet.gc.last_collection.heap.fragmentation.size (By)[gc.heap.generation=gen0],Metric,0
09/11/2026 05:57:08,System.Runtime,dotnet.gc.last_collection.heap.fragmentation.size (By)[gc.heap.generation=gen2],Metric,0
09/11/2026 05:57:08,System.Runtime,dotnet.gc.last_collection.heap.fragmentation.size (By)[gc.heap.generation=loh],Metric,0
09/11/2026 05:57:08,System.Runtime,dotnet.gc.last_collection.heap.fragmentation.size (By)[gc.heap.generation=gen1],Metric,0
09/11/2026 05:57:08,System.Runtime,dotnet.gc.last_collection.heap.fragmentation.size (By)[gc.heap.generation=poh],Metric,0
09/11/2026 05:57:08,System.Runtime,dotnet.timer.count ({timer}),Metric,2
09/11/2026 05:57:08,System.Runtime,dotnet.assembly.count ({assembly}),Metric,61
09/11/2026 05:57:08,System.Runtime,dotnet.gc.heap.total_allocated (By / 1 sec),Rate,131200
09/11/2026 05:57:08,System.Runtime,dotnet.gc.last_collection.heap.size (By)[gc.heap.generation=gen0],Metric,0
09/11/2026 05:57:08,System.Runtime,dotnet.gc.last_collection.heap.size (By)[gc.heap.generation=gen2],Metric,0
09/11/2026 05:57:08,System.Runtime,dotnet.gc.last_collection.heap.size (By)[gc.heap.generation=loh],Metric,0
09/11/2026 05:57:08,System.Runtime,dotnet.gc.last_collection.heap.size (By)[gc.heap.generation=gen1],Metric,0
09/11/2026 05:57:08,System.Runtime,dotnet.gc.last_collection.heap.size (By)[gc.heap.generation=poh],Metric,0
09/11/2026 05:57:08,System.Runtime,dotnet.thread_pool.work_item.count ({work_item} / 1 sec),Rate,601
09/11/2026 05:57:08,System.Runtime,dotnet.process.memory.working_set (By),Metric,122257408
09/11/2026 05:57:08,System.Runtime,dotnet.thread_pool.thread.count ({thread} / 1 sec),Rate,0
09/11/2026 05:57:08,System.Runtime,dotnet.jit.compilation.time (s / 1 sec),Rate,0
09/11/2026 05:57:09,System.Runtime,dotnet.jit.compiled_il.size (By / 1 sec),Rate,0
09/11/2026 05:57:09,System.Runtime,dotnet.jit.compiled_methods ({method} / 1 sec),Rate,0
09/11/2026 05:57:09,System.Runtime,dotnet.monitor.lock_contentions ({contention} / 1 sec),Rate,0
09/11/2026 05:57:09,System.Runtime,dotnet.gc.collections ({collection} / 1 sec)[gc.heap.generation=gen0],Rate,0
09/11/2026 05:57:09,System.Runtime,dotnet.gc.collections ({collection} / 1 sec)[gc.heap.generation=gen2],Rate,0
09/11/2026 05:57:09,System.Runtime,dotnet.gc.collections ({collection} / 1 sec)[gc.heap.generation=gen1],Rate,0
09/11/2026 05:57:09,System.Runtime,dotnet.process.cpu.time (s / 1 sec)[cpu.mode=user],Rate,0.5759590000000117
09/11/2026 05:57:09,System.Runtime,dotnet.process.cpu.time (s / 1 sec)[cpu.mode=system],Rate,0.040015000000000356
09/11/2026 05:57:09,System.Runtime,dotnet.process.cpu.count ({cpu}),Metric,15
09/11/2026 05:57:09,System.Runtime,dotnet.gc.pause.time (s / 1 sec),Rate,0
09/11/2026 05:57:09,System.Runtime,dotnet.thread_pool.queue.length ({work_item} / 1 sec),Rate,0
09/11/2026 05:57:09,System.Runtime,dotnet.gc.last_collection.memory.committed_size (By),Metric,0
09/11/2026 05:57:09,System.Runtime,dotnet.gc.last_collection.heap.fragmentation.size (By)[gc.heap.generation=gen0],Metric,0
09/11/2026 05:57:09,System.Runtime,dotnet.gc.last_collection.heap.fragmentation.size (By)[gc.heap.generation=gen2],Metric,0
09/11/2026 05:57:09,System.Runtime,dotnet.gc.last_collection.heap.fragmentation.size (By)[gc.heap.generation=loh],Metric,0
09/11/2026 05:57:09,System.Runtime,dotnet.gc.last_collection.heap.fragmentation.size (By)[gc.heap.generation=gen1],Metric,0
09/11/2026 05:57:09,System.Runtime,dotnet.gc.last_collection.heap.fragmentation.size (By)[gc.heap.generation=poh],Metric,0
09/11/2026 05:57:09,System.Runtime,dotnet.timer.count ({timer}),Metric,2
09/11/2026 05:57:09,System.Runtime,dotnet.assembly.count ({assembly}),Metric,61
09/11/2026 05:57:09,System.Runtime,dotnet.gc.heap.total_allocated (By / 1 sec),Rate,130120
09/11/2026 05:57:09,System.Runtime,dotnet.gc.last_collection.heap.size (By)[gc.heap.generation=gen0],Metric,0
09/11/2026 05:57:09,System.Runtime,dotnet.gc.last_collection.heap.size (By)[gc.heap.generation=gen2],Metric,0
09/11/2026 05:57:09,System.Runtime,dotnet.gc.last_collection.heap.size (By)[gc.heap.generation=loh],Metric,0
09/11/2026 05:57:09,System.Runtime,dotnet.gc.last_collection.heap.size (By)[gc.heap.generation=gen1],Metric,0
09/11/2026 05:57:09,System.Runtime,dotnet.gc.last_collection.heap.size (By)[gc.heap.generation=poh],Metric,0
09/11/2026 05:57:09,System.Runtime,dotnet.thread_pool.work_item.count ({work_item} / 1 sec),Rate,601
09/11/2026 05:57:09,System.Runtime,dotnet.process.memory.working_set (By),Metric,122404864
09/11/2026 05:57:09,System.Runtime,dotnet.thread_pool.thread.count ({thread} / 1 sec),Rate,0
09/11/2026 05:57:09,System.Runtime,dotnet.jit.compilation.time (s / 1 sec),Rate,0
09/11/2026 05:57:10,System.Runtime,dotnet.jit.compiled_il.size (By / 1 sec),Rate,0
09/11/2026 05:57:10,System.Runtime,dotnet.jit.compiled_methods ({method} / 1 sec),Rate,0
09/11/2026 05:57:10,System.Runtime,dotnet.monitor.lock_contentions ({contention} / 1 sec),Rate,0
09/11/2026 05:57:10,System.Runtime,dotnet.gc.collections ({collection} / 1 sec)[gc.heap.generation=gen0],Rate,0
09/11/2026 05:57:10,System.Runtime,dotnet.gc.collections ({collection} / 1 sec)[gc.heap.generation=gen2],Rate,0
09/11/2026 05:57:10,System.Runtime,dotnet.gc.collections ({collection} / 1 sec)[gc.heap.generation=gen1],Rate,0
09/11/2026 05:57:10,System.Runtime,dotnet.process.cpu.time (s / 1 sec)[cpu.mode=user],Rate,0.5861289999999997
09/11/2026 05:57:10,System.Runtime,dotnet.process.cpu.time (s / 1 sec)[cpu.mode=system],Rate,0.045267000000000834
09/11/2026 05:57:10,System.Runtime,dotnet.process.cpu.count ({cpu}),Metric,15
09/11/2026 05:57:10,System.Runtime,dotnet.gc.pause.time (s / 1 sec),Rate,0
09/11/2026 05:57:10,System.Runtime,dotnet.thread_pool.queue.length ({work_item} / 1 sec),Rate,0
09/11/2026 05:57:10,System.Runtime,dotnet.gc.last_collection.memory.committed_size (By),Metric,0
09/11/2026 05:57:10,System.Runtime,dotnet.gc.last_collection.heap.fragmentation.size (By)[gc.heap.generation=gen0],Metric,0
09/11/2026 05:57:10,System.Runtime,dotnet.gc.last_collection.heap.fragmentation.size (By)[gc.heap.generation=gen2],Metric,0
09/11/2026 05:57:10,System.Runtime,dotnet.gc.last_collection.heap.fragmentation.size (By)[gc.heap.generation=loh],Metric,0
09/11/2026 05:57:10,System.Runtime,dotnet.gc.last_collection.heap.fragmentation.size (By)[gc.heap.generation=gen1],Metric,0
09/11/2026 05:57:10,System.Runtime,dotnet.gc.last_collection.heap.fragmentation.size (By)[gc.heap.generation=poh],Metric,0
09/11/2026 05:57:10,System.Runtime,dotnet.timer.count ({timer}),Metric,2
09/11/2026 05:57:10,System.Runtime,dotnet.assembly.count ({assembly}),Metric,61
09/11/2026 05:57:10,System.Runtime,dotnet.gc.heap.total_allocated (By / 1 sec),Rate,147600
09/11/2026 05:57:10,System.Runtime,dotnet.gc.last_collection.heap.size (By)[gc.heap.generation=gen0],Metric,0
09/11/2026 05:57:10,System.Runtime,dotnet.gc.last_collection.heap.size (By)[gc.heap.generation=gen2],Metric,0
09/11/2026 05:57:10,System.Runtime,dotnet.gc.last_collection.heap.size (By)[gc.heap.generation=loh],Metric,0
09/11/2026 05:57:10,System.Runtime,dotnet.gc.last_collection.heap.size (By)[gc.heap.generation=gen1],Metric,0
09/11/2026 05:57:10,System.Runtime,dotnet.gc.last_collection.heap.size (By)[gc.heap.generation=poh],Metric,0
09/11/2026 05:57:10,System.Runtime,dotnet.thread_pool.work_item.count ({work_item} / 1 sec),Rate,601
09/11/2026 05:57:10,System.Runtime,dotnet.process.memory.working_set (By),Metric,122552320
09/11/2026 05:57:10,System.Runtime,dotnet.thread_pool.thread.count ({thread} / 1 sec),Rate,0
09/11/2026 05:57:10,System.Runtime,dotnet.jit.compilation.time (s / 1 sec),Rate,0
09/11/2026 05:57:11,System.Runtime,dotnet.jit.compiled_il.size (By / 1 sec),Rate,0
09/11/2026 05:57:11,System.Runtime,dotnet.jit.compiled_methods ({method} / 1 sec),Rate,0
09/11/2026 05:57:11,System.Runtime,dotnet.monitor.lock_contentions ({contention} / 1 sec),Rate,0
09/11/2026 05:57:11,System.Runtime,dotnet.gc.collections ({collection} / 1 sec)[gc.heap.generation=gen0],Rate,0
09/11/2026 05:57:11,System.Runtime,dotnet.gc.collections ({collection} / 1 sec)[gc.heap.generation=gen2],Rate,0
09/11/2026 05:57:11,System.Runtime,dotnet.gc.collections ({collection} / 1 sec)[gc.heap.generation=gen1],Rate,0
09/11/2026 05:57:11,System.Runtime,dotnet.process.cpu.time (s / 1 sec)[cpu.mode=user],Rate,0.5864589999999907
09/11/2026 05:57:11,System.Runtime,dotnet.process.cpu.time (s / 1 sec)[cpu.mode=system],Rate,0.04878300000000024
09/11/2026 05:57:11,System.Runtime,dotnet.process.cpu.count ({cpu}),Metric,15
09/11/2026 05:57:11,System.Runtime,dotnet.gc.pause.time (s / 1 sec),Rate,0
09/11/2026 05:57:11,System.Runtime,dotnet.thread_pool.queue.length ({work_item} / 1 sec),Rate,0
09/11/2026 05:57:11,System.Runtime,dotnet.gc.last_collection.memory.committed_size (By),Metric,0
09/11/2026 05:57:11,System.Runtime,dotnet.gc.last_collection.heap.fragmentation.size (By)[gc.heap.generation=gen0],Metric,0
09/11/2026 05:57:11,System.Runtime,dotnet.gc.last_collection.heap.fragmentation.size (By)[gc.heap.generation=gen2],Metric,0
09/11/2026 05:57:11,System.Runtime,dotnet.gc.last_collection.heap.fragmentation.size (By)[gc.heap.generation=loh],Metric,0
09/11/2026 05:57:11,System.Runtime,dotnet.gc.last_collection.heap.fragmentation.size (By)[gc.heap.generation=gen1],Metric,0
09/11/2026 05:57:11,System.Runtime,dotnet.gc.last_collection.heap.fragmentation.size (By)[gc.heap.generation=poh],Metric,0
09/11/2026 05:57:11,System.Runtime,dotnet.timer.count ({timer}),Metric,2
09/11/2026 05:57:11,System.Runtime,dotnet.assembly.count ({assembly}),Metric,61
09/11/2026 05:57:11,System.Runtime,dotnet.gc.heap.total_allocated (By / 1 sec),Rate,131176
09/11/2026 05:57:11,System.Runtime,dotnet.gc.last_collection.heap.size (By)[gc.heap.generation=gen0],Metric,0
09/11/2026 05:57:11,System.Runtime,dotnet.gc.last_collection.heap.size (By)[gc.heap.generation=gen2],Metric,0
09/11/2026 05:57:11,System.Runtime,dotnet.gc.last_collection.heap.size (By)[gc.heap.generation=loh],Metric,0
09/11/2026 05:57:11,System.Runtime,dotnet.gc.last_collection.heap.size (By)[gc.heap.generation=gen1],Metric,0
09/11/2026 05:57:11,System.Runtime,dotnet.gc.last_collection.heap.size (By)[gc.heap.generation=poh],Metric,0
09/11/2026 05:57:11,System.Runtime,dotnet.thread_pool.work_item.count ({work_item} / 1 sec),Rate,602
09/11/2026 05:57:11,System.Runtime,dotnet.process.memory.working_set (By),Metric,122699776
09/11/2026 05:57:11,System.Runtime,dotnet.thread_pool.thread.count ({thread} / 1 sec),Rate,0
09/11/2026 05:57:11,System.Runtime,dotnet.jit.compilation.time (s / 1 sec),Rate,0
09/11/2026 05:57:12,System.Runtime,dotnet.jit.compiled_il.size (By / 1 sec),Rate,14
09/11/2026 05:57:12,System.Runtime,dotnet.jit.compiled_methods ({method} / 1 sec),Rate,1
09/11/2026 05:57:12,System.Runtime,dotnet.monitor.lock_contentions ({contention} / 1 sec),Rate,1
09/11/2026 05:57:12,System.Runtime,dotnet.gc.collections ({collection} / 1 sec)[gc.heap.generation=gen0],Rate,0
09/11/2026 05:57:12,System.Runtime,dotnet.gc.collections ({collection} / 1 sec)[gc.heap.generation=gen2],Rate,0
09/11/2026 05:57:12,System.Runtime,dotnet.gc.collections ({collection} / 1 sec)[gc.heap.generation=gen1],Rate,0
09/11/2026 05:57:12,System.Runtime,dotnet.process.cpu.time (s / 1 sec)[cpu.mode=user],Rate,0.5883469999999988
09/11/2026 05:57:12,System.Runtime,dotnet.process.cpu.time (s / 1 sec)[cpu.mode=system],Rate,0.046904999999998864
09/11/2026 05:57:12,System.Runtime,dotnet.process.cpu.count ({cpu}),Metric,15
09/11/2026 05:57:12,System.Runtime,dotnet.gc.pause.time (s / 1 sec),Rate,0
09/11/2026 05:57:12,System.Runtime,dotnet.thread_pool.queue.length ({work_item} / 1 sec),Rate,0
09/11/2026 05:57:12,System.Runtime,dotnet.gc.last_collection.memory.committed_size (By),Metric,0
09/11/2026 05:57:12,System.Runtime,dotnet.gc.last_collection.heap.fragmentation.size (By)[gc.heap.generation=gen0],Metric,0
09/11/2026 05:57:12,System.Runtime,dotnet.gc.last_collection.heap.fragmentation.size (By)[gc.heap.generation=gen2],Metric,0
09/11/2026 05:57:12,System.Runtime,dotnet.gc.last_collection.heap.fragmentation.size (By)[gc.heap.generation=loh],Metric,0
09/11/2026 05:57:12,System.Runtime,dotnet.gc.last_collection.heap.fragmentation.size (By)[gc.heap.generation=gen1],Metric,0
09/11/2026 05:57:12,System.Runtime,dotnet.gc.last_collection.heap.fragmentation.size (By)[gc.heap.generation=poh],Metric,0
09/11/2026 05:57:12,System.Runtime,dotnet.timer.count ({timer}),Metric,2
09/11/2026 05:57:12,System.Runtime,dotnet.assembly.count ({assembly}),Metric,61
09/11/2026 05:57:12,System.Runtime,dotnet.gc.heap.total_allocated (By / 1 sec),Rate,139400
09/11/2026 05:57:12,System.Runtime,dotnet.gc.last_collection.heap.size (By)[gc.heap.generation=gen0],Metric,0
09/11/2026 05:57:12,System.Runtime,dotnet.gc.last_collection.heap.size (By)[gc.heap.generation=gen2],Metric,0
09/11/2026 05:57:12,System.Runtime,dotnet.gc.last_collection.heap.size (By)[gc.heap.generation=loh],Metric,0
09/11/2026 05:57:12,System.Runtime,dotnet.gc.last_collection.heap.size (By)[gc.heap.generation=gen1],Metric,0
09/11/2026 05:57:12,System.Runtime,dotnet.gc.last_collection.heap.size (By)[gc.heap.generation=poh],Metric,0
09/11/2026 05:57:12,System.Runtime,dotnet.thread_pool.work_item.count ({work_item} / 1 sec),Rate,601
09/11/2026 05:57:12,System.Runtime,dotnet.process.memory.working_set (By),Metric,122896384
09/11/2026 05:57:12,System.Runtime,dotnet.thread_pool.thread.count ({thread} / 1 sec),Rate,0
09/11/2026 05:57:12,System.Runtime,dotnet.jit.compilation.time (s / 1 sec),Rate,0.00035119999999999596
09/11/2026 05:57:13,System.Runtime,dotnet.jit.compiled_il.size (By / 1 sec),Rate,0
09/11/2026 05:57:13,System.Runtime,dotnet.jit.compiled_methods ({method} / 1 sec),Rate,0
09/11/2026 05:57:13,System.Runtime,dotnet.monitor.lock_contentions ({contention} / 1 sec),Rate,0
09/11/2026 05:57:13,System.Runtime,dotnet.gc.collections ({collection} / 1 sec)[gc.heap.generation=gen0],Rate,0
09/11/2026 05:57:13,System.Runtime,dotnet.gc.collections ({collection} / 1 sec)[gc.heap.generation=gen2],Rate,0
09/11/2026 05:57:13,System.Runtime,dotnet.gc.collections ({collection} / 1 sec)[gc.heap.generation=gen1],Rate,0
09/11/2026 05:57:13,System.Runtime,dotnet.process.cpu.time (s / 1 sec)[cpu.mode=user],Rate,0.5865410000000111
09/11/2026 05:57:13,System.Runtime,dotnet.process.cpu.time (s / 1 sec)[cpu.mode=system],Rate,0.047277000000001124
09/11/2026 05:57:13,System.Runtime,dotnet.process.cpu.count ({cpu}),Metric,15
09/11/2026 05:57:13,System.Runtime,dotnet.gc.pause.time (s / 1 sec),Rate,0
09/11/2026 05:57:13,System.Runtime,dotnet.thread_pool.queue.length ({work_item} / 1 sec),Rate,0
09/11/2026 05:57:13,System.Runtime,dotnet.gc.last_collection.memory.committed_size (By),Metric,0
09/11/2026 05:57:13,System.Runtime,dotnet.gc.last_collection.heap.fragmentation.size (By)[gc.heap.generation=gen0],Metric,0
09/11/2026 05:57:13,System.Runtime,dotnet.gc.last_collection.heap.fragmentation.size (By)[gc.heap.generation=gen2],Metric,0
09/11/2026 05:57:13,System.Runtime,dotnet.gc.last_collection.heap.fragmentation.size (By)[gc.heap.generation=loh],Metric,0
09/11/2026 05:57:13,System.Runtime,dotnet.gc.last_collection.heap.fragmentation.size (By)[gc.heap.generation=gen1],Metric,0
09/11/2026 05:57:13,System.Runtime,dotnet.gc.last_collection.heap.fragmentation.size (By)[gc.heap.generation=poh],Metric,0
09/11/2026 05:57:13,System.Runtime,dotnet.timer.count ({timer}),Metric,2
09/11/2026 05:57:13,System.Runtime,dotnet.assembly.count ({assembly}),Metric,61
09/11/2026 05:57:13,System.Runtime,dotnet.gc.heap.total_allocated (By / 1 sec),Rate,127968
09/11/2026 05:57:13,System.Runtime,dotnet.gc.last_collection.heap.size (By)[gc.heap.generation=gen0],Metric,0
09/11/2026 05:57:13,System.Runtime,dotnet.gc.last_collection.heap.size (By)[gc.heap.generation=gen2],Metric,0
09/11/2026 05:57:13,System.Runtime,dotnet.gc.last_collection.heap.size (By)[gc.heap.generation=loh],Metric,0
09/11/2026 05:57:13,System.Runtime,dotnet.gc.last_collection.heap.size (By)[gc.heap.generation=gen1],Metric,0
09/11/2026 05:57:13,System.Runtime,dotnet.gc.last_collection.heap.size (By)[gc.heap.generation=poh],Metric,0
09/11/2026 05:57:13,System.Runtime,dotnet.thread_pool.work_item.count ({work_item} / 1 sec),Rate,601
09/11/2026 05:57:13,System.Runtime,dotnet.process.memory.working_set (By),Metric,123060224
09/11/2026 05:57:13,System.Runtime,dotnet.thread_pool.thread.count ({thread} / 1 sec),Rate,0
09/11/2026 05:57:13,System.Runtime,dotnet.jit.compilation.time (s / 1 sec),Rate,0
09/11/2026 05:57:14,System.Runtime,dotnet.jit.compiled_il.size (By / 1 sec),Rate,0
09/11/2026 05:57:14,System.Runtime,dotnet.jit.compiled_methods ({method} / 1 sec),Rate,0
09/11/2026 05:57:14,System.Runtime,dotnet.monitor.lock_contentions ({contention} / 1 sec),Rate,0
09/11/2026 05:57:14,System.Runtime,dotnet.gc.collections ({collection} / 1 sec)[gc.heap.generation=gen0],Rate,0
09/11/2026 05:57:14,System.Runtime,dotnet.gc.collections ({collection} / 1 sec)[gc.heap.generation=gen2],Rate,0
09/11/2026 05:57:14,System.Runtime,dotnet.gc.collections ({collection} / 1 sec)[gc.heap.generation=gen1],Rate,0
09/11/2026 05:57:14,System.Runtime,dotnet.process.cpu.time (s / 1 sec)[cpu.mode=user],Rate,0.5852099999999893
09/11/2026 05:57:14,System.Runtime,dotnet.process.cpu.time (s / 1 sec)[cpu.mode=system],Rate,0.045239999999999725
09/11/2026 05:57:14,System.Runtime,dotnet.process.cpu.count ({cpu}),Metric,15
09/11/2026 05:57:14,System.Runtime,dotnet.gc.pause.time (s / 1 sec),Rate,0
09/11/2026 05:57:14,System.Runtime,dotnet.thread_pool.queue.length ({work_item} / 1 sec),Rate,0
09/11/2026 05:57:14,System.Runtime,dotnet.gc.last_collection.memory.committed_size (By),Metric,0
09/11/2026 05:57:14,System.Runtime,dotnet.gc.last_collection.heap.fragmentation.size (By)[gc.heap.generation=gen0],Metric,0
09/11/2026 05:57:14,System.Runtime,dotnet.gc.last_collection.heap.fragmentation.size (By)[gc.heap.generation=gen2],Metric,0
09/11/2026 05:57:14,System.Runtime,dotnet.gc.last_collection.heap.fragmentation.size (By)[gc.heap.generation=loh],Metric,0
09/11/2026 05:57:14,System.Runtime,dotnet.gc.last_collection.heap.fragmentation.size (By)[gc.heap.generation=gen1],Metric,0
09/11/2026 05:57:14,System.Runtime,dotnet.gc.last_collection.heap.fragmentation.size (By)[gc.heap.generation=poh],Metric,0
09/11/2026 05:57:14,System.Runtime,dotnet.timer.count ({timer}),Metric,2
09/11/2026 05:57:14,System.Runtime,dotnet.assembly.count ({assembly}),Metric,61
09/11/2026 05:57:14,System.Runtime,dotnet.gc.heap.total_allocated (By / 1 sec),Rate,147576
09/11/2026 05:57:14,System.Runtime,dotnet.gc.last_collection.heap.size (By)[gc.heap.generation=gen0],Metric,0
09/11/2026 05:57:14,System.Runtime,dotnet.gc.last_collection.heap.size (By)[gc.heap.generation=gen2],Metric,0
09/11/2026 05:57:14,System.Runtime,dotnet.gc.last_collection.heap.size (By)[gc.heap.generation=loh],Metric,0
09/11/2026 05:57:14,System.Runtime,dotnet.gc.last_collection.heap.size (By)[gc.heap.generation=gen1],Metric,0
09/11/2026 05:57:14,System.Runtime,dotnet.gc.last_collection.heap.size (By)[gc.heap.generation=poh],Metric,0
09/11/2026 05:57:14,System.Runtime,dotnet.thread_pool.work_item.count ({work_item} / 1 sec),Rate,601
09/11/2026 05:57:14,System.Runtime,dotnet.process.memory.working_set (By),Metric,123224064
09/11/2026 05:57:14,System.Runtime,dotnet.thread_pool.thread.count ({thread} / 1 sec),Rate,0
09/11/2026 05:57:14,System.Runtime,dotnet.jit.compilation.time (s / 1 sec),Rate,0
09/11/2026 05:57:15,System.Runtime,dotnet.jit.compiled_il.size (By / 1 sec),Rate,0
09/11/2026 05:57:15,System.Runtime,dotnet.jit.compiled_methods ({method} / 1 sec),Rate,0
09/11/2026 05:57:15,System.Runtime,dotnet.monitor.lock_contentions ({contention} / 1 sec),Rate,0
09/11/2026 05:57:15,System.Runtime,dotnet.gc.collections ({collection} / 1 sec)[gc.heap.generation=gen0],Rate,0
09/11/2026 05:57:15,System.Runtime,dotnet.gc.collections ({collection} / 1 sec)[gc.heap.generation=gen2],Rate,0
09/11/2026 05:57:15,System.Runtime,dotnet.gc.collections ({collection} / 1 sec)[gc.heap.generation=gen1],Rate,0
09/11/2026 05:57:15,System.Runtime,dotnet.process.cpu.time (s / 1 sec)[cpu.mode=user],Rate,0.5855290000000082
09/11/2026 05:57:15,System.Runtime,dotnet.process.cpu.time (s / 1 sec)[cpu.mode=system],Rate,0.0448139999999988
09/11/2026 05:57:15,System.Runtime,dotnet.process.cpu.count ({cpu}),Metric,15
09/11/2026 05:57:15,System.Runtime,dotnet.gc.pause.time (s / 1 sec),Rate,0
09/11/2026 05:57:15,System.Runtime,dotnet.thread_pool.queue.length ({work_item} / 1 sec),Rate,0
09/11/2026 05:57:15,System.Runtime,dotnet.gc.last_collection.memory.committed_size (By),Metric,0
09/11/2026 05:57:15,System.Runtime,dotnet.gc.last_collection.heap.fragmentation.size (By)[gc.heap.generation=gen0],Metric,0
09/11/2026 05:57:15,System.Runtime,dotnet.gc.last_collection.heap.fragmentation.size (By)[gc.heap.generation=gen2],Metric,0
09/11/2026 05:57:15,System.Runtime,dotnet.gc.last_collection.heap.fragmentation.size (By)[gc.heap.generation=loh],Metric,0
09/11/2026 05:57:15,System.Runtime,dotnet.gc.last_collection.heap.fragmentation.size (By)[gc.heap.generation=gen1],Metric,0
09/11/2026 05:57:15,System.Runtime,dotnet.gc.last_collection.heap.fragmentation.size (By)[gc.heap.generation=poh],Metric,0
09/11/2026 05:57:15,System.Runtime,dotnet.timer.count ({timer}),Metric,2
09/11/2026 05:57:15,System.Runtime,dotnet.assembly.count ({assembly}),Metric,61
09/11/2026 05:57:15,System.Runtime,dotnet.gc.heap.total_allocated (By / 1 sec),Rate,131200
09/11/2026 05:57:15,System.Runtime,dotnet.gc.last_collection.heap.size (By)[gc.heap.generation=gen0],Metric,0
09/11/2026 05:57:15,System.Runtime,dotnet.gc.last_collection.heap.size (By)[gc.heap.generation=gen2],Metric,0
09/11/2026 05:57:15,System.Runtime,dotnet.gc.last_collection.heap.size (By)[gc.heap.generation=loh],Metric,0
09/11/2026 05:57:15,System.Runtime,dotnet.gc.last_collection.heap.size (By)[gc.heap.generation=gen1],Metric,0
09/11/2026 05:57:15,System.Runtime,dotnet.gc.last_collection.heap.size (By)[gc.heap.generation=poh],Metric,0
09/11/2026 05:57:15,System.Runtime,dotnet.thread_pool.work_item.count ({work_item} / 1 sec),Rate,601
09/11/2026 05:57:15,System.Runtime,dotnet.process.memory.working_set (By),Metric,123387904
09/11/2026 05:57:15,System.Runtime,dotnet.thread_pool.thread.count ({thread} / 1 sec),Rate,0
09/11/2026 05:57:15,System.Runtime,dotnet.jit.compilation.time (s / 1 sec),Rate,0
09/11/2026 05:57:16,System.Runtime,dotnet.jit.compiled_il.size (By / 1 sec),Rate,0
09/11/2026 05:57:16,System.Runtime,dotnet.jit.compiled_methods ({method} / 1 sec),Rate,0
09/11/2026 05:57:16,System.Runtime,dotnet.monitor.lock_contentions ({contention} / 1 sec),Rate,0
09/11/2026 05:57:16,System.Runtime,dotnet.gc.collections ({collection} / 1 sec)[gc.heap.generation=gen0],Rate,0
09/11/2026 05:57:16,System.Runtime,dotnet.gc.collections ({collection} / 1 sec)[gc.heap.generation=gen2],Rate,0
09/11/2026 05:57:16,System.Runtime,dotnet.gc.collections ({collection} / 1 sec)[gc.heap.generation=gen1],Rate,0
09/11/2026 05:57:16,System.Runtime,dotnet.process.cpu.time (s / 1 sec)[cpu.mode=user],Rate,0.5706749999999943
09/11/2026 05:57:16,System.Runtime,dotnet.process.cpu.time (s / 1 sec)[cpu.mode=system],Rate,0.04082600000000092
09/11/2026 05:57:16,System.Runtime,dotnet.process.cpu.count ({cpu}),Metric,15
09/11/2026 05:57:16,System.Runtime,dotnet.gc.pause.time (s / 1 sec),Rate,0
09/11/2026 05:57:16,System.Runtime,dotnet.thread_pool.queue.length ({work_item} / 1 sec),Rate,0
09/11/2026 05:57:16,System.Runtime,dotnet.gc.last_collection.memory.committed_size (By),Metric,0
09/11/2026 05:57:16,System.Runtime,dotnet.gc.last_collection.heap.fragmentation.size (By)[gc.heap.generation=gen0],Metric,0
09/11/2026 05:57:16,System.Runtime,dotnet.gc.last_collection.heap.fragmentation.size (By)[gc.heap.generation=gen2],Metric,0
09/11/2026 05:57:16,System.Runtime,dotnet.gc.last_collection.heap.fragmentation.size (By)[gc.heap.generation=loh],Metric,0
09/11/2026 05:57:16,System.Runtime,dotnet.gc.last_collection.heap.fragmentation.size (By)[gc.heap.generation=gen1],Metric,0
09/11/2026 05:57:16,System.Runtime,dotnet.gc.last_collection.heap.fragmentation.size (By)[gc.heap.generation=poh],Metric,0
09/11/2026 05:57:16,System.Runtime,dotnet.timer.count ({timer}),Metric,2
09/11/2026 05:57:16,System.Runtime,dotnet.assembly.count ({assembly}),Metric,61
09/11/2026 05:57:16,System.Runtime,dotnet.gc.heap.total_allocated (By / 1 sec),Rate,146592
09/11/2026 05:57:16,System.Runtime,dotnet.gc.last_collection.heap.size (By)[gc.heap.generation=gen0],Metric,0
09/11/2026 05:57:16,System.Runtime,dotnet.gc.last_collection.heap.size (By)[gc.heap.generation=gen2],Metric,0
09/11/2026 05:57:16,System.Runtime,dotnet.gc.last_collection.heap.size (By)[gc.heap.generation=loh],Metric,0
09/11/2026 05:57:16,System.Runtime,dotnet.gc.last_collection.heap.size (By)[gc.heap.generation=gen1],Metric,0
09/11/2026 05:57:16,System.Runtime,dotnet.gc.last_collection.heap.size (By)[gc.heap.generation=poh],Metric,0
09/11/2026 05:57:16,System.Runtime,dotnet.thread_pool.work_item.count ({work_item} / 1 sec),Rate,593
09/11/2026 05:57:16,System.Runtime,dotnet.process.memory.working_set (By),Metric,123518976
09/11/2026 05:57:16,System.Runtime,dotnet.thread_pool.thread.count ({thread} / 1 sec),Rate,0
09/11/2026 05:57:16,System.Runtime,dotnet.jit.compilation.time (s / 1 sec),Rate,0
09/11/2026 05:57:17,System.Runtime,dotnet.jit.compiled_il.size (By / 1 sec),Rate,0
09/11/2026 05:57:17,System.Runtime,dotnet.jit.compiled_methods ({method} / 1 sec),Rate,0
09/11/2026 05:57:17,System.Runtime,dotnet.monitor.lock_contentions ({contention} / 1 sec),Rate,0
09/11/2026 05:57:17,System.Runtime,dotnet.gc.collections ({collection} / 1 sec)[gc.heap.generation=gen0],Rate,0
09/11/2026 05:57:17,System.Runtime,dotnet.gc.collections ({collection} / 1 sec)[gc.heap.generation=gen2],Rate,0
09/11/2026 05:57:17,System.Runtime,dotnet.gc.collections ({collection} / 1 sec)[gc.heap.generation=gen1],Rate,0
09/11/2026 05:57:17,System.Runtime,dotnet.process.cpu.time (s / 1 sec)[cpu.mode=user],Rate,0.5805730000000153
09/11/2026 05:57:17,System.Runtime,dotnet.process.cpu.time (s / 1 sec)[cpu.mode=system],Rate,0.03882499999999922
09/11/2026 05:57:17,System.Runtime,dotnet.process.cpu.count ({cpu}),Metric,15
09/11/2026 05:57:17,System.Runtime,dotnet.gc.pause.time (s / 1 sec),Rate,0
09/11/2026 05:57:17,System.Runtime,dotnet.thread_pool.queue.length ({work_item} / 1 sec),Rate,0
09/11/2026 05:57:17,System.Runtime,dotnet.gc.last_collection.memory.committed_size (By),Metric,0
09/11/2026 05:57:17,System.Runtime,dotnet.gc.last_collection.heap.fragmentation.size (By)[gc.heap.generation=gen0],Metric,0
09/11/2026 05:57:17,System.Runtime,dotnet.gc.last_collection.heap.fragmentation.size (By)[gc.heap.generation=gen2],Metric,0
09/11/2026 05:57:17,System.Runtime,dotnet.gc.last_collection.heap.fragmentation.size (By)[gc.heap.generation=loh],Metric,0
09/11/2026 05:57:17,System.Runtime,dotnet.gc.last_collection.heap.fragmentation.size (By)[gc.heap.generation=gen1],Metric,0
09/11/2026 05:57:17,System.Runtime,dotnet.gc.last_collection.heap.fragmentation.size (By)[gc.heap.generation=poh],Metric,0
09/11/2026 05:57:17,System.Runtime,dotnet.timer.count ({timer}),Metric,2
09/11/2026 05:57:17,System.Runtime,dotnet.assembly.count ({assembly}),Metric,61
09/11/2026 05:57:17,System.Runtime,dotnet.gc.heap.total_allocated (By / 1 sec),Rate,147376
09/11/2026 05:57:17,System.Runtime,dotnet.gc.last_collection.heap.size (By)[gc.heap.generation=gen0],Metric,0
09/11/2026 05:57:17,System.Runtime,dotnet.gc.last_collection.heap.size (By)[gc.heap.generation=gen2],Metric,0
09/11/2026 05:57:17,System.Runtime,dotnet.gc.last_collection.heap.size (By)[gc.heap.generation=loh],Metric,0
09/11/2026 05:57:17,System.Runtime,dotnet.gc.last_collection.heap.size (By)[gc.heap.generation=gen1],Metric,0
09/11/2026 05:57:17,System.Runtime,dotnet.gc.last_collection.heap.size (By)[gc.heap.generation=poh],Metric,0
09/11/2026 05:57:17,System.Runtime,dotnet.thread_pool.work_item.count ({work_item} / 1 sec),Rate,601
09/11/2026 05:57:17,System.Runtime,dotnet.process.memory.working_set (By),Metric,123715584
09/11/2026 05:57:17,System.Runtime,dotnet.thread_pool.thread.count ({thread} / 1 sec),Rate,1
09/11/2026 05:57:17,System.Runtime,dotnet.jit.compilation.time (s / 1 sec),Rate,0
09/11/2026 05:57:18,System.Runtime,dotnet.jit.compiled_il.size (By / 1 sec),Rate,0
09/11/2026 05:57:18,System.Runtime,dotnet.jit.compiled_methods ({method} / 1 sec),Rate,0
09/11/2026 05:57:18,System.Runtime,dotnet.monitor.lock_contentions ({contention} / 1 sec),Rate,0
09/11/2026 05:57:18,System.Runtime,dotnet.gc.collections ({collection} / 1 sec)[gc.heap.generation=gen0],Rate,0
09/11/2026 05:57:18,System.Runtime,dotnet.gc.collections ({collection} / 1 sec)[gc.heap.generation=gen2],Rate,0
09/11/2026 05:57:18,System.Runtime,dotnet.gc.collections ({collection} / 1 sec)[gc.heap.generation=gen1],Rate,0
09/11/2026 05:57:18,System.Runtime,dotnet.process.cpu.time (s / 1 sec)[cpu.mode=user],Rate,0.5869309999999928
09/11/2026 05:57:18,System.Runtime,dotnet.process.cpu.time (s / 1 sec)[cpu.mode=system],Rate,0.04238600000000048
09/11/2026 05:57:18,System.Runtime,dotnet.process.cpu.count ({cpu}),Metric,15
09/11/2026 05:57:18,System.Runtime,dotnet.gc.pause.time (s / 1 sec),Rate,0
09/11/2026 05:57:18,System.Runtime,dotnet.thread_pool.queue.length ({work_item} / 1 sec),Rate,0
09/11/2026 05:57:18,System.Runtime,dotnet.gc.last_collection.memory.committed_size (By),Metric,0
09/11/2026 05:57:18,System.Runtime,dotnet.gc.last_collection.heap.fragmentation.size (By)[gc.heap.generation=gen0],Metric,0
09/11/2026 05:57:18,System.Runtime,dotnet.gc.last_collection.heap.fragmentation.size (By)[gc.heap.generation=gen2],Metric,0
09/11/2026 05:57:18,System.Runtime,dotnet.gc.last_collection.heap.fragmentation.size (By)[gc.heap.generation=loh],Metric,0
09/11/2026 05:57:18,System.Runtime,dotnet.gc.last_collection.heap.fragmentation.size (By)[gc.heap.generation=gen1],Metric,0
09/11/2026 05:57:18,System.Runtime,dotnet.gc.last_collection.heap.fragmentation.size (By)[gc.heap.generation=poh],Metric,0
09/11/2026 05:57:18,System.Runtime,dotnet.timer.count ({timer}),Metric,2
09/11/2026 05:57:18,System.Runtime,dotnet.assembly.count ({assembly}),Metric,61
09/11/2026 05:57:18,System.Runtime,dotnet.gc.heap.total_allocated (By / 1 sec),Rate,131184
09/11/2026 05:57:18,System.Runtime,dotnet.gc.last_collection.heap.size (By)[gc.heap.generation=gen0],Metric,0
09/11/2026 05:57:18,System.Runtime,dotnet.gc.last_collection.heap.size (By)[gc.heap.generation=gen2],Metric,0
09/11/2026 05:57:18,System.Runtime,dotnet.gc.last_collection.heap.size (By)[gc.heap.generation=loh],Metric,0
09/11/2026 05:57:18,System.Runtime,dotnet.gc.last_collection.heap.size (By)[gc.heap.generation=gen1],Metric,0
09/11/2026 05:57:18,System.Runtime,dotnet.gc.last_collection.heap.size (By)[gc.heap.generation=poh],Metric,0
09/11/2026 05:57:18,System.Runtime,dotnet.thread_pool.work_item.count ({work_item} / 1 sec),Rate,601
09/11/2026 05:57:18,System.Runtime,dotnet.process.memory.working_set (By),Metric,123846656
09/11/2026 05:57:18,System.Runtime,dotnet.thread_pool.thread.count ({thread} / 1 sec),Rate,0
09/11/2026 05:57:18,System.Runtime,dotnet.jit.compilation.time (s / 1 sec),Rate,0
09/11/2026 05:57:19,System.Runtime,dotnet.jit.compiled_il.size (By / 1 sec),Rate,0
09/11/2026 05:57:19,System.Runtime,dotnet.jit.compiled_methods ({method} / 1 sec),Rate,0
09/11/2026 05:57:19,System.Runtime,dotnet.monitor.lock_contentions ({contention} / 1 sec),Rate,0
09/11/2026 05:57:19,System.Runtime,dotnet.gc.collections ({collection} / 1 sec)[gc.heap.generation=gen0],Rate,0
09/11/2026 05:57:19,System.Runtime,dotnet.gc.collections ({collection} / 1 sec)[gc.heap.generation=gen2],Rate,0
09/11/2026 05:57:19,System.Runtime,dotnet.gc.collections ({collection} / 1 sec)[gc.heap.generation=gen1],Rate,0
09/11/2026 05:57:19,System.Runtime,dotnet.process.cpu.time (s / 1 sec)[cpu.mode=user],Rate,0.5862930000000119
09/11/2026 05:57:19,System.Runtime,dotnet.process.cpu.time (s / 1 sec)[cpu.mode=system],Rate,0.04357599999999984
09/11/2026 05:57:19,System.Runtime,dotnet.process.cpu.count ({cpu}),Metric,15
09/11/2026 05:57:19,System.Runtime,dotnet.gc.pause.time (s / 1 sec),Rate,0
09/11/2026 05:57:19,System.Runtime,dotnet.thread_pool.queue.length ({work_item} / 1 sec),Rate,0
09/11/2026 05:57:19,System.Runtime,dotnet.gc.last_collection.memory.committed_size (By),Metric,0
09/11/2026 05:57:19,System.Runtime,dotnet.gc.last_collection.heap.fragmentation.size (By)[gc.heap.generation=gen0],Metric,0
09/11/2026 05:57:19,System.Runtime,dotnet.gc.last_collection.heap.fragmentation.size (By)[gc.heap.generation=gen2],Metric,0
09/11/2026 05:57:19,System.Runtime,dotnet.gc.last_collection.heap.fragmentation.size (By)[gc.heap.generation=loh],Metric,0
09/11/2026 05:57:19,System.Runtime,dotnet.gc.last_collection.heap.fragmentation.size (By)[gc.heap.generation=gen1],Metric,0
09/11/2026 05:57:19,System.Runtime,dotnet.gc.last_collection.heap.fragmentation.size (By)[gc.heap.generation=poh],Metric,0
09/11/2026 05:57:19,System.Runtime,dotnet.timer.count ({timer}),Metric,2
09/11/2026 05:57:19,System.Runtime,dotnet.assembly.count ({assembly}),Metric,61
09/11/2026 05:57:19,System.Runtime,dotnet.gc.heap.total_allocated (By / 1 sec),Rate,137352
09/11/2026 05:57:19,System.Runtime,dotnet.gc.last_collection.heap.size (By)[gc.heap.generation=gen0],Metric,0
09/11/2026 05:57:19,System.Runtime,dotnet.gc.last_collection.heap.size (By)[gc.heap.generation=gen2],Metric,0
09/11/2026 05:57:19,System.Runtime,dotnet.gc.last_collection.heap.size (By)[gc.heap.generation=loh],Metric,0
09/11/2026 05:57:19,System.Runtime,dotnet.gc.last_collection.heap.size (By)[gc.heap.generation=gen1],Metric,0
09/11/2026 05:57:19,System.Runtime,dotnet.gc.last_collection.heap.size (By)[gc.heap.generation=poh],Metric,0
09/11/2026 05:57:19,System.Runtime,dotnet.thread_pool.work_item.count ({work_item} / 1 sec),Rate,601
09/11/2026 05:57:19,System.Runtime,dotnet.process.memory.working_set (By),Metric,123994112
09/11/2026 05:57:19,System.Runtime,dotnet.thread_pool.thread.count ({thread} / 1 sec),Rate,0
09/11/2026 05:57:19,System.Runtime,dotnet.jit.compilation.time (s / 1 sec),Rate,0
09/11/2026 05:57:20,System.Runtime,dotnet.jit.compiled_il.size (By / 1 sec),Rate,0
09/11/2026 05:57:20,System.Runtime,dotnet.jit.compiled_methods ({method} / 1 sec),Rate,0
09/11/2026 05:57:20,System.Runtime,dotnet.monitor.lock_contentions ({contention} / 1 sec),Rate,0
09/11/2026 05:57:20,System.Runtime,dotnet.gc.collections ({collection} / 1 sec)[gc.heap.generation=gen0],Rate,0
09/11/2026 05:57:20,System.Runtime,dotnet.gc.collections ({collection} / 1 sec)[gc.heap.generation=gen2],Rate,0
09/11/2026 05:57:20,System.Runtime,dotnet.gc.collections ({collection} / 1 sec)[gc.heap.generation=gen1],Rate,0
09/11/2026 05:57:20,System.Runtime,dotnet.process.cpu.time (s / 1 sec)[cpu.mode=user],Rate,0.586309
09/11/2026 05:57:20,System.Runtime,dotnet.process.cpu.time (s / 1 sec)[cpu.mode=system],Rate,0.042960000000000775
09/11/2026 05:57:20,System.Runtime,dotnet.process.cpu.count ({cpu}),Metric,15
09/11/2026 05:57:20,System.Runtime,dotnet.gc.pause.time (s / 1 sec),Rate,0
09/11/2026 05:57:20,System.Runtime,dotnet.thread_pool.queue.length ({work_item} / 1 sec),Rate,0
09/11/2026 05:57:20,System.Runtime,dotnet.gc.last_collection.memory.committed_size (By),Metric,0
09/11/2026 05:57:20,System.Runtime,dotnet.gc.last_collection.heap.fragmentation.size (By)[gc.heap.generation=gen0],Metric,0
09/11/2026 05:57:20,System.Runtime,dotnet.gc.last_collection.heap.fragmentation.size (By)[gc.heap.generation=gen2],Metric,0
09/11/2026 05:57:20,System.Runtime,dotnet.gc.last_collection.heap.fragmentation.size (By)[gc.heap.generation=loh],Metric,0
09/11/2026 05:57:20,System.Runtime,dotnet.gc.last_collection.heap.fragmentation.size (By)[gc.heap.generation=gen1],Metric,0
09/11/2026 05:57:20,System.Runtime,dotnet.gc.last_collection.heap.fragmentation.size (By)[gc.heap.generation=poh],Metric,0
09/11/2026 05:57:20,System.Runtime,dotnet.timer.count ({timer}),Metric,2
09/11/2026 05:57:20,System.Runtime,dotnet.assembly.count ({assembly}),Metric,61
09/11/2026 05:57:20,System.Runtime,dotnet.gc.heap.total_allocated (By / 1 sec),Rate,138344
09/11/2026 05:57:20,System.Runtime,dotnet.gc.last_collection.heap.size (By)[gc.heap.generation=gen0],Metric,0
09/11/2026 05:57:20,System.Runtime,dotnet.gc.last_collection.heap.size (By)[gc.heap.generation=gen2],Metric,0
09/11/2026 05:57:20,System.Runtime,dotnet.gc.last_collection.heap.size (By)[gc.heap.generation=loh],Metric,0
09/11/2026 05:57:20,System.Runtime,dotnet.gc.last_collection.heap.size (By)[gc.heap.generation=gen1],Metric,0
09/11/2026 05:57:20,System.Runtime,dotnet.gc.last_collection.heap.size (By)[gc.heap.generation=poh],Metric,0
09/11/2026 05:57:20,System.Runtime,dotnet.thread_pool.work_item.count ({work_item} / 1 sec),Rate,601
09/11/2026 05:57:20,System.Runtime,dotnet.process.memory.working_set (By),Metric,124141568
09/11/2026 05:57:20,System.Runtime,dotnet.thread_pool.thread.count ({thread} / 1 sec),Rate,0
09/11/2026 05:57:20,System.Runtime,dotnet.jit.compilation.time (s / 1 sec),Rate,0
09/11/2026 05:57:21,System.Runtime,dotnet.jit.compiled_il.size (By / 1 sec),Rate,0
09/11/2026 05:57:21,System.Runtime,dotnet.jit.compiled_methods ({method} / 1 sec),Rate,0
09/11/2026 05:57:21,System.Runtime,dotnet.monitor.lock_contentions ({contention} / 1 sec),Rate,0
09/11/2026 05:57:21,System.Runtime,dotnet.gc.collections ({collection} / 1 sec)[gc.heap.generation=gen0],Rate,0
09/11/2026 05:57:21,System.Runtime,dotnet.gc.collections ({collection} / 1 sec)[gc.heap.generation=gen2],Rate,0
09/11/2026 05:57:21,System.Runtime,dotnet.gc.collections ({collection} / 1 sec)[gc.heap.generation=gen1],Rate,0
09/11/2026 05:57:21,System.Runtime,dotnet.process.cpu.time (s / 1 sec)[cpu.mode=user],Rate,0.585583999999983
09/11/2026 05:57:21,System.Runtime,dotnet.process.cpu.time (s / 1 sec)[cpu.mode=system],Rate,0.043073999999998946
09/11/2026 05:57:21,System.Runtime,dotnet.process.cpu.count ({cpu}),Metric,15
09/11/2026 05:57:21,System.Runtime,dotnet.gc.pause.time (s / 1 sec),Rate,0
09/11/2026 05:57:21,System.Runtime,dotnet.thread_pool.queue.length ({work_item} / 1 sec),Rate,0
09/11/2026 05:57:21,System.Runtime,dotnet.gc.last_collection.memory.committed_size (By),Metric,0
09/11/2026 05:57:21,System.Runtime,dotnet.gc.last_collection.heap.fragmentation.size (By)[gc.heap.generation=gen0],Metric,0
09/11/2026 05:57:21,System.Runtime,dotnet.gc.last_collection.heap.fragmentation.size (By)[gc.heap.generation=gen2],Metric,0
09/11/2026 05:57:21,System.Runtime,dotnet.gc.last_collection.heap.fragmentation.size (By)[gc.heap.generation=loh],Metric,0
09/11/2026 05:57:21,System.Runtime,dotnet.gc.last_collection.heap.fragmentation.size (By)[gc.heap.generation=gen1],Metric,0
09/11/2026 05:57:21,System.Runtime,dotnet.gc.last_collection.heap.fragmentation.size (By)[gc.heap.generation=poh],Metric,0
09/11/2026 05:57:21,System.Runtime,dotnet.timer.count ({timer}),Metric,2
09/11/2026 05:57:21,System.Runtime,dotnet.assembly.count ({assembly}),Metric,61
09/11/2026 05:57:21,System.Runtime,dotnet.gc.heap.total_allocated (By / 1 sec),Rate,139416
09/11/2026 05:57:21,System.Runtime,dotnet.gc.last_collection.heap.size (By)[gc.heap.generation=gen0],Metric,0
09/11/2026 05:57:21,System.Runtime,dotnet.gc.last_collection.heap.size (By)[gc.heap.generation=gen2],Metric,0
09/11/2026 05:57:21,System.Runtime,dotnet.gc.last_collection.heap.size (By)[gc.heap.generation=loh],Metric,0
09/11/2026 05:57:21,System.Runtime,dotnet.gc.last_collection.heap.size (By)[gc.heap.generation=gen1],Metric,0
09/11/2026 05:57:21,System.Runtime,dotnet.gc.last_collection.heap.size (By)[gc.heap.generation=poh],Metric,0
09/11/2026 05:57:21,System.Runtime,dotnet.thread_pool.work_item.count ({work_item} / 1 sec),Rate,602
09/11/2026 05:57:21,System.Runtime,dotnet.process.memory.working_set (By),Metric,124338176
09/11/2026 05:57:21,System.Runtime,dotnet.thread_pool.thread.count ({thread} / 1 sec),Rate,0
09/11/2026 05:57:21,System.Runtime,dotnet.jit.compilation.time (s / 1 sec),Rate,0
09/11/2026 05:57:22,System.Runtime,dotnet.jit.compiled_il.size (By / 1 sec),Rate,0
09/11/2026 05:57:22,System.Runtime,dotnet.jit.compiled_methods ({method} / 1 sec),Rate,0
09/11/2026 05:57:22,System.Runtime,dotnet.monitor.lock_contentions ({contention} / 1 sec),Rate,0
09/11/2026 05:57:22,System.Runtime,dotnet.gc.collections ({collection} / 1 sec)[gc.heap.generation=gen0],Rate,0
09/11/2026 05:57:22,System.Runtime,dotnet.gc.collections ({collection} / 1 sec)[gc.heap.generation=gen2],Rate,0
09/11/2026 05:57:22,System.Runtime,dotnet.gc.collections ({collection} / 1 sec)[gc.heap.generation=gen1],Rate,0
09/11/2026 05:57:22,System.Runtime,dotnet.process.cpu.time (s / 1 sec)[cpu.mode=user],Rate,0.5863990000000001
09/11/2026 05:57:22,System.Runtime,dotnet.process.cpu.time (s / 1 sec)[cpu.mode=system],Rate,0.04424600000000112
09/11/2026 05:57:22,System.Runtime,dotnet.process.cpu.count ({cpu}),Metric,15
09/11/2026 05:57:22,System.Runtime,dotnet.gc.pause.time (s / 1 sec),Rate,0
09/11/2026 05:57:22,System.Runtime,dotnet.thread_pool.queue.length ({work_item} / 1 sec),Rate,0
09/11/2026 05:57:22,System.Runtime,dotnet.gc.last_collection.memory.committed_size (By),Metric,0
09/11/2026 05:57:22,System.Runtime,dotnet.gc.last_collection.heap.fragmentation.size (By)[gc.heap.generation=gen0],Metric,0
09/11/2026 05:57:22,System.Runtime,dotnet.gc.last_collection.heap.fragmentation.size (By)[gc.heap.generation=gen2],Metric,0
09/11/2026 05:57:22,System.Runtime,dotnet.gc.last_collection.heap.fragmentation.size (By)[gc.heap.generation=loh],Metric,0
09/11/2026 05:57:22,System.Runtime,dotnet.gc.last_collection.heap.fragmentation.size (By)[gc.heap.generation=gen1],Metric,0
09/11/2026 05:57:22,System.Runtime,dotnet.gc.last_collection.heap.fragmentation.size (By)[gc.heap.generation=poh],Metric,0
09/11/2026 05:57:22,System.Runtime,dotnet.timer.count ({timer}),Metric,2
09/11/2026 05:57:22,System.Runtime,dotnet.assembly.count ({assembly}),Metric,61
09/11/2026 05:57:22,System.Runtime,dotnet.gc.heap.total_allocated (By / 1 sec),Rate,139400
09/11/2026 05:57:22,System.Runtime,dotnet.gc.last_collection.heap.size (By)[gc.heap.generation=gen0],Metric,0
09/11/2026 05:57:22,System.Runtime,dotnet.gc.last_collection.heap.size (By)[gc.heap.generation=gen2],Metric,0
09/11/2026 05:57:22,System.Runtime,dotnet.gc.last_collection.heap.size (By)[gc.heap.generation=loh],Metric,0
09/11/2026 05:57:22,System.Runtime,dotnet.gc.last_collection.heap.size (By)[gc.heap.generation=gen1],Metric,0
09/11/2026 05:57:22,System.Runtime,dotnet.gc.last_collection.heap.size (By)[gc.heap.generation=poh],Metric,0
09/11/2026 05:57:22,System.Runtime,dotnet.thread_pool.work_item.count ({work_item} / 1 sec),Rate,601
09/11/2026 05:57:22,System.Runtime,dotnet.process.memory.working_set (By),Metric,124485632
09/11/2026 05:57:22,System.Runtime,dotnet.thread_pool.thread.count ({thread} / 1 sec),Rate,0
09/11/2026 05:57:22,System.Runtime,dotnet.jit.compilation.time (s / 1 sec),Rate,0
09/11/2026 05:57:23,System.Runtime,dotnet.jit.compiled_il.size (By / 1 sec),Rate,0
09/11/2026 05:57:23,System.Runtime,dotnet.jit.compiled_methods ({method} / 1 sec),Rate,0
09/11/2026 05:57:23,System.Runtime,dotnet.monitor.lock_contentions ({contention} / 1 sec),Rate,0
09/11/2026 05:57:23,System.Runtime,dotnet.gc.collections ({collection} / 1 sec)[gc.heap.generation=gen0],Rate,0
09/11/2026 05:57:23,System.Runtime,dotnet.gc.collections ({collection} / 1 sec)[gc.heap.generation=gen2],Rate,0
09/11/2026 05:57:23,System.Runtime,dotnet.gc.collections ({collection} / 1 sec)[gc.heap.generation=gen1],Rate,0
09/11/2026 05:57:23,System.Runtime,dotnet.process.cpu.time (s / 1 sec)[cpu.mode=user],Rate,0.5862439999999935
09/11/2026 05:57:23,System.Runtime,dotnet.process.cpu.time (s / 1 sec)[cpu.mode=system],Rate,0.04731799999999886
09/11/2026 05:57:23,System.Runtime,dotnet.process.cpu.count ({cpu}),Metric,15
09/11/2026 05:57:23,System.Runtime,dotnet.gc.pause.time (s / 1 sec),Rate,0
09/11/2026 05:57:23,System.Runtime,dotnet.thread_pool.queue.length ({work_item} / 1 sec),Rate,0
09/11/2026 05:57:23,System.Runtime,dotnet.gc.last_collection.memory.committed_size (By),Metric,0
09/11/2026 05:57:23,System.Runtime,dotnet.gc.last_collection.heap.fragmentation.size (By)[gc.heap.generation=gen0],Metric,0
09/11/2026 05:57:23,System.Runtime,dotnet.gc.last_collection.heap.fragmentation.size (By)[gc.heap.generation=gen2],Metric,0
09/11/2026 05:57:23,System.Runtime,dotnet.gc.last_collection.heap.fragmentation.size (By)[gc.heap.generation=loh],Metric,0
09/11/2026 05:57:23,System.Runtime,dotnet.gc.last_collection.heap.fragmentation.size (By)[gc.heap.generation=gen1],Metric,0
09/11/2026 05:57:23,System.Runtime,dotnet.gc.last_collection.heap.fragmentation.size (By)[gc.heap.generation=poh],Metric,0
09/11/2026 05:57:23,System.Runtime,dotnet.timer.count ({timer}),Metric,2
09/11/2026 05:57:23,System.Runtime,dotnet.assembly.count ({assembly}),Metric,61
09/11/2026 05:57:23,System.Runtime,dotnet.gc.heap.total_allocated (By / 1 sec),Rate,131168
09/11/2026 05:57:23,System.Runtime,dotnet.gc.last_collection.heap.size (By)[gc.heap.generation=gen0],Metric,0
09/11/2026 05:57:23,System.Runtime,dotnet.gc.last_collection.heap.size (By)[gc.heap.generation=gen2],Metric,0
09/11/2026 05:57:23,System.Runtime,dotnet.gc.last_collection.heap.size (By)[gc.heap.generation=loh],Metric,0
09/11/2026 05:57:23,System.Runtime,dotnet.gc.last_collection.heap.size (By)[gc.heap.generation=gen1],Metric,0
09/11/2026 05:57:23,System.Runtime,dotnet.gc.last_collection.heap.size (By)[gc.heap.generation=poh],Metric,0
09/11/2026 05:57:23,System.Runtime,dotnet.thread_pool.work_item.count ({work_item} / 1 sec),Rate,601
09/11/2026 05:57:23,System.Runtime,dotnet.process.memory.working_set (By),Metric,124633088
09/11/2026 05:57:23,System.Runtime,dotnet.thread_pool.thread.count ({thread} / 1 sec),Rate,0
09/11/2026 05:57:23,System.Runtime,dotnet.jit.compilation.time (s / 1 sec),Rate,0
09/11/2026 05:57:24,System.Runtime,dotnet.jit.compiled_il.size (By / 1 sec),Rate,0
09/11/2026 05:57:24,System.Runtime,dotnet.jit.compiled_methods ({method} / 1 sec),Rate,0
09/11/2026 05:57:24,System.Runtime,dotnet.monitor.lock_contentions ({contention} / 1 sec),Rate,0
09/11/2026 05:57:24,System.Runtime,dotnet.gc.collections ({collection} / 1 sec)[gc.heap.generation=gen0],Rate,0
09/11/2026 05:57:24,System.Runtime,dotnet.gc.collections ({collection} / 1 sec)[gc.heap.generation=gen2],Rate,0
09/11/2026 05:57:24,System.Runtime,dotnet.gc.collections ({collection} / 1 sec)[gc.heap.generation=gen1],Rate,0
09/11/2026 05:57:24,System.Runtime,dotnet.process.cpu.time (s / 1 sec)[cpu.mode=user],Rate,0.5861240000000123
09/11/2026 05:57:24,System.Runtime,dotnet.process.cpu.time (s / 1 sec)[cpu.mode=system],Rate,0.044772000000000034
09/11/2026 05:57:24,System.Runtime,dotnet.process.cpu.count ({cpu}),Metric,15
09/11/2026 05:57:24,System.Runtime,dotnet.gc.pause.time (s / 1 sec),Rate,0
09/11/2026 05:57:24,System.Runtime,dotnet.thread_pool.queue.length ({work_item} / 1 sec),Rate,0
09/11/2026 05:57:24,System.Runtime,dotnet.gc.last_collection.memory.committed_size (By),Metric,0
09/11/2026 05:57:24,System.Runtime,dotnet.gc.last_collection.heap.fragmentation.size (By)[gc.heap.generation=gen0],Metric,0
09/11/2026 05:57:24,System.Runtime,dotnet.gc.last_collection.heap.fragmentation.size (By)[gc.heap.generation=gen2],Metric,0
09/11/2026 05:57:24,System.Runtime,dotnet.gc.last_collection.heap.fragmentation.size (By)[gc.heap.generation=loh],Metric,0
09/11/2026 05:57:24,System.Runtime,dotnet.gc.last_collection.heap.fragmentation.size (By)[gc.heap.generation=gen1],Metric,0
09/11/2026 05:57:24,System.Runtime,dotnet.gc.last_collection.heap.fragmentation.size (By)[gc.heap.generation=poh],Metric,0
09/11/2026 05:57:24,System.Runtime,dotnet.timer.count ({timer}),Metric,2
09/11/2026 05:57:24,System.Runtime,dotnet.assembly.count ({assembly}),Metric,61
09/11/2026 05:57:24,System.Runtime,dotnet.gc.heap.total_allocated (By / 1 sec),Rate,139400
09/11/2026 05:57:24,System.Runtime,dotnet.gc.last_collection.heap.size (By)[gc.heap.generation=gen0],Metric,0
09/11/2026 05:57:24,System.Runtime,dotnet.gc.last_collection.heap.size (By)[gc.heap.generation=gen2],Metric,0
09/11/2026 05:57:24,System.Runtime,dotnet.gc.last_collection.heap.size (By)[gc.heap.generation=loh],Metric,0
09/11/2026 05:57:24,System.Runtime,dotnet.gc.last_collection.heap.size (By)[gc.heap.generation=gen1],Metric,0
09/11/2026 05:57:24,System.Runtime,dotnet.gc.last_collection.heap.size (By)[gc.heap.generation=poh],Metric,0
09/11/2026 05:57:24,System.Runtime,dotnet.thread_pool.work_item.count ({work_item} / 1 sec),Rate,601
09/11/2026 05:57:24,System.Runtime,dotnet.process.memory.working_set (By),Metric,124796928
09/11/2026 05:57:24,System.Runtime,dotnet.thread_pool.thread.count ({thread} / 1 sec),Rate,0
09/11/2026 05:57:24,System.Runtime,dotnet.jit.compilation.time (s / 1 sec),Rate,0
09/11/2026 05:57:25,System.Runtime,dotnet.jit.compiled_il.size (By / 1 sec),Rate,0
09/11/2026 05:57:25,System.Runtime,dotnet.jit.compiled_methods ({method} / 1 sec),Rate,0
09/11/2026 05:57:25,System.Runtime,dotnet.monitor.lock_contentions ({contention} / 1 sec),Rate,0
09/11/2026 05:57:25,System.Runtime,dotnet.gc.collections ({collection} / 1 sec)[gc.heap.generation=gen0],Rate,0
09/11/2026 05:57:25,System.Runtime,dotnet.gc.collections ({collection} / 1 sec)[gc.heap.generation=gen2],Rate,0
09/11/2026 05:57:25,System.Runtime,dotnet.gc.collections ({collection} / 1 sec)[gc.heap.generation=gen1],Rate,0
09/11/2026 05:57:25,System.Runtime,dotnet.process.cpu.time (s / 1 sec)[cpu.mode=user],Rate,0.5828160000000082
09/11/2026 05:57:25,System.Runtime,dotnet.process.cpu.time (s / 1 sec)[cpu.mode=system],Rate,0.04150500000000079
09/11/2026 05:57:25,System.Runtime,dotnet.process.cpu.count ({cpu}),Metric,15
09/11/2026 05:57:25,System.Runtime,dotnet.gc.pause.time (s / 1 sec),Rate,0
09/11/2026 05:57:25,System.Runtime,dotnet.thread_pool.queue.length ({work_item} / 1 sec),Rate,0
09/11/2026 05:57:25,System.Runtime,dotnet.gc.last_collection.memory.committed_size (By),Metric,0
09/11/2026 05:57:25,System.Runtime,dotnet.gc.last_collection.heap.fragmentation.size (By)[gc.heap.generation=gen0],Metric,0
09/11/2026 05:57:25,System.Runtime,dotnet.gc.last_collection.heap.fragmentation.size (By)[gc.heap.generation=gen2],Metric,0
09/11/2026 05:57:25,System.Runtime,dotnet.gc.last_collection.heap.fragmentation.size (By)[gc.heap.generation=loh],Metric,0
09/11/2026 05:57:25,System.Runtime,dotnet.gc.last_collection.heap.fragmentation.size (By)[gc.heap.generation=gen1],Metric,0
09/11/2026 05:57:25,System.Runtime,dotnet.gc.last_collection.heap.fragmentation.size (By)[gc.heap.generation=poh],Metric,0
09/11/2026 05:57:25,System.Runtime,dotnet.timer.count ({timer}),Metric,2
09/11/2026 05:57:25,System.Runtime,dotnet.assembly.count ({assembly}),Metric,61
09/11/2026 05:57:25,System.Runtime,dotnet.gc.heap.total_allocated (By / 1 sec),Rate,122928
09/11/2026 05:57:25,System.Runtime,dotnet.gc.last_collection.heap.size (By)[gc.heap.generation=gen0],Metric,0
09/11/2026 05:57:25,System.Runtime,dotnet.gc.last_collection.heap.size (By)[gc.heap.generation=gen2],Metric,0
09/11/2026 05:57:25,System.Runtime,dotnet.gc.last_collection.heap.size (By)[gc.heap.generation=loh],Metric,0
09/11/2026 05:57:25,System.Runtime,dotnet.gc.last_collection.heap.size (By)[gc.heap.generation=gen1],Metric,0
09/11/2026 05:57:25,System.Runtime,dotnet.gc.last_collection.heap.size (By)[gc.heap.generation=poh],Metric,0
09/11/2026 05:57:25,System.Runtime,dotnet.thread_pool.work_item.count ({work_item} / 1 sec),Rate,601
09/11/2026 05:57:25,System.Runtime,dotnet.process.memory.working_set (By),Metric,124944384
09/11/2026 05:57:25,System.Runtime,dotnet.thread_pool.thread.count ({thread} / 1 sec),Rate,0
09/11/2026 05:57:25,System.Runtime,dotnet.jit.compilation.time (s / 1 sec),Rate,0
09/11/2026 05:57:26,System.Runtime,dotnet.jit.compiled_il.size (By / 1 sec),Rate,0
09/11/2026 05:57:26,System.Runtime,dotnet.jit.compiled_methods ({method} / 1 sec),Rate,0
09/11/2026 05:57:26,System.Runtime,dotnet.monitor.lock_contentions ({contention} / 1 sec),Rate,0
09/11/2026 05:57:26,System.Runtime,dotnet.gc.collections ({collection} / 1 sec)[gc.heap.generation=gen0],Rate,0
09/11/2026 05:57:26,System.Runtime,dotnet.gc.collections ({collection} / 1 sec)[gc.heap.generation=gen2],Rate,0
09/11/2026 05:57:26,System.Runtime,dotnet.gc.collections ({collection} / 1 sec)[gc.heap.generation=gen1],Rate,0
09/11/2026 05:57:26,System.Runtime,dotnet.process.cpu.time (s / 1 sec)[cpu.mode=user],Rate,0.5872159999999838
09/11/2026 05:57:26,System.Runtime,dotnet.process.cpu.time (s / 1 sec)[cpu.mode=system],Rate,0.04250799999999977
09/11/2026 05:57:26,System.Runtime,dotnet.process.cpu.count ({cpu}),Metric,15
09/11/2026 05:57:26,System.Runtime,dotnet.gc.pause.time (s / 1 sec),Rate,0
09/11/2026 05:57:26,System.Runtime,dotnet.thread_pool.queue.length ({work_item} / 1 sec),Rate,0
09/11/2026 05:57:26,System.Runtime,dotnet.gc.last_collection.memory.committed_size (By),Metric,0
09/11/2026 05:57:26,System.Runtime,dotnet.gc.last_collection.heap.fragmentation.size (By)[gc.heap.generation=gen0],Metric,0
09/11/2026 05:57:26,System.Runtime,dotnet.gc.last_collection.heap.fragmentation.size (By)[gc.heap.generation=gen2],Metric,0
09/11/2026 05:57:26,System.Runtime,dotnet.gc.last_collection.heap.fragmentation.size (By)[gc.heap.generation=loh],Metric,0
09/11/2026 05:57:26,System.Runtime,dotnet.gc.last_collection.heap.fragmentation.size (By)[gc.heap.generation=gen1],Metric,0
09/11/2026 05:57:26,System.Runtime,dotnet.gc.last_collection.heap.fragmentation.size (By)[gc.heap.generation=poh],Metric,0
09/11/2026 05:57:26,System.Runtime,dotnet.timer.count ({timer}),Metric,2
09/11/2026 05:57:26,System.Runtime,dotnet.assembly.count ({assembly}),Metric,61
09/11/2026 05:57:26,System.Runtime,dotnet.gc.heap.total_allocated (By / 1 sec),Rate,154792
09/11/2026 05:57:26,System.Runtime,dotnet.gc.last_collection.heap.size (By)[gc.heap.generation=gen0],Metric,0
09/11/2026 05:57:26,System.Runtime,dotnet.gc.last_collection.heap.size (By)[gc.heap.generation=gen2],Metric,0
09/11/2026 05:57:26,System.Runtime,dotnet.gc.last_collection.heap.size (By)[gc.heap.generation=loh],Metric,0
09/11/2026 05:57:26,System.Runtime,dotnet.gc.last_collection.heap.size (By)[gc.heap.generation=gen1],Metric,0
09/11/2026 05:57:26,System.Runtime,dotnet.gc.last_collection.heap.size (By)[gc.heap.generation=poh],Metric,0
09/11/2026 05:57:26,System.Runtime,dotnet.thread_pool.work_item.count ({work_item} / 1 sec),Rate,602
09/11/2026 05:57:26,System.Runtime,dotnet.process.memory.working_set (By),Metric,125108224
09/11/2026 05:57:26,System.Runtime,dotnet.thread_pool.thread.count ({thread} / 1 sec),Rate,0
09/11/2026 05:57:26,System.Runtime,dotnet.jit.compilation.time (s / 1 sec),Rate,0
09/11/2026 05:57:27,System.Runtime,dotnet.jit.compiled_il.size (By / 1 sec),Rate,0
09/11/2026 05:57:27,System.Runtime,dotnet.jit.compiled_methods ({method} / 1 sec),Rate,0
09/11/2026 05:57:27,System.Runtime,dotnet.monitor.lock_contentions ({contention} / 1 sec),Rate,0
09/11/2026 05:57:27,System.Runtime,dotnet.gc.collections ({collection} / 1 sec)[gc.heap.generation=gen0],Rate,0
09/11/2026 05:57:27,System.Runtime,dotnet.gc.collections ({collection} / 1 sec)[gc.heap.generation=gen2],Rate,0
09/11/2026 05:57:27,System.Runtime,dotnet.gc.collections ({collection} / 1 sec)[gc.heap.generation=gen1],Rate,0
09/11/2026 05:57:27,System.Runtime,dotnet.process.cpu.time (s / 1 sec)[cpu.mode=user],Rate,0.5882029999999929
09/11/2026 05:57:27,System.Runtime,dotnet.process.cpu.time (s / 1 sec)[cpu.mode=system],Rate,0.04473600000000033
09/11/2026 05:57:27,System.Runtime,dotnet.process.cpu.count ({cpu}),Metric,15
09/11/2026 05:57:27,System.Runtime,dotnet.gc.pause.time (s / 1 sec),Rate,0
09/11/2026 05:57:27,System.Runtime,dotnet.thread_pool.queue.length ({work_item} / 1 sec),Rate,0
09/11/2026 05:57:27,System.Runtime,dotnet.gc.last_collection.memory.committed_size (By),Metric,0
09/11/2026 05:57:27,System.Runtime,dotnet.gc.last_collection.heap.fragmentation.size (By)[gc.heap.generation=gen0],Metric,0
09/11/2026 05:57:27,System.Runtime,dotnet.gc.last_collection.heap.fragmentation.size (By)[gc.heap.generation=gen2],Metric,0
09/11/2026 05:57:27,System.Runtime,dotnet.gc.last_collection.heap.fragmentation.size (By)[gc.heap.generation=loh],Metric,0
09/11/2026 05:57:27,System.Runtime,dotnet.gc.last_collection.heap.fragmentation.size (By)[gc.heap.generation=gen1],Metric,0
09/11/2026 05:57:27,System.Runtime,dotnet.gc.last_collection.heap.fragmentation.size (By)[gc.heap.generation=poh],Metric,0
09/11/2026 05:57:27,System.Runtime,dotnet.timer.count ({timer}),Metric,2
09/11/2026 05:57:27,System.Runtime,dotnet.assembly.count ({assembly}),Metric,61
09/11/2026 05:57:27,System.Runtime,dotnet.gc.heap.total_allocated (By / 1 sec),Rate,123000
09/11/2026 05:57:27,System.Runtime,dotnet.gc.last_collection.heap.size (By)[gc.heap.generation=gen0],Metric,0
09/11/2026 05:57:27,System.Runtime,dotnet.gc.last_collection.heap.size (By)[gc.heap.generation=gen2],Metric,0
09/11/2026 05:57:27,System.Runtime,dotnet.gc.last_collection.heap.size (By)[gc.heap.generation=loh],Metric,0
09/11/2026 05:57:27,System.Runtime,dotnet.gc.last_collection.heap.size (By)[gc.heap.generation=gen1],Metric,0
09/11/2026 05:57:27,System.Runtime,dotnet.gc.last_collection.heap.size (By)[gc.heap.generation=poh],Metric,0
09/11/2026 05:57:27,System.Runtime,dotnet.thread_pool.work_item.count ({work_item} / 1 sec),Rate,601
09/11/2026 05:57:27,System.Runtime,dotnet.process.memory.working_set (By),Metric,125255680
09/11/2026 05:57:27,System.Runtime,dotnet.thread_pool.thread.count ({thread} / 1 sec),Rate,0
09/11/2026 05:57:27,System.Runtime,dotnet.jit.compilation.time (s / 1 sec),Rate,0
09/11/2026 05:57:28,System.Runtime,dotnet.jit.compiled_il.size (By / 1 sec),Rate,0
09/11/2026 05:57:28,System.Runtime,dotnet.jit.compiled_methods ({method} / 1 sec),Rate,0
09/11/2026 05:57:28,System.Runtime,dotnet.monitor.lock_contentions ({contention} / 1 sec),Rate,0
09/11/2026 05:57:28,System.Runtime,dotnet.gc.collections ({collection} / 1 sec)[gc.heap.generation=gen0],Rate,0
09/11/2026 05:57:28,System.Runtime,dotnet.gc.collections ({collection} / 1 sec)[gc.heap.generation=gen2],Rate,0
09/11/2026 05:57:28,System.Runtime,dotnet.gc.collections ({collection} / 1 sec)[gc.heap.generation=gen1],Rate,0
09/11/2026 05:57:28,System.Runtime,dotnet.process.cpu.time (s / 1 sec)[cpu.mode=user],Rate,0.5838740000000087
09/11/2026 05:57:28,System.Runtime,dotnet.process.cpu.time (s / 1 sec)[cpu.mode=system],Rate,0.041181999999999164
09/11/2026 05:57:28,System.Runtime,dotnet.process.cpu.count ({cpu}),Metric,15
09/11/2026 05:57:28,System.Runtime,dotnet.gc.pause.time (s / 1 sec),Rate,0
09/11/2026 05:57:28,System.Runtime,dotnet.thread_pool.queue.length ({work_item} / 1 sec),Rate,0
09/11/2026 05:57:28,System.Runtime,dotnet.gc.last_collection.memory.committed_size (By),Metric,0
09/11/2026 05:57:28,System.Runtime,dotnet.gc.last_collection.heap.fragmentation.size (By)[gc.heap.generation=gen0],Metric,0
09/11/2026 05:57:28,System.Runtime,dotnet.gc.last_collection.heap.fragmentation.size (By)[gc.heap.generation=gen2],Metric,0
09/11/2026 05:57:28,System.Runtime,dotnet.gc.last_collection.heap.fragmentation.size (By)[gc.heap.generation=loh],Metric,0
09/11/2026 05:57:28,System.Runtime,dotnet.gc.last_collection.heap.fragmentation.size (By)[gc.heap.generation=gen1],Metric,0
09/11/2026 05:57:28,System.Runtime,dotnet.gc.last_collection.heap.fragmentation.size (By)[gc.heap.generation=poh],Metric,0
09/11/2026 05:57:28,System.Runtime,dotnet.timer.count ({timer}),Metric,2
09/11/2026 05:57:28,System.Runtime,dotnet.assembly.count ({assembly}),Metric,61
09/11/2026 05:57:28,System.Runtime,dotnet.gc.heap.total_allocated (By / 1 sec),Rate,138264
09/11/2026 05:57:28,System.Runtime,dotnet.gc.last_collection.heap.size (By)[gc.heap.generation=gen0],Metric,0
09/11/2026 05:57:28,System.Runtime,dotnet.gc.last_collection.heap.size (By)[gc.heap.generation=gen2],Metric,0
09/11/2026 05:57:28,System.Runtime,dotnet.gc.last_collection.heap.size (By)[gc.heap.generation=loh],Metric,0
09/11/2026 05:57:28,System.Runtime,dotnet.gc.last_collection.heap.size (By)[gc.heap.generation=gen1],Metric,0
09/11/2026 05:57:28,System.Runtime,dotnet.gc.last_collection.heap.size (By)[gc.heap.generation=poh],Metric,0
09/11/2026 05:57:28,System.Runtime,dotnet.thread_pool.work_item.count ({work_item} / 1 sec),Rate,601
09/11/2026 05:57:28,System.Runtime,dotnet.process.memory.working_set (By),Metric,125419520
09/11/2026 05:57:28,System.Runtime,dotnet.thread_pool.thread.count ({thread} / 1 sec),Rate,0
09/11/2026 05:57:28,System.Runtime,dotnet.jit.compilation.time (s / 1 sec),Rate,0
09/11/2026 05:57:29,System.Runtime,dotnet.jit.compiled_il.size (By / 1 sec),Rate,0
09/11/2026 05:57:29,System.Runtime,dotnet.jit.compiled_methods ({method} / 1 sec),Rate,0
09/11/2026 05:57:29,System.Runtime,dotnet.monitor.lock_contentions ({contention} / 1 sec),Rate,0
09/11/2026 05:57:29,System.Runtime,dotnet.gc.collections ({collection} / 1 sec)[gc.heap.generation=gen0],Rate,0
09/11/2026 05:57:29,System.Runtime,dotnet.gc.collections ({collection} / 1 sec)[gc.heap.generation=gen2],Rate,0
09/11/2026 05:57:29,System.Runtime,dotnet.gc.collections ({collection} / 1 sec)[gc.heap.generation=gen1],Rate,0
09/11/2026 05:57:29,System.Runtime,dotnet.process.cpu.time (s / 1 sec)[cpu.mode=user],Rate,0.5810600000000079
09/11/2026 05:57:29,System.Runtime,dotnet.process.cpu.time (s / 1 sec)[cpu.mode=system],Rate,0.038888000000000034
09/11/2026 05:57:29,System.Runtime,dotnet.process.cpu.count ({cpu}),Metric,15
09/11/2026 05:57:29,System.Runtime,dotnet.gc.pause.time (s / 1 sec),Rate,0
09/11/2026 05:57:29,System.Runtime,dotnet.thread_pool.queue.length ({work_item} / 1 sec),Rate,0
09/11/2026 05:57:29,System.Runtime,dotnet.gc.last_collection.memory.committed_size (By),Metric,0
09/11/2026 05:57:29,System.Runtime,dotnet.gc.last_collection.heap.fragmentation.size (By)[gc.heap.generation=gen0],Metric,0
09/11/2026 05:57:29,System.Runtime,dotnet.gc.last_collection.heap.fragmentation.size (By)[gc.heap.generation=gen2],Metric,0
09/11/2026 05:57:29,System.Runtime,dotnet.gc.last_collection.heap.fragmentation.size (By)[gc.heap.generation=loh],Metric,0
09/11/2026 05:57:29,System.Runtime,dotnet.gc.last_collection.heap.fragmentation.size (By)[gc.heap.generation=gen1],Metric,0
09/11/2026 05:57:29,System.Runtime,dotnet.gc.last_collection.heap.fragmentation.size (By)[gc.heap.generation=poh],Metric,0
09/11/2026 05:57:29,System.Runtime,dotnet.timer.count ({timer}),Metric,2
09/11/2026 05:57:29,System.Runtime,dotnet.assembly.count ({assembly}),Metric,61
09/11/2026 05:57:29,System.Runtime,dotnet.gc.heap.total_allocated (By / 1 sec),Rate,151176
09/11/2026 05:57:29,System.Runtime,dotnet.gc.last_collection.heap.size (By)[gc.heap.generation=gen0],Metric,0
09/11/2026 05:57:29,System.Runtime,dotnet.gc.last_collection.heap.size (By)[gc.heap.generation=gen2],Metric,0
09/11/2026 05:57:29,System.Runtime,dotnet.gc.last_collection.heap.size (By)[gc.heap.generation=loh],Metric,0
09/11/2026 05:57:29,System.Runtime,dotnet.gc.last_collection.heap.size (By)[gc.heap.generation=gen1],Metric,0
09/11/2026 05:57:29,System.Runtime,dotnet.gc.last_collection.heap.size (By)[gc.heap.generation=poh],Metric,0
09/11/2026 05:57:29,System.Runtime,dotnet.thread_pool.work_item.count ({work_item} / 1 sec),Rate,601
09/11/2026 05:57:29,System.Runtime,dotnet.process.memory.working_set (By),Metric,125550592
09/11/2026 05:57:29,System.Runtime,dotnet.thread_pool.thread.count ({thread} / 1 sec),Rate,0
09/11/2026 05:57:29,System.Runtime,dotnet.jit.compilation.time (s / 1 sec),Rate,0
09/11/2026 05:57:30,System.Runtime,dotnet.jit.compiled_il.size (By / 1 sec),Rate,0
09/11/2026 05:57:30,System.Runtime,dotnet.jit.compiled_methods ({method} / 1 sec),Rate,0
09/11/2026 05:57:30,System.Runtime,dotnet.monitor.lock_contentions ({contention} / 1 sec),Rate,0
09/11/2026 05:57:30,System.Runtime,dotnet.gc.collections ({collection} / 1 sec)[gc.heap.generation=gen0],Rate,0
09/11/2026 05:57:30,System.Runtime,dotnet.gc.collections ({collection} / 1 sec)[gc.heap.generation=gen2],Rate,0
09/11/2026 05:57:30,System.Runtime,dotnet.gc.collections ({collection} / 1 sec)[gc.heap.generation=gen1],Rate,0
09/11/2026 05:57:30,System.Runtime,dotnet.process.cpu.time (s / 1 sec)[cpu.mode=user],Rate,0.5761320000000012
09/11/2026 05:57:30,System.Runtime,dotnet.process.cpu.time (s / 1 sec)[cpu.mode=system],Rate,0.04311099999999968
09/11/2026 05:57:30,System.Runtime,dotnet.process.cpu.count ({cpu}),Metric,15
09/11/2026 05:57:30,System.Runtime,dotnet.gc.pause.time (s / 1 sec),Rate,0
09/11/2026 05:57:30,System.Runtime,dotnet.thread_pool.queue.length ({work_item} / 1 sec),Rate,0
09/11/2026 05:57:30,System.Runtime,dotnet.gc.last_collection.memory.committed_size (By),Metric,0
09/11/2026 05:57:30,System.Runtime,dotnet.gc.last_collection.heap.fragmentation.size (By)[gc.heap.generation=gen0],Metric,0
09/11/2026 05:57:30,System.Runtime,dotnet.gc.last_collection.heap.fragmentation.size (By)[gc.heap.generation=gen2],Metric,0
09/11/2026 05:57:30,System.Runtime,dotnet.gc.last_collection.heap.fragmentation.size (By)[gc.heap.generation=loh],Metric,0
09/11/2026 05:57:30,System.Runtime,dotnet.gc.last_collection.heap.fragmentation.size (By)[gc.heap.generation=gen1],Metric,0
09/11/2026 05:57:30,System.Runtime,dotnet.gc.last_collection.heap.fragmentation.size (By)[gc.heap.generation=poh],Metric,0
09/11/2026 05:57:30,System.Runtime,dotnet.timer.count ({timer}),Metric,2
09/11/2026 05:57:30,System.Runtime,dotnet.assembly.count ({assembly}),Metric,61
09/11/2026 05:57:30,System.Runtime,dotnet.gc.heap.total_allocated (By / 1 sec),Rate,139400
09/11/2026 05:57:30,System.Runtime,dotnet.gc.last_collection.heap.size (By)[gc.heap.generation=gen0],Metric,0
09/11/2026 05:57:30,System.Runtime,dotnet.gc.last_collection.heap.size (By)[gc.heap.generation=gen2],Metric,0
09/11/2026 05:57:30,System.Runtime,dotnet.gc.last_collection.heap.size (By)[gc.heap.generation=loh],Metric,0
09/11/2026 05:57:30,System.Runtime,dotnet.gc.last_collection.heap.size (By)[gc.heap.generation=gen1],Metric,0
09/11/2026 05:57:30,System.Runtime,dotnet.gc.last_collection.heap.size (By)[gc.heap.generation=poh],Metric,0
09/11/2026 05:57:30,System.Runtime,dotnet.thread_pool.work_item.count ({work_item} / 1 sec),Rate,598
09/11/2026 05:57:30,System.Runtime,dotnet.process.memory.working_set (By),Metric,125698048
09/11/2026 05:57:30,System.Runtime,dotnet.thread_pool.thread.count ({thread} / 1 sec),Rate,0
09/11/2026 05:57:30,System.Runtime,dotnet.jit.compilation.time (s / 1 sec),Rate,0
09/11/2026 05:57:31,System.Runtime,dotnet.jit.compiled_il.size (By / 1 sec),Rate,0
09/11/2026 05:57:31,System.Runtime,dotnet.jit.compiled_methods ({method} / 1 sec),Rate,0
09/11/2026 05:57:31,System.Runtime,dotnet.monitor.lock_contentions ({contention} / 1 sec),Rate,0
09/11/2026 05:57:31,System.Runtime,dotnet.gc.collections ({collection} / 1 sec)[gc.heap.generation=gen0],Rate,0
09/11/2026 05:57:31,System.Runtime,dotnet.gc.collections ({collection} / 1 sec)[gc.heap.generation=gen2],Rate,0
09/11/2026 05:57:31,System.Runtime,dotnet.gc.collections ({collection} / 1 sec)[gc.heap.generation=gen1],Rate,0
09/11/2026 05:57:31,System.Runtime,dotnet.process.cpu.time (s / 1 sec)[cpu.mode=user],Rate,0.5937619999999981
09/11/2026 05:57:31,System.Runtime,dotnet.process.cpu.time (s / 1 sec)[cpu.mode=system],Rate,0.044636000000000564
09/11/2026 05:57:31,System.Runtime,dotnet.process.cpu.count ({cpu}),Metric,15
09/11/2026 05:57:31,System.Runtime,dotnet.gc.pause.time (s / 1 sec),Rate,0
09/11/2026 05:57:31,System.Runtime,dotnet.thread_pool.queue.length ({work_item} / 1 sec),Rate,0
09/11/2026 05:57:31,System.Runtime,dotnet.gc.last_collection.memory.committed_size (By),Metric,0
09/11/2026 05:57:31,System.Runtime,dotnet.gc.last_collection.heap.fragmentation.size (By)[gc.heap.generation=gen0],Metric,0
09/11/2026 05:57:31,System.Runtime,dotnet.gc.last_collection.heap.fragmentation.size (By)[gc.heap.generation=gen2],Metric,0
09/11/2026 05:57:31,System.Runtime,dotnet.gc.last_collection.heap.fragmentation.size (By)[gc.heap.generation=loh],Metric,0
09/11/2026 05:57:31,System.Runtime,dotnet.gc.last_collection.heap.fragmentation.size (By)[gc.heap.generation=gen1],Metric,0
09/11/2026 05:57:31,System.Runtime,dotnet.gc.last_collection.heap.fragmentation.size (By)[gc.heap.generation=poh],Metric,0
09/11/2026 05:57:31,System.Runtime,dotnet.timer.count ({timer}),Metric,2
09/11/2026 05:57:31,System.Runtime,dotnet.assembly.count ({assembly}),Metric,61
09/11/2026 05:57:31,System.Runtime,dotnet.gc.heap.total_allocated (By / 1 sec),Rate,147616
09/11/2026 05:57:31,System.Runtime,dotnet.gc.last_collection.heap.size (By)[gc.heap.generation=gen0],Metric,0
09/11/2026 05:57:31,System.Runtime,dotnet.gc.last_collection.heap.size (By)[gc.heap.generation=gen2],Metric,0
09/11/2026 05:57:31,System.Runtime,dotnet.gc.last_collection.heap.size (By)[gc.heap.generation=loh],Metric,0
09/11/2026 05:57:31,System.Runtime,dotnet.gc.last_collection.heap.size (By)[gc.heap.generation=gen1],Metric,0
09/11/2026 05:57:31,System.Runtime,dotnet.gc.last_collection.heap.size (By)[gc.heap.generation=poh],Metric,0
09/11/2026 05:57:31,System.Runtime,dotnet.thread_pool.work_item.count ({work_item} / 1 sec),Rate,603
09/11/2026 05:57:31,System.Runtime,dotnet.process.memory.working_set (By),Metric,125861888
09/11/2026 05:57:31,System.Runtime,dotnet.thread_pool.thread.count ({thread} / 1 sec),Rate,0
09/11/2026 05:57:31,System.Runtime,dotnet.jit.compilation.time (s / 1 sec),Rate,0
09/11/2026 05:57:32,System.Runtime,dotnet.jit.compiled_il.size (By / 1 sec),Rate,0
09/11/2026 05:57:32,System.Runtime,dotnet.jit.compiled_methods ({method} / 1 sec),Rate,0
09/11/2026 05:57:32,System.Runtime,dotnet.monitor.lock_contentions ({contention} / 1 sec),Rate,0
09/11/2026 05:57:32,System.Runtime,dotnet.gc.collections ({collection} / 1 sec)[gc.heap.generation=gen0],Rate,0
09/11/2026 05:57:32,System.Runtime,dotnet.gc.collections ({collection} / 1 sec)[gc.heap.generation=gen2],Rate,0
09/11/2026 05:57:32,System.Runtime,dotnet.gc.collections ({collection} / 1 sec)[gc.heap.generation=gen1],Rate,0
09/11/2026 05:57:32,System.Runtime,dotnet.process.cpu.time (s / 1 sec)[cpu.mode=user],Rate,0.5981079999999963
09/11/2026 05:57:32,System.Runtime,dotnet.process.cpu.time (s / 1 sec)[cpu.mode=system],Rate,0.05167300000000097
09/11/2026 05:57:32,System.Runtime,dotnet.process.cpu.count ({cpu}),Metric,15
09/11/2026 05:57:32,System.Runtime,dotnet.gc.pause.time (s / 1 sec),Rate,0
09/11/2026 05:57:32,System.Runtime,dotnet.thread_pool.queue.length ({work_item} / 1 sec),Rate,0
09/11/2026 05:57:32,System.Runtime,dotnet.gc.last_collection.memory.committed_size (By),Metric,0
09/11/2026 05:57:32,System.Runtime,dotnet.gc.last_collection.heap.fragmentation.size (By)[gc.heap.generation=gen0],Metric,0
09/11/2026 05:57:32,System.Runtime,dotnet.gc.last_collection.heap.fragmentation.size (By)[gc.heap.generation=gen2],Metric,0
09/11/2026 05:57:32,System.Runtime,dotnet.gc.last_collection.heap.fragmentation.size (By)[gc.heap.generation=loh],Metric,0
09/11/2026 05:57:32,System.Runtime,dotnet.gc.last_collection.heap.fragmentation.size (By)[gc.heap.generation=gen1],Metric,0
09/11/2026 05:57:32,System.Runtime,dotnet.gc.last_collection.heap.fragmentation.size (By)[gc.heap.generation=poh],Metric,0
09/11/2026 05:57:32,System.Runtime,dotnet.timer.count ({timer}),Metric,2
09/11/2026 05:57:32,System.Runtime,dotnet.assembly.count ({assembly}),Metric,61
09/11/2026 05:57:32,System.Runtime,dotnet.gc.heap.total_allocated (By / 1 sec),Rate,146512
09/11/2026 05:57:32,System.Runtime,dotnet.gc.last_collection.heap.size (By)[gc.heap.generation=gen0],Metric,0
09/11/2026 05:57:32,System.Runtime,dotnet.gc.last_collection.heap.size (By)[gc.heap.generation=gen2],Metric,0
09/11/2026 05:57:32,System.Runtime,dotnet.gc.last_collection.heap.size (By)[gc.heap.generation=loh],Metric,0
09/11/2026 05:57:32,System.Runtime,dotnet.gc.last_collection.heap.size (By)[gc.heap.generation=gen1],Metric,0
09/11/2026 05:57:32,System.Runtime,dotnet.gc.last_collection.heap.size (By)[gc.heap.generation=poh],Metric,0
09/11/2026 05:57:32,System.Runtime,dotnet.thread_pool.work_item.count ({work_item} / 1 sec),Rate,685
09/11/2026 05:57:32,System.Runtime,dotnet.process.memory.working_set (By),Metric,126025728
09/11/2026 05:57:32,System.Runtime,dotnet.thread_pool.thread.count ({thread} / 1 sec),Rate,0
09/11/2026 05:57:32,System.Runtime,dotnet.jit.compilation.time (s / 1 sec),Rate,0
09/11/2026 05:57:33,System.Runtime,dotnet.jit.compiled_il.size (By / 1 sec),Rate,0
09/11/2026 05:57:33,System.Runtime,dotnet.jit.compiled_methods ({method} / 1 sec),Rate,0
09/11/2026 05:57:33,System.Runtime,dotnet.monitor.lock_contentions ({contention} / 1 sec),Rate,0
09/11/2026 05:57:33,System.Runtime,dotnet.gc.collections ({collection} / 1 sec)[gc.heap.generation=gen0],Rate,0
09/11/2026 05:57:33,System.Runtime,dotnet.gc.collections ({collection} / 1 sec)[gc.heap.generation=gen2],Rate,0
09/11/2026 05:57:33,System.Runtime,dotnet.gc.collections ({collection} / 1 sec)[gc.heap.generation=gen1],Rate,0
09/11/2026 05:57:33,System.Runtime,dotnet.process.cpu.time (s / 1 sec)[cpu.mode=user],Rate,0.590172999999993
09/11/2026 05:57:33,System.Runtime,dotnet.process.cpu.time (s / 1 sec)[cpu.mode=system],Rate,0.04315199999999919
09/11/2026 05:57:33,System.Runtime,dotnet.process.cpu.count ({cpu}),Metric,15
09/11/2026 05:57:33,System.Runtime,dotnet.gc.pause.time (s / 1 sec),Rate,0
09/11/2026 05:57:33,System.Runtime,dotnet.thread_pool.queue.length ({work_item} / 1 sec),Rate,0
09/11/2026 05:57:33,System.Runtime,dotnet.gc.last_collection.memory.committed_size (By),Metric,0
09/11/2026 05:57:33,System.Runtime,dotnet.gc.last_collection.heap.fragmentation.size (By)[gc.heap.generation=gen0],Metric,0
09/11/2026 05:57:33,System.Runtime,dotnet.gc.last_collection.heap.fragmentation.size (By)[gc.heap.generation=gen2],Metric,0
09/11/2026 05:57:33,System.Runtime,dotnet.gc.last_collection.heap.fragmentation.size (By)[gc.heap.generation=loh],Metric,0
09/11/2026 05:57:33,System.Runtime,dotnet.gc.last_collection.heap.fragmentation.size (By)[gc.heap.generation=gen1],Metric,0
09/11/2026 05:57:33,System.Runtime,dotnet.gc.last_collection.heap.fragmentation.size (By)[gc.heap.generation=poh],Metric,0
09/11/2026 05:57:33,System.Runtime,dotnet.timer.count ({timer}),Metric,2
09/11/2026 05:57:33,System.Runtime,dotnet.assembly.count ({assembly}),Metric,61
09/11/2026 05:57:33,System.Runtime,dotnet.gc.heap.total_allocated (By / 1 sec),Rate,130176
09/11/2026 05:57:33,System.Runtime,dotnet.gc.last_collection.heap.size (By)[gc.heap.generation=gen0],Metric,0
09/11/2026 05:57:33,System.Runtime,dotnet.gc.last_collection.heap.size (By)[gc.heap.generation=gen2],Metric,0
09/11/2026 05:57:33,System.Runtime,dotnet.gc.last_collection.heap.size (By)[gc.heap.generation=loh],Metric,0
09/11/2026 05:57:33,System.Runtime,dotnet.gc.last_collection.heap.size (By)[gc.heap.generation=gen1],Metric,0
09/11/2026 05:57:33,System.Runtime,dotnet.gc.last_collection.heap.size (By)[gc.heap.generation=poh],Metric,0
09/11/2026 05:57:33,System.Runtime,dotnet.thread_pool.work_item.count ({work_item} / 1 sec),Rate,635
09/11/2026 05:57:33,System.Runtime,dotnet.process.memory.working_set (By),Metric,126189568
09/11/2026 05:57:33,System.Runtime,dotnet.thread_pool.thread.count ({thread} / 1 sec),Rate,0
09/11/2026 05:57:33,System.Runtime,dotnet.jit.compilation.time (s / 1 sec),Rate,0
09/11/2026 05:57:34,System.Runtime,dotnet.jit.compiled_il.size (By / 1 sec),Rate,0
09/11/2026 05:57:34,System.Runtime,dotnet.jit.compiled_methods ({method} / 1 sec),Rate,0
09/11/2026 05:57:34,System.Runtime,dotnet.monitor.lock_contentions ({contention} / 1 sec),Rate,0
09/11/2026 05:57:34,System.Runtime,dotnet.gc.collections ({collection} / 1 sec)[gc.heap.generation=gen0],Rate,0
09/11/2026 05:57:34,System.Runtime,dotnet.gc.collections ({collection} / 1 sec)[gc.heap.generation=gen2],Rate,0
09/11/2026 05:57:34,System.Runtime,dotnet.gc.collections ({collection} / 1 sec)[gc.heap.generation=gen1],Rate,0
09/11/2026 05:57:34,System.Runtime,dotnet.process.cpu.time (s / 1 sec)[cpu.mode=user],Rate,0.5893039999999985
09/11/2026 05:57:34,System.Runtime,dotnet.process.cpu.time (s / 1 sec)[cpu.mode=system],Rate,0.041188
09/11/2026 05:57:34,System.Runtime,dotnet.process.cpu.count ({cpu}),Metric,15
09/11/2026 05:57:34,System.Runtime,dotnet.gc.pause.time (s / 1 sec),Rate,0
09/11/2026 05:57:34,System.Runtime,dotnet.thread_pool.queue.length ({work_item} / 1 sec),Rate,0
09/11/2026 05:57:34,System.Runtime,dotnet.gc.last_collection.memory.committed_size (By),Metric,0
09/11/2026 05:57:34,System.Runtime,dotnet.gc.last_collection.heap.fragmentation.size (By)[gc.heap.generation=gen0],Metric,0
09/11/2026 05:57:34,System.Runtime,dotnet.gc.last_collection.heap.fragmentation.size (By)[gc.heap.generation=gen2],Metric,0
09/11/2026 05:57:34,System.Runtime,dotnet.gc.last_collection.heap.fragmentation.size (By)[gc.heap.generation=loh],Metric,0
09/11/2026 05:57:34,System.Runtime,dotnet.gc.last_collection.heap.fragmentation.size (By)[gc.heap.generation=gen1],Metric,0
09/11/2026 05:57:34,System.Runtime,dotnet.gc.last_collection.heap.fragmentation.size (By)[gc.heap.generation=poh],Metric,0
09/11/2026 05:57:34,System.Runtime,dotnet.timer.count ({timer}),Metric,2
09/11/2026 05:57:34,System.Runtime,dotnet.assembly.count ({assembly}),Metric,61
09/11/2026 05:57:34,System.Runtime,dotnet.gc.heap.total_allocated (By / 1 sec),Rate,154768
09/11/2026 05:57:34,System.Runtime,dotnet.gc.last_collection.heap.size (By)[gc.heap.generation=gen0],Metric,0
09/11/2026 05:57:34,System.Runtime,dotnet.gc.last_collection.heap.size (By)[gc.heap.generation=gen2],Metric,0
09/11/2026 05:57:34,System.Runtime,dotnet.gc.last_collection.heap.size (By)[gc.heap.generation=loh],Metric,0
09/11/2026 05:57:34,System.Runtime,dotnet.gc.last_collection.heap.size (By)[gc.heap.generation=gen1],Metric,0
09/11/2026 05:57:34,System.Runtime,dotnet.gc.last_collection.heap.size (By)[gc.heap.generation=poh],Metric,0
09/11/2026 05:57:34,System.Runtime,dotnet.thread_pool.work_item.count ({work_item} / 1 sec),Rate,607
09/11/2026 05:57:34,System.Runtime,dotnet.process.memory.working_set (By),Metric,126337024
09/11/2026 05:57:34,System.Runtime,dotnet.thread_pool.thread.count ({thread} / 1 sec),Rate,0
09/11/2026 05:57:34,System.Runtime,dotnet.jit.compilation.time (s / 1 sec),Rate,0
09/11/2026 05:57:35,System.Runtime,dotnet.jit.compiled_il.size (By / 1 sec),Rate,0
09/11/2026 05:57:35,System.Runtime,dotnet.jit.compiled_methods ({method} / 1 sec),Rate,0
09/11/2026 05:57:35,System.Runtime,dotnet.monitor.lock_contentions ({contention} / 1 sec),Rate,0
09/11/2026 05:57:35,System.Runtime,dotnet.gc.collections ({collection} / 1 sec)[gc.heap.generation=gen0],Rate,0
09/11/2026 05:57:35,System.Runtime,dotnet.gc.collections ({collection} / 1 sec)[gc.heap.generation=gen2],Rate,0
09/11/2026 05:57:35,System.Runtime,dotnet.gc.collections ({collection} / 1 sec)[gc.heap.generation=gen1],Rate,0
09/11/2026 05:57:35,System.Runtime,dotnet.process.cpu.time (s / 1 sec)[cpu.mode=user],Rate,0.5899980000000085
09/11/2026 05:57:35,System.Runtime,dotnet.process.cpu.time (s / 1 sec)[cpu.mode=system],Rate,0.04267100000000035
09/11/2026 05:57:35,System.Runtime,dotnet.process.cpu.count ({cpu}),Metric,15
09/11/2026 05:57:35,System.Runtime,dotnet.gc.pause.time (s / 1 sec),Rate,0
09/11/2026 05:57:35,System.Runtime,dotnet.thread_pool.queue.length ({work_item} / 1 sec),Rate,0
09/11/2026 05:57:35,System.Runtime,dotnet.gc.last_collection.memory.committed_size (By),Metric,0
09/11/2026 05:57:35,System.Runtime,dotnet.gc.last_collection.heap.fragmentation.size (By)[gc.heap.generation=gen0],Metric,0
09/11/2026 05:57:35,System.Runtime,dotnet.gc.last_collection.heap.fragmentation.size (By)[gc.heap.generation=gen2],Metric,0
09/11/2026 05:57:35,System.Runtime,dotnet.gc.last_collection.heap.fragmentation.size (By)[gc.heap.generation=loh],Metric,0
09/11/2026 05:57:35,System.Runtime,dotnet.gc.last_collection.heap.fragmentation.size (By)[gc.heap.generation=gen1],Metric,0
09/11/2026 05:57:35,System.Runtime,dotnet.gc.last_collection.heap.fragmentation.size (By)[gc.heap.generation=poh],Metric,0
09/11/2026 05:57:35,System.Runtime,dotnet.timer.count ({timer}),Metric,2
09/11/2026 05:57:35,System.Runtime,dotnet.assembly.count ({assembly}),Metric,61
09/11/2026 05:57:35,System.Runtime,dotnet.gc.heap.total_allocated (By / 1 sec),Rate,114800
09/11/2026 05:57:35,System.Runtime,dotnet.gc.last_collection.heap.size (By)[gc.heap.generation=gen0],Metric,0
09/11/2026 05:57:35,System.Runtime,dotnet.gc.last_collection.heap.size (By)[gc.heap.generation=gen2],Metric,0
09/11/2026 05:57:35,System.Runtime,dotnet.gc.last_collection.heap.size (By)[gc.heap.generation=loh],Metric,0
09/11/2026 05:57:35,System.Runtime,dotnet.gc.last_collection.heap.size (By)[gc.heap.generation=gen1],Metric,0
09/11/2026 05:57:35,System.Runtime,dotnet.gc.last_collection.heap.size (By)[gc.heap.generation=poh],Metric,0
09/11/2026 05:57:35,System.Runtime,dotnet.thread_pool.work_item.count ({work_item} / 1 sec),Rate,604
09/11/2026 05:57:35,System.Runtime,dotnet.process.memory.working_set (By),Metric,126468096
09/11/2026 05:57:35,System.Runtime,dotnet.thread_pool.thread.count ({thread} / 1 sec),Rate,0
09/11/2026 05:57:35,System.Runtime,dotnet.jit.compilation.time (s / 1 sec),Rate,0
09/11/2026 05:57:36,System.Runtime,dotnet.jit.compiled_il.size (By / 1 sec),Rate,130
09/11/2026 05:57:36,System.Runtime,dotnet.jit.compiled_methods ({method} / 1 sec),Rate,1
09/11/2026 05:57:36,System.Runtime,dotnet.monitor.lock_contentions ({contention} / 1 sec),Rate,0
09/11/2026 05:57:36,System.Runtime,dotnet.gc.collections ({collection} / 1 sec)[gc.heap.generation=gen0],Rate,0
09/11/2026 05:57:36,System.Runtime,dotnet.gc.collections ({collection} / 1 sec)[gc.heap.generation=gen2],Rate,0
09/11/2026 05:57:36,System.Runtime,dotnet.gc.collections ({collection} / 1 sec)[gc.heap.generation=gen1],Rate,0
09/11/2026 05:57:36,System.Runtime,dotnet.process.cpu.time (s / 1 sec)[cpu.mode=user],Rate,0.5937429999999893
09/11/2026 05:57:36,System.Runtime,dotnet.process.cpu.time (s / 1 sec)[cpu.mode=system],Rate,0.04410999999999987
09/11/2026 05:57:36,System.Runtime,dotnet.process.cpu.count ({cpu}),Metric,15
09/11/2026 05:57:36,System.Runtime,dotnet.gc.pause.time (s / 1 sec),Rate,0
09/11/2026 05:57:36,System.Runtime,dotnet.thread_pool.queue.length ({work_item} / 1 sec),Rate,0
09/11/2026 05:57:36,System.Runtime,dotnet.gc.last_collection.memory.committed_size (By),Metric,0
09/11/2026 05:57:36,System.Runtime,dotnet.gc.last_collection.heap.fragmentation.size (By)[gc.heap.generation=gen0],Metric,0
09/11/2026 05:57:36,System.Runtime,dotnet.gc.last_collection.heap.fragmentation.size (By)[gc.heap.generation=gen2],Metric,0
09/11/2026 05:57:36,System.Runtime,dotnet.gc.last_collection.heap.fragmentation.size (By)[gc.heap.generation=loh],Metric,0
09/11/2026 05:57:36,System.Runtime,dotnet.gc.last_collection.heap.fragmentation.size (By)[gc.heap.generation=gen1],Metric,0
09/11/2026 05:57:36,System.Runtime,dotnet.gc.last_collection.heap.fragmentation.size (By)[gc.heap.generation=poh],Metric,0
09/11/2026 05:57:36,System.Runtime,dotnet.timer.count ({timer}),Metric,2
09/11/2026 05:57:36,System.Runtime,dotnet.assembly.count ({assembly}),Metric,61
09/11/2026 05:57:36,System.Runtime,dotnet.gc.heap.total_allocated (By / 1 sec),Rate,164016
09/11/2026 05:57:36,System.Runtime,dotnet.gc.last_collection.heap.size (By)[gc.heap.generation=gen0],Metric,0
09/11/2026 05:57:36,System.Runtime,dotnet.gc.last_collection.heap.size (By)[gc.heap.generation=gen2],Metric,0
09/11/2026 05:57:36,System.Runtime,dotnet.gc.last_collection.heap.size (By)[gc.heap.generation=loh],Metric,0
09/11/2026 05:57:36,System.Runtime,dotnet.gc.last_collection.heap.size (By)[gc.heap.generation=gen1],Metric,0
09/11/2026 05:57:36,System.Runtime,dotnet.gc.last_collection.heap.size (By)[gc.heap.generation=poh],Metric,0
09/11/2026 05:57:36,System.Runtime,dotnet.thread_pool.work_item.count ({work_item} / 1 sec),Rate,604
09/11/2026 05:57:36,System.Runtime,dotnet.process.memory.working_set (By),Metric,126730240
09/11/2026 05:57:36,System.Runtime,dotnet.thread_pool.thread.count ({thread} / 1 sec),Rate,0
09/11/2026 05:57:36,System.Runtime,dotnet.jit.compilation.time (s / 1 sec),Rate,0.0012225999999999626
09/11/2026 05:57:37,System.Runtime,dotnet.jit.compiled_il.size (By / 1 sec),Rate,0
09/11/2026 05:57:37,System.Runtime,dotnet.jit.compiled_methods ({method} / 1 sec),Rate,0
09/11/2026 05:57:37,System.Runtime,dotnet.monitor.lock_contentions ({contention} / 1 sec),Rate,0
09/11/2026 05:57:37,System.Runtime,dotnet.gc.collections ({collection} / 1 sec)[gc.heap.generation=gen0],Rate,0
09/11/2026 05:57:37,System.Runtime,dotnet.gc.collections ({collection} / 1 sec)[gc.heap.generation=gen2],Rate,0
09/11/2026 05:57:37,System.Runtime,dotnet.gc.collections ({collection} / 1 sec)[gc.heap.generation=gen1],Rate,0
09/11/2026 05:57:37,System.Runtime,dotnet.process.cpu.time (s / 1 sec)[cpu.mode=user],Rate,0.5885670000000118
09/11/2026 05:57:37,System.Runtime,dotnet.process.cpu.time (s / 1 sec)[cpu.mode=system],Rate,0.041966999999999643
09/11/2026 05:57:37,System.Runtime,dotnet.process.cpu.count ({cpu}),Metric,15
09/11/2026 05:57:37,System.Runtime,dotnet.gc.pause.time (s / 1 sec),Rate,0
09/11/2026 05:57:37,System.Runtime,dotnet.thread_pool.queue.length ({work_item} / 1 sec),Rate,0
09/11/2026 05:57:37,System.Runtime,dotnet.gc.last_collection.memory.committed_size (By),Metric,0
09/11/2026 05:57:37,System.Runtime,dotnet.gc.last_collection.heap.fragmentation.size (By)[gc.heap.generation=gen0],Metric,0
09/11/2026 05:57:37,System.Runtime,dotnet.gc.last_collection.heap.fragmentation.size (By)[gc.heap.generation=gen2],Metric,0
09/11/2026 05:57:37,System.Runtime,dotnet.gc.last_collection.heap.fragmentation.size (By)[gc.heap.generation=loh],Metric,0
09/11/2026 05:57:37,System.Runtime,dotnet.gc.last_collection.heap.fragmentation.size (By)[gc.heap.generation=gen1],Metric,0
09/11/2026 05:57:37,System.Runtime,dotnet.gc.last_collection.heap.fragmentation.size (By)[gc.heap.generation=poh],Metric,0
09/11/2026 05:57:37,System.Runtime,dotnet.timer.count ({timer}),Metric,2
09/11/2026 05:57:37,System.Runtime,dotnet.assembly.count ({assembly}),Metric,61
09/11/2026 05:57:37,System.Runtime,dotnet.gc.heap.total_allocated (By / 1 sec),Rate,120504
09/11/2026 05:57:37,System.Runtime,dotnet.gc.last_collection.heap.size (By)[gc.heap.generation=gen0],Metric,0
09/11/2026 05:57:37,System.Runtime,dotnet.gc.last_collection.heap.size (By)[gc.heap.generation=gen2],Metric,0
09/11/2026 05:57:37,System.Runtime,dotnet.gc.last_collection.heap.size (By)[gc.heap.generation=loh],Metric,0
09/11/2026 05:57:37,System.Runtime,dotnet.gc.last_collection.heap.size (By)[gc.heap.generation=gen1],Metric,0
09/11/2026 05:57:37,System.Runtime,dotnet.gc.last_collection.heap.size (By)[gc.heap.generation=poh],Metric,0
09/11/2026 05:57:37,System.Runtime,dotnet.thread_pool.work_item.count ({work_item} / 1 sec),Rate,601
09/11/2026 05:57:37,System.Runtime,dotnet.process.memory.working_set (By),Metric,126828544
09/11/2026 05:57:37,System.Runtime,dotnet.thread_pool.thread.count ({thread} / 1 sec),Rate,-1
09/11/2026 05:57:37,System.Runtime,dotnet.jit.compilation.time (s / 1 sec),Rate,0
09/11/2026 05:57:38,System.Runtime,dotnet.jit.compiled_il.size (By / 1 sec),Rate,0
09/11/2026 05:57:38,System.Runtime,dotnet.jit.compiled_methods ({method} / 1 sec),Rate,0
09/11/2026 05:57:38,System.Runtime,dotnet.monitor.lock_contentions ({contention} / 1 sec),Rate,0
09/11/2026 05:57:38,System.Runtime,dotnet.gc.collections ({collection} / 1 sec)[gc.heap.generation=gen0],Rate,0
09/11/2026 05:57:38,System.Runtime,dotnet.gc.collections ({collection} / 1 sec)[gc.heap.generation=gen2],Rate,0
09/11/2026 05:57:38,System.Runtime,dotnet.gc.collections ({collection} / 1 sec)[gc.heap.generation=gen1],Rate,0
09/11/2026 05:57:38,System.Runtime,dotnet.process.cpu.time (s / 1 sec)[cpu.mode=user],Rate,0.584951999999987
09/11/2026 05:57:38,System.Runtime,dotnet.process.cpu.time (s / 1 sec)[cpu.mode=system],Rate,0.04409000000000063
09/11/2026 05:57:38,System.Runtime,dotnet.process.cpu.count ({cpu}),Metric,15
09/11/2026 05:57:38,System.Runtime,dotnet.gc.pause.time (s / 1 sec),Rate,0
09/11/2026 05:57:38,System.Runtime,dotnet.thread_pool.queue.length ({work_item} / 1 sec),Rate,0
09/11/2026 05:57:38,System.Runtime,dotnet.gc.last_collection.memory.committed_size (By),Metric,0
09/11/2026 05:57:38,System.Runtime,dotnet.gc.last_collection.heap.fragmentation.size (By)[gc.heap.generation=gen0],Metric,0
09/11/2026 05:57:38,System.Runtime,dotnet.gc.last_collection.heap.fragmentation.size (By)[gc.heap.generation=gen2],Metric,0
09/11/2026 05:57:38,System.Runtime,dotnet.gc.last_collection.heap.fragmentation.size (By)[gc.heap.generation=loh],Metric,0
09/11/2026 05:57:38,System.Runtime,dotnet.gc.last_collection.heap.fragmentation.size (By)[gc.heap.generation=gen1],Metric,0
09/11/2026 05:57:38,System.Runtime,dotnet.gc.last_collection.heap.fragmentation.size (By)[gc.heap.generation=poh],Metric,0
09/11/2026 05:57:38,System.Runtime,dotnet.timer.count ({timer}),Metric,2
09/11/2026 05:57:38,System.Runtime,dotnet.assembly.count ({assembly}),Metric,61
09/11/2026 05:57:38,System.Runtime,dotnet.gc.heap.total_allocated (By / 1 sec),Rate,133984
09/11/2026 05:57:38,System.Runtime,dotnet.gc.last_collection.heap.size (By)[gc.heap.generation=gen0],Metric,0
09/11/2026 05:57:38,System.Runtime,dotnet.gc.last_collection.heap.size (By)[gc.heap.generation=gen2],Metric,0
09/11/2026 05:57:38,System.Runtime,dotnet.gc.last_collection.heap.size (By)[gc.heap.generation=loh],Metric,0
09/11/2026 05:57:38,System.Runtime,dotnet.gc.last_collection.heap.size (By)[gc.heap.generation=gen1],Metric,0
09/11/2026 05:57:38,System.Runtime,dotnet.gc.last_collection.heap.size (By)[gc.heap.generation=poh],Metric,0
09/11/2026 05:57:38,System.Runtime,dotnet.thread_pool.work_item.count ({work_item} / 1 sec),Rate,601
09/11/2026 05:57:38,System.Runtime,dotnet.process.memory.working_set (By),Metric,126976000
09/11/2026 05:57:38,System.Runtime,dotnet.thread_pool.thread.count ({thread} / 1 sec),Rate,0
09/11/2026 05:57:38,System.Runtime,dotnet.jit.compilation.time (s / 1 sec),Rate,0
09/11/2026 05:57:39,System.Runtime,dotnet.jit.compiled_il.size (By / 1 sec),Rate,0
09/11/2026 05:57:39,System.Runtime,dotnet.jit.compiled_methods ({method} / 1 sec),Rate,0
09/11/2026 05:57:39,System.Runtime,dotnet.monitor.lock_contentions ({contention} / 1 sec),Rate,0
09/11/2026 05:57:39,System.Runtime,dotnet.gc.collections ({collection} / 1 sec)[gc.heap.generation=gen0],Rate,0
09/11/2026 05:57:39,System.Runtime,dotnet.gc.collections ({collection} / 1 sec)[gc.heap.generation=gen2],Rate,0
09/11/2026 05:57:39,System.Runtime,dotnet.gc.collections ({collection} / 1 sec)[gc.heap.generation=gen1],Rate,0
09/11/2026 05:57:39,System.Runtime,dotnet.process.cpu.time (s / 1 sec)[cpu.mode=user],Rate,0.5785370000000114
09/11/2026 05:57:39,System.Runtime,dotnet.process.cpu.time (s / 1 sec)[cpu.mode=system],Rate,0.04266999999999932
09/11/2026 05:57:39,System.Runtime,dotnet.process.cpu.count ({cpu}),Metric,15
09/11/2026 05:57:39,System.Runtime,dotnet.gc.pause.time (s / 1 sec),Rate,0
09/11/2026 05:57:39,System.Runtime,dotnet.thread_pool.queue.length ({work_item} / 1 sec),Rate,0
09/11/2026 05:57:39,System.Runtime,dotnet.gc.last_collection.memory.committed_size (By),Metric,0
09/11/2026 05:57:39,System.Runtime,dotnet.gc.last_collection.heap.fragmentation.size (By)[gc.heap.generation=gen0],Metric,0
09/11/2026 05:57:39,System.Runtime,dotnet.gc.last_collection.heap.fragmentation.size (By)[gc.heap.generation=gen2],Metric,0
09/11/2026 05:57:39,System.Runtime,dotnet.gc.last_collection.heap.fragmentation.size (By)[gc.heap.generation=loh],Metric,0
09/11/2026 05:57:39,System.Runtime,dotnet.gc.last_collection.heap.fragmentation.size (By)[gc.heap.generation=gen1],Metric,0
09/11/2026 05:57:39,System.Runtime,dotnet.gc.last_collection.heap.fragmentation.size (By)[gc.heap.generation=poh],Metric,0
09/11/2026 05:57:39,System.Runtime,dotnet.timer.count ({timer}),Metric,2
09/11/2026 05:57:39,System.Runtime,dotnet.assembly.count ({assembly}),Metric,61
09/11/2026 05:57:39,System.Runtime,dotnet.gc.heap.total_allocated (By / 1 sec),Rate,139312
09/11/2026 05:57:39,System.Runtime,dotnet.gc.last_collection.heap.size (By)[gc.heap.generation=gen0],Metric,0
09/11/2026 05:57:39,System.Runtime,dotnet.gc.last_collection.heap.size (By)[gc.heap.generation=gen2],Metric,0
09/11/2026 05:57:39,System.Runtime,dotnet.gc.last_collection.heap.size (By)[gc.heap.generation=loh],Metric,0
09/11/2026 05:57:39,System.Runtime,dotnet.gc.last_collection.heap.size (By)[gc.heap.generation=gen1],Metric,0
09/11/2026 05:57:39,System.Runtime,dotnet.gc.last_collection.heap.size (By)[gc.heap.generation=poh],Metric,0
09/11/2026 05:57:39,System.Runtime,dotnet.thread_pool.work_item.count ({work_item} / 1 sec),Rate,601
09/11/2026 05:57:39,System.Runtime,dotnet.process.memory.working_set (By),Metric,127139840
09/11/2026 05:57:39,System.Runtime,dotnet.thread_pool.thread.count ({thread} / 1 sec),Rate,0
09/11/2026 05:57:39,System.Runtime,dotnet.jit.compilation.time (s / 1 sec),Rate,0
09/11/2026 05:57:40,System.Runtime,dotnet.jit.compiled_il.size (By / 1 sec),Rate,0
09/11/2026 05:57:40,System.Runtime,dotnet.jit.compiled_methods ({method} / 1 sec),Rate,0
09/11/2026 05:57:40,System.Runtime,dotnet.monitor.lock_contentions ({contention} / 1 sec),Rate,0
09/11/2026 05:57:40,System.Runtime,dotnet.gc.collections ({collection} / 1 sec)[gc.heap.generation=gen0],Rate,0
09/11/2026 05:57:40,System.Runtime,dotnet.gc.collections ({collection} / 1 sec)[gc.heap.generation=gen2],Rate,0
09/11/2026 05:57:40,System.Runtime,dotnet.gc.collections ({collection} / 1 sec)[gc.heap.generation=gen1],Rate,0
09/11/2026 05:57:40,System.Runtime,dotnet.process.cpu.time (s / 1 sec)[cpu.mode=user],Rate,0.5827040000000068
09/11/2026 05:57:40,System.Runtime,dotnet.process.cpu.time (s / 1 sec)[cpu.mode=system],Rate,0.0440649999999998
09/11/2026 05:57:40,System.Runtime,dotnet.process.cpu.count ({cpu}),Metric,15
09/11/2026 05:57:40,System.Runtime,dotnet.gc.pause.time (s / 1 sec),Rate,0
09/11/2026 05:57:40,System.Runtime,dotnet.thread_pool.queue.length ({work_item} / 1 sec),Rate,0
09/11/2026 05:57:40,System.Runtime,dotnet.gc.last_collection.memory.committed_size (By),Metric,0
09/11/2026 05:57:40,System.Runtime,dotnet.gc.last_collection.heap.fragmentation.size (By)[gc.heap.generation=gen0],Metric,0
09/11/2026 05:57:40,System.Runtime,dotnet.gc.last_collection.heap.fragmentation.size (By)[gc.heap.generation=gen2],Metric,0
09/11/2026 05:57:40,System.Runtime,dotnet.gc.last_collection.heap.fragmentation.size (By)[gc.heap.generation=loh],Metric,0
09/11/2026 05:57:40,System.Runtime,dotnet.gc.last_collection.heap.fragmentation.size (By)[gc.heap.generation=gen1],Metric,0
09/11/2026 05:57:40,System.Runtime,dotnet.gc.last_collection.heap.fragmentation.size (By)[gc.heap.generation=poh],Metric,0
09/11/2026 05:57:40,System.Runtime,dotnet.timer.count ({timer}),Metric,2
09/11/2026 05:57:40,System.Runtime,dotnet.assembly.count ({assembly}),Metric,61
09/11/2026 05:57:40,System.Runtime,dotnet.gc.heap.total_allocated (By / 1 sec),Rate,131200
09/11/2026 05:57:40,System.Runtime,dotnet.gc.last_collection.heap.size (By)[gc.heap.generation=gen0],Metric,0
09/11/2026 05:57:40,System.Runtime,dotnet.gc.last_collection.heap.size (By)[gc.heap.generation=gen2],Metric,0
09/11/2026 05:57:40,System.Runtime,dotnet.gc.last_collection.heap.size (By)[gc.heap.generation=loh],Metric,0
09/11/2026 05:57:40,System.Runtime,dotnet.gc.last_collection.heap.size (By)[gc.heap.generation=gen1],Metric,0
09/11/2026 05:57:40,System.Runtime,dotnet.gc.last_collection.heap.size (By)[gc.heap.generation=poh],Metric,0
09/11/2026 05:57:40,System.Runtime,dotnet.thread_pool.work_item.count ({work_item} / 1 sec),Rate,601
09/11/2026 05:57:40,System.Runtime,dotnet.process.memory.working_set (By),Metric,127254528
09/11/2026 05:57:40,System.Runtime,dotnet.thread_pool.thread.count ({thread} / 1 sec),Rate,0
09/11/2026 05:57:40,System.Runtime,dotnet.jit.compilation.time (s / 1 sec),Rate,0
09/11/2026 05:57:41,System.Runtime,dotnet.jit.compiled_il.size (By / 1 sec),Rate,821
09/11/2026 05:57:41,System.Runtime,dotnet.jit.compiled_methods ({method} / 1 sec),Rate,14
09/11/2026 05:57:41,System.Runtime,dotnet.monitor.lock_contentions ({contention} / 1 sec),Rate,0
09/11/2026 05:57:41,System.Runtime,dotnet.gc.collections ({collection} / 1 sec)[gc.heap.generation=gen0],Rate,0
09/11/2026 05:57:41,System.Runtime,dotnet.gc.collections ({collection} / 1 sec)[gc.heap.generation=gen2],Rate,0
09/11/2026 05:57:41,System.Runtime,dotnet.gc.collections ({collection} / 1 sec)[gc.heap.generation=gen1],Rate,0
09/11/2026 05:57:41,System.Runtime,dotnet.process.cpu.time (s / 1 sec)[cpu.mode=user],Rate,0.5372899999999845
09/11/2026 05:57:41,System.Runtime,dotnet.process.cpu.time (s / 1 sec)[cpu.mode=system],Rate,0.039771
09/11/2026 05:57:41,System.Runtime,dotnet.process.cpu.count ({cpu}),Metric,15
09/11/2026 05:57:41,System.Runtime,dotnet.gc.pause.time (s / 1 sec),Rate,0
09/11/2026 05:57:41,System.Runtime,dotnet.thread_pool.queue.length ({work_item} / 1 sec),Rate,0
09/11/2026 05:57:41,System.Runtime,dotnet.gc.last_collection.memory.committed_size (By),Metric,0
09/11/2026 05:57:41,System.Runtime,dotnet.gc.last_collection.heap.fragmentation.size (By)[gc.heap.generation=gen0],Metric,0
09/11/2026 05:57:41,System.Runtime,dotnet.gc.last_collection.heap.fragmentation.size (By)[gc.heap.generation=gen2],Metric,0
09/11/2026 05:57:41,System.Runtime,dotnet.gc.last_collection.heap.fragmentation.size (By)[gc.heap.generation=loh],Metric,0
09/11/2026 05:57:41,System.Runtime,dotnet.gc.last_collection.heap.fragmentation.size (By)[gc.heap.generation=gen1],Metric,0
09/11/2026 05:57:41,System.Runtime,dotnet.gc.last_collection.heap.fragmentation.size (By)[gc.heap.generation=poh],Metric,0
09/11/2026 05:57:41,System.Runtime,dotnet.timer.count ({timer}),Metric,3
09/11/2026 05:57:41,System.Runtime,dotnet.assembly.count ({assembly}),Metric,61
09/11/2026 05:57:41,System.Runtime,dotnet.gc.heap.total_allocated (By / 1 sec),Rate,154792
09/11/2026 05:57:41,System.Runtime,dotnet.gc.last_collection.heap.size (By)[gc.heap.generation=gen0],Metric,0
09/11/2026 05:57:41,System.Runtime,dotnet.gc.last_collection.heap.size (By)[gc.heap.generation=gen2],Metric,0
09/11/2026 05:57:41,System.Runtime,dotnet.gc.last_collection.heap.size (By)[gc.heap.generation=loh],Metric,0
09/11/2026 05:57:41,System.Runtime,dotnet.gc.last_collection.heap.size (By)[gc.heap.generation=gen1],Metric,0
09/11/2026 05:57:41,System.Runtime,dotnet.gc.last_collection.heap.size (By)[gc.heap.generation=poh],Metric,0
09/11/2026 05:57:41,System.Runtime,dotnet.thread_pool.work_item.count ({work_item} / 1 sec),Rate,583
09/11/2026 05:57:41,System.Runtime,dotnet.process.memory.working_set (By),Metric,127483904
09/11/2026 05:57:41,System.Runtime,dotnet.thread_pool.thread.count ({thread} / 1 sec),Rate,0
09/11/2026 05:57:41,System.Runtime,dotnet.jit.compilation.time (s / 1 sec),Rate,0.005118999999999985
09/11/2026 05:57:42,System.Runtime,dotnet.jit.compiled_il.size (By / 1 sec),Rate,0
09/11/2026 05:57:42,System.Runtime,dotnet.jit.compiled_methods ({method} / 1 sec),Rate,0
09/11/2026 05:57:42,System.Runtime,dotnet.monitor.lock_contentions ({contention} / 1 sec),Rate,2
09/11/2026 05:57:42,System.Runtime,dotnet.gc.collections ({collection} / 1 sec)[gc.heap.generation=gen0],Rate,0
09/11/2026 05:57:42,System.Runtime,dotnet.gc.collections ({collection} / 1 sec)[gc.heap.generation=gen2],Rate,0
09/11/2026 05:57:42,System.Runtime,dotnet.gc.collections ({collection} / 1 sec)[gc.heap.generation=gen1],Rate,0
09/11/2026 05:57:42,System.Runtime,dotnet.process.cpu.time (s / 1 sec)[cpu.mode=user],Rate,0.13726100000002361
09/11/2026 05:57:42,System.Runtime,dotnet.process.cpu.time (s / 1 sec)[cpu.mode=system],Rate,0.028545000000001153
09/11/2026 05:57:42,System.Runtime,dotnet.process.cpu.count ({cpu}),Metric,15
09/11/2026 05:57:42,System.Runtime,dotnet.gc.pause.time (s / 1 sec),Rate,0
09/11/2026 05:57:42,System.Runtime,dotnet.thread_pool.queue.length ({work_item} / 1 sec),Rate,0
09/11/2026 05:57:42,System.Runtime,dotnet.gc.last_collection.memory.committed_size (By),Metric,0
09/11/2026 05:57:42,System.Runtime,dotnet.gc.last_collection.heap.fragmentation.size (By)[gc.heap.generation=gen0],Metric,0
09/11/2026 05:57:42,System.Runtime,dotnet.gc.last_collection.heap.fragmentation.size (By)[gc.heap.generation=gen2],Metric,0
09/11/2026 05:57:42,System.Runtime,dotnet.gc.last_collection.heap.fragmentation.size (By)[gc.heap.generation=loh],Metric,0
09/11/2026 05:57:42,System.Runtime,dotnet.gc.last_collection.heap.fragmentation.size (By)[gc.heap.generation=gen1],Metric,0
09/11/2026 05:57:42,System.Runtime,dotnet.gc.last_collection.heap.fragmentation.size (By)[gc.heap.generation=poh],Metric,0
09/11/2026 05:57:42,System.Runtime,dotnet.timer.count ({timer}),Metric,3
09/11/2026 05:57:42,System.Runtime,dotnet.assembly.count ({assembly}),Metric,61
09/11/2026 05:57:42,System.Runtime,dotnet.gc.heap.total_allocated (By / 1 sec),Rate,172176
09/11/2026 05:57:42,System.Runtime,dotnet.gc.last_collection.heap.size (By)[gc.heap.generation=gen0],Metric,0
09/11/2026 05:57:42,System.Runtime,dotnet.gc.last_collection.heap.size (By)[gc.heap.generation=gen2],Metric,0
09/11/2026 05:57:42,System.Runtime,dotnet.gc.last_collection.heap.size (By)[gc.heap.generation=loh],Metric,0
09/11/2026 05:57:42,System.Runtime,dotnet.gc.last_collection.heap.size (By)[gc.heap.generation=gen1],Metric,0
09/11/2026 05:57:42,System.Runtime,dotnet.gc.last_collection.heap.size (By)[gc.heap.generation=poh],Metric,0
09/11/2026 05:57:42,System.Runtime,dotnet.thread_pool.work_item.count ({work_item} / 1 sec),Rate,410
09/11/2026 05:57:42,System.Runtime,dotnet.process.memory.working_set (By),Metric,127647744
09/11/2026 05:57:42,System.Runtime,dotnet.thread_pool.thread.count ({thread} / 1 sec),Rate,0
09/11/2026 05:57:42,System.Runtime,dotnet.jit.compilation.time (s / 1 sec),Rate,0
09/11/2026 05:57:43,System.Runtime,dotnet.jit.compiled_il.size (By / 1 sec),Rate,88
09/11/2026 05:57:43,System.Runtime,dotnet.jit.compiled_methods ({method} / 1 sec),Rate,5
09/11/2026 05:57:43,System.Runtime,dotnet.monitor.lock_contentions ({contention} / 1 sec),Rate,1
09/11/2026 05:57:43,System.Runtime,dotnet.gc.collections ({collection} / 1 sec)[gc.heap.generation=gen0],Rate,0
09/11/2026 05:57:43,System.Runtime,dotnet.gc.collections ({collection} / 1 sec)[gc.heap.generation=gen2],Rate,0
09/11/2026 05:57:43,System.Runtime,dotnet.gc.collections ({collection} / 1 sec)[gc.heap.generation=gen1],Rate,0
09/11/2026 05:57:43,System.Runtime,dotnet.process.cpu.time (s / 1 sec)[cpu.mode=user],Rate,0.1427839999999776
09/11/2026 05:57:43,System.Runtime,dotnet.process.cpu.time (s / 1 sec)[cpu.mode=system],Rate,0.028983999999999455
09/11/2026 05:57:43,System.Runtime,dotnet.process.cpu.count ({cpu}),Metric,15
09/11/2026 05:57:43,System.Runtime,dotnet.gc.pause.time (s / 1 sec),Rate,0
09/11/2026 05:57:43,System.Runtime,dotnet.thread_pool.queue.length ({work_item} / 1 sec),Rate,0
09/11/2026 05:57:43,System.Runtime,dotnet.gc.last_collection.memory.committed_size (By),Metric,0
09/11/2026 05:57:43,System.Runtime,dotnet.gc.last_collection.heap.fragmentation.size (By)[gc.heap.generation=gen0],Metric,0
09/11/2026 05:57:43,System.Runtime,dotnet.gc.last_collection.heap.fragmentation.size (By)[gc.heap.generation=gen2],Metric,0
09/11/2026 05:57:43,System.Runtime,dotnet.gc.last_collection.heap.fragmentation.size (By)[gc.heap.generation=loh],Metric,0
09/11/2026 05:57:43,System.Runtime,dotnet.gc.last_collection.heap.fragmentation.size (By)[gc.heap.generation=gen1],Metric,0
09/11/2026 05:57:43,System.Runtime,dotnet.gc.last_collection.heap.fragmentation.size (By)[gc.heap.generation=poh],Metric,0
09/11/2026 05:57:43,System.Runtime,dotnet.timer.count ({timer}),Metric,3
09/11/2026 05:57:43,System.Runtime,dotnet.assembly.count ({assembly}),Metric,61
09/11/2026 05:57:43,System.Runtime,dotnet.gc.heap.total_allocated (By / 1 sec),Rate,162976
09/11/2026 05:57:43,System.Runtime,dotnet.gc.last_collection.heap.size (By)[gc.heap.generation=gen0],Metric,0
09/11/2026 05:57:43,System.Runtime,dotnet.gc.last_collection.heap.size (By)[gc.heap.generation=gen2],Metric,0
09/11/2026 05:57:43,System.Runtime,dotnet.gc.last_collection.heap.size (By)[gc.heap.generation=loh],Metric,0
09/11/2026 05:57:43,System.Runtime,dotnet.gc.last_collection.heap.size (By)[gc.heap.generation=gen1],Metric,0
09/11/2026 05:57:43,System.Runtime,dotnet.gc.last_collection.heap.size (By)[gc.heap.generation=poh],Metric,0
09/11/2026 05:57:43,System.Runtime,dotnet.thread_pool.work_item.count ({work_item} / 1 sec),Rate,448
09/11/2026 05:57:43,System.Runtime,dotnet.process.memory.working_set (By),Metric,127827968
09/11/2026 05:57:43,System.Runtime,dotnet.thread_pool.thread.count ({thread} / 1 sec),Rate,0
09/11/2026 05:57:43,System.Runtime,dotnet.jit.compilation.time (s / 1 sec),Rate,0.0020934999999999704
09/11/2026 05:57:44,System.Runtime,dotnet.jit.compiled_il.size (By / 1 sec),Rate,0
09/11/2026 05:57:44,System.Runtime,dotnet.jit.compiled_methods ({method} / 1 sec),Rate,0
09/11/2026 05:57:44,System.Runtime,dotnet.monitor.lock_contentions ({contention} / 1 sec),Rate,2
09/11/2026 05:57:44,System.Runtime,dotnet.gc.collections ({collection} / 1 sec)[gc.heap.generation=gen0],Rate,0
09/11/2026 05:57:44,System.Runtime,dotnet.gc.collections ({collection} / 1 sec)[gc.heap.generation=gen2],Rate,0
09/11/2026 05:57:44,System.Runtime,dotnet.gc.collections ({collection} / 1 sec)[gc.heap.generation=gen1],Rate,0
09/11/2026 05:57:44,System.Runtime,dotnet.process.cpu.time (s / 1 sec)[cpu.mode=user],Rate,0.13818500000002132
09/11/2026 05:57:44,System.Runtime,dotnet.process.cpu.time (s / 1 sec)[cpu.mode=system],Rate,0.030065000000000452
09/11/2026 05:57:44,System.Runtime,dotnet.process.cpu.count ({cpu}),Metric,15
09/11/2026 05:57:44,System.Runtime,dotnet.gc.pause.time (s / 1 sec),Rate,0
09/11/2026 05:57:44,System.Runtime,dotnet.thread_pool.queue.length ({work_item} / 1 sec),Rate,0
09/11/2026 05:57:44,System.Runtime,dotnet.gc.last_collection.memory.committed_size (By),Metric,0
09/11/2026 05:57:44,System.Runtime,dotnet.gc.last_collection.heap.fragmentation.size (By)[gc.heap.generation=gen0],Metric,0
09/11/2026 05:57:44,System.Runtime,dotnet.gc.last_collection.heap.fragmentation.size (By)[gc.heap.generation=gen2],Metric,0
09/11/2026 05:57:44,System.Runtime,dotnet.gc.last_collection.heap.fragmentation.size (By)[gc.heap.generation=loh],Metric,0
09/11/2026 05:57:44,System.Runtime,dotnet.gc.last_collection.heap.fragmentation.size (By)[gc.heap.generation=gen1],Metric,0
09/11/2026 05:57:44,System.Runtime,dotnet.gc.last_collection.heap.fragmentation.size (By)[gc.heap.generation=poh],Metric,0
09/11/2026 05:57:44,System.Runtime,dotnet.timer.count ({timer}),Metric,3
09/11/2026 05:57:44,System.Runtime,dotnet.assembly.count ({assembly}),Metric,61
09/11/2026 05:57:44,System.Runtime,dotnet.gc.heap.total_allocated (By / 1 sec),Rate,186472
09/11/2026 05:57:44,System.Runtime,dotnet.gc.last_collection.heap.size (By)[gc.heap.generation=gen0],Metric,0
09/11/2026 05:57:44,System.Runtime,dotnet.gc.last_collection.heap.size (By)[gc.heap.generation=gen2],Metric,0
09/11/2026 05:57:44,System.Runtime,dotnet.gc.last_collection.heap.size (By)[gc.heap.generation=loh],Metric,0
09/11/2026 05:57:44,System.Runtime,dotnet.gc.last_collection.heap.size (By)[gc.heap.generation=gen1],Metric,0
09/11/2026 05:57:44,System.Runtime,dotnet.gc.last_collection.heap.size (By)[gc.heap.generation=poh],Metric,0
09/11/2026 05:57:44,System.Runtime,dotnet.thread_pool.work_item.count ({work_item} / 1 sec),Rate,452
09/11/2026 05:57:44,System.Runtime,dotnet.process.memory.working_set (By),Metric,128040960
09/11/2026 05:57:44,System.Runtime,dotnet.thread_pool.thread.count ({thread} / 1 sec),Rate,0
09/11/2026 05:57:44,System.Runtime,dotnet.jit.compilation.time (s / 1 sec),Rate,0
09/11/2026 05:57:45,System.Runtime,dotnet.jit.compiled_il.size (By / 1 sec),Rate,0
09/11/2026 05:57:45,System.Runtime,dotnet.jit.compiled_methods ({method} / 1 sec),Rate,0
09/11/2026 05:57:45,System.Runtime,dotnet.monitor.lock_contentions ({contention} / 1 sec),Rate,0
09/11/2026 05:57:45,System.Runtime,dotnet.gc.collections ({collection} / 1 sec)[gc.heap.generation=gen0],Rate,0
09/11/2026 05:57:45,System.Runtime,dotnet.gc.collections ({collection} / 1 sec)[gc.heap.generation=gen2],Rate,0
09/11/2026 05:57:45,System.Runtime,dotnet.gc.collections ({collection} / 1 sec)[gc.heap.generation=gen1],Rate,0
09/11/2026 05:57:45,System.Runtime,dotnet.process.cpu.time (s / 1 sec)[cpu.mode=user],Rate,0.13625499999997714
09/11/2026 05:57:45,System.Runtime,dotnet.process.cpu.time (s / 1 sec)[cpu.mode=system],Rate,0.026965999999999823
09/11/2026 05:57:45,System.Runtime,dotnet.process.cpu.count ({cpu}),Metric,15
09/11/2026 05:57:45,System.Runtime,dotnet.gc.pause.time (s / 1 sec),Rate,0
09/11/2026 05:57:45,System.Runtime,dotnet.thread_pool.queue.length ({work_item} / 1 sec),Rate,0
09/11/2026 05:57:45,System.Runtime,dotnet.gc.last_collection.memory.committed_size (By),Metric,0
09/11/2026 05:57:45,System.Runtime,dotnet.gc.last_collection.heap.fragmentation.size (By)[gc.heap.generation=gen0],Metric,0
09/11/2026 05:57:45,System.Runtime,dotnet.gc.last_collection.heap.fragmentation.size (By)[gc.heap.generation=gen2],Metric,0
09/11/2026 05:57:45,System.Runtime,dotnet.gc.last_collection.heap.fragmentation.size (By)[gc.heap.generation=loh],Metric,0
09/11/2026 05:57:45,System.Runtime,dotnet.gc.last_collection.heap.fragmentation.size (By)[gc.heap.generation=gen1],Metric,0
09/11/2026 05:57:45,System.Runtime,dotnet.gc.last_collection.heap.fragmentation.size (By)[gc.heap.generation=poh],Metric,0
09/11/2026 05:57:45,System.Runtime,dotnet.timer.count ({timer}),Metric,3
09/11/2026 05:57:45,System.Runtime,dotnet.assembly.count ({assembly}),Metric,61
09/11/2026 05:57:45,System.Runtime,dotnet.gc.heap.total_allocated (By / 1 sec),Rate,154640
09/11/2026 05:57:45,System.Runtime,dotnet.gc.last_collection.heap.size (By)[gc.heap.generation=gen0],Metric,0
09/11/2026 05:57:45,System.Runtime,dotnet.gc.last_collection.heap.size (By)[gc.heap.generation=gen2],Metric,0
09/11/2026 05:57:45,System.Runtime,dotnet.gc.last_collection.heap.size (By)[gc.heap.generation=loh],Metric,0
09/11/2026 05:57:45,System.Runtime,dotnet.gc.last_collection.heap.size (By)[gc.heap.generation=gen1],Metric,0
09/11/2026 05:57:45,System.Runtime,dotnet.gc.last_collection.heap.size (By)[gc.heap.generation=poh],Metric,0
09/11/2026 05:57:45,System.Runtime,dotnet.thread_pool.work_item.count ({work_item} / 1 sec),Rate,412
09/11/2026 05:57:45,System.Runtime,dotnet.process.memory.working_set (By),Metric,128221184
09/11/2026 05:57:45,System.Runtime,dotnet.thread_pool.thread.count ({thread} / 1 sec),Rate,0
09/11/2026 05:57:45,System.Runtime,dotnet.jit.compilation.time (s / 1 sec),Rate,0
09/11/2026 05:57:46,System.Runtime,dotnet.jit.compiled_il.size (By / 1 sec),Rate,2655
09/11/2026 05:57:46,System.Runtime,dotnet.jit.compiled_methods ({method} / 1 sec),Rate,30
09/11/2026 05:57:46,System.Runtime,dotnet.monitor.lock_contentions ({contention} / 1 sec),Rate,0
09/11/2026 05:57:46,System.Runtime,dotnet.gc.collections ({collection} / 1 sec)[gc.heap.generation=gen0],Rate,0
09/11/2026 05:57:46,System.Runtime,dotnet.gc.collections ({collection} / 1 sec)[gc.heap.generation=gen2],Rate,0
09/11/2026 05:57:46,System.Runtime,dotnet.gc.collections ({collection} / 1 sec)[gc.heap.generation=gen1],Rate,0
09/11/2026 05:57:46,System.Runtime,dotnet.process.cpu.time (s / 1 sec)[cpu.mode=user],Rate,0.15741400000001704
09/11/2026 05:57:46,System.Runtime,dotnet.process.cpu.time (s / 1 sec)[cpu.mode=system],Rate,0.027288000000000423
09/11/2026 05:57:46,System.Runtime,dotnet.process.cpu.count ({cpu}),Metric,15
09/11/2026 05:57:46,System.Runtime,dotnet.gc.pause.time (s / 1 sec),Rate,0
09/11/2026 05:57:46,System.Runtime,dotnet.thread_pool.queue.length ({work_item} / 1 sec),Rate,0
09/11/2026 05:57:46,System.Runtime,dotnet.gc.last_collection.memory.committed_size (By),Metric,0
09/11/2026 05:57:46,System.Runtime,dotnet.gc.last_collection.heap.fragmentation.size (By)[gc.heap.generation=gen0],Metric,0
09/11/2026 05:57:46,System.Runtime,dotnet.gc.last_collection.heap.fragmentation.size (By)[gc.heap.generation=gen2],Metric,0
09/11/2026 05:57:46,System.Runtime,dotnet.gc.last_collection.heap.fragmentation.size (By)[gc.heap.generation=loh],Metric,0
09/11/2026 05:57:46,System.Runtime,dotnet.gc.last_collection.heap.fragmentation.size (By)[gc.heap.generation=gen1],Metric,0
09/11/2026 05:57:46,System.Runtime,dotnet.gc.last_collection.heap.fragmentation.size (By)[gc.heap.generation=poh],Metric,0
09/11/2026 05:57:46,System.Runtime,dotnet.timer.count ({timer}),Metric,3
09/11/2026 05:57:46,System.Runtime,dotnet.assembly.count ({assembly}),Metric,61
09/11/2026 05:57:46,System.Runtime,dotnet.gc.heap.total_allocated (By / 1 sec),Rate,186424
09/11/2026 05:57:46,System.Runtime,dotnet.gc.last_collection.heap.size (By)[gc.heap.generation=gen0],Metric,0
09/11/2026 05:57:46,System.Runtime,dotnet.gc.last_collection.heap.size (By)[gc.heap.generation=gen2],Metric,0
09/11/2026 05:57:46,System.Runtime,dotnet.gc.last_collection.heap.size (By)[gc.heap.generation=loh],Metric,0
09/11/2026 05:57:46,System.Runtime,dotnet.gc.last_collection.heap.size (By)[gc.heap.generation=gen1],Metric,0
09/11/2026 05:57:46,System.Runtime,dotnet.gc.last_collection.heap.size (By)[gc.heap.generation=poh],Metric,0
09/11/2026 05:57:46,System.Runtime,dotnet.thread_pool.work_item.count ({work_item} / 1 sec),Rate,408
09/11/2026 05:57:46,System.Runtime,dotnet.process.memory.working_set (By),Metric,128450560
09/11/2026 05:57:46,System.Runtime,dotnet.thread_pool.thread.count ({thread} / 1 sec),Rate,1
09/11/2026 05:57:46,System.Runtime,dotnet.jit.compilation.time (s / 1 sec),Rate,0.01738890000000004
