Timestamp,Provider,Counter Name,Counter Type,Mean/Increment
09/10/2026 13:11:44,System.Runtime,dotnet.process.cpu.count ({cpu}),Metric,15
09/10/2026 13:11:44,System.Runtime,dotnet.gc.last_collection.memory.committed_size (By),Metric,0
09/10/2026 13:11:44,System.Runtime,dotnet.gc.last_collection.heap.fragmentation.size (By)[gc.heap.generation=gen0],Metric,0
09/10/2026 13:11:44,System.Runtime,dotnet.gc.last_collection.heap.fragmentation.size (By)[gc.heap.generation=gen2],Metric,0
09/10/2026 13:11:44,System.Runtime,dotnet.gc.last_collection.heap.fragmentation.size (By)[gc.heap.generation=gen1],Metric,0
09/10/2026 13:11:44,System.Runtime,dotnet.gc.last_collection.heap.fragmentation.size (By)[gc.heap.generation=loh],Metric,0
09/10/2026 13:11:44,System.Runtime,dotnet.gc.last_collection.heap.fragmentation.size (By)[gc.heap.generation=poh],Metric,0
09/10/2026 13:11:44,System.Runtime,dotnet.timer.count ({timer}),Metric,3
09/10/2026 13:11:44,System.Runtime,dotnet.assembly.count ({assembly}),Metric,61
09/10/2026 13:11:44,System.Runtime,dotnet.gc.last_collection.heap.size (By)[gc.heap.generation=gen0],Metric,0
09/10/2026 13:11:44,System.Runtime,dotnet.gc.last_collection.heap.size (By)[gc.heap.generation=gen2],Metric,0
09/10/2026 13:11:44,System.Runtime,dotnet.gc.last_collection.heap.size (By)[gc.heap.generation=gen1],Metric,0
09/10/2026 13:11:44,System.Runtime,dotnet.gc.last_collection.heap.size (By)[gc.heap.generation=loh],Metric,0
09/10/2026 13:11:44,System.Runtime,dotnet.gc.last_collection.heap.size (By)[gc.heap.generation=poh],Metric,0
09/10/2026 13:11:44,System.Runtime,dotnet.process.memory.working_set (By),Metric,74350592
09/10/2026 13:11:45,System.Runtime,dotnet.jit.compiled_il.size (By / 1 sec),Rate,16524
09/10/2026 13:11:45,System.Runtime,dotnet.jit.compiled_methods ({method} / 1 sec),Rate,133
09/10/2026 13:11:45,System.Runtime,dotnet.monitor.lock_contentions ({contention} / 1 sec),Rate,0
09/10/2026 13:11:45,System.Runtime,dotnet.gc.collections ({collection} / 1 sec)[gc.heap.generation=gen0],Rate,0
09/10/2026 13:11:45,System.Runtime,dotnet.gc.collections ({collection} / 1 sec)[gc.heap.generation=gen1],Rate,0
09/10/2026 13:11:45,System.Runtime,dotnet.gc.collections ({collection} / 1 sec)[gc.heap.generation=gen2],Rate,0
09/10/2026 13:11:45,System.Runtime,dotnet.process.cpu.time (s / 1 sec)[cpu.mode=system],Rate,0.03616799999999998
09/10/2026 13:11:45,System.Runtime,dotnet.process.cpu.time (s / 1 sec)[cpu.mode=user],Rate,0.5914520000000003
09/10/2026 13:11:45,System.Runtime,dotnet.process.cpu.count ({cpu}),Metric,15
09/10/2026 13:11:45,System.Runtime,dotnet.gc.pause.time (s / 1 sec),Rate,0
09/10/2026 13:11:45,System.Runtime,dotnet.thread_pool.queue.length ({work_item} / 1 sec),Rate,0
09/10/2026 13:11:45,System.Runtime,dotnet.gc.last_collection.memory.committed_size (By),Metric,0
09/10/2026 13:11:45,System.Runtime,dotnet.gc.last_collection.heap.fragmentation.size (By)[gc.heap.generation=gen0],Metric,0
09/10/2026 13:11:45,System.Runtime,dotnet.gc.last_collection.heap.fragmentation.size (By)[gc.heap.generation=gen2],Metric,0
09/10/2026 13:11:45,System.Runtime,dotnet.gc.last_collection.heap.fragmentation.size (By)[gc.heap.generation=gen1],Metric,0
09/10/2026 13:11:45,System.Runtime,dotnet.gc.last_collection.heap.fragmentation.size (By)[gc.heap.generation=loh],Metric,0
09/10/2026 13:11:45,System.Runtime,dotnet.gc.last_collection.heap.fragmentation.size (By)[gc.heap.generation=poh],Metric,0
09/10/2026 13:11:45,System.Runtime,dotnet.timer.count ({timer}),Metric,2
09/10/2026 13:11:45,System.Runtime,dotnet.assembly.count ({assembly}),Metric,61
09/10/2026 13:11:45,System.Runtime,dotnet.gc.heap.total_allocated (By / 1 sec),Rate,139336
09/10/2026 13:11:45,System.Runtime,dotnet.gc.last_collection.heap.size (By)[gc.heap.generation=gen0],Metric,0
09/10/2026 13:11:45,System.Runtime,dotnet.gc.last_collection.heap.size (By)[gc.heap.generation=gen2],Metric,0
09/10/2026 13:11:45,System.Runtime,dotnet.gc.last_collection.heap.size (By)[gc.heap.generation=gen1],Metric,0
09/10/2026 13:11:45,System.Runtime,dotnet.gc.last_collection.heap.size (By)[gc.heap.generation=loh],Metric,0
09/10/2026 13:11:45,System.Runtime,dotnet.gc.last_collection.heap.size (By)[gc.heap.generation=poh],Metric,0
09/10/2026 13:11:45,System.Runtime,dotnet.thread_pool.work_item.count ({work_item} / 1 sec),Rate,599
09/10/2026 13:11:45,System.Runtime,dotnet.process.memory.working_set (By),Metric,74940416
09/10/2026 13:11:45,System.Runtime,dotnet.thread_pool.thread.count ({thread} / 1 sec),Rate,0
09/10/2026 13:11:45,System.Runtime,dotnet.jit.compilation.time (s / 1 sec),Rate,0.02591500000000002
09/10/2026 13:11:46,System.Runtime,dotnet.jit.compiled_il.size (By / 1 sec),Rate,7864
09/10/2026 13:11:46,System.Runtime,dotnet.jit.compiled_methods ({method} / 1 sec),Rate,53
09/10/2026 13:11:46,System.Runtime,dotnet.monitor.lock_contentions ({contention} / 1 sec),Rate,0
09/10/2026 13:11:46,System.Runtime,dotnet.gc.collections ({collection} / 1 sec)[gc.heap.generation=gen0],Rate,0
09/10/2026 13:11:46,System.Runtime,dotnet.gc.collections ({collection} / 1 sec)[gc.heap.generation=gen1],Rate,0
09/10/2026 13:11:46,System.Runtime,dotnet.gc.collections ({collection} / 1 sec)[gc.heap.generation=gen2],Rate,0
09/10/2026 13:11:46,System.Runtime,dotnet.process.cpu.time (s / 1 sec)[cpu.mode=system],Rate,0.03289700000000001
09/10/2026 13:11:46,System.Runtime,dotnet.process.cpu.time (s / 1 sec)[cpu.mode=user],Rate,0.5812739999999996
09/10/2026 13:11:46,System.Runtime,dotnet.process.cpu.count ({cpu}),Metric,15
09/10/2026 13:11:46,System.Runtime,dotnet.gc.pause.time (s / 1 sec),Rate,0
09/10/2026 13:11:46,System.Runtime,dotnet.thread_pool.queue.length ({work_item} / 1 sec),Rate,0
09/10/2026 13:11:46,System.Runtime,dotnet.gc.last_collection.memory.committed_size (By),Metric,0
09/10/2026 13:11:46,System.Runtime,dotnet.gc.last_collection.heap.fragmentation.size (By)[gc.heap.generation=gen0],Metric,0
09/10/2026 13:11:46,System.Runtime,dotnet.gc.last_collection.heap.fragmentation.size (By)[gc.heap.generation=gen2],Metric,0
09/10/2026 13:11:46,System.Runtime,dotnet.gc.last_collection.heap.fragmentation.size (By)[gc.heap.generation=gen1],Metric,0
09/10/2026 13:11:46,System.Runtime,dotnet.gc.last_collection.heap.fragmentation.size (By)[gc.heap.generation=loh],Metric,0
09/10/2026 13:11:46,System.Runtime,dotnet.gc.last_collection.heap.fragmentation.size (By)[gc.heap.generation=poh],Metric,0
09/10/2026 13:11:46,System.Runtime,dotnet.timer.count ({timer}),Metric,2
09/10/2026 13:11:46,System.Runtime,dotnet.assembly.count ({assembly}),Metric,61
09/10/2026 13:11:46,System.Runtime,dotnet.gc.heap.total_allocated (By / 1 sec),Rate,139592
09/10/2026 13:11:46,System.Runtime,dotnet.gc.last_collection.heap.size (By)[gc.heap.generation=gen0],Metric,0
09/10/2026 13:11:46,System.Runtime,dotnet.gc.last_collection.heap.size (By)[gc.heap.generation=gen2],Metric,0
09/10/2026 13:11:46,System.Runtime,dotnet.gc.last_collection.heap.size (By)[gc.heap.generation=gen1],Metric,0
09/10/2026 13:11:46,System.Runtime,dotnet.gc.last_collection.heap.size (By)[gc.heap.generation=loh],Metric,0
09/10/2026 13:11:46,System.Runtime,dotnet.gc.last_collection.heap.size (By)[gc.heap.generation=poh],Metric,0
09/10/2026 13:11:46,System.Runtime,dotnet.thread_pool.work_item.count ({work_item} / 1 sec),Rate,602
09/10/2026 13:11:46,System.Runtime,dotnet.process.memory.working_set (By),Metric,75186176
09/10/2026 13:11:46,System.Runtime,dotnet.thread_pool.thread.count ({thread} / 1 sec),Rate,0
09/10/2026 13:11:46,System.Runtime,dotnet.jit.compilation.time (s / 1 sec),Rate,0.013961299999999982
09/10/2026 13:11:47,System.Runtime,dotnet.jit.compiled_il.size (By / 1 sec),Rate,7784
09/10/2026 13:11:47,System.Runtime,dotnet.jit.compiled_methods ({method} / 1 sec),Rate,98
09/10/2026 13:11:47,System.Runtime,dotnet.monitor.lock_contentions ({contention} / 1 sec),Rate,0
09/10/2026 13:11:47,System.Runtime,dotnet.gc.collections ({collection} / 1 sec)[gc.heap.generation=gen0],Rate,0
09/10/2026 13:11:47,System.Runtime,dotnet.gc.collections ({collection} / 1 sec)[gc.heap.generation=gen1],Rate,0
09/10/2026 13:11:47,System.Runtime,dotnet.gc.collections ({collection} / 1 sec)[gc.heap.generation=gen2],Rate,0
09/10/2026 13:11:47,System.Runtime,dotnet.process.cpu.time (s / 1 sec)[cpu.mode=system],Rate,0.03382400000000002
09/10/2026 13:11:47,System.Runtime,dotnet.process.cpu.time (s / 1 sec)[cpu.mode=user],Rate,0.5827450000000001
09/10/2026 13:11:47,System.Runtime,dotnet.process.cpu.count ({cpu}),Metric,15
09/10/2026 13:11:47,System.Runtime,dotnet.gc.pause.time (s / 1 sec),Rate,0
09/10/2026 13:11:47,System.Runtime,dotnet.thread_pool.queue.length ({work_item} / 1 sec),Rate,0
09/10/2026 13:11:47,System.Runtime,dotnet.gc.last_collection.memory.committed_size (By),Metric,0
09/10/2026 13:11:47,System.Runtime,dotnet.gc.last_collection.heap.fragmentation.size (By)[gc.heap.generation=gen0],Metric,0
09/10/2026 13:11:47,System.Runtime,dotnet.gc.last_collection.heap.fragmentation.size (By)[gc.heap.generation=gen2],Metric,0
09/10/2026 13:11:47,System.Runtime,dotnet.gc.last_collection.heap.fragmentation.size (By)[gc.heap.generation=gen1],Metric,0
09/10/2026 13:11:47,System.Runtime,dotnet.gc.last_collection.heap.fragmentation.size (By)[gc.heap.generation=loh],Metric,0
09/10/2026 13:11:47,System.Runtime,dotnet.gc.last_collection.heap.fragmentation.size (By)[gc.heap.generation=poh],Metric,0
09/10/2026 13:11:47,System.Runtime,dotnet.timer.count ({timer}),Metric,2
09/10/2026 13:11:47,System.Runtime,dotnet.assembly.count ({assembly}),Metric,61
09/10/2026 13:11:47,System.Runtime,dotnet.gc.heap.total_allocated (By / 1 sec),Rate,131200
09/10/2026 13:11:47,System.Runtime,dotnet.gc.last_collection.heap.size (By)[gc.heap.generation=gen0],Metric,0
09/10/2026 13:11:47,System.Runtime,dotnet.gc.last_collection.heap.size (By)[gc.heap.generation=gen2],Metric,0
09/10/2026 13:11:47,System.Runtime,dotnet.gc.last_collection.heap.size (By)[gc.heap.generation=gen1],Metric,0
09/10/2026 13:11:47,System.Runtime,dotnet.gc.last_collection.heap.size (By)[gc.heap.generation=loh],Metric,0
09/10/2026 13:11:47,System.Runtime,dotnet.gc.last_collection.heap.size (By)[gc.heap.generation=poh],Metric,0
09/10/2026 13:11:47,System.Runtime,dotnet.thread_pool.work_item.count ({work_item} / 1 sec),Rate,601
09/10/2026 13:11:47,System.Runtime,dotnet.process.memory.working_set (By),Metric,75497472
09/10/2026 13:11:47,System.Runtime,dotnet.thread_pool.thread.count ({thread} / 1 sec),Rate,0
09/10/2026 13:11:47,System.Runtime,dotnet.jit.compilation.time (s / 1 sec),Rate,0.015538600000000014
09/10/2026 13:11:48,System.Runtime,dotnet.jit.compiled_il.size (By / 1 sec),Rate,5661
09/10/2026 13:11:48,System.Runtime,dotnet.jit.compiled_methods ({method} / 1 sec),Rate,40
09/10/2026 13:11:48,System.Runtime,dotnet.monitor.lock_contentions ({contention} / 1 sec),Rate,0
09/10/2026 13:11:48,System.Runtime,dotnet.gc.collections ({collection} / 1 sec)[gc.heap.generation=gen0],Rate,0
09/10/2026 13:11:48,System.Runtime,dotnet.gc.collections ({collection} / 1 sec)[gc.heap.generation=gen1],Rate,0
09/10/2026 13:11:48,System.Runtime,dotnet.gc.collections ({collection} / 1 sec)[gc.heap.generation=gen2],Rate,0
09/10/2026 13:11:48,System.Runtime,dotnet.process.cpu.time (s / 1 sec)[cpu.mode=system],Rate,0.03381200000000001
09/10/2026 13:11:48,System.Runtime,dotnet.process.cpu.time (s / 1 sec)[cpu.mode=user],Rate,0.5758939999999999
09/10/2026 13:11:48,System.Runtime,dotnet.process.cpu.count ({cpu}),Metric,15
09/10/2026 13:11:48,System.Runtime,dotnet.gc.pause.time (s / 1 sec),Rate,0
09/10/2026 13:11:48,System.Runtime,dotnet.thread_pool.queue.length ({work_item} / 1 sec),Rate,0
09/10/2026 13:11:48,System.Runtime,dotnet.gc.last_collection.memory.committed_size (By),Metric,0
09/10/2026 13:11:48,System.Runtime,dotnet.gc.last_collection.heap.fragmentation.size (By)[gc.heap.generation=gen0],Metric,0
09/10/2026 13:11:48,System.Runtime,dotnet.gc.last_collection.heap.fragmentation.size (By)[gc.heap.generation=gen2],Metric,0
09/10/2026 13:11:48,System.Runtime,dotnet.gc.last_collection.heap.fragmentation.size (By)[gc.heap.generation=gen1],Metric,0
09/10/2026 13:11:48,System.Runtime,dotnet.gc.last_collection.heap.fragmentation.size (By)[gc.heap.generation=loh],Metric,0
09/10/2026 13:11:48,System.Runtime,dotnet.gc.last_collection.heap.fragmentation.size (By)[gc.heap.generation=poh],Metric,0
09/10/2026 13:11:48,System.Runtime,dotnet.timer.count ({timer}),Metric,2
09/10/2026 13:11:48,System.Runtime,dotnet.assembly.count ({assembly}),Metric,61
09/10/2026 13:11:48,System.Runtime,dotnet.gc.heap.total_allocated (By / 1 sec),Rate,155816
09/10/2026 13:11:48,System.Runtime,dotnet.gc.last_collection.heap.size (By)[gc.heap.generation=gen0],Metric,0
09/10/2026 13:11:48,System.Runtime,dotnet.gc.last_collection.heap.size (By)[gc.heap.generation=gen2],Metric,0
09/10/2026 13:11:48,System.Runtime,dotnet.gc.last_collection.heap.size (By)[gc.heap.generation=gen1],Metric,0
09/10/2026 13:11:48,System.Runtime,dotnet.gc.last_collection.heap.size (By)[gc.heap.generation=loh],Metric,0
09/10/2026 13:11:48,System.Runtime,dotnet.gc.last_collection.heap.size (By)[gc.heap.generation=poh],Metric,0
09/10/2026 13:11:48,System.Runtime,dotnet.thread_pool.work_item.count ({work_item} / 1 sec),Rate,602
09/10/2026 13:11:48,System.Runtime,dotnet.process.memory.working_set (By),Metric,75710464
09/10/2026 13:11:48,System.Runtime,dotnet.thread_pool.thread.count ({thread} / 1 sec),Rate,0
09/10/2026 13:11:48,System.Runtime,dotnet.jit.compilation.time (s / 1 sec),Rate,0.004957800000000012
09/10/2026 13:11:49,System.Runtime,dotnet.jit.compiled_il.size (By / 1 sec),Rate,7175
09/10/2026 13:11:49,System.Runtime,dotnet.jit.compiled_methods ({method} / 1 sec),Rate,81
09/10/2026 13:11:49,System.Runtime,dotnet.monitor.lock_contentions ({contention} / 1 sec),Rate,0
09/10/2026 13:11:49,System.Runtime,dotnet.gc.collections ({collection} / 1 sec)[gc.heap.generation=gen0],Rate,0
09/10/2026 13:11:49,System.Runtime,dotnet.gc.collections ({collection} / 1 sec)[gc.heap.generation=gen1],Rate,0
09/10/2026 13:11:49,System.Runtime,dotnet.gc.collections ({collection} / 1 sec)[gc.heap.generation=gen2],Rate,0
09/10/2026 13:11:49,System.Runtime,dotnet.process.cpu.time (s / 1 sec)[cpu.mode=system],Rate,0.03621399999999997
09/10/2026 13:11:49,System.Runtime,dotnet.process.cpu.time (s / 1 sec)[cpu.mode=user],Rate,0.5830409999999997
09/10/2026 13:11:49,System.Runtime,dotnet.process.cpu.count ({cpu}),Metric,15
09/10/2026 13:11:49,System.Runtime,dotnet.gc.pause.time (s / 1 sec),Rate,0
09/10/2026 13:11:49,System.Runtime,dotnet.thread_pool.queue.length ({work_item} / 1 sec),Rate,0
09/10/2026 13:11:49,System.Runtime,dotnet.gc.last_collection.memory.committed_size (By),Metric,0
09/10/2026 13:11:49,System.Runtime,dotnet.gc.last_collection.heap.fragmentation.size (By)[gc.heap.generation=gen0],Metric,0
09/10/2026 13:11:49,System.Runtime,dotnet.gc.last_collection.heap.fragmentation.size (By)[gc.heap.generation=gen2],Metric,0
09/10/2026 13:11:49,System.Runtime,dotnet.gc.last_collection.heap.fragmentation.size (By)[gc.heap.generation=gen1],Metric,0
09/10/2026 13:11:49,System.Runtime,dotnet.gc.last_collection.heap.fragmentation.size (By)[gc.heap.generation=loh],Metric,0
09/10/2026 13:11:49,System.Runtime,dotnet.gc.last_collection.heap.fragmentation.size (By)[gc.heap.generation=poh],Metric,0
09/10/2026 13:11:49,System.Runtime,dotnet.timer.count ({timer}),Metric,2
09/10/2026 13:11:49,System.Runtime,dotnet.assembly.count ({assembly}),Metric,61
09/10/2026 13:11:49,System.Runtime,dotnet.gc.heap.total_allocated (By / 1 sec),Rate,130160
09/10/2026 13:11:49,System.Runtime,dotnet.gc.last_collection.heap.size (By)[gc.heap.generation=gen0],Metric,0
09/10/2026 13:11:49,System.Runtime,dotnet.gc.last_collection.heap.size (By)[gc.heap.generation=gen2],Metric,0
09/10/2026 13:11:49,System.Runtime,dotnet.gc.last_collection.heap.size (By)[gc.heap.generation=gen1],Metric,0
09/10/2026 13:11:49,System.Runtime,dotnet.gc.last_collection.heap.size (By)[gc.heap.generation=loh],Metric,0
09/10/2026 13:11:49,System.Runtime,dotnet.gc.last_collection.heap.size (By)[gc.heap.generation=poh],Metric,0
09/10/2026 13:11:49,System.Runtime,dotnet.thread_pool.work_item.count ({work_item} / 1 sec),Rate,601
09/10/2026 13:11:49,System.Runtime,dotnet.process.memory.working_set (By),Metric,76054528
09/10/2026 13:11:49,System.Runtime,dotnet.thread_pool.thread.count ({thread} / 1 sec),Rate,0
09/10/2026 13:11:49,System.Runtime,dotnet.jit.compilation.time (s / 1 sec),Rate,0.017785899999999966
09/10/2026 13:11:50,System.Runtime,dotnet.jit.compiled_il.size (By / 1 sec),Rate,774
09/10/2026 13:11:50,System.Runtime,dotnet.jit.compiled_methods ({method} / 1 sec),Rate,11
09/10/2026 13:11:50,System.Runtime,dotnet.monitor.lock_contentions ({contention} / 1 sec),Rate,0
09/10/2026 13:11:50,System.Runtime,dotnet.gc.collections ({collection} / 1 sec)[gc.heap.generation=gen0],Rate,0
09/10/2026 13:11:50,System.Runtime,dotnet.gc.collections ({collection} / 1 sec)[gc.heap.generation=gen1],Rate,0
09/10/2026 13:11:50,System.Runtime,dotnet.gc.collections ({collection} / 1 sec)[gc.heap.generation=gen2],Rate,0
09/10/2026 13:11:50,System.Runtime,dotnet.process.cpu.time (s / 1 sec)[cpu.mode=system],Rate,0.03267700000000001
09/10/2026 13:11:50,System.Runtime,dotnet.process.cpu.time (s / 1 sec)[cpu.mode=user],Rate,0.5724540000000005
09/10/2026 13:11:50,System.Runtime,dotnet.process.cpu.count ({cpu}),Metric,15
09/10/2026 13:11:50,System.Runtime,dotnet.gc.pause.time (s / 1 sec),Rate,0
09/10/2026 13:11:50,System.Runtime,dotnet.thread_pool.queue.length ({work_item} / 1 sec),Rate,0
09/10/2026 13:11:50,System.Runtime,dotnet.gc.last_collection.memory.committed_size (By),Metric,0
09/10/2026 13:11:50,System.Runtime,dotnet.gc.last_collection.heap.fragmentation.size (By)[gc.heap.generation=gen0],Metric,0
09/10/2026 13:11:50,System.Runtime,dotnet.gc.last_collection.heap.fragmentation.size (By)[gc.heap.generation=gen2],Metric,0
09/10/2026 13:11:50,System.Runtime,dotnet.gc.last_collection.heap.fragmentation.size (By)[gc.heap.generation=gen1],Metric,0
09/10/2026 13:11:50,System.Runtime,dotnet.gc.last_collection.heap.fragmentation.size (By)[gc.heap.generation=loh],Metric,0
09/10/2026 13:11:50,System.Runtime,dotnet.gc.last_collection.heap.fragmentation.size (By)[gc.heap.generation=poh],Metric,0
09/10/2026 13:11:50,System.Runtime,dotnet.timer.count ({timer}),Metric,2
09/10/2026 13:11:50,System.Runtime,dotnet.assembly.count ({assembly}),Metric,61
09/10/2026 13:11:50,System.Runtime,dotnet.gc.heap.total_allocated (By / 1 sec),Rate,147336
09/10/2026 13:11:50,System.Runtime,dotnet.gc.last_collection.heap.size (By)[gc.heap.generation=gen0],Metric,0
09/10/2026 13:11:50,System.Runtime,dotnet.gc.last_collection.heap.size (By)[gc.heap.generation=gen2],Metric,0
09/10/2026 13:11:50,System.Runtime,dotnet.gc.last_collection.heap.size (By)[gc.heap.generation=gen1],Metric,0
09/10/2026 13:11:50,System.Runtime,dotnet.gc.last_collection.heap.size (By)[gc.heap.generation=loh],Metric,0
09/10/2026 13:11:50,System.Runtime,dotnet.gc.last_collection.heap.size (By)[gc.heap.generation=poh],Metric,0
09/10/2026 13:11:50,System.Runtime,dotnet.thread_pool.work_item.count ({work_item} / 1 sec),Rate,601
09/10/2026 13:11:50,System.Runtime,dotnet.process.memory.working_set (By),Metric,76218368
09/10/2026 13:11:50,System.Runtime,dotnet.thread_pool.thread.count ({thread} / 1 sec),Rate,0
09/10/2026 13:11:50,System.Runtime,dotnet.jit.compilation.time (s / 1 sec),Rate,0.001725499999999991
09/10/2026 13:11:51,System.Runtime,dotnet.jit.compiled_il.size (By / 1 sec),Rate,206
09/10/2026 13:11:51,System.Runtime,dotnet.jit.compiled_methods ({method} / 1 sec),Rate,6
09/10/2026 13:11:51,System.Runtime,dotnet.monitor.lock_contentions ({contention} / 1 sec),Rate,0
09/10/2026 13:11:51,System.Runtime,dotnet.gc.collections ({collection} / 1 sec)[gc.heap.generation=gen0],Rate,0
09/10/2026 13:11:51,System.Runtime,dotnet.gc.collections ({collection} / 1 sec)[gc.heap.generation=gen1],Rate,0
09/10/2026 13:11:51,System.Runtime,dotnet.gc.collections ({collection} / 1 sec)[gc.heap.generation=gen2],Rate,0
09/10/2026 13:11:51,System.Runtime,dotnet.process.cpu.time (s / 1 sec)[cpu.mode=system],Rate,0.03540399999999999
09/10/2026 13:11:51,System.Runtime,dotnet.process.cpu.time (s / 1 sec)[cpu.mode=user],Rate,0.5705539999999996
09/10/2026 13:11:51,System.Runtime,dotnet.process.cpu.count ({cpu}),Metric,15
09/10/2026 13:11:51,System.Runtime,dotnet.gc.pause.time (s / 1 sec),Rate,0
09/10/2026 13:11:51,System.Runtime,dotnet.thread_pool.queue.length ({work_item} / 1 sec),Rate,0
09/10/2026 13:11:51,System.Runtime,dotnet.gc.last_collection.memory.committed_size (By),Metric,0
09/10/2026 13:11:51,System.Runtime,dotnet.gc.last_collection.heap.fragmentation.size (By)[gc.heap.generation=gen0],Metric,0
09/10/2026 13:11:51,System.Runtime,dotnet.gc.last_collection.heap.fragmentation.size (By)[gc.heap.generation=gen2],Metric,0
09/10/2026 13:11:51,System.Runtime,dotnet.gc.last_collection.heap.fragmentation.size (By)[gc.heap.generation=gen1],Metric,0
09/10/2026 13:11:51,System.Runtime,dotnet.gc.last_collection.heap.fragmentation.size (By)[gc.heap.generation=loh],Metric,0
09/10/2026 13:11:51,System.Runtime,dotnet.gc.last_collection.heap.fragmentation.size (By)[gc.heap.generation=poh],Metric,0
09/10/2026 13:11:51,System.Runtime,dotnet.timer.count ({timer}),Metric,2
09/10/2026 13:11:51,System.Runtime,dotnet.assembly.count ({assembly}),Metric,61
09/10/2026 13:11:51,System.Runtime,dotnet.gc.heap.total_allocated (By / 1 sec),Rate,131200
09/10/2026 13:11:51,System.Runtime,dotnet.gc.last_collection.heap.size (By)[gc.heap.generation=gen0],Metric,0
09/10/2026 13:11:51,System.Runtime,dotnet.gc.last_collection.heap.size (By)[gc.heap.generation=gen2],Metric,0
09/10/2026 13:11:51,System.Runtime,dotnet.gc.last_collection.heap.size (By)[gc.heap.generation=gen1],Metric,0
09/10/2026 13:11:51,System.Runtime,dotnet.gc.last_collection.heap.size (By)[gc.heap.generation=loh],Metric,0
09/10/2026 13:11:51,System.Runtime,dotnet.gc.last_collection.heap.size (By)[gc.heap.generation=poh],Metric,0
09/10/2026 13:11:51,System.Runtime,dotnet.thread_pool.work_item.count ({work_item} / 1 sec),Rate,602
09/10/2026 13:11:51,System.Runtime,dotnet.process.memory.working_set (By),Metric,76365824
09/10/2026 13:11:51,System.Runtime,dotnet.thread_pool.thread.count ({thread} / 1 sec),Rate,0
09/10/2026 13:11:51,System.Runtime,dotnet.jit.compilation.time (s / 1 sec),Rate,0.0011590000000000211
09/10/2026 13:11:52,System.Runtime,dotnet.jit.compiled_il.size (By / 1 sec),Rate,487
09/10/2026 13:11:52,System.Runtime,dotnet.jit.compiled_methods ({method} / 1 sec),Rate,9
09/10/2026 13:11:52,System.Runtime,dotnet.monitor.lock_contentions ({contention} / 1 sec),Rate,0
09/10/2026 13:11:52,System.Runtime,dotnet.gc.collections ({collection} / 1 sec)[gc.heap.generation=gen0],Rate,0
09/10/2026 13:11:52,System.Runtime,dotnet.gc.collections ({collection} / 1 sec)[gc.heap.generation=gen1],Rate,0
09/10/2026 13:11:52,System.Runtime,dotnet.gc.collections ({collection} / 1 sec)[gc.heap.generation=gen2],Rate,0
09/10/2026 13:11:52,System.Runtime,dotnet.process.cpu.time (s / 1 sec)[cpu.mode=system],Rate,0.03514499999999998
09/10/2026 13:11:52,System.Runtime,dotnet.process.cpu.time (s / 1 sec)[cpu.mode=user],Rate,0.5721070000000008
09/10/2026 13:11:52,System.Runtime,dotnet.process.cpu.count ({cpu}),Metric,15
09/10/2026 13:11:52,System.Runtime,dotnet.gc.pause.time (s / 1 sec),Rate,0
09/10/2026 13:11:52,System.Runtime,dotnet.thread_pool.queue.length ({work_item} / 1 sec),Rate,0
09/10/2026 13:11:52,System.Runtime,dotnet.gc.last_collection.memory.committed_size (By),Metric,0
09/10/2026 13:11:52,System.Runtime,dotnet.gc.last_collection.heap.fragmentation.size (By)[gc.heap.generation=gen0],Metric,0
09/10/2026 13:11:52,System.Runtime,dotnet.gc.last_collection.heap.fragmentation.size (By)[gc.heap.generation=gen2],Metric,0
09/10/2026 13:11:52,System.Runtime,dotnet.gc.last_collection.heap.fragmentation.size (By)[gc.heap.generation=gen1],Metric,0
09/10/2026 13:11:52,System.Runtime,dotnet.gc.last_collection.heap.fragmentation.size (By)[gc.heap.generation=loh],Metric,0
09/10/2026 13:11:52,System.Runtime,dotnet.gc.last_collection.heap.fragmentation.size (By)[gc.heap.generation=poh],Metric,0
09/10/2026 13:11:52,System.Runtime,dotnet.timer.count ({timer}),Metric,2
09/10/2026 13:11:52,System.Runtime,dotnet.assembly.count ({assembly}),Metric,61
09/10/2026 13:11:52,System.Runtime,dotnet.gc.heap.total_allocated (By / 1 sec),Rate,138376
09/10/2026 13:11:52,System.Runtime,dotnet.gc.last_collection.heap.size (By)[gc.heap.generation=gen0],Metric,0
09/10/2026 13:11:52,System.Runtime,dotnet.gc.last_collection.heap.size (By)[gc.heap.generation=gen2],Metric,0
09/10/2026 13:11:52,System.Runtime,dotnet.gc.last_collection.heap.size (By)[gc.heap.generation=gen1],Metric,0
09/10/2026 13:11:52,System.Runtime,dotnet.gc.last_collection.heap.size (By)[gc.heap.generation=loh],Metric,0
09/10/2026 13:11:52,System.Runtime,dotnet.gc.last_collection.heap.size (By)[gc.heap.generation=poh],Metric,0
09/10/2026 13:11:52,System.Runtime,dotnet.thread_pool.work_item.count ({work_item} / 1 sec),Rate,601
09/10/2026 13:11:52,System.Runtime,dotnet.process.memory.working_set (By),Metric,76562432
09/10/2026 13:11:52,System.Runtime,dotnet.thread_pool.thread.count ({thread} / 1 sec),Rate,0
09/10/2026 13:11:52,System.Runtime,dotnet.jit.compilation.time (s / 1 sec),Rate,0.002781900000000004
09/10/2026 13:11:53,System.Runtime,dotnet.jit.compiled_il.size (By / 1 sec),Rate,2746
09/10/2026 13:11:53,System.Runtime,dotnet.jit.compiled_methods ({method} / 1 sec),Rate,42
09/10/2026 13:11:53,System.Runtime,dotnet.monitor.lock_contentions ({contention} / 1 sec),Rate,0
09/10/2026 13:11:53,System.Runtime,dotnet.gc.collections ({collection} / 1 sec)[gc.heap.generation=gen0],Rate,0
09/10/2026 13:11:53,System.Runtime,dotnet.gc.collections ({collection} / 1 sec)[gc.heap.generation=gen1],Rate,0
09/10/2026 13:11:53,System.Runtime,dotnet.gc.collections ({collection} / 1 sec)[gc.heap.generation=gen2],Rate,0
09/10/2026 13:11:53,System.Runtime,dotnet.process.cpu.time (s / 1 sec)[cpu.mode=system],Rate,0.034753000000000034
09/10/2026 13:11:53,System.Runtime,dotnet.process.cpu.time (s / 1 sec)[cpu.mode=user],Rate,0.5729059999999997
09/10/2026 13:11:53,System.Runtime,dotnet.process.cpu.count ({cpu}),Metric,15
09/10/2026 13:11:53,System.Runtime,dotnet.gc.pause.time (s / 1 sec),Rate,0
09/10/2026 13:11:53,System.Runtime,dotnet.thread_pool.queue.length ({work_item} / 1 sec),Rate,0
09/10/2026 13:11:53,System.Runtime,dotnet.gc.last_collection.memory.committed_size (By),Metric,0
09/10/2026 13:11:53,System.Runtime,dotnet.gc.last_collection.heap.fragmentation.size (By)[gc.heap.generation=gen0],Metric,0
09/10/2026 13:11:53,System.Runtime,dotnet.gc.last_collection.heap.fragmentation.size (By)[gc.heap.generation=gen2],Metric,0
09/10/2026 13:11:53,System.Runtime,dotnet.gc.last_collection.heap.fragmentation.size (By)[gc.heap.generation=gen1],Metric,0
09/10/2026 13:11:53,System.Runtime,dotnet.gc.last_collection.heap.fragmentation.size (By)[gc.heap.generation=loh],Metric,0
09/10/2026 13:11:53,System.Runtime,dotnet.gc.last_collection.heap.fragmentation.size (By)[gc.heap.generation=poh],Metric,0
09/10/2026 13:11:53,System.Runtime,dotnet.timer.count ({timer}),Metric,2
09/10/2026 13:11:53,System.Runtime,dotnet.assembly.count ({assembly}),Metric,61
09/10/2026 13:11:53,System.Runtime,dotnet.gc.heap.total_allocated (By / 1 sec),Rate,139416
09/10/2026 13:11:53,System.Runtime,dotnet.gc.last_collection.heap.size (By)[gc.heap.generation=gen0],Metric,0
09/10/2026 13:11:53,System.Runtime,dotnet.gc.last_collection.heap.size (By)[gc.heap.generation=gen2],Metric,0
09/10/2026 13:11:53,System.Runtime,dotnet.gc.last_collection.heap.size (By)[gc.heap.generation=gen1],Metric,0
09/10/2026 13:11:53,System.Runtime,dotnet.gc.last_collection.heap.size (By)[gc.heap.generation=loh],Metric,0
09/10/2026 13:11:53,System.Runtime,dotnet.gc.last_collection.heap.size (By)[gc.heap.generation=poh],Metric,0
09/10/2026 13:11:53,System.Runtime,dotnet.thread_pool.work_item.count ({work_item} / 1 sec),Rate,602
09/10/2026 13:11:53,System.Runtime,dotnet.process.memory.working_set (By),Metric,76709888
09/10/2026 13:11:53,System.Runtime,dotnet.thread_pool.thread.count ({thread} / 1 sec),Rate,0
09/10/2026 13:11:53,System.Runtime,dotnet.jit.compilation.time (s / 1 sec),Rate,0.005280500000000021
09/10/2026 13:11:54,System.Runtime,dotnet.jit.compiled_il.size (By / 1 sec),Rate,19
09/10/2026 13:11:54,System.Runtime,dotnet.jit.compiled_methods ({method} / 1 sec),Rate,1
09/10/2026 13:11:54,System.Runtime,dotnet.monitor.lock_contentions ({contention} / 1 sec),Rate,0
09/10/2026 13:11:54,System.Runtime,dotnet.gc.collections ({collection} / 1 sec)[gc.heap.generation=gen0],Rate,0
09/10/2026 13:11:54,System.Runtime,dotnet.gc.collections ({collection} / 1 sec)[gc.heap.generation=gen1],Rate,0
09/10/2026 13:11:54,System.Runtime,dotnet.gc.collections ({collection} / 1 sec)[gc.heap.generation=gen2],Rate,0
09/10/2026 13:11:54,System.Runtime,dotnet.process.cpu.time (s / 1 sec)[cpu.mode=system],Rate,0.03604699999999994
09/10/2026 13:11:54,System.Runtime,dotnet.process.cpu.time (s / 1 sec)[cpu.mode=user],Rate,0.5691410000000001
09/10/2026 13:11:54,System.Runtime,dotnet.process.cpu.count ({cpu}),Metric,15
09/10/2026 13:11:54,System.Runtime,dotnet.gc.pause.time (s / 1 sec),Rate,0
09/10/2026 13:11:54,System.Runtime,dotnet.thread_pool.queue.length ({work_item} / 1 sec),Rate,0
09/10/2026 13:11:54,System.Runtime,dotnet.gc.last_collection.memory.committed_size (By),Metric,0
09/10/2026 13:11:54,System.Runtime,dotnet.gc.last_collection.heap.fragmentation.size (By)[gc.heap.generation=gen0],Metric,0
09/10/2026 13:11:54,System.Runtime,dotnet.gc.last_collection.heap.fragmentation.size (By)[gc.heap.generation=gen2],Metric,0
09/10/2026 13:11:54,System.Runtime,dotnet.gc.last_collection.heap.fragmentation.size (By)[gc.heap.generation=gen1],Metric,0
09/10/2026 13:11:54,System.Runtime,dotnet.gc.last_collection.heap.fragmentation.size (By)[gc.heap.generation=loh],Metric,0
09/10/2026 13:11:54,System.Runtime,dotnet.gc.last_collection.heap.fragmentation.size (By)[gc.heap.generation=poh],Metric,0
09/10/2026 13:11:54,System.Runtime,dotnet.timer.count ({timer}),Metric,2
09/10/2026 13:11:54,System.Runtime,dotnet.assembly.count ({assembly}),Metric,61
09/10/2026 13:11:54,System.Runtime,dotnet.gc.heap.total_allocated (By / 1 sec),Rate,139400
09/10/2026 13:11:54,System.Runtime,dotnet.gc.last_collection.heap.size (By)[gc.heap.generation=gen0],Metric,0
09/10/2026 13:11:54,System.Runtime,dotnet.gc.last_collection.heap.size (By)[gc.heap.generation=gen2],Metric,0
09/10/2026 13:11:54,System.Runtime,dotnet.gc.last_collection.heap.size (By)[gc.heap.generation=gen1],Metric,0
09/10/2026 13:11:54,System.Runtime,dotnet.gc.last_collection.heap.size (By)[gc.heap.generation=loh],Metric,0
09/10/2026 13:11:54,System.Runtime,dotnet.gc.last_collection.heap.size (By)[gc.heap.generation=poh],Metric,0
09/10/2026 13:11:54,System.Runtime,dotnet.thread_pool.work_item.count ({work_item} / 1 sec),Rate,601
09/10/2026 13:11:54,System.Runtime,dotnet.process.memory.working_set (By),Metric,76873728
09/10/2026 13:11:54,System.Runtime,dotnet.thread_pool.thread.count ({thread} / 1 sec),Rate,0
09/10/2026 13:11:54,System.Runtime,dotnet.jit.compilation.time (s / 1 sec),Rate,0.00020499999999995522
09/10/2026 13:11:55,System.Runtime,dotnet.jit.compiled_il.size (By / 1 sec),Rate,706
09/10/2026 13:11:55,System.Runtime,dotnet.jit.compiled_methods ({method} / 1 sec),Rate,9
09/10/2026 13:11:55,System.Runtime,dotnet.monitor.lock_contentions ({contention} / 1 sec),Rate,0
09/10/2026 13:11:55,System.Runtime,dotnet.gc.collections ({collection} / 1 sec)[gc.heap.generation=gen0],Rate,0
09/10/2026 13:11:55,System.Runtime,dotnet.gc.collections ({collection} / 1 sec)[gc.heap.generation=gen1],Rate,0
09/10/2026 13:11:55,System.Runtime,dotnet.gc.collections ({collection} / 1 sec)[gc.heap.generation=gen2],Rate,0
09/10/2026 13:11:55,System.Runtime,dotnet.process.cpu.time (s / 1 sec)[cpu.mode=system],Rate,0.034779000000000004
09/10/2026 13:11:55,System.Runtime,dotnet.process.cpu.time (s / 1 sec)[cpu.mode=user],Rate,0.5707690000000003
09/10/2026 13:11:55,System.Runtime,dotnet.process.cpu.count ({cpu}),Metric,15
09/10/2026 13:11:55,System.Runtime,dotnet.gc.pause.time (s / 1 sec),Rate,0
09/10/2026 13:11:55,System.Runtime,dotnet.thread_pool.queue.length ({work_item} / 1 sec),Rate,0
09/10/2026 13:11:55,System.Runtime,dotnet.gc.last_collection.memory.committed_size (By),Metric,0
09/10/2026 13:11:55,System.Runtime,dotnet.gc.last_collection.heap.fragmentation.size (By)[gc.heap.generation=gen0],Metric,0
09/10/2026 13:11:55,System.Runtime,dotnet.gc.last_collection.heap.fragmentation.size (By)[gc.heap.generation=gen2],Metric,0
09/10/2026 13:11:55,System.Runtime,dotnet.gc.last_collection.heap.fragmentation.size (By)[gc.heap.generation=gen1],Metric,0
09/10/2026 13:11:55,System.Runtime,dotnet.gc.last_collection.heap.fragmentation.size (By)[gc.heap.generation=loh],Metric,0
09/10/2026 13:11:55,System.Runtime,dotnet.gc.last_collection.heap.fragmentation.size (By)[gc.heap.generation=poh],Metric,0
09/10/2026 13:11:55,System.Runtime,dotnet.timer.count ({timer}),Metric,2
09/10/2026 13:11:55,System.Runtime,dotnet.assembly.count ({assembly}),Metric,61
09/10/2026 13:11:55,System.Runtime,dotnet.gc.heap.total_allocated (By / 1 sec),Rate,130952
09/10/2026 13:11:55,System.Runtime,dotnet.gc.last_collection.heap.size (By)[gc.heap.generation=gen0],Metric,0
09/10/2026 13:11:55,System.Runtime,dotnet.gc.last_collection.heap.size (By)[gc.heap.generation=gen2],Metric,0
09/10/2026 13:11:55,System.Runtime,dotnet.gc.last_collection.heap.size (By)[gc.heap.generation=gen1],Metric,0
09/10/2026 13:11:55,System.Runtime,dotnet.gc.last_collection.heap.size (By)[gc.heap.generation=loh],Metric,0
09/10/2026 13:11:55,System.Runtime,dotnet.gc.last_collection.heap.size (By)[gc.heap.generation=poh],Metric,0
09/10/2026 13:11:55,System.Runtime,dotnet.thread_pool.work_item.count ({work_item} / 1 sec),Rate,601
09/10/2026 13:11:55,System.Runtime,dotnet.process.memory.working_set (By),Metric,77037568
09/10/2026 13:11:55,System.Runtime,dotnet.thread_pool.thread.count ({thread} / 1 sec),Rate,0
09/10/2026 13:11:55,System.Runtime,dotnet.jit.compilation.time (s / 1 sec),Rate,0.001311500000000021
09/10/2026 13:11:56,System.Runtime,dotnet.jit.compiled_il.size (By / 1 sec),Rate,59
09/10/2026 13:11:56,System.Runtime,dotnet.jit.compiled_methods ({method} / 1 sec),Rate,1
09/10/2026 13:11:56,System.Runtime,dotnet.monitor.lock_contentions ({contention} / 1 sec),Rate,0
09/10/2026 13:11:56,System.Runtime,dotnet.gc.collections ({collection} / 1 sec)[gc.heap.generation=gen0],Rate,0
09/10/2026 13:11:56,System.Runtime,dotnet.gc.collections ({collection} / 1 sec)[gc.heap.generation=gen1],Rate,0
09/10/2026 13:11:56,System.Runtime,dotnet.gc.collections ({collection} / 1 sec)[gc.heap.generation=gen2],Rate,0
09/10/2026 13:11:56,System.Runtime,dotnet.process.cpu.time (s / 1 sec)[cpu.mode=system],Rate,0.03543000000000007
09/10/2026 13:11:56,System.Runtime,dotnet.process.cpu.time (s / 1 sec)[cpu.mode=user],Rate,0.5695359999999994
09/10/2026 13:11:56,System.Runtime,dotnet.process.cpu.count ({cpu}),Metric,15
09/10/2026 13:11:56,System.Runtime,dotnet.gc.pause.time (s / 1 sec),Rate,0
09/10/2026 13:11:56,System.Runtime,dotnet.thread_pool.queue.length ({work_item} / 1 sec),Rate,0
09/10/2026 13:11:56,System.Runtime,dotnet.gc.last_collection.memory.committed_size (By),Metric,0
09/10/2026 13:11:56,System.Runtime,dotnet.gc.last_collection.heap.fragmentation.size (By)[gc.heap.generation=gen0],Metric,0
09/10/2026 13:11:56,System.Runtime,dotnet.gc.last_collection.heap.fragmentation.size (By)[gc.heap.generation=gen2],Metric,0
09/10/2026 13:11:56,System.Runtime,dotnet.gc.last_collection.heap.fragmentation.size (By)[gc.heap.generation=gen1],Metric,0
09/10/2026 13:11:56,System.Runtime,dotnet.gc.last_collection.heap.fragmentation.size (By)[gc.heap.generation=loh],Metric,0
09/10/2026 13:11:56,System.Runtime,dotnet.gc.last_collection.heap.fragmentation.size (By)[gc.heap.generation=poh],Metric,0
09/10/2026 13:11:56,System.Runtime,dotnet.timer.count ({timer}),Metric,2
09/10/2026 13:11:56,System.Runtime,dotnet.assembly.count ({assembly}),Metric,61
09/10/2026 13:11:56,System.Runtime,dotnet.gc.heap.total_allocated (By / 1 sec),Rate,140544
09/10/2026 13:11:56,System.Runtime,dotnet.gc.last_collection.heap.size (By)[gc.heap.generation=gen0],Metric,0
09/10/2026 13:11:56,System.Runtime,dotnet.gc.last_collection.heap.size (By)[gc.heap.generation=gen2],Metric,0
09/10/2026 13:11:56,System.Runtime,dotnet.gc.last_collection.heap.size (By)[gc.heap.generation=gen1],Metric,0
09/10/2026 13:11:56,System.Runtime,dotnet.gc.last_collection.heap.size (By)[gc.heap.generation=loh],Metric,0
09/10/2026 13:11:56,System.Runtime,dotnet.gc.last_collection.heap.size (By)[gc.heap.generation=poh],Metric,0
09/10/2026 13:11:56,System.Runtime,dotnet.thread_pool.work_item.count ({work_item} / 1 sec),Rate,601
09/10/2026 13:11:56,System.Runtime,dotnet.process.memory.working_set (By),Metric,77201408
09/10/2026 13:11:56,System.Runtime,dotnet.thread_pool.thread.count ({thread} / 1 sec),Rate,0
09/10/2026 13:11:56,System.Runtime,dotnet.jit.compilation.time (s / 1 sec),Rate,0.0002334999999999976
09/10/2026 13:11:57,System.Runtime,dotnet.jit.compiled_il.size (By / 1 sec),Rate,14
09/10/2026 13:11:57,System.Runtime,dotnet.jit.compiled_methods ({method} / 1 sec),Rate,2
09/10/2026 13:11:57,System.Runtime,dotnet.monitor.lock_contentions ({contention} / 1 sec),Rate,0
09/10/2026 13:11:57,System.Runtime,dotnet.gc.collections ({collection} / 1 sec)[gc.heap.generation=gen0],Rate,0
09/10/2026 13:11:57,System.Runtime,dotnet.gc.collections ({collection} / 1 sec)[gc.heap.generation=gen1],Rate,0
09/10/2026 13:11:57,System.Runtime,dotnet.gc.collections ({collection} / 1 sec)[gc.heap.generation=gen2],Rate,0
09/10/2026 13:11:57,System.Runtime,dotnet.process.cpu.time (s / 1 sec)[cpu.mode=system],Rate,0.03605799999999992
09/10/2026 13:11:57,System.Runtime,dotnet.process.cpu.time (s / 1 sec)[cpu.mode=user],Rate,0.5689399999999996
09/10/2026 13:11:57,System.Runtime,dotnet.process.cpu.count ({cpu}),Metric,15
09/10/2026 13:11:57,System.Runtime,dotnet.gc.pause.time (s / 1 sec),Rate,0
09/10/2026 13:11:57,System.Runtime,dotnet.thread_pool.queue.length ({work_item} / 1 sec),Rate,0
09/10/2026 13:11:57,System.Runtime,dotnet.gc.last_collection.memory.committed_size (By),Metric,0
09/10/2026 13:11:57,System.Runtime,dotnet.gc.last_collection.heap.fragmentation.size (By)[gc.heap.generation=gen0],Metric,0
09/10/2026 13:11:57,System.Runtime,dotnet.gc.last_collection.heap.fragmentation.size (By)[gc.heap.generation=gen2],Metric,0
09/10/2026 13:11:57,System.Runtime,dotnet.gc.last_collection.heap.fragmentation.size (By)[gc.heap.generation=gen1],Metric,0
09/10/2026 13:11:57,System.Runtime,dotnet.gc.last_collection.heap.fragmentation.size (By)[gc.heap.generation=loh],Metric,0
09/10/2026 13:11:57,System.Runtime,dotnet.gc.last_collection.heap.fragmentation.size (By)[gc.heap.generation=poh],Metric,0
09/10/2026 13:11:57,System.Runtime,dotnet.timer.count ({timer}),Metric,2
09/10/2026 13:11:57,System.Runtime,dotnet.assembly.count ({assembly}),Metric,61
09/10/2026 13:11:57,System.Runtime,dotnet.gc.heap.total_allocated (By / 1 sec),Rate,123000
09/10/2026 13:11:57,System.Runtime,dotnet.gc.last_collection.heap.size (By)[gc.heap.generation=gen0],Metric,0
09/10/2026 13:11:57,System.Runtime,dotnet.gc.last_collection.heap.size (By)[gc.heap.generation=gen2],Metric,0
09/10/2026 13:11:57,System.Runtime,dotnet.gc.last_collection.heap.size (By)[gc.heap.generation=gen1],Metric,0
09/10/2026 13:11:57,System.Runtime,dotnet.gc.last_collection.heap.size (By)[gc.heap.generation=loh],Metric,0
09/10/2026 13:11:57,System.Runtime,dotnet.gc.last_collection.heap.size (By)[gc.heap.generation=poh],Metric,0
09/10/2026 13:11:57,System.Runtime,dotnet.thread_pool.work_item.count ({work_item} / 1 sec),Rate,602
09/10/2026 13:11:57,System.Runtime,dotnet.process.memory.working_set (By),Metric,77348864
09/10/2026 13:11:57,System.Runtime,dotnet.thread_pool.thread.count ({thread} / 1 sec),Rate,0
09/10/2026 13:11:57,System.Runtime,dotnet.jit.compilation.time (s / 1 sec),Rate,0.00021739999999997872
09/10/2026 13:11:58,System.Runtime,dotnet.jit.compiled_il.size (By / 1 sec),Rate,1264
09/10/2026 13:11:58,System.Runtime,dotnet.jit.compiled_methods ({method} / 1 sec),Rate,6
09/10/2026 13:11:58,System.Runtime,dotnet.monitor.lock_contentions ({contention} / 1 sec),Rate,0
09/10/2026 13:11:58,System.Runtime,dotnet.gc.collections ({collection} / 1 sec)[gc.heap.generation=gen0],Rate,0
09/10/2026 13:11:58,System.Runtime,dotnet.gc.collections ({collection} / 1 sec)[gc.heap.generation=gen1],Rate,0
09/10/2026 13:11:58,System.Runtime,dotnet.gc.collections ({collection} / 1 sec)[gc.heap.generation=gen2],Rate,0
09/10/2026 13:11:58,System.Runtime,dotnet.process.cpu.time (s / 1 sec)[cpu.mode=system],Rate,0.034667
09/10/2026 13:11:58,System.Runtime,dotnet.process.cpu.time (s / 1 sec)[cpu.mode=user],Rate,0.5722560000000012
09/10/2026 13:11:58,System.Runtime,dotnet.process.cpu.count ({cpu}),Metric,15
09/10/2026 13:11:58,System.Runtime,dotnet.gc.pause.time (s / 1 sec),Rate,0
09/10/2026 13:11:58,System.Runtime,dotnet.thread_pool.queue.length ({work_item} / 1 sec),Rate,0
09/10/2026 13:11:58,System.Runtime,dotnet.gc.last_collection.memory.committed_size (By),Metric,0
09/10/2026 13:11:58,System.Runtime,dotnet.gc.last_collection.heap.fragmentation.size (By)[gc.heap.generation=gen0],Metric,0
09/10/2026 13:11:58,System.Runtime,dotnet.gc.last_collection.heap.fragmentation.size (By)[gc.heap.generation=gen2],Metric,0
09/10/2026 13:11:58,System.Runtime,dotnet.gc.last_collection.heap.fragmentation.size (By)[gc.heap.generation=gen1],Metric,0
09/10/2026 13:11:58,System.Runtime,dotnet.gc.last_collection.heap.fragmentation.size (By)[gc.heap.generation=loh],Metric,0
09/10/2026 13:11:58,System.Runtime,dotnet.gc.last_collection.heap.fragmentation.size (By)[gc.heap.generation=poh],Metric,0
09/10/2026 13:11:58,System.Runtime,dotnet.timer.count ({timer}),Metric,2
09/10/2026 13:11:58,System.Runtime,dotnet.assembly.count ({assembly}),Metric,61
09/10/2026 13:11:58,System.Runtime,dotnet.gc.heap.total_allocated (By / 1 sec),Rate,154792
09/10/2026 13:11:58,System.Runtime,dotnet.gc.last_collection.heap.size (By)[gc.heap.generation=gen0],Metric,0
09/10/2026 13:11:58,System.Runtime,dotnet.gc.last_collection.heap.size (By)[gc.heap.generation=gen2],Metric,0
09/10/2026 13:11:58,System.Runtime,dotnet.gc.last_collection.heap.size (By)[gc.heap.generation=gen1],Metric,0
09/10/2026 13:11:58,System.Runtime,dotnet.gc.last_collection.heap.size (By)[gc.heap.generation=loh],Metric,0
09/10/2026 13:11:58,System.Runtime,dotnet.gc.last_collection.heap.size (By)[gc.heap.generation=poh],Metric,0
09/10/2026 13:11:58,System.Runtime,dotnet.thread_pool.work_item.count ({work_item} / 1 sec),Rate,601
09/10/2026 13:11:58,System.Runtime,dotnet.process.memory.working_set (By),Metric,77561856
09/10/2026 13:11:58,System.Runtime,dotnet.thread_pool.thread.count ({thread} / 1 sec),Rate,0
09/10/2026 13:11:58,System.Runtime,dotnet.jit.compilation.time (s / 1 sec),Rate,0.004729700000000003
09/10/2026 13:11:59,System.Runtime,dotnet.jit.compiled_il.size (By / 1 sec),Rate,44
09/10/2026 13:11:59,System.Runtime,dotnet.jit.compiled_methods ({method} / 1 sec),Rate,2
09/10/2026 13:11:59,System.Runtime,dotnet.monitor.lock_contentions ({contention} / 1 sec),Rate,0
09/10/2026 13:11:59,System.Runtime,dotnet.gc.collections ({collection} / 1 sec)[gc.heap.generation=gen0],Rate,0
09/10/2026 13:11:59,System.Runtime,dotnet.gc.collections ({collection} / 1 sec)[gc.heap.generation=gen1],Rate,0
09/10/2026 13:11:59,System.Runtime,dotnet.gc.collections ({collection} / 1 sec)[gc.heap.generation=gen2],Rate,0
09/10/2026 13:11:59,System.Runtime,dotnet.process.cpu.time (s / 1 sec)[cpu.mode=system],Rate,0.034111
09/10/2026 13:11:59,System.Runtime,dotnet.process.cpu.time (s / 1 sec)[cpu.mode=user],Rate,0.5712719999999987
09/10/2026 13:11:59,System.Runtime,dotnet.process.cpu.count ({cpu}),Metric,15
09/10/2026 13:11:59,System.Runtime,dotnet.gc.pause.time (s / 1 sec),Rate,0
09/10/2026 13:11:59,System.Runtime,dotnet.thread_pool.queue.length ({work_item} / 1 sec),Rate,0
09/10/2026 13:11:59,System.Runtime,dotnet.gc.last_collection.memory.committed_size (By),Metric,0
09/10/2026 13:11:59,System.Runtime,dotnet.gc.last_collection.heap.fragmentation.size (By)[gc.heap.generation=gen0],Metric,0
09/10/2026 13:11:59,System.Runtime,dotnet.gc.last_collection.heap.fragmentation.size (By)[gc.heap.generation=gen2],Metric,0
09/10/2026 13:11:59,System.Runtime,dotnet.gc.last_collection.heap.fragmentation.size (By)[gc.heap.generation=gen1],Metric,0
09/10/2026 13:11:59,System.Runtime,dotnet.gc.last_collection.heap.fragmentation.size (By)[gc.heap.generation=loh],Metric,0
09/10/2026 13:11:59,System.Runtime,dotnet.gc.last_collection.heap.fragmentation.size (By)[gc.heap.generation=poh],Metric,0
09/10/2026 13:11:59,System.Runtime,dotnet.timer.count ({timer}),Metric,2
09/10/2026 13:11:59,System.Runtime,dotnet.assembly.count ({assembly}),Metric,61
09/10/2026 13:11:59,System.Runtime,dotnet.gc.heap.total_allocated (By / 1 sec),Rate,123000
09/10/2026 13:11:59,System.Runtime,dotnet.gc.last_collection.heap.size (By)[gc.heap.generation=gen0],Metric,0
09/10/2026 13:11:59,System.Runtime,dotnet.gc.last_collection.heap.size (By)[gc.heap.generation=gen2],Metric,0
09/10/2026 13:11:59,System.Runtime,dotnet.gc.last_collection.heap.size (By)[gc.heap.generation=gen1],Metric,0
09/10/2026 13:11:59,System.Runtime,dotnet.gc.last_collection.heap.size (By)[gc.heap.generation=loh],Metric,0
09/10/2026 13:11:59,System.Runtime,dotnet.gc.last_collection.heap.size (By)[gc.heap.generation=poh],Metric,0
09/10/2026 13:11:59,System.Runtime,dotnet.thread_pool.work_item.count ({work_item} / 1 sec),Rate,601
09/10/2026 13:11:59,System.Runtime,dotnet.process.memory.working_set (By),Metric,77692928
09/10/2026 13:11:59,System.Runtime,dotnet.thread_pool.thread.count ({thread} / 1 sec),Rate,0
09/10/2026 13:11:59,System.Runtime,dotnet.jit.compilation.time (s / 1 sec),Rate,0.00022620000000000973
09/10/2026 13:12:00,System.Runtime,dotnet.jit.compiled_il.size (By / 1 sec),Rate,1049
09/10/2026 13:12:00,System.Runtime,dotnet.jit.compiled_methods ({method} / 1 sec),Rate,13
09/10/2026 13:12:00,System.Runtime,dotnet.monitor.lock_contentions ({contention} / 1 sec),Rate,0
09/10/2026 13:12:00,System.Runtime,dotnet.gc.collections ({collection} / 1 sec)[gc.heap.generation=gen0],Rate,0
09/10/2026 13:12:00,System.Runtime,dotnet.gc.collections ({collection} / 1 sec)[gc.heap.generation=gen1],Rate,0
09/10/2026 13:12:00,System.Runtime,dotnet.gc.collections ({collection} / 1 sec)[gc.heap.generation=gen2],Rate,0
09/10/2026 13:12:00,System.Runtime,dotnet.process.cpu.time (s / 1 sec)[cpu.mode=system],Rate,0.0342610000000001
09/10/2026 13:12:00,System.Runtime,dotnet.process.cpu.time (s / 1 sec)[cpu.mode=user],Rate,0.5714790000000001
09/10/2026 13:12:00,System.Runtime,dotnet.process.cpu.count ({cpu}),Metric,15
09/10/2026 13:12:00,System.Runtime,dotnet.gc.pause.time (s / 1 sec),Rate,0
09/10/2026 13:12:00,System.Runtime,dotnet.thread_pool.queue.length ({work_item} / 1 sec),Rate,0
09/10/2026 13:12:00,System.Runtime,dotnet.gc.last_collection.memory.committed_size (By),Metric,0
09/10/2026 13:12:00,System.Runtime,dotnet.gc.last_collection.heap.fragmentation.size (By)[gc.heap.generation=gen0],Metric,0
09/10/2026 13:12:00,System.Runtime,dotnet.gc.last_collection.heap.fragmentation.size (By)[gc.heap.generation=gen2],Metric,0
09/10/2026 13:12:00,System.Runtime,dotnet.gc.last_collection.heap.fragmentation.size (By)[gc.heap.generation=gen1],Metric,0
09/10/2026 13:12:00,System.Runtime,dotnet.gc.last_collection.heap.fragmentation.size (By)[gc.heap.generation=loh],Metric,0
09/10/2026 13:12:00,System.Runtime,dotnet.gc.last_collection.heap.fragmentation.size (By)[gc.heap.generation=poh],Metric,0
09/10/2026 13:12:00,System.Runtime,dotnet.timer.count ({timer}),Metric,2
09/10/2026 13:12:00,System.Runtime,dotnet.assembly.count ({assembly}),Metric,61
09/10/2026 13:12:00,System.Runtime,dotnet.gc.heap.total_allocated (By / 1 sec),Rate,147560
09/10/2026 13:12:00,System.Runtime,dotnet.gc.last_collection.heap.size (By)[gc.heap.generation=gen0],Metric,0
09/10/2026 13:12:00,System.Runtime,dotnet.gc.last_collection.heap.size (By)[gc.heap.generation=gen2],Metric,0
09/10/2026 13:12:00,System.Runtime,dotnet.gc.last_collection.heap.size (By)[gc.heap.generation=gen1],Metric,0
09/10/2026 13:12:00,System.Runtime,dotnet.gc.last_collection.heap.size (By)[gc.heap.generation=loh],Metric,0
09/10/2026 13:12:00,System.Runtime,dotnet.gc.last_collection.heap.size (By)[gc.heap.generation=poh],Metric,0
09/10/2026 13:12:00,System.Runtime,dotnet.thread_pool.work_item.count ({work_item} / 1 sec),Rate,601
09/10/2026 13:12:00,System.Runtime,dotnet.process.memory.working_set (By),Metric,77889536
09/10/2026 13:12:00,System.Runtime,dotnet.thread_pool.thread.count ({thread} / 1 sec),Rate,0
09/10/2026 13:12:00,System.Runtime,dotnet.jit.compilation.time (s / 1 sec),Rate,0.0015218000000000176
09/10/2026 13:12:01,System.Runtime,dotnet.jit.compiled_il.size (By / 1 sec),Rate,1216
09/10/2026 13:12:01,System.Runtime,dotnet.jit.compiled_methods ({method} / 1 sec),Rate,13
09/10/2026 13:12:01,System.Runtime,dotnet.monitor.lock_contentions ({contention} / 1 sec),Rate,0
09/10/2026 13:12:01,System.Runtime,dotnet.gc.collections ({collection} / 1 sec)[gc.heap.generation=gen0],Rate,0
09/10/2026 13:12:01,System.Runtime,dotnet.gc.collections ({collection} / 1 sec)[gc.heap.generation=gen1],Rate,0
09/10/2026 13:12:01,System.Runtime,dotnet.gc.collections ({collection} / 1 sec)[gc.heap.generation=gen2],Rate,0
09/10/2026 13:12:01,System.Runtime,dotnet.process.cpu.time (s / 1 sec)[cpu.mode=system],Rate,0.03539199999999998
09/10/2026 13:12:01,System.Runtime,dotnet.process.cpu.time (s / 1 sec)[cpu.mode=user],Rate,0.5680379999999996
09/10/2026 13:12:01,System.Runtime,dotnet.process.cpu.count ({cpu}),Metric,15
09/10/2026 13:12:01,System.Runtime,dotnet.gc.pause.time (s / 1 sec),Rate,0
09/10/2026 13:12:01,System.Runtime,dotnet.thread_pool.queue.length ({work_item} / 1 sec),Rate,0
09/10/2026 13:12:01,System.Runtime,dotnet.gc.last_collection.memory.committed_size (By),Metric,0
09/10/2026 13:12:01,System.Runtime,dotnet.gc.last_collection.heap.fragmentation.size (By)[gc.heap.generation=gen0],Metric,0
09/10/2026 13:12:01,System.Runtime,dotnet.gc.last_collection.heap.fragmentation.size (By)[gc.heap.generation=gen2],Metric,0
09/10/2026 13:12:01,System.Runtime,dotnet.gc.last_collection.heap.fragmentation.size (By)[gc.heap.generation=gen1],Metric,0
09/10/2026 13:12:01,System.Runtime,dotnet.gc.last_collection.heap.fragmentation.size (By)[gc.heap.generation=loh],Metric,0
09/10/2026 13:12:01,System.Runtime,dotnet.gc.last_collection.heap.fragmentation.size (By)[gc.heap.generation=poh],Metric,0
09/10/2026 13:12:01,System.Runtime,dotnet.timer.count ({timer}),Metric,2
09/10/2026 13:12:01,System.Runtime,dotnet.assembly.count ({assembly}),Metric,61
09/10/2026 13:12:01,System.Runtime,dotnet.gc.heap.total_allocated (By / 1 sec),Rate,123000
09/10/2026 13:12:01,System.Runtime,dotnet.gc.last_collection.heap.size (By)[gc.heap.generation=gen0],Metric,0
09/10/2026 13:12:01,System.Runtime,dotnet.gc.last_collection.heap.size (By)[gc.heap.generation=gen2],Metric,0
09/10/2026 13:12:01,System.Runtime,dotnet.gc.last_collection.heap.size (By)[gc.heap.generation=gen1],Metric,0
09/10/2026 13:12:01,System.Runtime,dotnet.gc.last_collection.heap.size (By)[gc.heap.generation=loh],Metric,0
09/10/2026 13:12:01,System.Runtime,dotnet.gc.last_collection.heap.size (By)[gc.heap.generation=poh],Metric,0
09/10/2026 13:12:01,System.Runtime,dotnet.thread_pool.work_item.count ({work_item} / 1 sec),Rate,601
09/10/2026 13:12:01,System.Runtime,dotnet.process.memory.working_set (By),Metric,78020608
09/10/2026 13:12:01,System.Runtime,dotnet.thread_pool.thread.count ({thread} / 1 sec),Rate,0
09/10/2026 13:12:01,System.Runtime,dotnet.jit.compilation.time (s / 1 sec),Rate,0.002888500000000016
09/10/2026 13:12:02,System.Runtime,dotnet.jit.compiled_il.size (By / 1 sec),Rate,48
09/10/2026 13:12:02,System.Runtime,dotnet.jit.compiled_methods ({method} / 1 sec),Rate,2
09/10/2026 13:12:02,System.Runtime,dotnet.monitor.lock_contentions ({contention} / 1 sec),Rate,0
09/10/2026 13:12:02,System.Runtime,dotnet.gc.collections ({collection} / 1 sec)[gc.heap.generation=gen0],Rate,0
09/10/2026 13:12:02,System.Runtime,dotnet.gc.collections ({collection} / 1 sec)[gc.heap.generation=gen1],Rate,0
09/10/2026 13:12:02,System.Runtime,dotnet.gc.collections ({collection} / 1 sec)[gc.heap.generation=gen2],Rate,0
09/10/2026 13:12:02,System.Runtime,dotnet.process.cpu.time (s / 1 sec)[cpu.mode=system],Rate,0.03324899999999997
09/10/2026 13:12:02,System.Runtime,dotnet.process.cpu.time (s / 1 sec)[cpu.mode=user],Rate,0.5700240000000001
09/10/2026 13:12:02,System.Runtime,dotnet.process.cpu.count ({cpu}),Metric,15
09/10/2026 13:12:02,System.Runtime,dotnet.gc.pause.time (s / 1 sec),Rate,0
09/10/2026 13:12:02,System.Runtime,dotnet.thread_pool.queue.length ({work_item} / 1 sec),Rate,0
09/10/2026 13:12:02,System.Runtime,dotnet.gc.last_collection.memory.committed_size (By),Metric,0
09/10/2026 13:12:02,System.Runtime,dotnet.gc.last_collection.heap.fragmentation.size (By)[gc.heap.generation=gen0],Metric,0
09/10/2026 13:12:02,System.Runtime,dotnet.gc.last_collection.heap.fragmentation.size (By)[gc.heap.generation=gen2],Metric,0
09/10/2026 13:12:02,System.Runtime,dotnet.gc.last_collection.heap.fragmentation.size (By)[gc.heap.generation=gen1],Metric,0
09/10/2026 13:12:02,System.Runtime,dotnet.gc.last_collection.heap.fragmentation.size (By)[gc.heap.generation=loh],Metric,0
09/10/2026 13:12:02,System.Runtime,dotnet.gc.last_collection.heap.fragmentation.size (By)[gc.heap.generation=poh],Metric,0
09/10/2026 13:12:02,System.Runtime,dotnet.timer.count ({timer}),Metric,2
09/10/2026 13:12:02,System.Runtime,dotnet.assembly.count ({assembly}),Metric,61
09/10/2026 13:12:02,System.Runtime,dotnet.gc.heap.total_allocated (By / 1 sec),Rate,142304
09/10/2026 13:12:02,System.Runtime,dotnet.gc.last_collection.heap.size (By)[gc.heap.generation=gen0],Metric,0
09/10/2026 13:12:02,System.Runtime,dotnet.gc.last_collection.heap.size (By)[gc.heap.generation=gen2],Metric,0
09/10/2026 13:12:02,System.Runtime,dotnet.gc.last_collection.heap.size (By)[gc.heap.generation=gen1],Metric,0
09/10/2026 13:12:02,System.Runtime,dotnet.gc.last_collection.heap.size (By)[gc.heap.generation=loh],Metric,0
09/10/2026 13:12:02,System.Runtime,dotnet.gc.last_collection.heap.size (By)[gc.heap.generation=poh],Metric,0
09/10/2026 13:12:02,System.Runtime,dotnet.thread_pool.work_item.count ({work_item} / 1 sec),Rate,601
09/10/2026 13:12:02,System.Runtime,dotnet.process.memory.working_set (By),Metric,78217216
09/10/2026 13:12:02,System.Runtime,dotnet.thread_pool.thread.count ({thread} / 1 sec),Rate,0
09/10/2026 13:12:02,System.Runtime,dotnet.jit.compilation.time (s / 1 sec),Rate,0.00041349999999995557
09/10/2026 13:12:03,System.Runtime,dotnet.jit.compiled_il.size (By / 1 sec),Rate,497
09/10/2026 13:12:03,System.Runtime,dotnet.jit.compiled_methods ({method} / 1 sec),Rate,9
09/10/2026 13:12:03,System.Runtime,dotnet.monitor.lock_contentions ({contention} / 1 sec),Rate,0
09/10/2026 13:12:03,System.Runtime,dotnet.gc.collections ({collection} / 1 sec)[gc.heap.generation=gen0],Rate,0
09/10/2026 13:12:03,System.Runtime,dotnet.gc.collections ({collection} / 1 sec)[gc.heap.generation=gen1],Rate,0
09/10/2026 13:12:03,System.Runtime,dotnet.gc.collections ({collection} / 1 sec)[gc.heap.generation=gen2],Rate,0
09/10/2026 13:12:03,System.Runtime,dotnet.process.cpu.time (s / 1 sec)[cpu.mode=system],Rate,0.03510199999999997
09/10/2026 13:12:03,System.Runtime,dotnet.process.cpu.time (s / 1 sec)[cpu.mode=user],Rate,0.5720030000000023
09/10/2026 13:12:03,System.Runtime,dotnet.process.cpu.count ({cpu}),Metric,15
09/10/2026 13:12:03,System.Runtime,dotnet.gc.pause.time (s / 1 sec),Rate,0
09/10/2026 13:12:03,System.Runtime,dotnet.thread_pool.queue.length ({work_item} / 1 sec),Rate,0
09/10/2026 13:12:03,System.Runtime,dotnet.gc.last_collection.memory.committed_size (By),Metric,0
09/10/2026 13:12:03,System.Runtime,dotnet.gc.last_collection.heap.fragmentation.size (By)[gc.heap.generation=gen0],Metric,0
09/10/2026 13:12:03,System.Runtime,dotnet.gc.last_collection.heap.fragmentation.size (By)[gc.heap.generation=gen2],Metric,0
09/10/2026 13:12:03,System.Runtime,dotnet.gc.last_collection.heap.fragmentation.size (By)[gc.heap.generation=gen1],Metric,0
09/10/2026 13:12:03,System.Runtime,dotnet.gc.last_collection.heap.fragmentation.size (By)[gc.heap.generation=loh],Metric,0
09/10/2026 13:12:03,System.Runtime,dotnet.gc.last_collection.heap.fragmentation.size (By)[gc.heap.generation=poh],Metric,0
09/10/2026 13:12:03,System.Runtime,dotnet.timer.count ({timer}),Metric,2
09/10/2026 13:12:03,System.Runtime,dotnet.assembly.count ({assembly}),Metric,61
09/10/2026 13:12:03,System.Runtime,dotnet.gc.heap.total_allocated (By / 1 sec),Rate,132080
09/10/2026 13:12:03,System.Runtime,dotnet.gc.last_collection.heap.size (By)[gc.heap.generation=gen0],Metric,0
09/10/2026 13:12:03,System.Runtime,dotnet.gc.last_collection.heap.size (By)[gc.heap.generation=gen2],Metric,0
09/10/2026 13:12:03,System.Runtime,dotnet.gc.last_collection.heap.size (By)[gc.heap.generation=gen1],Metric,0
09/10/2026 13:12:03,System.Runtime,dotnet.gc.last_collection.heap.size (By)[gc.heap.generation=loh],Metric,0
09/10/2026 13:12:03,System.Runtime,dotnet.gc.last_collection.heap.size (By)[gc.heap.generation=poh],Metric,0
09/10/2026 13:12:03,System.Runtime,dotnet.thread_pool.work_item.count ({work_item} / 1 sec),Rate,602
09/10/2026 13:12:03,System.Runtime,dotnet.process.memory.working_set (By),Metric,78364672
09/10/2026 13:12:03,System.Runtime,dotnet.thread_pool.thread.count ({thread} / 1 sec),Rate,-1
09/10/2026 13:12:03,System.Runtime,dotnet.jit.compilation.time (s / 1 sec),Rate,0.0013622000000000356
09/10/2026 13:12:04,System.Runtime,dotnet.jit.compiled_il.size (By / 1 sec),Rate,128
09/10/2026 13:12:04,System.Runtime,dotnet.jit.compiled_methods ({method} / 1 sec),Rate,3
09/10/2026 13:12:04,System.Runtime,dotnet.monitor.lock_contentions ({contention} / 1 sec),Rate,0
09/10/2026 13:12:04,System.Runtime,dotnet.gc.collections ({collection} / 1 sec)[gc.heap.generation=gen0],Rate,0
09/10/2026 13:12:04,System.Runtime,dotnet.gc.collections ({collection} / 1 sec)[gc.heap.generation=gen1],Rate,0
09/10/2026 13:12:04,System.Runtime,dotnet.gc.collections ({collection} / 1 sec)[gc.heap.generation=gen2],Rate,0
09/10/2026 13:12:04,System.Runtime,dotnet.process.cpu.time (s / 1 sec)[cpu.mode=system],Rate,0.03408
09/10/2026 13:12:04,System.Runtime,dotnet.process.cpu.time (s / 1 sec)[cpu.mode=user],Rate,0.568680999999998
09/10/2026 13:12:04,System.Runtime,dotnet.process.cpu.count ({cpu}),Metric,15
09/10/2026 13:12:04,System.Runtime,dotnet.gc.pause.time (s / 1 sec),Rate,0
09/10/2026 13:12:04,System.Runtime,dotnet.thread_pool.queue.length ({work_item} / 1 sec),Rate,0
09/10/2026 13:12:04,System.Runtime,dotnet.gc.last_collection.memory.committed_size (By),Metric,0
09/10/2026 13:12:04,System.Runtime,dotnet.gc.last_collection.heap.fragmentation.size (By)[gc.heap.generation=gen0],Metric,0
09/10/2026 13:12:04,System.Runtime,dotnet.gc.last_collection.heap.fragmentation.size (By)[gc.heap.generation=gen2],Metric,0
09/10/2026 13:12:04,System.Runtime,dotnet.gc.last_collection.heap.fragmentation.size (By)[gc.heap.generation=gen1],Metric,0
09/10/2026 13:12:04,System.Runtime,dotnet.gc.last_collection.heap.fragmentation.size (By)[gc.heap.generation=loh],Metric,0
09/10/2026 13:12:04,System.Runtime,dotnet.gc.last_collection.heap.fragmentation.size (By)[gc.heap.generation=poh],Metric,0
09/10/2026 13:12:04,System.Runtime,dotnet.timer.count ({timer}),Metric,2
09/10/2026 13:12:04,System.Runtime,dotnet.assembly.count ({assembly}),Metric,61
09/10/2026 13:12:04,System.Runtime,dotnet.gc.heap.total_allocated (By / 1 sec),Rate,139392
09/10/2026 13:12:04,System.Runtime,dotnet.gc.last_collection.heap.size (By)[gc.heap.generation=gen0],Metric,0
09/10/2026 13:12:04,System.Runtime,dotnet.gc.last_collection.heap.size (By)[gc.heap.generation=gen2],Metric,0
09/10/2026 13:12:04,System.Runtime,dotnet.gc.last_collection.heap.size (By)[gc.heap.generation=gen1],Metric,0
09/10/2026 13:12:04,System.Runtime,dotnet.gc.last_collection.heap.size (By)[gc.heap.generation=loh],Metric,0
09/10/2026 13:12:04,System.Runtime,dotnet.gc.last_collection.heap.size (By)[gc.heap.generation=poh],Metric,0
09/10/2026 13:12:04,System.Runtime,dotnet.thread_pool.work_item.count ({work_item} / 1 sec),Rate,601
09/10/2026 13:12:04,System.Runtime,dotnet.process.memory.working_set (By),Metric,78512128
09/10/2026 13:12:04,System.Runtime,dotnet.thread_pool.thread.count ({thread} / 1 sec),Rate,0
09/10/2026 13:12:04,System.Runtime,dotnet.jit.compilation.time (s / 1 sec),Rate,0.0006793999999999967
09/10/2026 13:12:05,System.Runtime,dotnet.jit.compiled_il.size (By / 1 sec),Rate,376
09/10/2026 13:12:05,System.Runtime,dotnet.jit.compiled_methods ({method} / 1 sec),Rate,7
09/10/2026 13:12:05,System.Runtime,dotnet.monitor.lock_contentions ({contention} / 1 sec),Rate,0
09/10/2026 13:12:05,System.Runtime,dotnet.gc.collections ({collection} / 1 sec)[gc.heap.generation=gen0],Rate,0
09/10/2026 13:12:05,System.Runtime,dotnet.gc.collections ({collection} / 1 sec)[gc.heap.generation=gen1],Rate,0
09/10/2026 13:12:05,System.Runtime,dotnet.gc.collections ({collection} / 1 sec)[gc.heap.generation=gen2],Rate,0
09/10/2026 13:12:05,System.Runtime,dotnet.process.cpu.time (s / 1 sec)[cpu.mode=system],Rate,0.03497499999999998
09/10/2026 13:12:05,System.Runtime,dotnet.process.cpu.time (s / 1 sec)[cpu.mode=user],Rate,0.5714900000000007
09/10/2026 13:12:05,System.Runtime,dotnet.process.cpu.count ({cpu}),Metric,15
09/10/2026 13:12:05,System.Runtime,dotnet.gc.pause.time (s / 1 sec),Rate,0
09/10/2026 13:12:05,System.Runtime,dotnet.thread_pool.queue.length ({work_item} / 1 sec),Rate,0
09/10/2026 13:12:05,System.Runtime,dotnet.gc.last_collection.memory.committed_size (By),Metric,0
09/10/2026 13:12:05,System.Runtime,dotnet.gc.last_collection.heap.fragmentation.size (By)[gc.heap.generation=gen0],Metric,0
09/10/2026 13:12:05,System.Runtime,dotnet.gc.last_collection.heap.fragmentation.size (By)[gc.heap.generation=gen2],Metric,0
09/10/2026 13:12:05,System.Runtime,dotnet.gc.last_collection.heap.fragmentation.size (By)[gc.heap.generation=gen1],Metric,0
09/10/2026 13:12:05,System.Runtime,dotnet.gc.last_collection.heap.fragmentation.size (By)[gc.heap.generation=loh],Metric,0
09/10/2026 13:12:05,System.Runtime,dotnet.gc.last_collection.heap.fragmentation.size (By)[gc.heap.generation=poh],Metric,0
09/10/2026 13:12:05,System.Runtime,dotnet.timer.count ({timer}),Metric,2
09/10/2026 13:12:05,System.Runtime,dotnet.assembly.count ({assembly}),Metric,61
09/10/2026 13:12:05,System.Runtime,dotnet.gc.heap.total_allocated (By / 1 sec),Rate,138400
09/10/2026 13:12:05,System.Runtime,dotnet.gc.last_collection.heap.size (By)[gc.heap.generation=gen0],Metric,0
09/10/2026 13:12:05,System.Runtime,dotnet.gc.last_collection.heap.size (By)[gc.heap.generation=gen2],Metric,0
09/10/2026 13:12:05,System.Runtime,dotnet.gc.last_collection.heap.size (By)[gc.heap.generation=gen1],Metric,0
09/10/2026 13:12:05,System.Runtime,dotnet.gc.last_collection.heap.size (By)[gc.heap.generation=loh],Metric,0
09/10/2026 13:12:05,System.Runtime,dotnet.gc.last_collection.heap.size (By)[gc.heap.generation=poh],Metric,0
09/10/2026 13:12:05,System.Runtime,dotnet.thread_pool.work_item.count ({work_item} / 1 sec),Rate,601
09/10/2026 13:12:05,System.Runtime,dotnet.process.memory.working_set (By),Metric,78659584
09/10/2026 13:12:05,System.Runtime,dotnet.thread_pool.thread.count ({thread} / 1 sec),Rate,0
09/10/2026 13:12:05,System.Runtime,dotnet.jit.compilation.time (s / 1 sec),Rate,0.0019783999999999913
09/10/2026 13:12:06,System.Runtime,dotnet.jit.compiled_il.size (By / 1 sec),Rate,0
09/10/2026 13:12:06,System.Runtime,dotnet.jit.compiled_methods ({method} / 1 sec),Rate,0
09/10/2026 13:12:06,System.Runtime,dotnet.monitor.lock_contentions ({contention} / 1 sec),Rate,0
09/10/2026 13:12:06,System.Runtime,dotnet.gc.collections ({collection} / 1 sec)[gc.heap.generation=gen0],Rate,0
09/10/2026 13:12:06,System.Runtime,dotnet.gc.collections ({collection} / 1 sec)[gc.heap.generation=gen1],Rate,0
09/10/2026 13:12:06,System.Runtime,dotnet.gc.collections ({collection} / 1 sec)[gc.heap.generation=gen2],Rate,0
09/10/2026 13:12:06,System.Runtime,dotnet.process.cpu.time (s / 1 sec)[cpu.mode=system],Rate,0.03307799999999994
09/10/2026 13:12:06,System.Runtime,dotnet.process.cpu.time (s / 1 sec)[cpu.mode=user],Rate,0.5693860000000015
09/10/2026 13:12:06,System.Runtime,dotnet.process.cpu.count ({cpu}),Metric,15
09/10/2026 13:12:06,System.Runtime,dotnet.gc.pause.time (s / 1 sec),Rate,0
09/10/2026 13:12:06,System.Runtime,dotnet.thread_pool.queue.length ({work_item} / 1 sec),Rate,0
09/10/2026 13:12:06,System.Runtime,dotnet.gc.last_collection.memory.committed_size (By),Metric,0
09/10/2026 13:12:06,System.Runtime,dotnet.gc.last_collection.heap.fragmentation.size (By)[gc.heap.generation=gen0],Metric,0
09/10/2026 13:12:06,System.Runtime,dotnet.gc.last_collection.heap.fragmentation.size (By)[gc.heap.generation=gen2],Metric,0
09/10/2026 13:12:06,System.Runtime,dotnet.gc.last_collection.heap.fragmentation.size (By)[gc.heap.generation=gen1],Metric,0
09/10/2026 13:12:06,System.Runtime,dotnet.gc.last_collection.heap.fragmentation.size (By)[gc.heap.generation=loh],Metric,0
09/10/2026 13:12:06,System.Runtime,dotnet.gc.last_collection.heap.fragmentation.size (By)[gc.heap.generation=poh],Metric,0
09/10/2026 13:12:06,System.Runtime,dotnet.timer.count ({timer}),Metric,2
09/10/2026 13:12:06,System.Runtime,dotnet.assembly.count ({assembly}),Metric,61
09/10/2026 13:12:06,System.Runtime,dotnet.gc.heap.total_allocated (By / 1 sec),Rate,123000
09/10/2026 13:12:06,System.Runtime,dotnet.gc.last_collection.heap.size (By)[gc.heap.generation=gen0],Metric,0
09/10/2026 13:12:06,System.Runtime,dotnet.gc.last_collection.heap.size (By)[gc.heap.generation=gen2],Metric,0
09/10/2026 13:12:06,System.Runtime,dotnet.gc.last_collection.heap.size (By)[gc.heap.generation=gen1],Metric,0
09/10/2026 13:12:06,System.Runtime,dotnet.gc.last_collection.heap.size (By)[gc.heap.generation=loh],Metric,0
09/10/2026 13:12:06,System.Runtime,dotnet.gc.last_collection.heap.size (By)[gc.heap.generation=poh],Metric,0
09/10/2026 13:12:06,System.Runtime,dotnet.thread_pool.work_item.count ({work_item} / 1 sec),Rate,601
09/10/2026 13:12:06,System.Runtime,dotnet.process.memory.working_set (By),Metric,78807040
09/10/2026 13:12:06,System.Runtime,dotnet.thread_pool.thread.count ({thread} / 1 sec),Rate,0
09/10/2026 13:12:06,System.Runtime,dotnet.jit.compilation.time (s / 1 sec),Rate,0
09/10/2026 13:12:07,System.Runtime,dotnet.jit.compiled_il.size (By / 1 sec),Rate,0
09/10/2026 13:12:07,System.Runtime,dotnet.jit.compiled_methods ({method} / 1 sec),Rate,0
09/10/2026 13:12:07,System.Runtime,dotnet.monitor.lock_contentions ({contention} / 1 sec),Rate,0
09/10/2026 13:12:07,System.Runtime,dotnet.gc.collections ({collection} / 1 sec)[gc.heap.generation=gen0],Rate,0
09/10/2026 13:12:07,System.Runtime,dotnet.gc.collections ({collection} / 1 sec)[gc.heap.generation=gen1],Rate,0
09/10/2026 13:12:07,System.Runtime,dotnet.gc.collections ({collection} / 1 sec)[gc.heap.generation=gen2],Rate,0
09/10/2026 13:12:07,System.Runtime,dotnet.process.cpu.time (s / 1 sec)[cpu.mode=system],Rate,0.03591500000000014
09/10/2026 13:12:07,System.Runtime,dotnet.process.cpu.time (s / 1 sec)[cpu.mode=user],Rate,0.5656039999999969
09/10/2026 13:12:07,System.Runtime,dotnet.process.cpu.count ({cpu}),Metric,15
09/10/2026 13:12:07,System.Runtime,dotnet.gc.pause.time (s / 1 sec),Rate,0
09/10/2026 13:12:07,System.Runtime,dotnet.thread_pool.queue.length ({work_item} / 1 sec),Rate,0
09/10/2026 13:12:07,System.Runtime,dotnet.gc.last_collection.memory.committed_size (By),Metric,0
09/10/2026 13:12:07,System.Runtime,dotnet.gc.last_collection.heap.fragmentation.size (By)[gc.heap.generation=gen0],Metric,0
09/10/2026 13:12:07,System.Runtime,dotnet.gc.last_collection.heap.fragmentation.size (By)[gc.heap.generation=gen2],Metric,0
09/10/2026 13:12:07,System.Runtime,dotnet.gc.last_collection.heap.fragmentation.size (By)[gc.heap.generation=gen1],Metric,0
09/10/2026 13:12:07,System.Runtime,dotnet.gc.last_collection.heap.fragmentation.size (By)[gc.heap.generation=loh],Metric,0
09/10/2026 13:12:07,System.Runtime,dotnet.gc.last_collection.heap.fragmentation.size (By)[gc.heap.generation=poh],Metric,0
09/10/2026 13:12:07,System.Runtime,dotnet.timer.count ({timer}),Metric,2
09/10/2026 13:12:07,System.Runtime,dotnet.assembly.count ({assembly}),Metric,61
09/10/2026 13:12:07,System.Runtime,dotnet.gc.heap.total_allocated (By / 1 sec),Rate,147568
09/10/2026 13:12:07,System.Runtime,dotnet.gc.last_collection.heap.size (By)[gc.heap.generation=gen0],Metric,0
09/10/2026 13:12:07,System.Runtime,dotnet.gc.last_collection.heap.size (By)[gc.heap.generation=gen2],Metric,0
09/10/2026 13:12:07,System.Runtime,dotnet.gc.last_collection.heap.size (By)[gc.heap.generation=gen1],Metric,0
09/10/2026 13:12:07,System.Runtime,dotnet.gc.last_collection.heap.size (By)[gc.heap.generation=loh],Metric,0
09/10/2026 13:12:07,System.Runtime,dotnet.gc.last_collection.heap.size (By)[gc.heap.generation=poh],Metric,0
09/10/2026 13:12:07,System.Runtime,dotnet.thread_pool.work_item.count ({work_item} / 1 sec),Rate,601
09/10/2026 13:12:07,System.Runtime,dotnet.process.memory.working_set (By),Metric,78970880
09/10/2026 13:12:07,System.Runtime,dotnet.thread_pool.thread.count ({thread} / 1 sec),Rate,0
09/10/2026 13:12:07,System.Runtime,dotnet.jit.compilation.time (s / 1 sec),Rate,0
09/10/2026 13:12:08,System.Runtime,dotnet.jit.compiled_il.size (By / 1 sec),Rate,1945
09/10/2026 13:12:08,System.Runtime,dotnet.jit.compiled_methods ({method} / 1 sec),Rate,10
09/10/2026 13:12:08,System.Runtime,dotnet.monitor.lock_contentions ({contention} / 1 sec),Rate,0
09/10/2026 13:12:08,System.Runtime,dotnet.gc.collections ({collection} / 1 sec)[gc.heap.generation=gen0],Rate,0
09/10/2026 13:12:08,System.Runtime,dotnet.gc.collections ({collection} / 1 sec)[gc.heap.generation=gen1],Rate,0
09/10/2026 13:12:08,System.Runtime,dotnet.gc.collections ({collection} / 1 sec)[gc.heap.generation=gen2],Rate,0
09/10/2026 13:12:08,System.Runtime,dotnet.process.cpu.time (s / 1 sec)[cpu.mode=system],Rate,0.034488000000000074
09/10/2026 13:12:08,System.Runtime,dotnet.process.cpu.time (s / 1 sec)[cpu.mode=user],Rate,0.5711200000000005
09/10/2026 13:12:08,System.Runtime,dotnet.process.cpu.count ({cpu}),Metric,15
09/10/2026 13:12:08,System.Runtime,dotnet.gc.pause.time (s / 1 sec),Rate,0
09/10/2026 13:12:08,System.Runtime,dotnet.thread_pool.queue.length ({work_item} / 1 sec),Rate,0
09/10/2026 13:12:08,System.Runtime,dotnet.gc.last_collection.memory.committed_size (By),Metric,0
09/10/2026 13:12:08,System.Runtime,dotnet.gc.last_collection.heap.fragmentation.size (By)[gc.heap.generation=gen0],Metric,0
09/10/2026 13:12:08,System.Runtime,dotnet.gc.last_collection.heap.fragmentation.size (By)[gc.heap.generation=gen2],Metric,0
09/10/2026 13:12:08,System.Runtime,dotnet.gc.last_collection.heap.fragmentation.size (By)[gc.heap.generation=gen1],Metric,0
09/10/2026 13:12:08,System.Runtime,dotnet.gc.last_collection.heap.fragmentation.size (By)[gc.heap.generation=loh],Metric,0
09/10/2026 13:12:08,System.Runtime,dotnet.gc.last_collection.heap.fragmentation.size (By)[gc.heap.generation=poh],Metric,0
09/10/2026 13:12:08,System.Runtime,dotnet.timer.count ({timer}),Metric,2
09/10/2026 13:12:08,System.Runtime,dotnet.assembly.count ({assembly}),Metric,61
09/10/2026 13:12:08,System.Runtime,dotnet.gc.heap.total_allocated (By / 1 sec),Rate,137368
09/10/2026 13:12:08,System.Runtime,dotnet.gc.last_collection.heap.size (By)[gc.heap.generation=gen0],Metric,0
09/10/2026 13:12:08,System.Runtime,dotnet.gc.last_collection.heap.size (By)[gc.heap.generation=gen2],Metric,0
09/10/2026 13:12:08,System.Runtime,dotnet.gc.last_collection.heap.size (By)[gc.heap.generation=gen1],Metric,0
09/10/2026 13:12:08,System.Runtime,dotnet.gc.last_collection.heap.size (By)[gc.heap.generation=loh],Metric,0
09/10/2026 13:12:08,System.Runtime,dotnet.gc.last_collection.heap.size (By)[gc.heap.generation=poh],Metric,0
09/10/2026 13:12:08,System.Runtime,dotnet.thread_pool.work_item.count ({work_item} / 1 sec),Rate,602
09/10/2026 13:12:08,System.Runtime,dotnet.process.memory.working_set (By),Metric,79134720
09/10/2026 13:12:08,System.Runtime,dotnet.thread_pool.thread.count ({thread} / 1 sec),Rate,0
09/10/2026 13:12:08,System.Runtime,dotnet.jit.compilation.time (s / 1 sec),Rate,0.0024707999999999952
09/10/2026 13:12:09,System.Runtime,dotnet.jit.compiled_il.size (By / 1 sec),Rate,0
09/10/2026 13:12:09,System.Runtime,dotnet.jit.compiled_methods ({method} / 1 sec),Rate,0
09/10/2026 13:12:09,System.Runtime,dotnet.monitor.lock_contentions ({contention} / 1 sec),Rate,0
09/10/2026 13:12:09,System.Runtime,dotnet.gc.collections ({collection} / 1 sec)[gc.heap.generation=gen0],Rate,0
09/10/2026 13:12:09,System.Runtime,dotnet.gc.collections ({collection} / 1 sec)[gc.heap.generation=gen1],Rate,0
09/10/2026 13:12:09,System.Runtime,dotnet.gc.collections ({collection} / 1 sec)[gc.heap.generation=gen2],Rate,0
09/10/2026 13:12:09,System.Runtime,dotnet.process.cpu.time (s / 1 sec)[cpu.mode=system],Rate,0.03522599999999998
09/10/2026 13:12:09,System.Runtime,dotnet.process.cpu.time (s / 1 sec)[cpu.mode=user],Rate,0.5684180000000012
09/10/2026 13:12:09,System.Runtime,dotnet.process.cpu.count ({cpu}),Metric,15
09/10/2026 13:12:09,System.Runtime,dotnet.gc.pause.time (s / 1 sec),Rate,0
09/10/2026 13:12:09,System.Runtime,dotnet.thread_pool.queue.length ({work_item} / 1 sec),Rate,0
09/10/2026 13:12:09,System.Runtime,dotnet.gc.last_collection.memory.committed_size (By),Metric,0
09/10/2026 13:12:09,System.Runtime,dotnet.gc.last_collection.heap.fragmentation.size (By)[gc.heap.generation=gen0],Metric,0
09/10/2026 13:12:09,System.Runtime,dotnet.gc.last_collection.heap.fragmentation.size (By)[gc.heap.generation=gen2],Metric,0
09/10/2026 13:12:09,System.Runtime,dotnet.gc.last_collection.heap.fragmentation.size (By)[gc.heap.generation=gen1],Metric,0
09/10/2026 13:12:09,System.Runtime,dotnet.gc.last_collection.heap.fragmentation.size (By)[gc.heap.generation=loh],Metric,0
09/10/2026 13:12:09,System.Runtime,dotnet.gc.last_collection.heap.fragmentation.size (By)[gc.heap.generation=poh],Metric,0
09/10/2026 13:12:09,System.Runtime,dotnet.timer.count ({timer}),Metric,2
09/10/2026 13:12:09,System.Runtime,dotnet.assembly.count ({assembly}),Metric,61
09/10/2026 13:12:09,System.Runtime,dotnet.gc.heap.total_allocated (By / 1 sec),Rate,139272
09/10/2026 13:12:09,System.Runtime,dotnet.gc.last_collection.heap.size (By)[gc.heap.generation=gen0],Metric,0
09/10/2026 13:12:09,System.Runtime,dotnet.gc.last_collection.heap.size (By)[gc.heap.generation=gen2],Metric,0
09/10/2026 13:12:09,System.Runtime,dotnet.gc.last_collection.heap.size (By)[gc.heap.generation=gen1],Metric,0
09/10/2026 13:12:09,System.Runtime,dotnet.gc.last_collection.heap.size (By)[gc.heap.generation=loh],Metric,0
09/10/2026 13:12:09,System.Runtime,dotnet.gc.last_collection.heap.size (By)[gc.heap.generation=poh],Metric,0
09/10/2026 13:12:09,System.Runtime,dotnet.thread_pool.work_item.count ({work_item} / 1 sec),Rate,601
09/10/2026 13:12:09,System.Runtime,dotnet.process.memory.working_set (By),Metric,79314944
09/10/2026 13:12:09,System.Runtime,dotnet.thread_pool.thread.count ({thread} / 1 sec),Rate,0
09/10/2026 13:12:09,System.Runtime,dotnet.jit.compilation.time (s / 1 sec),Rate,0
09/10/2026 13:12:10,System.Runtime,dotnet.jit.compiled_il.size (By / 1 sec),Rate,0
09/10/2026 13:12:10,System.Runtime,dotnet.jit.compiled_methods ({method} / 1 sec),Rate,0
09/10/2026 13:12:10,System.Runtime,dotnet.monitor.lock_contentions ({contention} / 1 sec),Rate,0
09/10/2026 13:12:10,System.Runtime,dotnet.gc.collections ({collection} / 1 sec)[gc.heap.generation=gen0],Rate,0
09/10/2026 13:12:10,System.Runtime,dotnet.gc.collections ({collection} / 1 sec)[gc.heap.generation=gen1],Rate,0
09/10/2026 13:12:10,System.Runtime,dotnet.gc.collections ({collection} / 1 sec)[gc.heap.generation=gen2],Rate,0
09/10/2026 13:12:10,System.Runtime,dotnet.process.cpu.time (s / 1 sec)[cpu.mode=system],Rate,0.033823999999999854
09/10/2026 13:12:10,System.Runtime,dotnet.process.cpu.time (s / 1 sec)[cpu.mode=user],Rate,0.5680779999999999
09/10/2026 13:12:10,System.Runtime,dotnet.process.cpu.count ({cpu}),Metric,15
09/10/2026 13:12:10,System.Runtime,dotnet.gc.pause.time (s / 1 sec),Rate,0
09/10/2026 13:12:10,System.Runtime,dotnet.thread_pool.queue.length ({work_item} / 1 sec),Rate,0
09/10/2026 13:12:10,System.Runtime,dotnet.gc.last_collection.memory.committed_size (By),Metric,0
09/10/2026 13:12:10,System.Runtime,dotnet.gc.last_collection.heap.fragmentation.size (By)[gc.heap.generation=gen0],Metric,0
09/10/2026 13:12:10,System.Runtime,dotnet.gc.last_collection.heap.fragmentation.size (By)[gc.heap.generation=gen2],Metric,0
09/10/2026 13:12:10,System.Runtime,dotnet.gc.last_collection.heap.fragmentation.size (By)[gc.heap.generation=gen1],Metric,0
09/10/2026 13:12:10,System.Runtime,dotnet.gc.last_collection.heap.fragmentation.size (By)[gc.heap.generation=loh],Metric,0
09/10/2026 13:12:10,System.Runtime,dotnet.gc.last_collection.heap.fragmentation.size (By)[gc.heap.generation=poh],Metric,0
09/10/2026 13:12:10,System.Runtime,dotnet.timer.count ({timer}),Metric,2
09/10/2026 13:12:10,System.Runtime,dotnet.assembly.count ({assembly}),Metric,61
09/10/2026 13:12:10,System.Runtime,dotnet.gc.heap.total_allocated (By / 1 sec),Rate,131200
09/10/2026 13:12:10,System.Runtime,dotnet.gc.last_collection.heap.size (By)[gc.heap.generation=gen0],Metric,0
09/10/2026 13:12:10,System.Runtime,dotnet.gc.last_collection.heap.size (By)[gc.heap.generation=gen2],Metric,0
09/10/2026 13:12:10,System.Runtime,dotnet.gc.last_collection.heap.size (By)[gc.heap.generation=gen1],Metric,0
09/10/2026 13:12:10,System.Runtime,dotnet.gc.last_collection.heap.size (By)[gc.heap.generation=loh],Metric,0
09/10/2026 13:12:10,System.Runtime,dotnet.gc.last_collection.heap.size (By)[gc.heap.generation=poh],Metric,0
09/10/2026 13:12:10,System.Runtime,dotnet.thread_pool.work_item.count ({work_item} / 1 sec),Rate,601
09/10/2026 13:12:10,System.Runtime,dotnet.process.memory.working_set (By),Metric,79478784
09/10/2026 13:12:10,System.Runtime,dotnet.thread_pool.thread.count ({thread} / 1 sec),Rate,0
09/10/2026 13:12:10,System.Runtime,dotnet.jit.compilation.time (s / 1 sec),Rate,0
09/10/2026 13:12:11,System.Runtime,dotnet.jit.compiled_il.size (By / 1 sec),Rate,0
09/10/2026 13:12:11,System.Runtime,dotnet.jit.compiled_methods ({method} / 1 sec),Rate,0
09/10/2026 13:12:11,System.Runtime,dotnet.monitor.lock_contentions ({contention} / 1 sec),Rate,0
09/10/2026 13:12:11,System.Runtime,dotnet.gc.collections ({collection} / 1 sec)[gc.heap.generation=gen0],Rate,0
09/10/2026 13:12:11,System.Runtime,dotnet.gc.collections ({collection} / 1 sec)[gc.heap.generation=gen1],Rate,0
09/10/2026 13:12:11,System.Runtime,dotnet.gc.collections ({collection} / 1 sec)[gc.heap.generation=gen2],Rate,0
09/10/2026 13:12:11,System.Runtime,dotnet.process.cpu.time (s / 1 sec)[cpu.mode=system],Rate,0.03360099999999999
09/10/2026 13:12:11,System.Runtime,dotnet.process.cpu.time (s / 1 sec)[cpu.mode=user],Rate,0.5696769999999987
09/10/2026 13:12:11,System.Runtime,dotnet.process.cpu.count ({cpu}),Metric,15
09/10/2026 13:12:11,System.Runtime,dotnet.gc.pause.time (s / 1 sec),Rate,0
09/10/2026 13:12:11,System.Runtime,dotnet.thread_pool.queue.length ({work_item} / 1 sec),Rate,0
09/10/2026 13:12:11,System.Runtime,dotnet.gc.last_collection.memory.committed_size (By),Metric,0
09/10/2026 13:12:11,System.Runtime,dotnet.gc.last_collection.heap.fragmentation.size (By)[gc.heap.generation=gen0],Metric,0
09/10/2026 13:12:11,System.Runtime,dotnet.gc.last_collection.heap.fragmentation.size (By)[gc.heap.generation=gen2],Metric,0
09/10/2026 13:12:11,System.Runtime,dotnet.gc.last_collection.heap.fragmentation.size (By)[gc.heap.generation=gen1],Metric,0
09/10/2026 13:12:11,System.Runtime,dotnet.gc.last_collection.heap.fragmentation.size (By)[gc.heap.generation=loh],Metric,0
09/10/2026 13:12:11,System.Runtime,dotnet.gc.last_collection.heap.fragmentation.size (By)[gc.heap.generation=poh],Metric,0
09/10/2026 13:12:11,System.Runtime,dotnet.timer.count ({timer}),Metric,2
09/10/2026 13:12:11,System.Runtime,dotnet.assembly.count ({assembly}),Metric,61
09/10/2026 13:12:11,System.Runtime,dotnet.gc.heap.total_allocated (By / 1 sec),Rate,138376
09/10/2026 13:12:11,System.Runtime,dotnet.gc.last_collection.heap.size (By)[gc.heap.generation=gen0],Metric,0
09/10/2026 13:12:11,System.Runtime,dotnet.gc.last_collection.heap.size (By)[gc.heap.generation=gen2],Metric,0
09/10/2026 13:12:11,System.Runtime,dotnet.gc.last_collection.heap.size (By)[gc.heap.generation=gen1],Metric,0
09/10/2026 13:12:11,System.Runtime,dotnet.gc.last_collection.heap.size (By)[gc.heap.generation=loh],Metric,0
09/10/2026 13:12:11,System.Runtime,dotnet.gc.last_collection.heap.size (By)[gc.heap.generation=poh],Metric,0
09/10/2026 13:12:11,System.Runtime,dotnet.thread_pool.work_item.count ({work_item} / 1 sec),Rate,601
09/10/2026 13:12:11,System.Runtime,dotnet.process.memory.working_set (By),Metric,79626240
09/10/2026 13:12:11,System.Runtime,dotnet.thread_pool.thread.count ({thread} / 1 sec),Rate,0
09/10/2026 13:12:11,System.Runtime,dotnet.jit.compilation.time (s / 1 sec),Rate,0
09/10/2026 13:12:12,System.Runtime,dotnet.jit.compiled_il.size (By / 1 sec),Rate,63
09/10/2026 13:12:12,System.Runtime,dotnet.jit.compiled_methods ({method} / 1 sec),Rate,1
09/10/2026 13:12:12,System.Runtime,dotnet.monitor.lock_contentions ({contention} / 1 sec),Rate,0
09/10/2026 13:12:12,System.Runtime,dotnet.gc.collections ({collection} / 1 sec)[gc.heap.generation=gen0],Rate,0
09/10/2026 13:12:12,System.Runtime,dotnet.gc.collections ({collection} / 1 sec)[gc.heap.generation=gen1],Rate,0
09/10/2026 13:12:12,System.Runtime,dotnet.gc.collections ({collection} / 1 sec)[gc.heap.generation=gen2],Rate,0
09/10/2026 13:12:12,System.Runtime,dotnet.process.cpu.time (s / 1 sec)[cpu.mode=system],Rate,0.03412000000000015
09/10/2026 13:12:12,System.Runtime,dotnet.process.cpu.time (s / 1 sec)[cpu.mode=user],Rate,0.5688460000000006
09/10/2026 13:12:12,System.Runtime,dotnet.process.cpu.count ({cpu}),Metric,15
09/10/2026 13:12:12,System.Runtime,dotnet.gc.pause.time (s / 1 sec),Rate,0
09/10/2026 13:12:12,System.Runtime,dotnet.thread_pool.queue.length ({work_item} / 1 sec),Rate,0
09/10/2026 13:12:12,System.Runtime,dotnet.gc.last_collection.memory.committed_size (By),Metric,0
09/10/2026 13:12:12,System.Runtime,dotnet.gc.last_collection.heap.fragmentation.size (By)[gc.heap.generation=gen0],Metric,0
09/10/2026 13:12:12,System.Runtime,dotnet.gc.last_collection.heap.fragmentation.size (By)[gc.heap.generation=gen2],Metric,0
09/10/2026 13:12:12,System.Runtime,dotnet.gc.last_collection.heap.fragmentation.size (By)[gc.heap.generation=gen1],Metric,0
09/10/2026 13:12:12,System.Runtime,dotnet.gc.last_collection.heap.fragmentation.size (By)[gc.heap.generation=loh],Metric,0
09/10/2026 13:12:12,System.Runtime,dotnet.gc.last_collection.heap.fragmentation.size (By)[gc.heap.generation=poh],Metric,0
09/10/2026 13:12:12,System.Runtime,dotnet.timer.count ({timer}),Metric,2
09/10/2026 13:12:12,System.Runtime,dotnet.assembly.count ({assembly}),Metric,61
09/10/2026 13:12:12,System.Runtime,dotnet.gc.heap.total_allocated (By / 1 sec),Rate,132288
09/10/2026 13:12:12,System.Runtime,dotnet.gc.last_collection.heap.size (By)[gc.heap.generation=gen0],Metric,0
09/10/2026 13:12:12,System.Runtime,dotnet.gc.last_collection.heap.size (By)[gc.heap.generation=gen2],Metric,0
09/10/2026 13:12:12,System.Runtime,dotnet.gc.last_collection.heap.size (By)[gc.heap.generation=gen1],Metric,0
09/10/2026 13:12:12,System.Runtime,dotnet.gc.last_collection.heap.size (By)[gc.heap.generation=loh],Metric,0
09/10/2026 13:12:12,System.Runtime,dotnet.gc.last_collection.heap.size (By)[gc.heap.generation=poh],Metric,0
09/10/2026 13:12:12,System.Runtime,dotnet.thread_pool.work_item.count ({work_item} / 1 sec),Rate,601
09/10/2026 13:12:12,System.Runtime,dotnet.process.memory.working_set (By),Metric,79740928
09/10/2026 13:12:12,System.Runtime,dotnet.thread_pool.thread.count ({thread} / 1 sec),Rate,0
09/10/2026 13:12:12,System.Runtime,dotnet.jit.compilation.time (s / 1 sec),Rate,0.00023460000000002923
09/10/2026 13:12:13,System.Runtime,dotnet.jit.compiled_il.size (By / 1 sec),Rate,2806
09/10/2026 13:12:13,System.Runtime,dotnet.jit.compiled_methods ({method} / 1 sec),Rate,20
09/10/2026 13:12:13,System.Runtime,dotnet.monitor.lock_contentions ({contention} / 1 sec),Rate,0
09/10/2026 13:12:13,System.Runtime,dotnet.gc.collections ({collection} / 1 sec)[gc.heap.generation=gen0],Rate,0
09/10/2026 13:12:13,System.Runtime,dotnet.gc.collections ({collection} / 1 sec)[gc.heap.generation=gen1],Rate,0
09/10/2026 13:12:13,System.Runtime,dotnet.gc.collections ({collection} / 1 sec)[gc.heap.generation=gen2],Rate,0
09/10/2026 13:12:13,System.Runtime,dotnet.process.cpu.time (s / 1 sec)[cpu.mode=system],Rate,0.03315000000000001
09/10/2026 13:12:13,System.Runtime,dotnet.process.cpu.time (s / 1 sec)[cpu.mode=user],Rate,0.573754000000001
09/10/2026 13:12:13,System.Runtime,dotnet.process.cpu.count ({cpu}),Metric,15
09/10/2026 13:12:13,System.Runtime,dotnet.gc.pause.time (s / 1 sec),Rate,0
09/10/2026 13:12:13,System.Runtime,dotnet.thread_pool.queue.length ({work_item} / 1 sec),Rate,0
09/10/2026 13:12:13,System.Runtime,dotnet.gc.last_collection.memory.committed_size (By),Metric,0
09/10/2026 13:12:13,System.Runtime,dotnet.gc.last_collection.heap.fragmentation.size (By)[gc.heap.generation=gen0],Metric,0
09/10/2026 13:12:13,System.Runtime,dotnet.gc.last_collection.heap.fragmentation.size (By)[gc.heap.generation=gen2],Metric,0
09/10/2026 13:12:13,System.Runtime,dotnet.gc.last_collection.heap.fragmentation.size (By)[gc.heap.generation=gen1],Metric,0
09/10/2026 13:12:13,System.Runtime,dotnet.gc.last_collection.heap.fragmentation.size (By)[gc.heap.generation=loh],Metric,0
09/10/2026 13:12:13,System.Runtime,dotnet.gc.last_collection.heap.fragmentation.size (By)[gc.heap.generation=poh],Metric,0
09/10/2026 13:12:13,System.Runtime,dotnet.timer.count ({timer}),Metric,2
09/10/2026 13:12:13,System.Runtime,dotnet.assembly.count ({assembly}),Metric,61
09/10/2026 13:12:13,System.Runtime,dotnet.gc.heap.total_allocated (By / 1 sec),Rate,138360
09/10/2026 13:12:13,System.Runtime,dotnet.gc.last_collection.heap.size (By)[gc.heap.generation=gen0],Metric,0
09/10/2026 13:12:13,System.Runtime,dotnet.gc.last_collection.heap.size (By)[gc.heap.generation=gen2],Metric,0
09/10/2026 13:12:13,System.Runtime,dotnet.gc.last_collection.heap.size (By)[gc.heap.generation=gen1],Metric,0
09/10/2026 13:12:13,System.Runtime,dotnet.gc.last_collection.heap.size (By)[gc.heap.generation=loh],Metric,0
09/10/2026 13:12:13,System.Runtime,dotnet.gc.last_collection.heap.size (By)[gc.heap.generation=poh],Metric,0
09/10/2026 13:12:13,System.Runtime,dotnet.thread_pool.work_item.count ({work_item} / 1 sec),Rate,602
09/10/2026 13:12:13,System.Runtime,dotnet.process.memory.working_set (By),Metric,79921152
09/10/2026 13:12:13,System.Runtime,dotnet.thread_pool.thread.count ({thread} / 1 sec),Rate,0
09/10/2026 13:12:13,System.Runtime,dotnet.jit.compilation.time (s / 1 sec),Rate,0.00478769999999995
09/10/2026 13:12:14,System.Runtime,dotnet.jit.compiled_il.size (By / 1 sec),Rate,939
09/10/2026 13:12:14,System.Runtime,dotnet.jit.compiled_methods ({method} / 1 sec),Rate,29
09/10/2026 13:12:14,System.Runtime,dotnet.monitor.lock_contentions ({contention} / 1 sec),Rate,0
09/10/2026 13:12:14,System.Runtime,dotnet.gc.collections ({collection} / 1 sec)[gc.heap.generation=gen0],Rate,0
09/10/2026 13:12:14,System.Runtime,dotnet.gc.collections ({collection} / 1 sec)[gc.heap.generation=gen1],Rate,0
09/10/2026 13:12:14,System.Runtime,dotnet.gc.collections ({collection} / 1 sec)[gc.heap.generation=gen2],Rate,0
09/10/2026 13:12:14,System.Runtime,dotnet.process.cpu.time (s / 1 sec)[cpu.mode=system],Rate,0.03514200000000001
09/10/2026 13:12:14,System.Runtime,dotnet.process.cpu.time (s / 1 sec)[cpu.mode=user],Rate,0.5710079999999991
09/10/2026 13:12:14,System.Runtime,dotnet.process.cpu.count ({cpu}),Metric,15
09/10/2026 13:12:14,System.Runtime,dotnet.gc.pause.time (s / 1 sec),Rate,0
09/10/2026 13:12:14,System.Runtime,dotnet.thread_pool.queue.length ({work_item} / 1 sec),Rate,0
09/10/2026 13:12:14,System.Runtime,dotnet.gc.last_collection.memory.committed_size (By),Metric,0
09/10/2026 13:12:14,System.Runtime,dotnet.gc.last_collection.heap.fragmentation.size (By)[gc.heap.generation=gen0],Metric,0
09/10/2026 13:12:14,System.Runtime,dotnet.gc.last_collection.heap.fragmentation.size (By)[gc.heap.generation=gen2],Metric,0
09/10/2026 13:12:14,System.Runtime,dotnet.gc.last_collection.heap.fragmentation.size (By)[gc.heap.generation=gen1],Metric,0
09/10/2026 13:12:14,System.Runtime,dotnet.gc.last_collection.heap.fragmentation.size (By)[gc.heap.generation=loh],Metric,0
09/10/2026 13:12:14,System.Runtime,dotnet.gc.last_collection.heap.fragmentation.size (By)[gc.heap.generation=poh],Metric,0
09/10/2026 13:12:14,System.Runtime,dotnet.timer.count ({timer}),Metric,2
09/10/2026 13:12:14,System.Runtime,dotnet.assembly.count ({assembly}),Metric,61
09/10/2026 13:12:14,System.Runtime,dotnet.gc.heap.total_allocated (By / 1 sec),Rate,139304
09/10/2026 13:12:14,System.Runtime,dotnet.gc.last_collection.heap.size (By)[gc.heap.generation=gen0],Metric,0
09/10/2026 13:12:14,System.Runtime,dotnet.gc.last_collection.heap.size (By)[gc.heap.generation=gen2],Metric,0
09/10/2026 13:12:14,System.Runtime,dotnet.gc.last_collection.heap.size (By)[gc.heap.generation=gen1],Metric,0
09/10/2026 13:12:14,System.Runtime,dotnet.gc.last_collection.heap.size (By)[gc.heap.generation=loh],Metric,0
09/10/2026 13:12:14,System.Runtime,dotnet.gc.last_collection.heap.size (By)[gc.heap.generation=poh],Metric,0
09/10/2026 13:12:14,System.Runtime,dotnet.thread_pool.work_item.count ({work_item} / 1 sec),Rate,601
09/10/2026 13:12:14,System.Runtime,dotnet.process.memory.working_set (By),Metric,80117760
09/10/2026 13:12:14,System.Runtime,dotnet.thread_pool.thread.count ({thread} / 1 sec),Rate,0
09/10/2026 13:12:14,System.Runtime,dotnet.jit.compilation.time (s / 1 sec),Rate,0.002658000000000049
09/10/2026 13:12:15,System.Runtime,dotnet.jit.compiled_il.size (By / 1 sec),Rate,1965
09/10/2026 13:12:15,System.Runtime,dotnet.jit.compiled_methods ({method} / 1 sec),Rate,49
09/10/2026 13:12:15,System.Runtime,dotnet.monitor.lock_contentions ({contention} / 1 sec),Rate,0
09/10/2026 13:12:15,System.Runtime,dotnet.gc.collections ({collection} / 1 sec)[gc.heap.generation=gen0],Rate,0
09/10/2026 13:12:15,System.Runtime,dotnet.gc.collections ({collection} / 1 sec)[gc.heap.generation=gen1],Rate,0
09/10/2026 13:12:15,System.Runtime,dotnet.gc.collections ({collection} / 1 sec)[gc.heap.generation=gen2],Rate,0
09/10/2026 13:12:15,System.Runtime,dotnet.process.cpu.time (s / 1 sec)[cpu.mode=system],Rate,0.03427699999999989
09/10/2026 13:12:15,System.Runtime,dotnet.process.cpu.time (s / 1 sec)[cpu.mode=user],Rate,0.5737070000000024
09/10/2026 13:12:15,System.Runtime,dotnet.process.cpu.count ({cpu}),Metric,15
09/10/2026 13:12:15,System.Runtime,dotnet.gc.pause.time (s / 1 sec),Rate,0
09/10/2026 13:12:15,System.Runtime,dotnet.thread_pool.queue.length ({work_item} / 1 sec),Rate,0
09/10/2026 13:12:15,System.Runtime,dotnet.gc.last_collection.memory.committed_size (By),Metric,0
09/10/2026 13:12:15,System.Runtime,dotnet.gc.last_collection.heap.fragmentation.size (By)[gc.heap.generation=gen0],Metric,0
09/10/2026 13:12:15,System.Runtime,dotnet.gc.last_collection.heap.fragmentation.size (By)[gc.heap.generation=gen2],Metric,0
09/10/2026 13:12:15,System.Runtime,dotnet.gc.last_collection.heap.fragmentation.size (By)[gc.heap.generation=gen1],Metric,0
09/10/2026 13:12:15,System.Runtime,dotnet.gc.last_collection.heap.fragmentation.size (By)[gc.heap.generation=loh],Metric,0
09/10/2026 13:12:15,System.Runtime,dotnet.gc.last_collection.heap.fragmentation.size (By)[gc.heap.generation=poh],Metric,0
09/10/2026 13:12:15,System.Runtime,dotnet.timer.count ({timer}),Metric,2
09/10/2026 13:12:15,System.Runtime,dotnet.assembly.count ({assembly}),Metric,61
09/10/2026 13:12:15,System.Runtime,dotnet.gc.heap.total_allocated (By / 1 sec),Rate,130176
09/10/2026 13:12:15,System.Runtime,dotnet.gc.last_collection.heap.size (By)[gc.heap.generation=gen0],Metric,0
09/10/2026 13:12:15,System.Runtime,dotnet.gc.last_collection.heap.size (By)[gc.heap.generation=gen2],Metric,0
09/10/2026 13:12:15,System.Runtime,dotnet.gc.last_collection.heap.size (By)[gc.heap.generation=gen1],Metric,0
09/10/2026 13:12:15,System.Runtime,dotnet.gc.last_collection.heap.size (By)[gc.heap.generation=loh],Metric,0
09/10/2026 13:12:15,System.Runtime,dotnet.gc.last_collection.heap.size (By)[gc.heap.generation=poh],Metric,0
09/10/2026 13:12:15,System.Runtime,dotnet.thread_pool.work_item.count ({work_item} / 1 sec),Rate,601
09/10/2026 13:12:15,System.Runtime,dotnet.process.memory.working_set (By),Metric,80314368
09/10/2026 13:12:15,System.Runtime,dotnet.thread_pool.thread.count ({thread} / 1 sec),Rate,0
09/10/2026 13:12:15,System.Runtime,dotnet.jit.compilation.time (s / 1 sec),Rate,0.004097599999999979
09/10/2026 13:12:16,System.Runtime,dotnet.jit.compiled_il.size (By / 1 sec),Rate,0
09/10/2026 13:12:16,System.Runtime,dotnet.jit.compiled_methods ({method} / 1 sec),Rate,0
09/10/2026 13:12:16,System.Runtime,dotnet.monitor.lock_contentions ({contention} / 1 sec),Rate,0
09/10/2026 13:12:16,System.Runtime,dotnet.gc.collections ({collection} / 1 sec)[gc.heap.generation=gen0],Rate,0
09/10/2026 13:12:16,System.Runtime,dotnet.gc.collections ({collection} / 1 sec)[gc.heap.generation=gen1],Rate,0
09/10/2026 13:12:16,System.Runtime,dotnet.gc.collections ({collection} / 1 sec)[gc.heap.generation=gen2],Rate,0
09/10/2026 13:12:16,System.Runtime,dotnet.process.cpu.time (s / 1 sec)[cpu.mode=system],Rate,0.03584699999999996
09/10/2026 13:12:16,System.Runtime,dotnet.process.cpu.time (s / 1 sec)[cpu.mode=user],Rate,0.5665629999999986
09/10/2026 13:12:16,System.Runtime,dotnet.process.cpu.count ({cpu}),Metric,15
09/10/2026 13:12:16,System.Runtime,dotnet.gc.pause.time (s / 1 sec),Rate,0
09/10/2026 13:12:16,System.Runtime,dotnet.thread_pool.queue.length ({work_item} / 1 sec),Rate,0
09/10/2026 13:12:16,System.Runtime,dotnet.gc.last_collection.memory.committed_size (By),Metric,0
09/10/2026 13:12:16,System.Runtime,dotnet.gc.last_collection.heap.fragmentation.size (By)[gc.heap.generation=gen0],Metric,0
09/10/2026 13:12:16,System.Runtime,dotnet.gc.last_collection.heap.fragmentation.size (By)[gc.heap.generation=gen2],Metric,0
09/10/2026 13:12:16,System.Runtime,dotnet.gc.last_collection.heap.fragmentation.size (By)[gc.heap.generation=gen1],Metric,0
09/10/2026 13:12:16,System.Runtime,dotnet.gc.last_collection.heap.fragmentation.size (By)[gc.heap.generation=loh],Metric,0
09/10/2026 13:12:16,System.Runtime,dotnet.gc.last_collection.heap.fragmentation.size (By)[gc.heap.generation=poh],Metric,0
09/10/2026 13:12:16,System.Runtime,dotnet.timer.count ({timer}),Metric,2
09/10/2026 13:12:16,System.Runtime,dotnet.assembly.count ({assembly}),Metric,61
09/10/2026 13:12:16,System.Runtime,dotnet.gc.heap.total_allocated (By / 1 sec),Rate,139400
09/10/2026 13:12:16,System.Runtime,dotnet.gc.last_collection.heap.size (By)[gc.heap.generation=gen0],Metric,0
09/10/2026 13:12:16,System.Runtime,dotnet.gc.last_collection.heap.size (By)[gc.heap.generation=gen2],Metric,0
09/10/2026 13:12:16,System.Runtime,dotnet.gc.last_collection.heap.size (By)[gc.heap.generation=gen1],Metric,0
09/10/2026 13:12:16,System.Runtime,dotnet.gc.last_collection.heap.size (By)[gc.heap.generation=loh],Metric,0
09/10/2026 13:12:16,System.Runtime,dotnet.gc.last_collection.heap.size (By)[gc.heap.generation=poh],Metric,0
09/10/2026 13:12:16,System.Runtime,dotnet.thread_pool.work_item.count ({work_item} / 1 sec),Rate,601
09/10/2026 13:12:16,System.Runtime,dotnet.process.memory.working_set (By),Metric,80461824
09/10/2026 13:12:16,System.Runtime,dotnet.thread_pool.thread.count ({thread} / 1 sec),Rate,0
09/10/2026 13:12:16,System.Runtime,dotnet.jit.compilation.time (s / 1 sec),Rate,0
09/10/2026 13:12:17,System.Runtime,dotnet.jit.compiled_il.size (By / 1 sec),Rate,0
09/10/2026 13:12:17,System.Runtime,dotnet.jit.compiled_methods ({method} / 1 sec),Rate,0
09/10/2026 13:12:17,System.Runtime,dotnet.monitor.lock_contentions ({contention} / 1 sec),Rate,0
09/10/2026 13:12:17,System.Runtime,dotnet.gc.collections ({collection} / 1 sec)[gc.heap.generation=gen0],Rate,0
09/10/2026 13:12:17,System.Runtime,dotnet.gc.collections ({collection} / 1 sec)[gc.heap.generation=gen1],Rate,0
09/10/2026 13:12:17,System.Runtime,dotnet.gc.collections ({collection} / 1 sec)[gc.heap.generation=gen2],Rate,0
09/10/2026 13:12:17,System.Runtime,dotnet.process.cpu.time (s / 1 sec)[cpu.mode=system],Rate,0.03433299999999995
09/10/2026 13:12:17,System.Runtime,dotnet.process.cpu.time (s / 1 sec)[cpu.mode=user],Rate,0.5693219999999997
09/10/2026 13:12:17,System.Runtime,dotnet.process.cpu.count ({cpu}),Metric,15
09/10/2026 13:12:17,System.Runtime,dotnet.gc.pause.time (s / 1 sec),Rate,0
09/10/2026 13:12:17,System.Runtime,dotnet.thread_pool.queue.length ({work_item} / 1 sec),Rate,0
09/10/2026 13:12:17,System.Runtime,dotnet.gc.last_collection.memory.committed_size (By),Metric,0
09/10/2026 13:12:17,System.Runtime,dotnet.gc.last_collection.heap.fragmentation.size (By)[gc.heap.generation=gen0],Metric,0
09/10/2026 13:12:17,System.Runtime,dotnet.gc.last_collection.heap.fragmentation.size (By)[gc.heap.generation=gen2],Metric,0
09/10/2026 13:12:17,System.Runtime,dotnet.gc.last_collection.heap.fragmentation.size (By)[gc.heap.generation=gen1],Metric,0
09/10/2026 13:12:17,System.Runtime,dotnet.gc.last_collection.heap.fragmentation.size (By)[gc.heap.generation=loh],Metric,0
09/10/2026 13:12:17,System.Runtime,dotnet.gc.last_collection.heap.fragmentation.size (By)[gc.heap.generation=poh],Metric,0
09/10/2026 13:12:17,System.Runtime,dotnet.timer.count ({timer}),Metric,2
09/10/2026 13:12:17,System.Runtime,dotnet.assembly.count ({assembly}),Metric,61
09/10/2026 13:12:17,System.Runtime,dotnet.gc.heap.total_allocated (By / 1 sec),Rate,130176
09/10/2026 13:12:17,System.Runtime,dotnet.gc.last_collection.heap.size (By)[gc.heap.generation=gen0],Metric,0
09/10/2026 13:12:17,System.Runtime,dotnet.gc.last_collection.heap.size (By)[gc.heap.generation=gen2],Metric,0
09/10/2026 13:12:17,System.Runtime,dotnet.gc.last_collection.heap.size (By)[gc.heap.generation=gen1],Metric,0
09/10/2026 13:12:17,System.Runtime,dotnet.gc.last_collection.heap.size (By)[gc.heap.generation=loh],Metric,0
09/10/2026 13:12:17,System.Runtime,dotnet.gc.last_collection.heap.size (By)[gc.heap.generation=poh],Metric,0
09/10/2026 13:12:17,System.Runtime,dotnet.thread_pool.work_item.count ({work_item} / 1 sec),Rate,601
09/10/2026 13:12:17,System.Runtime,dotnet.process.memory.working_set (By),Metric,80592896
09/10/2026 13:12:17,System.Runtime,dotnet.thread_pool.thread.count ({thread} / 1 sec),Rate,0
09/10/2026 13:12:17,System.Runtime,dotnet.jit.compilation.time (s / 1 sec),Rate,0
09/10/2026 13:12:18,System.Runtime,dotnet.jit.compiled_il.size (By / 1 sec),Rate,158
09/10/2026 13:12:18,System.Runtime,dotnet.jit.compiled_methods ({method} / 1 sec),Rate,8
09/10/2026 13:12:18,System.Runtime,dotnet.monitor.lock_contentions ({contention} / 1 sec),Rate,0
09/10/2026 13:12:18,System.Runtime,dotnet.gc.collections ({collection} / 1 sec)[gc.heap.generation=gen0],Rate,0
09/10/2026 13:12:18,System.Runtime,dotnet.gc.collections ({collection} / 1 sec)[gc.heap.generation=gen1],Rate,0
09/10/2026 13:12:18,System.Runtime,dotnet.gc.collections ({collection} / 1 sec)[gc.heap.generation=gen2],Rate,0
09/10/2026 13:12:18,System.Runtime,dotnet.process.cpu.time (s / 1 sec)[cpu.mode=system],Rate,0.03340600000000005
09/10/2026 13:12:18,System.Runtime,dotnet.process.cpu.time (s / 1 sec)[cpu.mode=user],Rate,0.5727440000000001
09/10/2026 13:12:18,System.Runtime,dotnet.process.cpu.count ({cpu}),Metric,15
09/10/2026 13:12:18,System.Runtime,dotnet.gc.pause.time (s / 1 sec),Rate,0
09/10/2026 13:12:18,System.Runtime,dotnet.thread_pool.queue.length ({work_item} / 1 sec),Rate,0
09/10/2026 13:12:18,System.Runtime,dotnet.gc.last_collection.memory.committed_size (By),Metric,0
09/10/2026 13:12:18,System.Runtime,dotnet.gc.last_collection.heap.fragmentation.size (By)[gc.heap.generation=gen0],Metric,0
09/10/2026 13:12:18,System.Runtime,dotnet.gc.last_collection.heap.fragmentation.size (By)[gc.heap.generation=gen2],Metric,0
09/10/2026 13:12:18,System.Runtime,dotnet.gc.last_collection.heap.fragmentation.size (By)[gc.heap.generation=gen1],Metric,0
09/10/2026 13:12:18,System.Runtime,dotnet.gc.last_collection.heap.fragmentation.size (By)[gc.heap.generation=loh],Metric,0
09/10/2026 13:12:18,System.Runtime,dotnet.gc.last_collection.heap.fragmentation.size (By)[gc.heap.generation=poh],Metric,0
09/10/2026 13:12:18,System.Runtime,dotnet.timer.count ({timer}),Metric,2
09/10/2026 13:12:18,System.Runtime,dotnet.assembly.count ({assembly}),Metric,61
09/10/2026 13:12:18,System.Runtime,dotnet.gc.heap.total_allocated (By / 1 sec),Rate,147560
09/10/2026 13:12:18,System.Runtime,dotnet.gc.last_collection.heap.size (By)[gc.heap.generation=gen0],Metric,0
09/10/2026 13:12:18,System.Runtime,dotnet.gc.last_collection.heap.size (By)[gc.heap.generation=gen2],Metric,0
09/10/2026 13:12:18,System.Runtime,dotnet.gc.last_collection.heap.size (By)[gc.heap.generation=gen1],Metric,0
09/10/2026 13:12:18,System.Runtime,dotnet.gc.last_collection.heap.size (By)[gc.heap.generation=loh],Metric,0
09/10/2026 13:12:18,System.Runtime,dotnet.gc.last_collection.heap.size (By)[gc.heap.generation=poh],Metric,0
09/10/2026 13:12:18,System.Runtime,dotnet.thread_pool.work_item.count ({work_item} / 1 sec),Rate,602
09/10/2026 13:12:18,System.Runtime,dotnet.process.memory.working_set (By),Metric,80789504
09/10/2026 13:12:18,System.Runtime,dotnet.thread_pool.thread.count ({thread} / 1 sec),Rate,0
09/10/2026 13:12:18,System.Runtime,dotnet.jit.compilation.time (s / 1 sec),Rate,0.0008654000000000162
09/10/2026 13:12:19,System.Runtime,dotnet.jit.compiled_il.size (By / 1 sec),Rate,0
09/10/2026 13:12:19,System.Runtime,dotnet.jit.compiled_methods ({method} / 1 sec),Rate,0
09/10/2026 13:12:19,System.Runtime,dotnet.monitor.lock_contentions ({contention} / 1 sec),Rate,0
09/10/2026 13:12:19,System.Runtime,dotnet.gc.collections ({collection} / 1 sec)[gc.heap.generation=gen0],Rate,0
09/10/2026 13:12:19,System.Runtime,dotnet.gc.collections ({collection} / 1 sec)[gc.heap.generation=gen1],Rate,0
09/10/2026 13:12:19,System.Runtime,dotnet.gc.collections ({collection} / 1 sec)[gc.heap.generation=gen2],Rate,0
09/10/2026 13:12:19,System.Runtime,dotnet.process.cpu.time (s / 1 sec)[cpu.mode=system],Rate,0.030866999999999978
09/10/2026 13:12:19,System.Runtime,dotnet.process.cpu.time (s / 1 sec)[cpu.mode=user],Rate,0.5704850000000015
09/10/2026 13:12:19,System.Runtime,dotnet.process.cpu.count ({cpu}),Metric,15
09/10/2026 13:12:19,System.Runtime,dotnet.gc.pause.time (s / 1 sec),Rate,0
09/10/2026 13:12:19,System.Runtime,dotnet.thread_pool.queue.length ({work_item} / 1 sec),Rate,0
09/10/2026 13:12:19,System.Runtime,dotnet.gc.last_collection.memory.committed_size (By),Metric,0
09/10/2026 13:12:19,System.Runtime,dotnet.gc.last_collection.heap.fragmentation.size (By)[gc.heap.generation=gen0],Metric,0
09/10/2026 13:12:19,System.Runtime,dotnet.gc.last_collection.heap.fragmentation.size (By)[gc.heap.generation=gen2],Metric,0
09/10/2026 13:12:19,System.Runtime,dotnet.gc.last_collection.heap.fragmentation.size (By)[gc.heap.generation=gen1],Metric,0
09/10/2026 13:12:19,System.Runtime,dotnet.gc.last_collection.heap.fragmentation.size (By)[gc.heap.generation=loh],Metric,0
09/10/2026 13:12:19,System.Runtime,dotnet.gc.last_collection.heap.fragmentation.size (By)[gc.heap.generation=poh],Metric,0
09/10/2026 13:12:19,System.Runtime,dotnet.timer.count ({timer}),Metric,2
09/10/2026 13:12:19,System.Runtime,dotnet.assembly.count ({assembly}),Metric,61
09/10/2026 13:12:19,System.Runtime,dotnet.gc.heap.total_allocated (By / 1 sec),Rate,121904
09/10/2026 13:12:19,System.Runtime,dotnet.gc.last_collection.heap.size (By)[gc.heap.generation=gen0],Metric,0
09/10/2026 13:12:19,System.Runtime,dotnet.gc.last_collection.heap.size (By)[gc.heap.generation=gen2],Metric,0
09/10/2026 13:12:19,System.Runtime,dotnet.gc.last_collection.heap.size (By)[gc.heap.generation=gen1],Metric,0
09/10/2026 13:12:19,System.Runtime,dotnet.gc.last_collection.heap.size (By)[gc.heap.generation=loh],Metric,0
09/10/2026 13:12:19,System.Runtime,dotnet.gc.last_collection.heap.size (By)[gc.heap.generation=poh],Metric,0
09/10/2026 13:12:19,System.Runtime,dotnet.thread_pool.work_item.count ({work_item} / 1 sec),Rate,601
09/10/2026 13:12:19,System.Runtime,dotnet.process.memory.working_set (By),Metric,80920576
09/10/2026 13:12:19,System.Runtime,dotnet.thread_pool.thread.count ({thread} / 1 sec),Rate,0
09/10/2026 13:12:19,System.Runtime,dotnet.jit.compilation.time (s / 1 sec),Rate,0
09/10/2026 13:12:20,System.Runtime,dotnet.jit.compiled_il.size (By / 1 sec),Rate,0
09/10/2026 13:12:20,System.Runtime,dotnet.jit.compiled_methods ({method} / 1 sec),Rate,0
09/10/2026 13:12:20,System.Runtime,dotnet.monitor.lock_contentions ({contention} / 1 sec),Rate,0
09/10/2026 13:12:20,System.Runtime,dotnet.gc.collections ({collection} / 1 sec)[gc.heap.generation=gen0],Rate,0
09/10/2026 13:12:20,System.Runtime,dotnet.gc.collections ({collection} / 1 sec)[gc.heap.generation=gen1],Rate,0
09/10/2026 13:12:20,System.Runtime,dotnet.gc.collections ({collection} / 1 sec)[gc.heap.generation=gen2],Rate,0
09/10/2026 13:12:20,System.Runtime,dotnet.process.cpu.time (s / 1 sec)[cpu.mode=system],Rate,0.033930000000000016
09/10/2026 13:12:20,System.Runtime,dotnet.process.cpu.time (s / 1 sec)[cpu.mode=user],Rate,0.5699089999999991
09/10/2026 13:12:20,System.Runtime,dotnet.process.cpu.count ({cpu}),Metric,15
09/10/2026 13:12:20,System.Runtime,dotnet.gc.pause.time (s / 1 sec),Rate,0
09/10/2026 13:12:20,System.Runtime,dotnet.thread_pool.queue.length ({work_item} / 1 sec),Rate,0
09/10/2026 13:12:20,System.Runtime,dotnet.gc.last_collection.memory.committed_size (By),Metric,0
09/10/2026 13:12:20,System.Runtime,dotnet.gc.last_collection.heap.fragmentation.size (By)[gc.heap.generation=gen0],Metric,0
09/10/2026 13:12:20,System.Runtime,dotnet.gc.last_collection.heap.fragmentation.size (By)[gc.heap.generation=gen2],Metric,0
09/10/2026 13:12:20,System.Runtime,dotnet.gc.last_collection.heap.fragmentation.size (By)[gc.heap.generation=gen1],Metric,0
09/10/2026 13:12:20,System.Runtime,dotnet.gc.last_collection.heap.fragmentation.size (By)[gc.heap.generation=loh],Metric,0
09/10/2026 13:12:20,System.Runtime,dotnet.gc.last_collection.heap.fragmentation.size (By)[gc.heap.generation=poh],Metric,0
09/10/2026 13:12:20,System.Runtime,dotnet.timer.count ({timer}),Metric,2
09/10/2026 13:12:20,System.Runtime,dotnet.assembly.count ({assembly}),Metric,61
09/10/2026 13:12:20,System.Runtime,dotnet.gc.heap.total_allocated (By / 1 sec),Rate,147592
09/10/2026 13:12:20,System.Runtime,dotnet.gc.last_collection.heap.size (By)[gc.heap.generation=gen0],Metric,0
09/10/2026 13:12:20,System.Runtime,dotnet.gc.last_collection.heap.size (By)[gc.heap.generation=gen2],Metric,0
09/10/2026 13:12:20,System.Runtime,dotnet.gc.last_collection.heap.size (By)[gc.heap.generation=gen1],Metric,0
09/10/2026 13:12:20,System.Runtime,dotnet.gc.last_collection.heap.size (By)[gc.heap.generation=loh],Metric,0
09/10/2026 13:12:20,System.Runtime,dotnet.gc.last_collection.heap.size (By)[gc.heap.generation=poh],Metric,0
09/10/2026 13:12:20,System.Runtime,dotnet.thread_pool.work_item.count ({work_item} / 1 sec),Rate,601
09/10/2026 13:12:20,System.Runtime,dotnet.process.memory.working_set (By),Metric,81100800
09/10/2026 13:12:20,System.Runtime,dotnet.thread_pool.thread.count ({thread} / 1 sec),Rate,0
09/10/2026 13:12:20,System.Runtime,dotnet.jit.compilation.time (s / 1 sec),Rate,0
09/10/2026 13:12:21,System.Runtime,dotnet.jit.compiled_il.size (By / 1 sec),Rate,0
09/10/2026 13:12:21,System.Runtime,dotnet.jit.compiled_methods ({method} / 1 sec),Rate,0
09/10/2026 13:12:21,System.Runtime,dotnet.monitor.lock_contentions ({contention} / 1 sec),Rate,0
09/10/2026 13:12:21,System.Runtime,dotnet.gc.collections ({collection} / 1 sec)[gc.heap.generation=gen0],Rate,0
09/10/2026 13:12:21,System.Runtime,dotnet.gc.collections ({collection} / 1 sec)[gc.heap.generation=gen1],Rate,0
09/10/2026 13:12:21,System.Runtime,dotnet.gc.collections ({collection} / 1 sec)[gc.heap.generation=gen2],Rate,0
09/10/2026 13:12:21,System.Runtime,dotnet.process.cpu.time (s / 1 sec)[cpu.mode=system],Rate,0.034083000000000085
09/10/2026 13:12:21,System.Runtime,dotnet.process.cpu.time (s / 1 sec)[cpu.mode=user],Rate,0.5690799999999996
09/10/2026 13:12:21,System.Runtime,dotnet.process.cpu.count ({cpu}),Metric,15
09/10/2026 13:12:21,System.Runtime,dotnet.gc.pause.time (s / 1 sec),Rate,0
09/10/2026 13:12:21,System.Runtime,dotnet.thread_pool.queue.length ({work_item} / 1 sec),Rate,0
09/10/2026 13:12:21,System.Runtime,dotnet.gc.last_collection.memory.committed_size (By),Metric,0
09/10/2026 13:12:21,System.Runtime,dotnet.gc.last_collection.heap.fragmentation.size (By)[gc.heap.generation=gen0],Metric,0
09/10/2026 13:12:21,System.Runtime,dotnet.gc.last_collection.heap.fragmentation.size (By)[gc.heap.generation=gen2],Metric,0
09/10/2026 13:12:21,System.Runtime,dotnet.gc.last_collection.heap.fragmentation.size (By)[gc.heap.generation=gen1],Metric,0
09/10/2026 13:12:21,System.Runtime,dotnet.gc.last_collection.heap.fragmentation.size (By)[gc.heap.generation=loh],Metric,0
09/10/2026 13:12:21,System.Runtime,dotnet.gc.last_collection.heap.fragmentation.size (By)[gc.heap.generation=poh],Metric,0
09/10/2026 13:12:21,System.Runtime,dotnet.timer.count ({timer}),Metric,2
09/10/2026 13:12:21,System.Runtime,dotnet.assembly.count ({assembly}),Metric,61
09/10/2026 13:12:21,System.Runtime,dotnet.gc.heap.total_allocated (By / 1 sec),Rate,131200
09/10/2026 13:12:21,System.Runtime,dotnet.gc.last_collection.heap.size (By)[gc.heap.generation=gen0],Metric,0
09/10/2026 13:12:21,System.Runtime,dotnet.gc.last_collection.heap.size (By)[gc.heap.generation=gen2],Metric,0
09/10/2026 13:12:21,System.Runtime,dotnet.gc.last_collection.heap.size (By)[gc.heap.generation=gen1],Metric,0
09/10/2026 13:12:21,System.Runtime,dotnet.gc.last_collection.heap.size (By)[gc.heap.generation=loh],Metric,0
09/10/2026 13:12:21,System.Runtime,dotnet.gc.last_collection.heap.size (By)[gc.heap.generation=poh],Metric,0
09/10/2026 13:12:21,System.Runtime,dotnet.thread_pool.work_item.count ({work_item} / 1 sec),Rate,601
09/10/2026 13:12:21,System.Runtime,dotnet.process.memory.working_set (By),Metric,81248256
09/10/2026 13:12:21,System.Runtime,dotnet.thread_pool.thread.count ({thread} / 1 sec),Rate,0
09/10/2026 13:12:21,System.Runtime,dotnet.jit.compilation.time (s / 1 sec),Rate,0
09/10/2026 13:12:22,System.Runtime,dotnet.jit.compiled_il.size (By / 1 sec),Rate,0
09/10/2026 13:12:22,System.Runtime,dotnet.jit.compiled_methods ({method} / 1 sec),Rate,0
09/10/2026 13:12:22,System.Runtime,dotnet.monitor.lock_contentions ({contention} / 1 sec),Rate,0
09/10/2026 13:12:22,System.Runtime,dotnet.gc.collections ({collection} / 1 sec)[gc.heap.generation=gen0],Rate,0
09/10/2026 13:12:22,System.Runtime,dotnet.gc.collections ({collection} / 1 sec)[gc.heap.generation=gen1],Rate,0
09/10/2026 13:12:22,System.Runtime,dotnet.gc.collections ({collection} / 1 sec)[gc.heap.generation=gen2],Rate,0
09/10/2026 13:12:22,System.Runtime,dotnet.process.cpu.time (s / 1 sec)[cpu.mode=system],Rate,0.03253499999999998
09/10/2026 13:12:22,System.Runtime,dotnet.process.cpu.time (s / 1 sec)[cpu.mode=user],Rate,0.5697079999999985
09/10/2026 13:12:22,System.Runtime,dotnet.process.cpu.count ({cpu}),Metric,15
09/10/2026 13:12:22,System.Runtime,dotnet.gc.pause.time (s / 1 sec),Rate,0
09/10/2026 13:12:22,System.Runtime,dotnet.thread_pool.queue.length ({work_item} / 1 sec),Rate,0
09/10/2026 13:12:22,System.Runtime,dotnet.gc.last_collection.memory.committed_size (By),Metric,0
09/10/2026 13:12:22,System.Runtime,dotnet.gc.last_collection.heap.fragmentation.size (By)[gc.heap.generation=gen0],Metric,0
09/10/2026 13:12:22,System.Runtime,dotnet.gc.last_collection.heap.fragmentation.size (By)[gc.heap.generation=gen2],Metric,0
09/10/2026 13:12:22,System.Runtime,dotnet.gc.last_collection.heap.fragmentation.size (By)[gc.heap.generation=gen1],Metric,0
09/10/2026 13:12:22,System.Runtime,dotnet.gc.last_collection.heap.fragmentation.size (By)[gc.heap.generation=loh],Metric,0
09/10/2026 13:12:22,System.Runtime,dotnet.gc.last_collection.heap.fragmentation.size (By)[gc.heap.generation=poh],Metric,0
09/10/2026 13:12:22,System.Runtime,dotnet.timer.count ({timer}),Metric,2
09/10/2026 13:12:22,System.Runtime,dotnet.assembly.count ({assembly}),Metric,61
09/10/2026 13:12:22,System.Runtime,dotnet.gc.heap.total_allocated (By / 1 sec),Rate,130176
09/10/2026 13:12:22,System.Runtime,dotnet.gc.last_collection.heap.size (By)[gc.heap.generation=gen0],Metric,0
09/10/2026 13:12:22,System.Runtime,dotnet.gc.last_collection.heap.size (By)[gc.heap.generation=gen2],Metric,0
09/10/2026 13:12:22,System.Runtime,dotnet.gc.last_collection.heap.size (By)[gc.heap.generation=gen1],Metric,0
09/10/2026 13:12:22,System.Runtime,dotnet.gc.last_collection.heap.size (By)[gc.heap.generation=loh],Metric,0
09/10/2026 13:12:22,System.Runtime,dotnet.gc.last_collection.heap.size (By)[gc.heap.generation=poh],Metric,0
09/10/2026 13:12:22,System.Runtime,dotnet.thread_pool.work_item.count ({work_item} / 1 sec),Rate,601
09/10/2026 13:12:22,System.Runtime,dotnet.process.memory.working_set (By),Metric,81379328
09/10/2026 13:12:22,System.Runtime,dotnet.thread_pool.thread.count ({thread} / 1 sec),Rate,0
09/10/2026 13:12:22,System.Runtime,dotnet.jit.compilation.time (s / 1 sec),Rate,0
09/10/2026 13:12:23,System.Runtime,dotnet.jit.compiled_il.size (By / 1 sec),Rate,1046
09/10/2026 13:12:23,System.Runtime,dotnet.jit.compiled_methods ({method} / 1 sec),Rate,3
09/10/2026 13:12:23,System.Runtime,dotnet.monitor.lock_contentions ({contention} / 1 sec),Rate,0
09/10/2026 13:12:23,System.Runtime,dotnet.gc.collections ({collection} / 1 sec)[gc.heap.generation=gen0],Rate,0
09/10/2026 13:12:23,System.Runtime,dotnet.gc.collections ({collection} / 1 sec)[gc.heap.generation=gen1],Rate,0
09/10/2026 13:12:23,System.Runtime,dotnet.gc.collections ({collection} / 1 sec)[gc.heap.generation=gen2],Rate,0
09/10/2026 13:12:23,System.Runtime,dotnet.process.cpu.time (s / 1 sec)[cpu.mode=system],Rate,0.03395400000000004
09/10/2026 13:12:23,System.Runtime,dotnet.process.cpu.time (s / 1 sec)[cpu.mode=user],Rate,0.5707940000000029
09/10/2026 13:12:23,System.Runtime,dotnet.process.cpu.count ({cpu}),Metric,15
09/10/2026 13:12:23,System.Runtime,dotnet.gc.pause.time (s / 1 sec),Rate,0
09/10/2026 13:12:23,System.Runtime,dotnet.thread_pool.queue.length ({work_item} / 1 sec),Rate,0
09/10/2026 13:12:23,System.Runtime,dotnet.gc.last_collection.memory.committed_size (By),Metric,0
09/10/2026 13:12:23,System.Runtime,dotnet.gc.last_collection.heap.fragmentation.size (By)[gc.heap.generation=gen0],Metric,0
09/10/2026 13:12:23,System.Runtime,dotnet.gc.last_collection.heap.fragmentation.size (By)[gc.heap.generation=gen2],Metric,0
09/10/2026 13:12:23,System.Runtime,dotnet.gc.last_collection.heap.fragmentation.size (By)[gc.heap.generation=gen1],Metric,0
09/10/2026 13:12:23,System.Runtime,dotnet.gc.last_collection.heap.fragmentation.size (By)[gc.heap.generation=loh],Metric,0
09/10/2026 13:12:23,System.Runtime,dotnet.gc.last_collection.heap.fragmentation.size (By)[gc.heap.generation=poh],Metric,0
09/10/2026 13:12:23,System.Runtime,dotnet.timer.count ({timer}),Metric,2
09/10/2026 13:12:23,System.Runtime,dotnet.assembly.count ({assembly}),Metric,61
09/10/2026 13:12:23,System.Runtime,dotnet.gc.heap.total_allocated (By / 1 sec),Rate,147592
09/10/2026 13:12:23,System.Runtime,dotnet.gc.last_collection.heap.size (By)[gc.heap.generation=gen0],Metric,0
09/10/2026 13:12:23,System.Runtime,dotnet.gc.last_collection.heap.size (By)[gc.heap.generation=gen2],Metric,0
09/10/2026 13:12:23,System.Runtime,dotnet.gc.last_collection.heap.size (By)[gc.heap.generation=gen1],Metric,0
09/10/2026 13:12:23,System.Runtime,dotnet.gc.last_collection.heap.size (By)[gc.heap.generation=loh],Metric,0
09/10/2026 13:12:23,System.Runtime,dotnet.gc.last_collection.heap.size (By)[gc.heap.generation=poh],Metric,0
09/10/2026 13:12:23,System.Runtime,dotnet.thread_pool.work_item.count ({work_item} / 1 sec),Rate,602
09/10/2026 13:12:23,System.Runtime,dotnet.process.memory.working_set (By),Metric,81575936
09/10/2026 13:12:23,System.Runtime,dotnet.thread_pool.thread.count ({thread} / 1 sec),Rate,0
09/10/2026 13:12:23,System.Runtime,dotnet.jit.compilation.time (s / 1 sec),Rate,0.0011769999999999836
09/10/2026 13:12:24,System.Runtime,dotnet.jit.compiled_il.size (By / 1 sec),Rate,0
09/10/2026 13:12:24,System.Runtime,dotnet.jit.compiled_methods ({method} / 1 sec),Rate,0
09/10/2026 13:12:24,System.Runtime,dotnet.monitor.lock_contentions ({contention} / 1 sec),Rate,0
09/10/2026 13:12:24,System.Runtime,dotnet.gc.collections ({collection} / 1 sec)[gc.heap.generation=gen0],Rate,0
09/10/2026 13:12:24,System.Runtime,dotnet.gc.collections ({collection} / 1 sec)[gc.heap.generation=gen1],Rate,0
09/10/2026 13:12:24,System.Runtime,dotnet.gc.collections ({collection} / 1 sec)[gc.heap.generation=gen2],Rate,0
09/10/2026 13:12:24,System.Runtime,dotnet.process.cpu.time (s / 1 sec)[cpu.mode=system],Rate,0.03409799999999996
09/10/2026 13:12:24,System.Runtime,dotnet.process.cpu.time (s / 1 sec)[cpu.mode=user],Rate,0.5694559999999989
09/10/2026 13:12:24,System.Runtime,dotnet.process.cpu.count ({cpu}),Metric,15
09/10/2026 13:12:24,System.Runtime,dotnet.gc.pause.time (s / 1 sec),Rate,0
09/10/2026 13:12:24,System.Runtime,dotnet.thread_pool.queue.length ({work_item} / 1 sec),Rate,0
09/10/2026 13:12:24,System.Runtime,dotnet.gc.last_collection.memory.committed_size (By),Metric,0
09/10/2026 13:12:24,System.Runtime,dotnet.gc.last_collection.heap.fragmentation.size (By)[gc.heap.generation=gen0],Metric,0
09/10/2026 13:12:24,System.Runtime,dotnet.gc.last_collection.heap.fragmentation.size (By)[gc.heap.generation=gen2],Metric,0
09/10/2026 13:12:24,System.Runtime,dotnet.gc.last_collection.heap.fragmentation.size (By)[gc.heap.generation=gen1],Metric,0
09/10/2026 13:12:24,System.Runtime,dotnet.gc.last_collection.heap.fragmentation.size (By)[gc.heap.generation=loh],Metric,0
09/10/2026 13:12:24,System.Runtime,dotnet.gc.last_collection.heap.fragmentation.size (By)[gc.heap.generation=poh],Metric,0
09/10/2026 13:12:24,System.Runtime,dotnet.timer.count ({timer}),Metric,2
09/10/2026 13:12:24,System.Runtime,dotnet.assembly.count ({assembly}),Metric,61
09/10/2026 13:12:24,System.Runtime,dotnet.gc.heap.total_allocated (By / 1 sec),Rate,130112
09/10/2026 13:12:24,System.Runtime,dotnet.gc.last_collection.heap.size (By)[gc.heap.generation=gen0],Metric,0
09/10/2026 13:12:24,System.Runtime,dotnet.gc.last_collection.heap.size (By)[gc.heap.generation=gen2],Metric,0
09/10/2026 13:12:24,System.Runtime,dotnet.gc.last_collection.heap.size (By)[gc.heap.generation=gen1],Metric,0
09/10/2026 13:12:24,System.Runtime,dotnet.gc.last_collection.heap.size (By)[gc.heap.generation=loh],Metric,0
09/10/2026 13:12:24,System.Runtime,dotnet.gc.last_collection.heap.size (By)[gc.heap.generation=poh],Metric,0
09/10/2026 13:12:24,System.Runtime,dotnet.thread_pool.work_item.count ({work_item} / 1 sec),Rate,601
09/10/2026 13:12:24,System.Runtime,dotnet.process.memory.working_set (By),Metric,81723392
09/10/2026 13:12:24,System.Runtime,dotnet.thread_pool.thread.count ({thread} / 1 sec),Rate,0
09/10/2026 13:12:24,System.Runtime,dotnet.jit.compilation.time (s / 1 sec),Rate,0
09/10/2026 13:12:25,System.Runtime,dotnet.jit.compiled_il.size (By / 1 sec),Rate,0
09/10/2026 13:12:25,System.Runtime,dotnet.jit.compiled_methods ({method} / 1 sec),Rate,0
09/10/2026 13:12:25,System.Runtime,dotnet.monitor.lock_contentions ({contention} / 1 sec),Rate,0
09/10/2026 13:12:25,System.Runtime,dotnet.gc.collections ({collection} / 1 sec)[gc.heap.generation=gen0],Rate,0
09/10/2026 13:12:25,System.Runtime,dotnet.gc.collections ({collection} / 1 sec)[gc.heap.generation=gen1],Rate,0
09/10/2026 13:12:25,System.Runtime,dotnet.gc.collections ({collection} / 1 sec)[gc.heap.generation=gen2],Rate,0
09/10/2026 13:12:25,System.Runtime,dotnet.process.cpu.time (s / 1 sec)[cpu.mode=system],Rate,0.03457500000000002
09/10/2026 13:12:25,System.Runtime,dotnet.process.cpu.time (s / 1 sec)[cpu.mode=user],Rate,0.5671409999999995
09/10/2026 13:12:25,System.Runtime,dotnet.process.cpu.count ({cpu}),Metric,15
09/10/2026 13:12:25,System.Runtime,dotnet.gc.pause.time (s / 1 sec),Rate,0
09/10/2026 13:12:25,System.Runtime,dotnet.thread_pool.queue.length ({work_item} / 1 sec),Rate,0
09/10/2026 13:12:25,System.Runtime,dotnet.gc.last_collection.memory.committed_size (By),Metric,0
09/10/2026 13:12:25,System.Runtime,dotnet.gc.last_collection.heap.fragmentation.size (By)[gc.heap.generation=gen0],Metric,0
09/10/2026 13:12:25,System.Runtime,dotnet.gc.last_collection.heap.fragmentation.size (By)[gc.heap.generation=gen2],Metric,0
09/10/2026 13:12:25,System.Runtime,dotnet.gc.last_collection.heap.fragmentation.size (By)[gc.heap.generation=gen1],Metric,0
09/10/2026 13:12:25,System.Runtime,dotnet.gc.last_collection.heap.fragmentation.size (By)[gc.heap.generation=loh],Metric,0
09/10/2026 13:12:25,System.Runtime,dotnet.gc.last_collection.heap.fragmentation.size (By)[gc.heap.generation=poh],Metric,0
09/10/2026 13:12:25,System.Runtime,dotnet.timer.count ({timer}),Metric,2
09/10/2026 13:12:25,System.Runtime,dotnet.assembly.count ({assembly}),Metric,61
09/10/2026 13:12:25,System.Runtime,dotnet.gc.heap.total_allocated (By / 1 sec),Rate,147600
09/10/2026 13:12:25,System.Runtime,dotnet.gc.last_collection.heap.size (By)[gc.heap.generation=gen0],Metric,0
09/10/2026 13:12:25,System.Runtime,dotnet.gc.last_collection.heap.size (By)[gc.heap.generation=gen2],Metric,0
09/10/2026 13:12:25,System.Runtime,dotnet.gc.last_collection.heap.size (By)[gc.heap.generation=gen1],Metric,0
09/10/2026 13:12:25,System.Runtime,dotnet.gc.last_collection.heap.size (By)[gc.heap.generation=loh],Metric,0
09/10/2026 13:12:25,System.Runtime,dotnet.gc.last_collection.heap.size (By)[gc.heap.generation=poh],Metric,0
09/10/2026 13:12:25,System.Runtime,dotnet.thread_pool.work_item.count ({work_item} / 1 sec),Rate,601
09/10/2026 13:12:25,System.Runtime,dotnet.process.memory.working_set (By),Metric,81887232
09/10/2026 13:12:25,System.Runtime,dotnet.thread_pool.thread.count ({thread} / 1 sec),Rate,0
09/10/2026 13:12:25,System.Runtime,dotnet.jit.compilation.time (s / 1 sec),Rate,0
09/10/2026 13:12:26,System.Runtime,dotnet.jit.compiled_il.size (By / 1 sec),Rate,0
09/10/2026 13:12:26,System.Runtime,dotnet.jit.compiled_methods ({method} / 1 sec),Rate,0
09/10/2026 13:12:26,System.Runtime,dotnet.monitor.lock_contentions ({contention} / 1 sec),Rate,0
09/10/2026 13:12:26,System.Runtime,dotnet.gc.collections ({collection} / 1 sec)[gc.heap.generation=gen0],Rate,0
09/10/2026 13:12:26,System.Runtime,dotnet.gc.collections ({collection} / 1 sec)[gc.heap.generation=gen1],Rate,0
09/10/2026 13:12:26,System.Runtime,dotnet.gc.collections ({collection} / 1 sec)[gc.heap.generation=gen2],Rate,0
09/10/2026 13:12:26,System.Runtime,dotnet.process.cpu.time (s / 1 sec)[cpu.mode=system],Rate,0.032094999999999985
09/10/2026 13:12:26,System.Runtime,dotnet.process.cpu.time (s / 1 sec)[cpu.mode=user],Rate,0.5705220000000004
09/10/2026 13:12:26,System.Runtime,dotnet.process.cpu.count ({cpu}),Metric,15
09/10/2026 13:12:26,System.Runtime,dotnet.gc.pause.time (s / 1 sec),Rate,0
09/10/2026 13:12:26,System.Runtime,dotnet.thread_pool.queue.length ({work_item} / 1 sec),Rate,0
09/10/2026 13:12:26,System.Runtime,dotnet.gc.last_collection.memory.committed_size (By),Metric,0
09/10/2026 13:12:26,System.Runtime,dotnet.gc.last_collection.heap.fragmentation.size (By)[gc.heap.generation=gen0],Metric,0
09/10/2026 13:12:26,System.Runtime,dotnet.gc.last_collection.heap.fragmentation.size (By)[gc.heap.generation=gen2],Metric,0
09/10/2026 13:12:26,System.Runtime,dotnet.gc.last_collection.heap.fragmentation.size (By)[gc.heap.generation=gen1],Metric,0
09/10/2026 13:12:26,System.Runtime,dotnet.gc.last_collection.heap.fragmentation.size (By)[gc.heap.generation=loh],Metric,0
09/10/2026 13:12:26,System.Runtime,dotnet.gc.last_collection.heap.fragmentation.size (By)[gc.heap.generation=poh],Metric,0
09/10/2026 13:12:26,System.Runtime,dotnet.timer.count ({timer}),Metric,2
09/10/2026 13:12:26,System.Runtime,dotnet.assembly.count ({assembly}),Metric,61
09/10/2026 13:12:26,System.Runtime,dotnet.gc.heap.total_allocated (By / 1 sec),Rate,121976
09/10/2026 13:12:26,System.Runtime,dotnet.gc.last_collection.heap.size (By)[gc.heap.generation=gen0],Metric,0
09/10/2026 13:12:26,System.Runtime,dotnet.gc.last_collection.heap.size (By)[gc.heap.generation=gen2],Metric,0
09/10/2026 13:12:26,System.Runtime,dotnet.gc.last_collection.heap.size (By)[gc.heap.generation=gen1],Metric,0
09/10/2026 13:12:26,System.Runtime,dotnet.gc.last_collection.heap.size (By)[gc.heap.generation=loh],Metric,0
09/10/2026 13:12:26,System.Runtime,dotnet.gc.last_collection.heap.size (By)[gc.heap.generation=poh],Metric,0
09/10/2026 13:12:26,System.Runtime,dotnet.thread_pool.work_item.count ({work_item} / 1 sec),Rate,601
09/10/2026 13:12:26,System.Runtime,dotnet.process.memory.working_set (By),Metric,82018304
09/10/2026 13:12:26,System.Runtime,dotnet.thread_pool.thread.count ({thread} / 1 sec),Rate,0
09/10/2026 13:12:26,System.Runtime,dotnet.jit.compilation.time (s / 1 sec),Rate,0
09/10/2026 13:12:27,System.Runtime,dotnet.jit.compiled_il.size (By / 1 sec),Rate,0
09/10/2026 13:12:27,System.Runtime,dotnet.jit.compiled_methods ({method} / 1 sec),Rate,0
09/10/2026 13:12:27,System.Runtime,dotnet.monitor.lock_contentions ({contention} / 1 sec),Rate,0
09/10/2026 13:12:27,System.Runtime,dotnet.gc.collections ({collection} / 1 sec)[gc.heap.generation=gen0],Rate,0
09/10/2026 13:12:27,System.Runtime,dotnet.gc.collections ({collection} / 1 sec)[gc.heap.generation=gen1],Rate,0
09/10/2026 13:12:27,System.Runtime,dotnet.gc.collections ({collection} / 1 sec)[gc.heap.generation=gen2],Rate,0
09/10/2026 13:12:27,System.Runtime,dotnet.process.cpu.time (s / 1 sec)[cpu.mode=system],Rate,0.035309000000000035
09/10/2026 13:12:27,System.Runtime,dotnet.process.cpu.time (s / 1 sec)[cpu.mode=user],Rate,0.5686420000000005
09/10/2026 13:12:27,System.Runtime,dotnet.process.cpu.count ({cpu}),Metric,15
09/10/2026 13:12:27,System.Runtime,dotnet.gc.pause.time (s / 1 sec),Rate,0
09/10/2026 13:12:27,System.Runtime,dotnet.thread_pool.queue.length ({work_item} / 1 sec),Rate,0
09/10/2026 13:12:27,System.Runtime,dotnet.gc.last_collection.memory.committed_size (By),Metric,0
09/10/2026 13:12:27,System.Runtime,dotnet.gc.last_collection.heap.fragmentation.size (By)[gc.heap.generation=gen0],Metric,0
09/10/2026 13:12:27,System.Runtime,dotnet.gc.last_collection.heap.fragmentation.size (By)[gc.heap.generation=gen2],Metric,0
09/10/2026 13:12:27,System.Runtime,dotnet.gc.last_collection.heap.fragmentation.size (By)[gc.heap.generation=gen1],Metric,0
09/10/2026 13:12:27,System.Runtime,dotnet.gc.last_collection.heap.fragmentation.size (By)[gc.heap.generation=loh],Metric,0
09/10/2026 13:12:27,System.Runtime,dotnet.gc.last_collection.heap.fragmentation.size (By)[gc.heap.generation=poh],Metric,0
09/10/2026 13:12:27,System.Runtime,dotnet.timer.count ({timer}),Metric,2
09/10/2026 13:12:27,System.Runtime,dotnet.assembly.count ({assembly}),Metric,61
09/10/2026 13:12:27,System.Runtime,dotnet.gc.heap.total_allocated (By / 1 sec),Rate,138272
09/10/2026 13:12:27,System.Runtime,dotnet.gc.last_collection.heap.size (By)[gc.heap.generation=gen0],Metric,0
09/10/2026 13:12:27,System.Runtime,dotnet.gc.last_collection.heap.size (By)[gc.heap.generation=gen2],Metric,0
09/10/2026 13:12:27,System.Runtime,dotnet.gc.last_collection.heap.size (By)[gc.heap.generation=gen1],Metric,0
09/10/2026 13:12:27,System.Runtime,dotnet.gc.last_collection.heap.size (By)[gc.heap.generation=loh],Metric,0
09/10/2026 13:12:27,System.Runtime,dotnet.gc.last_collection.heap.size (By)[gc.heap.generation=poh],Metric,0
09/10/2026 13:12:27,System.Runtime,dotnet.thread_pool.work_item.count ({work_item} / 1 sec),Rate,601
09/10/2026 13:12:27,System.Runtime,dotnet.process.memory.working_set (By),Metric,82132992
09/10/2026 13:12:27,System.Runtime,dotnet.thread_pool.thread.count ({thread} / 1 sec),Rate,0
09/10/2026 13:12:27,System.Runtime,dotnet.jit.compilation.time (s / 1 sec),Rate,0
09/10/2026 13:12:28,System.Runtime,dotnet.jit.compiled_il.size (By / 1 sec),Rate,340
09/10/2026 13:12:28,System.Runtime,dotnet.jit.compiled_methods ({method} / 1 sec),Rate,5
09/10/2026 13:12:28,System.Runtime,dotnet.monitor.lock_contentions ({contention} / 1 sec),Rate,0
09/10/2026 13:12:28,System.Runtime,dotnet.gc.collections ({collection} / 1 sec)[gc.heap.generation=gen0],Rate,0
09/10/2026 13:12:28,System.Runtime,dotnet.gc.collections ({collection} / 1 sec)[gc.heap.generation=gen1],Rate,0
09/10/2026 13:12:28,System.Runtime,dotnet.gc.collections ({collection} / 1 sec)[gc.heap.generation=gen2],Rate,0
09/10/2026 13:12:28,System.Runtime,dotnet.process.cpu.time (s / 1 sec)[cpu.mode=system],Rate,0.03303699999999998
09/10/2026 13:12:28,System.Runtime,dotnet.process.cpu.time (s / 1 sec)[cpu.mode=user],Rate,0.5692679999999974
09/10/2026 13:12:28,System.Runtime,dotnet.process.cpu.count ({cpu}),Metric,15
09/10/2026 13:12:28,System.Runtime,dotnet.gc.pause.time (s / 1 sec),Rate,0
09/10/2026 13:12:28,System.Runtime,dotnet.thread_pool.queue.length ({work_item} / 1 sec),Rate,0
09/10/2026 13:12:28,System.Runtime,dotnet.gc.last_collection.memory.committed_size (By),Metric,0
09/10/2026 13:12:28,System.Runtime,dotnet.gc.last_collection.heap.fragmentation.size (By)[gc.heap.generation=gen0],Metric,0
09/10/2026 13:12:28,System.Runtime,dotnet.gc.last_collection.heap.fragmentation.size (By)[gc.heap.generation=gen2],Metric,0
09/10/2026 13:12:28,System.Runtime,dotnet.gc.last_collection.heap.fragmentation.size (By)[gc.heap.generation=gen1],Metric,0
09/10/2026 13:12:28,System.Runtime,dotnet.gc.last_collection.heap.fragmentation.size (By)[gc.heap.generation=loh],Metric,0
09/10/2026 13:12:28,System.Runtime,dotnet.gc.last_collection.heap.fragmentation.size (By)[gc.heap.generation=poh],Metric,0
09/10/2026 13:12:28,System.Runtime,dotnet.timer.count ({timer}),Metric,2
09/10/2026 13:12:28,System.Runtime,dotnet.assembly.count ({assembly}),Metric,61
09/10/2026 13:12:28,System.Runtime,dotnet.gc.heap.total_allocated (By / 1 sec),Rate,147616
09/10/2026 13:12:28,System.Runtime,dotnet.gc.last_collection.heap.size (By)[gc.heap.generation=gen0],Metric,0
09/10/2026 13:12:28,System.Runtime,dotnet.gc.last_collection.heap.size (By)[gc.heap.generation=gen2],Metric,0
09/10/2026 13:12:28,System.Runtime,dotnet.gc.last_collection.heap.size (By)[gc.heap.generation=gen1],Metric,0
09/10/2026 13:12:28,System.Runtime,dotnet.gc.last_collection.heap.size (By)[gc.heap.generation=loh],Metric,0
09/10/2026 13:12:28,System.Runtime,dotnet.gc.last_collection.heap.size (By)[gc.heap.generation=poh],Metric,0
09/10/2026 13:12:28,System.Runtime,dotnet.thread_pool.work_item.count ({work_item} / 1 sec),Rate,602
09/10/2026 13:12:28,System.Runtime,dotnet.process.memory.working_set (By),Metric,82345984
09/10/2026 13:12:28,System.Runtime,dotnet.thread_pool.thread.count ({thread} / 1 sec),Rate,0
09/10/2026 13:12:28,System.Runtime,dotnet.jit.compilation.time (s / 1 sec),Rate,0.0005663000000000196
09/10/2026 13:12:29,System.Runtime,dotnet.jit.compiled_il.size (By / 1 sec),Rate,0
09/10/2026 13:12:29,System.Runtime,dotnet.jit.compiled_methods ({method} / 1 sec),Rate,0
09/10/2026 13:12:29,System.Runtime,dotnet.monitor.lock_contentions ({contention} / 1 sec),Rate,0
09/10/2026 13:12:29,System.Runtime,dotnet.gc.collections ({collection} / 1 sec)[gc.heap.generation=gen0],Rate,0
09/10/2026 13:12:29,System.Runtime,dotnet.gc.collections ({collection} / 1 sec)[gc.heap.generation=gen1],Rate,0
09/10/2026 13:12:29,System.Runtime,dotnet.gc.collections ({collection} / 1 sec)[gc.heap.generation=gen2],Rate,0
09/10/2026 13:12:29,System.Runtime,dotnet.process.cpu.time (s / 1 sec)[cpu.mode=system],Rate,0.032275000000000054
09/10/2026 13:12:29,System.Runtime,dotnet.process.cpu.time (s / 1 sec)[cpu.mode=user],Rate,0.5687510000000024
09/10/2026 13:12:29,System.Runtime,dotnet.process.cpu.count ({cpu}),Metric,15
09/10/2026 13:12:29,System.Runtime,dotnet.gc.pause.time (s / 1 sec),Rate,0
09/10/2026 13:12:29,System.Runtime,dotnet.thread_pool.queue.length ({work_item} / 1 sec),Rate,0
09/10/2026 13:12:29,System.Runtime,dotnet.gc.last_collection.memory.committed_size (By),Metric,0
09/10/2026 13:12:29,System.Runtime,dotnet.gc.last_collection.heap.fragmentation.size (By)[gc.heap.generation=gen0],Metric,0
09/10/2026 13:12:29,System.Runtime,dotnet.gc.last_collection.heap.fragmentation.size (By)[gc.heap.generation=gen2],Metric,0
09/10/2026 13:12:29,System.Runtime,dotnet.gc.last_collection.heap.fragmentation.size (By)[gc.heap.generation=gen1],Metric,0
09/10/2026 13:12:29,System.Runtime,dotnet.gc.last_collection.heap.fragmentation.size (By)[gc.heap.generation=loh],Metric,0
09/10/2026 13:12:29,System.Runtime,dotnet.gc.last_collection.heap.fragmentation.size (By)[gc.heap.generation=poh],Metric,0
09/10/2026 13:12:29,System.Runtime,dotnet.timer.count ({timer}),Metric,2
09/10/2026 13:12:29,System.Runtime,dotnet.assembly.count ({assembly}),Metric,61
09/10/2026 13:12:29,System.Runtime,dotnet.gc.heap.total_allocated (By / 1 sec),Rate,137320
09/10/2026 13:12:29,System.Runtime,dotnet.gc.last_collection.heap.size (By)[gc.heap.generation=gen0],Metric,0
09/10/2026 13:12:29,System.Runtime,dotnet.gc.last_collection.heap.size (By)[gc.heap.generation=gen2],Metric,0
09/10/2026 13:12:29,System.Runtime,dotnet.gc.last_collection.heap.size (By)[gc.heap.generation=gen1],Metric,0
09/10/2026 13:12:29,System.Runtime,dotnet.gc.last_collection.heap.size (By)[gc.heap.generation=loh],Metric,0
09/10/2026 13:12:29,System.Runtime,dotnet.gc.last_collection.heap.size (By)[gc.heap.generation=poh],Metric,0
09/10/2026 13:12:29,System.Runtime,dotnet.thread_pool.work_item.count ({work_item} / 1 sec),Rate,601
09/10/2026 13:12:29,System.Runtime,dotnet.process.memory.working_set (By),Metric,82493440
09/10/2026 13:12:29,System.Runtime,dotnet.thread_pool.thread.count ({thread} / 1 sec),Rate,0
09/10/2026 13:12:29,System.Runtime,dotnet.jit.compilation.time (s / 1 sec),Rate,0
09/10/2026 13:12:30,System.Runtime,dotnet.jit.compiled_il.size (By / 1 sec),Rate,0
09/10/2026 13:12:30,System.Runtime,dotnet.jit.compiled_methods ({method} / 1 sec),Rate,0
09/10/2026 13:12:30,System.Runtime,dotnet.monitor.lock_contentions ({contention} / 1 sec),Rate,0
09/10/2026 13:12:30,System.Runtime,dotnet.gc.collections ({collection} / 1 sec)[gc.heap.generation=gen0],Rate,0
09/10/2026 13:12:30,System.Runtime,dotnet.gc.collections ({collection} / 1 sec)[gc.heap.generation=gen1],Rate,0
09/10/2026 13:12:30,System.Runtime,dotnet.gc.collections ({collection} / 1 sec)[gc.heap.generation=gen2],Rate,0
09/10/2026 13:12:30,System.Runtime,dotnet.process.cpu.time (s / 1 sec)[cpu.mode=system],Rate,0.03294999999999981
09/10/2026 13:12:30,System.Runtime,dotnet.process.cpu.time (s / 1 sec)[cpu.mode=user],Rate,0.5656940000000006
09/10/2026 13:12:30,System.Runtime,dotnet.process.cpu.count ({cpu}),Metric,15
09/10/2026 13:12:30,System.Runtime,dotnet.gc.pause.time (s / 1 sec),Rate,0
09/10/2026 13:12:30,System.Runtime,dotnet.thread_pool.queue.length ({work_item} / 1 sec),Rate,0
09/10/2026 13:12:30,System.Runtime,dotnet.gc.last_collection.memory.committed_size (By),Metric,0
09/10/2026 13:12:30,System.Runtime,dotnet.gc.last_collection.heap.fragmentation.size (By)[gc.heap.generation=gen0],Metric,0
09/10/2026 13:12:30,System.Runtime,dotnet.gc.last_collection.heap.fragmentation.size (By)[gc.heap.generation=gen2],Metric,0
09/10/2026 13:12:30,System.Runtime,dotnet.gc.last_collection.heap.fragmentation.size (By)[gc.heap.generation=gen1],Metric,0
09/10/2026 13:12:30,System.Runtime,dotnet.gc.last_collection.heap.fragmentation.size (By)[gc.heap.generation=loh],Metric,0
09/10/2026 13:12:30,System.Runtime,dotnet.gc.last_collection.heap.fragmentation.size (By)[gc.heap.generation=poh],Metric,0
09/10/2026 13:12:30,System.Runtime,dotnet.timer.count ({timer}),Metric,2
09/10/2026 13:12:30,System.Runtime,dotnet.assembly.count ({assembly}),Metric,61
09/10/2026 13:12:30,System.Runtime,dotnet.gc.heap.total_allocated (By / 1 sec),Rate,131200
09/10/2026 13:12:30,System.Runtime,dotnet.gc.last_collection.heap.size (By)[gc.heap.generation=gen0],Metric,0
09/10/2026 13:12:30,System.Runtime,dotnet.gc.last_collection.heap.size (By)[gc.heap.generation=gen2],Metric,0
09/10/2026 13:12:30,System.Runtime,dotnet.gc.last_collection.heap.size (By)[gc.heap.generation=gen1],Metric,0
09/10/2026 13:12:30,System.Runtime,dotnet.gc.last_collection.heap.size (By)[gc.heap.generation=loh],Metric,0
09/10/2026 13:12:30,System.Runtime,dotnet.gc.last_collection.heap.size (By)[gc.heap.generation=poh],Metric,0
09/10/2026 13:12:30,System.Runtime,dotnet.thread_pool.work_item.count ({work_item} / 1 sec),Rate,601
09/10/2026 13:12:30,System.Runtime,dotnet.process.memory.working_set (By),Metric,82640896
09/10/2026 13:12:30,System.Runtime,dotnet.thread_pool.thread.count ({thread} / 1 sec),Rate,0
09/10/2026 13:12:30,System.Runtime,dotnet.jit.compilation.time (s / 1 sec),Rate,0
09/10/2026 13:12:31,System.Runtime,dotnet.jit.compiled_il.size (By / 1 sec),Rate,0
09/10/2026 13:12:31,System.Runtime,dotnet.jit.compiled_methods ({method} / 1 sec),Rate,0
09/10/2026 13:12:31,System.Runtime,dotnet.monitor.lock_contentions ({contention} / 1 sec),Rate,0
09/10/2026 13:12:31,System.Runtime,dotnet.gc.collections ({collection} / 1 sec)[gc.heap.generation=gen0],Rate,0
09/10/2026 13:12:31,System.Runtime,dotnet.gc.collections ({collection} / 1 sec)[gc.heap.generation=gen1],Rate,0
09/10/2026 13:12:31,System.Runtime,dotnet.gc.collections ({collection} / 1 sec)[gc.heap.generation=gen2],Rate,0
09/10/2026 13:12:31,System.Runtime,dotnet.process.cpu.time (s / 1 sec)[cpu.mode=system],Rate,0.03353200000000012
09/10/2026 13:12:31,System.Runtime,dotnet.process.cpu.time (s / 1 sec)[cpu.mode=user],Rate,0.5660200000000017
09/10/2026 13:12:31,System.Runtime,dotnet.process.cpu.count ({cpu}),Metric,15
09/10/2026 13:12:31,System.Runtime,dotnet.gc.pause.time (s / 1 sec),Rate,0
09/10/2026 13:12:31,System.Runtime,dotnet.thread_pool.queue.length ({work_item} / 1 sec),Rate,0
09/10/2026 13:12:31,System.Runtime,dotnet.gc.last_collection.memory.committed_size (By),Metric,0
09/10/2026 13:12:31,System.Runtime,dotnet.gc.last_collection.heap.fragmentation.size (By)[gc.heap.generation=gen0],Metric,0
09/10/2026 13:12:31,System.Runtime,dotnet.gc.last_collection.heap.fragmentation.size (By)[gc.heap.generation=gen2],Metric,0
09/10/2026 13:12:31,System.Runtime,dotnet.gc.last_collection.heap.fragmentation.size (By)[gc.heap.generation=gen1],Metric,0
09/10/2026 13:12:31,System.Runtime,dotnet.gc.last_collection.heap.fragmentation.size (By)[gc.heap.generation=loh],Metric,0
09/10/2026 13:12:31,System.Runtime,dotnet.gc.last_collection.heap.fragmentation.size (By)[gc.heap.generation=poh],Metric,0
09/10/2026 13:12:31,System.Runtime,dotnet.timer.count ({timer}),Metric,2
09/10/2026 13:12:31,System.Runtime,dotnet.assembly.count ({assembly}),Metric,61
09/10/2026 13:12:31,System.Runtime,dotnet.gc.heap.total_allocated (By / 1 sec),Rate,139400
09/10/2026 13:12:31,System.Runtime,dotnet.gc.last_collection.heap.size (By)[gc.heap.generation=gen0],Metric,0
09/10/2026 13:12:31,System.Runtime,dotnet.gc.last_collection.heap.size (By)[gc.heap.generation=gen2],Metric,0
09/10/2026 13:12:31,System.Runtime,dotnet.gc.last_collection.heap.size (By)[gc.heap.generation=gen1],Metric,0
09/10/2026 13:12:31,System.Runtime,dotnet.gc.last_collection.heap.size (By)[gc.heap.generation=loh],Metric,0
09/10/2026 13:12:31,System.Runtime,dotnet.gc.last_collection.heap.size (By)[gc.heap.generation=poh],Metric,0
09/10/2026 13:12:31,System.Runtime,dotnet.thread_pool.work_item.count ({work_item} / 1 sec),Rate,601
09/10/2026 13:12:31,System.Runtime,dotnet.process.memory.working_set (By),Metric,82821120
09/10/2026 13:12:31,System.Runtime,dotnet.thread_pool.thread.count ({thread} / 1 sec),Rate,0
09/10/2026 13:12:31,System.Runtime,dotnet.jit.compilation.time (s / 1 sec),Rate,0
09/10/2026 13:12:32,System.Runtime,dotnet.jit.compiled_il.size (By / 1 sec),Rate,0
09/10/2026 13:12:32,System.Runtime,dotnet.jit.compiled_methods ({method} / 1 sec),Rate,0
09/10/2026 13:12:32,System.Runtime,dotnet.monitor.lock_contentions ({contention} / 1 sec),Rate,0
09/10/2026 13:12:32,System.Runtime,dotnet.gc.collections ({collection} / 1 sec)[gc.heap.generation=gen0],Rate,0
09/10/2026 13:12:32,System.Runtime,dotnet.gc.collections ({collection} / 1 sec)[gc.heap.generation=gen1],Rate,0
09/10/2026 13:12:32,System.Runtime,dotnet.gc.collections ({collection} / 1 sec)[gc.heap.generation=gen2],Rate,0
09/10/2026 13:12:32,System.Runtime,dotnet.process.cpu.time (s / 1 sec)[cpu.mode=system],Rate,0.03442600000000007
09/10/2026 13:12:32,System.Runtime,dotnet.process.cpu.time (s / 1 sec)[cpu.mode=user],Rate,0.5622919999999993
09/10/2026 13:12:32,System.Runtime,dotnet.process.cpu.count ({cpu}),Metric,15
09/10/2026 13:12:32,System.Runtime,dotnet.gc.pause.time (s / 1 sec),Rate,0
09/10/2026 13:12:32,System.Runtime,dotnet.thread_pool.queue.length ({work_item} / 1 sec),Rate,0
09/10/2026 13:12:32,System.Runtime,dotnet.gc.last_collection.memory.committed_size (By),Metric,0
09/10/2026 13:12:32,System.Runtime,dotnet.gc.last_collection.heap.fragmentation.size (By)[gc.heap.generation=gen0],Metric,0
09/10/2026 13:12:32,System.Runtime,dotnet.gc.last_collection.heap.fragmentation.size (By)[gc.heap.generation=gen2],Metric,0
09/10/2026 13:12:32,System.Runtime,dotnet.gc.last_collection.heap.fragmentation.size (By)[gc.heap.generation=gen1],Metric,0
09/10/2026 13:12:32,System.Runtime,dotnet.gc.last_collection.heap.fragmentation.size (By)[gc.heap.generation=loh],Metric,0
09/10/2026 13:12:32,System.Runtime,dotnet.gc.last_collection.heap.fragmentation.size (By)[gc.heap.generation=poh],Metric,0
09/10/2026 13:12:32,System.Runtime,dotnet.timer.count ({timer}),Metric,2
09/10/2026 13:12:32,System.Runtime,dotnet.assembly.count ({assembly}),Metric,61
09/10/2026 13:12:32,System.Runtime,dotnet.gc.heap.total_allocated (By / 1 sec),Rate,130112
09/10/2026 13:12:32,System.Runtime,dotnet.gc.last_collection.heap.size (By)[gc.heap.generation=gen0],Metric,0
09/10/2026 13:12:32,System.Runtime,dotnet.gc.last_collection.heap.size (By)[gc.heap.generation=gen2],Metric,0
09/10/2026 13:12:32,System.Runtime,dotnet.gc.last_collection.heap.size (By)[gc.heap.generation=gen1],Metric,0
09/10/2026 13:12:32,System.Runtime,dotnet.gc.last_collection.heap.size (By)[gc.heap.generation=loh],Metric,0
09/10/2026 13:12:32,System.Runtime,dotnet.gc.last_collection.heap.size (By)[gc.heap.generation=poh],Metric,0
09/10/2026 13:12:32,System.Runtime,dotnet.thread_pool.work_item.count ({work_item} / 1 sec),Rate,601
09/10/2026 13:12:32,System.Runtime,dotnet.process.memory.working_set (By),Metric,82919424
09/10/2026 13:12:32,System.Runtime,dotnet.thread_pool.thread.count ({thread} / 1 sec),Rate,0
09/10/2026 13:12:32,System.Runtime,dotnet.jit.compilation.time (s / 1 sec),Rate,0
09/10/2026 13:12:33,System.Runtime,dotnet.jit.compiled_il.size (By / 1 sec),Rate,298
09/10/2026 13:12:33,System.Runtime,dotnet.jit.compiled_methods ({method} / 1 sec),Rate,2
09/10/2026 13:12:33,System.Runtime,dotnet.monitor.lock_contentions ({contention} / 1 sec),Rate,0
09/10/2026 13:12:33,System.Runtime,dotnet.gc.collections ({collection} / 1 sec)[gc.heap.generation=gen0],Rate,0
09/10/2026 13:12:33,System.Runtime,dotnet.gc.collections ({collection} / 1 sec)[gc.heap.generation=gen1],Rate,0
09/10/2026 13:12:33,System.Runtime,dotnet.gc.collections ({collection} / 1 sec)[gc.heap.generation=gen2],Rate,0
09/10/2026 13:12:33,System.Runtime,dotnet.process.cpu.time (s / 1 sec)[cpu.mode=system],Rate,0.03426499999999999
09/10/2026 13:12:33,System.Runtime,dotnet.process.cpu.time (s / 1 sec)[cpu.mode=user],Rate,0.5671649999999957
09/10/2026 13:12:33,System.Runtime,dotnet.process.cpu.count ({cpu}),Metric,15
09/10/2026 13:12:33,System.Runtime,dotnet.gc.pause.time (s / 1 sec),Rate,0
09/10/2026 13:12:33,System.Runtime,dotnet.thread_pool.queue.length ({work_item} / 1 sec),Rate,0
09/10/2026 13:12:33,System.Runtime,dotnet.gc.last_collection.memory.committed_size (By),Metric,0
09/10/2026 13:12:33,System.Runtime,dotnet.gc.last_collection.heap.fragmentation.size (By)[gc.heap.generation=gen0],Metric,0
09/10/2026 13:12:33,System.Runtime,dotnet.gc.last_collection.heap.fragmentation.size (By)[gc.heap.generation=gen2],Metric,0
09/10/2026 13:12:33,System.Runtime,dotnet.gc.last_collection.heap.fragmentation.size (By)[gc.heap.generation=gen1],Metric,0
09/10/2026 13:12:33,System.Runtime,dotnet.gc.last_collection.heap.fragmentation.size (By)[gc.heap.generation=loh],Metric,0
09/10/2026 13:12:33,System.Runtime,dotnet.gc.last_collection.heap.fragmentation.size (By)[gc.heap.generation=poh],Metric,0
09/10/2026 13:12:33,System.Runtime,dotnet.timer.count ({timer}),Metric,2
09/10/2026 13:12:33,System.Runtime,dotnet.assembly.count ({assembly}),Metric,61
09/10/2026 13:12:33,System.Runtime,dotnet.gc.heap.total_allocated (By / 1 sec),Rate,146592
09/10/2026 13:12:33,System.Runtime,dotnet.gc.last_collection.heap.size (By)[gc.heap.generation=gen0],Metric,0
09/10/2026 13:12:33,System.Runtime,dotnet.gc.last_collection.heap.size (By)[gc.heap.generation=gen2],Metric,0
09/10/2026 13:12:33,System.Runtime,dotnet.gc.last_collection.heap.size (By)[gc.heap.generation=gen1],Metric,0
09/10/2026 13:12:33,System.Runtime,dotnet.gc.last_collection.heap.size (By)[gc.heap.generation=loh],Metric,0
09/10/2026 13:12:33,System.Runtime,dotnet.gc.last_collection.heap.size (By)[gc.heap.generation=poh],Metric,0
09/10/2026 13:12:33,System.Runtime,dotnet.thread_pool.work_item.count ({work_item} / 1 sec),Rate,602
09/10/2026 13:12:33,System.Runtime,dotnet.process.memory.working_set (By),Metric,83132416
09/10/2026 13:12:33,System.Runtime,dotnet.thread_pool.thread.count ({thread} / 1 sec),Rate,0
09/10/2026 13:12:33,System.Runtime,dotnet.jit.compilation.time (s / 1 sec),Rate,0.0005015999999999909
09/10/2026 13:12:34,System.Runtime,dotnet.jit.compiled_il.size (By / 1 sec),Rate,0
09/10/2026 13:12:34,System.Runtime,dotnet.jit.compiled_methods ({method} / 1 sec),Rate,0
09/10/2026 13:12:34,System.Runtime,dotnet.monitor.lock_contentions ({contention} / 1 sec),Rate,0
09/10/2026 13:12:34,System.Runtime,dotnet.gc.collections ({collection} / 1 sec)[gc.heap.generation=gen0],Rate,0
09/10/2026 13:12:34,System.Runtime,dotnet.gc.collections ({collection} / 1 sec)[gc.heap.generation=gen1],Rate,0
09/10/2026 13:12:34,System.Runtime,dotnet.gc.collections ({collection} / 1 sec)[gc.heap.generation=gen2],Rate,0
09/10/2026 13:12:34,System.Runtime,dotnet.process.cpu.time (s / 1 sec)[cpu.mode=system],Rate,0.03449199999999997
09/10/2026 13:12:34,System.Runtime,dotnet.process.cpu.time (s / 1 sec)[cpu.mode=user],Rate,0.5647969999999987
09/10/2026 13:12:34,System.Runtime,dotnet.process.cpu.count ({cpu}),Metric,15
09/10/2026 13:12:34,System.Runtime,dotnet.gc.pause.time (s / 1 sec),Rate,0
09/10/2026 13:12:34,System.Runtime,dotnet.thread_pool.queue.length ({work_item} / 1 sec),Rate,0
09/10/2026 13:12:34,System.Runtime,dotnet.gc.last_collection.memory.committed_size (By),Metric,0
09/10/2026 13:12:34,System.Runtime,dotnet.gc.last_collection.heap.fragmentation.size (By)[gc.heap.generation=gen0],Metric,0
09/10/2026 13:12:34,System.Runtime,dotnet.gc.last_collection.heap.fragmentation.size (By)[gc.heap.generation=gen2],Metric,0
09/10/2026 13:12:34,System.Runtime,dotnet.gc.last_collection.heap.fragmentation.size (By)[gc.heap.generation=gen1],Metric,0
09/10/2026 13:12:34,System.Runtime,dotnet.gc.last_collection.heap.fragmentation.size (By)[gc.heap.generation=loh],Metric,0
09/10/2026 13:12:34,System.Runtime,dotnet.gc.last_collection.heap.fragmentation.size (By)[gc.heap.generation=poh],Metric,0
09/10/2026 13:12:34,System.Runtime,dotnet.timer.count ({timer}),Metric,2
09/10/2026 13:12:34,System.Runtime,dotnet.assembly.count ({assembly}),Metric,61
09/10/2026 13:12:34,System.Runtime,dotnet.gc.heap.total_allocated (By / 1 sec),Rate,139400
09/10/2026 13:12:34,System.Runtime,dotnet.gc.last_collection.heap.size (By)[gc.heap.generation=gen0],Metric,0
09/10/2026 13:12:34,System.Runtime,dotnet.gc.last_collection.heap.size (By)[gc.heap.generation=gen2],Metric,0
09/10/2026 13:12:34,System.Runtime,dotnet.gc.last_collection.heap.size (By)[gc.heap.generation=gen1],Metric,0
09/10/2026 13:12:34,System.Runtime,dotnet.gc.last_collection.heap.size (By)[gc.heap.generation=loh],Metric,0
09/10/2026 13:12:34,System.Runtime,dotnet.gc.last_collection.heap.size (By)[gc.heap.generation=poh],Metric,0
09/10/2026 13:12:34,System.Runtime,dotnet.thread_pool.work_item.count ({work_item} / 1 sec),Rate,601
09/10/2026 13:12:34,System.Runtime,dotnet.process.memory.working_set (By),Metric,83279872
09/10/2026 13:12:34,System.Runtime,dotnet.thread_pool.thread.count ({thread} / 1 sec),Rate,0
09/10/2026 13:12:34,System.Runtime,dotnet.jit.compilation.time (s / 1 sec),Rate,0
09/10/2026 13:12:35,System.Runtime,dotnet.jit.compiled_il.size (By / 1 sec),Rate,0
09/10/2026 13:12:35,System.Runtime,dotnet.jit.compiled_methods ({method} / 1 sec),Rate,0
09/10/2026 13:12:35,System.Runtime,dotnet.monitor.lock_contentions ({contention} / 1 sec),Rate,0
09/10/2026 13:12:35,System.Runtime,dotnet.gc.collections ({collection} / 1 sec)[gc.heap.generation=gen0],Rate,0
09/10/2026 13:12:35,System.Runtime,dotnet.gc.collections ({collection} / 1 sec)[gc.heap.generation=gen1],Rate,0
09/10/2026 13:12:35,System.Runtime,dotnet.gc.collections ({collection} / 1 sec)[gc.heap.generation=gen2],Rate,0
09/10/2026 13:12:35,System.Runtime,dotnet.process.cpu.time (s / 1 sec)[cpu.mode=system],Rate,0.03391799999999989
09/10/2026 13:12:35,System.Runtime,dotnet.process.cpu.time (s / 1 sec)[cpu.mode=user],Rate,0.5662780000000041
09/10/2026 13:12:35,System.Runtime,dotnet.process.cpu.count ({cpu}),Metric,15
09/10/2026 13:12:35,System.Runtime,dotnet.gc.pause.time (s / 1 sec),Rate,0
09/10/2026 13:12:35,System.Runtime,dotnet.thread_pool.queue.length ({work_item} / 1 sec),Rate,0
09/10/2026 13:12:35,System.Runtime,dotnet.gc.last_collection.memory.committed_size (By),Metric,0
09/10/2026 13:12:35,System.Runtime,dotnet.gc.last_collection.heap.fragmentation.size (By)[gc.heap.generation=gen0],Metric,0
09/10/2026 13:12:35,System.Runtime,dotnet.gc.last_collection.heap.fragmentation.size (By)[gc.heap.generation=gen2],Metric,0
09/10/2026 13:12:35,System.Runtime,dotnet.gc.last_collection.heap.fragmentation.size (By)[gc.heap.generation=gen1],Metric,0
09/10/2026 13:12:35,System.Runtime,dotnet.gc.last_collection.heap.fragmentation.size (By)[gc.heap.generation=loh],Metric,0
09/10/2026 13:12:35,System.Runtime,dotnet.gc.last_collection.heap.fragmentation.size (By)[gc.heap.generation=poh],Metric,0
09/10/2026 13:12:35,System.Runtime,dotnet.timer.count ({timer}),Metric,2
09/10/2026 13:12:35,System.Runtime,dotnet.assembly.count ({assembly}),Metric,61
09/10/2026 13:12:35,System.Runtime,dotnet.gc.heap.total_allocated (By / 1 sec),Rate,131200
09/10/2026 13:12:35,System.Runtime,dotnet.gc.last_collection.heap.size (By)[gc.heap.generation=gen0],Metric,0
09/10/2026 13:12:35,System.Runtime,dotnet.gc.last_collection.heap.size (By)[gc.heap.generation=gen2],Metric,0
09/10/2026 13:12:35,System.Runtime,dotnet.gc.last_collection.heap.size (By)[gc.heap.generation=gen1],Metric,0
09/10/2026 13:12:35,System.Runtime,dotnet.gc.last_collection.heap.size (By)[gc.heap.generation=loh],Metric,0
09/10/2026 13:12:35,System.Runtime,dotnet.gc.last_collection.heap.size (By)[gc.heap.generation=poh],Metric,0
09/10/2026 13:12:35,System.Runtime,dotnet.thread_pool.work_item.count ({work_item} / 1 sec),Rate,601
09/10/2026 13:12:35,System.Runtime,dotnet.process.memory.working_set (By),Metric,83427328
09/10/2026 13:12:35,System.Runtime,dotnet.thread_pool.thread.count ({thread} / 1 sec),Rate,0
09/10/2026 13:12:35,System.Runtime,dotnet.jit.compilation.time (s / 1 sec),Rate,0
09/10/2026 13:12:36,System.Runtime,dotnet.jit.compiled_il.size (By / 1 sec),Rate,0
09/10/2026 13:12:36,System.Runtime,dotnet.jit.compiled_methods ({method} / 1 sec),Rate,0
09/10/2026 13:12:36,System.Runtime,dotnet.monitor.lock_contentions ({contention} / 1 sec),Rate,0
09/10/2026 13:12:36,System.Runtime,dotnet.gc.collections ({collection} / 1 sec)[gc.heap.generation=gen0],Rate,0
09/10/2026 13:12:36,System.Runtime,dotnet.gc.collections ({collection} / 1 sec)[gc.heap.generation=gen1],Rate,0
09/10/2026 13:12:36,System.Runtime,dotnet.gc.collections ({collection} / 1 sec)[gc.heap.generation=gen2],Rate,0
09/10/2026 13:12:36,System.Runtime,dotnet.process.cpu.time (s / 1 sec)[cpu.mode=system],Rate,0.03463500000000019
09/10/2026 13:12:36,System.Runtime,dotnet.process.cpu.time (s / 1 sec)[cpu.mode=user],Rate,0.5655399999999986
09/10/2026 13:12:36,System.Runtime,dotnet.process.cpu.count ({cpu}),Metric,15
09/10/2026 13:12:36,System.Runtime,dotnet.gc.pause.time (s / 1 sec),Rate,0
09/10/2026 13:12:36,System.Runtime,dotnet.thread_pool.queue.length ({work_item} / 1 sec),Rate,0
09/10/2026 13:12:36,System.Runtime,dotnet.gc.last_collection.memory.committed_size (By),Metric,0
09/10/2026 13:12:36,System.Runtime,dotnet.gc.last_collection.heap.fragmentation.size (By)[gc.heap.generation=gen0],Metric,0
09/10/2026 13:12:36,System.Runtime,dotnet.gc.last_collection.heap.fragmentation.size (By)[gc.heap.generation=gen2],Metric,0
09/10/2026 13:12:36,System.Runtime,dotnet.gc.last_collection.heap.fragmentation.size (By)[gc.heap.generation=gen1],Metric,0
09/10/2026 13:12:36,System.Runtime,dotnet.gc.last_collection.heap.fragmentation.size (By)[gc.heap.generation=loh],Metric,0
09/10/2026 13:12:36,System.Runtime,dotnet.gc.last_collection.heap.fragmentation.size (By)[gc.heap.generation=poh],Metric,0
09/10/2026 13:12:36,System.Runtime,dotnet.timer.count ({timer}),Metric,2
09/10/2026 13:12:36,System.Runtime,dotnet.assembly.count ({assembly}),Metric,61
09/10/2026 13:12:36,System.Runtime,dotnet.gc.heap.total_allocated (By / 1 sec),Rate,138376
09/10/2026 13:12:36,System.Runtime,dotnet.gc.last_collection.heap.size (By)[gc.heap.generation=gen0],Metric,0
09/10/2026 13:12:36,System.Runtime,dotnet.gc.last_collection.heap.size (By)[gc.heap.generation=gen2],Metric,0
09/10/2026 13:12:36,System.Runtime,dotnet.gc.last_collection.heap.size (By)[gc.heap.generation=gen1],Metric,0
09/10/2026 13:12:36,System.Runtime,dotnet.gc.last_collection.heap.size (By)[gc.heap.generation=loh],Metric,0
09/10/2026 13:12:36,System.Runtime,dotnet.gc.last_collection.heap.size (By)[gc.heap.generation=poh],Metric,0
09/10/2026 13:12:36,System.Runtime,dotnet.thread_pool.work_item.count ({work_item} / 1 sec),Rate,601
09/10/2026 13:12:36,System.Runtime,dotnet.process.memory.working_set (By),Metric,83591168
09/10/2026 13:12:36,System.Runtime,dotnet.thread_pool.thread.count ({thread} / 1 sec),Rate,0
09/10/2026 13:12:36,System.Runtime,dotnet.jit.compilation.time (s / 1 sec),Rate,0
09/10/2026 13:12:37,System.Runtime,dotnet.jit.compiled_il.size (By / 1 sec),Rate,0
09/10/2026 13:12:37,System.Runtime,dotnet.jit.compiled_methods ({method} / 1 sec),Rate,0
09/10/2026 13:12:37,System.Runtime,dotnet.monitor.lock_contentions ({contention} / 1 sec),Rate,0
09/10/2026 13:12:37,System.Runtime,dotnet.gc.collections ({collection} / 1 sec)[gc.heap.generation=gen0],Rate,0
09/10/2026 13:12:37,System.Runtime,dotnet.gc.collections ({collection} / 1 sec)[gc.heap.generation=gen1],Rate,0
09/10/2026 13:12:37,System.Runtime,dotnet.gc.collections ({collection} / 1 sec)[gc.heap.generation=gen2],Rate,0
09/10/2026 13:12:37,System.Runtime,dotnet.process.cpu.time (s / 1 sec)[cpu.mode=system],Rate,0.03390899999999997
09/10/2026 13:12:37,System.Runtime,dotnet.process.cpu.time (s / 1 sec)[cpu.mode=user],Rate,0.5668969999999973
09/10/2026 13:12:37,System.Runtime,dotnet.process.cpu.count ({cpu}),Metric,15
09/10/2026 13:12:37,System.Runtime,dotnet.gc.pause.time (s / 1 sec),Rate,0
09/10/2026 13:12:37,System.Runtime,dotnet.thread_pool.queue.length ({work_item} / 1 sec),Rate,0
09/10/2026 13:12:37,System.Runtime,dotnet.gc.last_collection.memory.committed_size (By),Metric,0
09/10/2026 13:12:37,System.Runtime,dotnet.gc.last_collection.heap.fragmentation.size (By)[gc.heap.generation=gen0],Metric,0
09/10/2026 13:12:37,System.Runtime,dotnet.gc.last_collection.heap.fragmentation.size (By)[gc.heap.generation=gen2],Metric,0
09/10/2026 13:12:37,System.Runtime,dotnet.gc.last_collection.heap.fragmentation.size (By)[gc.heap.generation=gen1],Metric,0
09/10/2026 13:12:37,System.Runtime,dotnet.gc.last_collection.heap.fragmentation.size (By)[gc.heap.generation=loh],Metric,0
09/10/2026 13:12:37,System.Runtime,dotnet.gc.last_collection.heap.fragmentation.size (By)[gc.heap.generation=poh],Metric,0
09/10/2026 13:12:37,System.Runtime,dotnet.timer.count ({timer}),Metric,2
09/10/2026 13:12:37,System.Runtime,dotnet.assembly.count ({assembly}),Metric,61
09/10/2026 13:12:37,System.Runtime,dotnet.gc.heap.total_allocated (By / 1 sec),Rate,131176
09/10/2026 13:12:37,System.Runtime,dotnet.gc.last_collection.heap.size (By)[gc.heap.generation=gen0],Metric,0
09/10/2026 13:12:37,System.Runtime,dotnet.gc.last_collection.heap.size (By)[gc.heap.generation=gen2],Metric,0
09/10/2026 13:12:37,System.Runtime,dotnet.gc.last_collection.heap.size (By)[gc.heap.generation=gen1],Metric,0
09/10/2026 13:12:37,System.Runtime,dotnet.gc.last_collection.heap.size (By)[gc.heap.generation=loh],Metric,0
09/10/2026 13:12:37,System.Runtime,dotnet.gc.last_collection.heap.size (By)[gc.heap.generation=poh],Metric,0
09/10/2026 13:12:37,System.Runtime,dotnet.thread_pool.work_item.count ({work_item} / 1 sec),Rate,601
09/10/2026 13:12:37,System.Runtime,dotnet.process.memory.working_set (By),Metric,83705856
09/10/2026 13:12:37,System.Runtime,dotnet.thread_pool.thread.count ({thread} / 1 sec),Rate,0
09/10/2026 13:12:37,System.Runtime,dotnet.jit.compilation.time (s / 1 sec),Rate,0
09/10/2026 13:12:38,System.Runtime,dotnet.jit.compiled_il.size (By / 1 sec),Rate,0
09/10/2026 13:12:38,System.Runtime,dotnet.jit.compiled_methods ({method} / 1 sec),Rate,0
09/10/2026 13:12:38,System.Runtime,dotnet.monitor.lock_contentions ({contention} / 1 sec),Rate,0
09/10/2026 13:12:38,System.Runtime,dotnet.gc.collections ({collection} / 1 sec)[gc.heap.generation=gen0],Rate,0
09/10/2026 13:12:38,System.Runtime,dotnet.gc.collections ({collection} / 1 sec)[gc.heap.generation=gen1],Rate,0
09/10/2026 13:12:38,System.Runtime,dotnet.gc.collections ({collection} / 1 sec)[gc.heap.generation=gen2],Rate,0
09/10/2026 13:12:38,System.Runtime,dotnet.process.cpu.time (s / 1 sec)[cpu.mode=system],Rate,0.03327599999999986
09/10/2026 13:12:38,System.Runtime,dotnet.process.cpu.time (s / 1 sec)[cpu.mode=user],Rate,0.5685300000000026
09/10/2026 13:12:38,System.Runtime,dotnet.process.cpu.count ({cpu}),Metric,15
09/10/2026 13:12:38,System.Runtime,dotnet.gc.pause.time (s / 1 sec),Rate,0
09/10/2026 13:12:38,System.Runtime,dotnet.thread_pool.queue.length ({work_item} / 1 sec),Rate,0
09/10/2026 13:12:38,System.Runtime,dotnet.gc.last_collection.memory.committed_size (By),Metric,0
09/10/2026 13:12:38,System.Runtime,dotnet.gc.last_collection.heap.fragmentation.size (By)[gc.heap.generation=gen0],Metric,0
09/10/2026 13:12:38,System.Runtime,dotnet.gc.last_collection.heap.fragmentation.size (By)[gc.heap.generation=gen2],Metric,0
09/10/2026 13:12:38,System.Runtime,dotnet.gc.last_collection.heap.fragmentation.size (By)[gc.heap.generation=gen1],Metric,0
09/10/2026 13:12:38,System.Runtime,dotnet.gc.last_collection.heap.fragmentation.size (By)[gc.heap.generation=loh],Metric,0
09/10/2026 13:12:38,System.Runtime,dotnet.gc.last_collection.heap.fragmentation.size (By)[gc.heap.generation=poh],Metric,0
09/10/2026 13:12:38,System.Runtime,dotnet.timer.count ({timer}),Metric,2
09/10/2026 13:12:38,System.Runtime,dotnet.assembly.count ({assembly}),Metric,61
09/10/2026 13:12:38,System.Runtime,dotnet.gc.heap.total_allocated (By / 1 sec),Rate,137328
09/10/2026 13:12:38,System.Runtime,dotnet.gc.last_collection.heap.size (By)[gc.heap.generation=gen0],Metric,0
09/10/2026 13:12:38,System.Runtime,dotnet.gc.last_collection.heap.size (By)[gc.heap.generation=gen2],Metric,0
09/10/2026 13:12:38,System.Runtime,dotnet.gc.last_collection.heap.size (By)[gc.heap.generation=gen1],Metric,0
09/10/2026 13:12:38,System.Runtime,dotnet.gc.last_collection.heap.size (By)[gc.heap.generation=loh],Metric,0
09/10/2026 13:12:38,System.Runtime,dotnet.gc.last_collection.heap.size (By)[gc.heap.generation=poh],Metric,0
09/10/2026 13:12:38,System.Runtime,dotnet.thread_pool.work_item.count ({work_item} / 1 sec),Rate,602
09/10/2026 13:12:38,System.Runtime,dotnet.process.memory.working_set (By),Metric,83853312
09/10/2026 13:12:38,System.Runtime,dotnet.thread_pool.thread.count ({thread} / 1 sec),Rate,0
09/10/2026 13:12:38,System.Runtime,dotnet.jit.compilation.time (s / 1 sec),Rate,0
09/10/2026 13:12:39,System.Runtime,dotnet.jit.compiled_il.size (By / 1 sec),Rate,66
09/10/2026 13:12:39,System.Runtime,dotnet.jit.compiled_methods ({method} / 1 sec),Rate,2
09/10/2026 13:12:39,System.Runtime,dotnet.monitor.lock_contentions ({contention} / 1 sec),Rate,0
09/10/2026 13:12:39,System.Runtime,dotnet.gc.collections ({collection} / 1 sec)[gc.heap.generation=gen0],Rate,0
09/10/2026 13:12:39,System.Runtime,dotnet.gc.collections ({collection} / 1 sec)[gc.heap.generation=gen1],Rate,0
09/10/2026 13:12:39,System.Runtime,dotnet.gc.collections ({collection} / 1 sec)[gc.heap.generation=gen2],Rate,0
09/10/2026 13:12:39,System.Runtime,dotnet.process.cpu.time (s / 1 sec)[cpu.mode=system],Rate,0.03387999999999991
09/10/2026 13:12:39,System.Runtime,dotnet.process.cpu.time (s / 1 sec)[cpu.mode=user],Rate,0.5673609999999982
09/10/2026 13:12:39,System.Runtime,dotnet.process.cpu.count ({cpu}),Metric,15
09/10/2026 13:12:39,System.Runtime,dotnet.gc.pause.time (s / 1 sec),Rate,0
09/10/2026 13:12:39,System.Runtime,dotnet.thread_pool.queue.length ({work_item} / 1 sec),Rate,0
09/10/2026 13:12:39,System.Runtime,dotnet.gc.last_collection.memory.committed_size (By),Metric,0
09/10/2026 13:12:39,System.Runtime,dotnet.gc.last_collection.heap.fragmentation.size (By)[gc.heap.generation=gen0],Metric,0
09/10/2026 13:12:39,System.Runtime,dotnet.gc.last_collection.heap.fragmentation.size (By)[gc.heap.generation=gen2],Metric,0
09/10/2026 13:12:39,System.Runtime,dotnet.gc.last_collection.heap.fragmentation.size (By)[gc.heap.generation=gen1],Metric,0
09/10/2026 13:12:39,System.Runtime,dotnet.gc.last_collection.heap.fragmentation.size (By)[gc.heap.generation=loh],Metric,0
09/10/2026 13:12:39,System.Runtime,dotnet.gc.last_collection.heap.fragmentation.size (By)[gc.heap.generation=poh],Metric,0
09/10/2026 13:12:39,System.Runtime,dotnet.timer.count ({timer}),Metric,2
09/10/2026 13:12:39,System.Runtime,dotnet.assembly.count ({assembly}),Metric,61
09/10/2026 13:12:39,System.Runtime,dotnet.gc.heap.total_allocated (By / 1 sec),Rate,139400
09/10/2026 13:12:39,System.Runtime,dotnet.gc.last_collection.heap.size (By)[gc.heap.generation=gen0],Metric,0
09/10/2026 13:12:39,System.Runtime,dotnet.gc.last_collection.heap.size (By)[gc.heap.generation=gen2],Metric,0
09/10/2026 13:12:39,System.Runtime,dotnet.gc.last_collection.heap.size (By)[gc.heap.generation=gen1],Metric,0
09/10/2026 13:12:39,System.Runtime,dotnet.gc.last_collection.heap.size (By)[gc.heap.generation=loh],Metric,0
09/10/2026 13:12:39,System.Runtime,dotnet.gc.last_collection.heap.size (By)[gc.heap.generation=poh],Metric,0
09/10/2026 13:12:39,System.Runtime,dotnet.thread_pool.work_item.count ({work_item} / 1 sec),Rate,601
09/10/2026 13:12:39,System.Runtime,dotnet.process.memory.working_set (By),Metric,84049920
09/10/2026 13:12:39,System.Runtime,dotnet.thread_pool.thread.count ({thread} / 1 sec),Rate,0
09/10/2026 13:12:39,System.Runtime,dotnet.jit.compilation.time (s / 1 sec),Rate,0.0002450999999999981
09/10/2026 13:12:40,System.Runtime,dotnet.jit.compiled_il.size (By / 1 sec),Rate,0
09/10/2026 13:12:40,System.Runtime,dotnet.jit.compiled_methods ({method} / 1 sec),Rate,0
09/10/2026 13:12:40,System.Runtime,dotnet.monitor.lock_contentions ({contention} / 1 sec),Rate,0
09/10/2026 13:12:40,System.Runtime,dotnet.gc.collections ({collection} / 1 sec)[gc.heap.generation=gen0],Rate,0
09/10/2026 13:12:40,System.Runtime,dotnet.gc.collections ({collection} / 1 sec)[gc.heap.generation=gen1],Rate,0
09/10/2026 13:12:40,System.Runtime,dotnet.gc.collections ({collection} / 1 sec)[gc.heap.generation=gen2],Rate,0
09/10/2026 13:12:40,System.Runtime,dotnet.process.cpu.time (s / 1 sec)[cpu.mode=system],Rate,0.03485400000000016
09/10/2026 13:12:40,System.Runtime,dotnet.process.cpu.time (s / 1 sec)[cpu.mode=user],Rate,0.5659729999999996
09/10/2026 13:12:40,System.Runtime,dotnet.process.cpu.count ({cpu}),Metric,15
09/10/2026 13:12:40,System.Runtime,dotnet.gc.pause.time (s / 1 sec),Rate,0
09/10/2026 13:12:40,System.Runtime,dotnet.thread_pool.queue.length ({work_item} / 1 sec),Rate,0
09/10/2026 13:12:40,System.Runtime,dotnet.gc.last_collection.memory.committed_size (By),Metric,0
09/10/2026 13:12:40,System.Runtime,dotnet.gc.last_collection.heap.fragmentation.size (By)[gc.heap.generation=gen0],Metric,0
09/10/2026 13:12:40,System.Runtime,dotnet.gc.last_collection.heap.fragmentation.size (By)[gc.heap.generation=gen2],Metric,0
09/10/2026 13:12:40,System.Runtime,dotnet.gc.last_collection.heap.fragmentation.size (By)[gc.heap.generation=gen1],Metric,0
09/10/2026 13:12:40,System.Runtime,dotnet.gc.last_collection.heap.fragmentation.size (By)[gc.heap.generation=loh],Metric,0
09/10/2026 13:12:40,System.Runtime,dotnet.gc.last_collection.heap.fragmentation.size (By)[gc.heap.generation=poh],Metric,0
09/10/2026 13:12:40,System.Runtime,dotnet.timer.count ({timer}),Metric,2
09/10/2026 13:12:40,System.Runtime,dotnet.assembly.count ({assembly}),Metric,61
09/10/2026 13:12:40,System.Runtime,dotnet.gc.heap.total_allocated (By / 1 sec),Rate,131200
09/10/2026 13:12:40,System.Runtime,dotnet.gc.last_collection.heap.size (By)[gc.heap.generation=gen0],Metric,0
09/10/2026 13:12:40,System.Runtime,dotnet.gc.last_collection.heap.size (By)[gc.heap.generation=gen2],Metric,0
09/10/2026 13:12:40,System.Runtime,dotnet.gc.last_collection.heap.size (By)[gc.heap.generation=gen1],Metric,0
09/10/2026 13:12:40,System.Runtime,dotnet.gc.last_collection.heap.size (By)[gc.heap.generation=loh],Metric,0
09/10/2026 13:12:40,System.Runtime,dotnet.gc.last_collection.heap.size (By)[gc.heap.generation=poh],Metric,0
09/10/2026 13:12:40,System.Runtime,dotnet.thread_pool.work_item.count ({work_item} / 1 sec),Rate,601
09/10/2026 13:12:40,System.Runtime,dotnet.process.memory.working_set (By),Metric,84213760
09/10/2026 13:12:40,System.Runtime,dotnet.thread_pool.thread.count ({thread} / 1 sec),Rate,0
09/10/2026 13:12:40,System.Runtime,dotnet.jit.compilation.time (s / 1 sec),Rate,0
09/10/2026 13:12:41,System.Runtime,dotnet.jit.compiled_il.size (By / 1 sec),Rate,0
09/10/2026 13:12:41,System.Runtime,dotnet.jit.compiled_methods ({method} / 1 sec),Rate,0
09/10/2026 13:12:41,System.Runtime,dotnet.monitor.lock_contentions ({contention} / 1 sec),Rate,0
09/10/2026 13:12:41,System.Runtime,dotnet.gc.collections ({collection} / 1 sec)[gc.heap.generation=gen0],Rate,0
09/10/2026 13:12:41,System.Runtime,dotnet.gc.collections ({collection} / 1 sec)[gc.heap.generation=gen1],Rate,0
09/10/2026 13:12:41,System.Runtime,dotnet.gc.collections ({collection} / 1 sec)[gc.heap.generation=gen2],Rate,0
09/10/2026 13:12:41,System.Runtime,dotnet.process.cpu.time (s / 1 sec)[cpu.mode=system],Rate,0.03382499999999977
09/10/2026 13:12:41,System.Runtime,dotnet.process.cpu.time (s / 1 sec)[cpu.mode=user],Rate,0.5699280000000044
09/10/2026 13:12:41,System.Runtime,dotnet.process.cpu.count ({cpu}),Metric,15
09/10/2026 13:12:41,System.Runtime,dotnet.gc.pause.time (s / 1 sec),Rate,0
09/10/2026 13:12:41,System.Runtime,dotnet.thread_pool.queue.length ({work_item} / 1 sec),Rate,0
09/10/2026 13:12:41,System.Runtime,dotnet.gc.last_collection.memory.committed_size (By),Metric,0
09/10/2026 13:12:41,System.Runtime,dotnet.gc.last_collection.heap.fragmentation.size (By)[gc.heap.generation=gen0],Metric,0
09/10/2026 13:12:41,System.Runtime,dotnet.gc.last_collection.heap.fragmentation.size (By)[gc.heap.generation=gen2],Metric,0
09/10/2026 13:12:41,System.Runtime,dotnet.gc.last_collection.heap.fragmentation.size (By)[gc.heap.generation=gen1],Metric,0
09/10/2026 13:12:41,System.Runtime,dotnet.gc.last_collection.heap.fragmentation.size (By)[gc.heap.generation=loh],Metric,0
09/10/2026 13:12:41,System.Runtime,dotnet.gc.last_collection.heap.fragmentation.size (By)[gc.heap.generation=poh],Metric,0
09/10/2026 13:12:41,System.Runtime,dotnet.timer.count ({timer}),Metric,2
09/10/2026 13:12:41,System.Runtime,dotnet.assembly.count ({assembly}),Metric,61
09/10/2026 13:12:41,System.Runtime,dotnet.gc.heap.total_allocated (By / 1 sec),Rate,146576
09/10/2026 13:12:41,System.Runtime,dotnet.gc.last_collection.heap.size (By)[gc.heap.generation=gen0],Metric,0
09/10/2026 13:12:41,System.Runtime,dotnet.gc.last_collection.heap.size (By)[gc.heap.generation=gen2],Metric,0
09/10/2026 13:12:41,System.Runtime,dotnet.gc.last_collection.heap.size (By)[gc.heap.generation=gen1],Metric,0
09/10/2026 13:12:41,System.Runtime,dotnet.gc.last_collection.heap.size (By)[gc.heap.generation=loh],Metric,0
09/10/2026 13:12:41,System.Runtime,dotnet.gc.last_collection.heap.size (By)[gc.heap.generation=poh],Metric,0
09/10/2026 13:12:41,System.Runtime,dotnet.thread_pool.work_item.count ({work_item} / 1 sec),Rate,601
09/10/2026 13:12:41,System.Runtime,dotnet.process.memory.working_set (By),Metric,84344832
09/10/2026 13:12:41,System.Runtime,dotnet.thread_pool.thread.count ({thread} / 1 sec),Rate,0
09/10/2026 13:12:41,System.Runtime,dotnet.jit.compilation.time (s / 1 sec),Rate,0
09/10/2026 13:12:42,System.Runtime,dotnet.jit.compiled_il.size (By / 1 sec),Rate,63
09/10/2026 13:12:42,System.Runtime,dotnet.jit.compiled_methods ({method} / 1 sec),Rate,1
09/10/2026 13:12:42,System.Runtime,dotnet.monitor.lock_contentions ({contention} / 1 sec),Rate,1
09/10/2026 13:12:42,System.Runtime,dotnet.gc.collections ({collection} / 1 sec)[gc.heap.generation=gen0],Rate,0
09/10/2026 13:12:42,System.Runtime,dotnet.gc.collections ({collection} / 1 sec)[gc.heap.generation=gen1],Rate,0
09/10/2026 13:12:42,System.Runtime,dotnet.gc.collections ({collection} / 1 sec)[gc.heap.generation=gen2],Rate,0
09/10/2026 13:12:42,System.Runtime,dotnet.process.cpu.time (s / 1 sec)[cpu.mode=system],Rate,0.03018300000000007
09/10/2026 13:12:42,System.Runtime,dotnet.process.cpu.time (s / 1 sec)[cpu.mode=user],Rate,0.5686880000000016
09/10/2026 13:12:42,System.Runtime,dotnet.process.cpu.count ({cpu}),Metric,15
09/10/2026 13:12:42,System.Runtime,dotnet.gc.pause.time (s / 1 sec),Rate,0
09/10/2026 13:12:42,System.Runtime,dotnet.thread_pool.queue.length ({work_item} / 1 sec),Rate,0
09/10/2026 13:12:42,System.Runtime,dotnet.gc.last_collection.memory.committed_size (By),Metric,0
09/10/2026 13:12:42,System.Runtime,dotnet.gc.last_collection.heap.fragmentation.size (By)[gc.heap.generation=gen0],Metric,0
09/10/2026 13:12:42,System.Runtime,dotnet.gc.last_collection.heap.fragmentation.size (By)[gc.heap.generation=gen2],Metric,0
09/10/2026 13:12:42,System.Runtime,dotnet.gc.last_collection.heap.fragmentation.size (By)[gc.heap.generation=gen1],Metric,0
09/10/2026 13:12:42,System.Runtime,dotnet.gc.last_collection.heap.fragmentation.size (By)[gc.heap.generation=loh],Metric,0
09/10/2026 13:12:42,System.Runtime,dotnet.gc.last_collection.heap.fragmentation.size (By)[gc.heap.generation=poh],Metric,0
09/10/2026 13:12:42,System.Runtime,dotnet.timer.count ({timer}),Metric,2
09/10/2026 13:12:42,System.Runtime,dotnet.assembly.count ({assembly}),Metric,61
09/10/2026 13:12:42,System.Runtime,dotnet.gc.heap.total_allocated (By / 1 sec),Rate,138480
09/10/2026 13:12:42,System.Runtime,dotnet.gc.last_collection.heap.size (By)[gc.heap.generation=gen0],Metric,0
09/10/2026 13:12:42,System.Runtime,dotnet.gc.last_collection.heap.size (By)[gc.heap.generation=gen2],Metric,0
09/10/2026 13:12:42,System.Runtime,dotnet.gc.last_collection.heap.size (By)[gc.heap.generation=gen1],Metric,0
09/10/2026 13:12:42,System.Runtime,dotnet.gc.last_collection.heap.size (By)[gc.heap.generation=loh],Metric,0
09/10/2026 13:12:42,System.Runtime,dotnet.gc.last_collection.heap.size (By)[gc.heap.generation=poh],Metric,0
09/10/2026 13:12:42,System.Runtime,dotnet.thread_pool.work_item.count ({work_item} / 1 sec),Rate,598
09/10/2026 13:12:42,System.Runtime,dotnet.process.memory.working_set (By),Metric,84492288
09/10/2026 13:12:42,System.Runtime,dotnet.thread_pool.thread.count ({thread} / 1 sec),Rate,0
09/10/2026 13:12:42,System.Runtime,dotnet.jit.compilation.time (s / 1 sec),Rate,0.0001931000000000016
09/10/2026 13:12:43,System.Runtime,dotnet.jit.compiled_il.size (By / 1 sec),Rate,390
09/10/2026 13:12:43,System.Runtime,dotnet.jit.compiled_methods ({method} / 1 sec),Rate,17
09/10/2026 13:12:43,System.Runtime,dotnet.monitor.lock_contentions ({contention} / 1 sec),Rate,0
09/10/2026 13:12:43,System.Runtime,dotnet.gc.collections ({collection} / 1 sec)[gc.heap.generation=gen0],Rate,0
09/10/2026 13:12:43,System.Runtime,dotnet.gc.collections ({collection} / 1 sec)[gc.heap.generation=gen1],Rate,0
09/10/2026 13:12:43,System.Runtime,dotnet.gc.collections ({collection} / 1 sec)[gc.heap.generation=gen2],Rate,0
09/10/2026 13:12:43,System.Runtime,dotnet.process.cpu.time (s / 1 sec)[cpu.mode=system],Rate,0.034505999999999926
09/10/2026 13:12:43,System.Runtime,dotnet.process.cpu.time (s / 1 sec)[cpu.mode=user],Rate,0.5700229999999991
09/10/2026 13:12:43,System.Runtime,dotnet.process.cpu.count ({cpu}),Metric,15
09/10/2026 13:12:43,System.Runtime,dotnet.gc.pause.time (s / 1 sec),Rate,0
09/10/2026 13:12:43,System.Runtime,dotnet.thread_pool.queue.length ({work_item} / 1 sec),Rate,0
09/10/2026 13:12:43,System.Runtime,dotnet.gc.last_collection.memory.committed_size (By),Metric,0
09/10/2026 13:12:43,System.Runtime,dotnet.gc.last_collection.heap.fragmentation.size (By)[gc.heap.generation=gen0],Metric,0
09/10/2026 13:12:43,System.Runtime,dotnet.gc.last_collection.heap.fragmentation.size (By)[gc.heap.generation=gen2],Metric,0
09/10/2026 13:12:43,System.Runtime,dotnet.gc.last_collection.heap.fragmentation.size (By)[gc.heap.generation=gen1],Metric,0
09/10/2026 13:12:43,System.Runtime,dotnet.gc.last_collection.heap.fragmentation.size (By)[gc.heap.generation=loh],Metric,0
09/10/2026 13:12:43,System.Runtime,dotnet.gc.last_collection.heap.fragmentation.size (By)[gc.heap.generation=poh],Metric,0
09/10/2026 13:12:43,System.Runtime,dotnet.timer.count ({timer}),Metric,2
09/10/2026 13:12:43,System.Runtime,dotnet.assembly.count ({assembly}),Metric,61
09/10/2026 13:12:43,System.Runtime,dotnet.gc.heap.total_allocated (By / 1 sec),Rate,138352
09/10/2026 13:12:43,System.Runtime,dotnet.gc.last_collection.heap.size (By)[gc.heap.generation=gen0],Metric,0
09/10/2026 13:12:43,System.Runtime,dotnet.gc.last_collection.heap.size (By)[gc.heap.generation=gen2],Metric,0
09/10/2026 13:12:43,System.Runtime,dotnet.gc.last_collection.heap.size (By)[gc.heap.generation=gen1],Metric,0
09/10/2026 13:12:43,System.Runtime,dotnet.gc.last_collection.heap.size (By)[gc.heap.generation=loh],Metric,0
09/10/2026 13:12:43,System.Runtime,dotnet.gc.last_collection.heap.size (By)[gc.heap.generation=poh],Metric,0
09/10/2026 13:12:43,System.Runtime,dotnet.thread_pool.work_item.count ({work_item} / 1 sec),Rate,600
09/10/2026 13:12:43,System.Runtime,dotnet.process.memory.working_set (By),Metric,84672512
09/10/2026 13:12:43,System.Runtime,dotnet.thread_pool.thread.count ({thread} / 1 sec),Rate,0
09/10/2026 13:12:43,System.Runtime,dotnet.jit.compilation.time (s / 1 sec),Rate,0.0011456999999999717
