Timestamp,Provider,Counter Name,Counter Type,Mean/Increment
09/11/2026 06:03:00,System.Runtime,dotnet.process.cpu.count ({cpu}),Metric,15
09/11/2026 06:03:00,System.Runtime,dotnet.gc.last_collection.memory.committed_size (By),Metric,0
09/11/2026 06:03:00,System.Runtime,dotnet.gc.last_collection.heap.fragmentation.size (By)[gc.heap.generation=gen0],Metric,0
09/11/2026 06:03:00,System.Runtime,dotnet.gc.last_collection.heap.fragmentation.size (By)[gc.heap.generation=loh],Metric,0
09/11/2026 06:03:00,System.Runtime,dotnet.gc.last_collection.heap.fragmentation.size (By)[gc.heap.generation=poh],Metric,0
09/11/2026 06:03:00,System.Runtime,dotnet.gc.last_collection.heap.fragmentation.size (By)[gc.heap.generation=gen2],Metric,0
09/11/2026 06:03:00,System.Runtime,dotnet.gc.last_collection.heap.fragmentation.size (By)[gc.heap.generation=gen1],Metric,0
09/11/2026 06:03:00,System.Runtime,dotnet.timer.count ({timer}),Metric,3
09/11/2026 06:03:00,System.Runtime,dotnet.assembly.count ({assembly}),Metric,61
09/11/2026 06:03:00,System.Runtime,dotnet.gc.last_collection.heap.size (By)[gc.heap.generation=gen0],Metric,0
09/11/2026 06:03:00,System.Runtime,dotnet.gc.last_collection.heap.size (By)[gc.heap.generation=loh],Metric,0
09/11/2026 06:03:00,System.Runtime,dotnet.gc.last_collection.heap.size (By)[gc.heap.generation=poh],Metric,0
09/11/2026 06:03:00,System.Runtime,dotnet.gc.last_collection.heap.size (By)[gc.heap.generation=gen2],Metric,0
09/11/2026 06:03:00,System.Runtime,dotnet.gc.last_collection.heap.size (By)[gc.heap.generation=gen1],Metric,0
09/11/2026 06:03:00,System.Runtime,dotnet.process.memory.working_set (By),Metric,70877184
09/11/2026 06:03:01,System.Runtime,dotnet.jit.compiled_il.size (By / 1 sec),Rate,16733
09/11/2026 06:03:01,System.Runtime,dotnet.jit.compiled_methods ({method} / 1 sec),Rate,126
09/11/2026 06:03:01,System.Runtime,dotnet.monitor.lock_contentions ({contention} / 1 sec),Rate,2
09/11/2026 06:03:01,System.Runtime,dotnet.gc.collections ({collection} / 1 sec)[gc.heap.generation=gen0],Rate,0
09/11/2026 06:03:01,System.Runtime,dotnet.gc.collections ({collection} / 1 sec)[gc.heap.generation=gen2],Rate,0
09/11/2026 06:03:01,System.Runtime,dotnet.gc.collections ({collection} / 1 sec)[gc.heap.generation=gen1],Rate,0
09/11/2026 06:03:01,System.Runtime,dotnet.process.cpu.time (s / 1 sec)[cpu.mode=user],Rate,0.19948699999999997
09/11/2026 06:03:01,System.Runtime,dotnet.process.cpu.time (s / 1 sec)[cpu.mode=system],Rate,0.023184999999999983
09/11/2026 06:03:01,System.Runtime,dotnet.process.cpu.count ({cpu}),Metric,15
09/11/2026 06:03:01,System.Runtime,dotnet.gc.pause.time (s / 1 sec),Rate,0
09/11/2026 06:03:01,System.Runtime,dotnet.thread_pool.queue.length ({work_item} / 1 sec),Rate,0
09/11/2026 06:03:01,System.Runtime,dotnet.gc.last_collection.memory.committed_size (By),Metric,0
09/11/2026 06:03:01,System.Runtime,dotnet.gc.last_collection.heap.fragmentation.size (By)[gc.heap.generation=gen0],Metric,0
09/11/2026 06:03:01,System.Runtime,dotnet.gc.last_collection.heap.fragmentation.size (By)[gc.heap.generation=loh],Metric,0
09/11/2026 06:03:01,System.Runtime,dotnet.gc.last_collection.heap.fragmentation.size (By)[gc.heap.generation=poh],Metric,0
09/11/2026 06:03:01,System.Runtime,dotnet.gc.last_collection.heap.fragmentation.size (By)[gc.heap.generation=gen2],Metric,0
09/11/2026 06:03:01,System.Runtime,dotnet.gc.last_collection.heap.fragmentation.size (By)[gc.heap.generation=gen1],Metric,0
09/11/2026 06:03:01,System.Runtime,dotnet.timer.count ({timer}),Metric,3
09/11/2026 06:03:01,System.Runtime,dotnet.assembly.count ({assembly}),Metric,61
09/11/2026 06:03:01,System.Runtime,dotnet.gc.heap.total_allocated (By / 1 sec),Rate,179056
09/11/2026 06:03:01,System.Runtime,dotnet.gc.last_collection.heap.size (By)[gc.heap.generation=gen0],Metric,0
09/11/2026 06:03:01,System.Runtime,dotnet.gc.last_collection.heap.size (By)[gc.heap.generation=loh],Metric,0
09/11/2026 06:03:01,System.Runtime,dotnet.gc.last_collection.heap.size (By)[gc.heap.generation=poh],Metric,0
09/11/2026 06:03:01,System.Runtime,dotnet.gc.last_collection.heap.size (By)[gc.heap.generation=gen2],Metric,0
09/11/2026 06:03:01,System.Runtime,dotnet.gc.last_collection.heap.size (By)[gc.heap.generation=gen1],Metric,0
09/11/2026 06:03:01,System.Runtime,dotnet.thread_pool.work_item.count ({work_item} / 1 sec),Rate,404
09/11/2026 06:03:01,System.Runtime,dotnet.process.memory.working_set (By),Metric,71532544
09/11/2026 06:03:01,System.Runtime,dotnet.thread_pool.thread.count ({thread} / 1 sec),Rate,0
09/11/2026 06:03:01,System.Runtime,dotnet.jit.compilation.time (s / 1 sec),Rate,0.051130800000000004
09/11/2026 06:03:02,System.Runtime,dotnet.jit.compiled_il.size (By / 1 sec),Rate,7622
09/11/2026 06:03:02,System.Runtime,dotnet.jit.compiled_methods ({method} / 1 sec),Rate,57
09/11/2026 06:03:02,System.Runtime,dotnet.monitor.lock_contentions ({contention} / 1 sec),Rate,2
09/11/2026 06:03:02,System.Runtime,dotnet.gc.collections ({collection} / 1 sec)[gc.heap.generation=gen0],Rate,0
09/11/2026 06:03:02,System.Runtime,dotnet.gc.collections ({collection} / 1 sec)[gc.heap.generation=gen2],Rate,0
09/11/2026 06:03:02,System.Runtime,dotnet.gc.collections ({collection} / 1 sec)[gc.heap.generation=gen1],Rate,0
09/11/2026 06:03:02,System.Runtime,dotnet.process.cpu.time (s / 1 sec)[cpu.mode=user],Rate,0.18045099999999992
09/11/2026 06:03:02,System.Runtime,dotnet.process.cpu.time (s / 1 sec)[cpu.mode=system],Rate,0.024465000000000015
09/11/2026 06:03:02,System.Runtime,dotnet.process.cpu.count ({cpu}),Metric,15
09/11/2026 06:03:02,System.Runtime,dotnet.gc.pause.time (s / 1 sec),Rate,0
09/11/2026 06:03:02,System.Runtime,dotnet.thread_pool.queue.length ({work_item} / 1 sec),Rate,0
09/11/2026 06:03:02,System.Runtime,dotnet.gc.last_collection.memory.committed_size (By),Metric,0
09/11/2026 06:03:02,System.Runtime,dotnet.gc.last_collection.heap.fragmentation.size (By)[gc.heap.generation=gen0],Metric,0
09/11/2026 06:03:02,System.Runtime,dotnet.gc.last_collection.heap.fragmentation.size (By)[gc.heap.generation=loh],Metric,0
09/11/2026 06:03:02,System.Runtime,dotnet.gc.last_collection.heap.fragmentation.size (By)[gc.heap.generation=poh],Metric,0
09/11/2026 06:03:02,System.Runtime,dotnet.gc.last_collection.heap.fragmentation.size (By)[gc.heap.generation=gen2],Metric,0
09/11/2026 06:03:02,System.Runtime,dotnet.gc.last_collection.heap.fragmentation.size (By)[gc.heap.generation=gen1],Metric,0
09/11/2026 06:03:02,System.Runtime,dotnet.timer.count ({timer}),Metric,3
09/11/2026 06:03:02,System.Runtime,dotnet.assembly.count ({assembly}),Metric,61
09/11/2026 06:03:02,System.Runtime,dotnet.gc.heap.total_allocated (By / 1 sec),Rate,172136
09/11/2026 06:03:02,System.Runtime,dotnet.gc.last_collection.heap.size (By)[gc.heap.generation=gen0],Metric,0
09/11/2026 06:03:02,System.Runtime,dotnet.gc.last_collection.heap.size (By)[gc.heap.generation=loh],Metric,0
09/11/2026 06:03:02,System.Runtime,dotnet.gc.last_collection.heap.size (By)[gc.heap.generation=poh],Metric,0
09/11/2026 06:03:02,System.Runtime,dotnet.gc.last_collection.heap.size (By)[gc.heap.generation=gen2],Metric,0
09/11/2026 06:03:02,System.Runtime,dotnet.gc.last_collection.heap.size (By)[gc.heap.generation=gen1],Metric,0
09/11/2026 06:03:02,System.Runtime,dotnet.thread_pool.work_item.count ({work_item} / 1 sec),Rate,406
09/11/2026 06:03:02,System.Runtime,dotnet.process.memory.working_set (By),Metric,71778304
09/11/2026 06:03:02,System.Runtime,dotnet.thread_pool.thread.count ({thread} / 1 sec),Rate,0
09/11/2026 06:03:02,System.Runtime,dotnet.jit.compilation.time (s / 1 sec),Rate,0.031310700000000025
09/11/2026 06:03:03,System.Runtime,dotnet.jit.compiled_il.size (By / 1 sec),Rate,7809
09/11/2026 06:03:03,System.Runtime,dotnet.jit.compiled_methods ({method} / 1 sec),Rate,97
09/11/2026 06:03:03,System.Runtime,dotnet.monitor.lock_contentions ({contention} / 1 sec),Rate,0
09/11/2026 06:03:03,System.Runtime,dotnet.gc.collections ({collection} / 1 sec)[gc.heap.generation=gen0],Rate,0
09/11/2026 06:03:03,System.Runtime,dotnet.gc.collections ({collection} / 1 sec)[gc.heap.generation=gen2],Rate,0
09/11/2026 06:03:03,System.Runtime,dotnet.gc.collections ({collection} / 1 sec)[gc.heap.generation=gen1],Rate,0
09/11/2026 06:03:03,System.Runtime,dotnet.process.cpu.time (s / 1 sec)[cpu.mode=user],Rate,0.1834530000000001
09/11/2026 06:03:03,System.Runtime,dotnet.process.cpu.time (s / 1 sec)[cpu.mode=system],Rate,0.023223999999999995
09/11/2026 06:03:03,System.Runtime,dotnet.process.cpu.count ({cpu}),Metric,15
09/11/2026 06:03:03,System.Runtime,dotnet.gc.pause.time (s / 1 sec),Rate,0
09/11/2026 06:03:03,System.Runtime,dotnet.thread_pool.queue.length ({work_item} / 1 sec),Rate,0
09/11/2026 06:03:03,System.Runtime,dotnet.gc.last_collection.memory.committed_size (By),Metric,0
09/11/2026 06:03:03,System.Runtime,dotnet.gc.last_collection.heap.fragmentation.size (By)[gc.heap.generation=gen0],Metric,0
09/11/2026 06:03:03,System.Runtime,dotnet.gc.last_collection.heap.fragmentation.size (By)[gc.heap.generation=loh],Metric,0
09/11/2026 06:03:03,System.Runtime,dotnet.gc.last_collection.heap.fragmentation.size (By)[gc.heap.generation=poh],Metric,0
09/11/2026 06:03:03,System.Runtime,dotnet.gc.last_collection.heap.fragmentation.size (By)[gc.heap.generation=gen2],Metric,0
09/11/2026 06:03:03,System.Runtime,dotnet.gc.last_collection.heap.fragmentation.size (By)[gc.heap.generation=gen1],Metric,0
09/11/2026 06:03:03,System.Runtime,dotnet.timer.count ({timer}),Metric,3
09/11/2026 06:03:03,System.Runtime,dotnet.assembly.count ({assembly}),Metric,61
09/11/2026 06:03:03,System.Runtime,dotnet.gc.heap.total_allocated (By / 1 sec),Rate,164000
09/11/2026 06:03:03,System.Runtime,dotnet.gc.last_collection.heap.size (By)[gc.heap.generation=gen0],Metric,0
09/11/2026 06:03:03,System.Runtime,dotnet.gc.last_collection.heap.size (By)[gc.heap.generation=loh],Metric,0
09/11/2026 06:03:03,System.Runtime,dotnet.gc.last_collection.heap.size (By)[gc.heap.generation=poh],Metric,0
09/11/2026 06:03:03,System.Runtime,dotnet.gc.last_collection.heap.size (By)[gc.heap.generation=gen2],Metric,0
09/11/2026 06:03:03,System.Runtime,dotnet.gc.last_collection.heap.size (By)[gc.heap.generation=gen1],Metric,0
09/11/2026 06:03:03,System.Runtime,dotnet.thread_pool.work_item.count ({work_item} / 1 sec),Rate,405
09/11/2026 06:03:03,System.Runtime,dotnet.process.memory.working_set (By),Metric,72171520
09/11/2026 06:03:03,System.Runtime,dotnet.thread_pool.thread.count ({thread} / 1 sec),Rate,0
09/11/2026 06:03:03,System.Runtime,dotnet.jit.compilation.time (s / 1 sec),Rate,0.03504229999999997
09/11/2026 06:03:04,System.Runtime,dotnet.jit.compiled_il.size (By / 1 sec),Rate,5816
09/11/2026 06:03:04,System.Runtime,dotnet.jit.compiled_methods ({method} / 1 sec),Rate,45
09/11/2026 06:03:04,System.Runtime,dotnet.monitor.lock_contentions ({contention} / 1 sec),Rate,1
09/11/2026 06:03:04,System.Runtime,dotnet.gc.collections ({collection} / 1 sec)[gc.heap.generation=gen0],Rate,0
09/11/2026 06:03:04,System.Runtime,dotnet.gc.collections ({collection} / 1 sec)[gc.heap.generation=gen2],Rate,0
09/11/2026 06:03:04,System.Runtime,dotnet.gc.collections ({collection} / 1 sec)[gc.heap.generation=gen1],Rate,0
09/11/2026 06:03:04,System.Runtime,dotnet.process.cpu.time (s / 1 sec)[cpu.mode=user],Rate,0.15723599999999993
09/11/2026 06:03:04,System.Runtime,dotnet.process.cpu.time (s / 1 sec)[cpu.mode=system],Rate,0.023704999999999976
09/11/2026 06:03:04,System.Runtime,dotnet.process.cpu.count ({cpu}),Metric,15
09/11/2026 06:03:04,System.Runtime,dotnet.gc.pause.time (s / 1 sec),Rate,0
09/11/2026 06:03:04,System.Runtime,dotnet.thread_pool.queue.length ({work_item} / 1 sec),Rate,0
09/11/2026 06:03:04,System.Runtime,dotnet.gc.last_collection.memory.committed_size (By),Metric,0
09/11/2026 06:03:04,System.Runtime,dotnet.gc.last_collection.heap.fragmentation.size (By)[gc.heap.generation=gen0],Metric,0
09/11/2026 06:03:04,System.Runtime,dotnet.gc.last_collection.heap.fragmentation.size (By)[gc.heap.generation=loh],Metric,0
09/11/2026 06:03:04,System.Runtime,dotnet.gc.last_collection.heap.fragmentation.size (By)[gc.heap.generation=poh],Metric,0
09/11/2026 06:03:04,System.Runtime,dotnet.gc.last_collection.heap.fragmentation.size (By)[gc.heap.generation=gen2],Metric,0
09/11/2026 06:03:04,System.Runtime,dotnet.gc.last_collection.heap.fragmentation.size (By)[gc.heap.generation=gen1],Metric,0
09/11/2026 06:03:04,System.Runtime,dotnet.timer.count ({timer}),Metric,3
09/11/2026 06:03:04,System.Runtime,dotnet.assembly.count ({assembly}),Metric,61
09/11/2026 06:03:04,System.Runtime,dotnet.gc.heap.total_allocated (By / 1 sec),Rate,179304
09/11/2026 06:03:04,System.Runtime,dotnet.gc.last_collection.heap.size (By)[gc.heap.generation=gen0],Metric,0
09/11/2026 06:03:04,System.Runtime,dotnet.gc.last_collection.heap.size (By)[gc.heap.generation=loh],Metric,0
09/11/2026 06:03:04,System.Runtime,dotnet.gc.last_collection.heap.size (By)[gc.heap.generation=poh],Metric,0
09/11/2026 06:03:04,System.Runtime,dotnet.gc.last_collection.heap.size (By)[gc.heap.generation=gen2],Metric,0
09/11/2026 06:03:04,System.Runtime,dotnet.gc.last_collection.heap.size (By)[gc.heap.generation=gen1],Metric,0
09/11/2026 06:03:04,System.Runtime,dotnet.thread_pool.work_item.count ({work_item} / 1 sec),Rate,403
09/11/2026 06:03:04,System.Runtime,dotnet.process.memory.working_set (By),Metric,72384512
09/11/2026 06:03:04,System.Runtime,dotnet.thread_pool.thread.count ({thread} / 1 sec),Rate,0
09/11/2026 06:03:04,System.Runtime,dotnet.jit.compilation.time (s / 1 sec),Rate,0.01184430000000003
09/11/2026 06:03:05,System.Runtime,dotnet.jit.compiled_il.size (By / 1 sec),Rate,7138
09/11/2026 06:03:05,System.Runtime,dotnet.jit.compiled_methods ({method} / 1 sec),Rate,81
09/11/2026 06:03:05,System.Runtime,dotnet.monitor.lock_contentions ({contention} / 1 sec),Rate,1
09/11/2026 06:03:05,System.Runtime,dotnet.gc.collections ({collection} / 1 sec)[gc.heap.generation=gen0],Rate,0
09/11/2026 06:03:05,System.Runtime,dotnet.gc.collections ({collection} / 1 sec)[gc.heap.generation=gen2],Rate,0
09/11/2026 06:03:05,System.Runtime,dotnet.gc.collections ({collection} / 1 sec)[gc.heap.generation=gen1],Rate,0
09/11/2026 06:03:05,System.Runtime,dotnet.process.cpu.time (s / 1 sec)[cpu.mode=user],Rate,0.17816500000000013
09/11/2026 06:03:05,System.Runtime,dotnet.process.cpu.time (s / 1 sec)[cpu.mode=system],Rate,0.023608000000000018
09/11/2026 06:03:05,System.Runtime,dotnet.process.cpu.count ({cpu}),Metric,15
09/11/2026 06:03:05,System.Runtime,dotnet.gc.pause.time (s / 1 sec),Rate,0
09/11/2026 06:03:05,System.Runtime,dotnet.thread_pool.queue.length ({work_item} / 1 sec),Rate,0
09/11/2026 06:03:05,System.Runtime,dotnet.gc.last_collection.memory.committed_size (By),Metric,0
09/11/2026 06:03:05,System.Runtime,dotnet.gc.last_collection.heap.fragmentation.size (By)[gc.heap.generation=gen0],Metric,0
09/11/2026 06:03:05,System.Runtime,dotnet.gc.last_collection.heap.fragmentation.size (By)[gc.heap.generation=loh],Metric,0
09/11/2026 06:03:05,System.Runtime,dotnet.gc.last_collection.heap.fragmentation.size (By)[gc.heap.generation=poh],Metric,0
09/11/2026 06:03:05,System.Runtime,dotnet.gc.last_collection.heap.fragmentation.size (By)[gc.heap.generation=gen2],Metric,0
09/11/2026 06:03:05,System.Runtime,dotnet.gc.last_collection.heap.fragmentation.size (By)[gc.heap.generation=gen1],Metric,0
09/11/2026 06:03:05,System.Runtime,dotnet.timer.count ({timer}),Metric,3
09/11/2026 06:03:05,System.Runtime,dotnet.assembly.count ({assembly}),Metric,61
09/11/2026 06:03:05,System.Runtime,dotnet.gc.heap.total_allocated (By / 1 sec),Rate,162904
09/11/2026 06:03:05,System.Runtime,dotnet.gc.last_collection.heap.size (By)[gc.heap.generation=gen0],Metric,0
09/11/2026 06:03:05,System.Runtime,dotnet.gc.last_collection.heap.size (By)[gc.heap.generation=loh],Metric,0
09/11/2026 06:03:05,System.Runtime,dotnet.gc.last_collection.heap.size (By)[gc.heap.generation=poh],Metric,0
09/11/2026 06:03:05,System.Runtime,dotnet.gc.last_collection.heap.size (By)[gc.heap.generation=gen2],Metric,0
09/11/2026 06:03:05,System.Runtime,dotnet.gc.last_collection.heap.size (By)[gc.heap.generation=gen1],Metric,0
09/11/2026 06:03:05,System.Runtime,dotnet.thread_pool.work_item.count ({work_item} / 1 sec),Rate,406
09/11/2026 06:03:05,System.Runtime,dotnet.process.memory.working_set (By),Metric,73777152
09/11/2026 06:03:05,System.Runtime,dotnet.thread_pool.thread.count ({thread} / 1 sec),Rate,0
09/11/2026 06:03:05,System.Runtime,dotnet.jit.compilation.time (s / 1 sec),Rate,0.03249029999999997
09/11/2026 06:03:06,System.Runtime,dotnet.jit.compiled_il.size (By / 1 sec),Rate,492
09/11/2026 06:03:06,System.Runtime,dotnet.jit.compiled_methods ({method} / 1 sec),Rate,9
09/11/2026 06:03:06,System.Runtime,dotnet.monitor.lock_contentions ({contention} / 1 sec),Rate,1
09/11/2026 06:03:06,System.Runtime,dotnet.gc.collections ({collection} / 1 sec)[gc.heap.generation=gen0],Rate,0
09/11/2026 06:03:06,System.Runtime,dotnet.gc.collections ({collection} / 1 sec)[gc.heap.generation=gen2],Rate,0
09/11/2026 06:03:06,System.Runtime,dotnet.gc.collections ({collection} / 1 sec)[gc.heap.generation=gen1],Rate,0
09/11/2026 06:03:06,System.Runtime,dotnet.process.cpu.time (s / 1 sec)[cpu.mode=user],Rate,0.1545939999999999
09/11/2026 06:03:06,System.Runtime,dotnet.process.cpu.time (s / 1 sec)[cpu.mode=system],Rate,0.02404099999999998
09/11/2026 06:03:06,System.Runtime,dotnet.process.cpu.count ({cpu}),Metric,15
09/11/2026 06:03:06,System.Runtime,dotnet.gc.pause.time (s / 1 sec),Rate,0
09/11/2026 06:03:06,System.Runtime,dotnet.thread_pool.queue.length ({work_item} / 1 sec),Rate,0
09/11/2026 06:03:06,System.Runtime,dotnet.gc.last_collection.memory.committed_size (By),Metric,0
09/11/2026 06:03:06,System.Runtime,dotnet.gc.last_collection.heap.fragmentation.size (By)[gc.heap.generation=gen0],Metric,0
09/11/2026 06:03:06,System.Runtime,dotnet.gc.last_collection.heap.fragmentation.size (By)[gc.heap.generation=loh],Metric,0
09/11/2026 06:03:06,System.Runtime,dotnet.gc.last_collection.heap.fragmentation.size (By)[gc.heap.generation=poh],Metric,0
09/11/2026 06:03:06,System.Runtime,dotnet.gc.last_collection.heap.fragmentation.size (By)[gc.heap.generation=gen2],Metric,0
09/11/2026 06:03:06,System.Runtime,dotnet.gc.last_collection.heap.fragmentation.size (By)[gc.heap.generation=gen1],Metric,0
09/11/2026 06:03:06,System.Runtime,dotnet.timer.count ({timer}),Metric,3
09/11/2026 06:03:06,System.Runtime,dotnet.assembly.count ({assembly}),Metric,61
09/11/2026 06:03:06,System.Runtime,dotnet.gc.heap.total_allocated (By / 1 sec),Rate,163728
09/11/2026 06:03:06,System.Runtime,dotnet.gc.last_collection.heap.size (By)[gc.heap.generation=gen0],Metric,0
09/11/2026 06:03:06,System.Runtime,dotnet.gc.last_collection.heap.size (By)[gc.heap.generation=loh],Metric,0
09/11/2026 06:03:06,System.Runtime,dotnet.gc.last_collection.heap.size (By)[gc.heap.generation=poh],Metric,0
09/11/2026 06:03:06,System.Runtime,dotnet.gc.last_collection.heap.size (By)[gc.heap.generation=gen2],Metric,0
09/11/2026 06:03:06,System.Runtime,dotnet.gc.last_collection.heap.size (By)[gc.heap.generation=gen1],Metric,0
09/11/2026 06:03:06,System.Runtime,dotnet.thread_pool.work_item.count ({work_item} / 1 sec),Rate,422
09/11/2026 06:03:06,System.Runtime,dotnet.process.memory.working_set (By),Metric,74022912
09/11/2026 06:03:06,System.Runtime,dotnet.thread_pool.thread.count ({thread} / 1 sec),Rate,0
09/11/2026 06:03:06,System.Runtime,dotnet.jit.compilation.time (s / 1 sec),Rate,0.0032915000000000028
09/11/2026 06:03:07,System.Runtime,dotnet.jit.compiled_il.size (By / 1 sec),Rate,81
09/11/2026 06:03:07,System.Runtime,dotnet.jit.compiled_methods ({method} / 1 sec),Rate,4
09/11/2026 06:03:07,System.Runtime,dotnet.monitor.lock_contentions ({contention} / 1 sec),Rate,1
09/11/2026 06:03:07,System.Runtime,dotnet.gc.collections ({collection} / 1 sec)[gc.heap.generation=gen0],Rate,0
09/11/2026 06:03:07,System.Runtime,dotnet.gc.collections ({collection} / 1 sec)[gc.heap.generation=gen2],Rate,0
09/11/2026 06:03:07,System.Runtime,dotnet.gc.collections ({collection} / 1 sec)[gc.heap.generation=gen1],Rate,0
09/11/2026 06:03:07,System.Runtime,dotnet.process.cpu.time (s / 1 sec)[cpu.mode=user],Rate,0.162007
09/11/2026 06:03:07,System.Runtime,dotnet.process.cpu.time (s / 1 sec)[cpu.mode=system],Rate,0.02581100000000003
09/11/2026 06:03:07,System.Runtime,dotnet.process.cpu.count ({cpu}),Metric,15
09/11/2026 06:03:07,System.Runtime,dotnet.gc.pause.time (s / 1 sec),Rate,0
09/11/2026 06:03:07,System.Runtime,dotnet.thread_pool.queue.length ({work_item} / 1 sec),Rate,0
09/11/2026 06:03:07,System.Runtime,dotnet.gc.last_collection.memory.committed_size (By),Metric,0
09/11/2026 06:03:07,System.Runtime,dotnet.gc.last_collection.heap.fragmentation.size (By)[gc.heap.generation=gen0],Metric,0
09/11/2026 06:03:07,System.Runtime,dotnet.gc.last_collection.heap.fragmentation.size (By)[gc.heap.generation=loh],Metric,0
09/11/2026 06:03:07,System.Runtime,dotnet.gc.last_collection.heap.fragmentation.size (By)[gc.heap.generation=poh],Metric,0
09/11/2026 06:03:07,System.Runtime,dotnet.gc.last_collection.heap.fragmentation.size (By)[gc.heap.generation=gen2],Metric,0
09/11/2026 06:03:07,System.Runtime,dotnet.gc.last_collection.heap.fragmentation.size (By)[gc.heap.generation=gen1],Metric,0
09/11/2026 06:03:07,System.Runtime,dotnet.timer.count ({timer}),Metric,3
09/11/2026 06:03:07,System.Runtime,dotnet.assembly.count ({assembly}),Metric,61
09/11/2026 06:03:07,System.Runtime,dotnet.gc.heap.total_allocated (By / 1 sec),Rate,188488
09/11/2026 06:03:07,System.Runtime,dotnet.gc.last_collection.heap.size (By)[gc.heap.generation=gen0],Metric,0
09/11/2026 06:03:07,System.Runtime,dotnet.gc.last_collection.heap.size (By)[gc.heap.generation=loh],Metric,0
09/11/2026 06:03:07,System.Runtime,dotnet.gc.last_collection.heap.size (By)[gc.heap.generation=poh],Metric,0
09/11/2026 06:03:07,System.Runtime,dotnet.gc.last_collection.heap.size (By)[gc.heap.generation=gen2],Metric,0
09/11/2026 06:03:07,System.Runtime,dotnet.gc.last_collection.heap.size (By)[gc.heap.generation=gen1],Metric,0
09/11/2026 06:03:07,System.Runtime,dotnet.thread_pool.work_item.count ({work_item} / 1 sec),Rate,475
09/11/2026 06:03:07,System.Runtime,dotnet.process.memory.working_set (By),Metric,74219520
09/11/2026 06:03:07,System.Runtime,dotnet.thread_pool.thread.count ({thread} / 1 sec),Rate,0
09/11/2026 06:03:07,System.Runtime,dotnet.jit.compilation.time (s / 1 sec),Rate,0.001076699999999986
09/11/2026 06:03:08,System.Runtime,dotnet.jit.compiled_il.size (By / 1 sec),Rate,134
09/11/2026 06:03:08,System.Runtime,dotnet.jit.compiled_methods ({method} / 1 sec),Rate,3
09/11/2026 06:03:08,System.Runtime,dotnet.monitor.lock_contentions ({contention} / 1 sec),Rate,0
09/11/2026 06:03:08,System.Runtime,dotnet.gc.collections ({collection} / 1 sec)[gc.heap.generation=gen0],Rate,0
09/11/2026 06:03:08,System.Runtime,dotnet.gc.collections ({collection} / 1 sec)[gc.heap.generation=gen2],Rate,0
09/11/2026 06:03:08,System.Runtime,dotnet.gc.collections ({collection} / 1 sec)[gc.heap.generation=gen1],Rate,0
09/11/2026 06:03:08,System.Runtime,dotnet.process.cpu.time (s / 1 sec)[cpu.mode=user],Rate,0.1517590000000002
09/11/2026 06:03:08,System.Runtime,dotnet.process.cpu.time (s / 1 sec)[cpu.mode=system],Rate,0.023034999999999972
09/11/2026 06:03:08,System.Runtime,dotnet.process.cpu.count ({cpu}),Metric,15
09/11/2026 06:03:08,System.Runtime,dotnet.gc.pause.time (s / 1 sec),Rate,0
09/11/2026 06:03:08,System.Runtime,dotnet.thread_pool.queue.length ({work_item} / 1 sec),Rate,0
09/11/2026 06:03:08,System.Runtime,dotnet.gc.last_collection.memory.committed_size (By),Metric,0
09/11/2026 06:03:08,System.Runtime,dotnet.gc.last_collection.heap.fragmentation.size (By)[gc.heap.generation=gen0],Metric,0
09/11/2026 06:03:08,System.Runtime,dotnet.gc.last_collection.heap.fragmentation.size (By)[gc.heap.generation=loh],Metric,0
09/11/2026 06:03:08,System.Runtime,dotnet.gc.last_collection.heap.fragmentation.size (By)[gc.heap.generation=poh],Metric,0
09/11/2026 06:03:08,System.Runtime,dotnet.gc.last_collection.heap.fragmentation.size (By)[gc.heap.generation=gen2],Metric,0
09/11/2026 06:03:08,System.Runtime,dotnet.gc.last_collection.heap.fragmentation.size (By)[gc.heap.generation=gen1],Metric,0
09/11/2026 06:03:08,System.Runtime,dotnet.timer.count ({timer}),Metric,3
09/11/2026 06:03:08,System.Runtime,dotnet.assembly.count ({assembly}),Metric,61
09/11/2026 06:03:08,System.Runtime,dotnet.gc.heap.total_allocated (By / 1 sec),Rate,154616
09/11/2026 06:03:08,System.Runtime,dotnet.gc.last_collection.heap.size (By)[gc.heap.generation=gen0],Metric,0
09/11/2026 06:03:08,System.Runtime,dotnet.gc.last_collection.heap.size (By)[gc.heap.generation=loh],Metric,0
09/11/2026 06:03:08,System.Runtime,dotnet.gc.last_collection.heap.size (By)[gc.heap.generation=poh],Metric,0
09/11/2026 06:03:08,System.Runtime,dotnet.gc.last_collection.heap.size (By)[gc.heap.generation=gen2],Metric,0
09/11/2026 06:03:08,System.Runtime,dotnet.gc.last_collection.heap.size (By)[gc.heap.generation=gen1],Metric,0
09/11/2026 06:03:08,System.Runtime,dotnet.thread_pool.work_item.count ({work_item} / 1 sec),Rate,409
09/11/2026 06:03:08,System.Runtime,dotnet.process.memory.working_set (By),Metric,74383360
09/11/2026 06:03:08,System.Runtime,dotnet.thread_pool.thread.count ({thread} / 1 sec),Rate,0
09/11/2026 06:03:08,System.Runtime,dotnet.jit.compilation.time (s / 1 sec),Rate,0.0012870000000000381
09/11/2026 06:03:09,System.Runtime,dotnet.jit.compiled_il.size (By / 1 sec),Rate,5719
09/11/2026 06:03:09,System.Runtime,dotnet.jit.compiled_methods ({method} / 1 sec),Rate,57
09/11/2026 06:03:09,System.Runtime,dotnet.monitor.lock_contentions ({contention} / 1 sec),Rate,0
09/11/2026 06:03:09,System.Runtime,dotnet.gc.collections ({collection} / 1 sec)[gc.heap.generation=gen0],Rate,0
09/11/2026 06:03:09,System.Runtime,dotnet.gc.collections ({collection} / 1 sec)[gc.heap.generation=gen2],Rate,0
09/11/2026 06:03:09,System.Runtime,dotnet.gc.collections ({collection} / 1 sec)[gc.heap.generation=gen1],Rate,0
09/11/2026 06:03:09,System.Runtime,dotnet.process.cpu.time (s / 1 sec)[cpu.mode=user],Rate,0.16218699999999986
09/11/2026 06:03:09,System.Runtime,dotnet.process.cpu.time (s / 1 sec)[cpu.mode=system],Rate,0.023679000000000006
09/11/2026 06:03:09,System.Runtime,dotnet.process.cpu.count ({cpu}),Metric,15
09/11/2026 06:03:09,System.Runtime,dotnet.gc.pause.time (s / 1 sec),Rate,0
09/11/2026 06:03:09,System.Runtime,dotnet.thread_pool.queue.length ({work_item} / 1 sec),Rate,0
09/11/2026 06:03:09,System.Runtime,dotnet.gc.last_collection.memory.committed_size (By),Metric,0
09/11/2026 06:03:09,System.Runtime,dotnet.gc.last_collection.heap.fragmentation.size (By)[gc.heap.generation=gen0],Metric,0
09/11/2026 06:03:09,System.Runtime,dotnet.gc.last_collection.heap.fragmentation.size (By)[gc.heap.generation=loh],Metric,0
09/11/2026 06:03:09,System.Runtime,dotnet.gc.last_collection.heap.fragmentation.size (By)[gc.heap.generation=poh],Metric,0
09/11/2026 06:03:09,System.Runtime,dotnet.gc.last_collection.heap.fragmentation.size (By)[gc.heap.generation=gen2],Metric,0
09/11/2026 06:03:09,System.Runtime,dotnet.gc.last_collection.heap.fragmentation.size (By)[gc.heap.generation=gen1],Metric,0
09/11/2026 06:03:09,System.Runtime,dotnet.timer.count ({timer}),Metric,3
09/11/2026 06:03:09,System.Runtime,dotnet.assembly.count ({assembly}),Metric,61
09/11/2026 06:03:09,System.Runtime,dotnet.gc.heap.total_allocated (By / 1 sec),Rate,188616
09/11/2026 06:03:09,System.Runtime,dotnet.gc.last_collection.heap.size (By)[gc.heap.generation=gen0],Metric,0
09/11/2026 06:03:09,System.Runtime,dotnet.gc.last_collection.heap.size (By)[gc.heap.generation=loh],Metric,0
09/11/2026 06:03:09,System.Runtime,dotnet.gc.last_collection.heap.size (By)[gc.heap.generation=poh],Metric,0
09/11/2026 06:03:09,System.Runtime,dotnet.gc.last_collection.heap.size (By)[gc.heap.generation=gen2],Metric,0
09/11/2026 06:03:09,System.Runtime,dotnet.gc.last_collection.heap.size (By)[gc.heap.generation=gen1],Metric,0
09/11/2026 06:03:09,System.Runtime,dotnet.thread_pool.work_item.count ({work_item} / 1 sec),Rate,408
09/11/2026 06:03:09,System.Runtime,dotnet.process.memory.working_set (By),Metric,74629120
09/11/2026 06:03:09,System.Runtime,dotnet.thread_pool.thread.count ({thread} / 1 sec),Rate,0
09/11/2026 06:03:09,System.Runtime,dotnet.jit.compilation.time (s / 1 sec),Rate,0.020183199999999957
09/11/2026 06:03:10,System.Runtime,dotnet.jit.compiled_il.size (By / 1 sec),Rate,454
09/11/2026 06:03:10,System.Runtime,dotnet.jit.compiled_methods ({method} / 1 sec),Rate,7
09/11/2026 06:03:10,System.Runtime,dotnet.monitor.lock_contentions ({contention} / 1 sec),Rate,1
09/11/2026 06:03:10,System.Runtime,dotnet.gc.collections ({collection} / 1 sec)[gc.heap.generation=gen0],Rate,0
09/11/2026 06:03:10,System.Runtime,dotnet.gc.collections ({collection} / 1 sec)[gc.heap.generation=gen2],Rate,0
09/11/2026 06:03:10,System.Runtime,dotnet.gc.collections ({collection} / 1 sec)[gc.heap.generation=gen1],Rate,0
09/11/2026 06:03:10,System.Runtime,dotnet.process.cpu.time (s / 1 sec)[cpu.mode=user],Rate,0.1550419999999999
09/11/2026 06:03:10,System.Runtime,dotnet.process.cpu.time (s / 1 sec)[cpu.mode=system],Rate,0.022863999999999995
09/11/2026 06:03:10,System.Runtime,dotnet.process.cpu.count ({cpu}),Metric,15
09/11/2026 06:03:10,System.Runtime,dotnet.gc.pause.time (s / 1 sec),Rate,0
09/11/2026 06:03:10,System.Runtime,dotnet.thread_pool.queue.length ({work_item} / 1 sec),Rate,0
09/11/2026 06:03:10,System.Runtime,dotnet.gc.last_collection.memory.committed_size (By),Metric,0
09/11/2026 06:03:10,System.Runtime,dotnet.gc.last_collection.heap.fragmentation.size (By)[gc.heap.generation=gen0],Metric,0
09/11/2026 06:03:10,System.Runtime,dotnet.gc.last_collection.heap.fragmentation.size (By)[gc.heap.generation=loh],Metric,0
09/11/2026 06:03:10,System.Runtime,dotnet.gc.last_collection.heap.fragmentation.size (By)[gc.heap.generation=poh],Metric,0
09/11/2026 06:03:10,System.Runtime,dotnet.gc.last_collection.heap.fragmentation.size (By)[gc.heap.generation=gen2],Metric,0
09/11/2026 06:03:10,System.Runtime,dotnet.gc.last_collection.heap.fragmentation.size (By)[gc.heap.generation=gen1],Metric,0
09/11/2026 06:03:10,System.Runtime,dotnet.timer.count ({timer}),Metric,3
09/11/2026 06:03:10,System.Runtime,dotnet.assembly.count ({assembly}),Metric,61
09/11/2026 06:03:10,System.Runtime,dotnet.gc.heap.total_allocated (By / 1 sec),Rate,164000
09/11/2026 06:03:10,System.Runtime,dotnet.gc.last_collection.heap.size (By)[gc.heap.generation=gen0],Metric,0
09/11/2026 06:03:10,System.Runtime,dotnet.gc.last_collection.heap.size (By)[gc.heap.generation=loh],Metric,0
09/11/2026 06:03:10,System.Runtime,dotnet.gc.last_collection.heap.size (By)[gc.heap.generation=poh],Metric,0
09/11/2026 06:03:10,System.Runtime,dotnet.gc.last_collection.heap.size (By)[gc.heap.generation=gen2],Metric,0
09/11/2026 06:03:10,System.Runtime,dotnet.gc.last_collection.heap.size (By)[gc.heap.generation=gen1],Metric,0
09/11/2026 06:03:10,System.Runtime,dotnet.thread_pool.work_item.count ({work_item} / 1 sec),Rate,408
09/11/2026 06:03:10,System.Runtime,dotnet.process.memory.working_set (By),Metric,74809344
09/11/2026 06:03:10,System.Runtime,dotnet.thread_pool.thread.count ({thread} / 1 sec),Rate,0
09/11/2026 06:03:10,System.Runtime,dotnet.jit.compilation.time (s / 1 sec),Rate,0.0034248000000000056
09/11/2026 06:03:11,System.Runtime,dotnet.jit.compiled_il.size (By / 1 sec),Rate,884
09/11/2026 06:03:11,System.Runtime,dotnet.jit.compiled_methods ({method} / 1 sec),Rate,12
09/11/2026 06:03:11,System.Runtime,dotnet.monitor.lock_contentions ({contention} / 1 sec),Rate,0
09/11/2026 06:03:11,System.Runtime,dotnet.gc.collections ({collection} / 1 sec)[gc.heap.generation=gen0],Rate,0
09/11/2026 06:03:11,System.Runtime,dotnet.gc.collections ({collection} / 1 sec)[gc.heap.generation=gen2],Rate,0
09/11/2026 06:03:11,System.Runtime,dotnet.gc.collections ({collection} / 1 sec)[gc.heap.generation=gen1],Rate,0
09/11/2026 06:03:11,System.Runtime,dotnet.process.cpu.time (s / 1 sec)[cpu.mode=user],Rate,0.15827400000000003
09/11/2026 06:03:11,System.Runtime,dotnet.process.cpu.time (s / 1 sec)[cpu.mode=system],Rate,0.022340000000000027
09/11/2026 06:03:11,System.Runtime,dotnet.process.cpu.count ({cpu}),Metric,15
09/11/2026 06:03:11,System.Runtime,dotnet.gc.pause.time (s / 1 sec),Rate,0
09/11/2026 06:03:11,System.Runtime,dotnet.thread_pool.queue.length ({work_item} / 1 sec),Rate,0
09/11/2026 06:03:11,System.Runtime,dotnet.gc.last_collection.memory.committed_size (By),Metric,0
09/11/2026 06:03:11,System.Runtime,dotnet.gc.last_collection.heap.fragmentation.size (By)[gc.heap.generation=gen0],Metric,0
09/11/2026 06:03:11,System.Runtime,dotnet.gc.last_collection.heap.fragmentation.size (By)[gc.heap.generation=loh],Metric,0
09/11/2026 06:03:11,System.Runtime,dotnet.gc.last_collection.heap.fragmentation.size (By)[gc.heap.generation=poh],Metric,0
09/11/2026 06:03:11,System.Runtime,dotnet.gc.last_collection.heap.fragmentation.size (By)[gc.heap.generation=gen2],Metric,0
09/11/2026 06:03:11,System.Runtime,dotnet.gc.last_collection.heap.fragmentation.size (By)[gc.heap.generation=gen1],Metric,0
09/11/2026 06:03:11,System.Runtime,dotnet.timer.count ({timer}),Metric,3
09/11/2026 06:03:11,System.Runtime,dotnet.assembly.count ({assembly}),Metric,61
09/11/2026 06:03:11,System.Runtime,dotnet.gc.heap.total_allocated (By / 1 sec),Rate,172096
09/11/2026 06:03:11,System.Runtime,dotnet.gc.last_collection.heap.size (By)[gc.heap.generation=gen0],Metric,0
09/11/2026 06:03:11,System.Runtime,dotnet.gc.last_collection.heap.size (By)[gc.heap.generation=loh],Metric,0
09/11/2026 06:03:11,System.Runtime,dotnet.gc.last_collection.heap.size (By)[gc.heap.generation=poh],Metric,0
09/11/2026 06:03:11,System.Runtime,dotnet.gc.last_collection.heap.size (By)[gc.heap.generation=gen2],Metric,0
09/11/2026 06:03:11,System.Runtime,dotnet.gc.last_collection.heap.size (By)[gc.heap.generation=gen1],Metric,0
09/11/2026 06:03:11,System.Runtime,dotnet.thread_pool.work_item.count ({work_item} / 1 sec),Rate,407
09/11/2026 06:03:11,System.Runtime,dotnet.process.memory.working_set (By),Metric,75005952
09/11/2026 06:03:11,System.Runtime,dotnet.thread_pool.thread.count ({thread} / 1 sec),Rate,0
09/11/2026 06:03:11,System.Runtime,dotnet.jit.compilation.time (s / 1 sec),Rate,0.005979999999999985
09/11/2026 06:03:12,System.Runtime,dotnet.jit.compiled_il.size (By / 1 sec),Rate,335
09/11/2026 06:03:12,System.Runtime,dotnet.jit.compiled_methods ({method} / 1 sec),Rate,7
09/11/2026 06:03:12,System.Runtime,dotnet.monitor.lock_contentions ({contention} / 1 sec),Rate,0
09/11/2026 06:03:12,System.Runtime,dotnet.gc.collections ({collection} / 1 sec)[gc.heap.generation=gen0],Rate,0
09/11/2026 06:03:12,System.Runtime,dotnet.gc.collections ({collection} / 1 sec)[gc.heap.generation=gen2],Rate,0
09/11/2026 06:03:12,System.Runtime,dotnet.gc.collections ({collection} / 1 sec)[gc.heap.generation=gen1],Rate,0
09/11/2026 06:03:12,System.Runtime,dotnet.process.cpu.time (s / 1 sec)[cpu.mode=user],Rate,0.15596299999999985
09/11/2026 06:03:12,System.Runtime,dotnet.process.cpu.time (s / 1 sec)[cpu.mode=system],Rate,0.02340500000000001
09/11/2026 06:03:12,System.Runtime,dotnet.process.cpu.count ({cpu}),Metric,15
09/11/2026 06:03:12,System.Runtime,dotnet.gc.pause.time (s / 1 sec),Rate,0
09/11/2026 06:03:12,System.Runtime,dotnet.thread_pool.queue.length ({work_item} / 1 sec),Rate,0
09/11/2026 06:03:12,System.Runtime,dotnet.gc.last_collection.memory.committed_size (By),Metric,0
09/11/2026 06:03:12,System.Runtime,dotnet.gc.last_collection.heap.fragmentation.size (By)[gc.heap.generation=gen0],Metric,0
09/11/2026 06:03:12,System.Runtime,dotnet.gc.last_collection.heap.fragmentation.size (By)[gc.heap.generation=loh],Metric,0
09/11/2026 06:03:12,System.Runtime,dotnet.gc.last_collection.heap.fragmentation.size (By)[gc.heap.generation=poh],Metric,0
09/11/2026 06:03:12,System.Runtime,dotnet.gc.last_collection.heap.fragmentation.size (By)[gc.heap.generation=gen2],Metric,0
09/11/2026 06:03:12,System.Runtime,dotnet.gc.last_collection.heap.fragmentation.size (By)[gc.heap.generation=gen1],Metric,0
09/11/2026 06:03:12,System.Runtime,dotnet.timer.count ({timer}),Metric,3
09/11/2026 06:03:12,System.Runtime,dotnet.assembly.count ({assembly}),Metric,61
09/11/2026 06:03:12,System.Runtime,dotnet.gc.heap.total_allocated (By / 1 sec),Rate,155640
09/11/2026 06:03:12,System.Runtime,dotnet.gc.last_collection.heap.size (By)[gc.heap.generation=gen0],Metric,0
09/11/2026 06:03:12,System.Runtime,dotnet.gc.last_collection.heap.size (By)[gc.heap.generation=loh],Metric,0
09/11/2026 06:03:12,System.Runtime,dotnet.gc.last_collection.heap.size (By)[gc.heap.generation=poh],Metric,0
09/11/2026 06:03:12,System.Runtime,dotnet.gc.last_collection.heap.size (By)[gc.heap.generation=gen2],Metric,0
09/11/2026 06:03:12,System.Runtime,dotnet.gc.last_collection.heap.size (By)[gc.heap.generation=gen1],Metric,0
09/11/2026 06:03:12,System.Runtime,dotnet.thread_pool.work_item.count ({work_item} / 1 sec),Rate,410
09/11/2026 06:03:12,System.Runtime,dotnet.process.memory.working_set (By),Metric,75186176
09/11/2026 06:03:12,System.Runtime,dotnet.thread_pool.thread.count ({thread} / 1 sec),Rate,0
09/11/2026 06:03:12,System.Runtime,dotnet.jit.compilation.time (s / 1 sec),Rate,0.002550700000000017
09/11/2026 06:03:13,System.Runtime,dotnet.jit.compiled_il.size (By / 1 sec),Rate,46
09/11/2026 06:03:13,System.Runtime,dotnet.jit.compiled_methods ({method} / 1 sec),Rate,5
09/11/2026 06:03:13,System.Runtime,dotnet.monitor.lock_contentions ({contention} / 1 sec),Rate,0
09/11/2026 06:03:13,System.Runtime,dotnet.gc.collections ({collection} / 1 sec)[gc.heap.generation=gen0],Rate,0
09/11/2026 06:03:13,System.Runtime,dotnet.gc.collections ({collection} / 1 sec)[gc.heap.generation=gen2],Rate,0
09/11/2026 06:03:13,System.Runtime,dotnet.gc.collections ({collection} / 1 sec)[gc.heap.generation=gen1],Rate,0
09/11/2026 06:03:13,System.Runtime,dotnet.process.cpu.time (s / 1 sec)[cpu.mode=user],Rate,0.152787
09/11/2026 06:03:13,System.Runtime,dotnet.process.cpu.time (s / 1 sec)[cpu.mode=system],Rate,0.022363999999999995
09/11/2026 06:03:13,System.Runtime,dotnet.process.cpu.count ({cpu}),Metric,15
09/11/2026 06:03:13,System.Runtime,dotnet.gc.pause.time (s / 1 sec),Rate,0
09/11/2026 06:03:13,System.Runtime,dotnet.thread_pool.queue.length ({work_item} / 1 sec),Rate,0
09/11/2026 06:03:13,System.Runtime,dotnet.gc.last_collection.memory.committed_size (By),Metric,0
09/11/2026 06:03:13,System.Runtime,dotnet.gc.last_collection.heap.fragmentation.size (By)[gc.heap.generation=gen0],Metric,0
09/11/2026 06:03:13,System.Runtime,dotnet.gc.last_collection.heap.fragmentation.size (By)[gc.heap.generation=loh],Metric,0
09/11/2026 06:03:13,System.Runtime,dotnet.gc.last_collection.heap.fragmentation.size (By)[gc.heap.generation=poh],Metric,0
09/11/2026 06:03:13,System.Runtime,dotnet.gc.last_collection.heap.fragmentation.size (By)[gc.heap.generation=gen2],Metric,0
09/11/2026 06:03:13,System.Runtime,dotnet.gc.last_collection.heap.fragmentation.size (By)[gc.heap.generation=gen1],Metric,0
09/11/2026 06:03:13,System.Runtime,dotnet.timer.count ({timer}),Metric,3
09/11/2026 06:03:13,System.Runtime,dotnet.assembly.count ({assembly}),Metric,61
09/11/2026 06:03:13,System.Runtime,dotnet.gc.heap.total_allocated (By / 1 sec),Rate,172200
09/11/2026 06:03:13,System.Runtime,dotnet.gc.last_collection.heap.size (By)[gc.heap.generation=gen0],Metric,0
09/11/2026 06:03:13,System.Runtime,dotnet.gc.last_collection.heap.size (By)[gc.heap.generation=loh],Metric,0
09/11/2026 06:03:13,System.Runtime,dotnet.gc.last_collection.heap.size (By)[gc.heap.generation=poh],Metric,0
09/11/2026 06:03:13,System.Runtime,dotnet.gc.last_collection.heap.size (By)[gc.heap.generation=gen2],Metric,0
09/11/2026 06:03:13,System.Runtime,dotnet.gc.last_collection.heap.size (By)[gc.heap.generation=gen1],Metric,0
09/11/2026 06:03:13,System.Runtime,dotnet.thread_pool.work_item.count ({work_item} / 1 sec),Rate,406
09/11/2026 06:03:13,System.Runtime,dotnet.process.memory.working_set (By),Metric,75399168
09/11/2026 06:03:13,System.Runtime,dotnet.thread_pool.thread.count ({thread} / 1 sec),Rate,0
09/11/2026 06:03:13,System.Runtime,dotnet.jit.compilation.time (s / 1 sec),Rate,0.0011407999999999974
09/11/2026 06:03:14,System.Runtime,dotnet.jit.compiled_il.size (By / 1 sec),Rate,1290
09/11/2026 06:03:14,System.Runtime,dotnet.jit.compiled_methods ({method} / 1 sec),Rate,31
09/11/2026 06:03:14,System.Runtime,dotnet.monitor.lock_contentions ({contention} / 1 sec),Rate,0
09/11/2026 06:03:14,System.Runtime,dotnet.gc.collections ({collection} / 1 sec)[gc.heap.generation=gen0],Rate,0
09/11/2026 06:03:14,System.Runtime,dotnet.gc.collections ({collection} / 1 sec)[gc.heap.generation=gen2],Rate,0
09/11/2026 06:03:14,System.Runtime,dotnet.gc.collections ({collection} / 1 sec)[gc.heap.generation=gen1],Rate,0
09/11/2026 06:03:14,System.Runtime,dotnet.process.cpu.time (s / 1 sec)[cpu.mode=user],Rate,0.15880099999999997
09/11/2026 06:03:14,System.Runtime,dotnet.process.cpu.time (s / 1 sec)[cpu.mode=system],Rate,0.024306999999999968
09/11/2026 06:03:14,System.Runtime,dotnet.process.cpu.count ({cpu}),Metric,15
09/11/2026 06:03:14,System.Runtime,dotnet.gc.pause.time (s / 1 sec),Rate,0
09/11/2026 06:03:14,System.Runtime,dotnet.thread_pool.queue.length ({work_item} / 1 sec),Rate,0
09/11/2026 06:03:14,System.Runtime,dotnet.gc.last_collection.memory.committed_size (By),Metric,0
09/11/2026 06:03:14,System.Runtime,dotnet.gc.last_collection.heap.fragmentation.size (By)[gc.heap.generation=gen0],Metric,0
09/11/2026 06:03:14,System.Runtime,dotnet.gc.last_collection.heap.fragmentation.size (By)[gc.heap.generation=loh],Metric,0
09/11/2026 06:03:14,System.Runtime,dotnet.gc.last_collection.heap.fragmentation.size (By)[gc.heap.generation=poh],Metric,0
09/11/2026 06:03:14,System.Runtime,dotnet.gc.last_collection.heap.fragmentation.size (By)[gc.heap.generation=gen2],Metric,0
09/11/2026 06:03:14,System.Runtime,dotnet.gc.last_collection.heap.fragmentation.size (By)[gc.heap.generation=gen1],Metric,0
09/11/2026 06:03:14,System.Runtime,dotnet.timer.count ({timer}),Metric,3
09/11/2026 06:03:14,System.Runtime,dotnet.assembly.count ({assembly}),Metric,61
09/11/2026 06:03:14,System.Runtime,dotnet.gc.heap.total_allocated (By / 1 sec),Rate,221384
09/11/2026 06:03:14,System.Runtime,dotnet.gc.last_collection.heap.size (By)[gc.heap.generation=gen0],Metric,0
09/11/2026 06:03:14,System.Runtime,dotnet.gc.last_collection.heap.size (By)[gc.heap.generation=loh],Metric,0
09/11/2026 06:03:14,System.Runtime,dotnet.gc.last_collection.heap.size (By)[gc.heap.generation=poh],Metric,0
09/11/2026 06:03:14,System.Runtime,dotnet.gc.last_collection.heap.size (By)[gc.heap.generation=gen2],Metric,0
09/11/2026 06:03:14,System.Runtime,dotnet.gc.last_collection.heap.size (By)[gc.heap.generation=gen1],Metric,0
09/11/2026 06:03:14,System.Runtime,dotnet.thread_pool.work_item.count ({work_item} / 1 sec),Rate,407
09/11/2026 06:03:14,System.Runtime,dotnet.process.memory.working_set (By),Metric,75710464
09/11/2026 06:03:14,System.Runtime,dotnet.thread_pool.thread.count ({thread} / 1 sec),Rate,0
09/11/2026 06:03:14,System.Runtime,dotnet.jit.compilation.time (s / 1 sec),Rate,0.010843199999999997
09/11/2026 06:03:15,System.Runtime,dotnet.jit.compiled_il.size (By / 1 sec),Rate,44
09/11/2026 06:03:15,System.Runtime,dotnet.jit.compiled_methods ({method} / 1 sec),Rate,2
09/11/2026 06:03:15,System.Runtime,dotnet.monitor.lock_contentions ({contention} / 1 sec),Rate,1
09/11/2026 06:03:15,System.Runtime,dotnet.gc.collections ({collection} / 1 sec)[gc.heap.generation=gen0],Rate,0
09/11/2026 06:03:15,System.Runtime,dotnet.gc.collections ({collection} / 1 sec)[gc.heap.generation=gen2],Rate,0
09/11/2026 06:03:15,System.Runtime,dotnet.gc.collections ({collection} / 1 sec)[gc.heap.generation=gen1],Rate,0
09/11/2026 06:03:15,System.Runtime,dotnet.process.cpu.time (s / 1 sec)[cpu.mode=user],Rate,0.14870099999999997
09/11/2026 06:03:15,System.Runtime,dotnet.process.cpu.time (s / 1 sec)[cpu.mode=system],Rate,0.022385000000000044
09/11/2026 06:03:15,System.Runtime,dotnet.process.cpu.count ({cpu}),Metric,15
09/11/2026 06:03:15,System.Runtime,dotnet.gc.pause.time (s / 1 sec),Rate,0
09/11/2026 06:03:15,System.Runtime,dotnet.thread_pool.queue.length ({work_item} / 1 sec),Rate,0
09/11/2026 06:03:15,System.Runtime,dotnet.gc.last_collection.memory.committed_size (By),Metric,0
09/11/2026 06:03:15,System.Runtime,dotnet.gc.last_collection.heap.fragmentation.size (By)[gc.heap.generation=gen0],Metric,0
09/11/2026 06:03:15,System.Runtime,dotnet.gc.last_collection.heap.fragmentation.size (By)[gc.heap.generation=loh],Metric,0
09/11/2026 06:03:15,System.Runtime,dotnet.gc.last_collection.heap.fragmentation.size (By)[gc.heap.generation=poh],Metric,0
09/11/2026 06:03:15,System.Runtime,dotnet.gc.last_collection.heap.fragmentation.size (By)[gc.heap.generation=gen2],Metric,0
09/11/2026 06:03:15,System.Runtime,dotnet.gc.last_collection.heap.fragmentation.size (By)[gc.heap.generation=gen1],Metric,0
09/11/2026 06:03:15,System.Runtime,dotnet.timer.count ({timer}),Metric,3
09/11/2026 06:03:15,System.Runtime,dotnet.assembly.count ({assembly}),Metric,61
09/11/2026 06:03:15,System.Runtime,dotnet.gc.heap.total_allocated (By / 1 sec),Rate,154776
09/11/2026 06:03:15,System.Runtime,dotnet.gc.last_collection.heap.size (By)[gc.heap.generation=gen0],Metric,0
09/11/2026 06:03:15,System.Runtime,dotnet.gc.last_collection.heap.size (By)[gc.heap.generation=loh],Metric,0
09/11/2026 06:03:15,System.Runtime,dotnet.gc.last_collection.heap.size (By)[gc.heap.generation=poh],Metric,0
09/11/2026 06:03:15,System.Runtime,dotnet.gc.last_collection.heap.size (By)[gc.heap.generation=gen2],Metric,0
09/11/2026 06:03:15,System.Runtime,dotnet.gc.last_collection.heap.size (By)[gc.heap.generation=gen1],Metric,0
09/11/2026 06:03:15,System.Runtime,dotnet.thread_pool.work_item.count ({work_item} / 1 sec),Rate,406
09/11/2026 06:03:15,System.Runtime,dotnet.process.memory.working_set (By),Metric,75890688
09/11/2026 06:03:15,System.Runtime,dotnet.thread_pool.thread.count ({thread} / 1 sec),Rate,0
09/11/2026 06:03:15,System.Runtime,dotnet.jit.compilation.time (s / 1 sec),Rate,0.0002195000000000391
09/11/2026 06:03:16,System.Runtime,dotnet.jit.compiled_il.size (By / 1 sec),Rate,441
09/11/2026 06:03:16,System.Runtime,dotnet.jit.compiled_methods ({method} / 1 sec),Rate,12
09/11/2026 06:03:16,System.Runtime,dotnet.monitor.lock_contentions ({contention} / 1 sec),Rate,0
09/11/2026 06:03:16,System.Runtime,dotnet.gc.collections ({collection} / 1 sec)[gc.heap.generation=gen0],Rate,0
09/11/2026 06:03:16,System.Runtime,dotnet.gc.collections ({collection} / 1 sec)[gc.heap.generation=gen2],Rate,0
09/11/2026 06:03:16,System.Runtime,dotnet.gc.collections ({collection} / 1 sec)[gc.heap.generation=gen1],Rate,0
09/11/2026 06:03:16,System.Runtime,dotnet.process.cpu.time (s / 1 sec)[cpu.mode=user],Rate,0.1563500000000002
09/11/2026 06:03:16,System.Runtime,dotnet.process.cpu.time (s / 1 sec)[cpu.mode=system],Rate,0.02279600000000004
09/11/2026 06:03:16,System.Runtime,dotnet.process.cpu.count ({cpu}),Metric,15
09/11/2026 06:03:16,System.Runtime,dotnet.gc.pause.time (s / 1 sec),Rate,0
09/11/2026 06:03:16,System.Runtime,dotnet.thread_pool.queue.length ({work_item} / 1 sec),Rate,0
09/11/2026 06:03:16,System.Runtime,dotnet.gc.last_collection.memory.committed_size (By),Metric,0
09/11/2026 06:03:16,System.Runtime,dotnet.gc.last_collection.heap.fragmentation.size (By)[gc.heap.generation=gen0],Metric,0
09/11/2026 06:03:16,System.Runtime,dotnet.gc.last_collection.heap.fragmentation.size (By)[gc.heap.generation=loh],Metric,0
09/11/2026 06:03:16,System.Runtime,dotnet.gc.last_collection.heap.fragmentation.size (By)[gc.heap.generation=poh],Metric,0
09/11/2026 06:03:16,System.Runtime,dotnet.gc.last_collection.heap.fragmentation.size (By)[gc.heap.generation=gen2],Metric,0
09/11/2026 06:03:16,System.Runtime,dotnet.gc.last_collection.heap.fragmentation.size (By)[gc.heap.generation=gen1],Metric,0
09/11/2026 06:03:16,System.Runtime,dotnet.timer.count ({timer}),Metric,3
09/11/2026 06:03:16,System.Runtime,dotnet.assembly.count ({assembly}),Metric,61
09/11/2026 06:03:16,System.Runtime,dotnet.gc.heap.total_allocated (By / 1 sec),Rate,172168
09/11/2026 06:03:16,System.Runtime,dotnet.gc.last_collection.heap.size (By)[gc.heap.generation=gen0],Metric,0
09/11/2026 06:03:16,System.Runtime,dotnet.gc.last_collection.heap.size (By)[gc.heap.generation=loh],Metric,0
09/11/2026 06:03:16,System.Runtime,dotnet.gc.last_collection.heap.size (By)[gc.heap.generation=poh],Metric,0
09/11/2026 06:03:16,System.Runtime,dotnet.gc.last_collection.heap.size (By)[gc.heap.generation=gen2],Metric,0
09/11/2026 06:03:16,System.Runtime,dotnet.gc.last_collection.heap.size (By)[gc.heap.generation=gen1],Metric,0
09/11/2026 06:03:16,System.Runtime,dotnet.thread_pool.work_item.count ({work_item} / 1 sec),Rate,408
09/11/2026 06:03:16,System.Runtime,dotnet.process.memory.working_set (By),Metric,76054528
09/11/2026 06:03:16,System.Runtime,dotnet.thread_pool.thread.count ({thread} / 1 sec),Rate,0
09/11/2026 06:03:16,System.Runtime,dotnet.jit.compilation.time (s / 1 sec),Rate,0.0025816999999999646
09/11/2026 06:03:17,System.Runtime,dotnet.jit.compiled_il.size (By / 1 sec),Rate,1605
09/11/2026 06:03:17,System.Runtime,dotnet.jit.compiled_methods ({method} / 1 sec),Rate,15
09/11/2026 06:03:17,System.Runtime,dotnet.monitor.lock_contentions ({contention} / 1 sec),Rate,2
09/11/2026 06:03:17,System.Runtime,dotnet.gc.collections ({collection} / 1 sec)[gc.heap.generation=gen0],Rate,0
09/11/2026 06:03:17,System.Runtime,dotnet.gc.collections ({collection} / 1 sec)[gc.heap.generation=gen2],Rate,0
09/11/2026 06:03:17,System.Runtime,dotnet.gc.collections ({collection} / 1 sec)[gc.heap.generation=gen1],Rate,0
09/11/2026 06:03:17,System.Runtime,dotnet.process.cpu.time (s / 1 sec)[cpu.mode=user],Rate,0.16219699999999992
09/11/2026 06:03:17,System.Runtime,dotnet.process.cpu.time (s / 1 sec)[cpu.mode=system],Rate,0.02278199999999997
09/11/2026 06:03:17,System.Runtime,dotnet.process.cpu.count ({cpu}),Metric,15
09/11/2026 06:03:17,System.Runtime,dotnet.gc.pause.time (s / 1 sec),Rate,0
09/11/2026 06:03:17,System.Runtime,dotnet.thread_pool.queue.length ({work_item} / 1 sec),Rate,0
09/11/2026 06:03:17,System.Runtime,dotnet.gc.last_collection.memory.committed_size (By),Metric,0
09/11/2026 06:03:17,System.Runtime,dotnet.gc.last_collection.heap.fragmentation.size (By)[gc.heap.generation=gen0],Metric,0
09/11/2026 06:03:17,System.Runtime,dotnet.gc.last_collection.heap.fragmentation.size (By)[gc.heap.generation=loh],Metric,0
09/11/2026 06:03:17,System.Runtime,dotnet.gc.last_collection.heap.fragmentation.size (By)[gc.heap.generation=poh],Metric,0
09/11/2026 06:03:17,System.Runtime,dotnet.gc.last_collection.heap.fragmentation.size (By)[gc.heap.generation=gen2],Metric,0
09/11/2026 06:03:17,System.Runtime,dotnet.gc.last_collection.heap.fragmentation.size (By)[gc.heap.generation=gen1],Metric,0
09/11/2026 06:03:17,System.Runtime,dotnet.timer.count ({timer}),Metric,3
09/11/2026 06:03:17,System.Runtime,dotnet.assembly.count ({assembly}),Metric,61
09/11/2026 06:03:17,System.Runtime,dotnet.gc.heap.total_allocated (By / 1 sec),Rate,163936
09/11/2026 06:03:17,System.Runtime,dotnet.gc.last_collection.heap.size (By)[gc.heap.generation=gen0],Metric,0
09/11/2026 06:03:17,System.Runtime,dotnet.gc.last_collection.heap.size (By)[gc.heap.generation=loh],Metric,0
09/11/2026 06:03:17,System.Runtime,dotnet.gc.last_collection.heap.size (By)[gc.heap.generation=poh],Metric,0
09/11/2026 06:03:17,System.Runtime,dotnet.gc.last_collection.heap.size (By)[gc.heap.generation=gen2],Metric,0
09/11/2026 06:03:17,System.Runtime,dotnet.gc.last_collection.heap.size (By)[gc.heap.generation=gen1],Metric,0
09/11/2026 06:03:17,System.Runtime,dotnet.thread_pool.work_item.count ({work_item} / 1 sec),Rate,407
09/11/2026 06:03:17,System.Runtime,dotnet.process.memory.working_set (By),Metric,76300288
09/11/2026 06:03:17,System.Runtime,dotnet.thread_pool.thread.count ({thread} / 1 sec),Rate,0
09/11/2026 06:03:17,System.Runtime,dotnet.jit.compilation.time (s / 1 sec),Rate,0.010150800000000015
09/11/2026 06:03:18,System.Runtime,dotnet.jit.compiled_il.size (By / 1 sec),Rate,16
09/11/2026 06:03:18,System.Runtime,dotnet.jit.compiled_methods ({method} / 1 sec),Rate,2
09/11/2026 06:03:18,System.Runtime,dotnet.monitor.lock_contentions ({contention} / 1 sec),Rate,1
09/11/2026 06:03:18,System.Runtime,dotnet.gc.collections ({collection} / 1 sec)[gc.heap.generation=gen0],Rate,0
09/11/2026 06:03:18,System.Runtime,dotnet.gc.collections ({collection} / 1 sec)[gc.heap.generation=gen2],Rate,0
09/11/2026 06:03:18,System.Runtime,dotnet.gc.collections ({collection} / 1 sec)[gc.heap.generation=gen1],Rate,0
09/11/2026 06:03:18,System.Runtime,dotnet.process.cpu.time (s / 1 sec)[cpu.mode=user],Rate,0.1475430000000002
09/11/2026 06:03:18,System.Runtime,dotnet.process.cpu.time (s / 1 sec)[cpu.mode=system],Rate,0.022494000000000014
09/11/2026 06:03:18,System.Runtime,dotnet.process.cpu.count ({cpu}),Metric,15
09/11/2026 06:03:18,System.Runtime,dotnet.gc.pause.time (s / 1 sec),Rate,0
09/11/2026 06:03:18,System.Runtime,dotnet.thread_pool.queue.length ({work_item} / 1 sec),Rate,0
09/11/2026 06:03:18,System.Runtime,dotnet.gc.last_collection.memory.committed_size (By),Metric,0
09/11/2026 06:03:18,System.Runtime,dotnet.gc.last_collection.heap.fragmentation.size (By)[gc.heap.generation=gen0],Metric,0
09/11/2026 06:03:18,System.Runtime,dotnet.gc.last_collection.heap.fragmentation.size (By)[gc.heap.generation=loh],Metric,0
09/11/2026 06:03:18,System.Runtime,dotnet.gc.last_collection.heap.fragmentation.size (By)[gc.heap.generation=poh],Metric,0
09/11/2026 06:03:18,System.Runtime,dotnet.gc.last_collection.heap.fragmentation.size (By)[gc.heap.generation=gen2],Metric,0
09/11/2026 06:03:18,System.Runtime,dotnet.gc.last_collection.heap.fragmentation.size (By)[gc.heap.generation=gen1],Metric,0
09/11/2026 06:03:18,System.Runtime,dotnet.timer.count ({timer}),Metric,3
09/11/2026 06:03:18,System.Runtime,dotnet.assembly.count ({assembly}),Metric,61
09/11/2026 06:03:18,System.Runtime,dotnet.gc.heap.total_allocated (By / 1 sec),Rate,164000
09/11/2026 06:03:18,System.Runtime,dotnet.gc.last_collection.heap.size (By)[gc.heap.generation=gen0],Metric,0
09/11/2026 06:03:18,System.Runtime,dotnet.gc.last_collection.heap.size (By)[gc.heap.generation=loh],Metric,0
09/11/2026 06:03:18,System.Runtime,dotnet.gc.last_collection.heap.size (By)[gc.heap.generation=poh],Metric,0
09/11/2026 06:03:18,System.Runtime,dotnet.gc.last_collection.heap.size (By)[gc.heap.generation=gen2],Metric,0
09/11/2026 06:03:18,System.Runtime,dotnet.gc.last_collection.heap.size (By)[gc.heap.generation=gen1],Metric,0
09/11/2026 06:03:18,System.Runtime,dotnet.thread_pool.work_item.count ({work_item} / 1 sec),Rate,405
09/11/2026 06:03:18,System.Runtime,dotnet.process.memory.working_set (By),Metric,76480512
09/11/2026 06:03:18,System.Runtime,dotnet.thread_pool.thread.count ({thread} / 1 sec),Rate,0
09/11/2026 06:03:18,System.Runtime,dotnet.jit.compilation.time (s / 1 sec),Rate,0.0005738000000000132
09/11/2026 06:03:19,System.Runtime,dotnet.jit.compiled_il.size (By / 1 sec),Rate,27
09/11/2026 06:03:19,System.Runtime,dotnet.jit.compiled_methods ({method} / 1 sec),Rate,1
09/11/2026 06:03:19,System.Runtime,dotnet.monitor.lock_contentions ({contention} / 1 sec),Rate,1
09/11/2026 06:03:19,System.Runtime,dotnet.gc.collections ({collection} / 1 sec)[gc.heap.generation=gen0],Rate,0
09/11/2026 06:03:19,System.Runtime,dotnet.gc.collections ({collection} / 1 sec)[gc.heap.generation=gen2],Rate,0
09/11/2026 06:03:19,System.Runtime,dotnet.gc.collections ({collection} / 1 sec)[gc.heap.generation=gen1],Rate,0
09/11/2026 06:03:19,System.Runtime,dotnet.process.cpu.time (s / 1 sec)[cpu.mode=user],Rate,0.15053599999999978
09/11/2026 06:03:19,System.Runtime,dotnet.process.cpu.time (s / 1 sec)[cpu.mode=system],Rate,0.02424499999999996
09/11/2026 06:03:19,System.Runtime,dotnet.process.cpu.count ({cpu}),Metric,15
09/11/2026 06:03:19,System.Runtime,dotnet.gc.pause.time (s / 1 sec),Rate,0
09/11/2026 06:03:19,System.Runtime,dotnet.thread_pool.queue.length ({work_item} / 1 sec),Rate,0
09/11/2026 06:03:19,System.Runtime,dotnet.gc.last_collection.memory.committed_size (By),Metric,0
09/11/2026 06:03:19,System.Runtime,dotnet.gc.last_collection.heap.fragmentation.size (By)[gc.heap.generation=gen0],Metric,0
09/11/2026 06:03:19,System.Runtime,dotnet.gc.last_collection.heap.fragmentation.size (By)[gc.heap.generation=loh],Metric,0
09/11/2026 06:03:19,System.Runtime,dotnet.gc.last_collection.heap.fragmentation.size (By)[gc.heap.generation=poh],Metric,0
09/11/2026 06:03:19,System.Runtime,dotnet.gc.last_collection.heap.fragmentation.size (By)[gc.heap.generation=gen2],Metric,0
09/11/2026 06:03:19,System.Runtime,dotnet.gc.last_collection.heap.fragmentation.size (By)[gc.heap.generation=gen1],Metric,0
09/11/2026 06:03:19,System.Runtime,dotnet.timer.count ({timer}),Metric,3
09/11/2026 06:03:19,System.Runtime,dotnet.assembly.count ({assembly}),Metric,61
09/11/2026 06:03:19,System.Runtime,dotnet.gc.heap.total_allocated (By / 1 sec),Rate,166344
09/11/2026 06:03:19,System.Runtime,dotnet.gc.last_collection.heap.size (By)[gc.heap.generation=gen0],Metric,0
09/11/2026 06:03:19,System.Runtime,dotnet.gc.last_collection.heap.size (By)[gc.heap.generation=loh],Metric,0
09/11/2026 06:03:19,System.Runtime,dotnet.gc.last_collection.heap.size (By)[gc.heap.generation=poh],Metric,0
09/11/2026 06:03:19,System.Runtime,dotnet.gc.last_collection.heap.size (By)[gc.heap.generation=gen2],Metric,0
09/11/2026 06:03:19,System.Runtime,dotnet.gc.last_collection.heap.size (By)[gc.heap.generation=gen1],Metric,0
09/11/2026 06:03:19,System.Runtime,dotnet.thread_pool.work_item.count ({work_item} / 1 sec),Rate,431
09/11/2026 06:03:19,System.Runtime,dotnet.process.memory.working_set (By),Metric,76660736
09/11/2026 06:03:19,System.Runtime,dotnet.thread_pool.thread.count ({thread} / 1 sec),Rate,-1
09/11/2026 06:03:19,System.Runtime,dotnet.jit.compilation.time (s / 1 sec),Rate,0.00028729999999999034
09/11/2026 06:03:20,System.Runtime,dotnet.jit.compiled_il.size (By / 1 sec),Rate,115
09/11/2026 06:03:20,System.Runtime,dotnet.jit.compiled_methods ({method} / 1 sec),Rate,3
09/11/2026 06:03:20,System.Runtime,dotnet.monitor.lock_contentions ({contention} / 1 sec),Rate,0
09/11/2026 06:03:20,System.Runtime,dotnet.gc.collections ({collection} / 1 sec)[gc.heap.generation=gen0],Rate,0
09/11/2026 06:03:20,System.Runtime,dotnet.gc.collections ({collection} / 1 sec)[gc.heap.generation=gen2],Rate,0
09/11/2026 06:03:20,System.Runtime,dotnet.gc.collections ({collection} / 1 sec)[gc.heap.generation=gen1],Rate,0
09/11/2026 06:03:20,System.Runtime,dotnet.process.cpu.time (s / 1 sec)[cpu.mode=user],Rate,0.15756399999999982
09/11/2026 06:03:20,System.Runtime,dotnet.process.cpu.time (s / 1 sec)[cpu.mode=system],Rate,0.02476900000000004
09/11/2026 06:03:20,System.Runtime,dotnet.process.cpu.count ({cpu}),Metric,15
09/11/2026 06:03:20,System.Runtime,dotnet.gc.pause.time (s / 1 sec),Rate,0
09/11/2026 06:03:20,System.Runtime,dotnet.thread_pool.queue.length ({work_item} / 1 sec),Rate,0
09/11/2026 06:03:20,System.Runtime,dotnet.gc.last_collection.memory.committed_size (By),Metric,0
09/11/2026 06:03:20,System.Runtime,dotnet.gc.last_collection.heap.fragmentation.size (By)[gc.heap.generation=gen0],Metric,0
09/11/2026 06:03:20,System.Runtime,dotnet.gc.last_collection.heap.fragmentation.size (By)[gc.heap.generation=loh],Metric,0
09/11/2026 06:03:20,System.Runtime,dotnet.gc.last_collection.heap.fragmentation.size (By)[gc.heap.generation=poh],Metric,0
09/11/2026 06:03:20,System.Runtime,dotnet.gc.last_collection.heap.fragmentation.size (By)[gc.heap.generation=gen2],Metric,0
09/11/2026 06:03:20,System.Runtime,dotnet.gc.last_collection.heap.fragmentation.size (By)[gc.heap.generation=gen1],Metric,0
09/11/2026 06:03:20,System.Runtime,dotnet.timer.count ({timer}),Metric,3
09/11/2026 06:03:20,System.Runtime,dotnet.assembly.count ({assembly}),Metric,61
09/11/2026 06:03:20,System.Runtime,dotnet.gc.heap.total_allocated (By / 1 sec),Rate,180384
09/11/2026 06:03:20,System.Runtime,dotnet.gc.last_collection.heap.size (By)[gc.heap.generation=gen0],Metric,0
09/11/2026 06:03:20,System.Runtime,dotnet.gc.last_collection.heap.size (By)[gc.heap.generation=loh],Metric,0
09/11/2026 06:03:20,System.Runtime,dotnet.gc.last_collection.heap.size (By)[gc.heap.generation=poh],Metric,0
09/11/2026 06:03:20,System.Runtime,dotnet.gc.last_collection.heap.size (By)[gc.heap.generation=gen2],Metric,0
09/11/2026 06:03:20,System.Runtime,dotnet.gc.last_collection.heap.size (By)[gc.heap.generation=gen1],Metric,0
09/11/2026 06:03:20,System.Runtime,dotnet.thread_pool.work_item.count ({work_item} / 1 sec),Rate,449
09/11/2026 06:03:20,System.Runtime,dotnet.process.memory.working_set (By),Metric,76840960
09/11/2026 06:03:20,System.Runtime,dotnet.thread_pool.thread.count ({thread} / 1 sec),Rate,0
09/11/2026 06:03:20,System.Runtime,dotnet.jit.compilation.time (s / 1 sec),Rate,0.0013056999999999652
09/11/2026 06:03:21,System.Runtime,dotnet.jit.compiled_il.size (By / 1 sec),Rate,376
09/11/2026 06:03:21,System.Runtime,dotnet.jit.compiled_methods ({method} / 1 sec),Rate,7
09/11/2026 06:03:21,System.Runtime,dotnet.monitor.lock_contentions ({contention} / 1 sec),Rate,1
09/11/2026 06:03:21,System.Runtime,dotnet.gc.collections ({collection} / 1 sec)[gc.heap.generation=gen0],Rate,0
09/11/2026 06:03:21,System.Runtime,dotnet.gc.collections ({collection} / 1 sec)[gc.heap.generation=gen2],Rate,0
09/11/2026 06:03:21,System.Runtime,dotnet.gc.collections ({collection} / 1 sec)[gc.heap.generation=gen1],Rate,0
09/11/2026 06:03:21,System.Runtime,dotnet.process.cpu.time (s / 1 sec)[cpu.mode=user],Rate,0.15952700000000064
09/11/2026 06:03:21,System.Runtime,dotnet.process.cpu.time (s / 1 sec)[cpu.mode=system],Rate,0.02406599999999992
09/11/2026 06:03:21,System.Runtime,dotnet.process.cpu.count ({cpu}),Metric,15
09/11/2026 06:03:21,System.Runtime,dotnet.gc.pause.time (s / 1 sec),Rate,0
09/11/2026 06:03:21,System.Runtime,dotnet.thread_pool.queue.length ({work_item} / 1 sec),Rate,0
09/11/2026 06:03:21,System.Runtime,dotnet.gc.last_collection.memory.committed_size (By),Metric,0
09/11/2026 06:03:21,System.Runtime,dotnet.gc.last_collection.heap.fragmentation.size (By)[gc.heap.generation=gen0],Metric,0
09/11/2026 06:03:21,System.Runtime,dotnet.gc.last_collection.heap.fragmentation.size (By)[gc.heap.generation=loh],Metric,0
09/11/2026 06:03:21,System.Runtime,dotnet.gc.last_collection.heap.fragmentation.size (By)[gc.heap.generation=poh],Metric,0
09/11/2026 06:03:21,System.Runtime,dotnet.gc.last_collection.heap.fragmentation.size (By)[gc.heap.generation=gen2],Metric,0
09/11/2026 06:03:21,System.Runtime,dotnet.gc.last_collection.heap.fragmentation.size (By)[gc.heap.generation=gen1],Metric,0
09/11/2026 06:03:21,System.Runtime,dotnet.timer.count ({timer}),Metric,3
09/11/2026 06:03:21,System.Runtime,dotnet.assembly.count ({assembly}),Metric,61
09/11/2026 06:03:21,System.Runtime,dotnet.gc.heap.total_allocated (By / 1 sec),Rate,179376
09/11/2026 06:03:21,System.Runtime,dotnet.gc.last_collection.heap.size (By)[gc.heap.generation=gen0],Metric,0
09/11/2026 06:03:21,System.Runtime,dotnet.gc.last_collection.heap.size (By)[gc.heap.generation=loh],Metric,0
09/11/2026 06:03:21,System.Runtime,dotnet.gc.last_collection.heap.size (By)[gc.heap.generation=poh],Metric,0
09/11/2026 06:03:21,System.Runtime,dotnet.gc.last_collection.heap.size (By)[gc.heap.generation=gen2],Metric,0
09/11/2026 06:03:21,System.Runtime,dotnet.gc.last_collection.heap.size (By)[gc.heap.generation=gen1],Metric,0
09/11/2026 06:03:21,System.Runtime,dotnet.thread_pool.work_item.count ({work_item} / 1 sec),Rate,428
09/11/2026 06:03:21,System.Runtime,dotnet.process.memory.working_set (By),Metric,77037568
09/11/2026 06:03:21,System.Runtime,dotnet.thread_pool.thread.count ({thread} / 1 sec),Rate,0
09/11/2026 06:03:21,System.Runtime,dotnet.jit.compilation.time (s / 1 sec),Rate,0.006194500000000047
09/11/2026 06:03:22,System.Runtime,dotnet.jit.compiled_il.size (By / 1 sec),Rate,10
09/11/2026 06:03:22,System.Runtime,dotnet.jit.compiled_methods ({method} / 1 sec),Rate,1
09/11/2026 06:03:22,System.Runtime,dotnet.monitor.lock_contentions ({contention} / 1 sec),Rate,1
09/11/2026 06:03:22,System.Runtime,dotnet.gc.collections ({collection} / 1 sec)[gc.heap.generation=gen0],Rate,0
09/11/2026 06:03:22,System.Runtime,dotnet.gc.collections ({collection} / 1 sec)[gc.heap.generation=gen2],Rate,0
09/11/2026 06:03:22,System.Runtime,dotnet.gc.collections ({collection} / 1 sec)[gc.heap.generation=gen1],Rate,0
09/11/2026 06:03:22,System.Runtime,dotnet.process.cpu.time (s / 1 sec)[cpu.mode=user],Rate,0.15057999999999971
09/11/2026 06:03:22,System.Runtime,dotnet.process.cpu.time (s / 1 sec)[cpu.mode=system],Rate,0.022803000000000018
09/11/2026 06:03:22,System.Runtime,dotnet.process.cpu.count ({cpu}),Metric,15
09/11/2026 06:03:22,System.Runtime,dotnet.gc.pause.time (s / 1 sec),Rate,0
09/11/2026 06:03:22,System.Runtime,dotnet.thread_pool.queue.length ({work_item} / 1 sec),Rate,0
09/11/2026 06:03:22,System.Runtime,dotnet.gc.last_collection.memory.committed_size (By),Metric,0
09/11/2026 06:03:22,System.Runtime,dotnet.gc.last_collection.heap.fragmentation.size (By)[gc.heap.generation=gen0],Metric,0
09/11/2026 06:03:22,System.Runtime,dotnet.gc.last_collection.heap.fragmentation.size (By)[gc.heap.generation=loh],Metric,0
09/11/2026 06:03:22,System.Runtime,dotnet.gc.last_collection.heap.fragmentation.size (By)[gc.heap.generation=poh],Metric,0
09/11/2026 06:03:22,System.Runtime,dotnet.gc.last_collection.heap.fragmentation.size (By)[gc.heap.generation=gen2],Metric,0
09/11/2026 06:03:22,System.Runtime,dotnet.gc.last_collection.heap.fragmentation.size (By)[gc.heap.generation=gen1],Metric,0
09/11/2026 06:03:22,System.Runtime,dotnet.timer.count ({timer}),Metric,3
09/11/2026 06:03:22,System.Runtime,dotnet.assembly.count ({assembly}),Metric,61
09/11/2026 06:03:22,System.Runtime,dotnet.gc.heap.total_allocated (By / 1 sec),Rate,155744
09/11/2026 06:03:22,System.Runtime,dotnet.gc.last_collection.heap.size (By)[gc.heap.generation=gen0],Metric,0
09/11/2026 06:03:22,System.Runtime,dotnet.gc.last_collection.heap.size (By)[gc.heap.generation=loh],Metric,0
09/11/2026 06:03:22,System.Runtime,dotnet.gc.last_collection.heap.size (By)[gc.heap.generation=poh],Metric,0
09/11/2026 06:03:22,System.Runtime,dotnet.gc.last_collection.heap.size (By)[gc.heap.generation=gen2],Metric,0
09/11/2026 06:03:22,System.Runtime,dotnet.gc.last_collection.heap.size (By)[gc.heap.generation=gen1],Metric,0
09/11/2026 06:03:22,System.Runtime,dotnet.thread_pool.work_item.count ({work_item} / 1 sec),Rate,412
09/11/2026 06:03:22,System.Runtime,dotnet.process.memory.working_set (By),Metric,77217792
09/11/2026 06:03:22,System.Runtime,dotnet.thread_pool.thread.count ({thread} / 1 sec),Rate,0
09/11/2026 06:03:22,System.Runtime,dotnet.jit.compilation.time (s / 1 sec),Rate,0.0004829999999999557
09/11/2026 06:03:23,System.Runtime,dotnet.jit.compiled_il.size (By / 1 sec),Rate,75
09/11/2026 06:03:23,System.Runtime,dotnet.jit.compiled_methods ({method} / 1 sec),Rate,1
09/11/2026 06:03:23,System.Runtime,dotnet.monitor.lock_contentions ({contention} / 1 sec),Rate,0
09/11/2026 06:03:23,System.Runtime,dotnet.gc.collections ({collection} / 1 sec)[gc.heap.generation=gen0],Rate,0
09/11/2026 06:03:23,System.Runtime,dotnet.gc.collections ({collection} / 1 sec)[gc.heap.generation=gen2],Rate,0
09/11/2026 06:03:23,System.Runtime,dotnet.gc.collections ({collection} / 1 sec)[gc.heap.generation=gen1],Rate,0
09/11/2026 06:03:23,System.Runtime,dotnet.process.cpu.time (s / 1 sec)[cpu.mode=user],Rate,0.15143600000000035
09/11/2026 06:03:23,System.Runtime,dotnet.process.cpu.time (s / 1 sec)[cpu.mode=system],Rate,0.023793000000000064
09/11/2026 06:03:23,System.Runtime,dotnet.process.cpu.count ({cpu}),Metric,15
09/11/2026 06:03:23,System.Runtime,dotnet.gc.pause.time (s / 1 sec),Rate,0
09/11/2026 06:03:23,System.Runtime,dotnet.thread_pool.queue.length ({work_item} / 1 sec),Rate,0
09/11/2026 06:03:23,System.Runtime,dotnet.gc.last_collection.memory.committed_size (By),Metric,0
09/11/2026 06:03:23,System.Runtime,dotnet.gc.last_collection.heap.fragmentation.size (By)[gc.heap.generation=gen0],Metric,0
09/11/2026 06:03:23,System.Runtime,dotnet.gc.last_collection.heap.fragmentation.size (By)[gc.heap.generation=loh],Metric,0
09/11/2026 06:03:23,System.Runtime,dotnet.gc.last_collection.heap.fragmentation.size (By)[gc.heap.generation=poh],Metric,0
09/11/2026 06:03:23,System.Runtime,dotnet.gc.last_collection.heap.fragmentation.size (By)[gc.heap.generation=gen2],Metric,0
09/11/2026 06:03:23,System.Runtime,dotnet.gc.last_collection.heap.fragmentation.size (By)[gc.heap.generation=gen1],Metric,0
09/11/2026 06:03:23,System.Runtime,dotnet.timer.count ({timer}),Metric,3
09/11/2026 06:03:23,System.Runtime,dotnet.assembly.count ({assembly}),Metric,61
09/11/2026 06:03:23,System.Runtime,dotnet.gc.heap.total_allocated (By / 1 sec),Rate,161608
09/11/2026 06:03:23,System.Runtime,dotnet.gc.last_collection.heap.size (By)[gc.heap.generation=gen0],Metric,0
09/11/2026 06:03:23,System.Runtime,dotnet.gc.last_collection.heap.size (By)[gc.heap.generation=loh],Metric,0
09/11/2026 06:03:23,System.Runtime,dotnet.gc.last_collection.heap.size (By)[gc.heap.generation=poh],Metric,0
09/11/2026 06:03:23,System.Runtime,dotnet.gc.last_collection.heap.size (By)[gc.heap.generation=gen2],Metric,0
09/11/2026 06:03:23,System.Runtime,dotnet.gc.last_collection.heap.size (By)[gc.heap.generation=gen1],Metric,0
09/11/2026 06:03:23,System.Runtime,dotnet.thread_pool.work_item.count ({work_item} / 1 sec),Rate,412
09/11/2026 06:03:23,System.Runtime,dotnet.process.memory.working_set (By),Metric,77398016
09/11/2026 06:03:23,System.Runtime,dotnet.thread_pool.thread.count ({thread} / 1 sec),Rate,0
09/11/2026 06:03:23,System.Runtime,dotnet.jit.compilation.time (s / 1 sec),Rate,0.000870700000000002
09/11/2026 06:03:24,System.Runtime,dotnet.jit.compiled_il.size (By / 1 sec),Rate,2568
09/11/2026 06:03:24,System.Runtime,dotnet.jit.compiled_methods ({method} / 1 sec),Rate,39
09/11/2026 06:03:24,System.Runtime,dotnet.monitor.lock_contentions ({contention} / 1 sec),Rate,1
09/11/2026 06:03:24,System.Runtime,dotnet.gc.collections ({collection} / 1 sec)[gc.heap.generation=gen0],Rate,0
09/11/2026 06:03:24,System.Runtime,dotnet.gc.collections ({collection} / 1 sec)[gc.heap.generation=gen2],Rate,0
09/11/2026 06:03:24,System.Runtime,dotnet.gc.collections ({collection} / 1 sec)[gc.heap.generation=gen1],Rate,0
09/11/2026 06:03:24,System.Runtime,dotnet.process.cpu.time (s / 1 sec)[cpu.mode=user],Rate,0.2058479999999996
09/11/2026 06:03:24,System.Runtime,dotnet.process.cpu.time (s / 1 sec)[cpu.mode=system],Rate,0.02365499999999998
09/11/2026 06:03:24,System.Runtime,dotnet.process.cpu.count ({cpu}),Metric,15
09/11/2026 06:03:24,System.Runtime,dotnet.gc.pause.time (s / 1 sec),Rate,0
09/11/2026 06:03:24,System.Runtime,dotnet.thread_pool.queue.length ({work_item} / 1 sec),Rate,0
09/11/2026 06:03:24,System.Runtime,dotnet.gc.last_collection.memory.committed_size (By),Metric,0
09/11/2026 06:03:24,System.Runtime,dotnet.gc.last_collection.heap.fragmentation.size (By)[gc.heap.generation=gen0],Metric,0
09/11/2026 06:03:24,System.Runtime,dotnet.gc.last_collection.heap.fragmentation.size (By)[gc.heap.generation=loh],Metric,0
09/11/2026 06:03:24,System.Runtime,dotnet.gc.last_collection.heap.fragmentation.size (By)[gc.heap.generation=poh],Metric,0
09/11/2026 06:03:24,System.Runtime,dotnet.gc.last_collection.heap.fragmentation.size (By)[gc.heap.generation=gen2],Metric,0
09/11/2026 06:03:24,System.Runtime,dotnet.gc.last_collection.heap.fragmentation.size (By)[gc.heap.generation=gen1],Metric,0
09/11/2026 06:03:24,System.Runtime,dotnet.timer.count ({timer}),Metric,2
09/11/2026 06:03:24,System.Runtime,dotnet.assembly.count ({assembly}),Metric,61
09/11/2026 06:03:24,System.Runtime,dotnet.gc.heap.total_allocated (By / 1 sec),Rate,186512
09/11/2026 06:03:24,System.Runtime,dotnet.gc.last_collection.heap.size (By)[gc.heap.generation=gen0],Metric,0
09/11/2026 06:03:24,System.Runtime,dotnet.gc.last_collection.heap.size (By)[gc.heap.generation=loh],Metric,0
09/11/2026 06:03:24,System.Runtime,dotnet.gc.last_collection.heap.size (By)[gc.heap.generation=poh],Metric,0
09/11/2026 06:03:24,System.Runtime,dotnet.gc.last_collection.heap.size (By)[gc.heap.generation=gen2],Metric,0
09/11/2026 06:03:24,System.Runtime,dotnet.gc.last_collection.heap.size (By)[gc.heap.generation=gen1],Metric,0
09/11/2026 06:03:24,System.Runtime,dotnet.thread_pool.work_item.count ({work_item} / 1 sec),Rate,426
09/11/2026 06:03:24,System.Runtime,dotnet.process.memory.working_set (By),Metric,77627392
09/11/2026 06:03:24,System.Runtime,dotnet.thread_pool.thread.count ({thread} / 1 sec),Rate,0
09/11/2026 06:03:24,System.Runtime,dotnet.jit.compilation.time (s / 1 sec),Rate,0.00408850000000005
09/11/2026 06:03:25,System.Runtime,dotnet.jit.compiled_il.size (By / 1 sec),Rate,24674
09/11/2026 06:03:25,System.Runtime,dotnet.jit.compiled_methods ({method} / 1 sec),Rate,344
09/11/2026 06:03:25,System.Runtime,dotnet.monitor.lock_contentions ({contention} / 1 sec),Rate,0
09/11/2026 06:03:25,System.Runtime,dotnet.gc.collections ({collection} / 1 sec)[gc.heap.generation=gen0],Rate,0
09/11/2026 06:03:25,System.Runtime,dotnet.gc.collections ({collection} / 1 sec)[gc.heap.generation=gen2],Rate,0
09/11/2026 06:03:25,System.Runtime,dotnet.gc.collections ({collection} / 1 sec)[gc.heap.generation=gen1],Rate,0
09/11/2026 06:03:25,System.Runtime,dotnet.process.cpu.time (s / 1 sec)[cpu.mode=user],Rate,0.6359969999999997
09/11/2026 06:03:25,System.Runtime,dotnet.process.cpu.time (s / 1 sec)[cpu.mode=system],Rate,0.029317999999999955
09/11/2026 06:03:25,System.Runtime,dotnet.process.cpu.count ({cpu}),Metric,15
09/11/2026 06:03:25,System.Runtime,dotnet.gc.pause.time (s / 1 sec),Rate,0
09/11/2026 06:03:25,System.Runtime,dotnet.thread_pool.queue.length ({work_item} / 1 sec),Rate,0
09/11/2026 06:03:25,System.Runtime,dotnet.gc.last_collection.memory.committed_size (By),Metric,0
09/11/2026 06:03:25,System.Runtime,dotnet.gc.last_collection.heap.fragmentation.size (By)[gc.heap.generation=gen0],Metric,0
09/11/2026 06:03:25,System.Runtime,dotnet.gc.last_collection.heap.fragmentation.size (By)[gc.heap.generation=loh],Metric,0
09/11/2026 06:03:25,System.Runtime,dotnet.gc.last_collection.heap.fragmentation.size (By)[gc.heap.generation=poh],Metric,0
09/11/2026 06:03:25,System.Runtime,dotnet.gc.last_collection.heap.fragmentation.size (By)[gc.heap.generation=gen2],Metric,0
09/11/2026 06:03:25,System.Runtime,dotnet.gc.last_collection.heap.fragmentation.size (By)[gc.heap.generation=gen1],Metric,0
09/11/2026 06:03:25,System.Runtime,dotnet.timer.count ({timer}),Metric,2
09/11/2026 06:03:25,System.Runtime,dotnet.assembly.count ({assembly}),Metric,61
09/11/2026 06:03:25,System.Runtime,dotnet.gc.heap.total_allocated (By / 1 sec),Rate,149320
09/11/2026 06:03:25,System.Runtime,dotnet.gc.last_collection.heap.size (By)[gc.heap.generation=gen0],Metric,0
09/11/2026 06:03:25,System.Runtime,dotnet.gc.last_collection.heap.size (By)[gc.heap.generation=loh],Metric,0
09/11/2026 06:03:25,System.Runtime,dotnet.gc.last_collection.heap.size (By)[gc.heap.generation=poh],Metric,0
09/11/2026 06:03:25,System.Runtime,dotnet.gc.last_collection.heap.size (By)[gc.heap.generation=gen2],Metric,0
09/11/2026 06:03:25,System.Runtime,dotnet.gc.last_collection.heap.size (By)[gc.heap.generation=gen1],Metric,0
09/11/2026 06:03:25,System.Runtime,dotnet.thread_pool.work_item.count ({work_item} / 1 sec),Rate,601
09/11/2026 06:03:25,System.Runtime,dotnet.process.memory.working_set (By),Metric,80314368
09/11/2026 06:03:25,System.Runtime,dotnet.thread_pool.thread.count ({thread} / 1 sec),Rate,0
09/11/2026 06:03:25,System.Runtime,dotnet.jit.compilation.time (s / 1 sec),Rate,0.054736499999999966
09/11/2026 06:03:26,System.Runtime,dotnet.jit.compiled_il.size (By / 1 sec),Rate,55
09/11/2026 06:03:26,System.Runtime,dotnet.jit.compiled_methods ({method} / 1 sec),Rate,1
09/11/2026 06:03:26,System.Runtime,dotnet.monitor.lock_contentions ({contention} / 1 sec),Rate,0
09/11/2026 06:03:26,System.Runtime,dotnet.gc.collections ({collection} / 1 sec)[gc.heap.generation=gen0],Rate,0
09/11/2026 06:03:26,System.Runtime,dotnet.gc.collections ({collection} / 1 sec)[gc.heap.generation=gen2],Rate,0
09/11/2026 06:03:26,System.Runtime,dotnet.gc.collections ({collection} / 1 sec)[gc.heap.generation=gen1],Rate,0
09/11/2026 06:03:26,System.Runtime,dotnet.process.cpu.time (s / 1 sec)[cpu.mode=user],Rate,0.591634
09/11/2026 06:03:26,System.Runtime,dotnet.process.cpu.time (s / 1 sec)[cpu.mode=system],Rate,0.03511799999999998
09/11/2026 06:03:26,System.Runtime,dotnet.process.cpu.count ({cpu}),Metric,15
09/11/2026 06:03:26,System.Runtime,dotnet.gc.pause.time (s / 1 sec),Rate,0
09/11/2026 06:03:26,System.Runtime,dotnet.thread_pool.queue.length ({work_item} / 1 sec),Rate,0
09/11/2026 06:03:26,System.Runtime,dotnet.gc.last_collection.memory.committed_size (By),Metric,0
09/11/2026 06:03:26,System.Runtime,dotnet.gc.last_collection.heap.fragmentation.size (By)[gc.heap.generation=gen0],Metric,0
09/11/2026 06:03:26,System.Runtime,dotnet.gc.last_collection.heap.fragmentation.size (By)[gc.heap.generation=loh],Metric,0
09/11/2026 06:03:26,System.Runtime,dotnet.gc.last_collection.heap.fragmentation.size (By)[gc.heap.generation=poh],Metric,0
09/11/2026 06:03:26,System.Runtime,dotnet.gc.last_collection.heap.fragmentation.size (By)[gc.heap.generation=gen2],Metric,0
09/11/2026 06:03:26,System.Runtime,dotnet.gc.last_collection.heap.fragmentation.size (By)[gc.heap.generation=gen1],Metric,0
09/11/2026 06:03:26,System.Runtime,dotnet.timer.count ({timer}),Metric,2
09/11/2026 06:03:26,System.Runtime,dotnet.assembly.count ({assembly}),Metric,61
09/11/2026 06:03:26,System.Runtime,dotnet.gc.heap.total_allocated (By / 1 sec),Rate,130168
09/11/2026 06:03:26,System.Runtime,dotnet.gc.last_collection.heap.size (By)[gc.heap.generation=gen0],Metric,0
09/11/2026 06:03:26,System.Runtime,dotnet.gc.last_collection.heap.size (By)[gc.heap.generation=loh],Metric,0
09/11/2026 06:03:26,System.Runtime,dotnet.gc.last_collection.heap.size (By)[gc.heap.generation=poh],Metric,0
09/11/2026 06:03:26,System.Runtime,dotnet.gc.last_collection.heap.size (By)[gc.heap.generation=gen2],Metric,0
09/11/2026 06:03:26,System.Runtime,dotnet.gc.last_collection.heap.size (By)[gc.heap.generation=gen1],Metric,0
09/11/2026 06:03:26,System.Runtime,dotnet.thread_pool.work_item.count ({work_item} / 1 sec),Rate,601
09/11/2026 06:03:26,System.Runtime,dotnet.process.memory.working_set (By),Metric,80461824
09/11/2026 06:03:26,System.Runtime,dotnet.thread_pool.thread.count ({thread} / 1 sec),Rate,0
09/11/2026 06:03:26,System.Runtime,dotnet.jit.compilation.time (s / 1 sec),Rate,0.0005410000000000137
09/11/2026 06:03:27,System.Runtime,dotnet.jit.compiled_il.size (By / 1 sec),Rate,0
09/11/2026 06:03:27,System.Runtime,dotnet.jit.compiled_methods ({method} / 1 sec),Rate,0
09/11/2026 06:03:27,System.Runtime,dotnet.monitor.lock_contentions ({contention} / 1 sec),Rate,0
09/11/2026 06:03:27,System.Runtime,dotnet.gc.collections ({collection} / 1 sec)[gc.heap.generation=gen0],Rate,0
09/11/2026 06:03:27,System.Runtime,dotnet.gc.collections ({collection} / 1 sec)[gc.heap.generation=gen2],Rate,0
09/11/2026 06:03:27,System.Runtime,dotnet.gc.collections ({collection} / 1 sec)[gc.heap.generation=gen1],Rate,0
09/11/2026 06:03:27,System.Runtime,dotnet.process.cpu.time (s / 1 sec)[cpu.mode=user],Rate,0.5817050000000004
09/11/2026 06:03:27,System.Runtime,dotnet.process.cpu.time (s / 1 sec)[cpu.mode=system],Rate,0.03731899999999999
09/11/2026 06:03:27,System.Runtime,dotnet.process.cpu.count ({cpu}),Metric,15
09/11/2026 06:03:27,System.Runtime,dotnet.gc.pause.time (s / 1 sec),Rate,0
09/11/2026 06:03:27,System.Runtime,dotnet.thread_pool.queue.length ({work_item} / 1 sec),Rate,0
09/11/2026 06:03:27,System.Runtime,dotnet.gc.last_collection.memory.committed_size (By),Metric,0
09/11/2026 06:03:27,System.Runtime,dotnet.gc.last_collection.heap.fragmentation.size (By)[gc.heap.generation=gen0],Metric,0
09/11/2026 06:03:27,System.Runtime,dotnet.gc.last_collection.heap.fragmentation.size (By)[gc.heap.generation=loh],Metric,0
09/11/2026 06:03:27,System.Runtime,dotnet.gc.last_collection.heap.fragmentation.size (By)[gc.heap.generation=poh],Metric,0
09/11/2026 06:03:27,System.Runtime,dotnet.gc.last_collection.heap.fragmentation.size (By)[gc.heap.generation=gen2],Metric,0
09/11/2026 06:03:27,System.Runtime,dotnet.gc.last_collection.heap.fragmentation.size (By)[gc.heap.generation=gen1],Metric,0
09/11/2026 06:03:27,System.Runtime,dotnet.timer.count ({timer}),Metric,2
09/11/2026 06:03:27,System.Runtime,dotnet.assembly.count ({assembly}),Metric,61
09/11/2026 06:03:27,System.Runtime,dotnet.gc.heap.total_allocated (By / 1 sec),Rate,139400
09/11/2026 06:03:27,System.Runtime,dotnet.gc.last_collection.heap.size (By)[gc.heap.generation=gen0],Metric,0
09/11/2026 06:03:27,System.Runtime,dotnet.gc.last_collection.heap.size (By)[gc.heap.generation=loh],Metric,0
09/11/2026 06:03:27,System.Runtime,dotnet.gc.last_collection.heap.size (By)[gc.heap.generation=poh],Metric,0
09/11/2026 06:03:27,System.Runtime,dotnet.gc.last_collection.heap.size (By)[gc.heap.generation=gen2],Metric,0
09/11/2026 06:03:27,System.Runtime,dotnet.gc.last_collection.heap.size (By)[gc.heap.generation=gen1],Metric,0
09/11/2026 06:03:27,System.Runtime,dotnet.thread_pool.work_item.count ({work_item} / 1 sec),Rate,601
09/11/2026 06:03:27,System.Runtime,dotnet.process.memory.working_set (By),Metric,80592896
09/11/2026 06:03:27,System.Runtime,dotnet.thread_pool.thread.count ({thread} / 1 sec),Rate,0
09/11/2026 06:03:27,System.Runtime,dotnet.jit.compilation.time (s / 1 sec),Rate,0
09/11/2026 06:03:28,System.Runtime,dotnet.jit.compiled_il.size (By / 1 sec),Rate,379
09/11/2026 06:03:28,System.Runtime,dotnet.jit.compiled_methods ({method} / 1 sec),Rate,4
09/11/2026 06:03:28,System.Runtime,dotnet.monitor.lock_contentions ({contention} / 1 sec),Rate,0
09/11/2026 06:03:28,System.Runtime,dotnet.gc.collections ({collection} / 1 sec)[gc.heap.generation=gen0],Rate,0
09/11/2026 06:03:28,System.Runtime,dotnet.gc.collections ({collection} / 1 sec)[gc.heap.generation=gen2],Rate,0
09/11/2026 06:03:28,System.Runtime,dotnet.gc.collections ({collection} / 1 sec)[gc.heap.generation=gen1],Rate,0
09/11/2026 06:03:28,System.Runtime,dotnet.process.cpu.time (s / 1 sec)[cpu.mode=user],Rate,0.5820780000000001
09/11/2026 06:03:28,System.Runtime,dotnet.process.cpu.time (s / 1 sec)[cpu.mode=system],Rate,0.03546500000000008
09/11/2026 06:03:28,System.Runtime,dotnet.process.cpu.count ({cpu}),Metric,15
09/11/2026 06:03:28,System.Runtime,dotnet.gc.pause.time (s / 1 sec),Rate,0
09/11/2026 06:03:28,System.Runtime,dotnet.thread_pool.queue.length ({work_item} / 1 sec),Rate,0
09/11/2026 06:03:28,System.Runtime,dotnet.gc.last_collection.memory.committed_size (By),Metric,0
09/11/2026 06:03:28,System.Runtime,dotnet.gc.last_collection.heap.fragmentation.size (By)[gc.heap.generation=gen0],Metric,0
09/11/2026 06:03:28,System.Runtime,dotnet.gc.last_collection.heap.fragmentation.size (By)[gc.heap.generation=loh],Metric,0
09/11/2026 06:03:28,System.Runtime,dotnet.gc.last_collection.heap.fragmentation.size (By)[gc.heap.generation=poh],Metric,0
09/11/2026 06:03:28,System.Runtime,dotnet.gc.last_collection.heap.fragmentation.size (By)[gc.heap.generation=gen2],Metric,0
09/11/2026 06:03:28,System.Runtime,dotnet.gc.last_collection.heap.fragmentation.size (By)[gc.heap.generation=gen1],Metric,0
09/11/2026 06:03:28,System.Runtime,dotnet.timer.count ({timer}),Metric,2
09/11/2026 06:03:28,System.Runtime,dotnet.assembly.count ({assembly}),Metric,61
09/11/2026 06:03:28,System.Runtime,dotnet.gc.heap.total_allocated (By / 1 sec),Rate,148400
09/11/2026 06:03:28,System.Runtime,dotnet.gc.last_collection.heap.size (By)[gc.heap.generation=gen0],Metric,0
09/11/2026 06:03:28,System.Runtime,dotnet.gc.last_collection.heap.size (By)[gc.heap.generation=loh],Metric,0
09/11/2026 06:03:28,System.Runtime,dotnet.gc.last_collection.heap.size (By)[gc.heap.generation=poh],Metric,0
09/11/2026 06:03:28,System.Runtime,dotnet.gc.last_collection.heap.size (By)[gc.heap.generation=gen2],Metric,0
09/11/2026 06:03:28,System.Runtime,dotnet.gc.last_collection.heap.size (By)[gc.heap.generation=gen1],Metric,0
09/11/2026 06:03:28,System.Runtime,dotnet.thread_pool.work_item.count ({work_item} / 1 sec),Rate,601
09/11/2026 06:03:28,System.Runtime,dotnet.process.memory.working_set (By),Metric,80789504
09/11/2026 06:03:28,System.Runtime,dotnet.thread_pool.thread.count ({thread} / 1 sec),Rate,1
09/11/2026 06:03:28,System.Runtime,dotnet.jit.compilation.time (s / 1 sec),Rate,0.0023951999999999862
09/11/2026 06:03:29,System.Runtime,dotnet.jit.compiled_il.size (By / 1 sec),Rate,1559
09/11/2026 06:03:29,System.Runtime,dotnet.jit.compiled_methods ({method} / 1 sec),Rate,17
09/11/2026 06:03:29,System.Runtime,dotnet.monitor.lock_contentions ({contention} / 1 sec),Rate,0
09/11/2026 06:03:29,System.Runtime,dotnet.gc.collections ({collection} / 1 sec)[gc.heap.generation=gen0],Rate,0
09/11/2026 06:03:29,System.Runtime,dotnet.gc.collections ({collection} / 1 sec)[gc.heap.generation=gen2],Rate,0
09/11/2026 06:03:29,System.Runtime,dotnet.gc.collections ({collection} / 1 sec)[gc.heap.generation=gen1],Rate,0
09/11/2026 06:03:29,System.Runtime,dotnet.process.cpu.time (s / 1 sec)[cpu.mode=user],Rate,0.589728
09/11/2026 06:03:29,System.Runtime,dotnet.process.cpu.time (s / 1 sec)[cpu.mode=system],Rate,0.03829899999999997
09/11/2026 06:03:29,System.Runtime,dotnet.process.cpu.count ({cpu}),Metric,15
09/11/2026 06:03:29,System.Runtime,dotnet.gc.pause.time (s / 1 sec),Rate,0
09/11/2026 06:03:29,System.Runtime,dotnet.thread_pool.queue.length ({work_item} / 1 sec),Rate,0
09/11/2026 06:03:29,System.Runtime,dotnet.gc.last_collection.memory.committed_size (By),Metric,0
09/11/2026 06:03:29,System.Runtime,dotnet.gc.last_collection.heap.fragmentation.size (By)[gc.heap.generation=gen0],Metric,0
09/11/2026 06:03:29,System.Runtime,dotnet.gc.last_collection.heap.fragmentation.size (By)[gc.heap.generation=loh],Metric,0
09/11/2026 06:03:29,System.Runtime,dotnet.gc.last_collection.heap.fragmentation.size (By)[gc.heap.generation=poh],Metric,0
09/11/2026 06:03:29,System.Runtime,dotnet.gc.last_collection.heap.fragmentation.size (By)[gc.heap.generation=gen2],Metric,0
09/11/2026 06:03:29,System.Runtime,dotnet.gc.last_collection.heap.fragmentation.size (By)[gc.heap.generation=gen1],Metric,0
09/11/2026 06:03:29,System.Runtime,dotnet.timer.count ({timer}),Metric,2
09/11/2026 06:03:29,System.Runtime,dotnet.assembly.count ({assembly}),Metric,61
09/11/2026 06:03:29,System.Runtime,dotnet.gc.heap.total_allocated (By / 1 sec),Rate,131216
09/11/2026 06:03:29,System.Runtime,dotnet.gc.last_collection.heap.size (By)[gc.heap.generation=gen0],Metric,0
09/11/2026 06:03:29,System.Runtime,dotnet.gc.last_collection.heap.size (By)[gc.heap.generation=loh],Metric,0
09/11/2026 06:03:29,System.Runtime,dotnet.gc.last_collection.heap.size (By)[gc.heap.generation=poh],Metric,0
09/11/2026 06:03:29,System.Runtime,dotnet.gc.last_collection.heap.size (By)[gc.heap.generation=gen2],Metric,0
09/11/2026 06:03:29,System.Runtime,dotnet.gc.last_collection.heap.size (By)[gc.heap.generation=gen1],Metric,0
09/11/2026 06:03:29,System.Runtime,dotnet.thread_pool.work_item.count ({work_item} / 1 sec),Rate,602
09/11/2026 06:03:29,System.Runtime,dotnet.process.memory.working_set (By),Metric,80953344
09/11/2026 06:03:29,System.Runtime,dotnet.thread_pool.thread.count ({thread} / 1 sec),Rate,0
09/11/2026 06:03:29,System.Runtime,dotnet.jit.compilation.time (s / 1 sec),Rate,0.009558800000000034
09/11/2026 06:03:30,System.Runtime,dotnet.jit.compiled_il.size (By / 1 sec),Rate,366
09/11/2026 06:03:30,System.Runtime,dotnet.jit.compiled_methods ({method} / 1 sec),Rate,10
09/11/2026 06:03:30,System.Runtime,dotnet.monitor.lock_contentions ({contention} / 1 sec),Rate,0
09/11/2026 06:03:30,System.Runtime,dotnet.gc.collections ({collection} / 1 sec)[gc.heap.generation=gen0],Rate,0
09/11/2026 06:03:30,System.Runtime,dotnet.gc.collections ({collection} / 1 sec)[gc.heap.generation=gen2],Rate,0
09/11/2026 06:03:30,System.Runtime,dotnet.gc.collections ({collection} / 1 sec)[gc.heap.generation=gen1],Rate,0
09/11/2026 06:03:30,System.Runtime,dotnet.process.cpu.time (s / 1 sec)[cpu.mode=user],Rate,0.5773659999999996
09/11/2026 06:03:30,System.Runtime,dotnet.process.cpu.time (s / 1 sec)[cpu.mode=system],Rate,0.03684900000000002
09/11/2026 06:03:30,System.Runtime,dotnet.process.cpu.count ({cpu}),Metric,15
09/11/2026 06:03:30,System.Runtime,dotnet.gc.pause.time (s / 1 sec),Rate,0
09/11/2026 06:03:30,System.Runtime,dotnet.thread_pool.queue.length ({work_item} / 1 sec),Rate,0
09/11/2026 06:03:30,System.Runtime,dotnet.gc.last_collection.memory.committed_size (By),Metric,0
09/11/2026 06:03:30,System.Runtime,dotnet.gc.last_collection.heap.fragmentation.size (By)[gc.heap.generation=gen0],Metric,0
09/11/2026 06:03:30,System.Runtime,dotnet.gc.last_collection.heap.fragmentation.size (By)[gc.heap.generation=loh],Metric,0
09/11/2026 06:03:30,System.Runtime,dotnet.gc.last_collection.heap.fragmentation.size (By)[gc.heap.generation=poh],Metric,0
09/11/2026 06:03:30,System.Runtime,dotnet.gc.last_collection.heap.fragmentation.size (By)[gc.heap.generation=gen2],Metric,0
09/11/2026 06:03:30,System.Runtime,dotnet.gc.last_collection.heap.fragmentation.size (By)[gc.heap.generation=gen1],Metric,0
09/11/2026 06:03:30,System.Runtime,dotnet.timer.count ({timer}),Metric,2
09/11/2026 06:03:30,System.Runtime,dotnet.assembly.count ({assembly}),Metric,61
09/11/2026 06:03:30,System.Runtime,dotnet.gc.heap.total_allocated (By / 1 sec),Rate,146504
09/11/2026 06:03:30,System.Runtime,dotnet.gc.last_collection.heap.size (By)[gc.heap.generation=gen0],Metric,0
09/11/2026 06:03:30,System.Runtime,dotnet.gc.last_collection.heap.size (By)[gc.heap.generation=loh],Metric,0
09/11/2026 06:03:30,System.Runtime,dotnet.gc.last_collection.heap.size (By)[gc.heap.generation=poh],Metric,0
09/11/2026 06:03:30,System.Runtime,dotnet.gc.last_collection.heap.size (By)[gc.heap.generation=gen2],Metric,0
09/11/2026 06:03:30,System.Runtime,dotnet.gc.last_collection.heap.size (By)[gc.heap.generation=gen1],Metric,0
09/11/2026 06:03:30,System.Runtime,dotnet.thread_pool.work_item.count ({work_item} / 1 sec),Rate,598
09/11/2026 06:03:30,System.Runtime,dotnet.process.memory.working_set (By),Metric,81100800
09/11/2026 06:03:30,System.Runtime,dotnet.thread_pool.thread.count ({thread} / 1 sec),Rate,0
09/11/2026 06:03:30,System.Runtime,dotnet.jit.compilation.time (s / 1 sec),Rate,0.004626099999999966
09/11/2026 06:03:31,System.Runtime,dotnet.jit.compiled_il.size (By / 1 sec),Rate,2579
09/11/2026 06:03:31,System.Runtime,dotnet.jit.compiled_methods ({method} / 1 sec),Rate,69
09/11/2026 06:03:31,System.Runtime,dotnet.monitor.lock_contentions ({contention} / 1 sec),Rate,0
09/11/2026 06:03:31,System.Runtime,dotnet.gc.collections ({collection} / 1 sec)[gc.heap.generation=gen0],Rate,0
09/11/2026 06:03:31,System.Runtime,dotnet.gc.collections ({collection} / 1 sec)[gc.heap.generation=gen2],Rate,0
09/11/2026 06:03:31,System.Runtime,dotnet.gc.collections ({collection} / 1 sec)[gc.heap.generation=gen1],Rate,0
09/11/2026 06:03:31,System.Runtime,dotnet.process.cpu.time (s / 1 sec)[cpu.mode=user],Rate,0.5875430000000001
09/11/2026 06:03:31,System.Runtime,dotnet.process.cpu.time (s / 1 sec)[cpu.mode=system],Rate,0.03601399999999999
09/11/2026 06:03:31,System.Runtime,dotnet.process.cpu.count ({cpu}),Metric,15
09/11/2026 06:03:31,System.Runtime,dotnet.gc.pause.time (s / 1 sec),Rate,0
09/11/2026 06:03:31,System.Runtime,dotnet.thread_pool.queue.length ({work_item} / 1 sec),Rate,0
09/11/2026 06:03:31,System.Runtime,dotnet.gc.last_collection.memory.committed_size (By),Metric,0
09/11/2026 06:03:31,System.Runtime,dotnet.gc.last_collection.heap.fragmentation.size (By)[gc.heap.generation=gen0],Metric,0
09/11/2026 06:03:31,System.Runtime,dotnet.gc.last_collection.heap.fragmentation.size (By)[gc.heap.generation=loh],Metric,0
09/11/2026 06:03:31,System.Runtime,dotnet.gc.last_collection.heap.fragmentation.size (By)[gc.heap.generation=poh],Metric,0
09/11/2026 06:03:31,System.Runtime,dotnet.gc.last_collection.heap.fragmentation.size (By)[gc.heap.generation=gen2],Metric,0
09/11/2026 06:03:31,System.Runtime,dotnet.gc.last_collection.heap.fragmentation.size (By)[gc.heap.generation=gen1],Metric,0
09/11/2026 06:03:31,System.Runtime,dotnet.timer.count ({timer}),Metric,2
09/11/2026 06:03:31,System.Runtime,dotnet.assembly.count ({assembly}),Metric,61
09/11/2026 06:03:31,System.Runtime,dotnet.gc.heap.total_allocated (By / 1 sec),Rate,131200
09/11/2026 06:03:31,System.Runtime,dotnet.gc.last_collection.heap.size (By)[gc.heap.generation=gen0],Metric,0
09/11/2026 06:03:31,System.Runtime,dotnet.gc.last_collection.heap.size (By)[gc.heap.generation=loh],Metric,0
09/11/2026 06:03:31,System.Runtime,dotnet.gc.last_collection.heap.size (By)[gc.heap.generation=poh],Metric,0
09/11/2026 06:03:31,System.Runtime,dotnet.gc.last_collection.heap.size (By)[gc.heap.generation=gen2],Metric,0
09/11/2026 06:03:31,System.Runtime,dotnet.gc.last_collection.heap.size (By)[gc.heap.generation=gen1],Metric,0
09/11/2026 06:03:31,System.Runtime,dotnet.thread_pool.work_item.count ({work_item} / 1 sec),Rate,601
09/11/2026 06:03:31,System.Runtime,dotnet.process.memory.working_set (By),Metric,81297408
09/11/2026 06:03:31,System.Runtime,dotnet.thread_pool.thread.count ({thread} / 1 sec),Rate,0
09/11/2026 06:03:31,System.Runtime,dotnet.jit.compilation.time (s / 1 sec),Rate,0.007357500000000017
09/11/2026 06:03:32,System.Runtime,dotnet.jit.compiled_il.size (By / 1 sec),Rate,0
09/11/2026 06:03:32,System.Runtime,dotnet.jit.compiled_methods ({method} / 1 sec),Rate,0
09/11/2026 06:03:32,System.Runtime,dotnet.monitor.lock_contentions ({contention} / 1 sec),Rate,0
09/11/2026 06:03:32,System.Runtime,dotnet.gc.collections ({collection} / 1 sec)[gc.heap.generation=gen0],Rate,0
09/11/2026 06:03:32,System.Runtime,dotnet.gc.collections ({collection} / 1 sec)[gc.heap.generation=gen2],Rate,0
09/11/2026 06:03:32,System.Runtime,dotnet.gc.collections ({collection} / 1 sec)[gc.heap.generation=gen1],Rate,0
09/11/2026 06:03:32,System.Runtime,dotnet.process.cpu.time (s / 1 sec)[cpu.mode=user],Rate,0.5825610000000001
09/11/2026 06:03:32,System.Runtime,dotnet.process.cpu.time (s / 1 sec)[cpu.mode=system],Rate,0.03895799999999994
09/11/2026 06:03:32,System.Runtime,dotnet.process.cpu.count ({cpu}),Metric,15
09/11/2026 06:03:32,System.Runtime,dotnet.gc.pause.time (s / 1 sec),Rate,0
09/11/2026 06:03:32,System.Runtime,dotnet.thread_pool.queue.length ({work_item} / 1 sec),Rate,0
09/11/2026 06:03:32,System.Runtime,dotnet.gc.last_collection.memory.committed_size (By),Metric,0
09/11/2026 06:03:32,System.Runtime,dotnet.gc.last_collection.heap.fragmentation.size (By)[gc.heap.generation=gen0],Metric,0
09/11/2026 06:03:32,System.Runtime,dotnet.gc.last_collection.heap.fragmentation.size (By)[gc.heap.generation=loh],Metric,0
09/11/2026 06:03:32,System.Runtime,dotnet.gc.last_collection.heap.fragmentation.size (By)[gc.heap.generation=poh],Metric,0
09/11/2026 06:03:32,System.Runtime,dotnet.gc.last_collection.heap.fragmentation.size (By)[gc.heap.generation=gen2],Metric,0
09/11/2026 06:03:32,System.Runtime,dotnet.gc.last_collection.heap.fragmentation.size (By)[gc.heap.generation=gen1],Metric,0
09/11/2026 06:03:32,System.Runtime,dotnet.timer.count ({timer}),Metric,2
09/11/2026 06:03:32,System.Runtime,dotnet.assembly.count ({assembly}),Metric,61
09/11/2026 06:03:32,System.Runtime,dotnet.gc.heap.total_allocated (By / 1 sec),Rate,130176
09/11/2026 06:03:32,System.Runtime,dotnet.gc.last_collection.heap.size (By)[gc.heap.generation=gen0],Metric,0
09/11/2026 06:03:32,System.Runtime,dotnet.gc.last_collection.heap.size (By)[gc.heap.generation=loh],Metric,0
09/11/2026 06:03:32,System.Runtime,dotnet.gc.last_collection.heap.size (By)[gc.heap.generation=poh],Metric,0
09/11/2026 06:03:32,System.Runtime,dotnet.gc.last_collection.heap.size (By)[gc.heap.generation=gen2],Metric,0
09/11/2026 06:03:32,System.Runtime,dotnet.gc.last_collection.heap.size (By)[gc.heap.generation=gen1],Metric,0
09/11/2026 06:03:32,System.Runtime,dotnet.thread_pool.work_item.count ({work_item} / 1 sec),Rate,601
09/11/2026 06:03:32,System.Runtime,dotnet.process.memory.working_set (By),Metric,81428480
09/11/2026 06:03:32,System.Runtime,dotnet.thread_pool.thread.count ({thread} / 1 sec),Rate,0
09/11/2026 06:03:32,System.Runtime,dotnet.jit.compilation.time (s / 1 sec),Rate,0
09/11/2026 06:03:33,System.Runtime,dotnet.jit.compiled_il.size (By / 1 sec),Rate,0
09/11/2026 06:03:33,System.Runtime,dotnet.jit.compiled_methods ({method} / 1 sec),Rate,0
09/11/2026 06:03:33,System.Runtime,dotnet.monitor.lock_contentions ({contention} / 1 sec),Rate,0
09/11/2026 06:03:33,System.Runtime,dotnet.gc.collections ({collection} / 1 sec)[gc.heap.generation=gen0],Rate,0
09/11/2026 06:03:33,System.Runtime,dotnet.gc.collections ({collection} / 1 sec)[gc.heap.generation=gen2],Rate,0
09/11/2026 06:03:33,System.Runtime,dotnet.gc.collections ({collection} / 1 sec)[gc.heap.generation=gen1],Rate,0
09/11/2026 06:03:33,System.Runtime,dotnet.process.cpu.time (s / 1 sec)[cpu.mode=user],Rate,0.5830540000000006
09/11/2026 06:03:33,System.Runtime,dotnet.process.cpu.time (s / 1 sec)[cpu.mode=system],Rate,0.039522999999999975
09/11/2026 06:03:33,System.Runtime,dotnet.process.cpu.count ({cpu}),Metric,15
09/11/2026 06:03:33,System.Runtime,dotnet.gc.pause.time (s / 1 sec),Rate,0
09/11/2026 06:03:33,System.Runtime,dotnet.thread_pool.queue.length ({work_item} / 1 sec),Rate,0
09/11/2026 06:03:33,System.Runtime,dotnet.gc.last_collection.memory.committed_size (By),Metric,0
09/11/2026 06:03:33,System.Runtime,dotnet.gc.last_collection.heap.fragmentation.size (By)[gc.heap.generation=gen0],Metric,0
09/11/2026 06:03:33,System.Runtime,dotnet.gc.last_collection.heap.fragmentation.size (By)[gc.heap.generation=loh],Metric,0
09/11/2026 06:03:33,System.Runtime,dotnet.gc.last_collection.heap.fragmentation.size (By)[gc.heap.generation=poh],Metric,0
09/11/2026 06:03:33,System.Runtime,dotnet.gc.last_collection.heap.fragmentation.size (By)[gc.heap.generation=gen2],Metric,0
09/11/2026 06:03:33,System.Runtime,dotnet.gc.last_collection.heap.fragmentation.size (By)[gc.heap.generation=gen1],Metric,0
09/11/2026 06:03:33,System.Runtime,dotnet.timer.count ({timer}),Metric,2
09/11/2026 06:03:33,System.Runtime,dotnet.assembly.count ({assembly}),Metric,61
09/11/2026 06:03:33,System.Runtime,dotnet.gc.heap.total_allocated (By / 1 sec),Rate,139304
09/11/2026 06:03:33,System.Runtime,dotnet.gc.last_collection.heap.size (By)[gc.heap.generation=gen0],Metric,0
09/11/2026 06:03:33,System.Runtime,dotnet.gc.last_collection.heap.size (By)[gc.heap.generation=loh],Metric,0
09/11/2026 06:03:33,System.Runtime,dotnet.gc.last_collection.heap.size (By)[gc.heap.generation=poh],Metric,0
09/11/2026 06:03:33,System.Runtime,dotnet.gc.last_collection.heap.size (By)[gc.heap.generation=gen2],Metric,0
09/11/2026 06:03:33,System.Runtime,dotnet.gc.last_collection.heap.size (By)[gc.heap.generation=gen1],Metric,0
09/11/2026 06:03:33,System.Runtime,dotnet.thread_pool.work_item.count ({work_item} / 1 sec),Rate,601
09/11/2026 06:03:33,System.Runtime,dotnet.process.memory.working_set (By),Metric,81608704
09/11/2026 06:03:33,System.Runtime,dotnet.thread_pool.thread.count ({thread} / 1 sec),Rate,0
09/11/2026 06:03:33,System.Runtime,dotnet.jit.compilation.time (s / 1 sec),Rate,0
09/11/2026 06:03:34,System.Runtime,dotnet.jit.compiled_il.size (By / 1 sec),Rate,618
09/11/2026 06:03:34,System.Runtime,dotnet.jit.compiled_methods ({method} / 1 sec),Rate,10
09/11/2026 06:03:34,System.Runtime,dotnet.monitor.lock_contentions ({contention} / 1 sec),Rate,0
09/11/2026 06:03:34,System.Runtime,dotnet.gc.collections ({collection} / 1 sec)[gc.heap.generation=gen0],Rate,0
09/11/2026 06:03:34,System.Runtime,dotnet.gc.collections ({collection} / 1 sec)[gc.heap.generation=gen2],Rate,0
09/11/2026 06:03:34,System.Runtime,dotnet.gc.collections ({collection} / 1 sec)[gc.heap.generation=gen1],Rate,0
09/11/2026 06:03:34,System.Runtime,dotnet.process.cpu.time (s / 1 sec)[cpu.mode=user],Rate,0.5868649999999995
09/11/2026 06:03:34,System.Runtime,dotnet.process.cpu.time (s / 1 sec)[cpu.mode=system],Rate,0.04072700000000018
09/11/2026 06:03:34,System.Runtime,dotnet.process.cpu.count ({cpu}),Metric,15
09/11/2026 06:03:34,System.Runtime,dotnet.gc.pause.time (s / 1 sec),Rate,0
09/11/2026 06:03:34,System.Runtime,dotnet.thread_pool.queue.length ({work_item} / 1 sec),Rate,0
09/11/2026 06:03:34,System.Runtime,dotnet.gc.last_collection.memory.committed_size (By),Metric,0
09/11/2026 06:03:34,System.Runtime,dotnet.gc.last_collection.heap.fragmentation.size (By)[gc.heap.generation=gen0],Metric,0
09/11/2026 06:03:34,System.Runtime,dotnet.gc.last_collection.heap.fragmentation.size (By)[gc.heap.generation=loh],Metric,0
09/11/2026 06:03:34,System.Runtime,dotnet.gc.last_collection.heap.fragmentation.size (By)[gc.heap.generation=poh],Metric,0
09/11/2026 06:03:34,System.Runtime,dotnet.gc.last_collection.heap.fragmentation.size (By)[gc.heap.generation=gen2],Metric,0
09/11/2026 06:03:34,System.Runtime,dotnet.gc.last_collection.heap.fragmentation.size (By)[gc.heap.generation=gen1],Metric,0
09/11/2026 06:03:34,System.Runtime,dotnet.timer.count ({timer}),Metric,2
09/11/2026 06:03:34,System.Runtime,dotnet.assembly.count ({assembly}),Metric,61
09/11/2026 06:03:34,System.Runtime,dotnet.gc.heap.total_allocated (By / 1 sec),Rate,144848
09/11/2026 06:03:34,System.Runtime,dotnet.gc.last_collection.heap.size (By)[gc.heap.generation=gen0],Metric,0
09/11/2026 06:03:34,System.Runtime,dotnet.gc.last_collection.heap.size (By)[gc.heap.generation=loh],Metric,0
09/11/2026 06:03:34,System.Runtime,dotnet.gc.last_collection.heap.size (By)[gc.heap.generation=poh],Metric,0
09/11/2026 06:03:34,System.Runtime,dotnet.gc.last_collection.heap.size (By)[gc.heap.generation=gen2],Metric,0
09/11/2026 06:03:34,System.Runtime,dotnet.gc.last_collection.heap.size (By)[gc.heap.generation=gen1],Metric,0
09/11/2026 06:03:34,System.Runtime,dotnet.thread_pool.work_item.count ({work_item} / 1 sec),Rate,602
09/11/2026 06:03:34,System.Runtime,dotnet.process.memory.working_set (By),Metric,81772544
09/11/2026 06:03:34,System.Runtime,dotnet.thread_pool.thread.count ({thread} / 1 sec),Rate,0
09/11/2026 06:03:34,System.Runtime,dotnet.jit.compilation.time (s / 1 sec),Rate,0.0035777999999999643
09/11/2026 06:03:35,System.Runtime,dotnet.jit.compiled_il.size (By / 1 sec),Rate,0
09/11/2026 06:03:35,System.Runtime,dotnet.jit.compiled_methods ({method} / 1 sec),Rate,0
09/11/2026 06:03:35,System.Runtime,dotnet.monitor.lock_contentions ({contention} / 1 sec),Rate,0
09/11/2026 06:03:35,System.Runtime,dotnet.gc.collections ({collection} / 1 sec)[gc.heap.generation=gen0],Rate,0
09/11/2026 06:03:35,System.Runtime,dotnet.gc.collections ({collection} / 1 sec)[gc.heap.generation=gen2],Rate,0
09/11/2026 06:03:35,System.Runtime,dotnet.gc.collections ({collection} / 1 sec)[gc.heap.generation=gen1],Rate,0
09/11/2026 06:03:35,System.Runtime,dotnet.process.cpu.time (s / 1 sec)[cpu.mode=user],Rate,0.5796449999999993
09/11/2026 06:03:35,System.Runtime,dotnet.process.cpu.time (s / 1 sec)[cpu.mode=system],Rate,0.03565699999999983
09/11/2026 06:03:35,System.Runtime,dotnet.process.cpu.count ({cpu}),Metric,15
09/11/2026 06:03:35,System.Runtime,dotnet.gc.pause.time (s / 1 sec),Rate,0
09/11/2026 06:03:35,System.Runtime,dotnet.thread_pool.queue.length ({work_item} / 1 sec),Rate,0
09/11/2026 06:03:35,System.Runtime,dotnet.gc.last_collection.memory.committed_size (By),Metric,0
09/11/2026 06:03:35,System.Runtime,dotnet.gc.last_collection.heap.fragmentation.size (By)[gc.heap.generation=gen0],Metric,0
09/11/2026 06:03:35,System.Runtime,dotnet.gc.last_collection.heap.fragmentation.size (By)[gc.heap.generation=loh],Metric,0
09/11/2026 06:03:35,System.Runtime,dotnet.gc.last_collection.heap.fragmentation.size (By)[gc.heap.generation=poh],Metric,0
09/11/2026 06:03:35,System.Runtime,dotnet.gc.last_collection.heap.fragmentation.size (By)[gc.heap.generation=gen2],Metric,0
09/11/2026 06:03:35,System.Runtime,dotnet.gc.last_collection.heap.fragmentation.size (By)[gc.heap.generation=gen1],Metric,0
09/11/2026 06:03:35,System.Runtime,dotnet.timer.count ({timer}),Metric,3
09/11/2026 06:03:35,System.Runtime,dotnet.assembly.count ({assembly}),Metric,61
09/11/2026 06:03:35,System.Runtime,dotnet.gc.heap.total_allocated (By / 1 sec),Rate,139384
09/11/2026 06:03:35,System.Runtime,dotnet.gc.last_collection.heap.size (By)[gc.heap.generation=gen0],Metric,0
09/11/2026 06:03:35,System.Runtime,dotnet.gc.last_collection.heap.size (By)[gc.heap.generation=loh],Metric,0
09/11/2026 06:03:35,System.Runtime,dotnet.gc.last_collection.heap.size (By)[gc.heap.generation=poh],Metric,0
09/11/2026 06:03:35,System.Runtime,dotnet.gc.last_collection.heap.size (By)[gc.heap.generation=gen2],Metric,0
09/11/2026 06:03:35,System.Runtime,dotnet.gc.last_collection.heap.size (By)[gc.heap.generation=gen1],Metric,0
09/11/2026 06:03:35,System.Runtime,dotnet.thread_pool.work_item.count ({work_item} / 1 sec),Rate,603
09/11/2026 06:03:35,System.Runtime,dotnet.process.memory.working_set (By),Metric,81920000
09/11/2026 06:03:35,System.Runtime,dotnet.thread_pool.thread.count ({thread} / 1 sec),Rate,0
09/11/2026 06:03:35,System.Runtime,dotnet.jit.compilation.time (s / 1 sec),Rate,0
09/11/2026 06:03:36,System.Runtime,dotnet.jit.compiled_il.size (By / 1 sec),Rate,0
09/11/2026 06:03:36,System.Runtime,dotnet.jit.compiled_methods ({method} / 1 sec),Rate,0
09/11/2026 06:03:36,System.Runtime,dotnet.monitor.lock_contentions ({contention} / 1 sec),Rate,0
09/11/2026 06:03:36,System.Runtime,dotnet.gc.collections ({collection} / 1 sec)[gc.heap.generation=gen0],Rate,0
09/11/2026 06:03:36,System.Runtime,dotnet.gc.collections ({collection} / 1 sec)[gc.heap.generation=gen2],Rate,0
09/11/2026 06:03:36,System.Runtime,dotnet.gc.collections ({collection} / 1 sec)[gc.heap.generation=gen1],Rate,0
09/11/2026 06:03:36,System.Runtime,dotnet.process.cpu.time (s / 1 sec)[cpu.mode=user],Rate,0.5832949999999997
09/11/2026 06:03:36,System.Runtime,dotnet.process.cpu.time (s / 1 sec)[cpu.mode=system],Rate,0.03867299999999996
09/11/2026 06:03:36,System.Runtime,dotnet.process.cpu.count ({cpu}),Metric,15
09/11/2026 06:03:36,System.Runtime,dotnet.gc.pause.time (s / 1 sec),Rate,0
09/11/2026 06:03:36,System.Runtime,dotnet.thread_pool.queue.length ({work_item} / 1 sec),Rate,0
09/11/2026 06:03:36,System.Runtime,dotnet.gc.last_collection.memory.committed_size (By),Metric,0
09/11/2026 06:03:36,System.Runtime,dotnet.gc.last_collection.heap.fragmentation.size (By)[gc.heap.generation=gen0],Metric,0
09/11/2026 06:03:36,System.Runtime,dotnet.gc.last_collection.heap.fragmentation.size (By)[gc.heap.generation=loh],Metric,0
09/11/2026 06:03:36,System.Runtime,dotnet.gc.last_collection.heap.fragmentation.size (By)[gc.heap.generation=poh],Metric,0
09/11/2026 06:03:36,System.Runtime,dotnet.gc.last_collection.heap.fragmentation.size (By)[gc.heap.generation=gen2],Metric,0
09/11/2026 06:03:36,System.Runtime,dotnet.gc.last_collection.heap.fragmentation.size (By)[gc.heap.generation=gen1],Metric,0
09/11/2026 06:03:36,System.Runtime,dotnet.timer.count ({timer}),Metric,2
09/11/2026 06:03:36,System.Runtime,dotnet.assembly.count ({assembly}),Metric,61
09/11/2026 06:03:36,System.Runtime,dotnet.gc.heap.total_allocated (By / 1 sec),Rate,130080
09/11/2026 06:03:36,System.Runtime,dotnet.gc.last_collection.heap.size (By)[gc.heap.generation=gen0],Metric,0
09/11/2026 06:03:36,System.Runtime,dotnet.gc.last_collection.heap.size (By)[gc.heap.generation=loh],Metric,0
09/11/2026 06:03:36,System.Runtime,dotnet.gc.last_collection.heap.size (By)[gc.heap.generation=poh],Metric,0
09/11/2026 06:03:36,System.Runtime,dotnet.gc.last_collection.heap.size (By)[gc.heap.generation=gen2],Metric,0
09/11/2026 06:03:36,System.Runtime,dotnet.gc.last_collection.heap.size (By)[gc.heap.generation=gen1],Metric,0
09/11/2026 06:03:36,System.Runtime,dotnet.thread_pool.work_item.count ({work_item} / 1 sec),Rate,599
09/11/2026 06:03:36,System.Runtime,dotnet.process.memory.working_set (By),Metric,82067456
09/11/2026 06:03:36,System.Runtime,dotnet.thread_pool.thread.count ({thread} / 1 sec),Rate,0
09/11/2026 06:03:36,System.Runtime,dotnet.jit.compilation.time (s / 1 sec),Rate,0
09/11/2026 06:03:37,System.Runtime,dotnet.jit.compiled_il.size (By / 1 sec),Rate,0
09/11/2026 06:03:37,System.Runtime,dotnet.jit.compiled_methods ({method} / 1 sec),Rate,0
09/11/2026 06:03:37,System.Runtime,dotnet.monitor.lock_contentions ({contention} / 1 sec),Rate,0
09/11/2026 06:03:37,System.Runtime,dotnet.gc.collections ({collection} / 1 sec)[gc.heap.generation=gen0],Rate,0
09/11/2026 06:03:37,System.Runtime,dotnet.gc.collections ({collection} / 1 sec)[gc.heap.generation=gen2],Rate,0
09/11/2026 06:03:37,System.Runtime,dotnet.gc.collections ({collection} / 1 sec)[gc.heap.generation=gen1],Rate,0
09/11/2026 06:03:37,System.Runtime,dotnet.process.cpu.time (s / 1 sec)[cpu.mode=user],Rate,0.58338
09/11/2026 06:03:37,System.Runtime,dotnet.process.cpu.time (s / 1 sec)[cpu.mode=system],Rate,0.03861900000000018
09/11/2026 06:03:37,System.Runtime,dotnet.process.cpu.count ({cpu}),Metric,15
09/11/2026 06:03:37,System.Runtime,dotnet.gc.pause.time (s / 1 sec),Rate,0
09/11/2026 06:03:37,System.Runtime,dotnet.thread_pool.queue.length ({work_item} / 1 sec),Rate,0
09/11/2026 06:03:37,System.Runtime,dotnet.gc.last_collection.memory.committed_size (By),Metric,0
09/11/2026 06:03:37,System.Runtime,dotnet.gc.last_collection.heap.fragmentation.size (By)[gc.heap.generation=gen0],Metric,0
09/11/2026 06:03:37,System.Runtime,dotnet.gc.last_collection.heap.fragmentation.size (By)[gc.heap.generation=loh],Metric,0
09/11/2026 06:03:37,System.Runtime,dotnet.gc.last_collection.heap.fragmentation.size (By)[gc.heap.generation=poh],Metric,0
09/11/2026 06:03:37,System.Runtime,dotnet.gc.last_collection.heap.fragmentation.size (By)[gc.heap.generation=gen2],Metric,0
09/11/2026 06:03:37,System.Runtime,dotnet.gc.last_collection.heap.fragmentation.size (By)[gc.heap.generation=gen1],Metric,0
09/11/2026 06:03:37,System.Runtime,dotnet.timer.count ({timer}),Metric,2
09/11/2026 06:03:37,System.Runtime,dotnet.assembly.count ({assembly}),Metric,61
09/11/2026 06:03:37,System.Runtime,dotnet.gc.heap.total_allocated (By / 1 sec),Rate,138376
09/11/2026 06:03:37,System.Runtime,dotnet.gc.last_collection.heap.size (By)[gc.heap.generation=gen0],Metric,0
09/11/2026 06:03:37,System.Runtime,dotnet.gc.last_collection.heap.size (By)[gc.heap.generation=loh],Metric,0
09/11/2026 06:03:37,System.Runtime,dotnet.gc.last_collection.heap.size (By)[gc.heap.generation=poh],Metric,0
09/11/2026 06:03:37,System.Runtime,dotnet.gc.last_collection.heap.size (By)[gc.heap.generation=gen2],Metric,0
09/11/2026 06:03:37,System.Runtime,dotnet.gc.last_collection.heap.size (By)[gc.heap.generation=gen1],Metric,0
09/11/2026 06:03:37,System.Runtime,dotnet.thread_pool.work_item.count ({work_item} / 1 sec),Rate,601
09/11/2026 06:03:37,System.Runtime,dotnet.process.memory.working_set (By),Metric,82214912
09/11/2026 06:03:37,System.Runtime,dotnet.thread_pool.thread.count ({thread} / 1 sec),Rate,0
09/11/2026 06:03:37,System.Runtime,dotnet.jit.compilation.time (s / 1 sec),Rate,0
09/11/2026 06:03:38,System.Runtime,dotnet.jit.compiled_il.size (By / 1 sec),Rate,0
09/11/2026 06:03:38,System.Runtime,dotnet.jit.compiled_methods ({method} / 1 sec),Rate,0
09/11/2026 06:03:38,System.Runtime,dotnet.monitor.lock_contentions ({contention} / 1 sec),Rate,0
09/11/2026 06:03:38,System.Runtime,dotnet.gc.collections ({collection} / 1 sec)[gc.heap.generation=gen0],Rate,0
09/11/2026 06:03:38,System.Runtime,dotnet.gc.collections ({collection} / 1 sec)[gc.heap.generation=gen2],Rate,0
09/11/2026 06:03:38,System.Runtime,dotnet.gc.collections ({collection} / 1 sec)[gc.heap.generation=gen1],Rate,0
09/11/2026 06:03:38,System.Runtime,dotnet.process.cpu.time (s / 1 sec)[cpu.mode=user],Rate,0.5816880000000015
09/11/2026 06:03:38,System.Runtime,dotnet.process.cpu.time (s / 1 sec)[cpu.mode=system],Rate,0.03881099999999993
09/11/2026 06:03:38,System.Runtime,dotnet.process.cpu.count ({cpu}),Metric,15
09/11/2026 06:03:38,System.Runtime,dotnet.gc.pause.time (s / 1 sec),Rate,0
09/11/2026 06:03:38,System.Runtime,dotnet.thread_pool.queue.length ({work_item} / 1 sec),Rate,0
09/11/2026 06:03:38,System.Runtime,dotnet.gc.last_collection.memory.committed_size (By),Metric,0
09/11/2026 06:03:38,System.Runtime,dotnet.gc.last_collection.heap.fragmentation.size (By)[gc.heap.generation=gen0],Metric,0
09/11/2026 06:03:38,System.Runtime,dotnet.gc.last_collection.heap.fragmentation.size (By)[gc.heap.generation=loh],Metric,0
09/11/2026 06:03:38,System.Runtime,dotnet.gc.last_collection.heap.fragmentation.size (By)[gc.heap.generation=poh],Metric,0
09/11/2026 06:03:38,System.Runtime,dotnet.gc.last_collection.heap.fragmentation.size (By)[gc.heap.generation=gen2],Metric,0
09/11/2026 06:03:38,System.Runtime,dotnet.gc.last_collection.heap.fragmentation.size (By)[gc.heap.generation=gen1],Metric,0
09/11/2026 06:03:38,System.Runtime,dotnet.timer.count ({timer}),Metric,2
09/11/2026 06:03:38,System.Runtime,dotnet.assembly.count ({assembly}),Metric,61
09/11/2026 06:03:38,System.Runtime,dotnet.gc.heap.total_allocated (By / 1 sec),Rate,130176
09/11/2026 06:03:38,System.Runtime,dotnet.gc.last_collection.heap.size (By)[gc.heap.generation=gen0],Metric,0
09/11/2026 06:03:38,System.Runtime,dotnet.gc.last_collection.heap.size (By)[gc.heap.generation=loh],Metric,0
09/11/2026 06:03:38,System.Runtime,dotnet.gc.last_collection.heap.size (By)[gc.heap.generation=poh],Metric,0
09/11/2026 06:03:38,System.Runtime,dotnet.gc.last_collection.heap.size (By)[gc.heap.generation=gen2],Metric,0
09/11/2026 06:03:38,System.Runtime,dotnet.gc.last_collection.heap.size (By)[gc.heap.generation=gen1],Metric,0
09/11/2026 06:03:38,System.Runtime,dotnet.thread_pool.work_item.count ({work_item} / 1 sec),Rate,601
09/11/2026 06:03:38,System.Runtime,dotnet.process.memory.working_set (By),Metric,82313216
09/11/2026 06:03:38,System.Runtime,dotnet.thread_pool.thread.count ({thread} / 1 sec),Rate,0
09/11/2026 06:03:38,System.Runtime,dotnet.jit.compilation.time (s / 1 sec),Rate,0
09/11/2026 06:03:39,System.Runtime,dotnet.jit.compiled_il.size (By / 1 sec),Rate,224
09/11/2026 06:03:39,System.Runtime,dotnet.jit.compiled_methods ({method} / 1 sec),Rate,2
09/11/2026 06:03:39,System.Runtime,dotnet.monitor.lock_contentions ({contention} / 1 sec),Rate,0
09/11/2026 06:03:39,System.Runtime,dotnet.gc.collections ({collection} / 1 sec)[gc.heap.generation=gen0],Rate,0
09/11/2026 06:03:39,System.Runtime,dotnet.gc.collections ({collection} / 1 sec)[gc.heap.generation=gen2],Rate,0
09/11/2026 06:03:39,System.Runtime,dotnet.gc.collections ({collection} / 1 sec)[gc.heap.generation=gen1],Rate,0
09/11/2026 06:03:39,System.Runtime,dotnet.process.cpu.time (s / 1 sec)[cpu.mode=user],Rate,0.5778929999999995
09/11/2026 06:03:39,System.Runtime,dotnet.process.cpu.time (s / 1 sec)[cpu.mode=system],Rate,0.0402499999999999
09/11/2026 06:03:39,System.Runtime,dotnet.process.cpu.count ({cpu}),Metric,15
09/11/2026 06:03:39,System.Runtime,dotnet.gc.pause.time (s / 1 sec),Rate,0
09/11/2026 06:03:39,System.Runtime,dotnet.thread_pool.queue.length ({work_item} / 1 sec),Rate,0
09/11/2026 06:03:39,System.Runtime,dotnet.gc.last_collection.memory.committed_size (By),Metric,0
09/11/2026 06:03:39,System.Runtime,dotnet.gc.last_collection.heap.fragmentation.size (By)[gc.heap.generation=gen0],Metric,0
09/11/2026 06:03:39,System.Runtime,dotnet.gc.last_collection.heap.fragmentation.size (By)[gc.heap.generation=loh],Metric,0
09/11/2026 06:03:39,System.Runtime,dotnet.gc.last_collection.heap.fragmentation.size (By)[gc.heap.generation=poh],Metric,0
09/11/2026 06:03:39,System.Runtime,dotnet.gc.last_collection.heap.fragmentation.size (By)[gc.heap.generation=gen2],Metric,0
09/11/2026 06:03:39,System.Runtime,dotnet.gc.last_collection.heap.fragmentation.size (By)[gc.heap.generation=gen1],Metric,0
09/11/2026 06:03:39,System.Runtime,dotnet.timer.count ({timer}),Metric,2
09/11/2026 06:03:39,System.Runtime,dotnet.assembly.count ({assembly}),Metric,61
09/11/2026 06:03:39,System.Runtime,dotnet.gc.heap.total_allocated (By / 1 sec),Rate,146536
09/11/2026 06:03:39,System.Runtime,dotnet.gc.last_collection.heap.size (By)[gc.heap.generation=gen0],Metric,0
09/11/2026 06:03:39,System.Runtime,dotnet.gc.last_collection.heap.size (By)[gc.heap.generation=loh],Metric,0
09/11/2026 06:03:39,System.Runtime,dotnet.gc.last_collection.heap.size (By)[gc.heap.generation=poh],Metric,0
09/11/2026 06:03:39,System.Runtime,dotnet.gc.last_collection.heap.size (By)[gc.heap.generation=gen2],Metric,0
09/11/2026 06:03:39,System.Runtime,dotnet.gc.last_collection.heap.size (By)[gc.heap.generation=gen1],Metric,0
09/11/2026 06:03:39,System.Runtime,dotnet.thread_pool.work_item.count ({work_item} / 1 sec),Rate,602
09/11/2026 06:03:39,System.Runtime,dotnet.process.memory.working_set (By),Metric,82526208
09/11/2026 06:03:39,System.Runtime,dotnet.thread_pool.thread.count ({thread} / 1 sec),Rate,0
09/11/2026 06:03:39,System.Runtime,dotnet.jit.compilation.time (s / 1 sec),Rate,0.0010615999999999959
09/11/2026 06:03:40,System.Runtime,dotnet.jit.compiled_il.size (By / 1 sec),Rate,0
09/11/2026 06:03:40,System.Runtime,dotnet.jit.compiled_methods ({method} / 1 sec),Rate,0
09/11/2026 06:03:40,System.Runtime,dotnet.monitor.lock_contentions ({contention} / 1 sec),Rate,0
09/11/2026 06:03:40,System.Runtime,dotnet.gc.collections ({collection} / 1 sec)[gc.heap.generation=gen0],Rate,0
09/11/2026 06:03:40,System.Runtime,dotnet.gc.collections ({collection} / 1 sec)[gc.heap.generation=gen2],Rate,0
09/11/2026 06:03:40,System.Runtime,dotnet.gc.collections ({collection} / 1 sec)[gc.heap.generation=gen1],Rate,0
09/11/2026 06:03:40,System.Runtime,dotnet.process.cpu.time (s / 1 sec)[cpu.mode=user],Rate,0.5798989999999993
09/11/2026 06:03:40,System.Runtime,dotnet.process.cpu.time (s / 1 sec)[cpu.mode=system],Rate,0.03514700000000004
09/11/2026 06:03:40,System.Runtime,dotnet.process.cpu.count ({cpu}),Metric,15
09/11/2026 06:03:40,System.Runtime,dotnet.gc.pause.time (s / 1 sec),Rate,0
09/11/2026 06:03:40,System.Runtime,dotnet.thread_pool.queue.length ({work_item} / 1 sec),Rate,0
09/11/2026 06:03:40,System.Runtime,dotnet.gc.last_collection.memory.committed_size (By),Metric,0
09/11/2026 06:03:40,System.Runtime,dotnet.gc.last_collection.heap.fragmentation.size (By)[gc.heap.generation=gen0],Metric,0
09/11/2026 06:03:40,System.Runtime,dotnet.gc.last_collection.heap.fragmentation.size (By)[gc.heap.generation=loh],Metric,0
09/11/2026 06:03:40,System.Runtime,dotnet.gc.last_collection.heap.fragmentation.size (By)[gc.heap.generation=poh],Metric,0
09/11/2026 06:03:40,System.Runtime,dotnet.gc.last_collection.heap.fragmentation.size (By)[gc.heap.generation=gen2],Metric,0
09/11/2026 06:03:40,System.Runtime,dotnet.gc.last_collection.heap.fragmentation.size (By)[gc.heap.generation=gen1],Metric,0
09/11/2026 06:03:40,System.Runtime,dotnet.timer.count ({timer}),Metric,2
09/11/2026 06:03:40,System.Runtime,dotnet.assembly.count ({assembly}),Metric,61
09/11/2026 06:03:40,System.Runtime,dotnet.gc.heap.total_allocated (By / 1 sec),Rate,131192
09/11/2026 06:03:40,System.Runtime,dotnet.gc.last_collection.heap.size (By)[gc.heap.generation=gen0],Metric,0
09/11/2026 06:03:40,System.Runtime,dotnet.gc.last_collection.heap.size (By)[gc.heap.generation=loh],Metric,0
09/11/2026 06:03:40,System.Runtime,dotnet.gc.last_collection.heap.size (By)[gc.heap.generation=poh],Metric,0
09/11/2026 06:03:40,System.Runtime,dotnet.gc.last_collection.heap.size (By)[gc.heap.generation=gen2],Metric,0
09/11/2026 06:03:40,System.Runtime,dotnet.gc.last_collection.heap.size (By)[gc.heap.generation=gen1],Metric,0
09/11/2026 06:03:40,System.Runtime,dotnet.thread_pool.work_item.count ({work_item} / 1 sec),Rate,601
09/11/2026 06:03:40,System.Runtime,dotnet.process.memory.working_set (By),Metric,82673664
09/11/2026 06:03:40,System.Runtime,dotnet.thread_pool.thread.count ({thread} / 1 sec),Rate,0
09/11/2026 06:03:40,System.Runtime,dotnet.jit.compilation.time (s / 1 sec),Rate,0
09/11/2026 06:03:41,System.Runtime,dotnet.jit.compiled_il.size (By / 1 sec),Rate,0
09/11/2026 06:03:41,System.Runtime,dotnet.jit.compiled_methods ({method} / 1 sec),Rate,0
09/11/2026 06:03:41,System.Runtime,dotnet.monitor.lock_contentions ({contention} / 1 sec),Rate,0
09/11/2026 06:03:41,System.Runtime,dotnet.gc.collections ({collection} / 1 sec)[gc.heap.generation=gen0],Rate,0
09/11/2026 06:03:41,System.Runtime,dotnet.gc.collections ({collection} / 1 sec)[gc.heap.generation=gen2],Rate,0
09/11/2026 06:03:41,System.Runtime,dotnet.gc.collections ({collection} / 1 sec)[gc.heap.generation=gen1],Rate,0
09/11/2026 06:03:41,System.Runtime,dotnet.process.cpu.time (s / 1 sec)[cpu.mode=user],Rate,0.5815180000000009
09/11/2026 06:03:41,System.Runtime,dotnet.process.cpu.time (s / 1 sec)[cpu.mode=system],Rate,0.03782200000000002
09/11/2026 06:03:41,System.Runtime,dotnet.process.cpu.count ({cpu}),Metric,15
09/11/2026 06:03:41,System.Runtime,dotnet.gc.pause.time (s / 1 sec),Rate,0
09/11/2026 06:03:41,System.Runtime,dotnet.thread_pool.queue.length ({work_item} / 1 sec),Rate,0
09/11/2026 06:03:41,System.Runtime,dotnet.gc.last_collection.memory.committed_size (By),Metric,0
09/11/2026 06:03:41,System.Runtime,dotnet.gc.last_collection.heap.fragmentation.size (By)[gc.heap.generation=gen0],Metric,0
09/11/2026 06:03:41,System.Runtime,dotnet.gc.last_collection.heap.fragmentation.size (By)[gc.heap.generation=loh],Metric,0
09/11/2026 06:03:41,System.Runtime,dotnet.gc.last_collection.heap.fragmentation.size (By)[gc.heap.generation=poh],Metric,0
09/11/2026 06:03:41,System.Runtime,dotnet.gc.last_collection.heap.fragmentation.size (By)[gc.heap.generation=gen2],Metric,0
09/11/2026 06:03:41,System.Runtime,dotnet.gc.last_collection.heap.fragmentation.size (By)[gc.heap.generation=gen1],Metric,0
09/11/2026 06:03:41,System.Runtime,dotnet.timer.count ({timer}),Metric,2
09/11/2026 06:03:41,System.Runtime,dotnet.assembly.count ({assembly}),Metric,61
09/11/2026 06:03:41,System.Runtime,dotnet.gc.heap.total_allocated (By / 1 sec),Rate,137336
09/11/2026 06:03:41,System.Runtime,dotnet.gc.last_collection.heap.size (By)[gc.heap.generation=gen0],Metric,0
09/11/2026 06:03:41,System.Runtime,dotnet.gc.last_collection.heap.size (By)[gc.heap.generation=loh],Metric,0
09/11/2026 06:03:41,System.Runtime,dotnet.gc.last_collection.heap.size (By)[gc.heap.generation=poh],Metric,0
09/11/2026 06:03:41,System.Runtime,dotnet.gc.last_collection.heap.size (By)[gc.heap.generation=gen2],Metric,0
09/11/2026 06:03:41,System.Runtime,dotnet.gc.last_collection.heap.size (By)[gc.heap.generation=gen1],Metric,0
09/11/2026 06:03:41,System.Runtime,dotnet.thread_pool.work_item.count ({work_item} / 1 sec),Rate,601
09/11/2026 06:03:41,System.Runtime,dotnet.process.memory.working_set (By),Metric,82821120
09/11/2026 06:03:41,System.Runtime,dotnet.thread_pool.thread.count ({thread} / 1 sec),Rate,0
09/11/2026 06:03:41,System.Runtime,dotnet.jit.compilation.time (s / 1 sec),Rate,0
09/11/2026 06:03:42,System.Runtime,dotnet.jit.compiled_il.size (By / 1 sec),Rate,0
09/11/2026 06:03:42,System.Runtime,dotnet.jit.compiled_methods ({method} / 1 sec),Rate,0
09/11/2026 06:03:42,System.Runtime,dotnet.monitor.lock_contentions ({contention} / 1 sec),Rate,0
09/11/2026 06:03:42,System.Runtime,dotnet.gc.collections ({collection} / 1 sec)[gc.heap.generation=gen0],Rate,0
09/11/2026 06:03:42,System.Runtime,dotnet.gc.collections ({collection} / 1 sec)[gc.heap.generation=gen2],Rate,0
09/11/2026 06:03:42,System.Runtime,dotnet.gc.collections ({collection} / 1 sec)[gc.heap.generation=gen1],Rate,0
09/11/2026 06:03:42,System.Runtime,dotnet.process.cpu.time (s / 1 sec)[cpu.mode=user],Rate,0.5855909999999991
09/11/2026 06:03:42,System.Runtime,dotnet.process.cpu.time (s / 1 sec)[cpu.mode=system],Rate,0.04411100000000001
09/11/2026 06:03:42,System.Runtime,dotnet.process.cpu.count ({cpu}),Metric,15
09/11/2026 06:03:42,System.Runtime,dotnet.gc.pause.time (s / 1 sec),Rate,0
09/11/2026 06:03:42,System.Runtime,dotnet.thread_pool.queue.length ({work_item} / 1 sec),Rate,0
09/11/2026 06:03:42,System.Runtime,dotnet.gc.last_collection.memory.committed_size (By),Metric,0
09/11/2026 06:03:42,System.Runtime,dotnet.gc.last_collection.heap.fragmentation.size (By)[gc.heap.generation=gen0],Metric,0
09/11/2026 06:03:42,System.Runtime,dotnet.gc.last_collection.heap.fragmentation.size (By)[gc.heap.generation=loh],Metric,0
09/11/2026 06:03:42,System.Runtime,dotnet.gc.last_collection.heap.fragmentation.size (By)[gc.heap.generation=poh],Metric,0
09/11/2026 06:03:42,System.Runtime,dotnet.gc.last_collection.heap.fragmentation.size (By)[gc.heap.generation=gen2],Metric,0
09/11/2026 06:03:42,System.Runtime,dotnet.gc.last_collection.heap.fragmentation.size (By)[gc.heap.generation=gen1],Metric,0
09/11/2026 06:03:42,System.Runtime,dotnet.timer.count ({timer}),Metric,3
09/11/2026 06:03:42,System.Runtime,dotnet.assembly.count ({assembly}),Metric,61
09/11/2026 06:03:42,System.Runtime,dotnet.gc.heap.total_allocated (By / 1 sec),Rate,139368
09/11/2026 06:03:42,System.Runtime,dotnet.gc.last_collection.heap.size (By)[gc.heap.generation=gen0],Metric,0
09/11/2026 06:03:42,System.Runtime,dotnet.gc.last_collection.heap.size (By)[gc.heap.generation=loh],Metric,0
09/11/2026 06:03:42,System.Runtime,dotnet.gc.last_collection.heap.size (By)[gc.heap.generation=poh],Metric,0
09/11/2026 06:03:42,System.Runtime,dotnet.gc.last_collection.heap.size (By)[gc.heap.generation=gen2],Metric,0
09/11/2026 06:03:42,System.Runtime,dotnet.gc.last_collection.heap.size (By)[gc.heap.generation=gen1],Metric,0
09/11/2026 06:03:42,System.Runtime,dotnet.thread_pool.work_item.count ({work_item} / 1 sec),Rate,604
09/11/2026 06:03:42,System.Runtime,dotnet.process.memory.working_set (By),Metric,82984960
09/11/2026 06:03:42,System.Runtime,dotnet.thread_pool.thread.count ({thread} / 1 sec),Rate,0
09/11/2026 06:03:42,System.Runtime,dotnet.jit.compilation.time (s / 1 sec),Rate,0
09/11/2026 06:03:43,System.Runtime,dotnet.jit.compiled_il.size (By / 1 sec),Rate,0
09/11/2026 06:03:43,System.Runtime,dotnet.jit.compiled_methods ({method} / 1 sec),Rate,0
09/11/2026 06:03:43,System.Runtime,dotnet.monitor.lock_contentions ({contention} / 1 sec),Rate,0
09/11/2026 06:03:43,System.Runtime,dotnet.gc.collections ({collection} / 1 sec)[gc.heap.generation=gen0],Rate,0
09/11/2026 06:03:43,System.Runtime,dotnet.gc.collections ({collection} / 1 sec)[gc.heap.generation=gen2],Rate,0
09/11/2026 06:03:43,System.Runtime,dotnet.gc.collections ({collection} / 1 sec)[gc.heap.generation=gen1],Rate,0
09/11/2026 06:03:43,System.Runtime,dotnet.process.cpu.time (s / 1 sec)[cpu.mode=user],Rate,0.5807520000000004
09/11/2026 06:03:43,System.Runtime,dotnet.process.cpu.time (s / 1 sec)[cpu.mode=system],Rate,0.04002400000000006
09/11/2026 06:03:43,System.Runtime,dotnet.process.cpu.count ({cpu}),Metric,15
09/11/2026 06:03:43,System.Runtime,dotnet.gc.pause.time (s / 1 sec),Rate,0
09/11/2026 06:03:43,System.Runtime,dotnet.thread_pool.queue.length ({work_item} / 1 sec),Rate,0
09/11/2026 06:03:43,System.Runtime,dotnet.gc.last_collection.memory.committed_size (By),Metric,0
09/11/2026 06:03:43,System.Runtime,dotnet.gc.last_collection.heap.fragmentation.size (By)[gc.heap.generation=gen0],Metric,0
09/11/2026 06:03:43,System.Runtime,dotnet.gc.last_collection.heap.fragmentation.size (By)[gc.heap.generation=loh],Metric,0
09/11/2026 06:03:43,System.Runtime,dotnet.gc.last_collection.heap.fragmentation.size (By)[gc.heap.generation=poh],Metric,0
09/11/2026 06:03:43,System.Runtime,dotnet.gc.last_collection.heap.fragmentation.size (By)[gc.heap.generation=gen2],Metric,0
09/11/2026 06:03:43,System.Runtime,dotnet.gc.last_collection.heap.fragmentation.size (By)[gc.heap.generation=gen1],Metric,0
09/11/2026 06:03:43,System.Runtime,dotnet.timer.count ({timer}),Metric,2
09/11/2026 06:03:43,System.Runtime,dotnet.assembly.count ({assembly}),Metric,61
09/11/2026 06:03:43,System.Runtime,dotnet.gc.heap.total_allocated (By / 1 sec),Rate,128288
09/11/2026 06:03:43,System.Runtime,dotnet.gc.last_collection.heap.size (By)[gc.heap.generation=gen0],Metric,0
09/11/2026 06:03:43,System.Runtime,dotnet.gc.last_collection.heap.size (By)[gc.heap.generation=loh],Metric,0
09/11/2026 06:03:43,System.Runtime,dotnet.gc.last_collection.heap.size (By)[gc.heap.generation=poh],Metric,0
09/11/2026 06:03:43,System.Runtime,dotnet.gc.last_collection.heap.size (By)[gc.heap.generation=gen2],Metric,0
09/11/2026 06:03:43,System.Runtime,dotnet.gc.last_collection.heap.size (By)[gc.heap.generation=gen1],Metric,0
09/11/2026 06:03:43,System.Runtime,dotnet.thread_pool.work_item.count ({work_item} / 1 sec),Rate,598
09/11/2026 06:03:43,System.Runtime,dotnet.process.memory.working_set (By),Metric,83116032
09/11/2026 06:03:43,System.Runtime,dotnet.thread_pool.thread.count ({thread} / 1 sec),Rate,0
09/11/2026 06:03:43,System.Runtime,dotnet.jit.compilation.time (s / 1 sec),Rate,0
09/11/2026 06:03:44,System.Runtime,dotnet.jit.compiled_il.size (By / 1 sec),Rate,812
09/11/2026 06:03:44,System.Runtime,dotnet.jit.compiled_methods ({method} / 1 sec),Rate,3
09/11/2026 06:03:44,System.Runtime,dotnet.monitor.lock_contentions ({contention} / 1 sec),Rate,0
09/11/2026 06:03:44,System.Runtime,dotnet.gc.collections ({collection} / 1 sec)[gc.heap.generation=gen0],Rate,0
09/11/2026 06:03:44,System.Runtime,dotnet.gc.collections ({collection} / 1 sec)[gc.heap.generation=gen2],Rate,0
09/11/2026 06:03:44,System.Runtime,dotnet.gc.collections ({collection} / 1 sec)[gc.heap.generation=gen1],Rate,0
09/11/2026 06:03:44,System.Runtime,dotnet.process.cpu.time (s / 1 sec)[cpu.mode=user],Rate,0.5814960000000013
09/11/2026 06:03:44,System.Runtime,dotnet.process.cpu.time (s / 1 sec)[cpu.mode=system],Rate,0.03787399999999996
09/11/2026 06:03:44,System.Runtime,dotnet.process.cpu.count ({cpu}),Metric,15
09/11/2026 06:03:44,System.Runtime,dotnet.gc.pause.time (s / 1 sec),Rate,0
09/11/2026 06:03:44,System.Runtime,dotnet.thread_pool.queue.length ({work_item} / 1 sec),Rate,0
09/11/2026 06:03:44,System.Runtime,dotnet.gc.last_collection.memory.committed_size (By),Metric,0
09/11/2026 06:03:44,System.Runtime,dotnet.gc.last_collection.heap.fragmentation.size (By)[gc.heap.generation=gen0],Metric,0
09/11/2026 06:03:44,System.Runtime,dotnet.gc.last_collection.heap.fragmentation.size (By)[gc.heap.generation=loh],Metric,0
09/11/2026 06:03:44,System.Runtime,dotnet.gc.last_collection.heap.fragmentation.size (By)[gc.heap.generation=poh],Metric,0
09/11/2026 06:03:44,System.Runtime,dotnet.gc.last_collection.heap.fragmentation.size (By)[gc.heap.generation=gen2],Metric,0
09/11/2026 06:03:44,System.Runtime,dotnet.gc.last_collection.heap.fragmentation.size (By)[gc.heap.generation=gen1],Metric,0
09/11/2026 06:03:44,System.Runtime,dotnet.timer.count ({timer}),Metric,2
09/11/2026 06:03:44,System.Runtime,dotnet.assembly.count ({assembly}),Metric,61
09/11/2026 06:03:44,System.Runtime,dotnet.gc.heap.total_allocated (By / 1 sec),Rate,147616
09/11/2026 06:03:44,System.Runtime,dotnet.gc.last_collection.heap.size (By)[gc.heap.generation=gen0],Metric,0
09/11/2026 06:03:44,System.Runtime,dotnet.gc.last_collection.heap.size (By)[gc.heap.generation=loh],Metric,0
09/11/2026 06:03:44,System.Runtime,dotnet.gc.last_collection.heap.size (By)[gc.heap.generation=poh],Metric,0
09/11/2026 06:03:44,System.Runtime,dotnet.gc.last_collection.heap.size (By)[gc.heap.generation=gen2],Metric,0
09/11/2026 06:03:44,System.Runtime,dotnet.gc.last_collection.heap.size (By)[gc.heap.generation=gen1],Metric,0
09/11/2026 06:03:44,System.Runtime,dotnet.thread_pool.work_item.count ({work_item} / 1 sec),Rate,602
09/11/2026 06:03:44,System.Runtime,dotnet.process.memory.working_set (By),Metric,83296256
09/11/2026 06:03:44,System.Runtime,dotnet.thread_pool.thread.count ({thread} / 1 sec),Rate,0
09/11/2026 06:03:44,System.Runtime,dotnet.jit.compilation.time (s / 1 sec),Rate,0.0014376999999999862
09/11/2026 06:03:45,System.Runtime,dotnet.jit.compiled_il.size (By / 1 sec),Rate,0
09/11/2026 06:03:45,System.Runtime,dotnet.jit.compiled_methods ({method} / 1 sec),Rate,0
09/11/2026 06:03:45,System.Runtime,dotnet.monitor.lock_contentions ({contention} / 1 sec),Rate,0
09/11/2026 06:03:45,System.Runtime,dotnet.gc.collections ({collection} / 1 sec)[gc.heap.generation=gen0],Rate,0
09/11/2026 06:03:45,System.Runtime,dotnet.gc.collections ({collection} / 1 sec)[gc.heap.generation=gen2],Rate,0
09/11/2026 06:03:45,System.Runtime,dotnet.gc.collections ({collection} / 1 sec)[gc.heap.generation=gen1],Rate,0
09/11/2026 06:03:45,System.Runtime,dotnet.process.cpu.time (s / 1 sec)[cpu.mode=user],Rate,0.5798559999999995
09/11/2026 06:03:45,System.Runtime,dotnet.process.cpu.time (s / 1 sec)[cpu.mode=system],Rate,0.038941000000000114
09/11/2026 06:03:45,System.Runtime,dotnet.process.cpu.count ({cpu}),Metric,15
09/11/2026 06:03:45,System.Runtime,dotnet.gc.pause.time (s / 1 sec),Rate,0
09/11/2026 06:03:45,System.Runtime,dotnet.thread_pool.queue.length ({work_item} / 1 sec),Rate,0
09/11/2026 06:03:45,System.Runtime,dotnet.gc.last_collection.memory.committed_size (By),Metric,0
09/11/2026 06:03:45,System.Runtime,dotnet.gc.last_collection.heap.fragmentation.size (By)[gc.heap.generation=gen0],Metric,0
09/11/2026 06:03:45,System.Runtime,dotnet.gc.last_collection.heap.fragmentation.size (By)[gc.heap.generation=loh],Metric,0
09/11/2026 06:03:45,System.Runtime,dotnet.gc.last_collection.heap.fragmentation.size (By)[gc.heap.generation=poh],Metric,0
09/11/2026 06:03:45,System.Runtime,dotnet.gc.last_collection.heap.fragmentation.size (By)[gc.heap.generation=gen2],Metric,0
09/11/2026 06:03:45,System.Runtime,dotnet.gc.last_collection.heap.fragmentation.size (By)[gc.heap.generation=gen1],Metric,0
09/11/2026 06:03:45,System.Runtime,dotnet.timer.count ({timer}),Metric,2
09/11/2026 06:03:45,System.Runtime,dotnet.assembly.count ({assembly}),Metric,61
09/11/2026 06:03:45,System.Runtime,dotnet.gc.heap.total_allocated (By / 1 sec),Rate,131168
09/11/2026 06:03:45,System.Runtime,dotnet.gc.last_collection.heap.size (By)[gc.heap.generation=gen0],Metric,0
09/11/2026 06:03:45,System.Runtime,dotnet.gc.last_collection.heap.size (By)[gc.heap.generation=loh],Metric,0
09/11/2026 06:03:45,System.Runtime,dotnet.gc.last_collection.heap.size (By)[gc.heap.generation=poh],Metric,0
09/11/2026 06:03:45,System.Runtime,dotnet.gc.last_collection.heap.size (By)[gc.heap.generation=gen2],Metric,0
09/11/2026 06:03:45,System.Runtime,dotnet.gc.last_collection.heap.size (By)[gc.heap.generation=gen1],Metric,0
09/11/2026 06:03:45,System.Runtime,dotnet.thread_pool.work_item.count ({work_item} / 1 sec),Rate,601
09/11/2026 06:03:45,System.Runtime,dotnet.process.memory.working_set (By),Metric,83460096
09/11/2026 06:03:45,System.Runtime,dotnet.thread_pool.thread.count ({thread} / 1 sec),Rate,0
09/11/2026 06:03:45,System.Runtime,dotnet.jit.compilation.time (s / 1 sec),Rate,0
09/11/2026 06:03:46,System.Runtime,dotnet.jit.compiled_il.size (By / 1 sec),Rate,254
09/11/2026 06:03:46,System.Runtime,dotnet.jit.compiled_methods ({method} / 1 sec),Rate,1
09/11/2026 06:03:46,System.Runtime,dotnet.monitor.lock_contentions ({contention} / 1 sec),Rate,0
09/11/2026 06:03:46,System.Runtime,dotnet.gc.collections ({collection} / 1 sec)[gc.heap.generation=gen0],Rate,0
09/11/2026 06:03:46,System.Runtime,dotnet.gc.collections ({collection} / 1 sec)[gc.heap.generation=gen2],Rate,0
09/11/2026 06:03:46,System.Runtime,dotnet.gc.collections ({collection} / 1 sec)[gc.heap.generation=gen1],Rate,0
09/11/2026 06:03:46,System.Runtime,dotnet.process.cpu.time (s / 1 sec)[cpu.mode=user],Rate,0.5860869999999991
09/11/2026 06:03:46,System.Runtime,dotnet.process.cpu.time (s / 1 sec)[cpu.mode=system],Rate,0.040588999999999986
09/11/2026 06:03:46,System.Runtime,dotnet.process.cpu.count ({cpu}),Metric,15
09/11/2026 06:03:46,System.Runtime,dotnet.gc.pause.time (s / 1 sec),Rate,0
09/11/2026 06:03:46,System.Runtime,dotnet.thread_pool.queue.length ({work_item} / 1 sec),Rate,0
09/11/2026 06:03:46,System.Runtime,dotnet.gc.last_collection.memory.committed_size (By),Metric,0
09/11/2026 06:03:46,System.Runtime,dotnet.gc.last_collection.heap.fragmentation.size (By)[gc.heap.generation=gen0],Metric,0
09/11/2026 06:03:46,System.Runtime,dotnet.gc.last_collection.heap.fragmentation.size (By)[gc.heap.generation=loh],Metric,0
09/11/2026 06:03:46,System.Runtime,dotnet.gc.last_collection.heap.fragmentation.size (By)[gc.heap.generation=poh],Metric,0
09/11/2026 06:03:46,System.Runtime,dotnet.gc.last_collection.heap.fragmentation.size (By)[gc.heap.generation=gen2],Metric,0
09/11/2026 06:03:46,System.Runtime,dotnet.gc.last_collection.heap.fragmentation.size (By)[gc.heap.generation=gen1],Metric,0
09/11/2026 06:03:46,System.Runtime,dotnet.timer.count ({timer}),Metric,2
09/11/2026 06:03:46,System.Runtime,dotnet.assembly.count ({assembly}),Metric,61
09/11/2026 06:03:46,System.Runtime,dotnet.gc.heap.total_allocated (By / 1 sec),Rate,131200
09/11/2026 06:03:46,System.Runtime,dotnet.gc.last_collection.heap.size (By)[gc.heap.generation=gen0],Metric,0
09/11/2026 06:03:46,System.Runtime,dotnet.gc.last_collection.heap.size (By)[gc.heap.generation=loh],Metric,0
09/11/2026 06:03:46,System.Runtime,dotnet.gc.last_collection.heap.size (By)[gc.heap.generation=poh],Metric,0
09/11/2026 06:03:46,System.Runtime,dotnet.gc.last_collection.heap.size (By)[gc.heap.generation=gen2],Metric,0
09/11/2026 06:03:46,System.Runtime,dotnet.gc.last_collection.heap.size (By)[gc.heap.generation=gen1],Metric,0
09/11/2026 06:03:46,System.Runtime,dotnet.thread_pool.work_item.count ({work_item} / 1 sec),Rate,600
09/11/2026 06:03:46,System.Runtime,dotnet.process.memory.working_set (By),Metric,83623936
09/11/2026 06:03:46,System.Runtime,dotnet.thread_pool.thread.count ({thread} / 1 sec),Rate,0
09/11/2026 06:03:46,System.Runtime,dotnet.jit.compilation.time (s / 1 sec),Rate,0.006515500000000007
09/11/2026 06:03:47,System.Runtime,dotnet.jit.compiled_il.size (By / 1 sec),Rate,0
09/11/2026 06:03:47,System.Runtime,dotnet.jit.compiled_methods ({method} / 1 sec),Rate,0
09/11/2026 06:03:47,System.Runtime,dotnet.monitor.lock_contentions ({contention} / 1 sec),Rate,0
09/11/2026 06:03:47,System.Runtime,dotnet.gc.collections ({collection} / 1 sec)[gc.heap.generation=gen0],Rate,0
09/11/2026 06:03:47,System.Runtime,dotnet.gc.collections ({collection} / 1 sec)[gc.heap.generation=gen2],Rate,0
09/11/2026 06:03:47,System.Runtime,dotnet.gc.collections ({collection} / 1 sec)[gc.heap.generation=gen1],Rate,0
09/11/2026 06:03:47,System.Runtime,dotnet.process.cpu.time (s / 1 sec)[cpu.mode=user],Rate,0.5832750000000004
09/11/2026 06:03:47,System.Runtime,dotnet.process.cpu.time (s / 1 sec)[cpu.mode=system],Rate,0.038044999999999884
09/11/2026 06:03:47,System.Runtime,dotnet.process.cpu.count ({cpu}),Metric,15
09/11/2026 06:03:47,System.Runtime,dotnet.gc.pause.time (s / 1 sec),Rate,0
09/11/2026 06:03:47,System.Runtime,dotnet.thread_pool.queue.length ({work_item} / 1 sec),Rate,0
09/11/2026 06:03:47,System.Runtime,dotnet.gc.last_collection.memory.committed_size (By),Metric,0
09/11/2026 06:03:47,System.Runtime,dotnet.gc.last_collection.heap.fragmentation.size (By)[gc.heap.generation=gen0],Metric,0
09/11/2026 06:03:47,System.Runtime,dotnet.gc.last_collection.heap.fragmentation.size (By)[gc.heap.generation=loh],Metric,0
09/11/2026 06:03:47,System.Runtime,dotnet.gc.last_collection.heap.fragmentation.size (By)[gc.heap.generation=poh],Metric,0
09/11/2026 06:03:47,System.Runtime,dotnet.gc.last_collection.heap.fragmentation.size (By)[gc.heap.generation=gen2],Metric,0
09/11/2026 06:03:47,System.Runtime,dotnet.gc.last_collection.heap.fragmentation.size (By)[gc.heap.generation=gen1],Metric,0
09/11/2026 06:03:47,System.Runtime,dotnet.timer.count ({timer}),Metric,2
09/11/2026 06:03:47,System.Runtime,dotnet.assembly.count ({assembly}),Metric,61
09/11/2026 06:03:47,System.Runtime,dotnet.gc.heap.total_allocated (By / 1 sec),Rate,138248
09/11/2026 06:03:47,System.Runtime,dotnet.gc.last_collection.heap.size (By)[gc.heap.generation=gen0],Metric,0
09/11/2026 06:03:47,System.Runtime,dotnet.gc.last_collection.heap.size (By)[gc.heap.generation=loh],Metric,0
09/11/2026 06:03:47,System.Runtime,dotnet.gc.last_collection.heap.size (By)[gc.heap.generation=poh],Metric,0
09/11/2026 06:03:47,System.Runtime,dotnet.gc.last_collection.heap.size (By)[gc.heap.generation=gen2],Metric,0
09/11/2026 06:03:47,System.Runtime,dotnet.gc.last_collection.heap.size (By)[gc.heap.generation=gen1],Metric,0
09/11/2026 06:03:47,System.Runtime,dotnet.thread_pool.work_item.count ({work_item} / 1 sec),Rate,601
09/11/2026 06:03:47,System.Runtime,dotnet.process.memory.working_set (By),Metric,83787776
09/11/2026 06:03:47,System.Runtime,dotnet.thread_pool.thread.count ({thread} / 1 sec),Rate,0
09/11/2026 06:03:47,System.Runtime,dotnet.jit.compilation.time (s / 1 sec),Rate,0
09/11/2026 06:03:48,System.Runtime,dotnet.jit.compiled_il.size (By / 1 sec),Rate,0
09/11/2026 06:03:48,System.Runtime,dotnet.jit.compiled_methods ({method} / 1 sec),Rate,0
09/11/2026 06:03:48,System.Runtime,dotnet.monitor.lock_contentions ({contention} / 1 sec),Rate,0
09/11/2026 06:03:48,System.Runtime,dotnet.gc.collections ({collection} / 1 sec)[gc.heap.generation=gen0],Rate,0
09/11/2026 06:03:48,System.Runtime,dotnet.gc.collections ({collection} / 1 sec)[gc.heap.generation=gen2],Rate,0
09/11/2026 06:03:48,System.Runtime,dotnet.gc.collections ({collection} / 1 sec)[gc.heap.generation=gen1],Rate,0
09/11/2026 06:03:48,System.Runtime,dotnet.process.cpu.time (s / 1 sec)[cpu.mode=user],Rate,0.5803620000000009
09/11/2026 06:03:48,System.Runtime,dotnet.process.cpu.time (s / 1 sec)[cpu.mode=system],Rate,0.03762599999999994
09/11/2026 06:03:48,System.Runtime,dotnet.process.cpu.count ({cpu}),Metric,15
09/11/2026 06:03:48,System.Runtime,dotnet.gc.pause.time (s / 1 sec),Rate,0
09/11/2026 06:03:48,System.Runtime,dotnet.thread_pool.queue.length ({work_item} / 1 sec),Rate,0
09/11/2026 06:03:48,System.Runtime,dotnet.gc.last_collection.memory.committed_size (By),Metric,0
09/11/2026 06:03:48,System.Runtime,dotnet.gc.last_collection.heap.fragmentation.size (By)[gc.heap.generation=gen0],Metric,0
09/11/2026 06:03:48,System.Runtime,dotnet.gc.last_collection.heap.fragmentation.size (By)[gc.heap.generation=loh],Metric,0
09/11/2026 06:03:48,System.Runtime,dotnet.gc.last_collection.heap.fragmentation.size (By)[gc.heap.generation=poh],Metric,0
09/11/2026 06:03:48,System.Runtime,dotnet.gc.last_collection.heap.fragmentation.size (By)[gc.heap.generation=gen2],Metric,0
09/11/2026 06:03:48,System.Runtime,dotnet.gc.last_collection.heap.fragmentation.size (By)[gc.heap.generation=gen1],Metric,0
09/11/2026 06:03:48,System.Runtime,dotnet.timer.count ({timer}),Metric,2
09/11/2026 06:03:48,System.Runtime,dotnet.assembly.count ({assembly}),Metric,61
09/11/2026 06:03:48,System.Runtime,dotnet.gc.heap.total_allocated (By / 1 sec),Rate,131072
09/11/2026 06:03:48,System.Runtime,dotnet.gc.last_collection.heap.size (By)[gc.heap.generation=gen0],Metric,0
09/11/2026 06:03:48,System.Runtime,dotnet.gc.last_collection.heap.size (By)[gc.heap.generation=loh],Metric,0
09/11/2026 06:03:48,System.Runtime,dotnet.gc.last_collection.heap.size (By)[gc.heap.generation=poh],Metric,0
09/11/2026 06:03:48,System.Runtime,dotnet.gc.last_collection.heap.size (By)[gc.heap.generation=gen2],Metric,0
09/11/2026 06:03:48,System.Runtime,dotnet.gc.last_collection.heap.size (By)[gc.heap.generation=gen1],Metric,0
09/11/2026 06:03:48,System.Runtime,dotnet.thread_pool.work_item.count ({work_item} / 1 sec),Rate,601
09/11/2026 06:03:48,System.Runtime,dotnet.process.memory.working_set (By),Metric,83918848
09/11/2026 06:03:48,System.Runtime,dotnet.thread_pool.thread.count ({thread} / 1 sec),Rate,0
09/11/2026 06:03:48,System.Runtime,dotnet.jit.compilation.time (s / 1 sec),Rate,0
09/11/2026 06:03:49,System.Runtime,dotnet.jit.compiled_il.size (By / 1 sec),Rate,1611
09/11/2026 06:03:49,System.Runtime,dotnet.jit.compiled_methods ({method} / 1 sec),Rate,9
09/11/2026 06:03:49,System.Runtime,dotnet.monitor.lock_contentions ({contention} / 1 sec),Rate,0
09/11/2026 06:03:49,System.Runtime,dotnet.gc.collections ({collection} / 1 sec)[gc.heap.generation=gen0],Rate,0
09/11/2026 06:03:49,System.Runtime,dotnet.gc.collections ({collection} / 1 sec)[gc.heap.generation=gen2],Rate,0
09/11/2026 06:03:49,System.Runtime,dotnet.gc.collections ({collection} / 1 sec)[gc.heap.generation=gen1],Rate,0
09/11/2026 06:03:49,System.Runtime,dotnet.process.cpu.time (s / 1 sec)[cpu.mode=user],Rate,0.5812740000000005
09/11/2026 06:03:49,System.Runtime,dotnet.process.cpu.time (s / 1 sec)[cpu.mode=system],Rate,0.03783100000000017
09/11/2026 06:03:49,System.Runtime,dotnet.process.cpu.count ({cpu}),Metric,15
09/11/2026 06:03:49,System.Runtime,dotnet.gc.pause.time (s / 1 sec),Rate,0
09/11/2026 06:03:49,System.Runtime,dotnet.thread_pool.queue.length ({work_item} / 1 sec),Rate,0
09/11/2026 06:03:49,System.Runtime,dotnet.gc.last_collection.memory.committed_size (By),Metric,0
09/11/2026 06:03:49,System.Runtime,dotnet.gc.last_collection.heap.fragmentation.size (By)[gc.heap.generation=gen0],Metric,0
09/11/2026 06:03:49,System.Runtime,dotnet.gc.last_collection.heap.fragmentation.size (By)[gc.heap.generation=loh],Metric,0
09/11/2026 06:03:49,System.Runtime,dotnet.gc.last_collection.heap.fragmentation.size (By)[gc.heap.generation=poh],Metric,0
09/11/2026 06:03:49,System.Runtime,dotnet.gc.last_collection.heap.fragmentation.size (By)[gc.heap.generation=gen2],Metric,0
09/11/2026 06:03:49,System.Runtime,dotnet.gc.last_collection.heap.fragmentation.size (By)[gc.heap.generation=gen1],Metric,0
09/11/2026 06:03:49,System.Runtime,dotnet.timer.count ({timer}),Metric,2
09/11/2026 06:03:49,System.Runtime,dotnet.assembly.count ({assembly}),Metric,61
09/11/2026 06:03:49,System.Runtime,dotnet.gc.heap.total_allocated (By / 1 sec),Rate,139416
09/11/2026 06:03:49,System.Runtime,dotnet.gc.last_collection.heap.size (By)[gc.heap.generation=gen0],Metric,0
09/11/2026 06:03:49,System.Runtime,dotnet.gc.last_collection.heap.size (By)[gc.heap.generation=loh],Metric,0
09/11/2026 06:03:49,System.Runtime,dotnet.gc.last_collection.heap.size (By)[gc.heap.generation=poh],Metric,0
09/11/2026 06:03:49,System.Runtime,dotnet.gc.last_collection.heap.size (By)[gc.heap.generation=gen2],Metric,0
09/11/2026 06:03:49,System.Runtime,dotnet.gc.last_collection.heap.size (By)[gc.heap.generation=gen1],Metric,0
09/11/2026 06:03:49,System.Runtime,dotnet.thread_pool.work_item.count ({work_item} / 1 sec),Rate,602
09/11/2026 06:03:49,System.Runtime,dotnet.process.memory.working_set (By),Metric,84082688
09/11/2026 06:03:49,System.Runtime,dotnet.thread_pool.thread.count ({thread} / 1 sec),Rate,0
09/11/2026 06:03:49,System.Runtime,dotnet.jit.compilation.time (s / 1 sec),Rate,0.005298000000000025
09/11/2026 06:03:50,System.Runtime,dotnet.jit.compiled_il.size (By / 1 sec),Rate,0
09/11/2026 06:03:50,System.Runtime,dotnet.jit.compiled_methods ({method} / 1 sec),Rate,0
09/11/2026 06:03:50,System.Runtime,dotnet.monitor.lock_contentions ({contention} / 1 sec),Rate,0
09/11/2026 06:03:50,System.Runtime,dotnet.gc.collections ({collection} / 1 sec)[gc.heap.generation=gen0],Rate,0
09/11/2026 06:03:50,System.Runtime,dotnet.gc.collections ({collection} / 1 sec)[gc.heap.generation=gen2],Rate,0
09/11/2026 06:03:50,System.Runtime,dotnet.gc.collections ({collection} / 1 sec)[gc.heap.generation=gen1],Rate,0
09/11/2026 06:03:50,System.Runtime,dotnet.process.cpu.time (s / 1 sec)[cpu.mode=user],Rate,0.5809469999999983
09/11/2026 06:03:50,System.Runtime,dotnet.process.cpu.time (s / 1 sec)[cpu.mode=system],Rate,0.03711299999999995
09/11/2026 06:03:50,System.Runtime,dotnet.process.cpu.count ({cpu}),Metric,15
09/11/2026 06:03:50,System.Runtime,dotnet.gc.pause.time (s / 1 sec),Rate,0
09/11/2026 06:03:50,System.Runtime,dotnet.thread_pool.queue.length ({work_item} / 1 sec),Rate,0
09/11/2026 06:03:50,System.Runtime,dotnet.gc.last_collection.memory.committed_size (By),Metric,0
09/11/2026 06:03:50,System.Runtime,dotnet.gc.last_collection.heap.fragmentation.size (By)[gc.heap.generation=gen0],Metric,0
09/11/2026 06:03:50,System.Runtime,dotnet.gc.last_collection.heap.fragmentation.size (By)[gc.heap.generation=loh],Metric,0
09/11/2026 06:03:50,System.Runtime,dotnet.gc.last_collection.heap.fragmentation.size (By)[gc.heap.generation=poh],Metric,0
09/11/2026 06:03:50,System.Runtime,dotnet.gc.last_collection.heap.fragmentation.size (By)[gc.heap.generation=gen2],Metric,0
09/11/2026 06:03:50,System.Runtime,dotnet.gc.last_collection.heap.fragmentation.size (By)[gc.heap.generation=gen1],Metric,0
09/11/2026 06:03:50,System.Runtime,dotnet.timer.count ({timer}),Metric,2
09/11/2026 06:03:50,System.Runtime,dotnet.assembly.count ({assembly}),Metric,61
09/11/2026 06:03:50,System.Runtime,dotnet.gc.heap.total_allocated (By / 1 sec),Rate,140216
09/11/2026 06:03:50,System.Runtime,dotnet.gc.last_collection.heap.size (By)[gc.heap.generation=gen0],Metric,0
09/11/2026 06:03:50,System.Runtime,dotnet.gc.last_collection.heap.size (By)[gc.heap.generation=loh],Metric,0
09/11/2026 06:03:50,System.Runtime,dotnet.gc.last_collection.heap.size (By)[gc.heap.generation=poh],Metric,0
09/11/2026 06:03:50,System.Runtime,dotnet.gc.last_collection.heap.size (By)[gc.heap.generation=gen2],Metric,0
09/11/2026 06:03:50,System.Runtime,dotnet.gc.last_collection.heap.size (By)[gc.heap.generation=gen1],Metric,0
09/11/2026 06:03:50,System.Runtime,dotnet.thread_pool.work_item.count ({work_item} / 1 sec),Rate,601
09/11/2026 06:03:50,System.Runtime,dotnet.process.memory.working_set (By),Metric,84213760
09/11/2026 06:03:50,System.Runtime,dotnet.thread_pool.thread.count ({thread} / 1 sec),Rate,-1
09/11/2026 06:03:50,System.Runtime,dotnet.jit.compilation.time (s / 1 sec),Rate,0
09/11/2026 06:03:51,System.Runtime,dotnet.jit.compiled_il.size (By / 1 sec),Rate,407
09/11/2026 06:03:51,System.Runtime,dotnet.jit.compiled_methods ({method} / 1 sec),Rate,2
09/11/2026 06:03:51,System.Runtime,dotnet.monitor.lock_contentions ({contention} / 1 sec),Rate,0
09/11/2026 06:03:51,System.Runtime,dotnet.gc.collections ({collection} / 1 sec)[gc.heap.generation=gen0],Rate,0
09/11/2026 06:03:51,System.Runtime,dotnet.gc.collections ({collection} / 1 sec)[gc.heap.generation=gen2],Rate,0
09/11/2026 06:03:51,System.Runtime,dotnet.gc.collections ({collection} / 1 sec)[gc.heap.generation=gen1],Rate,0
09/11/2026 06:03:51,System.Runtime,dotnet.process.cpu.time (s / 1 sec)[cpu.mode=user],Rate,0.5887899999999995
09/11/2026 06:03:51,System.Runtime,dotnet.process.cpu.time (s / 1 sec)[cpu.mode=system],Rate,0.04193699999999989
09/11/2026 06:03:51,System.Runtime,dotnet.process.cpu.count ({cpu}),Metric,15
09/11/2026 06:03:51,System.Runtime,dotnet.gc.pause.time (s / 1 sec),Rate,0
09/11/2026 06:03:51,System.Runtime,dotnet.thread_pool.queue.length ({work_item} / 1 sec),Rate,0
09/11/2026 06:03:51,System.Runtime,dotnet.gc.last_collection.memory.committed_size (By),Metric,0
09/11/2026 06:03:51,System.Runtime,dotnet.gc.last_collection.heap.fragmentation.size (By)[gc.heap.generation=gen0],Metric,0
09/11/2026 06:03:51,System.Runtime,dotnet.gc.last_collection.heap.fragmentation.size (By)[gc.heap.generation=loh],Metric,0
09/11/2026 06:03:51,System.Runtime,dotnet.gc.last_collection.heap.fragmentation.size (By)[gc.heap.generation=poh],Metric,0
09/11/2026 06:03:51,System.Runtime,dotnet.gc.last_collection.heap.fragmentation.size (By)[gc.heap.generation=gen2],Metric,0
09/11/2026 06:03:51,System.Runtime,dotnet.gc.last_collection.heap.fragmentation.size (By)[gc.heap.generation=gen1],Metric,0
09/11/2026 06:03:51,System.Runtime,dotnet.timer.count ({timer}),Metric,2
09/11/2026 06:03:51,System.Runtime,dotnet.assembly.count ({assembly}),Metric,61
09/11/2026 06:03:51,System.Runtime,dotnet.gc.heap.total_allocated (By / 1 sec),Rate,251648
09/11/2026 06:03:51,System.Runtime,dotnet.gc.last_collection.heap.size (By)[gc.heap.generation=gen0],Metric,0
09/11/2026 06:03:51,System.Runtime,dotnet.gc.last_collection.heap.size (By)[gc.heap.generation=loh],Metric,0
09/11/2026 06:03:51,System.Runtime,dotnet.gc.last_collection.heap.size (By)[gc.heap.generation=poh],Metric,0
09/11/2026 06:03:51,System.Runtime,dotnet.gc.last_collection.heap.size (By)[gc.heap.generation=gen2],Metric,0
09/11/2026 06:03:51,System.Runtime,dotnet.gc.last_collection.heap.size (By)[gc.heap.generation=gen1],Metric,0
09/11/2026 06:03:51,System.Runtime,dotnet.thread_pool.work_item.count ({work_item} / 1 sec),Rate,658
09/11/2026 06:03:51,System.Runtime,dotnet.process.memory.working_set (By),Metric,84475904
09/11/2026 06:03:51,System.Runtime,dotnet.thread_pool.thread.count ({thread} / 1 sec),Rate,0
09/11/2026 06:03:51,System.Runtime,dotnet.jit.compilation.time (s / 1 sec),Rate,0.0011303000000000285
09/11/2026 06:03:52,System.Runtime,dotnet.jit.compiled_il.size (By / 1 sec),Rate,0
09/11/2026 06:03:52,System.Runtime,dotnet.jit.compiled_methods ({method} / 1 sec),Rate,0
09/11/2026 06:03:52,System.Runtime,dotnet.monitor.lock_contentions ({contention} / 1 sec),Rate,0
09/11/2026 06:03:52,System.Runtime,dotnet.gc.collections ({collection} / 1 sec)[gc.heap.generation=gen0],Rate,0
09/11/2026 06:03:52,System.Runtime,dotnet.gc.collections ({collection} / 1 sec)[gc.heap.generation=gen2],Rate,0
09/11/2026 06:03:52,System.Runtime,dotnet.gc.collections ({collection} / 1 sec)[gc.heap.generation=gen1],Rate,0
09/11/2026 06:03:52,System.Runtime,dotnet.process.cpu.time (s / 1 sec)[cpu.mode=user],Rate,0.5886600000000008
09/11/2026 06:03:52,System.Runtime,dotnet.process.cpu.time (s / 1 sec)[cpu.mode=system],Rate,0.03637800000000002
09/11/2026 06:03:52,System.Runtime,dotnet.process.cpu.count ({cpu}),Metric,15
09/11/2026 06:03:52,System.Runtime,dotnet.gc.pause.time (s / 1 sec),Rate,0
09/11/2026 06:03:52,System.Runtime,dotnet.thread_pool.queue.length ({work_item} / 1 sec),Rate,0
09/11/2026 06:03:52,System.Runtime,dotnet.gc.last_collection.memory.committed_size (By),Metric,0
09/11/2026 06:03:52,System.Runtime,dotnet.gc.last_collection.heap.fragmentation.size (By)[gc.heap.generation=gen0],Metric,0
09/11/2026 06:03:52,System.Runtime,dotnet.gc.last_collection.heap.fragmentation.size (By)[gc.heap.generation=loh],Metric,0
09/11/2026 06:03:52,System.Runtime,dotnet.gc.last_collection.heap.fragmentation.size (By)[gc.heap.generation=poh],Metric,0
09/11/2026 06:03:52,System.Runtime,dotnet.gc.last_collection.heap.fragmentation.size (By)[gc.heap.generation=gen2],Metric,0
09/11/2026 06:03:52,System.Runtime,dotnet.gc.last_collection.heap.fragmentation.size (By)[gc.heap.generation=gen1],Metric,0
09/11/2026 06:03:52,System.Runtime,dotnet.timer.count ({timer}),Metric,2
09/11/2026 06:03:52,System.Runtime,dotnet.assembly.count ({assembly}),Metric,61
09/11/2026 06:03:52,System.Runtime,dotnet.gc.heap.total_allocated (By / 1 sec),Rate,122928
09/11/2026 06:03:52,System.Runtime,dotnet.gc.last_collection.heap.size (By)[gc.heap.generation=gen0],Metric,0
09/11/2026 06:03:52,System.Runtime,dotnet.gc.last_collection.heap.size (By)[gc.heap.generation=loh],Metric,0
09/11/2026 06:03:52,System.Runtime,dotnet.gc.last_collection.heap.size (By)[gc.heap.generation=poh],Metric,0
09/11/2026 06:03:52,System.Runtime,dotnet.gc.last_collection.heap.size (By)[gc.heap.generation=gen2],Metric,0
09/11/2026 06:03:52,System.Runtime,dotnet.gc.last_collection.heap.size (By)[gc.heap.generation=gen1],Metric,0
09/11/2026 06:03:52,System.Runtime,dotnet.thread_pool.work_item.count ({work_item} / 1 sec),Rate,626
09/11/2026 06:03:52,System.Runtime,dotnet.process.memory.working_set (By),Metric,84623360
09/11/2026 06:03:52,System.Runtime,dotnet.thread_pool.thread.count ({thread} / 1 sec),Rate,0
09/11/2026 06:03:52,System.Runtime,dotnet.jit.compilation.time (s / 1 sec),Rate,0
09/11/2026 06:03:53,System.Runtime,dotnet.jit.compiled_il.size (By / 1 sec),Rate,0
09/11/2026 06:03:53,System.Runtime,dotnet.jit.compiled_methods ({method} / 1 sec),Rate,0
09/11/2026 06:03:53,System.Runtime,dotnet.monitor.lock_contentions ({contention} / 1 sec),Rate,0
09/11/2026 06:03:53,System.Runtime,dotnet.gc.collections ({collection} / 1 sec)[gc.heap.generation=gen0],Rate,0
09/11/2026 06:03:53,System.Runtime,dotnet.gc.collections ({collection} / 1 sec)[gc.heap.generation=gen2],Rate,0
09/11/2026 06:03:53,System.Runtime,dotnet.gc.collections ({collection} / 1 sec)[gc.heap.generation=gen1],Rate,0
09/11/2026 06:03:53,System.Runtime,dotnet.process.cpu.time (s / 1 sec)[cpu.mode=user],Rate,0.5950050000000005
09/11/2026 06:03:53,System.Runtime,dotnet.process.cpu.time (s / 1 sec)[cpu.mode=system],Rate,0.04034000000000004
09/11/2026 06:03:53,System.Runtime,dotnet.process.cpu.count ({cpu}),Metric,15
09/11/2026 06:03:53,System.Runtime,dotnet.gc.pause.time (s / 1 sec),Rate,0
09/11/2026 06:03:53,System.Runtime,dotnet.thread_pool.queue.length ({work_item} / 1 sec),Rate,0
09/11/2026 06:03:53,System.Runtime,dotnet.gc.last_collection.memory.committed_size (By),Metric,0
09/11/2026 06:03:53,System.Runtime,dotnet.gc.last_collection.heap.fragmentation.size (By)[gc.heap.generation=gen0],Metric,0
09/11/2026 06:03:53,System.Runtime,dotnet.gc.last_collection.heap.fragmentation.size (By)[gc.heap.generation=loh],Metric,0
09/11/2026 06:03:53,System.Runtime,dotnet.gc.last_collection.heap.fragmentation.size (By)[gc.heap.generation=poh],Metric,0
09/11/2026 06:03:53,System.Runtime,dotnet.gc.last_collection.heap.fragmentation.size (By)[gc.heap.generation=gen2],Metric,0
09/11/2026 06:03:53,System.Runtime,dotnet.gc.last_collection.heap.fragmentation.size (By)[gc.heap.generation=gen1],Metric,0
09/11/2026 06:03:53,System.Runtime,dotnet.timer.count ({timer}),Metric,2
09/11/2026 06:03:53,System.Runtime,dotnet.assembly.count ({assembly}),Metric,61
09/11/2026 06:03:53,System.Runtime,dotnet.gc.heap.total_allocated (By / 1 sec),Rate,195848
09/11/2026 06:03:53,System.Runtime,dotnet.gc.last_collection.heap.size (By)[gc.heap.generation=gen0],Metric,0
09/11/2026 06:03:53,System.Runtime,dotnet.gc.last_collection.heap.size (By)[gc.heap.generation=loh],Metric,0
09/11/2026 06:03:53,System.Runtime,dotnet.gc.last_collection.heap.size (By)[gc.heap.generation=poh],Metric,0
09/11/2026 06:03:53,System.Runtime,dotnet.gc.last_collection.heap.size (By)[gc.heap.generation=gen2],Metric,0
09/11/2026 06:03:53,System.Runtime,dotnet.gc.last_collection.heap.size (By)[gc.heap.generation=gen1],Metric,0
09/11/2026 06:03:53,System.Runtime,dotnet.thread_pool.work_item.count ({work_item} / 1 sec),Rate,727
09/11/2026 06:03:53,System.Runtime,dotnet.process.memory.working_set (By),Metric,84819968
09/11/2026 06:03:53,System.Runtime,dotnet.thread_pool.thread.count ({thread} / 1 sec),Rate,0
09/11/2026 06:03:53,System.Runtime,dotnet.jit.compilation.time (s / 1 sec),Rate,0
09/11/2026 06:03:54,System.Runtime,dotnet.jit.compiled_il.size (By / 1 sec),Rate,467
09/11/2026 06:03:54,System.Runtime,dotnet.jit.compiled_methods ({method} / 1 sec),Rate,8
09/11/2026 06:03:54,System.Runtime,dotnet.monitor.lock_contentions ({contention} / 1 sec),Rate,0
09/11/2026 06:03:54,System.Runtime,dotnet.gc.collections ({collection} / 1 sec)[gc.heap.generation=gen0],Rate,0
09/11/2026 06:03:54,System.Runtime,dotnet.gc.collections ({collection} / 1 sec)[gc.heap.generation=gen2],Rate,0
09/11/2026 06:03:54,System.Runtime,dotnet.gc.collections ({collection} / 1 sec)[gc.heap.generation=gen1],Rate,0
09/11/2026 06:03:54,System.Runtime,dotnet.process.cpu.time (s / 1 sec)[cpu.mode=user],Rate,0.5842309999999991
09/11/2026 06:03:54,System.Runtime,dotnet.process.cpu.time (s / 1 sec)[cpu.mode=system],Rate,0.03521799999999997
09/11/2026 06:03:54,System.Runtime,dotnet.process.cpu.count ({cpu}),Metric,15
09/11/2026 06:03:54,System.Runtime,dotnet.gc.pause.time (s / 1 sec),Rate,0
09/11/2026 06:03:54,System.Runtime,dotnet.thread_pool.queue.length ({work_item} / 1 sec),Rate,0
09/11/2026 06:03:54,System.Runtime,dotnet.gc.last_collection.memory.committed_size (By),Metric,0
09/11/2026 06:03:54,System.Runtime,dotnet.gc.last_collection.heap.fragmentation.size (By)[gc.heap.generation=gen0],Metric,0
09/11/2026 06:03:54,System.Runtime,dotnet.gc.last_collection.heap.fragmentation.size (By)[gc.heap.generation=loh],Metric,0
09/11/2026 06:03:54,System.Runtime,dotnet.gc.last_collection.heap.fragmentation.size (By)[gc.heap.generation=poh],Metric,0
09/11/2026 06:03:54,System.Runtime,dotnet.gc.last_collection.heap.fragmentation.size (By)[gc.heap.generation=gen2],Metric,0
09/11/2026 06:03:54,System.Runtime,dotnet.gc.last_collection.heap.fragmentation.size (By)[gc.heap.generation=gen1],Metric,0
09/11/2026 06:03:54,System.Runtime,dotnet.timer.count ({timer}),Metric,2
09/11/2026 06:03:54,System.Runtime,dotnet.assembly.count ({assembly}),Metric,61
09/11/2026 06:03:54,System.Runtime,dotnet.gc.heap.total_allocated (By / 1 sec),Rate,131104
09/11/2026 06:03:54,System.Runtime,dotnet.gc.last_collection.heap.size (By)[gc.heap.generation=gen0],Metric,0
09/11/2026 06:03:54,System.Runtime,dotnet.gc.last_collection.heap.size (By)[gc.heap.generation=loh],Metric,0
09/11/2026 06:03:54,System.Runtime,dotnet.gc.last_collection.heap.size (By)[gc.heap.generation=poh],Metric,0
09/11/2026 06:03:54,System.Runtime,dotnet.gc.last_collection.heap.size (By)[gc.heap.generation=gen2],Metric,0
09/11/2026 06:03:54,System.Runtime,dotnet.gc.last_collection.heap.size (By)[gc.heap.generation=gen1],Metric,0
09/11/2026 06:03:54,System.Runtime,dotnet.thread_pool.work_item.count ({work_item} / 1 sec),Rate,622
09/11/2026 06:03:54,System.Runtime,dotnet.process.memory.working_set (By),Metric,84983808
09/11/2026 06:03:54,System.Runtime,dotnet.thread_pool.thread.count ({thread} / 1 sec),Rate,0
09/11/2026 06:03:54,System.Runtime,dotnet.jit.compilation.time (s / 1 sec),Rate,0.0009780000000000344
09/11/2026 06:03:55,System.Runtime,dotnet.jit.compiled_il.size (By / 1 sec),Rate,0
09/11/2026 06:03:55,System.Runtime,dotnet.jit.compiled_methods ({method} / 1 sec),Rate,0
09/11/2026 06:03:55,System.Runtime,dotnet.monitor.lock_contentions ({contention} / 1 sec),Rate,0
09/11/2026 06:03:55,System.Runtime,dotnet.gc.collections ({collection} / 1 sec)[gc.heap.generation=gen0],Rate,0
09/11/2026 06:03:55,System.Runtime,dotnet.gc.collections ({collection} / 1 sec)[gc.heap.generation=gen2],Rate,0
09/11/2026 06:03:55,System.Runtime,dotnet.gc.collections ({collection} / 1 sec)[gc.heap.generation=gen1],Rate,0
09/11/2026 06:03:55,System.Runtime,dotnet.process.cpu.time (s / 1 sec)[cpu.mode=user],Rate,0.5879049999999992
09/11/2026 06:03:55,System.Runtime,dotnet.process.cpu.time (s / 1 sec)[cpu.mode=system],Rate,0.03640700000000008
09/11/2026 06:03:55,System.Runtime,dotnet.process.cpu.count ({cpu}),Metric,15
09/11/2026 06:03:55,System.Runtime,dotnet.gc.pause.time (s / 1 sec),Rate,0
09/11/2026 06:03:55,System.Runtime,dotnet.thread_pool.queue.length ({work_item} / 1 sec),Rate,0
09/11/2026 06:03:55,System.Runtime,dotnet.gc.last_collection.memory.committed_size (By),Metric,0
09/11/2026 06:03:55,System.Runtime,dotnet.gc.last_collection.heap.fragmentation.size (By)[gc.heap.generation=gen0],Metric,0
09/11/2026 06:03:55,System.Runtime,dotnet.gc.last_collection.heap.fragmentation.size (By)[gc.heap.generation=loh],Metric,0
09/11/2026 06:03:55,System.Runtime,dotnet.gc.last_collection.heap.fragmentation.size (By)[gc.heap.generation=poh],Metric,0
09/11/2026 06:03:55,System.Runtime,dotnet.gc.last_collection.heap.fragmentation.size (By)[gc.heap.generation=gen2],Metric,0
09/11/2026 06:03:55,System.Runtime,dotnet.gc.last_collection.heap.fragmentation.size (By)[gc.heap.generation=gen1],Metric,0
09/11/2026 06:03:55,System.Runtime,dotnet.timer.count ({timer}),Metric,2
09/11/2026 06:03:55,System.Runtime,dotnet.assembly.count ({assembly}),Metric,61
09/11/2026 06:03:55,System.Runtime,dotnet.gc.heap.total_allocated (By / 1 sec),Rate,155800
09/11/2026 06:03:55,System.Runtime,dotnet.gc.last_collection.heap.size (By)[gc.heap.generation=gen0],Metric,0
09/11/2026 06:03:55,System.Runtime,dotnet.gc.last_collection.heap.size (By)[gc.heap.generation=loh],Metric,0
09/11/2026 06:03:55,System.Runtime,dotnet.gc.last_collection.heap.size (By)[gc.heap.generation=poh],Metric,0
09/11/2026 06:03:55,System.Runtime,dotnet.gc.last_collection.heap.size (By)[gc.heap.generation=gen2],Metric,0
09/11/2026 06:03:55,System.Runtime,dotnet.gc.last_collection.heap.size (By)[gc.heap.generation=gen1],Metric,0
09/11/2026 06:03:55,System.Runtime,dotnet.thread_pool.work_item.count ({work_item} / 1 sec),Rate,613
09/11/2026 06:03:55,System.Runtime,dotnet.process.memory.working_set (By),Metric,85164032
09/11/2026 06:03:55,System.Runtime,dotnet.thread_pool.thread.count ({thread} / 1 sec),Rate,0
09/11/2026 06:03:55,System.Runtime,dotnet.jit.compilation.time (s / 1 sec),Rate,0
09/11/2026 06:03:56,System.Runtime,dotnet.jit.compiled_il.size (By / 1 sec),Rate,108
09/11/2026 06:03:56,System.Runtime,dotnet.jit.compiled_methods ({method} / 1 sec),Rate,5
09/11/2026 06:03:56,System.Runtime,dotnet.monitor.lock_contentions ({contention} / 1 sec),Rate,0
09/11/2026 06:03:56,System.Runtime,dotnet.gc.collections ({collection} / 1 sec)[gc.heap.generation=gen0],Rate,0
09/11/2026 06:03:56,System.Runtime,dotnet.gc.collections ({collection} / 1 sec)[gc.heap.generation=gen2],Rate,0
09/11/2026 06:03:56,System.Runtime,dotnet.gc.collections ({collection} / 1 sec)[gc.heap.generation=gen1],Rate,0
09/11/2026 06:03:56,System.Runtime,dotnet.process.cpu.time (s / 1 sec)[cpu.mode=user],Rate,0.5870960000000025
09/11/2026 06:03:56,System.Runtime,dotnet.process.cpu.time (s / 1 sec)[cpu.mode=system],Rate,0.037010999999999905
09/11/2026 06:03:56,System.Runtime,dotnet.process.cpu.count ({cpu}),Metric,15
09/11/2026 06:03:56,System.Runtime,dotnet.gc.pause.time (s / 1 sec),Rate,0
09/11/2026 06:03:56,System.Runtime,dotnet.thread_pool.queue.length ({work_item} / 1 sec),Rate,0
09/11/2026 06:03:56,System.Runtime,dotnet.gc.last_collection.memory.committed_size (By),Metric,0
09/11/2026 06:03:56,System.Runtime,dotnet.gc.last_collection.heap.fragmentation.size (By)[gc.heap.generation=gen0],Metric,0
09/11/2026 06:03:56,System.Runtime,dotnet.gc.last_collection.heap.fragmentation.size (By)[gc.heap.generation=loh],Metric,0
09/11/2026 06:03:56,System.Runtime,dotnet.gc.last_collection.heap.fragmentation.size (By)[gc.heap.generation=poh],Metric,0
09/11/2026 06:03:56,System.Runtime,dotnet.gc.last_collection.heap.fragmentation.size (By)[gc.heap.generation=gen2],Metric,0
09/11/2026 06:03:56,System.Runtime,dotnet.gc.last_collection.heap.fragmentation.size (By)[gc.heap.generation=gen1],Metric,0
09/11/2026 06:03:56,System.Runtime,dotnet.timer.count ({timer}),Metric,2
09/11/2026 06:03:56,System.Runtime,dotnet.assembly.count ({assembly}),Metric,61
09/11/2026 06:03:56,System.Runtime,dotnet.gc.heap.total_allocated (By / 1 sec),Rate,132576
09/11/2026 06:03:56,System.Runtime,dotnet.gc.last_collection.heap.size (By)[gc.heap.generation=gen0],Metric,0
09/11/2026 06:03:56,System.Runtime,dotnet.gc.last_collection.heap.size (By)[gc.heap.generation=loh],Metric,0
09/11/2026 06:03:56,System.Runtime,dotnet.gc.last_collection.heap.size (By)[gc.heap.generation=poh],Metric,0
09/11/2026 06:03:56,System.Runtime,dotnet.gc.last_collection.heap.size (By)[gc.heap.generation=gen2],Metric,0
09/11/2026 06:03:56,System.Runtime,dotnet.gc.last_collection.heap.size (By)[gc.heap.generation=gen1],Metric,0
09/11/2026 06:03:56,System.Runtime,dotnet.thread_pool.work_item.count ({work_item} / 1 sec),Rate,606
09/11/2026 06:03:56,System.Runtime,dotnet.process.memory.working_set (By),Metric,85311488
09/11/2026 06:03:56,System.Runtime,dotnet.thread_pool.thread.count ({thread} / 1 sec),Rate,0
09/11/2026 06:03:56,System.Runtime,dotnet.jit.compilation.time (s / 1 sec),Rate,0.0005973999999999702
09/11/2026 06:03:57,System.Runtime,dotnet.jit.compiled_il.size (By / 1 sec),Rate,0
09/11/2026 06:03:57,System.Runtime,dotnet.jit.compiled_methods ({method} / 1 sec),Rate,0
09/11/2026 06:03:57,System.Runtime,dotnet.monitor.lock_contentions ({contention} / 1 sec),Rate,0
09/11/2026 06:03:57,System.Runtime,dotnet.gc.collections ({collection} / 1 sec)[gc.heap.generation=gen0],Rate,0
09/11/2026 06:03:57,System.Runtime,dotnet.gc.collections ({collection} / 1 sec)[gc.heap.generation=gen2],Rate,0
09/11/2026 06:03:57,System.Runtime,dotnet.gc.collections ({collection} / 1 sec)[gc.heap.generation=gen1],Rate,0
09/11/2026 06:03:57,System.Runtime,dotnet.process.cpu.time (s / 1 sec)[cpu.mode=user],Rate,0.5830359999999999
09/11/2026 06:03:57,System.Runtime,dotnet.process.cpu.time (s / 1 sec)[cpu.mode=system],Rate,0.03925299999999998
09/11/2026 06:03:57,System.Runtime,dotnet.process.cpu.count ({cpu}),Metric,15
09/11/2026 06:03:57,System.Runtime,dotnet.gc.pause.time (s / 1 sec),Rate,0
09/11/2026 06:03:57,System.Runtime,dotnet.thread_pool.queue.length ({work_item} / 1 sec),Rate,0
09/11/2026 06:03:57,System.Runtime,dotnet.gc.last_collection.memory.committed_size (By),Metric,0
09/11/2026 06:03:57,System.Runtime,dotnet.gc.last_collection.heap.fragmentation.size (By)[gc.heap.generation=gen0],Metric,0
09/11/2026 06:03:57,System.Runtime,dotnet.gc.last_collection.heap.fragmentation.size (By)[gc.heap.generation=loh],Metric,0
09/11/2026 06:03:57,System.Runtime,dotnet.gc.last_collection.heap.fragmentation.size (By)[gc.heap.generation=poh],Metric,0
09/11/2026 06:03:57,System.Runtime,dotnet.gc.last_collection.heap.fragmentation.size (By)[gc.heap.generation=gen2],Metric,0
09/11/2026 06:03:57,System.Runtime,dotnet.gc.last_collection.heap.fragmentation.size (By)[gc.heap.generation=gen1],Metric,0
09/11/2026 06:03:57,System.Runtime,dotnet.timer.count ({timer}),Metric,2
09/11/2026 06:03:57,System.Runtime,dotnet.assembly.count ({assembly}),Metric,61
09/11/2026 06:03:57,System.Runtime,dotnet.gc.heap.total_allocated (By / 1 sec),Rate,146512
09/11/2026 06:03:57,System.Runtime,dotnet.gc.last_collection.heap.size (By)[gc.heap.generation=gen0],Metric,0
09/11/2026 06:03:57,System.Runtime,dotnet.gc.last_collection.heap.size (By)[gc.heap.generation=loh],Metric,0
09/11/2026 06:03:57,System.Runtime,dotnet.gc.last_collection.heap.size (By)[gc.heap.generation=poh],Metric,0
09/11/2026 06:03:57,System.Runtime,dotnet.gc.last_collection.heap.size (By)[gc.heap.generation=gen2],Metric,0
09/11/2026 06:03:57,System.Runtime,dotnet.gc.last_collection.heap.size (By)[gc.heap.generation=gen1],Metric,0
09/11/2026 06:03:57,System.Runtime,dotnet.thread_pool.work_item.count ({work_item} / 1 sec),Rate,601
09/11/2026 06:03:57,System.Runtime,dotnet.process.memory.working_set (By),Metric,85491712
09/11/2026 06:03:57,System.Runtime,dotnet.thread_pool.thread.count ({thread} / 1 sec),Rate,0
09/11/2026 06:03:57,System.Runtime,dotnet.jit.compilation.time (s / 1 sec),Rate,0
09/11/2026 06:03:58,System.Runtime,dotnet.jit.compiled_il.size (By / 1 sec),Rate,0
09/11/2026 06:03:58,System.Runtime,dotnet.jit.compiled_methods ({method} / 1 sec),Rate,0
09/11/2026 06:03:58,System.Runtime,dotnet.monitor.lock_contentions ({contention} / 1 sec),Rate,0
09/11/2026 06:03:58,System.Runtime,dotnet.gc.collections ({collection} / 1 sec)[gc.heap.generation=gen0],Rate,0
09/11/2026 06:03:58,System.Runtime,dotnet.gc.collections ({collection} / 1 sec)[gc.heap.generation=gen2],Rate,0
09/11/2026 06:03:58,System.Runtime,dotnet.gc.collections ({collection} / 1 sec)[gc.heap.generation=gen1],Rate,0
09/11/2026 06:03:58,System.Runtime,dotnet.process.cpu.time (s / 1 sec)[cpu.mode=user],Rate,0.5813199999999981
09/11/2026 06:03:58,System.Runtime,dotnet.process.cpu.time (s / 1 sec)[cpu.mode=system],Rate,0.03586899999999993
09/11/2026 06:03:58,System.Runtime,dotnet.process.cpu.count ({cpu}),Metric,15
09/11/2026 06:03:58,System.Runtime,dotnet.gc.pause.time (s / 1 sec),Rate,0
09/11/2026 06:03:58,System.Runtime,dotnet.thread_pool.queue.length ({work_item} / 1 sec),Rate,0
09/11/2026 06:03:58,System.Runtime,dotnet.gc.last_collection.memory.committed_size (By),Metric,0
09/11/2026 06:03:58,System.Runtime,dotnet.gc.last_collection.heap.fragmentation.size (By)[gc.heap.generation=gen0],Metric,0
09/11/2026 06:03:58,System.Runtime,dotnet.gc.last_collection.heap.fragmentation.size (By)[gc.heap.generation=loh],Metric,0
09/11/2026 06:03:58,System.Runtime,dotnet.gc.last_collection.heap.fragmentation.size (By)[gc.heap.generation=poh],Metric,0
09/11/2026 06:03:58,System.Runtime,dotnet.gc.last_collection.heap.fragmentation.size (By)[gc.heap.generation=gen2],Metric,0
09/11/2026 06:03:58,System.Runtime,dotnet.gc.last_collection.heap.fragmentation.size (By)[gc.heap.generation=gen1],Metric,0
09/11/2026 06:03:58,System.Runtime,dotnet.timer.count ({timer}),Metric,2
09/11/2026 06:03:58,System.Runtime,dotnet.assembly.count ({assembly}),Metric,61
09/11/2026 06:03:58,System.Runtime,dotnet.gc.heap.total_allocated (By / 1 sec),Rate,123000
09/11/2026 06:03:58,System.Runtime,dotnet.gc.last_collection.heap.size (By)[gc.heap.generation=gen0],Metric,0
09/11/2026 06:03:58,System.Runtime,dotnet.gc.last_collection.heap.size (By)[gc.heap.generation=loh],Metric,0
09/11/2026 06:03:58,System.Runtime,dotnet.gc.last_collection.heap.size (By)[gc.heap.generation=poh],Metric,0
09/11/2026 06:03:58,System.Runtime,dotnet.gc.last_collection.heap.size (By)[gc.heap.generation=gen2],Metric,0
09/11/2026 06:03:58,System.Runtime,dotnet.gc.last_collection.heap.size (By)[gc.heap.generation=gen1],Metric,0
09/11/2026 06:03:58,System.Runtime,dotnet.thread_pool.work_item.count ({work_item} / 1 sec),Rate,601
09/11/2026 06:03:58,System.Runtime,dotnet.process.memory.working_set (By),Metric,85622784
09/11/2026 06:03:58,System.Runtime,dotnet.thread_pool.thread.count ({thread} / 1 sec),Rate,0
09/11/2026 06:03:58,System.Runtime,dotnet.jit.compilation.time (s / 1 sec),Rate,0
09/11/2026 06:03:59,System.Runtime,dotnet.jit.compiled_il.size (By / 1 sec),Rate,372
09/11/2026 06:03:59,System.Runtime,dotnet.jit.compiled_methods ({method} / 1 sec),Rate,14
09/11/2026 06:03:59,System.Runtime,dotnet.monitor.lock_contentions ({contention} / 1 sec),Rate,0
09/11/2026 06:03:59,System.Runtime,dotnet.gc.collections ({collection} / 1 sec)[gc.heap.generation=gen0],Rate,0
09/11/2026 06:03:59,System.Runtime,dotnet.gc.collections ({collection} / 1 sec)[gc.heap.generation=gen2],Rate,0
09/11/2026 06:03:59,System.Runtime,dotnet.gc.collections ({collection} / 1 sec)[gc.heap.generation=gen1],Rate,0
09/11/2026 06:03:59,System.Runtime,dotnet.process.cpu.time (s / 1 sec)[cpu.mode=user],Rate,0.5820539999999994
09/11/2026 06:03:59,System.Runtime,dotnet.process.cpu.time (s / 1 sec)[cpu.mode=system],Rate,0.03528100000000034
09/11/2026 06:03:59,System.Runtime,dotnet.process.cpu.count ({cpu}),Metric,15
09/11/2026 06:03:59,System.Runtime,dotnet.gc.pause.time (s / 1 sec),Rate,0
09/11/2026 06:03:59,System.Runtime,dotnet.thread_pool.queue.length ({work_item} / 1 sec),Rate,0
09/11/2026 06:03:59,System.Runtime,dotnet.gc.last_collection.memory.committed_size (By),Metric,0
09/11/2026 06:03:59,System.Runtime,dotnet.gc.last_collection.heap.fragmentation.size (By)[gc.heap.generation=gen0],Metric,0
09/11/2026 06:03:59,System.Runtime,dotnet.gc.last_collection.heap.fragmentation.size (By)[gc.heap.generation=loh],Metric,0
09/11/2026 06:03:59,System.Runtime,dotnet.gc.last_collection.heap.fragmentation.size (By)[gc.heap.generation=poh],Metric,0
09/11/2026 06:03:59,System.Runtime,dotnet.gc.last_collection.heap.fragmentation.size (By)[gc.heap.generation=gen2],Metric,0
09/11/2026 06:03:59,System.Runtime,dotnet.gc.last_collection.heap.fragmentation.size (By)[gc.heap.generation=gen1],Metric,0
09/11/2026 06:03:59,System.Runtime,dotnet.timer.count ({timer}),Metric,2
09/11/2026 06:03:59,System.Runtime,dotnet.assembly.count ({assembly}),Metric,61
09/11/2026 06:03:59,System.Runtime,dotnet.gc.heap.total_allocated (By / 1 sec),Rate,155776
09/11/2026 06:03:59,System.Runtime,dotnet.gc.last_collection.heap.size (By)[gc.heap.generation=gen0],Metric,0
09/11/2026 06:03:59,System.Runtime,dotnet.gc.last_collection.heap.size (By)[gc.heap.generation=loh],Metric,0
09/11/2026 06:03:59,System.Runtime,dotnet.gc.last_collection.heap.size (By)[gc.heap.generation=poh],Metric,0
09/11/2026 06:03:59,System.Runtime,dotnet.gc.last_collection.heap.size (By)[gc.heap.generation=gen2],Metric,0
09/11/2026 06:03:59,System.Runtime,dotnet.gc.last_collection.heap.size (By)[gc.heap.generation=gen1],Metric,0
09/11/2026 06:03:59,System.Runtime,dotnet.thread_pool.work_item.count ({work_item} / 1 sec),Rate,603
09/11/2026 06:03:59,System.Runtime,dotnet.process.memory.working_set (By),Metric,85819392
09/11/2026 06:03:59,System.Runtime,dotnet.thread_pool.thread.count ({thread} / 1 sec),Rate,0
09/11/2026 06:03:59,System.Runtime,dotnet.jit.compilation.time (s / 1 sec),Rate,0.0025530000000000275
09/11/2026 06:04:00,System.Runtime,dotnet.jit.compiled_il.size (By / 1 sec),Rate,235
09/11/2026 06:04:00,System.Runtime,dotnet.jit.compiled_methods ({method} / 1 sec),Rate,5
09/11/2026 06:04:00,System.Runtime,dotnet.monitor.lock_contentions ({contention} / 1 sec),Rate,0
09/11/2026 06:04:00,System.Runtime,dotnet.gc.collections ({collection} / 1 sec)[gc.heap.generation=gen0],Rate,0
09/11/2026 06:04:00,System.Runtime,dotnet.gc.collections ({collection} / 1 sec)[gc.heap.generation=gen2],Rate,0
09/11/2026 06:04:00,System.Runtime,dotnet.gc.collections ({collection} / 1 sec)[gc.heap.generation=gen1],Rate,0
09/11/2026 06:04:00,System.Runtime,dotnet.process.cpu.time (s / 1 sec)[cpu.mode=user],Rate,0.5819660000000013
09/11/2026 06:04:00,System.Runtime,dotnet.process.cpu.time (s / 1 sec)[cpu.mode=system],Rate,0.040447999999999595
09/11/2026 06:04:00,System.Runtime,dotnet.process.cpu.count ({cpu}),Metric,15
09/11/2026 06:04:00,System.Runtime,dotnet.gc.pause.time (s / 1 sec),Rate,0
09/11/2026 06:04:00,System.Runtime,dotnet.thread_pool.queue.length ({work_item} / 1 sec),Rate,0
09/11/2026 06:04:00,System.Runtime,dotnet.gc.last_collection.memory.committed_size (By),Metric,0
09/11/2026 06:04:00,System.Runtime,dotnet.gc.last_collection.heap.fragmentation.size (By)[gc.heap.generation=gen0],Metric,0
09/11/2026 06:04:00,System.Runtime,dotnet.gc.last_collection.heap.fragmentation.size (By)[gc.heap.generation=loh],Metric,0
09/11/2026 06:04:00,System.Runtime,dotnet.gc.last_collection.heap.fragmentation.size (By)[gc.heap.generation=poh],Metric,0
09/11/2026 06:04:00,System.Runtime,dotnet.gc.last_collection.heap.fragmentation.size (By)[gc.heap.generation=gen2],Metric,0
09/11/2026 06:04:00,System.Runtime,dotnet.gc.last_collection.heap.fragmentation.size (By)[gc.heap.generation=gen1],Metric,0
09/11/2026 06:04:00,System.Runtime,dotnet.timer.count ({timer}),Metric,2
09/11/2026 06:04:00,System.Runtime,dotnet.assembly.count ({assembly}),Metric,61
09/11/2026 06:04:00,System.Runtime,dotnet.gc.heap.total_allocated (By / 1 sec),Rate,130080
09/11/2026 06:04:00,System.Runtime,dotnet.gc.last_collection.heap.size (By)[gc.heap.generation=gen0],Metric,0
09/11/2026 06:04:00,System.Runtime,dotnet.gc.last_collection.heap.size (By)[gc.heap.generation=loh],Metric,0
09/11/2026 06:04:00,System.Runtime,dotnet.gc.last_collection.heap.size (By)[gc.heap.generation=poh],Metric,0
09/11/2026 06:04:00,System.Runtime,dotnet.gc.last_collection.heap.size (By)[gc.heap.generation=gen2],Metric,0
09/11/2026 06:04:00,System.Runtime,dotnet.gc.last_collection.heap.size (By)[gc.heap.generation=gen1],Metric,0
09/11/2026 06:04:00,System.Runtime,dotnet.thread_pool.work_item.count ({work_item} / 1 sec),Rate,601
09/11/2026 06:04:00,System.Runtime,dotnet.process.memory.working_set (By),Metric,85983232
09/11/2026 06:04:00,System.Runtime,dotnet.thread_pool.thread.count ({thread} / 1 sec),Rate,0
09/11/2026 06:04:00,System.Runtime,dotnet.jit.compilation.time (s / 1 sec),Rate,0.002310999999999952
09/11/2026 06:04:01,System.Runtime,dotnet.jit.compiled_il.size (By / 1 sec),Rate,2058
09/11/2026 06:04:01,System.Runtime,dotnet.jit.compiled_methods ({method} / 1 sec),Rate,52
09/11/2026 06:04:01,System.Runtime,dotnet.monitor.lock_contentions ({contention} / 1 sec),Rate,0
09/11/2026 06:04:01,System.Runtime,dotnet.gc.collections ({collection} / 1 sec)[gc.heap.generation=gen0],Rate,0
09/11/2026 06:04:01,System.Runtime,dotnet.gc.collections ({collection} / 1 sec)[gc.heap.generation=gen2],Rate,0
09/11/2026 06:04:01,System.Runtime,dotnet.gc.collections ({collection} / 1 sec)[gc.heap.generation=gen1],Rate,0
09/11/2026 06:04:01,System.Runtime,dotnet.process.cpu.time (s / 1 sec)[cpu.mode=user],Rate,0.5973480000000002
09/11/2026 06:04:01,System.Runtime,dotnet.process.cpu.time (s / 1 sec)[cpu.mode=system],Rate,0.03663500000000042
09/11/2026 06:04:01,System.Runtime,dotnet.process.cpu.count ({cpu}),Metric,15
09/11/2026 06:04:01,System.Runtime,dotnet.gc.pause.time (s / 1 sec),Rate,0
09/11/2026 06:04:01,System.Runtime,dotnet.thread_pool.queue.length ({work_item} / 1 sec),Rate,0
09/11/2026 06:04:01,System.Runtime,dotnet.gc.last_collection.memory.committed_size (By),Metric,0
09/11/2026 06:04:01,System.Runtime,dotnet.gc.last_collection.heap.fragmentation.size (By)[gc.heap.generation=gen0],Metric,0
09/11/2026 06:04:01,System.Runtime,dotnet.gc.last_collection.heap.fragmentation.size (By)[gc.heap.generation=loh],Metric,0
09/11/2026 06:04:01,System.Runtime,dotnet.gc.last_collection.heap.fragmentation.size (By)[gc.heap.generation=poh],Metric,0
09/11/2026 06:04:01,System.Runtime,dotnet.gc.last_collection.heap.fragmentation.size (By)[gc.heap.generation=gen2],Metric,0
09/11/2026 06:04:01,System.Runtime,dotnet.gc.last_collection.heap.fragmentation.size (By)[gc.heap.generation=gen1],Metric,0
09/11/2026 06:04:01,System.Runtime,dotnet.timer.count ({timer}),Metric,2
09/11/2026 06:04:01,System.Runtime,dotnet.assembly.count ({assembly}),Metric,61
09/11/2026 06:04:01,System.Runtime,dotnet.gc.heap.total_allocated (By / 1 sec),Rate,146184
09/11/2026 06:04:01,System.Runtime,dotnet.gc.last_collection.heap.size (By)[gc.heap.generation=gen0],Metric,0
09/11/2026 06:04:01,System.Runtime,dotnet.gc.last_collection.heap.size (By)[gc.heap.generation=loh],Metric,0
09/11/2026 06:04:01,System.Runtime,dotnet.gc.last_collection.heap.size (By)[gc.heap.generation=poh],Metric,0
09/11/2026 06:04:01,System.Runtime,dotnet.gc.last_collection.heap.size (By)[gc.heap.generation=gen2],Metric,0
09/11/2026 06:04:01,System.Runtime,dotnet.gc.last_collection.heap.size (By)[gc.heap.generation=gen1],Metric,0
09/11/2026 06:04:01,System.Runtime,dotnet.thread_pool.work_item.count ({work_item} / 1 sec),Rate,601
09/11/2026 06:04:01,System.Runtime,dotnet.process.memory.working_set (By),Metric,86327296
09/11/2026 06:04:01,System.Runtime,dotnet.thread_pool.thread.count ({thread} / 1 sec),Rate,0
09/11/2026 06:04:01,System.Runtime,dotnet.jit.compilation.time (s / 1 sec),Rate,0.016593999999999998
09/11/2026 06:04:02,System.Runtime,dotnet.jit.compiled_il.size (By / 1 sec),Rate,0
09/11/2026 06:04:02,System.Runtime,dotnet.jit.compiled_methods ({method} / 1 sec),Rate,0
09/11/2026 06:04:02,System.Runtime,dotnet.monitor.lock_contentions ({contention} / 1 sec),Rate,0
09/11/2026 06:04:02,System.Runtime,dotnet.gc.collections ({collection} / 1 sec)[gc.heap.generation=gen0],Rate,0
09/11/2026 06:04:02,System.Runtime,dotnet.gc.collections ({collection} / 1 sec)[gc.heap.generation=gen2],Rate,0
09/11/2026 06:04:02,System.Runtime,dotnet.gc.collections ({collection} / 1 sec)[gc.heap.generation=gen1],Rate,0
09/11/2026 06:04:02,System.Runtime,dotnet.process.cpu.time (s / 1 sec)[cpu.mode=user],Rate,0.5835480000000004
09/11/2026 06:04:02,System.Runtime,dotnet.process.cpu.time (s / 1 sec)[cpu.mode=system],Rate,0.03845999999999972
09/11/2026 06:04:02,System.Runtime,dotnet.process.cpu.count ({cpu}),Metric,15
09/11/2026 06:04:02,System.Runtime,dotnet.gc.pause.time (s / 1 sec),Rate,0
09/11/2026 06:04:02,System.Runtime,dotnet.thread_pool.queue.length ({work_item} / 1 sec),Rate,0
09/11/2026 06:04:02,System.Runtime,dotnet.gc.last_collection.memory.committed_size (By),Metric,0
09/11/2026 06:04:02,System.Runtime,dotnet.gc.last_collection.heap.fragmentation.size (By)[gc.heap.generation=gen0],Metric,0
09/11/2026 06:04:02,System.Runtime,dotnet.gc.last_collection.heap.fragmentation.size (By)[gc.heap.generation=loh],Metric,0
09/11/2026 06:04:02,System.Runtime,dotnet.gc.last_collection.heap.fragmentation.size (By)[gc.heap.generation=poh],Metric,0
09/11/2026 06:04:02,System.Runtime,dotnet.gc.last_collection.heap.fragmentation.size (By)[gc.heap.generation=gen2],Metric,0
09/11/2026 06:04:02,System.Runtime,dotnet.gc.last_collection.heap.fragmentation.size (By)[gc.heap.generation=gen1],Metric,0
09/11/2026 06:04:02,System.Runtime,dotnet.timer.count ({timer}),Metric,2
09/11/2026 06:04:02,System.Runtime,dotnet.assembly.count ({assembly}),Metric,61
09/11/2026 06:04:02,System.Runtime,dotnet.gc.heap.total_allocated (By / 1 sec),Rate,139400
09/11/2026 06:04:02,System.Runtime,dotnet.gc.last_collection.heap.size (By)[gc.heap.generation=gen0],Metric,0
09/11/2026 06:04:02,System.Runtime,dotnet.gc.last_collection.heap.size (By)[gc.heap.generation=loh],Metric,0
09/11/2026 06:04:02,System.Runtime,dotnet.gc.last_collection.heap.size (By)[gc.heap.generation=poh],Metric,0
09/11/2026 06:04:02,System.Runtime,dotnet.gc.last_collection.heap.size (By)[gc.heap.generation=gen2],Metric,0
09/11/2026 06:04:02,System.Runtime,dotnet.gc.last_collection.heap.size (By)[gc.heap.generation=gen1],Metric,0
09/11/2026 06:04:02,System.Runtime,dotnet.thread_pool.work_item.count ({work_item} / 1 sec),Rate,601
09/11/2026 06:04:02,System.Runtime,dotnet.process.memory.working_set (By),Metric,86491136
09/11/2026 06:04:02,System.Runtime,dotnet.thread_pool.thread.count ({thread} / 1 sec),Rate,0
09/11/2026 06:04:02,System.Runtime,dotnet.jit.compilation.time (s / 1 sec),Rate,0
09/11/2026 06:04:03,System.Runtime,dotnet.jit.compiled_il.size (By / 1 sec),Rate,0
09/11/2026 06:04:03,System.Runtime,dotnet.jit.compiled_methods ({method} / 1 sec),Rate,0
09/11/2026 06:04:03,System.Runtime,dotnet.monitor.lock_contentions ({contention} / 1 sec),Rate,0
09/11/2026 06:04:03,System.Runtime,dotnet.gc.collections ({collection} / 1 sec)[gc.heap.generation=gen0],Rate,0
09/11/2026 06:04:03,System.Runtime,dotnet.gc.collections ({collection} / 1 sec)[gc.heap.generation=gen2],Rate,0
09/11/2026 06:04:03,System.Runtime,dotnet.gc.collections ({collection} / 1 sec)[gc.heap.generation=gen1],Rate,0
09/11/2026 06:04:03,System.Runtime,dotnet.process.cpu.time (s / 1 sec)[cpu.mode=user],Rate,0.5822319999999976
09/11/2026 06:04:03,System.Runtime,dotnet.process.cpu.time (s / 1 sec)[cpu.mode=system],Rate,0.03763499999999986
09/11/2026 06:04:03,System.Runtime,dotnet.process.cpu.count ({cpu}),Metric,15
09/11/2026 06:04:03,System.Runtime,dotnet.gc.pause.time (s / 1 sec),Rate,0
09/11/2026 06:04:03,System.Runtime,dotnet.thread_pool.queue.length ({work_item} / 1 sec),Rate,0
09/11/2026 06:04:03,System.Runtime,dotnet.gc.last_collection.memory.committed_size (By),Metric,0
09/11/2026 06:04:03,System.Runtime,dotnet.gc.last_collection.heap.fragmentation.size (By)[gc.heap.generation=gen0],Metric,0
09/11/2026 06:04:03,System.Runtime,dotnet.gc.last_collection.heap.fragmentation.size (By)[gc.heap.generation=loh],Metric,0
09/11/2026 06:04:03,System.Runtime,dotnet.gc.last_collection.heap.fragmentation.size (By)[gc.heap.generation=poh],Metric,0
09/11/2026 06:04:03,System.Runtime,dotnet.gc.last_collection.heap.fragmentation.size (By)[gc.heap.generation=gen2],Metric,0
09/11/2026 06:04:03,System.Runtime,dotnet.gc.last_collection.heap.fragmentation.size (By)[gc.heap.generation=gen1],Metric,0
09/11/2026 06:04:03,System.Runtime,dotnet.timer.count ({timer}),Metric,2
09/11/2026 06:04:03,System.Runtime,dotnet.assembly.count ({assembly}),Metric,61
09/11/2026 06:04:03,System.Runtime,dotnet.gc.heap.total_allocated (By / 1 sec),Rate,138768
09/11/2026 06:04:03,System.Runtime,dotnet.gc.last_collection.heap.size (By)[gc.heap.generation=gen0],Metric,0
09/11/2026 06:04:03,System.Runtime,dotnet.gc.last_collection.heap.size (By)[gc.heap.generation=loh],Metric,0
09/11/2026 06:04:03,System.Runtime,dotnet.gc.last_collection.heap.size (By)[gc.heap.generation=poh],Metric,0
09/11/2026 06:04:03,System.Runtime,dotnet.gc.last_collection.heap.size (By)[gc.heap.generation=gen2],Metric,0
09/11/2026 06:04:03,System.Runtime,dotnet.gc.last_collection.heap.size (By)[gc.heap.generation=gen1],Metric,0
09/11/2026 06:04:03,System.Runtime,dotnet.thread_pool.work_item.count ({work_item} / 1 sec),Rate,603
09/11/2026 06:04:03,System.Runtime,dotnet.process.memory.working_set (By),Metric,86671360
09/11/2026 06:04:03,System.Runtime,dotnet.thread_pool.thread.count ({thread} / 1 sec),Rate,0
09/11/2026 06:04:03,System.Runtime,dotnet.jit.compilation.time (s / 1 sec),Rate,0
09/11/2026 06:04:04,System.Runtime,dotnet.jit.compiled_il.size (By / 1 sec),Rate,601
09/11/2026 06:04:04,System.Runtime,dotnet.jit.compiled_methods ({method} / 1 sec),Rate,2
09/11/2026 06:04:04,System.Runtime,dotnet.monitor.lock_contentions ({contention} / 1 sec),Rate,0
09/11/2026 06:04:04,System.Runtime,dotnet.gc.collections ({collection} / 1 sec)[gc.heap.generation=gen0],Rate,0
09/11/2026 06:04:04,System.Runtime,dotnet.gc.collections ({collection} / 1 sec)[gc.heap.generation=gen2],Rate,0
09/11/2026 06:04:04,System.Runtime,dotnet.gc.collections ({collection} / 1 sec)[gc.heap.generation=gen1],Rate,0
09/11/2026 06:04:04,System.Runtime,dotnet.process.cpu.time (s / 1 sec)[cpu.mode=user],Rate,0.5893130000000006
09/11/2026 06:04:04,System.Runtime,dotnet.process.cpu.time (s / 1 sec)[cpu.mode=system],Rate,0.03825600000000007
09/11/2026 06:04:04,System.Runtime,dotnet.process.cpu.count ({cpu}),Metric,15
09/11/2026 06:04:04,System.Runtime,dotnet.gc.pause.time (s / 1 sec),Rate,0
09/11/2026 06:04:04,System.Runtime,dotnet.thread_pool.queue.length ({work_item} / 1 sec),Rate,0
09/11/2026 06:04:04,System.Runtime,dotnet.gc.last_collection.memory.committed_size (By),Metric,0
09/11/2026 06:04:04,System.Runtime,dotnet.gc.last_collection.heap.fragmentation.size (By)[gc.heap.generation=gen0],Metric,0
09/11/2026 06:04:04,System.Runtime,dotnet.gc.last_collection.heap.fragmentation.size (By)[gc.heap.generation=loh],Metric,0
09/11/2026 06:04:04,System.Runtime,dotnet.gc.last_collection.heap.fragmentation.size (By)[gc.heap.generation=poh],Metric,0
09/11/2026 06:04:04,System.Runtime,dotnet.gc.last_collection.heap.fragmentation.size (By)[gc.heap.generation=gen2],Metric,0
09/11/2026 06:04:04,System.Runtime,dotnet.gc.last_collection.heap.fragmentation.size (By)[gc.heap.generation=gen1],Metric,0
09/11/2026 06:04:04,System.Runtime,dotnet.timer.count ({timer}),Metric,2
09/11/2026 06:04:04,System.Runtime,dotnet.assembly.count ({assembly}),Metric,61
09/11/2026 06:04:04,System.Runtime,dotnet.gc.heap.total_allocated (By / 1 sec),Rate,147608
09/11/2026 06:04:04,System.Runtime,dotnet.gc.last_collection.heap.size (By)[gc.heap.generation=gen0],Metric,0
09/11/2026 06:04:04,System.Runtime,dotnet.gc.last_collection.heap.size (By)[gc.heap.generation=loh],Metric,0
09/11/2026 06:04:04,System.Runtime,dotnet.gc.last_collection.heap.size (By)[gc.heap.generation=poh],Metric,0
09/11/2026 06:04:04,System.Runtime,dotnet.gc.last_collection.heap.size (By)[gc.heap.generation=gen2],Metric,0
09/11/2026 06:04:04,System.Runtime,dotnet.gc.last_collection.heap.size (By)[gc.heap.generation=gen1],Metric,0
09/11/2026 06:04:04,System.Runtime,dotnet.thread_pool.work_item.count ({work_item} / 1 sec),Rate,605
09/11/2026 06:04:04,System.Runtime,dotnet.process.memory.working_set (By),Metric,86818816
09/11/2026 06:04:04,System.Runtime,dotnet.thread_pool.thread.count ({thread} / 1 sec),Rate,0
09/11/2026 06:04:04,System.Runtime,dotnet.jit.compilation.time (s / 1 sec),Rate,0.004146899999999953
09/11/2026 06:04:05,System.Runtime,dotnet.jit.compiled_il.size (By / 1 sec),Rate,0
09/11/2026 06:04:05,System.Runtime,dotnet.jit.compiled_methods ({method} / 1 sec),Rate,0
09/11/2026 06:04:05,System.Runtime,dotnet.monitor.lock_contentions ({contention} / 1 sec),Rate,0
09/11/2026 06:04:05,System.Runtime,dotnet.gc.collections ({collection} / 1 sec)[gc.heap.generation=gen0],Rate,0
09/11/2026 06:04:05,System.Runtime,dotnet.gc.collections ({collection} / 1 sec)[gc.heap.generation=gen2],Rate,0
09/11/2026 06:04:05,System.Runtime,dotnet.gc.collections ({collection} / 1 sec)[gc.heap.generation=gen1],Rate,0
09/11/2026 06:04:05,System.Runtime,dotnet.process.cpu.time (s / 1 sec)[cpu.mode=user],Rate,0.5857910000000004
09/11/2026 06:04:05,System.Runtime,dotnet.process.cpu.time (s / 1 sec)[cpu.mode=system],Rate,0.03712800000000005
09/11/2026 06:04:05,System.Runtime,dotnet.process.cpu.count ({cpu}),Metric,15
09/11/2026 06:04:05,System.Runtime,dotnet.gc.pause.time (s / 1 sec),Rate,0
09/11/2026 06:04:05,System.Runtime,dotnet.thread_pool.queue.length ({work_item} / 1 sec),Rate,0
09/11/2026 06:04:05,System.Runtime,dotnet.gc.last_collection.memory.committed_size (By),Metric,0
09/11/2026 06:04:05,System.Runtime,dotnet.gc.last_collection.heap.fragmentation.size (By)[gc.heap.generation=gen0],Metric,0
09/11/2026 06:04:05,System.Runtime,dotnet.gc.last_collection.heap.fragmentation.size (By)[gc.heap.generation=loh],Metric,0
09/11/2026 06:04:05,System.Runtime,dotnet.gc.last_collection.heap.fragmentation.size (By)[gc.heap.generation=poh],Metric,0
09/11/2026 06:04:05,System.Runtime,dotnet.gc.last_collection.heap.fragmentation.size (By)[gc.heap.generation=gen2],Metric,0
09/11/2026 06:04:05,System.Runtime,dotnet.gc.last_collection.heap.fragmentation.size (By)[gc.heap.generation=gen1],Metric,0
09/11/2026 06:04:05,System.Runtime,dotnet.timer.count ({timer}),Metric,2
09/11/2026 06:04:05,System.Runtime,dotnet.assembly.count ({assembly}),Metric,61
09/11/2026 06:04:05,System.Runtime,dotnet.gc.heap.total_allocated (By / 1 sec),Rate,140048
09/11/2026 06:04:05,System.Runtime,dotnet.gc.last_collection.heap.size (By)[gc.heap.generation=gen0],Metric,0
09/11/2026 06:04:05,System.Runtime,dotnet.gc.last_collection.heap.size (By)[gc.heap.generation=loh],Metric,0
09/11/2026 06:04:05,System.Runtime,dotnet.gc.last_collection.heap.size (By)[gc.heap.generation=poh],Metric,0
09/11/2026 06:04:05,System.Runtime,dotnet.gc.last_collection.heap.size (By)[gc.heap.generation=gen2],Metric,0
09/11/2026 06:04:05,System.Runtime,dotnet.gc.last_collection.heap.size (By)[gc.heap.generation=gen1],Metric,0
09/11/2026 06:04:05,System.Runtime,dotnet.thread_pool.work_item.count ({work_item} / 1 sec),Rate,606
09/11/2026 06:04:05,System.Runtime,dotnet.process.memory.working_set (By),Metric,86999040
09/11/2026 06:04:05,System.Runtime,dotnet.thread_pool.thread.count ({thread} / 1 sec),Rate,0
09/11/2026 06:04:05,System.Runtime,dotnet.jit.compilation.time (s / 1 sec),Rate,0
09/11/2026 06:04:06,System.Runtime,dotnet.jit.compiled_il.size (By / 1 sec),Rate,0
09/11/2026 06:04:06,System.Runtime,dotnet.jit.compiled_methods ({method} / 1 sec),Rate,0
09/11/2026 06:04:06,System.Runtime,dotnet.monitor.lock_contentions ({contention} / 1 sec),Rate,0
09/11/2026 06:04:06,System.Runtime,dotnet.gc.collections ({collection} / 1 sec)[gc.heap.generation=gen0],Rate,0
09/11/2026 06:04:06,System.Runtime,dotnet.gc.collections ({collection} / 1 sec)[gc.heap.generation=gen2],Rate,0
09/11/2026 06:04:06,System.Runtime,dotnet.gc.collections ({collection} / 1 sec)[gc.heap.generation=gen1],Rate,0
09/11/2026 06:04:06,System.Runtime,dotnet.process.cpu.time (s / 1 sec)[cpu.mode=user],Rate,0.5860960000000013
09/11/2026 06:04:06,System.Runtime,dotnet.process.cpu.time (s / 1 sec)[cpu.mode=system],Rate,0.03753099999999998
09/11/2026 06:04:06,System.Runtime,dotnet.process.cpu.count ({cpu}),Metric,15
09/11/2026 06:04:06,System.Runtime,dotnet.gc.pause.time (s / 1 sec),Rate,0
09/11/2026 06:04:06,System.Runtime,dotnet.thread_pool.queue.length ({work_item} / 1 sec),Rate,0
09/11/2026 06:04:06,System.Runtime,dotnet.gc.last_collection.memory.committed_size (By),Metric,0
09/11/2026 06:04:06,System.Runtime,dotnet.gc.last_collection.heap.fragmentation.size (By)[gc.heap.generation=gen0],Metric,0
09/11/2026 06:04:06,System.Runtime,dotnet.gc.last_collection.heap.fragmentation.size (By)[gc.heap.generation=loh],Metric,0
09/11/2026 06:04:06,System.Runtime,dotnet.gc.last_collection.heap.fragmentation.size (By)[gc.heap.generation=poh],Metric,0
09/11/2026 06:04:06,System.Runtime,dotnet.gc.last_collection.heap.fragmentation.size (By)[gc.heap.generation=gen2],Metric,0
09/11/2026 06:04:06,System.Runtime,dotnet.gc.last_collection.heap.fragmentation.size (By)[gc.heap.generation=gen1],Metric,0
09/11/2026 06:04:06,System.Runtime,dotnet.timer.count ({timer}),Metric,2
09/11/2026 06:04:06,System.Runtime,dotnet.assembly.count ({assembly}),Metric,61
09/11/2026 06:04:06,System.Runtime,dotnet.gc.heap.total_allocated (By / 1 sec),Rate,122976
09/11/2026 06:04:06,System.Runtime,dotnet.gc.last_collection.heap.size (By)[gc.heap.generation=gen0],Metric,0
09/11/2026 06:04:06,System.Runtime,dotnet.gc.last_collection.heap.size (By)[gc.heap.generation=loh],Metric,0
09/11/2026 06:04:06,System.Runtime,dotnet.gc.last_collection.heap.size (By)[gc.heap.generation=poh],Metric,0
09/11/2026 06:04:06,System.Runtime,dotnet.gc.last_collection.heap.size (By)[gc.heap.generation=gen2],Metric,0
09/11/2026 06:04:06,System.Runtime,dotnet.gc.last_collection.heap.size (By)[gc.heap.generation=gen1],Metric,0
09/11/2026 06:04:06,System.Runtime,dotnet.thread_pool.work_item.count ({work_item} / 1 sec),Rate,604
09/11/2026 06:04:06,System.Runtime,dotnet.process.memory.working_set (By),Metric,87146496
09/11/2026 06:04:06,System.Runtime,dotnet.thread_pool.thread.count ({thread} / 1 sec),Rate,0
09/11/2026 06:04:06,System.Runtime,dotnet.jit.compilation.time (s / 1 sec),Rate,0
09/11/2026 06:04:07,System.Runtime,dotnet.jit.compiled_il.size (By / 1 sec),Rate,0
09/11/2026 06:04:07,System.Runtime,dotnet.jit.compiled_methods ({method} / 1 sec),Rate,0
09/11/2026 06:04:07,System.Runtime,dotnet.monitor.lock_contentions ({contention} / 1 sec),Rate,0
09/11/2026 06:04:07,System.Runtime,dotnet.gc.collections ({collection} / 1 sec)[gc.heap.generation=gen0],Rate,0
09/11/2026 06:04:07,System.Runtime,dotnet.gc.collections ({collection} / 1 sec)[gc.heap.generation=gen2],Rate,0
09/11/2026 06:04:07,System.Runtime,dotnet.gc.collections ({collection} / 1 sec)[gc.heap.generation=gen1],Rate,0
09/11/2026 06:04:07,System.Runtime,dotnet.process.cpu.time (s / 1 sec)[cpu.mode=user],Rate,0.5855870000000003
09/11/2026 06:04:07,System.Runtime,dotnet.process.cpu.time (s / 1 sec)[cpu.mode=system],Rate,0.0353460000000001
09/11/2026 06:04:07,System.Runtime,dotnet.process.cpu.count ({cpu}),Metric,15
09/11/2026 06:04:07,System.Runtime,dotnet.gc.pause.time (s / 1 sec),Rate,0
09/11/2026 06:04:07,System.Runtime,dotnet.thread_pool.queue.length ({work_item} / 1 sec),Rate,0
09/11/2026 06:04:07,System.Runtime,dotnet.gc.last_collection.memory.committed_size (By),Metric,0
09/11/2026 06:04:07,System.Runtime,dotnet.gc.last_collection.heap.fragmentation.size (By)[gc.heap.generation=gen0],Metric,0
09/11/2026 06:04:07,System.Runtime,dotnet.gc.last_collection.heap.fragmentation.size (By)[gc.heap.generation=loh],Metric,0
09/11/2026 06:04:07,System.Runtime,dotnet.gc.last_collection.heap.fragmentation.size (By)[gc.heap.generation=poh],Metric,0
09/11/2026 06:04:07,System.Runtime,dotnet.gc.last_collection.heap.fragmentation.size (By)[gc.heap.generation=gen2],Metric,0
09/11/2026 06:04:07,System.Runtime,dotnet.gc.last_collection.heap.fragmentation.size (By)[gc.heap.generation=gen1],Metric,0
09/11/2026 06:04:07,System.Runtime,dotnet.timer.count ({timer}),Metric,2
09/11/2026 06:04:07,System.Runtime,dotnet.assembly.count ({assembly}),Metric,61
09/11/2026 06:04:07,System.Runtime,dotnet.gc.heap.total_allocated (By / 1 sec),Rate,146576
09/11/2026 06:04:07,System.Runtime,dotnet.gc.last_collection.heap.size (By)[gc.heap.generation=gen0],Metric,0
09/11/2026 06:04:07,System.Runtime,dotnet.gc.last_collection.heap.size (By)[gc.heap.generation=loh],Metric,0
09/11/2026 06:04:07,System.Runtime,dotnet.gc.last_collection.heap.size (By)[gc.heap.generation=poh],Metric,0
09/11/2026 06:04:07,System.Runtime,dotnet.gc.last_collection.heap.size (By)[gc.heap.generation=gen2],Metric,0
09/11/2026 06:04:07,System.Runtime,dotnet.gc.last_collection.heap.size (By)[gc.heap.generation=gen1],Metric,0
09/11/2026 06:04:07,System.Runtime,dotnet.thread_pool.work_item.count ({work_item} / 1 sec),Rate,608
09/11/2026 06:04:07,System.Runtime,dotnet.process.memory.working_set (By),Metric,87277568
09/11/2026 06:04:07,System.Runtime,dotnet.thread_pool.thread.count ({thread} / 1 sec),Rate,0
09/11/2026 06:04:07,System.Runtime,dotnet.jit.compilation.time (s / 1 sec),Rate,0
09/11/2026 06:04:08,System.Runtime,dotnet.jit.compiled_il.size (By / 1 sec),Rate,0
09/11/2026 06:04:08,System.Runtime,dotnet.jit.compiled_methods ({method} / 1 sec),Rate,0
09/11/2026 06:04:08,System.Runtime,dotnet.monitor.lock_contentions ({contention} / 1 sec),Rate,0
09/11/2026 06:04:08,System.Runtime,dotnet.gc.collections ({collection} / 1 sec)[gc.heap.generation=gen0],Rate,0
09/11/2026 06:04:08,System.Runtime,dotnet.gc.collections ({collection} / 1 sec)[gc.heap.generation=gen2],Rate,0
09/11/2026 06:04:08,System.Runtime,dotnet.gc.collections ({collection} / 1 sec)[gc.heap.generation=gen1],Rate,0
09/11/2026 06:04:08,System.Runtime,dotnet.process.cpu.time (s / 1 sec)[cpu.mode=user],Rate,0.5837569999999985
09/11/2026 06:04:08,System.Runtime,dotnet.process.cpu.time (s / 1 sec)[cpu.mode=system],Rate,0.037218000000000195
09/11/2026 06:04:08,System.Runtime,dotnet.process.cpu.count ({cpu}),Metric,15
09/11/2026 06:04:08,System.Runtime,dotnet.gc.pause.time (s / 1 sec),Rate,0
09/11/2026 06:04:08,System.Runtime,dotnet.thread_pool.queue.length ({work_item} / 1 sec),Rate,0
09/11/2026 06:04:08,System.Runtime,dotnet.gc.last_collection.memory.committed_size (By),Metric,0
09/11/2026 06:04:08,System.Runtime,dotnet.gc.last_collection.heap.fragmentation.size (By)[gc.heap.generation=gen0],Metric,0
09/11/2026 06:04:08,System.Runtime,dotnet.gc.last_collection.heap.fragmentation.size (By)[gc.heap.generation=loh],Metric,0
09/11/2026 06:04:08,System.Runtime,dotnet.gc.last_collection.heap.fragmentation.size (By)[gc.heap.generation=poh],Metric,0
09/11/2026 06:04:08,System.Runtime,dotnet.gc.last_collection.heap.fragmentation.size (By)[gc.heap.generation=gen2],Metric,0
09/11/2026 06:04:08,System.Runtime,dotnet.gc.last_collection.heap.fragmentation.size (By)[gc.heap.generation=gen1],Metric,0
09/11/2026 06:04:08,System.Runtime,dotnet.timer.count ({timer}),Metric,2
09/11/2026 06:04:08,System.Runtime,dotnet.assembly.count ({assembly}),Metric,61
09/11/2026 06:04:08,System.Runtime,dotnet.gc.heap.total_allocated (By / 1 sec),Rate,130104
09/11/2026 06:04:08,System.Runtime,dotnet.gc.last_collection.heap.size (By)[gc.heap.generation=gen0],Metric,0
09/11/2026 06:04:08,System.Runtime,dotnet.gc.last_collection.heap.size (By)[gc.heap.generation=loh],Metric,0
09/11/2026 06:04:08,System.Runtime,dotnet.gc.last_collection.heap.size (By)[gc.heap.generation=poh],Metric,0
09/11/2026 06:04:08,System.Runtime,dotnet.gc.last_collection.heap.size (By)[gc.heap.generation=gen2],Metric,0
09/11/2026 06:04:08,System.Runtime,dotnet.gc.last_collection.heap.size (By)[gc.heap.generation=gen1],Metric,0
09/11/2026 06:04:08,System.Runtime,dotnet.thread_pool.work_item.count ({work_item} / 1 sec),Rate,605
09/11/2026 06:04:08,System.Runtime,dotnet.process.memory.working_set (By),Metric,87375872
09/11/2026 06:04:08,System.Runtime,dotnet.thread_pool.thread.count ({thread} / 1 sec),Rate,0
09/11/2026 06:04:08,System.Runtime,dotnet.jit.compilation.time (s / 1 sec),Rate,0
09/11/2026 06:04:09,System.Runtime,dotnet.jit.compiled_il.size (By / 1 sec),Rate,596
09/11/2026 06:04:09,System.Runtime,dotnet.jit.compiled_methods ({method} / 1 sec),Rate,4
09/11/2026 06:04:09,System.Runtime,dotnet.monitor.lock_contentions ({contention} / 1 sec),Rate,0
09/11/2026 06:04:09,System.Runtime,dotnet.gc.collections ({collection} / 1 sec)[gc.heap.generation=gen0],Rate,0
09/11/2026 06:04:09,System.Runtime,dotnet.gc.collections ({collection} / 1 sec)[gc.heap.generation=gen2],Rate,0
09/11/2026 06:04:09,System.Runtime,dotnet.gc.collections ({collection} / 1 sec)[gc.heap.generation=gen1],Rate,0
09/11/2026 06:04:09,System.Runtime,dotnet.process.cpu.time (s / 1 sec)[cpu.mode=user],Rate,0.585367999999999
09/11/2026 06:04:09,System.Runtime,dotnet.process.cpu.time (s / 1 sec)[cpu.mode=system],Rate,0.039129999999999665
09/11/2026 06:04:09,System.Runtime,dotnet.process.cpu.count ({cpu}),Metric,15
09/11/2026 06:04:09,System.Runtime,dotnet.gc.pause.time (s / 1 sec),Rate,0
09/11/2026 06:04:09,System.Runtime,dotnet.thread_pool.queue.length ({work_item} / 1 sec),Rate,0
09/11/2026 06:04:09,System.Runtime,dotnet.gc.last_collection.memory.committed_size (By),Metric,0
09/11/2026 06:04:09,System.Runtime,dotnet.gc.last_collection.heap.fragmentation.size (By)[gc.heap.generation=gen0],Metric,0
09/11/2026 06:04:09,System.Runtime,dotnet.gc.last_collection.heap.fragmentation.size (By)[gc.heap.generation=loh],Metric,0
09/11/2026 06:04:09,System.Runtime,dotnet.gc.last_collection.heap.fragmentation.size (By)[gc.heap.generation=poh],Metric,0
09/11/2026 06:04:09,System.Runtime,dotnet.gc.last_collection.heap.fragmentation.size (By)[gc.heap.generation=gen2],Metric,0
09/11/2026 06:04:09,System.Runtime,dotnet.gc.last_collection.heap.fragmentation.size (By)[gc.heap.generation=gen1],Metric,0
09/11/2026 06:04:09,System.Runtime,dotnet.timer.count ({timer}),Metric,2
09/11/2026 06:04:09,System.Runtime,dotnet.assembly.count ({assembly}),Metric,61
09/11/2026 06:04:09,System.Runtime,dotnet.gc.heap.total_allocated (By / 1 sec),Rate,152368
09/11/2026 06:04:09,System.Runtime,dotnet.gc.last_collection.heap.size (By)[gc.heap.generation=gen0],Metric,0
09/11/2026 06:04:09,System.Runtime,dotnet.gc.last_collection.heap.size (By)[gc.heap.generation=loh],Metric,0
09/11/2026 06:04:09,System.Runtime,dotnet.gc.last_collection.heap.size (By)[gc.heap.generation=poh],Metric,0
09/11/2026 06:04:09,System.Runtime,dotnet.gc.last_collection.heap.size (By)[gc.heap.generation=gen2],Metric,0
09/11/2026 06:04:09,System.Runtime,dotnet.gc.last_collection.heap.size (By)[gc.heap.generation=gen1],Metric,0
09/11/2026 06:04:09,System.Runtime,dotnet.thread_pool.work_item.count ({work_item} / 1 sec),Rate,605
09/11/2026 06:04:09,System.Runtime,dotnet.process.memory.working_set (By),Metric,87588864
09/11/2026 06:04:09,System.Runtime,dotnet.thread_pool.thread.count ({thread} / 1 sec),Rate,0
09/11/2026 06:04:09,System.Runtime,dotnet.jit.compilation.time (s / 1 sec),Rate,0.0034813000000000205
09/11/2026 06:04:10,System.Runtime,dotnet.jit.compiled_il.size (By / 1 sec),Rate,0
09/11/2026 06:04:10,System.Runtime,dotnet.jit.compiled_methods ({method} / 1 sec),Rate,0
09/11/2026 06:04:10,System.Runtime,dotnet.monitor.lock_contentions ({contention} / 1 sec),Rate,0
09/11/2026 06:04:10,System.Runtime,dotnet.gc.collections ({collection} / 1 sec)[gc.heap.generation=gen0],Rate,0
09/11/2026 06:04:10,System.Runtime,dotnet.gc.collections ({collection} / 1 sec)[gc.heap.generation=gen2],Rate,0
09/11/2026 06:04:10,System.Runtime,dotnet.gc.collections ({collection} / 1 sec)[gc.heap.generation=gen1],Rate,0
09/11/2026 06:04:10,System.Runtime,dotnet.process.cpu.time (s / 1 sec)[cpu.mode=user],Rate,0.5838490000000007
09/11/2026 06:04:10,System.Runtime,dotnet.process.cpu.time (s / 1 sec)[cpu.mode=system],Rate,0.038391000000000286
09/11/2026 06:04:10,System.Runtime,dotnet.process.cpu.count ({cpu}),Metric,15
09/11/2026 06:04:10,System.Runtime,dotnet.gc.pause.time (s / 1 sec),Rate,0
09/11/2026 06:04:10,System.Runtime,dotnet.thread_pool.queue.length ({work_item} / 1 sec),Rate,0
09/11/2026 06:04:10,System.Runtime,dotnet.gc.last_collection.memory.committed_size (By),Metric,0
09/11/2026 06:04:10,System.Runtime,dotnet.gc.last_collection.heap.fragmentation.size (By)[gc.heap.generation=gen0],Metric,0
09/11/2026 06:04:10,System.Runtime,dotnet.gc.last_collection.heap.fragmentation.size (By)[gc.heap.generation=loh],Metric,0
09/11/2026 06:04:10,System.Runtime,dotnet.gc.last_collection.heap.fragmentation.size (By)[gc.heap.generation=poh],Metric,0
09/11/2026 06:04:10,System.Runtime,dotnet.gc.last_collection.heap.fragmentation.size (By)[gc.heap.generation=gen2],Metric,0
09/11/2026 06:04:10,System.Runtime,dotnet.gc.last_collection.heap.fragmentation.size (By)[gc.heap.generation=gen1],Metric,0
09/11/2026 06:04:10,System.Runtime,dotnet.timer.count ({timer}),Metric,2
09/11/2026 06:04:10,System.Runtime,dotnet.assembly.count ({assembly}),Metric,61
09/11/2026 06:04:10,System.Runtime,dotnet.gc.heap.total_allocated (By / 1 sec),Rate,123000
09/11/2026 06:04:10,System.Runtime,dotnet.gc.last_collection.heap.size (By)[gc.heap.generation=gen0],Metric,0
09/11/2026 06:04:10,System.Runtime,dotnet.gc.last_collection.heap.size (By)[gc.heap.generation=loh],Metric,0
09/11/2026 06:04:10,System.Runtime,dotnet.gc.last_collection.heap.size (By)[gc.heap.generation=poh],Metric,0
09/11/2026 06:04:10,System.Runtime,dotnet.gc.last_collection.heap.size (By)[gc.heap.generation=gen2],Metric,0
09/11/2026 06:04:10,System.Runtime,dotnet.gc.last_collection.heap.size (By)[gc.heap.generation=gen1],Metric,0
09/11/2026 06:04:10,System.Runtime,dotnet.thread_pool.work_item.count ({work_item} / 1 sec),Rate,608
09/11/2026 06:04:10,System.Runtime,dotnet.process.memory.working_set (By),Metric,87736320
09/11/2026 06:04:10,System.Runtime,dotnet.thread_pool.thread.count ({thread} / 1 sec),Rate,0
09/11/2026 06:04:10,System.Runtime,dotnet.jit.compilation.time (s / 1 sec),Rate,0
09/11/2026 06:04:11,System.Runtime,dotnet.jit.compiled_il.size (By / 1 sec),Rate,0
09/11/2026 06:04:11,System.Runtime,dotnet.jit.compiled_methods ({method} / 1 sec),Rate,0
09/11/2026 06:04:11,System.Runtime,dotnet.monitor.lock_contentions ({contention} / 1 sec),Rate,0
09/11/2026 06:04:11,System.Runtime,dotnet.gc.collections ({collection} / 1 sec)[gc.heap.generation=gen0],Rate,0
09/11/2026 06:04:11,System.Runtime,dotnet.gc.collections ({collection} / 1 sec)[gc.heap.generation=gen2],Rate,0
09/11/2026 06:04:11,System.Runtime,dotnet.gc.collections ({collection} / 1 sec)[gc.heap.generation=gen1],Rate,0
09/11/2026 06:04:11,System.Runtime,dotnet.process.cpu.time (s / 1 sec)[cpu.mode=user],Rate,0.5830219999999997
09/11/2026 06:04:11,System.Runtime,dotnet.process.cpu.time (s / 1 sec)[cpu.mode=system],Rate,0.03658199999999967
09/11/2026 06:04:11,System.Runtime,dotnet.process.cpu.count ({cpu}),Metric,15
09/11/2026 06:04:11,System.Runtime,dotnet.gc.pause.time (s / 1 sec),Rate,0
09/11/2026 06:04:11,System.Runtime,dotnet.thread_pool.queue.length ({work_item} / 1 sec),Rate,0
09/11/2026 06:04:11,System.Runtime,dotnet.gc.last_collection.memory.committed_size (By),Metric,0
09/11/2026 06:04:11,System.Runtime,dotnet.gc.last_collection.heap.fragmentation.size (By)[gc.heap.generation=gen0],Metric,0
09/11/2026 06:04:11,System.Runtime,dotnet.gc.last_collection.heap.fragmentation.size (By)[gc.heap.generation=loh],Metric,0
09/11/2026 06:04:11,System.Runtime,dotnet.gc.last_collection.heap.fragmentation.size (By)[gc.heap.generation=poh],Metric,0
09/11/2026 06:04:11,System.Runtime,dotnet.gc.last_collection.heap.fragmentation.size (By)[gc.heap.generation=gen2],Metric,0
09/11/2026 06:04:11,System.Runtime,dotnet.gc.last_collection.heap.fragmentation.size (By)[gc.heap.generation=gen1],Metric,0
09/11/2026 06:04:11,System.Runtime,dotnet.timer.count ({timer}),Metric,2
09/11/2026 06:04:11,System.Runtime,dotnet.assembly.count ({assembly}),Metric,61
09/11/2026 06:04:11,System.Runtime,dotnet.gc.heap.total_allocated (By / 1 sec),Rate,138344
09/11/2026 06:04:11,System.Runtime,dotnet.gc.last_collection.heap.size (By)[gc.heap.generation=gen0],Metric,0
09/11/2026 06:04:11,System.Runtime,dotnet.gc.last_collection.heap.size (By)[gc.heap.generation=loh],Metric,0
09/11/2026 06:04:11,System.Runtime,dotnet.gc.last_collection.heap.size (By)[gc.heap.generation=poh],Metric,0
09/11/2026 06:04:11,System.Runtime,dotnet.gc.last_collection.heap.size (By)[gc.heap.generation=gen2],Metric,0
09/11/2026 06:04:11,System.Runtime,dotnet.gc.last_collection.heap.size (By)[gc.heap.generation=gen1],Metric,0
09/11/2026 06:04:11,System.Runtime,dotnet.thread_pool.work_item.count ({work_item} / 1 sec),Rate,603
09/11/2026 06:04:11,System.Runtime,dotnet.process.memory.working_set (By),Metric,87900160
09/11/2026 06:04:11,System.Runtime,dotnet.thread_pool.thread.count ({thread} / 1 sec),Rate,0
09/11/2026 06:04:11,System.Runtime,dotnet.jit.compilation.time (s / 1 sec),Rate,0
09/11/2026 06:04:12,System.Runtime,dotnet.jit.compiled_il.size (By / 1 sec),Rate,0
09/11/2026 06:04:12,System.Runtime,dotnet.jit.compiled_methods ({method} / 1 sec),Rate,0
09/11/2026 06:04:12,System.Runtime,dotnet.monitor.lock_contentions ({contention} / 1 sec),Rate,0
09/11/2026 06:04:12,System.Runtime,dotnet.gc.collections ({collection} / 1 sec)[gc.heap.generation=gen0],Rate,0
09/11/2026 06:04:12,System.Runtime,dotnet.gc.collections ({collection} / 1 sec)[gc.heap.generation=gen2],Rate,0
09/11/2026 06:04:12,System.Runtime,dotnet.gc.collections ({collection} / 1 sec)[gc.heap.generation=gen1],Rate,0
09/11/2026 06:04:12,System.Runtime,dotnet.process.cpu.time (s / 1 sec)[cpu.mode=user],Rate,0.5858649999999983
09/11/2026 06:04:12,System.Runtime,dotnet.process.cpu.time (s / 1 sec)[cpu.mode=system],Rate,0.037905999999999995
09/11/2026 06:04:12,System.Runtime,dotnet.process.cpu.count ({cpu}),Metric,15
09/11/2026 06:04:12,System.Runtime,dotnet.gc.pause.time (s / 1 sec),Rate,0
09/11/2026 06:04:12,System.Runtime,dotnet.thread_pool.queue.length ({work_item} / 1 sec),Rate,0
09/11/2026 06:04:12,System.Runtime,dotnet.gc.last_collection.memory.committed_size (By),Metric,0
09/11/2026 06:04:12,System.Runtime,dotnet.gc.last_collection.heap.fragmentation.size (By)[gc.heap.generation=gen0],Metric,0
09/11/2026 06:04:12,System.Runtime,dotnet.gc.last_collection.heap.fragmentation.size (By)[gc.heap.generation=loh],Metric,0
09/11/2026 06:04:12,System.Runtime,dotnet.gc.last_collection.heap.fragmentation.size (By)[gc.heap.generation=poh],Metric,0
09/11/2026 06:04:12,System.Runtime,dotnet.gc.last_collection.heap.fragmentation.size (By)[gc.heap.generation=gen2],Metric,0
09/11/2026 06:04:12,System.Runtime,dotnet.gc.last_collection.heap.fragmentation.size (By)[gc.heap.generation=gen1],Metric,0
09/11/2026 06:04:12,System.Runtime,dotnet.timer.count ({timer}),Metric,2
09/11/2026 06:04:12,System.Runtime,dotnet.assembly.count ({assembly}),Metric,61
09/11/2026 06:04:12,System.Runtime,dotnet.gc.heap.total_allocated (By / 1 sec),Rate,131136
09/11/2026 06:04:12,System.Runtime,dotnet.gc.last_collection.heap.size (By)[gc.heap.generation=gen0],Metric,0
09/11/2026 06:04:12,System.Runtime,dotnet.gc.last_collection.heap.size (By)[gc.heap.generation=loh],Metric,0
09/11/2026 06:04:12,System.Runtime,dotnet.gc.last_collection.heap.size (By)[gc.heap.generation=poh],Metric,0
09/11/2026 06:04:12,System.Runtime,dotnet.gc.last_collection.heap.size (By)[gc.heap.generation=gen2],Metric,0
09/11/2026 06:04:12,System.Runtime,dotnet.gc.last_collection.heap.size (By)[gc.heap.generation=gen1],Metric,0
09/11/2026 06:04:12,System.Runtime,dotnet.thread_pool.work_item.count ({work_item} / 1 sec),Rate,604
09/11/2026 06:04:12,System.Runtime,dotnet.process.memory.working_set (By),Metric,88064000
09/11/2026 06:04:12,System.Runtime,dotnet.thread_pool.thread.count ({thread} / 1 sec),Rate,0
09/11/2026 06:04:12,System.Runtime,dotnet.jit.compilation.time (s / 1 sec),Rate,0
09/11/2026 06:04:13,System.Runtime,dotnet.jit.compiled_il.size (By / 1 sec),Rate,0
09/11/2026 06:04:13,System.Runtime,dotnet.jit.compiled_methods ({method} / 1 sec),Rate,0
09/11/2026 06:04:13,System.Runtime,dotnet.monitor.lock_contentions ({contention} / 1 sec),Rate,0
09/11/2026 06:04:13,System.Runtime,dotnet.gc.collections ({collection} / 1 sec)[gc.heap.generation=gen0],Rate,0
09/11/2026 06:04:13,System.Runtime,dotnet.gc.collections ({collection} / 1 sec)[gc.heap.generation=gen2],Rate,0
09/11/2026 06:04:13,System.Runtime,dotnet.gc.collections ({collection} / 1 sec)[gc.heap.generation=gen1],Rate,0
09/11/2026 06:04:13,System.Runtime,dotnet.process.cpu.time (s / 1 sec)[cpu.mode=user],Rate,0.5858220000000003
09/11/2026 06:04:13,System.Runtime,dotnet.process.cpu.time (s / 1 sec)[cpu.mode=system],Rate,0.039139000000000035
09/11/2026 06:04:13,System.Runtime,dotnet.process.cpu.count ({cpu}),Metric,15
09/11/2026 06:04:13,System.Runtime,dotnet.gc.pause.time (s / 1 sec),Rate,0
09/11/2026 06:04:13,System.Runtime,dotnet.thread_pool.queue.length ({work_item} / 1 sec),Rate,0
09/11/2026 06:04:13,System.Runtime,dotnet.gc.last_collection.memory.committed_size (By),Metric,0
09/11/2026 06:04:13,System.Runtime,dotnet.gc.last_collection.heap.fragmentation.size (By)[gc.heap.generation=gen0],Metric,0
09/11/2026 06:04:13,System.Runtime,dotnet.gc.last_collection.heap.fragmentation.size (By)[gc.heap.generation=loh],Metric,0
09/11/2026 06:04:13,System.Runtime,dotnet.gc.last_collection.heap.fragmentation.size (By)[gc.heap.generation=poh],Metric,0
09/11/2026 06:04:13,System.Runtime,dotnet.gc.last_collection.heap.fragmentation.size (By)[gc.heap.generation=gen2],Metric,0
09/11/2026 06:04:13,System.Runtime,dotnet.gc.last_collection.heap.fragmentation.size (By)[gc.heap.generation=gen1],Metric,0
09/11/2026 06:04:13,System.Runtime,dotnet.timer.count ({timer}),Metric,2
09/11/2026 06:04:13,System.Runtime,dotnet.assembly.count ({assembly}),Metric,61
09/11/2026 06:04:13,System.Runtime,dotnet.gc.heap.total_allocated (By / 1 sec),Rate,138376
09/11/2026 06:04:13,System.Runtime,dotnet.gc.last_collection.heap.size (By)[gc.heap.generation=gen0],Metric,0
09/11/2026 06:04:13,System.Runtime,dotnet.gc.last_collection.heap.size (By)[gc.heap.generation=loh],Metric,0
09/11/2026 06:04:13,System.Runtime,dotnet.gc.last_collection.heap.size (By)[gc.heap.generation=poh],Metric,0
09/11/2026 06:04:13,System.Runtime,dotnet.gc.last_collection.heap.size (By)[gc.heap.generation=gen2],Metric,0
09/11/2026 06:04:13,System.Runtime,dotnet.gc.last_collection.heap.size (By)[gc.heap.generation=gen1],Metric,0
09/11/2026 06:04:13,System.Runtime,dotnet.thread_pool.work_item.count ({work_item} / 1 sec),Rate,603
09/11/2026 06:04:13,System.Runtime,dotnet.process.memory.working_set (By),Metric,88145920
09/11/2026 06:04:13,System.Runtime,dotnet.thread_pool.thread.count ({thread} / 1 sec),Rate,0
09/11/2026 06:04:13,System.Runtime,dotnet.jit.compilation.time (s / 1 sec),Rate,0
09/11/2026 06:04:14,System.Runtime,dotnet.jit.compiled_il.size (By / 1 sec),Rate,90
09/11/2026 06:04:14,System.Runtime,dotnet.jit.compiled_methods ({method} / 1 sec),Rate,6
09/11/2026 06:04:14,System.Runtime,dotnet.monitor.lock_contentions ({contention} / 1 sec),Rate,0
09/11/2026 06:04:14,System.Runtime,dotnet.gc.collections ({collection} / 1 sec)[gc.heap.generation=gen0],Rate,0
09/11/2026 06:04:14,System.Runtime,dotnet.gc.collections ({collection} / 1 sec)[gc.heap.generation=gen2],Rate,0
09/11/2026 06:04:14,System.Runtime,dotnet.gc.collections ({collection} / 1 sec)[gc.heap.generation=gen1],Rate,0
09/11/2026 06:04:14,System.Runtime,dotnet.process.cpu.time (s / 1 sec)[cpu.mode=user],Rate,0.5858210000000028
09/11/2026 06:04:14,System.Runtime,dotnet.process.cpu.time (s / 1 sec)[cpu.mode=system],Rate,0.036648000000000014
09/11/2026 06:04:14,System.Runtime,dotnet.process.cpu.count ({cpu}),Metric,15
09/11/2026 06:04:14,System.Runtime,dotnet.gc.pause.time (s / 1 sec),Rate,0
09/11/2026 06:04:14,System.Runtime,dotnet.thread_pool.queue.length ({work_item} / 1 sec),Rate,0
09/11/2026 06:04:14,System.Runtime,dotnet.gc.last_collection.memory.committed_size (By),Metric,0
09/11/2026 06:04:14,System.Runtime,dotnet.gc.last_collection.heap.fragmentation.size (By)[gc.heap.generation=gen0],Metric,0
09/11/2026 06:04:14,System.Runtime,dotnet.gc.last_collection.heap.fragmentation.size (By)[gc.heap.generation=loh],Metric,0
09/11/2026 06:04:14,System.Runtime,dotnet.gc.last_collection.heap.fragmentation.size (By)[gc.heap.generation=poh],Metric,0
09/11/2026 06:04:14,System.Runtime,dotnet.gc.last_collection.heap.fragmentation.size (By)[gc.heap.generation=gen2],Metric,0
09/11/2026 06:04:14,System.Runtime,dotnet.gc.last_collection.heap.fragmentation.size (By)[gc.heap.generation=gen1],Metric,0
09/11/2026 06:04:14,System.Runtime,dotnet.timer.count ({timer}),Metric,2
09/11/2026 06:04:14,System.Runtime,dotnet.assembly.count ({assembly}),Metric,61
09/11/2026 06:04:14,System.Runtime,dotnet.gc.heap.total_allocated (By / 1 sec),Rate,139416
09/11/2026 06:04:14,System.Runtime,dotnet.gc.last_collection.heap.size (By)[gc.heap.generation=gen0],Metric,0
09/11/2026 06:04:14,System.Runtime,dotnet.gc.last_collection.heap.size (By)[gc.heap.generation=loh],Metric,0
09/11/2026 06:04:14,System.Runtime,dotnet.gc.last_collection.heap.size (By)[gc.heap.generation=poh],Metric,0
09/11/2026 06:04:14,System.Runtime,dotnet.gc.last_collection.heap.size (By)[gc.heap.generation=gen2],Metric,0
09/11/2026 06:04:14,System.Runtime,dotnet.gc.last_collection.heap.size (By)[gc.heap.generation=gen1],Metric,0
09/11/2026 06:04:14,System.Runtime,dotnet.thread_pool.work_item.count ({work_item} / 1 sec),Rate,603
09/11/2026 06:04:14,System.Runtime,dotnet.process.memory.working_set (By),Metric,88375296
09/11/2026 06:04:14,System.Runtime,dotnet.thread_pool.thread.count ({thread} / 1 sec),Rate,0
09/11/2026 06:04:14,System.Runtime,dotnet.jit.compilation.time (s / 1 sec),Rate,0.0022567000000000004
09/11/2026 06:04:15,System.Runtime,dotnet.jit.compiled_il.size (By / 1 sec),Rate,0
09/11/2026 06:04:15,System.Runtime,dotnet.jit.compiled_methods ({method} / 1 sec),Rate,0
09/11/2026 06:04:15,System.Runtime,dotnet.monitor.lock_contentions ({contention} / 1 sec),Rate,0
09/11/2026 06:04:15,System.Runtime,dotnet.gc.collections ({collection} / 1 sec)[gc.heap.generation=gen0],Rate,0
09/11/2026 06:04:15,System.Runtime,dotnet.gc.collections ({collection} / 1 sec)[gc.heap.generation=gen2],Rate,0
09/11/2026 06:04:15,System.Runtime,dotnet.gc.collections ({collection} / 1 sec)[gc.heap.generation=gen1],Rate,0
09/11/2026 06:04:15,System.Runtime,dotnet.process.cpu.time (s / 1 sec)[cpu.mode=user],Rate,0.5827620000000024
09/11/2026 06:04:15,System.Runtime,dotnet.process.cpu.time (s / 1 sec)[cpu.mode=system],Rate,0.03725000000000023
09/11/2026 06:04:15,System.Runtime,dotnet.process.cpu.count ({cpu}),Metric,15
09/11/2026 06:04:15,System.Runtime,dotnet.gc.pause.time (s / 1 sec),Rate,0
09/11/2026 06:04:15,System.Runtime,dotnet.thread_pool.queue.length ({work_item} / 1 sec),Rate,0
09/11/2026 06:04:15,System.Runtime,dotnet.gc.last_collection.memory.committed_size (By),Metric,0
09/11/2026 06:04:15,System.Runtime,dotnet.gc.last_collection.heap.fragmentation.size (By)[gc.heap.generation=gen0],Metric,0
09/11/2026 06:04:15,System.Runtime,dotnet.gc.last_collection.heap.fragmentation.size (By)[gc.heap.generation=loh],Metric,0
09/11/2026 06:04:15,System.Runtime,dotnet.gc.last_collection.heap.fragmentation.size (By)[gc.heap.generation=poh],Metric,0
09/11/2026 06:04:15,System.Runtime,dotnet.gc.last_collection.heap.fragmentation.size (By)[gc.heap.generation=gen2],Metric,0
09/11/2026 06:04:15,System.Runtime,dotnet.gc.last_collection.heap.fragmentation.size (By)[gc.heap.generation=gen1],Metric,0
09/11/2026 06:04:15,System.Runtime,dotnet.timer.count ({timer}),Metric,2
09/11/2026 06:04:15,System.Runtime,dotnet.assembly.count ({assembly}),Metric,61
09/11/2026 06:04:15,System.Runtime,dotnet.gc.heap.total_allocated (By / 1 sec),Rate,147496
09/11/2026 06:04:15,System.Runtime,dotnet.gc.last_collection.heap.size (By)[gc.heap.generation=gen0],Metric,0
09/11/2026 06:04:15,System.Runtime,dotnet.gc.last_collection.heap.size (By)[gc.heap.generation=loh],Metric,0
09/11/2026 06:04:15,System.Runtime,dotnet.gc.last_collection.heap.size (By)[gc.heap.generation=poh],Metric,0
09/11/2026 06:04:15,System.Runtime,dotnet.gc.last_collection.heap.size (By)[gc.heap.generation=gen2],Metric,0
09/11/2026 06:04:15,System.Runtime,dotnet.gc.last_collection.heap.size (By)[gc.heap.generation=gen1],Metric,0
09/11/2026 06:04:15,System.Runtime,dotnet.thread_pool.work_item.count ({work_item} / 1 sec),Rate,601
09/11/2026 06:04:15,System.Runtime,dotnet.process.memory.working_set (By),Metric,88539136
09/11/2026 06:04:15,System.Runtime,dotnet.thread_pool.thread.count ({thread} / 1 sec),Rate,0
09/11/2026 06:04:15,System.Runtime,dotnet.jit.compilation.time (s / 1 sec),Rate,0
09/11/2026 06:04:16,System.Runtime,dotnet.jit.compiled_il.size (By / 1 sec),Rate,0
09/11/2026 06:04:16,System.Runtime,dotnet.jit.compiled_methods ({method} / 1 sec),Rate,0
09/11/2026 06:04:16,System.Runtime,dotnet.monitor.lock_contentions ({contention} / 1 sec),Rate,0
09/11/2026 06:04:16,System.Runtime,dotnet.gc.collections ({collection} / 1 sec)[gc.heap.generation=gen0],Rate,0
09/11/2026 06:04:16,System.Runtime,dotnet.gc.collections ({collection} / 1 sec)[gc.heap.generation=gen2],Rate,0
09/11/2026 06:04:16,System.Runtime,dotnet.gc.collections ({collection} / 1 sec)[gc.heap.generation=gen1],Rate,0
09/11/2026 06:04:16,System.Runtime,dotnet.process.cpu.time (s / 1 sec)[cpu.mode=user],Rate,0.5851039999999941
09/11/2026 06:04:16,System.Runtime,dotnet.process.cpu.time (s / 1 sec)[cpu.mode=system],Rate,0.038753999999999955
09/11/2026 06:04:16,System.Runtime,dotnet.process.cpu.count ({cpu}),Metric,15
09/11/2026 06:04:16,System.Runtime,dotnet.gc.pause.time (s / 1 sec),Rate,0
09/11/2026 06:04:16,System.Runtime,dotnet.thread_pool.queue.length ({work_item} / 1 sec),Rate,0
09/11/2026 06:04:16,System.Runtime,dotnet.gc.last_collection.memory.committed_size (By),Metric,0
09/11/2026 06:04:16,System.Runtime,dotnet.gc.last_collection.heap.fragmentation.size (By)[gc.heap.generation=gen0],Metric,0
09/11/2026 06:04:16,System.Runtime,dotnet.gc.last_collection.heap.fragmentation.size (By)[gc.heap.generation=loh],Metric,0
09/11/2026 06:04:16,System.Runtime,dotnet.gc.last_collection.heap.fragmentation.size (By)[gc.heap.generation=poh],Metric,0
09/11/2026 06:04:16,System.Runtime,dotnet.gc.last_collection.heap.fragmentation.size (By)[gc.heap.generation=gen2],Metric,0
09/11/2026 06:04:16,System.Runtime,dotnet.gc.last_collection.heap.fragmentation.size (By)[gc.heap.generation=gen1],Metric,0
09/11/2026 06:04:16,System.Runtime,dotnet.timer.count ({timer}),Metric,2
09/11/2026 06:04:16,System.Runtime,dotnet.assembly.count ({assembly}),Metric,61
09/11/2026 06:04:16,System.Runtime,dotnet.gc.heap.total_allocated (By / 1 sec),Rate,114800
09/11/2026 06:04:16,System.Runtime,dotnet.gc.last_collection.heap.size (By)[gc.heap.generation=gen0],Metric,0
09/11/2026 06:04:16,System.Runtime,dotnet.gc.last_collection.heap.size (By)[gc.heap.generation=loh],Metric,0
09/11/2026 06:04:16,System.Runtime,dotnet.gc.last_collection.heap.size (By)[gc.heap.generation=poh],Metric,0
09/11/2026 06:04:16,System.Runtime,dotnet.gc.last_collection.heap.size (By)[gc.heap.generation=gen2],Metric,0
09/11/2026 06:04:16,System.Runtime,dotnet.gc.last_collection.heap.size (By)[gc.heap.generation=gen1],Metric,0
09/11/2026 06:04:16,System.Runtime,dotnet.thread_pool.work_item.count ({work_item} / 1 sec),Rate,604
09/11/2026 06:04:16,System.Runtime,dotnet.process.memory.working_set (By),Metric,88670208
09/11/2026 06:04:16,System.Runtime,dotnet.thread_pool.thread.count ({thread} / 1 sec),Rate,0
09/11/2026 06:04:16,System.Runtime,dotnet.jit.compilation.time (s / 1 sec),Rate,0
09/11/2026 06:04:17,System.Runtime,dotnet.jit.compiled_il.size (By / 1 sec),Rate,0
09/11/2026 06:04:17,System.Runtime,dotnet.jit.compiled_methods ({method} / 1 sec),Rate,0
09/11/2026 06:04:17,System.Runtime,dotnet.monitor.lock_contentions ({contention} / 1 sec),Rate,0
09/11/2026 06:04:17,System.Runtime,dotnet.gc.collections ({collection} / 1 sec)[gc.heap.generation=gen0],Rate,0
09/11/2026 06:04:17,System.Runtime,dotnet.gc.collections ({collection} / 1 sec)[gc.heap.generation=gen2],Rate,0
09/11/2026 06:04:17,System.Runtime,dotnet.gc.collections ({collection} / 1 sec)[gc.heap.generation=gen1],Rate,0
09/11/2026 06:04:17,System.Runtime,dotnet.process.cpu.time (s / 1 sec)[cpu.mode=user],Rate,0.5853150000000014
09/11/2026 06:04:17,System.Runtime,dotnet.process.cpu.time (s / 1 sec)[cpu.mode=system],Rate,0.038841000000000125
09/11/2026 06:04:17,System.Runtime,dotnet.process.cpu.count ({cpu}),Metric,15
09/11/2026 06:04:17,System.Runtime,dotnet.gc.pause.time (s / 1 sec),Rate,0
09/11/2026 06:04:17,System.Runtime,dotnet.thread_pool.queue.length ({work_item} / 1 sec),Rate,0
09/11/2026 06:04:17,System.Runtime,dotnet.gc.last_collection.memory.committed_size (By),Metric,0
09/11/2026 06:04:17,System.Runtime,dotnet.gc.last_collection.heap.fragmentation.size (By)[gc.heap.generation=gen0],Metric,0
09/11/2026 06:04:17,System.Runtime,dotnet.gc.last_collection.heap.fragmentation.size (By)[gc.heap.generation=loh],Metric,0
09/11/2026 06:04:17,System.Runtime,dotnet.gc.last_collection.heap.fragmentation.size (By)[gc.heap.generation=poh],Metric,0
09/11/2026 06:04:17,System.Runtime,dotnet.gc.last_collection.heap.fragmentation.size (By)[gc.heap.generation=gen2],Metric,0
09/11/2026 06:04:17,System.Runtime,dotnet.gc.last_collection.heap.fragmentation.size (By)[gc.heap.generation=gen1],Metric,0
09/11/2026 06:04:17,System.Runtime,dotnet.timer.count ({timer}),Metric,2
09/11/2026 06:04:17,System.Runtime,dotnet.assembly.count ({assembly}),Metric,61
09/11/2026 06:04:17,System.Runtime,dotnet.gc.heap.total_allocated (By / 1 sec),Rate,154648
09/11/2026 06:04:17,System.Runtime,dotnet.gc.last_collection.heap.size (By)[gc.heap.generation=gen0],Metric,0
09/11/2026 06:04:17,System.Runtime,dotnet.gc.last_collection.heap.size (By)[gc.heap.generation=loh],Metric,0
09/11/2026 06:04:17,System.Runtime,dotnet.gc.last_collection.heap.size (By)[gc.heap.generation=poh],Metric,0
09/11/2026 06:04:17,System.Runtime,dotnet.gc.last_collection.heap.size (By)[gc.heap.generation=gen2],Metric,0
09/11/2026 06:04:17,System.Runtime,dotnet.gc.last_collection.heap.size (By)[gc.heap.generation=gen1],Metric,0
09/11/2026 06:04:17,System.Runtime,dotnet.thread_pool.work_item.count ({work_item} / 1 sec),Rate,605
09/11/2026 06:04:17,System.Runtime,dotnet.process.memory.working_set (By),Metric,88834048
09/11/2026 06:04:17,System.Runtime,dotnet.thread_pool.thread.count ({thread} / 1 sec),Rate,0
09/11/2026 06:04:17,System.Runtime,dotnet.jit.compilation.time (s / 1 sec),Rate,0
09/11/2026 06:04:18,System.Runtime,dotnet.jit.compiled_il.size (By / 1 sec),Rate,0
09/11/2026 06:04:18,System.Runtime,dotnet.jit.compiled_methods ({method} / 1 sec),Rate,0
09/11/2026 06:04:18,System.Runtime,dotnet.monitor.lock_contentions ({contention} / 1 sec),Rate,0
09/11/2026 06:04:18,System.Runtime,dotnet.gc.collections ({collection} / 1 sec)[gc.heap.generation=gen0],Rate,0
09/11/2026 06:04:18,System.Runtime,dotnet.gc.collections ({collection} / 1 sec)[gc.heap.generation=gen2],Rate,0
09/11/2026 06:04:18,System.Runtime,dotnet.gc.collections ({collection} / 1 sec)[gc.heap.generation=gen1],Rate,0
09/11/2026 06:04:18,System.Runtime,dotnet.process.cpu.time (s / 1 sec)[cpu.mode=user],Rate,0.5828660000000028
09/11/2026 06:04:18,System.Runtime,dotnet.process.cpu.time (s / 1 sec)[cpu.mode=system],Rate,0.03805399999999981
09/11/2026 06:04:18,System.Runtime,dotnet.process.cpu.count ({cpu}),Metric,15
09/11/2026 06:04:18,System.Runtime,dotnet.gc.pause.time (s / 1 sec),Rate,0
09/11/2026 06:04:18,System.Runtime,dotnet.thread_pool.queue.length ({work_item} / 1 sec),Rate,0
09/11/2026 06:04:18,System.Runtime,dotnet.gc.last_collection.memory.committed_size (By),Metric,0
09/11/2026 06:04:18,System.Runtime,dotnet.gc.last_collection.heap.fragmentation.size (By)[gc.heap.generation=gen0],Metric,0
09/11/2026 06:04:18,System.Runtime,dotnet.gc.last_collection.heap.fragmentation.size (By)[gc.heap.generation=loh],Metric,0
09/11/2026 06:04:18,System.Runtime,dotnet.gc.last_collection.heap.fragmentation.size (By)[gc.heap.generation=poh],Metric,0
09/11/2026 06:04:18,System.Runtime,dotnet.gc.last_collection.heap.fragmentation.size (By)[gc.heap.generation=gen2],Metric,0
09/11/2026 06:04:18,System.Runtime,dotnet.gc.last_collection.heap.fragmentation.size (By)[gc.heap.generation=gen1],Metric,0
09/11/2026 06:04:18,System.Runtime,dotnet.timer.count ({timer}),Metric,2
09/11/2026 06:04:18,System.Runtime,dotnet.assembly.count ({assembly}),Metric,61
09/11/2026 06:04:18,System.Runtime,dotnet.gc.heap.total_allocated (By / 1 sec),Rate,123000
09/11/2026 06:04:18,System.Runtime,dotnet.gc.last_collection.heap.size (By)[gc.heap.generation=gen0],Metric,0
09/11/2026 06:04:18,System.Runtime,dotnet.gc.last_collection.heap.size (By)[gc.heap.generation=loh],Metric,0
09/11/2026 06:04:18,System.Runtime,dotnet.gc.last_collection.heap.size (By)[gc.heap.generation=poh],Metric,0
09/11/2026 06:04:18,System.Runtime,dotnet.gc.last_collection.heap.size (By)[gc.heap.generation=gen2],Metric,0
09/11/2026 06:04:18,System.Runtime,dotnet.gc.last_collection.heap.size (By)[gc.heap.generation=gen1],Metric,0
09/11/2026 06:04:18,System.Runtime,dotnet.thread_pool.work_item.count ({work_item} / 1 sec),Rate,611
09/11/2026 06:04:18,System.Runtime,dotnet.process.memory.working_set (By),Metric,88915968
09/11/2026 06:04:18,System.Runtime,dotnet.thread_pool.thread.count ({thread} / 1 sec),Rate,0
09/11/2026 06:04:18,System.Runtime,dotnet.jit.compilation.time (s / 1 sec),Rate,0
09/11/2026 06:04:19,System.Runtime,dotnet.jit.compiled_il.size (By / 1 sec),Rate,0
09/11/2026 06:04:19,System.Runtime,dotnet.jit.compiled_methods ({method} / 1 sec),Rate,0
09/11/2026 06:04:19,System.Runtime,dotnet.monitor.lock_contentions ({contention} / 1 sec),Rate,0
09/11/2026 06:04:19,System.Runtime,dotnet.gc.collections ({collection} / 1 sec)[gc.heap.generation=gen0],Rate,0
09/11/2026 06:04:19,System.Runtime,dotnet.gc.collections ({collection} / 1 sec)[gc.heap.generation=gen2],Rate,0
09/11/2026 06:04:19,System.Runtime,dotnet.gc.collections ({collection} / 1 sec)[gc.heap.generation=gen1],Rate,0
09/11/2026 06:04:19,System.Runtime,dotnet.process.cpu.time (s / 1 sec)[cpu.mode=user],Rate,0.5776800000000009
09/11/2026 06:04:19,System.Runtime,dotnet.process.cpu.time (s / 1 sec)[cpu.mode=system],Rate,0.03540100000000024
09/11/2026 06:04:19,System.Runtime,dotnet.process.cpu.count ({cpu}),Metric,15
09/11/2026 06:04:19,System.Runtime,dotnet.gc.pause.time (s / 1 sec),Rate,0
09/11/2026 06:04:19,System.Runtime,dotnet.thread_pool.queue.length ({work_item} / 1 sec),Rate,0
09/11/2026 06:04:19,System.Runtime,dotnet.gc.last_collection.memory.committed_size (By),Metric,0
09/11/2026 06:04:19,System.Runtime,dotnet.gc.last_collection.heap.fragmentation.size (By)[gc.heap.generation=gen0],Metric,0
09/11/2026 06:04:19,System.Runtime,dotnet.gc.last_collection.heap.fragmentation.size (By)[gc.heap.generation=loh],Metric,0
09/11/2026 06:04:19,System.Runtime,dotnet.gc.last_collection.heap.fragmentation.size (By)[gc.heap.generation=poh],Metric,0
09/11/2026 06:04:19,System.Runtime,dotnet.gc.last_collection.heap.fragmentation.size (By)[gc.heap.generation=gen2],Metric,0
09/11/2026 06:04:19,System.Runtime,dotnet.gc.last_collection.heap.fragmentation.size (By)[gc.heap.generation=gen1],Metric,0
09/11/2026 06:04:19,System.Runtime,dotnet.timer.count ({timer}),Metric,2
09/11/2026 06:04:19,System.Runtime,dotnet.assembly.count ({assembly}),Metric,61
09/11/2026 06:04:19,System.Runtime,dotnet.gc.heap.total_allocated (By / 1 sec),Rate,154792
09/11/2026 06:04:19,System.Runtime,dotnet.gc.last_collection.heap.size (By)[gc.heap.generation=gen0],Metric,0
09/11/2026 06:04:19,System.Runtime,dotnet.gc.last_collection.heap.size (By)[gc.heap.generation=loh],Metric,0
09/11/2026 06:04:19,System.Runtime,dotnet.gc.last_collection.heap.size (By)[gc.heap.generation=poh],Metric,0
09/11/2026 06:04:19,System.Runtime,dotnet.gc.last_collection.heap.size (By)[gc.heap.generation=gen2],Metric,0
09/11/2026 06:04:19,System.Runtime,dotnet.gc.last_collection.heap.size (By)[gc.heap.generation=gen1],Metric,0
09/11/2026 06:04:19,System.Runtime,dotnet.thread_pool.work_item.count ({work_item} / 1 sec),Rate,602
09/11/2026 06:04:19,System.Runtime,dotnet.process.memory.working_set (By),Metric,89112576
09/11/2026 06:04:19,System.Runtime,dotnet.thread_pool.thread.count ({thread} / 1 sec),Rate,0
09/11/2026 06:04:19,System.Runtime,dotnet.jit.compilation.time (s / 1 sec),Rate,0
09/11/2026 06:04:20,System.Runtime,dotnet.jit.compiled_il.size (By / 1 sec),Rate,0
09/11/2026 06:04:20,System.Runtime,dotnet.jit.compiled_methods ({method} / 1 sec),Rate,0
09/11/2026 06:04:20,System.Runtime,dotnet.monitor.lock_contentions ({contention} / 1 sec),Rate,0
09/11/2026 06:04:20,System.Runtime,dotnet.gc.collections ({collection} / 1 sec)[gc.heap.generation=gen0],Rate,0
09/11/2026 06:04:20,System.Runtime,dotnet.gc.collections ({collection} / 1 sec)[gc.heap.generation=gen2],Rate,0
09/11/2026 06:04:20,System.Runtime,dotnet.gc.collections ({collection} / 1 sec)[gc.heap.generation=gen1],Rate,0
09/11/2026 06:04:20,System.Runtime,dotnet.process.cpu.time (s / 1 sec)[cpu.mode=user],Rate,0.585881999999998
09/11/2026 06:04:20,System.Runtime,dotnet.process.cpu.time (s / 1 sec)[cpu.mode=system],Rate,0.038740999999999914
09/11/2026 06:04:20,System.Runtime,dotnet.process.cpu.count ({cpu}),Metric,15
09/11/2026 06:04:20,System.Runtime,dotnet.gc.pause.time (s / 1 sec),Rate,0
09/11/2026 06:04:20,System.Runtime,dotnet.thread_pool.queue.length ({work_item} / 1 sec),Rate,0
09/11/2026 06:04:20,System.Runtime,dotnet.gc.last_collection.memory.committed_size (By),Metric,0
09/11/2026 06:04:20,System.Runtime,dotnet.gc.last_collection.heap.fragmentation.size (By)[gc.heap.generation=gen0],Metric,0
09/11/2026 06:04:20,System.Runtime,dotnet.gc.last_collection.heap.fragmentation.size (By)[gc.heap.generation=loh],Metric,0
09/11/2026 06:04:20,System.Runtime,dotnet.gc.last_collection.heap.fragmentation.size (By)[gc.heap.generation=poh],Metric,0
09/11/2026 06:04:20,System.Runtime,dotnet.gc.last_collection.heap.fragmentation.size (By)[gc.heap.generation=gen2],Metric,0
09/11/2026 06:04:20,System.Runtime,dotnet.gc.last_collection.heap.fragmentation.size (By)[gc.heap.generation=gen1],Metric,0
09/11/2026 06:04:20,System.Runtime,dotnet.timer.count ({timer}),Metric,2
09/11/2026 06:04:20,System.Runtime,dotnet.assembly.count ({assembly}),Metric,61
09/11/2026 06:04:20,System.Runtime,dotnet.gc.heap.total_allocated (By / 1 sec),Rate,123000
09/11/2026 06:04:20,System.Runtime,dotnet.gc.last_collection.heap.size (By)[gc.heap.generation=gen0],Metric,0
09/11/2026 06:04:20,System.Runtime,dotnet.gc.last_collection.heap.size (By)[gc.heap.generation=loh],Metric,0
09/11/2026 06:04:20,System.Runtime,dotnet.gc.last_collection.heap.size (By)[gc.heap.generation=poh],Metric,0
09/11/2026 06:04:20,System.Runtime,dotnet.gc.last_collection.heap.size (By)[gc.heap.generation=gen2],Metric,0
09/11/2026 06:04:20,System.Runtime,dotnet.gc.last_collection.heap.size (By)[gc.heap.generation=gen1],Metric,0
09/11/2026 06:04:20,System.Runtime,dotnet.thread_pool.work_item.count ({work_item} / 1 sec),Rate,606
09/11/2026 06:04:20,System.Runtime,dotnet.process.memory.working_set (By),Metric,89260032
09/11/2026 06:04:20,System.Runtime,dotnet.thread_pool.thread.count ({thread} / 1 sec),Rate,0
09/11/2026 06:04:20,System.Runtime,dotnet.jit.compilation.time (s / 1 sec),Rate,0
09/11/2026 06:04:21,System.Runtime,dotnet.jit.compiled_il.size (By / 1 sec),Rate,0
09/11/2026 06:04:21,System.Runtime,dotnet.jit.compiled_methods ({method} / 1 sec),Rate,0
09/11/2026 06:04:21,System.Runtime,dotnet.monitor.lock_contentions ({contention} / 1 sec),Rate,0
09/11/2026 06:04:21,System.Runtime,dotnet.gc.collections ({collection} / 1 sec)[gc.heap.generation=gen0],Rate,0
09/11/2026 06:04:21,System.Runtime,dotnet.gc.collections ({collection} / 1 sec)[gc.heap.generation=gen2],Rate,0
09/11/2026 06:04:21,System.Runtime,dotnet.gc.collections ({collection} / 1 sec)[gc.heap.generation=gen1],Rate,0
09/11/2026 06:04:21,System.Runtime,dotnet.process.cpu.time (s / 1 sec)[cpu.mode=user],Rate,0.5860249999999994
09/11/2026 06:04:21,System.Runtime,dotnet.process.cpu.time (s / 1 sec)[cpu.mode=system],Rate,0.03834699999999991
09/11/2026 06:04:21,System.Runtime,dotnet.process.cpu.count ({cpu}),Metric,15
09/11/2026 06:04:21,System.Runtime,dotnet.gc.pause.time (s / 1 sec),Rate,0
09/11/2026 06:04:21,System.Runtime,dotnet.thread_pool.queue.length ({work_item} / 1 sec),Rate,0
09/11/2026 06:04:21,System.Runtime,dotnet.gc.last_collection.memory.committed_size (By),Metric,0
09/11/2026 06:04:21,System.Runtime,dotnet.gc.last_collection.heap.fragmentation.size (By)[gc.heap.generation=gen0],Metric,0
09/11/2026 06:04:21,System.Runtime,dotnet.gc.last_collection.heap.fragmentation.size (By)[gc.heap.generation=loh],Metric,0
09/11/2026 06:04:21,System.Runtime,dotnet.gc.last_collection.heap.fragmentation.size (By)[gc.heap.generation=poh],Metric,0
09/11/2026 06:04:21,System.Runtime,dotnet.gc.last_collection.heap.fragmentation.size (By)[gc.heap.generation=gen2],Metric,0
09/11/2026 06:04:21,System.Runtime,dotnet.gc.last_collection.heap.fragmentation.size (By)[gc.heap.generation=gen1],Metric,0
09/11/2026 06:04:21,System.Runtime,dotnet.timer.count ({timer}),Metric,2
09/11/2026 06:04:21,System.Runtime,dotnet.assembly.count ({assembly}),Metric,61
09/11/2026 06:04:21,System.Runtime,dotnet.gc.heap.total_allocated (By / 1 sec),Rate,155800
09/11/2026 06:04:21,System.Runtime,dotnet.gc.last_collection.heap.size (By)[gc.heap.generation=gen0],Metric,0
09/11/2026 06:04:21,System.Runtime,dotnet.gc.last_collection.heap.size (By)[gc.heap.generation=loh],Metric,0
09/11/2026 06:04:21,System.Runtime,dotnet.gc.last_collection.heap.size (By)[gc.heap.generation=poh],Metric,0
09/11/2026 06:04:21,System.Runtime,dotnet.gc.last_collection.heap.size (By)[gc.heap.generation=gen2],Metric,0
09/11/2026 06:04:21,System.Runtime,dotnet.gc.last_collection.heap.size (By)[gc.heap.generation=gen1],Metric,0
09/11/2026 06:04:21,System.Runtime,dotnet.thread_pool.work_item.count ({work_item} / 1 sec),Rate,609
09/11/2026 06:04:21,System.Runtime,dotnet.process.memory.working_set (By),Metric,89407488
09/11/2026 06:04:21,System.Runtime,dotnet.thread_pool.thread.count ({thread} / 1 sec),Rate,0
09/11/2026 06:04:21,System.Runtime,dotnet.jit.compilation.time (s / 1 sec),Rate,0
09/11/2026 06:04:22,System.Runtime,dotnet.jit.compiled_il.size (By / 1 sec),Rate,0
09/11/2026 06:04:22,System.Runtime,dotnet.jit.compiled_methods ({method} / 1 sec),Rate,0
09/11/2026 06:04:22,System.Runtime,dotnet.monitor.lock_contentions ({contention} / 1 sec),Rate,0
09/11/2026 06:04:22,System.Runtime,dotnet.gc.collections ({collection} / 1 sec)[gc.heap.generation=gen0],Rate,0
09/11/2026 06:04:22,System.Runtime,dotnet.gc.collections ({collection} / 1 sec)[gc.heap.generation=gen2],Rate,0
09/11/2026 06:04:22,System.Runtime,dotnet.gc.collections ({collection} / 1 sec)[gc.heap.generation=gen1],Rate,0
09/11/2026 06:04:22,System.Runtime,dotnet.process.cpu.time (s / 1 sec)[cpu.mode=user],Rate,0.5826700000000002
09/11/2026 06:04:22,System.Runtime,dotnet.process.cpu.time (s / 1 sec)[cpu.mode=system],Rate,0.037063999999999986
09/11/2026 06:04:22,System.Runtime,dotnet.process.cpu.count ({cpu}),Metric,15
09/11/2026 06:04:22,System.Runtime,dotnet.gc.pause.time (s / 1 sec),Rate,0
09/11/2026 06:04:22,System.Runtime,dotnet.thread_pool.queue.length ({work_item} / 1 sec),Rate,0
09/11/2026 06:04:22,System.Runtime,dotnet.gc.last_collection.memory.committed_size (By),Metric,0
09/11/2026 06:04:22,System.Runtime,dotnet.gc.last_collection.heap.fragmentation.size (By)[gc.heap.generation=gen0],Metric,0
09/11/2026 06:04:22,System.Runtime,dotnet.gc.last_collection.heap.fragmentation.size (By)[gc.heap.generation=loh],Metric,0
09/11/2026 06:04:22,System.Runtime,dotnet.gc.last_collection.heap.fragmentation.size (By)[gc.heap.generation=poh],Metric,0
09/11/2026 06:04:22,System.Runtime,dotnet.gc.last_collection.heap.fragmentation.size (By)[gc.heap.generation=gen2],Metric,0
09/11/2026 06:04:22,System.Runtime,dotnet.gc.last_collection.heap.fragmentation.size (By)[gc.heap.generation=gen1],Metric,0
09/11/2026 06:04:22,System.Runtime,dotnet.timer.count ({timer}),Metric,2
09/11/2026 06:04:22,System.Runtime,dotnet.assembly.count ({assembly}),Metric,61
09/11/2026 06:04:22,System.Runtime,dotnet.gc.heap.total_allocated (By / 1 sec),Rate,121976
09/11/2026 06:04:22,System.Runtime,dotnet.gc.last_collection.heap.size (By)[gc.heap.generation=gen0],Metric,0
09/11/2026 06:04:22,System.Runtime,dotnet.gc.last_collection.heap.size (By)[gc.heap.generation=loh],Metric,0
09/11/2026 06:04:22,System.Runtime,dotnet.gc.last_collection.heap.size (By)[gc.heap.generation=poh],Metric,0
09/11/2026 06:04:22,System.Runtime,dotnet.gc.last_collection.heap.size (By)[gc.heap.generation=gen2],Metric,0
09/11/2026 06:04:22,System.Runtime,dotnet.gc.last_collection.heap.size (By)[gc.heap.generation=gen1],Metric,0
09/11/2026 06:04:22,System.Runtime,dotnet.thread_pool.work_item.count ({work_item} / 1 sec),Rate,601
09/11/2026 06:04:22,System.Runtime,dotnet.process.memory.working_set (By),Metric,89571328
09/11/2026 06:04:22,System.Runtime,dotnet.thread_pool.thread.count ({thread} / 1 sec),Rate,0
09/11/2026 06:04:22,System.Runtime,dotnet.jit.compilation.time (s / 1 sec),Rate,0
09/11/2026 06:04:23,System.Runtime,dotnet.jit.compiled_il.size (By / 1 sec),Rate,0
09/11/2026 06:04:23,System.Runtime,dotnet.jit.compiled_methods ({method} / 1 sec),Rate,0
09/11/2026 06:04:23,System.Runtime,dotnet.monitor.lock_contentions ({contention} / 1 sec),Rate,0
09/11/2026 06:04:23,System.Runtime,dotnet.gc.collections ({collection} / 1 sec)[gc.heap.generation=gen0],Rate,0
09/11/2026 06:04:23,System.Runtime,dotnet.gc.collections ({collection} / 1 sec)[gc.heap.generation=gen2],Rate,0
09/11/2026 06:04:23,System.Runtime,dotnet.gc.collections ({collection} / 1 sec)[gc.heap.generation=gen1],Rate,0
09/11/2026 06:04:23,System.Runtime,dotnet.process.cpu.time (s / 1 sec)[cpu.mode=user],Rate,0.5832890000000006
09/11/2026 06:04:23,System.Runtime,dotnet.process.cpu.time (s / 1 sec)[cpu.mode=system],Rate,0.036817999999999795
09/11/2026 06:04:23,System.Runtime,dotnet.process.cpu.count ({cpu}),Metric,15
09/11/2026 06:04:23,System.Runtime,dotnet.gc.pause.time (s / 1 sec),Rate,0
09/11/2026 06:04:23,System.Runtime,dotnet.thread_pool.queue.length ({work_item} / 1 sec),Rate,0
09/11/2026 06:04:23,System.Runtime,dotnet.gc.last_collection.memory.committed_size (By),Metric,0
09/11/2026 06:04:23,System.Runtime,dotnet.gc.last_collection.heap.fragmentation.size (By)[gc.heap.generation=gen0],Metric,0
09/11/2026 06:04:23,System.Runtime,dotnet.gc.last_collection.heap.fragmentation.size (By)[gc.heap.generation=loh],Metric,0
09/11/2026 06:04:23,System.Runtime,dotnet.gc.last_collection.heap.fragmentation.size (By)[gc.heap.generation=poh],Metric,0
09/11/2026 06:04:23,System.Runtime,dotnet.gc.last_collection.heap.fragmentation.size (By)[gc.heap.generation=gen2],Metric,0
09/11/2026 06:04:23,System.Runtime,dotnet.gc.last_collection.heap.fragmentation.size (By)[gc.heap.generation=gen1],Metric,0
09/11/2026 06:04:23,System.Runtime,dotnet.timer.count ({timer}),Metric,2
09/11/2026 06:04:23,System.Runtime,dotnet.assembly.count ({assembly}),Metric,61
09/11/2026 06:04:23,System.Runtime,dotnet.gc.heap.total_allocated (By / 1 sec),Rate,146576
09/11/2026 06:04:23,System.Runtime,dotnet.gc.last_collection.heap.size (By)[gc.heap.generation=gen0],Metric,0
09/11/2026 06:04:23,System.Runtime,dotnet.gc.last_collection.heap.size (By)[gc.heap.generation=loh],Metric,0
09/11/2026 06:04:23,System.Runtime,dotnet.gc.last_collection.heap.size (By)[gc.heap.generation=poh],Metric,0
09/11/2026 06:04:23,System.Runtime,dotnet.gc.last_collection.heap.size (By)[gc.heap.generation=gen2],Metric,0
09/11/2026 06:04:23,System.Runtime,dotnet.gc.last_collection.heap.size (By)[gc.heap.generation=gen1],Metric,0
09/11/2026 06:04:23,System.Runtime,dotnet.thread_pool.work_item.count ({work_item} / 1 sec),Rate,606
09/11/2026 06:04:23,System.Runtime,dotnet.process.memory.working_set (By),Metric,89735168
09/11/2026 06:04:23,System.Runtime,dotnet.thread_pool.thread.count ({thread} / 1 sec),Rate,0
09/11/2026 06:04:23,System.Runtime,dotnet.jit.compilation.time (s / 1 sec),Rate,0
09/11/2026 06:04:24,System.Runtime,dotnet.jit.compiled_il.size (By / 1 sec),Rate,1199
09/11/2026 06:04:24,System.Runtime,dotnet.jit.compiled_methods ({method} / 1 sec),Rate,3
09/11/2026 06:04:24,System.Runtime,dotnet.monitor.lock_contentions ({contention} / 1 sec),Rate,0
09/11/2026 06:04:24,System.Runtime,dotnet.gc.collections ({collection} / 1 sec)[gc.heap.generation=gen0],Rate,0
09/11/2026 06:04:24,System.Runtime,dotnet.gc.collections ({collection} / 1 sec)[gc.heap.generation=gen2],Rate,0
09/11/2026 06:04:24,System.Runtime,dotnet.gc.collections ({collection} / 1 sec)[gc.heap.generation=gen1],Rate,0
09/11/2026 06:04:24,System.Runtime,dotnet.process.cpu.time (s / 1 sec)[cpu.mode=user],Rate,0.594807000000003
09/11/2026 06:04:24,System.Runtime,dotnet.process.cpu.time (s / 1 sec)[cpu.mode=system],Rate,0.0373490000000003
09/11/2026 06:04:24,System.Runtime,dotnet.process.cpu.count ({cpu}),Metric,15
09/11/2026 06:04:24,System.Runtime,dotnet.gc.pause.time (s / 1 sec),Rate,0
09/11/2026 06:04:24,System.Runtime,dotnet.thread_pool.queue.length ({work_item} / 1 sec),Rate,0
09/11/2026 06:04:24,System.Runtime,dotnet.gc.last_collection.memory.committed_size (By),Metric,0
09/11/2026 06:04:24,System.Runtime,dotnet.gc.last_collection.heap.fragmentation.size (By)[gc.heap.generation=gen0],Metric,0
09/11/2026 06:04:24,System.Runtime,dotnet.gc.last_collection.heap.fragmentation.size (By)[gc.heap.generation=loh],Metric,0
09/11/2026 06:04:24,System.Runtime,dotnet.gc.last_collection.heap.fragmentation.size (By)[gc.heap.generation=poh],Metric,0
09/11/2026 06:04:24,System.Runtime,dotnet.gc.last_collection.heap.fragmentation.size (By)[gc.heap.generation=gen2],Metric,0
09/11/2026 06:04:24,System.Runtime,dotnet.gc.last_collection.heap.fragmentation.size (By)[gc.heap.generation=gen1],Metric,0
09/11/2026 06:04:24,System.Runtime,dotnet.timer.count ({timer}),Metric,2
09/11/2026 06:04:24,System.Runtime,dotnet.assembly.count ({assembly}),Metric,61
09/11/2026 06:04:24,System.Runtime,dotnet.gc.heap.total_allocated (By / 1 sec),Rate,137272
09/11/2026 06:04:24,System.Runtime,dotnet.gc.last_collection.heap.size (By)[gc.heap.generation=gen0],Metric,0
09/11/2026 06:04:24,System.Runtime,dotnet.gc.last_collection.heap.size (By)[gc.heap.generation=loh],Metric,0
09/11/2026 06:04:24,System.Runtime,dotnet.gc.last_collection.heap.size (By)[gc.heap.generation=poh],Metric,0
09/11/2026 06:04:24,System.Runtime,dotnet.gc.last_collection.heap.size (By)[gc.heap.generation=gen2],Metric,0
09/11/2026 06:04:24,System.Runtime,dotnet.gc.last_collection.heap.size (By)[gc.heap.generation=gen1],Metric,0
09/11/2026 06:04:24,System.Runtime,dotnet.thread_pool.work_item.count ({work_item} / 1 sec),Rate,602
09/11/2026 06:04:24,System.Runtime,dotnet.process.memory.working_set (By),Metric,90685440
09/11/2026 06:04:24,System.Runtime,dotnet.thread_pool.thread.count ({thread} / 1 sec),Rate,0
09/11/2026 06:04:24,System.Runtime,dotnet.jit.compilation.time (s / 1 sec),Rate,0.012095999999999996
09/11/2026 06:04:25,System.Runtime,dotnet.jit.compiled_il.size (By / 1 sec),Rate,0
09/11/2026 06:04:25,System.Runtime,dotnet.jit.compiled_methods ({method} / 1 sec),Rate,0
09/11/2026 06:04:25,System.Runtime,dotnet.monitor.lock_contentions ({contention} / 1 sec),Rate,0
09/11/2026 06:04:25,System.Runtime,dotnet.gc.collections ({collection} / 1 sec)[gc.heap.generation=gen0],Rate,0
09/11/2026 06:04:25,System.Runtime,dotnet.gc.collections ({collection} / 1 sec)[gc.heap.generation=gen2],Rate,0
09/11/2026 06:04:25,System.Runtime,dotnet.gc.collections ({collection} / 1 sec)[gc.heap.generation=gen1],Rate,0
09/11/2026 06:04:25,System.Runtime,dotnet.process.cpu.time (s / 1 sec)[cpu.mode=user],Rate,0.5839019999999948
09/11/2026 06:04:25,System.Runtime,dotnet.process.cpu.time (s / 1 sec)[cpu.mode=system],Rate,0.03777300000000006
09/11/2026 06:04:25,System.Runtime,dotnet.process.cpu.count ({cpu}),Metric,15
09/11/2026 06:04:25,System.Runtime,dotnet.gc.pause.time (s / 1 sec),Rate,0
09/11/2026 06:04:25,System.Runtime,dotnet.thread_pool.queue.length ({work_item} / 1 sec),Rate,0
09/11/2026 06:04:25,System.Runtime,dotnet.gc.last_collection.memory.committed_size (By),Metric,0
09/11/2026 06:04:25,System.Runtime,dotnet.gc.last_collection.heap.fragmentation.size (By)[gc.heap.generation=gen0],Metric,0
09/11/2026 06:04:25,System.Runtime,dotnet.gc.last_collection.heap.fragmentation.size (By)[gc.heap.generation=loh],Metric,0
09/11/2026 06:04:25,System.Runtime,dotnet.gc.last_collection.heap.fragmentation.size (By)[gc.heap.generation=poh],Metric,0
09/11/2026 06:04:25,System.Runtime,dotnet.gc.last_collection.heap.fragmentation.size (By)[gc.heap.generation=gen2],Metric,0
09/11/2026 06:04:25,System.Runtime,dotnet.gc.last_collection.heap.fragmentation.size (By)[gc.heap.generation=gen1],Metric,0
09/11/2026 06:04:25,System.Runtime,dotnet.timer.count ({timer}),Metric,2
09/11/2026 06:04:25,System.Runtime,dotnet.assembly.count ({assembly}),Metric,61
09/11/2026 06:04:25,System.Runtime,dotnet.gc.heap.total_allocated (By / 1 sec),Rate,139384
09/11/2026 06:04:25,System.Runtime,dotnet.gc.last_collection.heap.size (By)[gc.heap.generation=gen0],Metric,0
09/11/2026 06:04:25,System.Runtime,dotnet.gc.last_collection.heap.size (By)[gc.heap.generation=loh],Metric,0
09/11/2026 06:04:25,System.Runtime,dotnet.gc.last_collection.heap.size (By)[gc.heap.generation=poh],Metric,0
09/11/2026 06:04:25,System.Runtime,dotnet.gc.last_collection.heap.size (By)[gc.heap.generation=gen2],Metric,0
09/11/2026 06:04:25,System.Runtime,dotnet.gc.last_collection.heap.size (By)[gc.heap.generation=gen1],Metric,0
09/11/2026 06:04:25,System.Runtime,dotnet.thread_pool.work_item.count ({work_item} / 1 sec),Rate,601
09/11/2026 06:04:25,System.Runtime,dotnet.process.memory.working_set (By),Metric,90865664
09/11/2026 06:04:25,System.Runtime,dotnet.thread_pool.thread.count ({thread} / 1 sec),Rate,0
09/11/2026 06:04:25,System.Runtime,dotnet.jit.compilation.time (s / 1 sec),Rate,0
09/11/2026 06:04:26,System.Runtime,dotnet.jit.compiled_il.size (By / 1 sec),Rate,129
09/11/2026 06:04:26,System.Runtime,dotnet.jit.compiled_methods ({method} / 1 sec),Rate,1
09/11/2026 06:04:26,System.Runtime,dotnet.monitor.lock_contentions ({contention} / 1 sec),Rate,0
09/11/2026 06:04:26,System.Runtime,dotnet.gc.collections ({collection} / 1 sec)[gc.heap.generation=gen0],Rate,0
09/11/2026 06:04:26,System.Runtime,dotnet.gc.collections ({collection} / 1 sec)[gc.heap.generation=gen2],Rate,0
09/11/2026 06:04:26,System.Runtime,dotnet.gc.collections ({collection} / 1 sec)[gc.heap.generation=gen1],Rate,0
09/11/2026 06:04:26,System.Runtime,dotnet.process.cpu.time (s / 1 sec)[cpu.mode=user],Rate,0.5831170000000014
09/11/2026 06:04:26,System.Runtime,dotnet.process.cpu.time (s / 1 sec)[cpu.mode=system],Rate,0.036183999999999994
09/11/2026 06:04:26,System.Runtime,dotnet.process.cpu.count ({cpu}),Metric,15
09/11/2026 06:04:26,System.Runtime,dotnet.gc.pause.time (s / 1 sec),Rate,0
09/11/2026 06:04:26,System.Runtime,dotnet.thread_pool.queue.length ({work_item} / 1 sec),Rate,0
09/11/2026 06:04:26,System.Runtime,dotnet.gc.last_collection.memory.committed_size (By),Metric,0
09/11/2026 06:04:26,System.Runtime,dotnet.gc.last_collection.heap.fragmentation.size (By)[gc.heap.generation=gen0],Metric,0
09/11/2026 06:04:26,System.Runtime,dotnet.gc.last_collection.heap.fragmentation.size (By)[gc.heap.generation=loh],Metric,0
09/11/2026 06:04:26,System.Runtime,dotnet.gc.last_collection.heap.fragmentation.size (By)[gc.heap.generation=poh],Metric,0
09/11/2026 06:04:26,System.Runtime,dotnet.gc.last_collection.heap.fragmentation.size (By)[gc.heap.generation=gen2],Metric,0
09/11/2026 06:04:26,System.Runtime,dotnet.gc.last_collection.heap.fragmentation.size (By)[gc.heap.generation=gen1],Metric,0
09/11/2026 06:04:26,System.Runtime,dotnet.timer.count ({timer}),Metric,2
09/11/2026 06:04:26,System.Runtime,dotnet.assembly.count ({assembly}),Metric,61
09/11/2026 06:04:26,System.Runtime,dotnet.gc.heap.total_allocated (By / 1 sec),Rate,123000
09/11/2026 06:04:26,System.Runtime,dotnet.gc.last_collection.heap.size (By)[gc.heap.generation=gen0],Metric,0
09/11/2026 06:04:26,System.Runtime,dotnet.gc.last_collection.heap.size (By)[gc.heap.generation=loh],Metric,0
09/11/2026 06:04:26,System.Runtime,dotnet.gc.last_collection.heap.size (By)[gc.heap.generation=poh],Metric,0
09/11/2026 06:04:26,System.Runtime,dotnet.gc.last_collection.heap.size (By)[gc.heap.generation=gen2],Metric,0
09/11/2026 06:04:26,System.Runtime,dotnet.gc.last_collection.heap.size (By)[gc.heap.generation=gen1],Metric,0
09/11/2026 06:04:26,System.Runtime,dotnet.thread_pool.work_item.count ({work_item} / 1 sec),Rate,607
09/11/2026 06:04:26,System.Runtime,dotnet.process.memory.working_set (By),Metric,91013120
09/11/2026 06:04:26,System.Runtime,dotnet.thread_pool.thread.count ({thread} / 1 sec),Rate,0
09/11/2026 06:04:26,System.Runtime,dotnet.jit.compilation.time (s / 1 sec),Rate,0.0007331999999999894
09/11/2026 06:04:27,System.Runtime,dotnet.jit.compiled_il.size (By / 1 sec),Rate,0
09/11/2026 06:04:27,System.Runtime,dotnet.jit.compiled_methods ({method} / 1 sec),Rate,0
09/11/2026 06:04:27,System.Runtime,dotnet.monitor.lock_contentions ({contention} / 1 sec),Rate,0
09/11/2026 06:04:27,System.Runtime,dotnet.gc.collections ({collection} / 1 sec)[gc.heap.generation=gen0],Rate,0
09/11/2026 06:04:27,System.Runtime,dotnet.gc.collections ({collection} / 1 sec)[gc.heap.generation=gen2],Rate,0
09/11/2026 06:04:27,System.Runtime,dotnet.gc.collections ({collection} / 1 sec)[gc.heap.generation=gen1],Rate,0
09/11/2026 06:04:27,System.Runtime,dotnet.process.cpu.time (s / 1 sec)[cpu.mode=user],Rate,0.5811109999999999
09/11/2026 06:04:27,System.Runtime,dotnet.process.cpu.time (s / 1 sec)[cpu.mode=system],Rate,0.03589899999999968
09/11/2026 06:04:27,System.Runtime,dotnet.process.cpu.count ({cpu}),Metric,15
09/11/2026 06:04:27,System.Runtime,dotnet.gc.pause.time (s / 1 sec),Rate,0
09/11/2026 06:04:27,System.Runtime,dotnet.thread_pool.queue.length ({work_item} / 1 sec),Rate,0
09/11/2026 06:04:27,System.Runtime,dotnet.gc.last_collection.memory.committed_size (By),Metric,0
09/11/2026 06:04:27,System.Runtime,dotnet.gc.last_collection.heap.fragmentation.size (By)[gc.heap.generation=gen0],Metric,0
09/11/2026 06:04:27,System.Runtime,dotnet.gc.last_collection.heap.fragmentation.size (By)[gc.heap.generation=loh],Metric,0
09/11/2026 06:04:27,System.Runtime,dotnet.gc.last_collection.heap.fragmentation.size (By)[gc.heap.generation=poh],Metric,0
09/11/2026 06:04:27,System.Runtime,dotnet.gc.last_collection.heap.fragmentation.size (By)[gc.heap.generation=gen2],Metric,0
09/11/2026 06:04:27,System.Runtime,dotnet.gc.last_collection.heap.fragmentation.size (By)[gc.heap.generation=gen1],Metric,0
09/11/2026 06:04:27,System.Runtime,dotnet.timer.count ({timer}),Metric,2
09/11/2026 06:04:27,System.Runtime,dotnet.assembly.count ({assembly}),Metric,61
09/11/2026 06:04:27,System.Runtime,dotnet.gc.heap.total_allocated (By / 1 sec),Rate,146576
09/11/2026 06:04:27,System.Runtime,dotnet.gc.last_collection.heap.size (By)[gc.heap.generation=gen0],Metric,0
09/11/2026 06:04:27,System.Runtime,dotnet.gc.last_collection.heap.size (By)[gc.heap.generation=loh],Metric,0
09/11/2026 06:04:27,System.Runtime,dotnet.gc.last_collection.heap.size (By)[gc.heap.generation=poh],Metric,0
09/11/2026 06:04:27,System.Runtime,dotnet.gc.last_collection.heap.size (By)[gc.heap.generation=gen2],Metric,0
09/11/2026 06:04:27,System.Runtime,dotnet.gc.last_collection.heap.size (By)[gc.heap.generation=gen1],Metric,0
09/11/2026 06:04:27,System.Runtime,dotnet.thread_pool.work_item.count ({work_item} / 1 sec),Rate,601
09/11/2026 06:04:27,System.Runtime,dotnet.process.memory.working_set (By),Metric,91193344
09/11/2026 06:04:27,System.Runtime,dotnet.thread_pool.thread.count ({thread} / 1 sec),Rate,0
09/11/2026 06:04:27,System.Runtime,dotnet.jit.compilation.time (s / 1 sec),Rate,0
09/11/2026 06:04:28,System.Runtime,dotnet.jit.compiled_il.size (By / 1 sec),Rate,0
09/11/2026 06:04:28,System.Runtime,dotnet.jit.compiled_methods ({method} / 1 sec),Rate,0
09/11/2026 06:04:28,System.Runtime,dotnet.monitor.lock_contentions ({contention} / 1 sec),Rate,0
09/11/2026 06:04:28,System.Runtime,dotnet.gc.collections ({collection} / 1 sec)[gc.heap.generation=gen0],Rate,0
09/11/2026 06:04:28,System.Runtime,dotnet.gc.collections ({collection} / 1 sec)[gc.heap.generation=gen2],Rate,0
09/11/2026 06:04:28,System.Runtime,dotnet.gc.collections ({collection} / 1 sec)[gc.heap.generation=gen1],Rate,0
09/11/2026 06:04:28,System.Runtime,dotnet.process.cpu.time (s / 1 sec)[cpu.mode=user],Rate,0.5865780000000029
09/11/2026 06:04:28,System.Runtime,dotnet.process.cpu.time (s / 1 sec)[cpu.mode=system],Rate,0.03818100000000024
09/11/2026 06:04:28,System.Runtime,dotnet.process.cpu.count ({cpu}),Metric,15
09/11/2026 06:04:28,System.Runtime,dotnet.gc.pause.time (s / 1 sec),Rate,0
09/11/2026 06:04:28,System.Runtime,dotnet.thread_pool.queue.length ({work_item} / 1 sec),Rate,0
09/11/2026 06:04:28,System.Runtime,dotnet.gc.last_collection.memory.committed_size (By),Metric,0
09/11/2026 06:04:28,System.Runtime,dotnet.gc.last_collection.heap.fragmentation.size (By)[gc.heap.generation=gen0],Metric,0
09/11/2026 06:04:28,System.Runtime,dotnet.gc.last_collection.heap.fragmentation.size (By)[gc.heap.generation=loh],Metric,0
09/11/2026 06:04:28,System.Runtime,dotnet.gc.last_collection.heap.fragmentation.size (By)[gc.heap.generation=poh],Metric,0
09/11/2026 06:04:28,System.Runtime,dotnet.gc.last_collection.heap.fragmentation.size (By)[gc.heap.generation=gen2],Metric,0
09/11/2026 06:04:28,System.Runtime,dotnet.gc.last_collection.heap.fragmentation.size (By)[gc.heap.generation=gen1],Metric,0
09/11/2026 06:04:28,System.Runtime,dotnet.timer.count ({timer}),Metric,2
09/11/2026 06:04:28,System.Runtime,dotnet.assembly.count ({assembly}),Metric,61
09/11/2026 06:04:28,System.Runtime,dotnet.gc.heap.total_allocated (By / 1 sec),Rate,139400
09/11/2026 06:04:28,System.Runtime,dotnet.gc.last_collection.heap.size (By)[gc.heap.generation=gen0],Metric,0
09/11/2026 06:04:28,System.Runtime,dotnet.gc.last_collection.heap.size (By)[gc.heap.generation=loh],Metric,0
09/11/2026 06:04:28,System.Runtime,dotnet.gc.last_collection.heap.size (By)[gc.heap.generation=poh],Metric,0
09/11/2026 06:04:28,System.Runtime,dotnet.gc.last_collection.heap.size (By)[gc.heap.generation=gen2],Metric,0
09/11/2026 06:04:28,System.Runtime,dotnet.gc.last_collection.heap.size (By)[gc.heap.generation=gen1],Metric,0
09/11/2026 06:04:28,System.Runtime,dotnet.thread_pool.work_item.count ({work_item} / 1 sec),Rate,605
09/11/2026 06:04:28,System.Runtime,dotnet.process.memory.working_set (By),Metric,91357184
09/11/2026 06:04:28,System.Runtime,dotnet.thread_pool.thread.count ({thread} / 1 sec),Rate,0
09/11/2026 06:04:28,System.Runtime,dotnet.jit.compilation.time (s / 1 sec),Rate,0
09/11/2026 06:04:29,System.Runtime,dotnet.jit.compiled_il.size (By / 1 sec),Rate,0
09/11/2026 06:04:29,System.Runtime,dotnet.jit.compiled_methods ({method} / 1 sec),Rate,0
09/11/2026 06:04:29,System.Runtime,dotnet.monitor.lock_contentions ({contention} / 1 sec),Rate,0
09/11/2026 06:04:29,System.Runtime,dotnet.gc.collections ({collection} / 1 sec)[gc.heap.generation=gen0],Rate,0
09/11/2026 06:04:29,System.Runtime,dotnet.gc.collections ({collection} / 1 sec)[gc.heap.generation=gen2],Rate,0
09/11/2026 06:04:29,System.Runtime,dotnet.gc.collections ({collection} / 1 sec)[gc.heap.generation=gen1],Rate,0
09/11/2026 06:04:29,System.Runtime,dotnet.process.cpu.time (s / 1 sec)[cpu.mode=user],Rate,0.5809369999999987
09/11/2026 06:04:29,System.Runtime,dotnet.process.cpu.time (s / 1 sec)[cpu.mode=system],Rate,0.038349999999999884
09/11/2026 06:04:29,System.Runtime,dotnet.process.cpu.count ({cpu}),Metric,15
09/11/2026 06:04:29,System.Runtime,dotnet.gc.pause.time (s / 1 sec),Rate,0
09/11/2026 06:04:29,System.Runtime,dotnet.thread_pool.queue.length ({work_item} / 1 sec),Rate,0
09/11/2026 06:04:29,System.Runtime,dotnet.gc.last_collection.memory.committed_size (By),Metric,0
09/11/2026 06:04:29,System.Runtime,dotnet.gc.last_collection.heap.fragmentation.size (By)[gc.heap.generation=gen0],Metric,0
09/11/2026 06:04:29,System.Runtime,dotnet.gc.last_collection.heap.fragmentation.size (By)[gc.heap.generation=loh],Metric,0
09/11/2026 06:04:29,System.Runtime,dotnet.gc.last_collection.heap.fragmentation.size (By)[gc.heap.generation=poh],Metric,0
09/11/2026 06:04:29,System.Runtime,dotnet.gc.last_collection.heap.fragmentation.size (By)[gc.heap.generation=gen2],Metric,0
09/11/2026 06:04:29,System.Runtime,dotnet.gc.last_collection.heap.fragmentation.size (By)[gc.heap.generation=gen1],Metric,0
09/11/2026 06:04:29,System.Runtime,dotnet.timer.count ({timer}),Metric,2
09/11/2026 06:04:29,System.Runtime,dotnet.assembly.count ({assembly}),Metric,61
09/11/2026 06:04:29,System.Runtime,dotnet.gc.heap.total_allocated (By / 1 sec),Rate,131200
09/11/2026 06:04:29,System.Runtime,dotnet.gc.last_collection.heap.size (By)[gc.heap.generation=gen0],Metric,0
09/11/2026 06:04:29,System.Runtime,dotnet.gc.last_collection.heap.size (By)[gc.heap.generation=loh],Metric,0
09/11/2026 06:04:29,System.Runtime,dotnet.gc.last_collection.heap.size (By)[gc.heap.generation=poh],Metric,0
09/11/2026 06:04:29,System.Runtime,dotnet.gc.last_collection.heap.size (By)[gc.heap.generation=gen2],Metric,0
09/11/2026 06:04:29,System.Runtime,dotnet.gc.last_collection.heap.size (By)[gc.heap.generation=gen1],Metric,0
09/11/2026 06:04:29,System.Runtime,dotnet.thread_pool.work_item.count ({work_item} / 1 sec),Rate,602
09/11/2026 06:04:29,System.Runtime,dotnet.process.memory.working_set (By),Metric,91504640
09/11/2026 06:04:29,System.Runtime,dotnet.thread_pool.thread.count ({thread} / 1 sec),Rate,0
09/11/2026 06:04:29,System.Runtime,dotnet.jit.compilation.time (s / 1 sec),Rate,0
09/11/2026 06:04:30,System.Runtime,dotnet.jit.compiled_il.size (By / 1 sec),Rate,0
09/11/2026 06:04:30,System.Runtime,dotnet.jit.compiled_methods ({method} / 1 sec),Rate,0
09/11/2026 06:04:30,System.Runtime,dotnet.monitor.lock_contentions ({contention} / 1 sec),Rate,0
09/11/2026 06:04:30,System.Runtime,dotnet.gc.collections ({collection} / 1 sec)[gc.heap.generation=gen0],Rate,0
09/11/2026 06:04:30,System.Runtime,dotnet.gc.collections ({collection} / 1 sec)[gc.heap.generation=gen2],Rate,0
09/11/2026 06:04:30,System.Runtime,dotnet.gc.collections ({collection} / 1 sec)[gc.heap.generation=gen1],Rate,0
09/11/2026 06:04:30,System.Runtime,dotnet.process.cpu.time (s / 1 sec)[cpu.mode=user],Rate,0.5803689999999975
09/11/2026 06:04:30,System.Runtime,dotnet.process.cpu.time (s / 1 sec)[cpu.mode=system],Rate,0.036506999999999845
09/11/2026 06:04:30,System.Runtime,dotnet.process.cpu.count ({cpu}),Metric,15
09/11/2026 06:04:30,System.Runtime,dotnet.gc.pause.time (s / 1 sec),Rate,0
09/11/2026 06:04:30,System.Runtime,dotnet.thread_pool.queue.length ({work_item} / 1 sec),Rate,0
09/11/2026 06:04:30,System.Runtime,dotnet.gc.last_collection.memory.committed_size (By),Metric,0
09/11/2026 06:04:30,System.Runtime,dotnet.gc.last_collection.heap.fragmentation.size (By)[gc.heap.generation=gen0],Metric,0
09/11/2026 06:04:30,System.Runtime,dotnet.gc.last_collection.heap.fragmentation.size (By)[gc.heap.generation=loh],Metric,0
09/11/2026 06:04:30,System.Runtime,dotnet.gc.last_collection.heap.fragmentation.size (By)[gc.heap.generation=poh],Metric,0
09/11/2026 06:04:30,System.Runtime,dotnet.gc.last_collection.heap.fragmentation.size (By)[gc.heap.generation=gen2],Metric,0
09/11/2026 06:04:30,System.Runtime,dotnet.gc.last_collection.heap.fragmentation.size (By)[gc.heap.generation=gen1],Metric,0
09/11/2026 06:04:30,System.Runtime,dotnet.timer.count ({timer}),Metric,2
09/11/2026 06:04:30,System.Runtime,dotnet.assembly.count ({assembly}),Metric,61
09/11/2026 06:04:30,System.Runtime,dotnet.gc.heap.total_allocated (By / 1 sec),Rate,147600
09/11/2026 06:04:30,System.Runtime,dotnet.gc.last_collection.heap.size (By)[gc.heap.generation=gen0],Metric,0
09/11/2026 06:04:30,System.Runtime,dotnet.gc.last_collection.heap.size (By)[gc.heap.generation=loh],Metric,0
09/11/2026 06:04:30,System.Runtime,dotnet.gc.last_collection.heap.size (By)[gc.heap.generation=poh],Metric,0
09/11/2026 06:04:30,System.Runtime,dotnet.gc.last_collection.heap.size (By)[gc.heap.generation=gen2],Metric,0
09/11/2026 06:04:30,System.Runtime,dotnet.gc.last_collection.heap.size (By)[gc.heap.generation=gen1],Metric,0
09/11/2026 06:04:30,System.Runtime,dotnet.thread_pool.work_item.count ({work_item} / 1 sec),Rate,601
09/11/2026 06:04:30,System.Runtime,dotnet.process.memory.working_set (By),Metric,91619328
09/11/2026 06:04:30,System.Runtime,dotnet.thread_pool.thread.count ({thread} / 1 sec),Rate,0
09/11/2026 06:04:30,System.Runtime,dotnet.jit.compilation.time (s / 1 sec),Rate,0
09/11/2026 06:04:31,System.Runtime,dotnet.jit.compiled_il.size (By / 1 sec),Rate,0
09/11/2026 06:04:31,System.Runtime,dotnet.jit.compiled_methods ({method} / 1 sec),Rate,0
09/11/2026 06:04:31,System.Runtime,dotnet.monitor.lock_contentions ({contention} / 1 sec),Rate,0
09/11/2026 06:04:31,System.Runtime,dotnet.gc.collections ({collection} / 1 sec)[gc.heap.generation=gen0],Rate,0
09/11/2026 06:04:31,System.Runtime,dotnet.gc.collections ({collection} / 1 sec)[gc.heap.generation=gen2],Rate,0
09/11/2026 06:04:31,System.Runtime,dotnet.gc.collections ({collection} / 1 sec)[gc.heap.generation=gen1],Rate,0
09/11/2026 06:04:31,System.Runtime,dotnet.process.cpu.time (s / 1 sec)[cpu.mode=user],Rate,0.5818730000000016
09/11/2026 06:04:31,System.Runtime,dotnet.process.cpu.time (s / 1 sec)[cpu.mode=system],Rate,0.0357160000000003
09/11/2026 06:04:31,System.Runtime,dotnet.process.cpu.count ({cpu}),Metric,15
09/11/2026 06:04:31,System.Runtime,dotnet.gc.pause.time (s / 1 sec),Rate,0
09/11/2026 06:04:31,System.Runtime,dotnet.thread_pool.queue.length ({work_item} / 1 sec),Rate,0
09/11/2026 06:04:31,System.Runtime,dotnet.gc.last_collection.memory.committed_size (By),Metric,0
09/11/2026 06:04:31,System.Runtime,dotnet.gc.last_collection.heap.fragmentation.size (By)[gc.heap.generation=gen0],Metric,0
09/11/2026 06:04:31,System.Runtime,dotnet.gc.last_collection.heap.fragmentation.size (By)[gc.heap.generation=loh],Metric,0
09/11/2026 06:04:31,System.Runtime,dotnet.gc.last_collection.heap.fragmentation.size (By)[gc.heap.generation=poh],Metric,0
09/11/2026 06:04:31,System.Runtime,dotnet.gc.last_collection.heap.fragmentation.size (By)[gc.heap.generation=gen2],Metric,0
09/11/2026 06:04:31,System.Runtime,dotnet.gc.last_collection.heap.fragmentation.size (By)[gc.heap.generation=gen1],Metric,0
09/11/2026 06:04:31,System.Runtime,dotnet.timer.count ({timer}),Metric,2
09/11/2026 06:04:31,System.Runtime,dotnet.assembly.count ({assembly}),Metric,61
09/11/2026 06:04:31,System.Runtime,dotnet.gc.heap.total_allocated (By / 1 sec),Rate,131176
09/11/2026 06:04:31,System.Runtime,dotnet.gc.last_collection.heap.size (By)[gc.heap.generation=gen0],Metric,0
09/11/2026 06:04:31,System.Runtime,dotnet.gc.last_collection.heap.size (By)[gc.heap.generation=loh],Metric,0
09/11/2026 06:04:31,System.Runtime,dotnet.gc.last_collection.heap.size (By)[gc.heap.generation=poh],Metric,0
09/11/2026 06:04:31,System.Runtime,dotnet.gc.last_collection.heap.size (By)[gc.heap.generation=gen2],Metric,0
09/11/2026 06:04:31,System.Runtime,dotnet.gc.last_collection.heap.size (By)[gc.heap.generation=gen1],Metric,0
09/11/2026 06:04:31,System.Runtime,dotnet.thread_pool.work_item.count ({work_item} / 1 sec),Rate,610
09/11/2026 06:04:31,System.Runtime,dotnet.process.memory.working_set (By),Metric,91783168
09/11/2026 06:04:31,System.Runtime,dotnet.thread_pool.thread.count ({thread} / 1 sec),Rate,0
09/11/2026 06:04:31,System.Runtime,dotnet.jit.compilation.time (s / 1 sec),Rate,0
09/11/2026 06:04:32,System.Runtime,dotnet.jit.compiled_il.size (By / 1 sec),Rate,0
09/11/2026 06:04:32,System.Runtime,dotnet.jit.compiled_methods ({method} / 1 sec),Rate,0
09/11/2026 06:04:32,System.Runtime,dotnet.monitor.lock_contentions ({contention} / 1 sec),Rate,0
09/11/2026 06:04:32,System.Runtime,dotnet.gc.collections ({collection} / 1 sec)[gc.heap.generation=gen0],Rate,0
09/11/2026 06:04:32,System.Runtime,dotnet.gc.collections ({collection} / 1 sec)[gc.heap.generation=gen2],Rate,0
09/11/2026 06:04:32,System.Runtime,dotnet.gc.collections ({collection} / 1 sec)[gc.heap.generation=gen1],Rate,0
09/11/2026 06:04:32,System.Runtime,dotnet.process.cpu.time (s / 1 sec)[cpu.mode=user],Rate,0.5847079999999991
09/11/2026 06:04:32,System.Runtime,dotnet.process.cpu.time (s / 1 sec)[cpu.mode=system],Rate,0.03724099999999986
09/11/2026 06:04:32,System.Runtime,dotnet.process.cpu.count ({cpu}),Metric,15
09/11/2026 06:04:32,System.Runtime,dotnet.gc.pause.time (s / 1 sec),Rate,0
09/11/2026 06:04:32,System.Runtime,dotnet.thread_pool.queue.length ({work_item} / 1 sec),Rate,0
09/11/2026 06:04:32,System.Runtime,dotnet.gc.last_collection.memory.committed_size (By),Metric,0
09/11/2026 06:04:32,System.Runtime,dotnet.gc.last_collection.heap.fragmentation.size (By)[gc.heap.generation=gen0],Metric,0
09/11/2026 06:04:32,System.Runtime,dotnet.gc.last_collection.heap.fragmentation.size (By)[gc.heap.generation=loh],Metric,0
09/11/2026 06:04:32,System.Runtime,dotnet.gc.last_collection.heap.fragmentation.size (By)[gc.heap.generation=poh],Metric,0
09/11/2026 06:04:32,System.Runtime,dotnet.gc.last_collection.heap.fragmentation.size (By)[gc.heap.generation=gen2],Metric,0
09/11/2026 06:04:32,System.Runtime,dotnet.gc.last_collection.heap.fragmentation.size (By)[gc.heap.generation=gen1],Metric,0
09/11/2026 06:04:32,System.Runtime,dotnet.timer.count ({timer}),Metric,2
09/11/2026 06:04:32,System.Runtime,dotnet.assembly.count ({assembly}),Metric,61
09/11/2026 06:04:32,System.Runtime,dotnet.gc.heap.total_allocated (By / 1 sec),Rate,138376
09/11/2026 06:04:32,System.Runtime,dotnet.gc.last_collection.heap.size (By)[gc.heap.generation=gen0],Metric,0
09/11/2026 06:04:32,System.Runtime,dotnet.gc.last_collection.heap.size (By)[gc.heap.generation=loh],Metric,0
09/11/2026 06:04:32,System.Runtime,dotnet.gc.last_collection.heap.size (By)[gc.heap.generation=poh],Metric,0
09/11/2026 06:04:32,System.Runtime,dotnet.gc.last_collection.heap.size (By)[gc.heap.generation=gen2],Metric,0
09/11/2026 06:04:32,System.Runtime,dotnet.gc.last_collection.heap.size (By)[gc.heap.generation=gen1],Metric,0
09/11/2026 06:04:32,System.Runtime,dotnet.thread_pool.work_item.count ({work_item} / 1 sec),Rate,601
09/11/2026 06:04:32,System.Runtime,dotnet.process.memory.working_set (By),Metric,91914240
09/11/2026 06:04:32,System.Runtime,dotnet.thread_pool.thread.count ({thread} / 1 sec),Rate,0
09/11/2026 06:04:32,System.Runtime,dotnet.jit.compilation.time (s / 1 sec),Rate,0
09/11/2026 06:04:33,System.Runtime,dotnet.jit.compiled_il.size (By / 1 sec),Rate,0
09/11/2026 06:04:33,System.Runtime,dotnet.jit.compiled_methods ({method} / 1 sec),Rate,0
09/11/2026 06:04:33,System.Runtime,dotnet.monitor.lock_contentions ({contention} / 1 sec),Rate,0
09/11/2026 06:04:33,System.Runtime,dotnet.gc.collections ({collection} / 1 sec)[gc.heap.generation=gen0],Rate,0
09/11/2026 06:04:33,System.Runtime,dotnet.gc.collections ({collection} / 1 sec)[gc.heap.generation=gen2],Rate,0
09/11/2026 06:04:33,System.Runtime,dotnet.gc.collections ({collection} / 1 sec)[gc.heap.generation=gen1],Rate,0
09/11/2026 06:04:33,System.Runtime,dotnet.process.cpu.time (s / 1 sec)[cpu.mode=user],Rate,0.5839089999999985
09/11/2026 06:04:33,System.Runtime,dotnet.process.cpu.time (s / 1 sec)[cpu.mode=system],Rate,0.03832000000000013
09/11/2026 06:04:33,System.Runtime,dotnet.process.cpu.count ({cpu}),Metric,15
09/11/2026 06:04:33,System.Runtime,dotnet.gc.pause.time (s / 1 sec),Rate,0
09/11/2026 06:04:33,System.Runtime,dotnet.thread_pool.queue.length ({work_item} / 1 sec),Rate,0
09/11/2026 06:04:33,System.Runtime,dotnet.gc.last_collection.memory.committed_size (By),Metric,0
09/11/2026 06:04:33,System.Runtime,dotnet.gc.last_collection.heap.fragmentation.size (By)[gc.heap.generation=gen0],Metric,0
09/11/2026 06:04:33,System.Runtime,dotnet.gc.last_collection.heap.fragmentation.size (By)[gc.heap.generation=loh],Metric,0
09/11/2026 06:04:33,System.Runtime,dotnet.gc.last_collection.heap.fragmentation.size (By)[gc.heap.generation=poh],Metric,0
09/11/2026 06:04:33,System.Runtime,dotnet.gc.last_collection.heap.fragmentation.size (By)[gc.heap.generation=gen2],Metric,0
09/11/2026 06:04:33,System.Runtime,dotnet.gc.last_collection.heap.fragmentation.size (By)[gc.heap.generation=gen1],Metric,0
09/11/2026 06:04:33,System.Runtime,dotnet.timer.count ({timer}),Metric,2
09/11/2026 06:04:33,System.Runtime,dotnet.assembly.count ({assembly}),Metric,61
09/11/2026 06:04:33,System.Runtime,dotnet.gc.heap.total_allocated (By / 1 sec),Rate,131200
09/11/2026 06:04:33,System.Runtime,dotnet.gc.last_collection.heap.size (By)[gc.heap.generation=gen0],Metric,0
09/11/2026 06:04:33,System.Runtime,dotnet.gc.last_collection.heap.size (By)[gc.heap.generation=loh],Metric,0
09/11/2026 06:04:33,System.Runtime,dotnet.gc.last_collection.heap.size (By)[gc.heap.generation=poh],Metric,0
09/11/2026 06:04:33,System.Runtime,dotnet.gc.last_collection.heap.size (By)[gc.heap.generation=gen2],Metric,0
09/11/2026 06:04:33,System.Runtime,dotnet.gc.last_collection.heap.size (By)[gc.heap.generation=gen1],Metric,0
09/11/2026 06:04:33,System.Runtime,dotnet.thread_pool.work_item.count ({work_item} / 1 sec),Rate,601
09/11/2026 06:04:33,System.Runtime,dotnet.process.memory.working_set (By),Metric,92061696
09/11/2026 06:04:33,System.Runtime,dotnet.thread_pool.thread.count ({thread} / 1 sec),Rate,0
09/11/2026 06:04:33,System.Runtime,dotnet.jit.compilation.time (s / 1 sec),Rate,0
09/11/2026 06:04:34,System.Runtime,dotnet.jit.compiled_il.size (By / 1 sec),Rate,23
09/11/2026 06:04:34,System.Runtime,dotnet.jit.compiled_methods ({method} / 1 sec),Rate,1
09/11/2026 06:04:34,System.Runtime,dotnet.monitor.lock_contentions ({contention} / 1 sec),Rate,0
09/11/2026 06:04:34,System.Runtime,dotnet.gc.collections ({collection} / 1 sec)[gc.heap.generation=gen0],Rate,0
09/11/2026 06:04:34,System.Runtime,dotnet.gc.collections ({collection} / 1 sec)[gc.heap.generation=gen2],Rate,0
09/11/2026 06:04:34,System.Runtime,dotnet.gc.collections ({collection} / 1 sec)[gc.heap.generation=gen1],Rate,0
09/11/2026 06:04:34,System.Runtime,dotnet.process.cpu.time (s / 1 sec)[cpu.mode=user],Rate,0.5857650000000021
09/11/2026 06:04:34,System.Runtime,dotnet.process.cpu.time (s / 1 sec)[cpu.mode=system],Rate,0.03782799999999975
09/11/2026 06:04:34,System.Runtime,dotnet.process.cpu.count ({cpu}),Metric,15
09/11/2026 06:04:34,System.Runtime,dotnet.gc.pause.time (s / 1 sec),Rate,0
09/11/2026 06:04:34,System.Runtime,dotnet.thread_pool.queue.length ({work_item} / 1 sec),Rate,0
09/11/2026 06:04:34,System.Runtime,dotnet.gc.last_collection.memory.committed_size (By),Metric,0
09/11/2026 06:04:34,System.Runtime,dotnet.gc.last_collection.heap.fragmentation.size (By)[gc.heap.generation=gen0],Metric,0
09/11/2026 06:04:34,System.Runtime,dotnet.gc.last_collection.heap.fragmentation.size (By)[gc.heap.generation=loh],Metric,0
09/11/2026 06:04:34,System.Runtime,dotnet.gc.last_collection.heap.fragmentation.size (By)[gc.heap.generation=poh],Metric,0
09/11/2026 06:04:34,System.Runtime,dotnet.gc.last_collection.heap.fragmentation.size (By)[gc.heap.generation=gen2],Metric,0
09/11/2026 06:04:34,System.Runtime,dotnet.gc.last_collection.heap.fragmentation.size (By)[gc.heap.generation=gen1],Metric,0
09/11/2026 06:04:34,System.Runtime,dotnet.timer.count ({timer}),Metric,2
09/11/2026 06:04:34,System.Runtime,dotnet.assembly.count ({assembly}),Metric,61
09/11/2026 06:04:34,System.Runtime,dotnet.gc.heap.total_allocated (By / 1 sec),Rate,146592
09/11/2026 06:04:34,System.Runtime,dotnet.gc.last_collection.heap.size (By)[gc.heap.generation=gen0],Metric,0
09/11/2026 06:04:34,System.Runtime,dotnet.gc.last_collection.heap.size (By)[gc.heap.generation=loh],Metric,0
09/11/2026 06:04:34,System.Runtime,dotnet.gc.last_collection.heap.size (By)[gc.heap.generation=poh],Metric,0
09/11/2026 06:04:34,System.Runtime,dotnet.gc.last_collection.heap.size (By)[gc.heap.generation=gen2],Metric,0
09/11/2026 06:04:34,System.Runtime,dotnet.gc.last_collection.heap.size (By)[gc.heap.generation=gen1],Metric,0
09/11/2026 06:04:34,System.Runtime,dotnet.thread_pool.work_item.count ({work_item} / 1 sec),Rate,602
09/11/2026 06:04:34,System.Runtime,dotnet.process.memory.working_set (By),Metric,92291072
09/11/2026 06:04:34,System.Runtime,dotnet.thread_pool.thread.count ({thread} / 1 sec),Rate,0
09/11/2026 06:04:34,System.Runtime,dotnet.jit.compilation.time (s / 1 sec),Rate,0.0005100000000000104
09/11/2026 06:04:35,System.Runtime,dotnet.jit.compiled_il.size (By / 1 sec),Rate,0
09/11/2026 06:04:35,System.Runtime,dotnet.jit.compiled_methods ({method} / 1 sec),Rate,0
09/11/2026 06:04:35,System.Runtime,dotnet.monitor.lock_contentions ({contention} / 1 sec),Rate,0
09/11/2026 06:04:35,System.Runtime,dotnet.gc.collections ({collection} / 1 sec)[gc.heap.generation=gen0],Rate,0
09/11/2026 06:04:35,System.Runtime,dotnet.gc.collections ({collection} / 1 sec)[gc.heap.generation=gen2],Rate,0
09/11/2026 06:04:35,System.Runtime,dotnet.gc.collections ({collection} / 1 sec)[gc.heap.generation=gen1],Rate,0
09/11/2026 06:04:35,System.Runtime,dotnet.process.cpu.time (s / 1 sec)[cpu.mode=user],Rate,0.5808090000000021
09/11/2026 06:04:35,System.Runtime,dotnet.process.cpu.time (s / 1 sec)[cpu.mode=system],Rate,0.03462100000000001
09/11/2026 06:04:35,System.Runtime,dotnet.process.cpu.count ({cpu}),Metric,15
09/11/2026 06:04:35,System.Runtime,dotnet.gc.pause.time (s / 1 sec),Rate,0
09/11/2026 06:04:35,System.Runtime,dotnet.thread_pool.queue.length ({work_item} / 1 sec),Rate,0
09/11/2026 06:04:35,System.Runtime,dotnet.gc.last_collection.memory.committed_size (By),Metric,0
09/11/2026 06:04:35,System.Runtime,dotnet.gc.last_collection.heap.fragmentation.size (By)[gc.heap.generation=gen0],Metric,0
09/11/2026 06:04:35,System.Runtime,dotnet.gc.last_collection.heap.fragmentation.size (By)[gc.heap.generation=loh],Metric,0
09/11/2026 06:04:35,System.Runtime,dotnet.gc.last_collection.heap.fragmentation.size (By)[gc.heap.generation=poh],Metric,0
09/11/2026 06:04:35,System.Runtime,dotnet.gc.last_collection.heap.fragmentation.size (By)[gc.heap.generation=gen2],Metric,0
09/11/2026 06:04:35,System.Runtime,dotnet.gc.last_collection.heap.fragmentation.size (By)[gc.heap.generation=gen1],Metric,0
09/11/2026 06:04:35,System.Runtime,dotnet.timer.count ({timer}),Metric,2
09/11/2026 06:04:35,System.Runtime,dotnet.assembly.count ({assembly}),Metric,61
09/11/2026 06:04:35,System.Runtime,dotnet.gc.heap.total_allocated (By / 1 sec),Rate,139360
09/11/2026 06:04:35,System.Runtime,dotnet.gc.last_collection.heap.size (By)[gc.heap.generation=gen0],Metric,0
09/11/2026 06:04:35,System.Runtime,dotnet.gc.last_collection.heap.size (By)[gc.heap.generation=loh],Metric,0
09/11/2026 06:04:35,System.Runtime,dotnet.gc.last_collection.heap.size (By)[gc.heap.generation=poh],Metric,0
09/11/2026 06:04:35,System.Runtime,dotnet.gc.last_collection.heap.size (By)[gc.heap.generation=gen2],Metric,0
09/11/2026 06:04:35,System.Runtime,dotnet.gc.last_collection.heap.size (By)[gc.heap.generation=gen1],Metric,0
09/11/2026 06:04:35,System.Runtime,dotnet.thread_pool.work_item.count ({work_item} / 1 sec),Rate,618
09/11/2026 06:04:35,System.Runtime,dotnet.process.memory.working_set (By),Metric,92454912
09/11/2026 06:04:35,System.Runtime,dotnet.thread_pool.thread.count ({thread} / 1 sec),Rate,0
09/11/2026 06:04:35,System.Runtime,dotnet.jit.compilation.time (s / 1 sec),Rate,0
09/11/2026 06:04:36,System.Runtime,dotnet.jit.compiled_il.size (By / 1 sec),Rate,0
09/11/2026 06:04:36,System.Runtime,dotnet.jit.compiled_methods ({method} / 1 sec),Rate,0
09/11/2026 06:04:36,System.Runtime,dotnet.monitor.lock_contentions ({contention} / 1 sec),Rate,0
09/11/2026 06:04:36,System.Runtime,dotnet.gc.collections ({collection} / 1 sec)[gc.heap.generation=gen0],Rate,0
09/11/2026 06:04:36,System.Runtime,dotnet.gc.collections ({collection} / 1 sec)[gc.heap.generation=gen2],Rate,0
09/11/2026 06:04:36,System.Runtime,dotnet.gc.collections ({collection} / 1 sec)[gc.heap.generation=gen1],Rate,0
09/11/2026 06:04:36,System.Runtime,dotnet.process.cpu.time (s / 1 sec)[cpu.mode=user],Rate,0.5842059999999947
09/11/2026 06:04:36,System.Runtime,dotnet.process.cpu.time (s / 1 sec)[cpu.mode=system],Rate,0.036841000000000346
09/11/2026 06:04:36,System.Runtime,dotnet.process.cpu.count ({cpu}),Metric,15
09/11/2026 06:04:36,System.Runtime,dotnet.gc.pause.time (s / 1 sec),Rate,0
09/11/2026 06:04:36,System.Runtime,dotnet.thread_pool.queue.length ({work_item} / 1 sec),Rate,0
09/11/2026 06:04:36,System.Runtime,dotnet.gc.last_collection.memory.committed_size (By),Metric,0
09/11/2026 06:04:36,System.Runtime,dotnet.gc.last_collection.heap.fragmentation.size (By)[gc.heap.generation=gen0],Metric,0
09/11/2026 06:04:36,System.Runtime,dotnet.gc.last_collection.heap.fragmentation.size (By)[gc.heap.generation=loh],Metric,0
09/11/2026 06:04:36,System.Runtime,dotnet.gc.last_collection.heap.fragmentation.size (By)[gc.heap.generation=poh],Metric,0
09/11/2026 06:04:36,System.Runtime,dotnet.gc.last_collection.heap.fragmentation.size (By)[gc.heap.generation=gen2],Metric,0
09/11/2026 06:04:36,System.Runtime,dotnet.gc.last_collection.heap.fragmentation.size (By)[gc.heap.generation=gen1],Metric,0
09/11/2026 06:04:36,System.Runtime,dotnet.timer.count ({timer}),Metric,2
09/11/2026 06:04:36,System.Runtime,dotnet.assembly.count ({assembly}),Metric,61
09/11/2026 06:04:36,System.Runtime,dotnet.gc.heap.total_allocated (By / 1 sec),Rate,130176
09/11/2026 06:04:36,System.Runtime,dotnet.gc.last_collection.heap.size (By)[gc.heap.generation=gen0],Metric,0
09/11/2026 06:04:36,System.Runtime,dotnet.gc.last_collection.heap.size (By)[gc.heap.generation=loh],Metric,0
09/11/2026 06:04:36,System.Runtime,dotnet.gc.last_collection.heap.size (By)[gc.heap.generation=poh],Metric,0
09/11/2026 06:04:36,System.Runtime,dotnet.gc.last_collection.heap.size (By)[gc.heap.generation=gen2],Metric,0
09/11/2026 06:04:36,System.Runtime,dotnet.gc.last_collection.heap.size (By)[gc.heap.generation=gen1],Metric,0
09/11/2026 06:04:36,System.Runtime,dotnet.thread_pool.work_item.count ({work_item} / 1 sec),Rate,601
09/11/2026 06:04:36,System.Runtime,dotnet.process.memory.working_set (By),Metric,92602368
09/11/2026 06:04:36,System.Runtime,dotnet.thread_pool.thread.count ({thread} / 1 sec),Rate,0
09/11/2026 06:04:36,System.Runtime,dotnet.jit.compilation.time (s / 1 sec),Rate,0
09/11/2026 06:04:37,System.Runtime,dotnet.jit.compiled_il.size (By / 1 sec),Rate,0
09/11/2026 06:04:37,System.Runtime,dotnet.jit.compiled_methods ({method} / 1 sec),Rate,0
09/11/2026 06:04:37,System.Runtime,dotnet.monitor.lock_contentions ({contention} / 1 sec),Rate,0
09/11/2026 06:04:37,System.Runtime,dotnet.gc.collections ({collection} / 1 sec)[gc.heap.generation=gen0],Rate,0
09/11/2026 06:04:37,System.Runtime,dotnet.gc.collections ({collection} / 1 sec)[gc.heap.generation=gen2],Rate,0
09/11/2026 06:04:37,System.Runtime,dotnet.gc.collections ({collection} / 1 sec)[gc.heap.generation=gen1],Rate,0
09/11/2026 06:04:37,System.Runtime,dotnet.process.cpu.time (s / 1 sec)[cpu.mode=user],Rate,0.5870000000000033
09/11/2026 06:04:37,System.Runtime,dotnet.process.cpu.time (s / 1 sec)[cpu.mode=system],Rate,0.03949799999999959
09/11/2026 06:04:37,System.Runtime,dotnet.process.cpu.count ({cpu}),Metric,15
09/11/2026 06:04:37,System.Runtime,dotnet.gc.pause.time (s / 1 sec),Rate,0
09/11/2026 06:04:37,System.Runtime,dotnet.thread_pool.queue.length ({work_item} / 1 sec),Rate,0
09/11/2026 06:04:37,System.Runtime,dotnet.gc.last_collection.memory.committed_size (By),Metric,0
09/11/2026 06:04:37,System.Runtime,dotnet.gc.last_collection.heap.fragmentation.size (By)[gc.heap.generation=gen0],Metric,0
09/11/2026 06:04:37,System.Runtime,dotnet.gc.last_collection.heap.fragmentation.size (By)[gc.heap.generation=loh],Metric,0
09/11/2026 06:04:37,System.Runtime,dotnet.gc.last_collection.heap.fragmentation.size (By)[gc.heap.generation=poh],Metric,0
09/11/2026 06:04:37,System.Runtime,dotnet.gc.last_collection.heap.fragmentation.size (By)[gc.heap.generation=gen2],Metric,0
09/11/2026 06:04:37,System.Runtime,dotnet.gc.last_collection.heap.fragmentation.size (By)[gc.heap.generation=gen1],Metric,0
09/11/2026 06:04:37,System.Runtime,dotnet.timer.count ({timer}),Metric,2
09/11/2026 06:04:37,System.Runtime,dotnet.assembly.count ({assembly}),Metric,61
09/11/2026 06:04:37,System.Runtime,dotnet.gc.heap.total_allocated (By / 1 sec),Rate,138360
09/11/2026 06:04:37,System.Runtime,dotnet.gc.last_collection.heap.size (By)[gc.heap.generation=gen0],Metric,0
09/11/2026 06:04:37,System.Runtime,dotnet.gc.last_collection.heap.size (By)[gc.heap.generation=loh],Metric,0
09/11/2026 06:04:37,System.Runtime,dotnet.gc.last_collection.heap.size (By)[gc.heap.generation=poh],Metric,0
09/11/2026 06:04:37,System.Runtime,dotnet.gc.last_collection.heap.size (By)[gc.heap.generation=gen2],Metric,0
09/11/2026 06:04:37,System.Runtime,dotnet.gc.last_collection.heap.size (By)[gc.heap.generation=gen1],Metric,0
09/11/2026 06:04:37,System.Runtime,dotnet.thread_pool.work_item.count ({work_item} / 1 sec),Rate,601
09/11/2026 06:04:37,System.Runtime,dotnet.process.memory.working_set (By),Metric,92733440
09/11/2026 06:04:37,System.Runtime,dotnet.thread_pool.thread.count ({thread} / 1 sec),Rate,0
09/11/2026 06:04:37,System.Runtime,dotnet.jit.compilation.time (s / 1 sec),Rate,0
09/11/2026 06:04:38,System.Runtime,dotnet.jit.compiled_il.size (By / 1 sec),Rate,0
09/11/2026 06:04:38,System.Runtime,dotnet.jit.compiled_methods ({method} / 1 sec),Rate,0
09/11/2026 06:04:38,System.Runtime,dotnet.monitor.lock_contentions ({contention} / 1 sec),Rate,0
09/11/2026 06:04:38,System.Runtime,dotnet.gc.collections ({collection} / 1 sec)[gc.heap.generation=gen0],Rate,0
09/11/2026 06:04:38,System.Runtime,dotnet.gc.collections ({collection} / 1 sec)[gc.heap.generation=gen2],Rate,0
09/11/2026 06:04:38,System.Runtime,dotnet.gc.collections ({collection} / 1 sec)[gc.heap.generation=gen1],Rate,0
09/11/2026 06:04:38,System.Runtime,dotnet.process.cpu.time (s / 1 sec)[cpu.mode=user],Rate,0.5837000000000003
09/11/2026 06:04:38,System.Runtime,dotnet.process.cpu.time (s / 1 sec)[cpu.mode=system],Rate,0.0415350000000001
09/11/2026 06:04:38,System.Runtime,dotnet.process.cpu.count ({cpu}),Metric,15
09/11/2026 06:04:38,System.Runtime,dotnet.gc.pause.time (s / 1 sec),Rate,0
09/11/2026 06:04:38,System.Runtime,dotnet.thread_pool.queue.length ({work_item} / 1 sec),Rate,0
09/11/2026 06:04:38,System.Runtime,dotnet.gc.last_collection.memory.committed_size (By),Metric,0
09/11/2026 06:04:38,System.Runtime,dotnet.gc.last_collection.heap.fragmentation.size (By)[gc.heap.generation=gen0],Metric,0
09/11/2026 06:04:38,System.Runtime,dotnet.gc.last_collection.heap.fragmentation.size (By)[gc.heap.generation=loh],Metric,0
09/11/2026 06:04:38,System.Runtime,dotnet.gc.last_collection.heap.fragmentation.size (By)[gc.heap.generation=poh],Metric,0
09/11/2026 06:04:38,System.Runtime,dotnet.gc.last_collection.heap.fragmentation.size (By)[gc.heap.generation=gen2],Metric,0
09/11/2026 06:04:38,System.Runtime,dotnet.gc.last_collection.heap.fragmentation.size (By)[gc.heap.generation=gen1],Metric,0
09/11/2026 06:04:38,System.Runtime,dotnet.timer.count ({timer}),Metric,2
09/11/2026 06:04:38,System.Runtime,dotnet.assembly.count ({assembly}),Metric,61
09/11/2026 06:04:38,System.Runtime,dotnet.gc.heap.total_allocated (By / 1 sec),Rate,130176
09/11/2026 06:04:38,System.Runtime,dotnet.gc.last_collection.heap.size (By)[gc.heap.generation=gen0],Metric,0
09/11/2026 06:04:38,System.Runtime,dotnet.gc.last_collection.heap.size (By)[gc.heap.generation=loh],Metric,0
09/11/2026 06:04:38,System.Runtime,dotnet.gc.last_collection.heap.size (By)[gc.heap.generation=poh],Metric,0
09/11/2026 06:04:38,System.Runtime,dotnet.gc.last_collection.heap.size (By)[gc.heap.generation=gen2],Metric,0
09/11/2026 06:04:38,System.Runtime,dotnet.gc.last_collection.heap.size (By)[gc.heap.generation=gen1],Metric,0
09/11/2026 06:04:38,System.Runtime,dotnet.thread_pool.work_item.count ({work_item} / 1 sec),Rate,601
09/11/2026 06:04:38,System.Runtime,dotnet.process.memory.working_set (By),Metric,92864512
09/11/2026 06:04:38,System.Runtime,dotnet.thread_pool.thread.count ({thread} / 1 sec),Rate,0
09/11/2026 06:04:38,System.Runtime,dotnet.jit.compilation.time (s / 1 sec),Rate,0
09/11/2026 06:04:39,System.Runtime,dotnet.jit.compiled_il.size (By / 1 sec),Rate,340
09/11/2026 06:04:39,System.Runtime,dotnet.jit.compiled_methods ({method} / 1 sec),Rate,5
09/11/2026 06:04:39,System.Runtime,dotnet.monitor.lock_contentions ({contention} / 1 sec),Rate,0
09/11/2026 06:04:39,System.Runtime,dotnet.gc.collections ({collection} / 1 sec)[gc.heap.generation=gen0],Rate,0
09/11/2026 06:04:39,System.Runtime,dotnet.gc.collections ({collection} / 1 sec)[gc.heap.generation=gen2],Rate,0
09/11/2026 06:04:39,System.Runtime,dotnet.gc.collections ({collection} / 1 sec)[gc.heap.generation=gen1],Rate,0
09/11/2026 06:04:39,System.Runtime,dotnet.process.cpu.time (s / 1 sec)[cpu.mode=user],Rate,0.5837509999999995
09/11/2026 06:04:39,System.Runtime,dotnet.process.cpu.time (s / 1 sec)[cpu.mode=system],Rate,0.03831300000000004
09/11/2026 06:04:39,System.Runtime,dotnet.process.cpu.count ({cpu}),Metric,15
09/11/2026 06:04:39,System.Runtime,dotnet.gc.pause.time (s / 1 sec),Rate,0
09/11/2026 06:04:39,System.Runtime,dotnet.thread_pool.queue.length ({work_item} / 1 sec),Rate,0
09/11/2026 06:04:39,System.Runtime,dotnet.gc.last_collection.memory.committed_size (By),Metric,0
09/11/2026 06:04:39,System.Runtime,dotnet.gc.last_collection.heap.fragmentation.size (By)[gc.heap.generation=gen0],Metric,0
09/11/2026 06:04:39,System.Runtime,dotnet.gc.last_collection.heap.fragmentation.size (By)[gc.heap.generation=loh],Metric,0
09/11/2026 06:04:39,System.Runtime,dotnet.gc.last_collection.heap.fragmentation.size (By)[gc.heap.generation=poh],Metric,0
09/11/2026 06:04:39,System.Runtime,dotnet.gc.last_collection.heap.fragmentation.size (By)[gc.heap.generation=gen2],Metric,0
09/11/2026 06:04:39,System.Runtime,dotnet.gc.last_collection.heap.fragmentation.size (By)[gc.heap.generation=gen1],Metric,0
09/11/2026 06:04:39,System.Runtime,dotnet.timer.count ({timer}),Metric,2
09/11/2026 06:04:39,System.Runtime,dotnet.assembly.count ({assembly}),Metric,61
09/11/2026 06:04:39,System.Runtime,dotnet.gc.heap.total_allocated (By / 1 sec),Rate,145424
09/11/2026 06:04:39,System.Runtime,dotnet.gc.last_collection.heap.size (By)[gc.heap.generation=gen0],Metric,0
09/11/2026 06:04:39,System.Runtime,dotnet.gc.last_collection.heap.size (By)[gc.heap.generation=loh],Metric,0
09/11/2026 06:04:39,System.Runtime,dotnet.gc.last_collection.heap.size (By)[gc.heap.generation=poh],Metric,0
09/11/2026 06:04:39,System.Runtime,dotnet.gc.last_collection.heap.size (By)[gc.heap.generation=gen2],Metric,0
09/11/2026 06:04:39,System.Runtime,dotnet.gc.last_collection.heap.size (By)[gc.heap.generation=gen1],Metric,0
09/11/2026 06:04:39,System.Runtime,dotnet.thread_pool.work_item.count ({work_item} / 1 sec),Rate,602
09/11/2026 06:04:39,System.Runtime,dotnet.process.memory.working_set (By),Metric,93093888
09/11/2026 06:04:39,System.Runtime,dotnet.thread_pool.thread.count ({thread} / 1 sec),Rate,0
09/11/2026 06:04:39,System.Runtime,dotnet.jit.compilation.time (s / 1 sec),Rate,0.004103599999999985
09/11/2026 06:04:40,System.Runtime,dotnet.jit.compiled_il.size (By / 1 sec),Rate,0
09/11/2026 06:04:40,System.Runtime,dotnet.jit.compiled_methods ({method} / 1 sec),Rate,0
09/11/2026 06:04:40,System.Runtime,dotnet.monitor.lock_contentions ({contention} / 1 sec),Rate,0
09/11/2026 06:04:40,System.Runtime,dotnet.gc.collections ({collection} / 1 sec)[gc.heap.generation=gen0],Rate,0
09/11/2026 06:04:40,System.Runtime,dotnet.gc.collections ({collection} / 1 sec)[gc.heap.generation=gen2],Rate,0
09/11/2026 06:04:40,System.Runtime,dotnet.gc.collections ({collection} / 1 sec)[gc.heap.generation=gen1],Rate,0
09/11/2026 06:04:40,System.Runtime,dotnet.process.cpu.time (s / 1 sec)[cpu.mode=user],Rate,0.5799889999999976
09/11/2026 06:04:40,System.Runtime,dotnet.process.cpu.time (s / 1 sec)[cpu.mode=system],Rate,0.0350109999999999
09/11/2026 06:04:40,System.Runtime,dotnet.process.cpu.count ({cpu}),Metric,15
09/11/2026 06:04:40,System.Runtime,dotnet.gc.pause.time (s / 1 sec),Rate,0
09/11/2026 06:04:40,System.Runtime,dotnet.thread_pool.queue.length ({work_item} / 1 sec),Rate,0
09/11/2026 06:04:40,System.Runtime,dotnet.gc.last_collection.memory.committed_size (By),Metric,0
09/11/2026 06:04:40,System.Runtime,dotnet.gc.last_collection.heap.fragmentation.size (By)[gc.heap.generation=gen0],Metric,0
09/11/2026 06:04:40,System.Runtime,dotnet.gc.last_collection.heap.fragmentation.size (By)[gc.heap.generation=loh],Metric,0
09/11/2026 06:04:40,System.Runtime,dotnet.gc.last_collection.heap.fragmentation.size (By)[gc.heap.generation=poh],Metric,0
09/11/2026 06:04:40,System.Runtime,dotnet.gc.last_collection.heap.fragmentation.size (By)[gc.heap.generation=gen2],Metric,0
09/11/2026 06:04:40,System.Runtime,dotnet.gc.last_collection.heap.fragmentation.size (By)[gc.heap.generation=gen1],Metric,0
09/11/2026 06:04:40,System.Runtime,dotnet.timer.count ({timer}),Metric,2
09/11/2026 06:04:40,System.Runtime,dotnet.assembly.count ({assembly}),Metric,61
09/11/2026 06:04:40,System.Runtime,dotnet.gc.heap.total_allocated (By / 1 sec),Rate,130096
09/11/2026 06:04:40,System.Runtime,dotnet.gc.last_collection.heap.size (By)[gc.heap.generation=gen0],Metric,0
09/11/2026 06:04:40,System.Runtime,dotnet.gc.last_collection.heap.size (By)[gc.heap.generation=loh],Metric,0
09/11/2026 06:04:40,System.Runtime,dotnet.gc.last_collection.heap.size (By)[gc.heap.generation=poh],Metric,0
09/11/2026 06:04:40,System.Runtime,dotnet.gc.last_collection.heap.size (By)[gc.heap.generation=gen2],Metric,0
09/11/2026 06:04:40,System.Runtime,dotnet.gc.last_collection.heap.size (By)[gc.heap.generation=gen1],Metric,0
09/11/2026 06:04:40,System.Runtime,dotnet.thread_pool.work_item.count ({work_item} / 1 sec),Rate,601
09/11/2026 06:04:40,System.Runtime,dotnet.process.memory.working_set (By),Metric,93257728
09/11/2026 06:04:40,System.Runtime,dotnet.thread_pool.thread.count ({thread} / 1 sec),Rate,0
09/11/2026 06:04:40,System.Runtime,dotnet.jit.compilation.time (s / 1 sec),Rate,0
09/11/2026 06:04:41,System.Runtime,dotnet.jit.compiled_il.size (By / 1 sec),Rate,0
09/11/2026 06:04:41,System.Runtime,dotnet.jit.compiled_methods ({method} / 1 sec),Rate,0
09/11/2026 06:04:41,System.Runtime,dotnet.monitor.lock_contentions ({contention} / 1 sec),Rate,0
09/11/2026 06:04:41,System.Runtime,dotnet.gc.collections ({collection} / 1 sec)[gc.heap.generation=gen0],Rate,0
09/11/2026 06:04:41,System.Runtime,dotnet.gc.collections ({collection} / 1 sec)[gc.heap.generation=gen2],Rate,0
09/11/2026 06:04:41,System.Runtime,dotnet.gc.collections ({collection} / 1 sec)[gc.heap.generation=gen1],Rate,0
09/11/2026 06:04:41,System.Runtime,dotnet.process.cpu.time (s / 1 sec)[cpu.mode=user],Rate,0.5867530000000016
09/11/2026 06:04:41,System.Runtime,dotnet.process.cpu.time (s / 1 sec)[cpu.mode=system],Rate,0.039232000000000156
09/11/2026 06:04:41,System.Runtime,dotnet.process.cpu.count ({cpu}),Metric,15
09/11/2026 06:04:41,System.Runtime,dotnet.gc.pause.time (s / 1 sec),Rate,0
09/11/2026 06:04:41,System.Runtime,dotnet.thread_pool.queue.length ({work_item} / 1 sec),Rate,0
09/11/2026 06:04:41,System.Runtime,dotnet.gc.last_collection.memory.committed_size (By),Metric,0
09/11/2026 06:04:41,System.Runtime,dotnet.gc.last_collection.heap.fragmentation.size (By)[gc.heap.generation=gen0],Metric,0
09/11/2026 06:04:41,System.Runtime,dotnet.gc.last_collection.heap.fragmentation.size (By)[gc.heap.generation=loh],Metric,0
09/11/2026 06:04:41,System.Runtime,dotnet.gc.last_collection.heap.fragmentation.size (By)[gc.heap.generation=poh],Metric,0
09/11/2026 06:04:41,System.Runtime,dotnet.gc.last_collection.heap.fragmentation.size (By)[gc.heap.generation=gen2],Metric,0
09/11/2026 06:04:41,System.Runtime,dotnet.gc.last_collection.heap.fragmentation.size (By)[gc.heap.generation=gen1],Metric,0
09/11/2026 06:04:41,System.Runtime,dotnet.timer.count ({timer}),Metric,2
09/11/2026 06:04:41,System.Runtime,dotnet.assembly.count ({assembly}),Metric,61
09/11/2026 06:04:41,System.Runtime,dotnet.gc.heap.total_allocated (By / 1 sec),Rate,154776
09/11/2026 06:04:41,System.Runtime,dotnet.gc.last_collection.heap.size (By)[gc.heap.generation=gen0],Metric,0
09/11/2026 06:04:41,System.Runtime,dotnet.gc.last_collection.heap.size (By)[gc.heap.generation=loh],Metric,0
09/11/2026 06:04:41,System.Runtime,dotnet.gc.last_collection.heap.size (By)[gc.heap.generation=poh],Metric,0
09/11/2026 06:04:41,System.Runtime,dotnet.gc.last_collection.heap.size (By)[gc.heap.generation=gen2],Metric,0
09/11/2026 06:04:41,System.Runtime,dotnet.gc.last_collection.heap.size (By)[gc.heap.generation=gen1],Metric,0
09/11/2026 06:04:41,System.Runtime,dotnet.thread_pool.work_item.count ({work_item} / 1 sec),Rate,627
09/11/2026 06:04:41,System.Runtime,dotnet.process.memory.working_set (By),Metric,93421568
09/11/2026 06:04:41,System.Runtime,dotnet.thread_pool.thread.count ({thread} / 1 sec),Rate,0
09/11/2026 06:04:41,System.Runtime,dotnet.jit.compilation.time (s / 1 sec),Rate,0
09/11/2026 06:04:42,System.Runtime,dotnet.jit.compiled_il.size (By / 1 sec),Rate,0
09/11/2026 06:04:42,System.Runtime,dotnet.jit.compiled_methods ({method} / 1 sec),Rate,0
09/11/2026 06:04:42,System.Runtime,dotnet.monitor.lock_contentions ({contention} / 1 sec),Rate,0
09/11/2026 06:04:42,System.Runtime,dotnet.gc.collections ({collection} / 1 sec)[gc.heap.generation=gen0],Rate,0
09/11/2026 06:04:42,System.Runtime,dotnet.gc.collections ({collection} / 1 sec)[gc.heap.generation=gen2],Rate,0
09/11/2026 06:04:42,System.Runtime,dotnet.gc.collections ({collection} / 1 sec)[gc.heap.generation=gen1],Rate,0
09/11/2026 06:04:42,System.Runtime,dotnet.process.cpu.time (s / 1 sec)[cpu.mode=user],Rate,0.5825299999999984
09/11/2026 06:04:42,System.Runtime,dotnet.process.cpu.time (s / 1 sec)[cpu.mode=system],Rate,0.036735000000000184
09/11/2026 06:04:42,System.Runtime,dotnet.process.cpu.count ({cpu}),Metric,15
09/11/2026 06:04:42,System.Runtime,dotnet.gc.pause.time (s / 1 sec),Rate,0
09/11/2026 06:04:42,System.Runtime,dotnet.thread_pool.queue.length ({work_item} / 1 sec),Rate,0
09/11/2026 06:04:42,System.Runtime,dotnet.gc.last_collection.memory.committed_size (By),Metric,0
09/11/2026 06:04:42,System.Runtime,dotnet.gc.last_collection.heap.fragmentation.size (By)[gc.heap.generation=gen0],Metric,0
09/11/2026 06:04:42,System.Runtime,dotnet.gc.last_collection.heap.fragmentation.size (By)[gc.heap.generation=loh],Metric,0
09/11/2026 06:04:42,System.Runtime,dotnet.gc.last_collection.heap.fragmentation.size (By)[gc.heap.generation=poh],Metric,0
09/11/2026 06:04:42,System.Runtime,dotnet.gc.last_collection.heap.fragmentation.size (By)[gc.heap.generation=gen2],Metric,0
09/11/2026 06:04:42,System.Runtime,dotnet.gc.last_collection.heap.fragmentation.size (By)[gc.heap.generation=gen1],Metric,0
09/11/2026 06:04:42,System.Runtime,dotnet.timer.count ({timer}),Metric,2
09/11/2026 06:04:42,System.Runtime,dotnet.assembly.count ({assembly}),Metric,61
09/11/2026 06:04:42,System.Runtime,dotnet.gc.heap.total_allocated (By / 1 sec),Rate,131072
09/11/2026 06:04:42,System.Runtime,dotnet.gc.last_collection.heap.size (By)[gc.heap.generation=gen0],Metric,0
09/11/2026 06:04:42,System.Runtime,dotnet.gc.last_collection.heap.size (By)[gc.heap.generation=loh],Metric,0
09/11/2026 06:04:42,System.Runtime,dotnet.gc.last_collection.heap.size (By)[gc.heap.generation=poh],Metric,0
09/11/2026 06:04:42,System.Runtime,dotnet.gc.last_collection.heap.size (By)[gc.heap.generation=gen2],Metric,0
09/11/2026 06:04:42,System.Runtime,dotnet.gc.last_collection.heap.size (By)[gc.heap.generation=gen1],Metric,0
09/11/2026 06:04:42,System.Runtime,dotnet.thread_pool.work_item.count ({work_item} / 1 sec),Rate,601
09/11/2026 06:04:42,System.Runtime,dotnet.process.memory.working_set (By),Metric,93585408
09/11/2026 06:04:42,System.Runtime,dotnet.thread_pool.thread.count ({thread} / 1 sec),Rate,0
09/11/2026 06:04:42,System.Runtime,dotnet.jit.compilation.time (s / 1 sec),Rate,0
09/11/2026 06:04:43,System.Runtime,dotnet.jit.compiled_il.size (By / 1 sec),Rate,0
09/11/2026 06:04:43,System.Runtime,dotnet.jit.compiled_methods ({method} / 1 sec),Rate,0
09/11/2026 06:04:43,System.Runtime,dotnet.monitor.lock_contentions ({contention} / 1 sec),Rate,0
09/11/2026 06:04:43,System.Runtime,dotnet.gc.collections ({collection} / 1 sec)[gc.heap.generation=gen0],Rate,0
09/11/2026 06:04:43,System.Runtime,dotnet.gc.collections ({collection} / 1 sec)[gc.heap.generation=gen2],Rate,0
09/11/2026 06:04:43,System.Runtime,dotnet.gc.collections ({collection} / 1 sec)[gc.heap.generation=gen1],Rate,0
09/11/2026 06:04:43,System.Runtime,dotnet.process.cpu.time (s / 1 sec)[cpu.mode=user],Rate,0.5870020000000054
09/11/2026 06:04:43,System.Runtime,dotnet.process.cpu.time (s / 1 sec)[cpu.mode=system],Rate,0.03719799999999962
09/11/2026 06:04:43,System.Runtime,dotnet.process.cpu.count ({cpu}),Metric,15
09/11/2026 06:04:43,System.Runtime,dotnet.gc.pause.time (s / 1 sec),Rate,0
09/11/2026 06:04:43,System.Runtime,dotnet.thread_pool.queue.length ({work_item} / 1 sec),Rate,0
09/11/2026 06:04:43,System.Runtime,dotnet.gc.last_collection.memory.committed_size (By),Metric,0
09/11/2026 06:04:43,System.Runtime,dotnet.gc.last_collection.heap.fragmentation.size (By)[gc.heap.generation=gen0],Metric,0
09/11/2026 06:04:43,System.Runtime,dotnet.gc.last_collection.heap.fragmentation.size (By)[gc.heap.generation=loh],Metric,0
09/11/2026 06:04:43,System.Runtime,dotnet.gc.last_collection.heap.fragmentation.size (By)[gc.heap.generation=poh],Metric,0
09/11/2026 06:04:43,System.Runtime,dotnet.gc.last_collection.heap.fragmentation.size (By)[gc.heap.generation=gen2],Metric,0
09/11/2026 06:04:43,System.Runtime,dotnet.gc.last_collection.heap.fragmentation.size (By)[gc.heap.generation=gen1],Metric,0
09/11/2026 06:04:43,System.Runtime,dotnet.timer.count ({timer}),Metric,2
09/11/2026 06:04:43,System.Runtime,dotnet.assembly.count ({assembly}),Metric,61
09/11/2026 06:04:43,System.Runtime,dotnet.gc.heap.total_allocated (By / 1 sec),Rate,130176
09/11/2026 06:04:43,System.Runtime,dotnet.gc.last_collection.heap.size (By)[gc.heap.generation=gen0],Metric,0
09/11/2026 06:04:43,System.Runtime,dotnet.gc.last_collection.heap.size (By)[gc.heap.generation=loh],Metric,0
09/11/2026 06:04:43,System.Runtime,dotnet.gc.last_collection.heap.size (By)[gc.heap.generation=poh],Metric,0
09/11/2026 06:04:43,System.Runtime,dotnet.gc.last_collection.heap.size (By)[gc.heap.generation=gen2],Metric,0
09/11/2026 06:04:43,System.Runtime,dotnet.gc.last_collection.heap.size (By)[gc.heap.generation=gen1],Metric,0
09/11/2026 06:04:43,System.Runtime,dotnet.thread_pool.work_item.count ({work_item} / 1 sec),Rate,601
09/11/2026 06:04:43,System.Runtime,dotnet.process.memory.working_set (By),Metric,93683712
09/11/2026 06:04:43,System.Runtime,dotnet.thread_pool.thread.count ({thread} / 1 sec),Rate,0
09/11/2026 06:04:43,System.Runtime,dotnet.jit.compilation.time (s / 1 sec),Rate,0
09/11/2026 06:04:44,System.Runtime,dotnet.jit.compiled_il.size (By / 1 sec),Rate,0
09/11/2026 06:04:44,System.Runtime,dotnet.jit.compiled_methods ({method} / 1 sec),Rate,0
09/11/2026 06:04:44,System.Runtime,dotnet.monitor.lock_contentions ({contention} / 1 sec),Rate,0
09/11/2026 06:04:44,System.Runtime,dotnet.gc.collections ({collection} / 1 sec)[gc.heap.generation=gen0],Rate,0
09/11/2026 06:04:44,System.Runtime,dotnet.gc.collections ({collection} / 1 sec)[gc.heap.generation=gen2],Rate,0
09/11/2026 06:04:44,System.Runtime,dotnet.gc.collections ({collection} / 1 sec)[gc.heap.generation=gen1],Rate,0
09/11/2026 06:04:44,System.Runtime,dotnet.process.cpu.time (s / 1 sec)[cpu.mode=user],Rate,0.5740209999999948
09/11/2026 06:04:44,System.Runtime,dotnet.process.cpu.time (s / 1 sec)[cpu.mode=system],Rate,0.037212000000000245
09/11/2026 06:04:44,System.Runtime,dotnet.process.cpu.count ({cpu}),Metric,15
09/11/2026 06:04:44,System.Runtime,dotnet.gc.pause.time (s / 1 sec),Rate,0
09/11/2026 06:04:44,System.Runtime,dotnet.thread_pool.queue.length ({work_item} / 1 sec),Rate,0
09/11/2026 06:04:44,System.Runtime,dotnet.gc.last_collection.memory.committed_size (By),Metric,0
09/11/2026 06:04:44,System.Runtime,dotnet.gc.last_collection.heap.fragmentation.size (By)[gc.heap.generation=gen0],Metric,0
09/11/2026 06:04:44,System.Runtime,dotnet.gc.last_collection.heap.fragmentation.size (By)[gc.heap.generation=loh],Metric,0
09/11/2026 06:04:44,System.Runtime,dotnet.gc.last_collection.heap.fragmentation.size (By)[gc.heap.generation=poh],Metric,0
09/11/2026 06:04:44,System.Runtime,dotnet.gc.last_collection.heap.fragmentation.size (By)[gc.heap.generation=gen2],Metric,0
09/11/2026 06:04:44,System.Runtime,dotnet.gc.last_collection.heap.fragmentation.size (By)[gc.heap.generation=gen1],Metric,0
09/11/2026 06:04:44,System.Runtime,dotnet.timer.count ({timer}),Metric,2
09/11/2026 06:04:44,System.Runtime,dotnet.assembly.count ({assembly}),Metric,61
09/11/2026 06:04:44,System.Runtime,dotnet.gc.heap.total_allocated (By / 1 sec),Rate,150680
09/11/2026 06:04:44,System.Runtime,dotnet.gc.last_collection.heap.size (By)[gc.heap.generation=gen0],Metric,0
09/11/2026 06:04:44,System.Runtime,dotnet.gc.last_collection.heap.size (By)[gc.heap.generation=loh],Metric,0
09/11/2026 06:04:44,System.Runtime,dotnet.gc.last_collection.heap.size (By)[gc.heap.generation=poh],Metric,0
09/11/2026 06:04:44,System.Runtime,dotnet.gc.last_collection.heap.size (By)[gc.heap.generation=gen2],Metric,0
09/11/2026 06:04:44,System.Runtime,dotnet.gc.last_collection.heap.size (By)[gc.heap.generation=gen1],Metric,0
09/11/2026 06:04:44,System.Runtime,dotnet.thread_pool.work_item.count ({work_item} / 1 sec),Rate,599
09/11/2026 06:04:44,System.Runtime,dotnet.process.memory.working_set (By),Metric,93831168
09/11/2026 06:04:44,System.Runtime,dotnet.thread_pool.thread.count ({thread} / 1 sec),Rate,0
09/11/2026 06:04:44,System.Runtime,dotnet.jit.compilation.time (s / 1 sec),Rate,0
09/11/2026 06:04:45,System.Runtime,dotnet.jit.compiled_il.size (By / 1 sec),Rate,0
09/11/2026 06:04:45,System.Runtime,dotnet.jit.compiled_methods ({method} / 1 sec),Rate,0
09/11/2026 06:04:45,System.Runtime,dotnet.monitor.lock_contentions ({contention} / 1 sec),Rate,0
09/11/2026 06:04:45,System.Runtime,dotnet.gc.collections ({collection} / 1 sec)[gc.heap.generation=gen0],Rate,0
09/11/2026 06:04:45,System.Runtime,dotnet.gc.collections ({collection} / 1 sec)[gc.heap.generation=gen2],Rate,0
09/11/2026 06:04:45,System.Runtime,dotnet.gc.collections ({collection} / 1 sec)[gc.heap.generation=gen1],Rate,0
09/11/2026 06:04:45,System.Runtime,dotnet.process.cpu.time (s / 1 sec)[cpu.mode=user],Rate,0.5829690000000056
09/11/2026 06:04:45,System.Runtime,dotnet.process.cpu.time (s / 1 sec)[cpu.mode=system],Rate,0.03526600000000002
09/11/2026 06:04:45,System.Runtime,dotnet.process.cpu.count ({cpu}),Metric,15
09/11/2026 06:04:45,System.Runtime,dotnet.gc.pause.time (s / 1 sec),Rate,0
09/11/2026 06:04:45,System.Runtime,dotnet.thread_pool.queue.length ({work_item} / 1 sec),Rate,0
09/11/2026 06:04:45,System.Runtime,dotnet.gc.last_collection.memory.committed_size (By),Metric,0
09/11/2026 06:04:45,System.Runtime,dotnet.gc.last_collection.heap.fragmentation.size (By)[gc.heap.generation=gen0],Metric,0
09/11/2026 06:04:45,System.Runtime,dotnet.gc.last_collection.heap.fragmentation.size (By)[gc.heap.generation=loh],Metric,0
09/11/2026 06:04:45,System.Runtime,dotnet.gc.last_collection.heap.fragmentation.size (By)[gc.heap.generation=poh],Metric,0
09/11/2026 06:04:45,System.Runtime,dotnet.gc.last_collection.heap.fragmentation.size (By)[gc.heap.generation=gen2],Metric,0
09/11/2026 06:04:45,System.Runtime,dotnet.gc.last_collection.heap.fragmentation.size (By)[gc.heap.generation=gen1],Metric,0
09/11/2026 06:04:45,System.Runtime,dotnet.timer.count ({timer}),Metric,2
09/11/2026 06:04:45,System.Runtime,dotnet.assembly.count ({assembly}),Metric,61
09/11/2026 06:04:45,System.Runtime,dotnet.gc.heap.total_allocated (By / 1 sec),Rate,147568
09/11/2026 06:04:45,System.Runtime,dotnet.gc.last_collection.heap.size (By)[gc.heap.generation=gen0],Metric,0
09/11/2026 06:04:45,System.Runtime,dotnet.gc.last_collection.heap.size (By)[gc.heap.generation=loh],Metric,0
09/11/2026 06:04:45,System.Runtime,dotnet.gc.last_collection.heap.size (By)[gc.heap.generation=poh],Metric,0
09/11/2026 06:04:45,System.Runtime,dotnet.gc.last_collection.heap.size (By)[gc.heap.generation=gen2],Metric,0
09/11/2026 06:04:45,System.Runtime,dotnet.gc.last_collection.heap.size (By)[gc.heap.generation=gen1],Metric,0
09/11/2026 06:04:45,System.Runtime,dotnet.thread_pool.work_item.count ({work_item} / 1 sec),Rate,601
09/11/2026 06:04:45,System.Runtime,dotnet.process.memory.working_set (By),Metric,94011392
09/11/2026 06:04:45,System.Runtime,dotnet.thread_pool.thread.count ({thread} / 1 sec),Rate,0
09/11/2026 06:04:45,System.Runtime,dotnet.jit.compilation.time (s / 1 sec),Rate,0
09/11/2026 06:04:46,System.Runtime,dotnet.jit.compiled_il.size (By / 1 sec),Rate,0
09/11/2026 06:04:46,System.Runtime,dotnet.jit.compiled_methods ({method} / 1 sec),Rate,0
09/11/2026 06:04:46,System.Runtime,dotnet.monitor.lock_contentions ({contention} / 1 sec),Rate,0
09/11/2026 06:04:46,System.Runtime,dotnet.gc.collections ({collection} / 1 sec)[gc.heap.generation=gen0],Rate,0
09/11/2026 06:04:46,System.Runtime,dotnet.gc.collections ({collection} / 1 sec)[gc.heap.generation=gen2],Rate,0
09/11/2026 06:04:46,System.Runtime,dotnet.gc.collections ({collection} / 1 sec)[gc.heap.generation=gen1],Rate,0
09/11/2026 06:04:46,System.Runtime,dotnet.process.cpu.time (s / 1 sec)[cpu.mode=user],Rate,0.5854239999999962
09/11/2026 06:04:46,System.Runtime,dotnet.process.cpu.time (s / 1 sec)[cpu.mode=system],Rate,0.03791999999999973
09/11/2026 06:04:46,System.Runtime,dotnet.process.cpu.count ({cpu}),Metric,15
09/11/2026 06:04:46,System.Runtime,dotnet.gc.pause.time (s / 1 sec),Rate,0
09/11/2026 06:04:46,System.Runtime,dotnet.thread_pool.queue.length ({work_item} / 1 sec),Rate,0
09/11/2026 06:04:46,System.Runtime,dotnet.gc.last_collection.memory.committed_size (By),Metric,0
09/11/2026 06:04:46,System.Runtime,dotnet.gc.last_collection.heap.fragmentation.size (By)[gc.heap.generation=gen0],Metric,0
09/11/2026 06:04:46,System.Runtime,dotnet.gc.last_collection.heap.fragmentation.size (By)[gc.heap.generation=loh],Metric,0
09/11/2026 06:04:46,System.Runtime,dotnet.gc.last_collection.heap.fragmentation.size (By)[gc.heap.generation=poh],Metric,0
09/11/2026 06:04:46,System.Runtime,dotnet.gc.last_collection.heap.fragmentation.size (By)[gc.heap.generation=gen2],Metric,0
09/11/2026 06:04:46,System.Runtime,dotnet.gc.last_collection.heap.fragmentation.size (By)[gc.heap.generation=gen1],Metric,0
09/11/2026 06:04:46,System.Runtime,dotnet.timer.count ({timer}),Metric,2
09/11/2026 06:04:46,System.Runtime,dotnet.assembly.count ({assembly}),Metric,61
09/11/2026 06:04:46,System.Runtime,dotnet.gc.heap.total_allocated (By / 1 sec),Rate,131200
09/11/2026 06:04:46,System.Runtime,dotnet.gc.last_collection.heap.size (By)[gc.heap.generation=gen0],Metric,0
09/11/2026 06:04:46,System.Runtime,dotnet.gc.last_collection.heap.size (By)[gc.heap.generation=loh],Metric,0
09/11/2026 06:04:46,System.Runtime,dotnet.gc.last_collection.heap.size (By)[gc.heap.generation=poh],Metric,0
09/11/2026 06:04:46,System.Runtime,dotnet.gc.last_collection.heap.size (By)[gc.heap.generation=gen2],Metric,0
09/11/2026 06:04:46,System.Runtime,dotnet.gc.last_collection.heap.size (By)[gc.heap.generation=gen1],Metric,0
09/11/2026 06:04:46,System.Runtime,dotnet.thread_pool.work_item.count ({work_item} / 1 sec),Rate,601
09/11/2026 06:04:46,System.Runtime,dotnet.process.memory.working_set (By),Metric,94158848
09/11/2026 06:04:46,System.Runtime,dotnet.thread_pool.thread.count ({thread} / 1 sec),Rate,0
09/11/2026 06:04:46,System.Runtime,dotnet.jit.compilation.time (s / 1 sec),Rate,0
09/11/2026 06:04:47,System.Runtime,dotnet.jit.compiled_il.size (By / 1 sec),Rate,0
09/11/2026 06:04:47,System.Runtime,dotnet.jit.compiled_methods ({method} / 1 sec),Rate,0
09/11/2026 06:04:47,System.Runtime,dotnet.monitor.lock_contentions ({contention} / 1 sec),Rate,0
09/11/2026 06:04:47,System.Runtime,dotnet.gc.collections ({collection} / 1 sec)[gc.heap.generation=gen0],Rate,0
09/11/2026 06:04:47,System.Runtime,dotnet.gc.collections ({collection} / 1 sec)[gc.heap.generation=gen2],Rate,0
09/11/2026 06:04:47,System.Runtime,dotnet.gc.collections ({collection} / 1 sec)[gc.heap.generation=gen1],Rate,0
09/11/2026 06:04:47,System.Runtime,dotnet.process.cpu.time (s / 1 sec)[cpu.mode=user],Rate,0.5822319999999976
09/11/2026 06:04:47,System.Runtime,dotnet.process.cpu.time (s / 1 sec)[cpu.mode=system],Rate,0.03626800000000019
09/11/2026 06:04:47,System.Runtime,dotnet.process.cpu.count ({cpu}),Metric,15
09/11/2026 06:04:47,System.Runtime,dotnet.gc.pause.time (s / 1 sec),Rate,0
09/11/2026 06:04:47,System.Runtime,dotnet.thread_pool.queue.length ({work_item} / 1 sec),Rate,0
09/11/2026 06:04:47,System.Runtime,dotnet.gc.last_collection.memory.committed_size (By),Metric,0
09/11/2026 06:04:47,System.Runtime,dotnet.gc.last_collection.heap.fragmentation.size (By)[gc.heap.generation=gen0],Metric,0
09/11/2026 06:04:47,System.Runtime,dotnet.gc.last_collection.heap.fragmentation.size (By)[gc.heap.generation=loh],Metric,0
09/11/2026 06:04:47,System.Runtime,dotnet.gc.last_collection.heap.fragmentation.size (By)[gc.heap.generation=poh],Metric,0
09/11/2026 06:04:47,System.Runtime,dotnet.gc.last_collection.heap.fragmentation.size (By)[gc.heap.generation=gen2],Metric,0
09/11/2026 06:04:47,System.Runtime,dotnet.gc.last_collection.heap.fragmentation.size (By)[gc.heap.generation=gen1],Metric,0
09/11/2026 06:04:47,System.Runtime,dotnet.timer.count ({timer}),Metric,2
09/11/2026 06:04:47,System.Runtime,dotnet.assembly.count ({assembly}),Metric,61
09/11/2026 06:04:47,System.Runtime,dotnet.gc.heap.total_allocated (By / 1 sec),Rate,138376
09/11/2026 06:04:47,System.Runtime,dotnet.gc.last_collection.heap.size (By)[gc.heap.generation=gen0],Metric,0
09/11/2026 06:04:47,System.Runtime,dotnet.gc.last_collection.heap.size (By)[gc.heap.generation=loh],Metric,0
09/11/2026 06:04:47,System.Runtime,dotnet.gc.last_collection.heap.size (By)[gc.heap.generation=poh],Metric,0
09/11/2026 06:04:47,System.Runtime,dotnet.gc.last_collection.heap.size (By)[gc.heap.generation=gen2],Metric,0
09/11/2026 06:04:47,System.Runtime,dotnet.gc.last_collection.heap.size (By)[gc.heap.generation=gen1],Metric,0
09/11/2026 06:04:47,System.Runtime,dotnet.thread_pool.work_item.count ({work_item} / 1 sec),Rate,601
09/11/2026 06:04:47,System.Runtime,dotnet.process.memory.working_set (By),Metric,94289920
09/11/2026 06:04:47,System.Runtime,dotnet.thread_pool.thread.count ({thread} / 1 sec),Rate,0
09/11/2026 06:04:47,System.Runtime,dotnet.jit.compilation.time (s / 1 sec),Rate,0
09/11/2026 06:04:48,System.Runtime,dotnet.jit.compiled_il.size (By / 1 sec),Rate,0
09/11/2026 06:04:48,System.Runtime,dotnet.jit.compiled_methods ({method} / 1 sec),Rate,0
09/11/2026 06:04:48,System.Runtime,dotnet.monitor.lock_contentions ({contention} / 1 sec),Rate,0
09/11/2026 06:04:48,System.Runtime,dotnet.gc.collections ({collection} / 1 sec)[gc.heap.generation=gen0],Rate,0
09/11/2026 06:04:48,System.Runtime,dotnet.gc.collections ({collection} / 1 sec)[gc.heap.generation=gen2],Rate,0
09/11/2026 06:04:48,System.Runtime,dotnet.gc.collections ({collection} / 1 sec)[gc.heap.generation=gen1],Rate,0
09/11/2026 06:04:48,System.Runtime,dotnet.process.cpu.time (s / 1 sec)[cpu.mode=user],Rate,0.5857360000000043
09/11/2026 06:04:48,System.Runtime,dotnet.process.cpu.time (s / 1 sec)[cpu.mode=system],Rate,0.03834900000000019
09/11/2026 06:04:48,System.Runtime,dotnet.process.cpu.count ({cpu}),Metric,15
09/11/2026 06:04:48,System.Runtime,dotnet.gc.pause.time (s / 1 sec),Rate,0
09/11/2026 06:04:48,System.Runtime,dotnet.thread_pool.queue.length ({work_item} / 1 sec),Rate,0
09/11/2026 06:04:48,System.Runtime,dotnet.gc.last_collection.memory.committed_size (By),Metric,0
09/11/2026 06:04:48,System.Runtime,dotnet.gc.last_collection.heap.fragmentation.size (By)[gc.heap.generation=gen0],Metric,0
09/11/2026 06:04:48,System.Runtime,dotnet.gc.last_collection.heap.fragmentation.size (By)[gc.heap.generation=loh],Metric,0
09/11/2026 06:04:48,System.Runtime,dotnet.gc.last_collection.heap.fragmentation.size (By)[gc.heap.generation=poh],Metric,0
09/11/2026 06:04:48,System.Runtime,dotnet.gc.last_collection.heap.fragmentation.size (By)[gc.heap.generation=gen2],Metric,0
09/11/2026 06:04:48,System.Runtime,dotnet.gc.last_collection.heap.fragmentation.size (By)[gc.heap.generation=gen1],Metric,0
09/11/2026 06:04:48,System.Runtime,dotnet.timer.count ({timer}),Metric,2
09/11/2026 06:04:48,System.Runtime,dotnet.assembly.count ({assembly}),Metric,61
09/11/2026 06:04:48,System.Runtime,dotnet.gc.heap.total_allocated (By / 1 sec),Rate,131168
09/11/2026 06:04:48,System.Runtime,dotnet.gc.last_collection.heap.size (By)[gc.heap.generation=gen0],Metric,0
09/11/2026 06:04:48,System.Runtime,dotnet.gc.last_collection.heap.size (By)[gc.heap.generation=loh],Metric,0
09/11/2026 06:04:48,System.Runtime,dotnet.gc.last_collection.heap.size (By)[gc.heap.generation=poh],Metric,0
09/11/2026 06:04:48,System.Runtime,dotnet.gc.last_collection.heap.size (By)[gc.heap.generation=gen2],Metric,0
09/11/2026 06:04:48,System.Runtime,dotnet.gc.last_collection.heap.size (By)[gc.heap.generation=gen1],Metric,0
09/11/2026 06:04:48,System.Runtime,dotnet.thread_pool.work_item.count ({work_item} / 1 sec),Rate,601
09/11/2026 06:04:48,System.Runtime,dotnet.process.memory.working_set (By),Metric,94470144
09/11/2026 06:04:48,System.Runtime,dotnet.thread_pool.thread.count ({thread} / 1 sec),Rate,0
09/11/2026 06:04:48,System.Runtime,dotnet.jit.compilation.time (s / 1 sec),Rate,0
09/11/2026 06:04:49,System.Runtime,dotnet.jit.compiled_il.size (By / 1 sec),Rate,0
09/11/2026 06:04:49,System.Runtime,dotnet.jit.compiled_methods ({method} / 1 sec),Rate,0
09/11/2026 06:04:49,System.Runtime,dotnet.monitor.lock_contentions ({contention} / 1 sec),Rate,0
09/11/2026 06:04:49,System.Runtime,dotnet.gc.collections ({collection} / 1 sec)[gc.heap.generation=gen0],Rate,0
09/11/2026 06:04:49,System.Runtime,dotnet.gc.collections ({collection} / 1 sec)[gc.heap.generation=gen2],Rate,0
09/11/2026 06:04:49,System.Runtime,dotnet.gc.collections ({collection} / 1 sec)[gc.heap.generation=gen1],Rate,0
09/11/2026 06:04:49,System.Runtime,dotnet.process.cpu.time (s / 1 sec)[cpu.mode=user],Rate,0.5764039999999966
09/11/2026 06:04:49,System.Runtime,dotnet.process.cpu.time (s / 1 sec)[cpu.mode=system],Rate,0.03671800000000003
09/11/2026 06:04:49,System.Runtime,dotnet.process.cpu.count ({cpu}),Metric,15
09/11/2026 06:04:49,System.Runtime,dotnet.gc.pause.time (s / 1 sec),Rate,0
09/11/2026 06:04:49,System.Runtime,dotnet.thread_pool.queue.length ({work_item} / 1 sec),Rate,0
09/11/2026 06:04:49,System.Runtime,dotnet.gc.last_collection.memory.committed_size (By),Metric,0
09/11/2026 06:04:49,System.Runtime,dotnet.gc.last_collection.heap.fragmentation.size (By)[gc.heap.generation=gen0],Metric,0
09/11/2026 06:04:49,System.Runtime,dotnet.gc.last_collection.heap.fragmentation.size (By)[gc.heap.generation=loh],Metric,0
09/11/2026 06:04:49,System.Runtime,dotnet.gc.last_collection.heap.fragmentation.size (By)[gc.heap.generation=poh],Metric,0
09/11/2026 06:04:49,System.Runtime,dotnet.gc.last_collection.heap.fragmentation.size (By)[gc.heap.generation=gen2],Metric,0
09/11/2026 06:04:49,System.Runtime,dotnet.gc.last_collection.heap.fragmentation.size (By)[gc.heap.generation=gen1],Metric,0
09/11/2026 06:04:49,System.Runtime,dotnet.timer.count ({timer}),Metric,2
09/11/2026 06:04:49,System.Runtime,dotnet.assembly.count ({assembly}),Metric,61
09/11/2026 06:04:49,System.Runtime,dotnet.gc.heap.total_allocated (By / 1 sec),Rate,139288
09/11/2026 06:04:49,System.Runtime,dotnet.gc.last_collection.heap.size (By)[gc.heap.generation=gen0],Metric,0
09/11/2026 06:04:49,System.Runtime,dotnet.gc.last_collection.heap.size (By)[gc.heap.generation=loh],Metric,0
09/11/2026 06:04:49,System.Runtime,dotnet.gc.last_collection.heap.size (By)[gc.heap.generation=poh],Metric,0
09/11/2026 06:04:49,System.Runtime,dotnet.gc.last_collection.heap.size (By)[gc.heap.generation=gen2],Metric,0
09/11/2026 06:04:49,System.Runtime,dotnet.gc.last_collection.heap.size (By)[gc.heap.generation=gen1],Metric,0
09/11/2026 06:04:49,System.Runtime,dotnet.thread_pool.work_item.count ({work_item} / 1 sec),Rate,604
09/11/2026 06:04:49,System.Runtime,dotnet.process.memory.working_set (By),Metric,94617600
09/11/2026 06:04:49,System.Runtime,dotnet.thread_pool.thread.count ({thread} / 1 sec),Rate,0
09/11/2026 06:04:49,System.Runtime,dotnet.jit.compilation.time (s / 1 sec),Rate,0
09/11/2026 06:04:50,System.Runtime,dotnet.jit.compiled_il.size (By / 1 sec),Rate,160
09/11/2026 06:04:50,System.Runtime,dotnet.jit.compiled_methods ({method} / 1 sec),Rate,2
09/11/2026 06:04:50,System.Runtime,dotnet.monitor.lock_contentions ({contention} / 1 sec),Rate,0
09/11/2026 06:04:50,System.Runtime,dotnet.gc.collections ({collection} / 1 sec)[gc.heap.generation=gen0],Rate,0
09/11/2026 06:04:50,System.Runtime,dotnet.gc.collections ({collection} / 1 sec)[gc.heap.generation=gen2],Rate,0
09/11/2026 06:04:50,System.Runtime,dotnet.gc.collections ({collection} / 1 sec)[gc.heap.generation=gen1],Rate,0
09/11/2026 06:04:50,System.Runtime,dotnet.process.cpu.time (s / 1 sec)[cpu.mode=user],Rate,0.5852320000000049
09/11/2026 06:04:50,System.Runtime,dotnet.process.cpu.time (s / 1 sec)[cpu.mode=system],Rate,0.03604499999999966
09/11/2026 06:04:50,System.Runtime,dotnet.process.cpu.count ({cpu}),Metric,15
09/11/2026 06:04:50,System.Runtime,dotnet.gc.pause.time (s / 1 sec),Rate,0
09/11/2026 06:04:50,System.Runtime,dotnet.thread_pool.queue.length ({work_item} / 1 sec),Rate,0
09/11/2026 06:04:50,System.Runtime,dotnet.gc.last_collection.memory.committed_size (By),Metric,0
09/11/2026 06:04:50,System.Runtime,dotnet.gc.last_collection.heap.fragmentation.size (By)[gc.heap.generation=gen0],Metric,0
09/11/2026 06:04:50,System.Runtime,dotnet.gc.last_collection.heap.fragmentation.size (By)[gc.heap.generation=loh],Metric,0
09/11/2026 06:04:50,System.Runtime,dotnet.gc.last_collection.heap.fragmentation.size (By)[gc.heap.generation=poh],Metric,0
09/11/2026 06:04:50,System.Runtime,dotnet.gc.last_collection.heap.fragmentation.size (By)[gc.heap.generation=gen2],Metric,0
09/11/2026 06:04:50,System.Runtime,dotnet.gc.last_collection.heap.fragmentation.size (By)[gc.heap.generation=gen1],Metric,0
09/11/2026 06:04:50,System.Runtime,dotnet.timer.count ({timer}),Metric,2
09/11/2026 06:04:50,System.Runtime,dotnet.assembly.count ({assembly}),Metric,61
09/11/2026 06:04:50,System.Runtime,dotnet.gc.heap.total_allocated (By / 1 sec),Rate,146576
09/11/2026 06:04:50,System.Runtime,dotnet.gc.last_collection.heap.size (By)[gc.heap.generation=gen0],Metric,0
09/11/2026 06:04:50,System.Runtime,dotnet.gc.last_collection.heap.size (By)[gc.heap.generation=loh],Metric,0
09/11/2026 06:04:50,System.Runtime,dotnet.gc.last_collection.heap.size (By)[gc.heap.generation=poh],Metric,0
09/11/2026 06:04:50,System.Runtime,dotnet.gc.last_collection.heap.size (By)[gc.heap.generation=gen2],Metric,0
09/11/2026 06:04:50,System.Runtime,dotnet.gc.last_collection.heap.size (By)[gc.heap.generation=gen1],Metric,0
09/11/2026 06:04:50,System.Runtime,dotnet.thread_pool.work_item.count ({work_item} / 1 sec),Rate,629
09/11/2026 06:04:50,System.Runtime,dotnet.process.memory.working_set (By),Metric,94814208
09/11/2026 06:04:50,System.Runtime,dotnet.thread_pool.thread.count ({thread} / 1 sec),Rate,0
09/11/2026 06:04:50,System.Runtime,dotnet.jit.compilation.time (s / 1 sec),Rate,0.0012908000000000364
09/11/2026 06:04:51,System.Runtime,dotnet.jit.compiled_il.size (By / 1 sec),Rate,0
09/11/2026 06:04:51,System.Runtime,dotnet.jit.compiled_methods ({method} / 1 sec),Rate,0
09/11/2026 06:04:51,System.Runtime,dotnet.monitor.lock_contentions ({contention} / 1 sec),Rate,0
09/11/2026 06:04:51,System.Runtime,dotnet.gc.collections ({collection} / 1 sec)[gc.heap.generation=gen0],Rate,0
09/11/2026 06:04:51,System.Runtime,dotnet.gc.collections ({collection} / 1 sec)[gc.heap.generation=gen2],Rate,0
09/11/2026 06:04:51,System.Runtime,dotnet.gc.collections ({collection} / 1 sec)[gc.heap.generation=gen1],Rate,0
09/11/2026 06:04:51,System.Runtime,dotnet.process.cpu.time (s / 1 sec)[cpu.mode=user],Rate,0.5841449999999995
09/11/2026 06:04:51,System.Runtime,dotnet.process.cpu.time (s / 1 sec)[cpu.mode=system],Rate,0.03716600000000003
09/11/2026 06:04:51,System.Runtime,dotnet.process.cpu.count ({cpu}),Metric,15
09/11/2026 06:04:51,System.Runtime,dotnet.gc.pause.time (s / 1 sec),Rate,0
09/11/2026 06:04:51,System.Runtime,dotnet.thread_pool.queue.length ({work_item} / 1 sec),Rate,0
09/11/2026 06:04:51,System.Runtime,dotnet.gc.last_collection.memory.committed_size (By),Metric,0
09/11/2026 06:04:51,System.Runtime,dotnet.gc.last_collection.heap.fragmentation.size (By)[gc.heap.generation=gen0],Metric,0
09/11/2026 06:04:51,System.Runtime,dotnet.gc.last_collection.heap.fragmentation.size (By)[gc.heap.generation=loh],Metric,0
09/11/2026 06:04:51,System.Runtime,dotnet.gc.last_collection.heap.fragmentation.size (By)[gc.heap.generation=poh],Metric,0
09/11/2026 06:04:51,System.Runtime,dotnet.gc.last_collection.heap.fragmentation.size (By)[gc.heap.generation=gen2],Metric,0
09/11/2026 06:04:51,System.Runtime,dotnet.gc.last_collection.heap.fragmentation.size (By)[gc.heap.generation=gen1],Metric,0
09/11/2026 06:04:51,System.Runtime,dotnet.timer.count ({timer}),Metric,2
09/11/2026 06:04:51,System.Runtime,dotnet.assembly.count ({assembly}),Metric,61
09/11/2026 06:04:51,System.Runtime,dotnet.gc.heap.total_allocated (By / 1 sec),Rate,146576
09/11/2026 06:04:51,System.Runtime,dotnet.gc.last_collection.heap.size (By)[gc.heap.generation=gen0],Metric,0
09/11/2026 06:04:51,System.Runtime,dotnet.gc.last_collection.heap.size (By)[gc.heap.generation=loh],Metric,0
09/11/2026 06:04:51,System.Runtime,dotnet.gc.last_collection.heap.size (By)[gc.heap.generation=poh],Metric,0
09/11/2026 06:04:51,System.Runtime,dotnet.gc.last_collection.heap.size (By)[gc.heap.generation=gen2],Metric,0
09/11/2026 06:04:51,System.Runtime,dotnet.gc.last_collection.heap.size (By)[gc.heap.generation=gen1],Metric,0
09/11/2026 06:04:51,System.Runtime,dotnet.thread_pool.work_item.count ({work_item} / 1 sec),Rate,601
09/11/2026 06:04:51,System.Runtime,dotnet.process.memory.working_set (By),Metric,94994432
09/11/2026 06:04:51,System.Runtime,dotnet.thread_pool.thread.count ({thread} / 1 sec),Rate,0
09/11/2026 06:04:51,System.Runtime,dotnet.jit.compilation.time (s / 1 sec),Rate,0
09/11/2026 06:04:52,System.Runtime,dotnet.jit.compiled_il.size (By / 1 sec),Rate,0
09/11/2026 06:04:52,System.Runtime,dotnet.jit.compiled_methods ({method} / 1 sec),Rate,0
09/11/2026 06:04:52,System.Runtime,dotnet.monitor.lock_contentions ({contention} / 1 sec),Rate,0
09/11/2026 06:04:52,System.Runtime,dotnet.gc.collections ({collection} / 1 sec)[gc.heap.generation=gen0],Rate,0
09/11/2026 06:04:52,System.Runtime,dotnet.gc.collections ({collection} / 1 sec)[gc.heap.generation=gen2],Rate,0
09/11/2026 06:04:52,System.Runtime,dotnet.gc.collections ({collection} / 1 sec)[gc.heap.generation=gen1],Rate,0
09/11/2026 06:04:52,System.Runtime,dotnet.process.cpu.time (s / 1 sec)[cpu.mode=user],Rate,0.5841019999999943
09/11/2026 06:04:52,System.Runtime,dotnet.process.cpu.time (s / 1 sec)[cpu.mode=system],Rate,0.03777499999999989
09/11/2026 06:04:52,System.Runtime,dotnet.process.cpu.count ({cpu}),Metric,15
09/11/2026 06:04:52,System.Runtime,dotnet.gc.pause.time (s / 1 sec),Rate,0
09/11/2026 06:04:52,System.Runtime,dotnet.thread_pool.queue.length ({work_item} / 1 sec),Rate,0
09/11/2026 06:04:52,System.Runtime,dotnet.gc.last_collection.memory.committed_size (By),Metric,0
09/11/2026 06:04:52,System.Runtime,dotnet.gc.last_collection.heap.fragmentation.size (By)[gc.heap.generation=gen0],Metric,0
09/11/2026 06:04:52,System.Runtime,dotnet.gc.last_collection.heap.fragmentation.size (By)[gc.heap.generation=loh],Metric,0
09/11/2026 06:04:52,System.Runtime,dotnet.gc.last_collection.heap.fragmentation.size (By)[gc.heap.generation=poh],Metric,0
09/11/2026 06:04:52,System.Runtime,dotnet.gc.last_collection.heap.fragmentation.size (By)[gc.heap.generation=gen2],Metric,0
09/11/2026 06:04:52,System.Runtime,dotnet.gc.last_collection.heap.fragmentation.size (By)[gc.heap.generation=gen1],Metric,0
09/11/2026 06:04:52,System.Runtime,dotnet.timer.count ({timer}),Metric,2
09/11/2026 06:04:52,System.Runtime,dotnet.assembly.count ({assembly}),Metric,61
09/11/2026 06:04:52,System.Runtime,dotnet.gc.heap.total_allocated (By / 1 sec),Rate,122944
09/11/2026 06:04:52,System.Runtime,dotnet.gc.last_collection.heap.size (By)[gc.heap.generation=gen0],Metric,0
09/11/2026 06:04:52,System.Runtime,dotnet.gc.last_collection.heap.size (By)[gc.heap.generation=loh],Metric,0
09/11/2026 06:04:52,System.Runtime,dotnet.gc.last_collection.heap.size (By)[gc.heap.generation=poh],Metric,0
09/11/2026 06:04:52,System.Runtime,dotnet.gc.last_collection.heap.size (By)[gc.heap.generation=gen2],Metric,0
09/11/2026 06:04:52,System.Runtime,dotnet.gc.last_collection.heap.size (By)[gc.heap.generation=gen1],Metric,0
09/11/2026 06:04:52,System.Runtime,dotnet.thread_pool.work_item.count ({work_item} / 1 sec),Rate,601
09/11/2026 06:04:52,System.Runtime,dotnet.process.memory.working_set (By),Metric,95109120
09/11/2026 06:04:52,System.Runtime,dotnet.thread_pool.thread.count ({thread} / 1 sec),Rate,0
09/11/2026 06:04:52,System.Runtime,dotnet.jit.compilation.time (s / 1 sec),Rate,0
09/11/2026 06:04:53,System.Runtime,dotnet.jit.compiled_il.size (By / 1 sec),Rate,0
09/11/2026 06:04:53,System.Runtime,dotnet.jit.compiled_methods ({method} / 1 sec),Rate,0
09/11/2026 06:04:53,System.Runtime,dotnet.monitor.lock_contentions ({contention} / 1 sec),Rate,0
09/11/2026 06:04:53,System.Runtime,dotnet.gc.collections ({collection} / 1 sec)[gc.heap.generation=gen0],Rate,0
09/11/2026 06:04:53,System.Runtime,dotnet.gc.collections ({collection} / 1 sec)[gc.heap.generation=gen2],Rate,0
09/11/2026 06:04:53,System.Runtime,dotnet.gc.collections ({collection} / 1 sec)[gc.heap.generation=gen1],Rate,0
09/11/2026 06:04:53,System.Runtime,dotnet.process.cpu.time (s / 1 sec)[cpu.mode=user],Rate,0.5827150000000003
09/11/2026 06:04:53,System.Runtime,dotnet.process.cpu.time (s / 1 sec)[cpu.mode=system],Rate,0.03563900000000064
09/11/2026 06:04:53,System.Runtime,dotnet.process.cpu.count ({cpu}),Metric,15
09/11/2026 06:04:53,System.Runtime,dotnet.gc.pause.time (s / 1 sec),Rate,0
09/11/2026 06:04:53,System.Runtime,dotnet.thread_pool.queue.length ({work_item} / 1 sec),Rate,0
09/11/2026 06:04:53,System.Runtime,dotnet.gc.last_collection.memory.committed_size (By),Metric,0
09/11/2026 06:04:53,System.Runtime,dotnet.gc.last_collection.heap.fragmentation.size (By)[gc.heap.generation=gen0],Metric,0
09/11/2026 06:04:53,System.Runtime,dotnet.gc.last_collection.heap.fragmentation.size (By)[gc.heap.generation=loh],Metric,0
09/11/2026 06:04:53,System.Runtime,dotnet.gc.last_collection.heap.fragmentation.size (By)[gc.heap.generation=poh],Metric,0
09/11/2026 06:04:53,System.Runtime,dotnet.gc.last_collection.heap.fragmentation.size (By)[gc.heap.generation=gen2],Metric,0
09/11/2026 06:04:53,System.Runtime,dotnet.gc.last_collection.heap.fragmentation.size (By)[gc.heap.generation=gen1],Metric,0
09/11/2026 06:04:53,System.Runtime,dotnet.timer.count ({timer}),Metric,2
09/11/2026 06:04:53,System.Runtime,dotnet.assembly.count ({assembly}),Metric,61
09/11/2026 06:04:53,System.Runtime,dotnet.gc.heap.total_allocated (By / 1 sec),Rate,138376
09/11/2026 06:04:53,System.Runtime,dotnet.gc.last_collection.heap.size (By)[gc.heap.generation=gen0],Metric,0
09/11/2026 06:04:53,System.Runtime,dotnet.gc.last_collection.heap.size (By)[gc.heap.generation=loh],Metric,0
09/11/2026 06:04:53,System.Runtime,dotnet.gc.last_collection.heap.size (By)[gc.heap.generation=poh],Metric,0
09/11/2026 06:04:53,System.Runtime,dotnet.gc.last_collection.heap.size (By)[gc.heap.generation=gen2],Metric,0
09/11/2026 06:04:53,System.Runtime,dotnet.gc.last_collection.heap.size (By)[gc.heap.generation=gen1],Metric,0
09/11/2026 06:04:53,System.Runtime,dotnet.thread_pool.work_item.count ({work_item} / 1 sec),Rate,601
09/11/2026 06:04:53,System.Runtime,dotnet.process.memory.working_set (By),Metric,95256576
09/11/2026 06:04:53,System.Runtime,dotnet.thread_pool.thread.count ({thread} / 1 sec),Rate,0
09/11/2026 06:04:53,System.Runtime,dotnet.jit.compilation.time (s / 1 sec),Rate,0
09/11/2026 06:04:54,System.Runtime,dotnet.jit.compiled_il.size (By / 1 sec),Rate,0
09/11/2026 06:04:54,System.Runtime,dotnet.jit.compiled_methods ({method} / 1 sec),Rate,0
09/11/2026 06:04:54,System.Runtime,dotnet.monitor.lock_contentions ({contention} / 1 sec),Rate,0
09/11/2026 06:04:54,System.Runtime,dotnet.gc.collections ({collection} / 1 sec)[gc.heap.generation=gen0],Rate,0
09/11/2026 06:04:54,System.Runtime,dotnet.gc.collections ({collection} / 1 sec)[gc.heap.generation=gen2],Rate,0
09/11/2026 06:04:54,System.Runtime,dotnet.gc.collections ({collection} / 1 sec)[gc.heap.generation=gen1],Rate,0
09/11/2026 06:04:54,System.Runtime,dotnet.process.cpu.time (s / 1 sec)[cpu.mode=user],Rate,0.5826960000000057
09/11/2026 06:04:54,System.Runtime,dotnet.process.cpu.time (s / 1 sec)[cpu.mode=system],Rate,0.036422999999999206
09/11/2026 06:04:54,System.Runtime,dotnet.process.cpu.count ({cpu}),Metric,15
09/11/2026 06:04:54,System.Runtime,dotnet.gc.pause.time (s / 1 sec),Rate,0
09/11/2026 06:04:54,System.Runtime,dotnet.thread_pool.queue.length ({work_item} / 1 sec),Rate,0
09/11/2026 06:04:54,System.Runtime,dotnet.gc.last_collection.memory.committed_size (By),Metric,0
09/11/2026 06:04:54,System.Runtime,dotnet.gc.last_collection.heap.fragmentation.size (By)[gc.heap.generation=gen0],Metric,0
09/11/2026 06:04:54,System.Runtime,dotnet.gc.last_collection.heap.fragmentation.size (By)[gc.heap.generation=loh],Metric,0
09/11/2026 06:04:54,System.Runtime,dotnet.gc.last_collection.heap.fragmentation.size (By)[gc.heap.generation=poh],Metric,0
09/11/2026 06:04:54,System.Runtime,dotnet.gc.last_collection.heap.fragmentation.size (By)[gc.heap.generation=gen2],Metric,0
09/11/2026 06:04:54,System.Runtime,dotnet.gc.last_collection.heap.fragmentation.size (By)[gc.heap.generation=gen1],Metric,0
09/11/2026 06:04:54,System.Runtime,dotnet.timer.count ({timer}),Metric,2
09/11/2026 06:04:54,System.Runtime,dotnet.assembly.count ({assembly}),Metric,61
09/11/2026 06:04:54,System.Runtime,dotnet.gc.heap.total_allocated (By / 1 sec),Rate,138352
09/11/2026 06:04:54,System.Runtime,dotnet.gc.last_collection.heap.size (By)[gc.heap.generation=gen0],Metric,0
09/11/2026 06:04:54,System.Runtime,dotnet.gc.last_collection.heap.size (By)[gc.heap.generation=loh],Metric,0
09/11/2026 06:04:54,System.Runtime,dotnet.gc.last_collection.heap.size (By)[gc.heap.generation=poh],Metric,0
09/11/2026 06:04:54,System.Runtime,dotnet.gc.last_collection.heap.size (By)[gc.heap.generation=gen2],Metric,0
09/11/2026 06:04:54,System.Runtime,dotnet.gc.last_collection.heap.size (By)[gc.heap.generation=gen1],Metric,0
09/11/2026 06:04:54,System.Runtime,dotnet.thread_pool.work_item.count ({work_item} / 1 sec),Rate,602
09/11/2026 06:04:54,System.Runtime,dotnet.process.memory.working_set (By),Metric,95387648
09/11/2026 06:04:54,System.Runtime,dotnet.thread_pool.thread.count ({thread} / 1 sec),Rate,0
09/11/2026 06:04:54,System.Runtime,dotnet.jit.compilation.time (s / 1 sec),Rate,0
09/11/2026 06:04:55,System.Runtime,dotnet.jit.compiled_il.size (By / 1 sec),Rate,0
09/11/2026 06:04:55,System.Runtime,dotnet.jit.compiled_methods ({method} / 1 sec),Rate,0
09/11/2026 06:04:55,System.Runtime,dotnet.monitor.lock_contentions ({contention} / 1 sec),Rate,0
09/11/2026 06:04:55,System.Runtime,dotnet.gc.collections ({collection} / 1 sec)[gc.heap.generation=gen0],Rate,0
09/11/2026 06:04:55,System.Runtime,dotnet.gc.collections ({collection} / 1 sec)[gc.heap.generation=gen2],Rate,0
09/11/2026 06:04:55,System.Runtime,dotnet.gc.collections ({collection} / 1 sec)[gc.heap.generation=gen1],Rate,0
09/11/2026 06:04:55,System.Runtime,dotnet.process.cpu.time (s / 1 sec)[cpu.mode=user],Rate,0.5835489999999979
09/11/2026 06:04:55,System.Runtime,dotnet.process.cpu.time (s / 1 sec)[cpu.mode=system],Rate,0.03758300000000059
09/11/2026 06:04:55,System.Runtime,dotnet.process.cpu.count ({cpu}),Metric,15
09/11/2026 06:04:55,System.Runtime,dotnet.gc.pause.time (s / 1 sec),Rate,0
09/11/2026 06:04:55,System.Runtime,dotnet.thread_pool.queue.length ({work_item} / 1 sec),Rate,0
09/11/2026 06:04:55,System.Runtime,dotnet.gc.last_collection.memory.committed_size (By),Metric,0
09/11/2026 06:04:55,System.Runtime,dotnet.gc.last_collection.heap.fragmentation.size (By)[gc.heap.generation=gen0],Metric,0
09/11/2026 06:04:55,System.Runtime,dotnet.gc.last_collection.heap.fragmentation.size (By)[gc.heap.generation=loh],Metric,0
09/11/2026 06:04:55,System.Runtime,dotnet.gc.last_collection.heap.fragmentation.size (By)[gc.heap.generation=poh],Metric,0
09/11/2026 06:04:55,System.Runtime,dotnet.gc.last_collection.heap.fragmentation.size (By)[gc.heap.generation=gen2],Metric,0
09/11/2026 06:04:55,System.Runtime,dotnet.gc.last_collection.heap.fragmentation.size (By)[gc.heap.generation=gen1],Metric,0
09/11/2026 06:04:55,System.Runtime,dotnet.timer.count ({timer}),Metric,2
09/11/2026 06:04:55,System.Runtime,dotnet.assembly.count ({assembly}),Metric,61
09/11/2026 06:04:55,System.Runtime,dotnet.gc.heap.total_allocated (By / 1 sec),Rate,147600
09/11/2026 06:04:55,System.Runtime,dotnet.gc.last_collection.heap.size (By)[gc.heap.generation=gen0],Metric,0
09/11/2026 06:04:55,System.Runtime,dotnet.gc.last_collection.heap.size (By)[gc.heap.generation=loh],Metric,0
09/11/2026 06:04:55,System.Runtime,dotnet.gc.last_collection.heap.size (By)[gc.heap.generation=poh],Metric,0
09/11/2026 06:04:55,System.Runtime,dotnet.gc.last_collection.heap.size (By)[gc.heap.generation=gen2],Metric,0
09/11/2026 06:04:55,System.Runtime,dotnet.gc.last_collection.heap.size (By)[gc.heap.generation=gen1],Metric,0
09/11/2026 06:04:55,System.Runtime,dotnet.thread_pool.work_item.count ({work_item} / 1 sec),Rate,602
09/11/2026 06:04:55,System.Runtime,dotnet.process.memory.working_set (By),Metric,95551488
09/11/2026 06:04:55,System.Runtime,dotnet.thread_pool.thread.count ({thread} / 1 sec),Rate,0
09/11/2026 06:04:55,System.Runtime,dotnet.jit.compilation.time (s / 1 sec),Rate,0
09/11/2026 06:04:56,System.Runtime,dotnet.jit.compiled_il.size (By / 1 sec),Rate,0
09/11/2026 06:04:56,System.Runtime,dotnet.jit.compiled_methods ({method} / 1 sec),Rate,0
09/11/2026 06:04:56,System.Runtime,dotnet.monitor.lock_contentions ({contention} / 1 sec),Rate,0
09/11/2026 06:04:56,System.Runtime,dotnet.gc.collections ({collection} / 1 sec)[gc.heap.generation=gen0],Rate,0
09/11/2026 06:04:56,System.Runtime,dotnet.gc.collections ({collection} / 1 sec)[gc.heap.generation=gen2],Rate,0
09/11/2026 06:04:56,System.Runtime,dotnet.gc.collections ({collection} / 1 sec)[gc.heap.generation=gen1],Rate,0
09/11/2026 06:04:56,System.Runtime,dotnet.process.cpu.time (s / 1 sec)[cpu.mode=user],Rate,0.5835659999999976
09/11/2026 06:04:56,System.Runtime,dotnet.process.cpu.time (s / 1 sec)[cpu.mode=system],Rate,0.036599999999999966
09/11/2026 06:04:56,System.Runtime,dotnet.process.cpu.count ({cpu}),Metric,15
09/11/2026 06:04:56,System.Runtime,dotnet.gc.pause.time (s / 1 sec),Rate,0
09/11/2026 06:04:56,System.Runtime,dotnet.thread_pool.queue.length ({work_item} / 1 sec),Rate,0
09/11/2026 06:04:56,System.Runtime,dotnet.gc.last_collection.memory.committed_size (By),Metric,0
09/11/2026 06:04:56,System.Runtime,dotnet.gc.last_collection.heap.fragmentation.size (By)[gc.heap.generation=gen0],Metric,0
09/11/2026 06:04:56,System.Runtime,dotnet.gc.last_collection.heap.fragmentation.size (By)[gc.heap.generation=loh],Metric,0
09/11/2026 06:04:56,System.Runtime,dotnet.gc.last_collection.heap.fragmentation.size (By)[gc.heap.generation=poh],Metric,0
09/11/2026 06:04:56,System.Runtime,dotnet.gc.last_collection.heap.fragmentation.size (By)[gc.heap.generation=gen2],Metric,0
09/11/2026 06:04:56,System.Runtime,dotnet.gc.last_collection.heap.fragmentation.size (By)[gc.heap.generation=gen1],Metric,0
09/11/2026 06:04:56,System.Runtime,dotnet.timer.count ({timer}),Metric,2
09/11/2026 06:04:56,System.Runtime,dotnet.assembly.count ({assembly}),Metric,61
09/11/2026 06:04:56,System.Runtime,dotnet.gc.heap.total_allocated (By / 1 sec),Rate,130176
09/11/2026 06:04:56,System.Runtime,dotnet.gc.last_collection.heap.size (By)[gc.heap.generation=gen0],Metric,0
09/11/2026 06:04:56,System.Runtime,dotnet.gc.last_collection.heap.size (By)[gc.heap.generation=loh],Metric,0
09/11/2026 06:04:56,System.Runtime,dotnet.gc.last_collection.heap.size (By)[gc.heap.generation=poh],Metric,0
09/11/2026 06:04:56,System.Runtime,dotnet.gc.last_collection.heap.size (By)[gc.heap.generation=gen2],Metric,0
09/11/2026 06:04:56,System.Runtime,dotnet.gc.last_collection.heap.size (By)[gc.heap.generation=gen1],Metric,0
09/11/2026 06:04:56,System.Runtime,dotnet.thread_pool.work_item.count ({work_item} / 1 sec),Rate,600
09/11/2026 06:04:56,System.Runtime,dotnet.process.memory.working_set (By),Metric,95698944
09/11/2026 06:04:56,System.Runtime,dotnet.thread_pool.thread.count ({thread} / 1 sec),Rate,0
09/11/2026 06:04:56,System.Runtime,dotnet.jit.compilation.time (s / 1 sec),Rate,0
09/11/2026 06:04:57,System.Runtime,dotnet.jit.compiled_il.size (By / 1 sec),Rate,0
09/11/2026 06:04:57,System.Runtime,dotnet.jit.compiled_methods ({method} / 1 sec),Rate,0
09/11/2026 06:04:57,System.Runtime,dotnet.monitor.lock_contentions ({contention} / 1 sec),Rate,0
09/11/2026 06:04:57,System.Runtime,dotnet.gc.collections ({collection} / 1 sec)[gc.heap.generation=gen0],Rate,0
09/11/2026 06:04:57,System.Runtime,dotnet.gc.collections ({collection} / 1 sec)[gc.heap.generation=gen2],Rate,0
09/11/2026 06:04:57,System.Runtime,dotnet.gc.collections ({collection} / 1 sec)[gc.heap.generation=gen1],Rate,0
09/11/2026 06:04:57,System.Runtime,dotnet.process.cpu.time (s / 1 sec)[cpu.mode=user],Rate,0.5836460000000017
09/11/2026 06:04:57,System.Runtime,dotnet.process.cpu.time (s / 1 sec)[cpu.mode=system],Rate,0.03656300000000012
09/11/2026 06:04:57,System.Runtime,dotnet.process.cpu.count ({cpu}),Metric,15
09/11/2026 06:04:57,System.Runtime,dotnet.gc.pause.time (s / 1 sec),Rate,0
09/11/2026 06:04:57,System.Runtime,dotnet.thread_pool.queue.length ({work_item} / 1 sec),Rate,0
09/11/2026 06:04:57,System.Runtime,dotnet.gc.last_collection.memory.committed_size (By),Metric,0
09/11/2026 06:04:57,System.Runtime,dotnet.gc.last_collection.heap.fragmentation.size (By)[gc.heap.generation=gen0],Metric,0
09/11/2026 06:04:57,System.Runtime,dotnet.gc.last_collection.heap.fragmentation.size (By)[gc.heap.generation=loh],Metric,0
09/11/2026 06:04:57,System.Runtime,dotnet.gc.last_collection.heap.fragmentation.size (By)[gc.heap.generation=poh],Metric,0
09/11/2026 06:04:57,System.Runtime,dotnet.gc.last_collection.heap.fragmentation.size (By)[gc.heap.generation=gen2],Metric,0
09/11/2026 06:04:57,System.Runtime,dotnet.gc.last_collection.heap.fragmentation.size (By)[gc.heap.generation=gen1],Metric,0
09/11/2026 06:04:57,System.Runtime,dotnet.timer.count ({timer}),Metric,2
09/11/2026 06:04:57,System.Runtime,dotnet.assembly.count ({assembly}),Metric,61
09/11/2026 06:04:57,System.Runtime,dotnet.gc.heap.total_allocated (By / 1 sec),Rate,131200
09/11/2026 06:04:57,System.Runtime,dotnet.gc.last_collection.heap.size (By)[gc.heap.generation=gen0],Metric,0
09/11/2026 06:04:57,System.Runtime,dotnet.gc.last_collection.heap.size (By)[gc.heap.generation=loh],Metric,0
09/11/2026 06:04:57,System.Runtime,dotnet.gc.last_collection.heap.size (By)[gc.heap.generation=poh],Metric,0
09/11/2026 06:04:57,System.Runtime,dotnet.gc.last_collection.heap.size (By)[gc.heap.generation=gen2],Metric,0
09/11/2026 06:04:57,System.Runtime,dotnet.gc.last_collection.heap.size (By)[gc.heap.generation=gen1],Metric,0
09/11/2026 06:04:57,System.Runtime,dotnet.thread_pool.work_item.count ({work_item} / 1 sec),Rate,601
09/11/2026 06:04:57,System.Runtime,dotnet.process.memory.working_set (By),Metric,95862784
09/11/2026 06:04:57,System.Runtime,dotnet.thread_pool.thread.count ({thread} / 1 sec),Rate,0
09/11/2026 06:04:57,System.Runtime,dotnet.jit.compilation.time (s / 1 sec),Rate,0
09/11/2026 06:04:58,System.Runtime,dotnet.jit.compiled_il.size (By / 1 sec),Rate,0
09/11/2026 06:04:58,System.Runtime,dotnet.jit.compiled_methods ({method} / 1 sec),Rate,0
09/11/2026 06:04:58,System.Runtime,dotnet.monitor.lock_contentions ({contention} / 1 sec),Rate,0
09/11/2026 06:04:58,System.Runtime,dotnet.gc.collections ({collection} / 1 sec)[gc.heap.generation=gen0],Rate,0
09/11/2026 06:04:58,System.Runtime,dotnet.gc.collections ({collection} / 1 sec)[gc.heap.generation=gen2],Rate,0
09/11/2026 06:04:58,System.Runtime,dotnet.gc.collections ({collection} / 1 sec)[gc.heap.generation=gen1],Rate,0
09/11/2026 06:04:58,System.Runtime,dotnet.process.cpu.time (s / 1 sec)[cpu.mode=user],Rate,0.5837799999999973
09/11/2026 06:04:58,System.Runtime,dotnet.process.cpu.time (s / 1 sec)[cpu.mode=system],Rate,0.0371169999999994
09/11/2026 06:04:58,System.Runtime,dotnet.process.cpu.count ({cpu}),Metric,15
09/11/2026 06:04:58,System.Runtime,dotnet.gc.pause.time (s / 1 sec),Rate,0
09/11/2026 06:04:58,System.Runtime,dotnet.thread_pool.queue.length ({work_item} / 1 sec),Rate,0
09/11/2026 06:04:58,System.Runtime,dotnet.gc.last_collection.memory.committed_size (By),Metric,0
09/11/2026 06:04:58,System.Runtime,dotnet.gc.last_collection.heap.fragmentation.size (By)[gc.heap.generation=gen0],Metric,0
09/11/2026 06:04:58,System.Runtime,dotnet.gc.last_collection.heap.fragmentation.size (By)[gc.heap.generation=loh],Metric,0
09/11/2026 06:04:58,System.Runtime,dotnet.gc.last_collection.heap.fragmentation.size (By)[gc.heap.generation=poh],Metric,0
09/11/2026 06:04:58,System.Runtime,dotnet.gc.last_collection.heap.fragmentation.size (By)[gc.heap.generation=gen2],Metric,0
09/11/2026 06:04:58,System.Runtime,dotnet.gc.last_collection.heap.fragmentation.size (By)[gc.heap.generation=gen1],Metric,0
09/11/2026 06:04:58,System.Runtime,dotnet.timer.count ({timer}),Metric,2
09/11/2026 06:04:58,System.Runtime,dotnet.assembly.count ({assembly}),Metric,61
09/11/2026 06:04:58,System.Runtime,dotnet.gc.heap.total_allocated (By / 1 sec),Rate,130144
09/11/2026 06:04:58,System.Runtime,dotnet.gc.last_collection.heap.size (By)[gc.heap.generation=gen0],Metric,0
09/11/2026 06:04:58,System.Runtime,dotnet.gc.last_collection.heap.size (By)[gc.heap.generation=loh],Metric,0
09/11/2026 06:04:58,System.Runtime,dotnet.gc.last_collection.heap.size (By)[gc.heap.generation=poh],Metric,0
09/11/2026 06:04:58,System.Runtime,dotnet.gc.last_collection.heap.size (By)[gc.heap.generation=gen2],Metric,0
09/11/2026 06:04:58,System.Runtime,dotnet.gc.last_collection.heap.size (By)[gc.heap.generation=gen1],Metric,0
09/11/2026 06:04:58,System.Runtime,dotnet.thread_pool.work_item.count ({work_item} / 1 sec),Rate,601
09/11/2026 06:04:58,System.Runtime,dotnet.process.memory.working_set (By),Metric,96010240
09/11/2026 06:04:58,System.Runtime,dotnet.thread_pool.thread.count ({thread} / 1 sec),Rate,0
09/11/2026 06:04:58,System.Runtime,dotnet.jit.compilation.time (s / 1 sec),Rate,0
09/11/2026 06:04:59,System.Runtime,dotnet.jit.compiled_il.size (By / 1 sec),Rate,899
09/11/2026 06:04:59,System.Runtime,dotnet.jit.compiled_methods ({method} / 1 sec),Rate,5
09/11/2026 06:04:59,System.Runtime,dotnet.monitor.lock_contentions ({contention} / 1 sec),Rate,0
09/11/2026 06:04:59,System.Runtime,dotnet.gc.collections ({collection} / 1 sec)[gc.heap.generation=gen0],Rate,0
09/11/2026 06:04:59,System.Runtime,dotnet.gc.collections ({collection} / 1 sec)[gc.heap.generation=gen2],Rate,0
09/11/2026 06:04:59,System.Runtime,dotnet.gc.collections ({collection} / 1 sec)[gc.heap.generation=gen1],Rate,0
09/11/2026 06:04:59,System.Runtime,dotnet.process.cpu.time (s / 1 sec)[cpu.mode=user],Rate,0.5918720000000022
09/11/2026 06:04:59,System.Runtime,dotnet.process.cpu.time (s / 1 sec)[cpu.mode=system],Rate,0.0402250000000004
09/11/2026 06:04:59,System.Runtime,dotnet.process.cpu.count ({cpu}),Metric,15
09/11/2026 06:04:59,System.Runtime,dotnet.gc.pause.time (s / 1 sec),Rate,0
09/11/2026 06:04:59,System.Runtime,dotnet.thread_pool.queue.length ({work_item} / 1 sec),Rate,0
09/11/2026 06:04:59,System.Runtime,dotnet.gc.last_collection.memory.committed_size (By),Metric,0
09/11/2026 06:04:59,System.Runtime,dotnet.gc.last_collection.heap.fragmentation.size (By)[gc.heap.generation=gen0],Metric,0
09/11/2026 06:04:59,System.Runtime,dotnet.gc.last_collection.heap.fragmentation.size (By)[gc.heap.generation=loh],Metric,0
09/11/2026 06:04:59,System.Runtime,dotnet.gc.last_collection.heap.fragmentation.size (By)[gc.heap.generation=poh],Metric,0
09/11/2026 06:04:59,System.Runtime,dotnet.gc.last_collection.heap.fragmentation.size (By)[gc.heap.generation=gen2],Metric,0
09/11/2026 06:04:59,System.Runtime,dotnet.gc.last_collection.heap.fragmentation.size (By)[gc.heap.generation=gen1],Metric,0
09/11/2026 06:04:59,System.Runtime,dotnet.timer.count ({timer}),Metric,2
09/11/2026 06:04:59,System.Runtime,dotnet.assembly.count ({assembly}),Metric,61
09/11/2026 06:04:59,System.Runtime,dotnet.gc.heap.total_allocated (By / 1 sec),Rate,143528
09/11/2026 06:04:59,System.Runtime,dotnet.gc.last_collection.heap.size (By)[gc.heap.generation=gen0],Metric,0
09/11/2026 06:04:59,System.Runtime,dotnet.gc.last_collection.heap.size (By)[gc.heap.generation=loh],Metric,0
09/11/2026 06:04:59,System.Runtime,dotnet.gc.last_collection.heap.size (By)[gc.heap.generation=poh],Metric,0
09/11/2026 06:04:59,System.Runtime,dotnet.gc.last_collection.heap.size (By)[gc.heap.generation=gen2],Metric,0
09/11/2026 06:04:59,System.Runtime,dotnet.gc.last_collection.heap.size (By)[gc.heap.generation=gen1],Metric,0
09/11/2026 06:04:59,System.Runtime,dotnet.thread_pool.work_item.count ({work_item} / 1 sec),Rate,602
09/11/2026 06:04:59,System.Runtime,dotnet.process.memory.working_set (By),Metric,96288768
09/11/2026 06:04:59,System.Runtime,dotnet.thread_pool.thread.count ({thread} / 1 sec),Rate,0
09/11/2026 06:04:59,System.Runtime,dotnet.jit.compilation.time (s / 1 sec),Rate,0.00526519999999997
09/11/2026 06:05:00,System.Runtime,dotnet.jit.compiled_il.size (By / 1 sec),Rate,0
09/11/2026 06:05:00,System.Runtime,dotnet.jit.compiled_methods ({method} / 1 sec),Rate,0
09/11/2026 06:05:00,System.Runtime,dotnet.monitor.lock_contentions ({contention} / 1 sec),Rate,0
09/11/2026 06:05:00,System.Runtime,dotnet.gc.collections ({collection} / 1 sec)[gc.heap.generation=gen0],Rate,0
09/11/2026 06:05:00,System.Runtime,dotnet.gc.collections ({collection} / 1 sec)[gc.heap.generation=gen2],Rate,0
09/11/2026 06:05:00,System.Runtime,dotnet.gc.collections ({collection} / 1 sec)[gc.heap.generation=gen1],Rate,0
09/11/2026 06:05:00,System.Runtime,dotnet.process.cpu.time (s / 1 sec)[cpu.mode=user],Rate,0.5872310000000027
09/11/2026 06:05:00,System.Runtime,dotnet.process.cpu.time (s / 1 sec)[cpu.mode=system],Rate,0.039538000000000295
09/11/2026 06:05:00,System.Runtime,dotnet.process.cpu.count ({cpu}),Metric,15
09/11/2026 06:05:00,System.Runtime,dotnet.gc.pause.time (s / 1 sec),Rate,0
09/11/2026 06:05:00,System.Runtime,dotnet.thread_pool.queue.length ({work_item} / 1 sec),Rate,0
09/11/2026 06:05:00,System.Runtime,dotnet.gc.last_collection.memory.committed_size (By),Metric,0
09/11/2026 06:05:00,System.Runtime,dotnet.gc.last_collection.heap.fragmentation.size (By)[gc.heap.generation=gen0],Metric,0
09/11/2026 06:05:00,System.Runtime,dotnet.gc.last_collection.heap.fragmentation.size (By)[gc.heap.generation=loh],Metric,0
09/11/2026 06:05:00,System.Runtime,dotnet.gc.last_collection.heap.fragmentation.size (By)[gc.heap.generation=poh],Metric,0
09/11/2026 06:05:00,System.Runtime,dotnet.gc.last_collection.heap.fragmentation.size (By)[gc.heap.generation=gen2],Metric,0
09/11/2026 06:05:00,System.Runtime,dotnet.gc.last_collection.heap.fragmentation.size (By)[gc.heap.generation=gen1],Metric,0
09/11/2026 06:05:00,System.Runtime,dotnet.timer.count ({timer}),Metric,2
09/11/2026 06:05:00,System.Runtime,dotnet.assembly.count ({assembly}),Metric,61
09/11/2026 06:05:00,System.Runtime,dotnet.gc.heap.total_allocated (By / 1 sec),Rate,131160
09/11/2026 06:05:00,System.Runtime,dotnet.gc.last_collection.heap.size (By)[gc.heap.generation=gen0],Metric,0
09/11/2026 06:05:00,System.Runtime,dotnet.gc.last_collection.heap.size (By)[gc.heap.generation=loh],Metric,0
09/11/2026 06:05:00,System.Runtime,dotnet.gc.last_collection.heap.size (By)[gc.heap.generation=poh],Metric,0
09/11/2026 06:05:00,System.Runtime,dotnet.gc.last_collection.heap.size (By)[gc.heap.generation=gen2],Metric,0
09/11/2026 06:05:00,System.Runtime,dotnet.gc.last_collection.heap.size (By)[gc.heap.generation=gen1],Metric,0
09/11/2026 06:05:00,System.Runtime,dotnet.thread_pool.work_item.count ({work_item} / 1 sec),Rate,601
09/11/2026 06:05:00,System.Runtime,dotnet.process.memory.working_set (By),Metric,96436224
09/11/2026 06:05:00,System.Runtime,dotnet.thread_pool.thread.count ({thread} / 1 sec),Rate,0
09/11/2026 06:05:00,System.Runtime,dotnet.jit.compilation.time (s / 1 sec),Rate,0
09/11/2026 06:05:01,System.Runtime,dotnet.jit.compiled_il.size (By / 1 sec),Rate,0
09/11/2026 06:05:01,System.Runtime,dotnet.jit.compiled_methods ({method} / 1 sec),Rate,0
09/11/2026 06:05:01,System.Runtime,dotnet.monitor.lock_contentions ({contention} / 1 sec),Rate,0
09/11/2026 06:05:01,System.Runtime,dotnet.gc.collections ({collection} / 1 sec)[gc.heap.generation=gen0],Rate,0
09/11/2026 06:05:01,System.Runtime,dotnet.gc.collections ({collection} / 1 sec)[gc.heap.generation=gen2],Rate,0
09/11/2026 06:05:01,System.Runtime,dotnet.gc.collections ({collection} / 1 sec)[gc.heap.generation=gen1],Rate,0
09/11/2026 06:05:01,System.Runtime,dotnet.process.cpu.time (s / 1 sec)[cpu.mode=user],Rate,0.5888579999999948
09/11/2026 06:05:01,System.Runtime,dotnet.process.cpu.time (s / 1 sec)[cpu.mode=system],Rate,0.03694199999999981
09/11/2026 06:05:01,System.Runtime,dotnet.process.cpu.count ({cpu}),Metric,15
09/11/2026 06:05:01,System.Runtime,dotnet.gc.pause.time (s / 1 sec),Rate,0
09/11/2026 06:05:01,System.Runtime,dotnet.thread_pool.queue.length ({work_item} / 1 sec),Rate,0
09/11/2026 06:05:01,System.Runtime,dotnet.gc.last_collection.memory.committed_size (By),Metric,0
09/11/2026 06:05:01,System.Runtime,dotnet.gc.last_collection.heap.fragmentation.size (By)[gc.heap.generation=gen0],Metric,0
09/11/2026 06:05:01,System.Runtime,dotnet.gc.last_collection.heap.fragmentation.size (By)[gc.heap.generation=loh],Metric,0
09/11/2026 06:05:01,System.Runtime,dotnet.gc.last_collection.heap.fragmentation.size (By)[gc.heap.generation=poh],Metric,0
09/11/2026 06:05:01,System.Runtime,dotnet.gc.last_collection.heap.fragmentation.size (By)[gc.heap.generation=gen2],Metric,0
09/11/2026 06:05:01,System.Runtime,dotnet.gc.last_collection.heap.fragmentation.size (By)[gc.heap.generation=gen1],Metric,0
09/11/2026 06:05:01,System.Runtime,dotnet.timer.count ({timer}),Metric,2
09/11/2026 06:05:01,System.Runtime,dotnet.assembly.count ({assembly}),Metric,61
09/11/2026 06:05:01,System.Runtime,dotnet.gc.heap.total_allocated (By / 1 sec),Rate,139400
09/11/2026 06:05:01,System.Runtime,dotnet.gc.last_collection.heap.size (By)[gc.heap.generation=gen0],Metric,0
09/11/2026 06:05:01,System.Runtime,dotnet.gc.last_collection.heap.size (By)[gc.heap.generation=loh],Metric,0
09/11/2026 06:05:01,System.Runtime,dotnet.gc.last_collection.heap.size (By)[gc.heap.generation=poh],Metric,0
09/11/2026 06:05:01,System.Runtime,dotnet.gc.last_collection.heap.size (By)[gc.heap.generation=gen2],Metric,0
09/11/2026 06:05:01,System.Runtime,dotnet.gc.last_collection.heap.size (By)[gc.heap.generation=gen1],Metric,0
09/11/2026 06:05:01,System.Runtime,dotnet.thread_pool.work_item.count ({work_item} / 1 sec),Rate,601
09/11/2026 06:05:01,System.Runtime,dotnet.process.memory.working_set (By),Metric,96583680
09/11/2026 06:05:01,System.Runtime,dotnet.thread_pool.thread.count ({thread} / 1 sec),Rate,0
09/11/2026 06:05:01,System.Runtime,dotnet.jit.compilation.time (s / 1 sec),Rate,0
09/11/2026 06:05:02,System.Runtime,dotnet.jit.compiled_il.size (By / 1 sec),Rate,0
09/11/2026 06:05:02,System.Runtime,dotnet.jit.compiled_methods ({method} / 1 sec),Rate,0
09/11/2026 06:05:02,System.Runtime,dotnet.monitor.lock_contentions ({contention} / 1 sec),Rate,0
09/11/2026 06:05:02,System.Runtime,dotnet.gc.collections ({collection} / 1 sec)[gc.heap.generation=gen0],Rate,0
09/11/2026 06:05:02,System.Runtime,dotnet.gc.collections ({collection} / 1 sec)[gc.heap.generation=gen2],Rate,0
09/11/2026 06:05:02,System.Runtime,dotnet.gc.collections ({collection} / 1 sec)[gc.heap.generation=gen1],Rate,0
09/11/2026 06:05:02,System.Runtime,dotnet.process.cpu.time (s / 1 sec)[cpu.mode=user],Rate,0.5859909999999999
09/11/2026 06:05:02,System.Runtime,dotnet.process.cpu.time (s / 1 sec)[cpu.mode=system],Rate,0.03507299999999969
09/11/2026 06:05:02,System.Runtime,dotnet.process.cpu.count ({cpu}),Metric,15
09/11/2026 06:05:02,System.Runtime,dotnet.gc.pause.time (s / 1 sec),Rate,0
09/11/2026 06:05:02,System.Runtime,dotnet.thread_pool.queue.length ({work_item} / 1 sec),Rate,0
09/11/2026 06:05:02,System.Runtime,dotnet.gc.last_collection.memory.committed_size (By),Metric,0
09/11/2026 06:05:02,System.Runtime,dotnet.gc.last_collection.heap.fragmentation.size (By)[gc.heap.generation=gen0],Metric,0
09/11/2026 06:05:02,System.Runtime,dotnet.gc.last_collection.heap.fragmentation.size (By)[gc.heap.generation=loh],Metric,0
09/11/2026 06:05:02,System.Runtime,dotnet.gc.last_collection.heap.fragmentation.size (By)[gc.heap.generation=poh],Metric,0
09/11/2026 06:05:02,System.Runtime,dotnet.gc.last_collection.heap.fragmentation.size (By)[gc.heap.generation=gen2],Metric,0
09/11/2026 06:05:02,System.Runtime,dotnet.gc.last_collection.heap.fragmentation.size (By)[gc.heap.generation=gen1],Metric,0
09/11/2026 06:05:02,System.Runtime,dotnet.timer.count ({timer}),Metric,2
09/11/2026 06:05:02,System.Runtime,dotnet.assembly.count ({assembly}),Metric,61
09/11/2026 06:05:02,System.Runtime,dotnet.gc.heap.total_allocated (By / 1 sec),Rate,130176
09/11/2026 06:05:02,System.Runtime,dotnet.gc.last_collection.heap.size (By)[gc.heap.generation=gen0],Metric,0
09/11/2026 06:05:02,System.Runtime,dotnet.gc.last_collection.heap.size (By)[gc.heap.generation=loh],Metric,0
09/11/2026 06:05:02,System.Runtime,dotnet.gc.last_collection.heap.size (By)[gc.heap.generation=poh],Metric,0
09/11/2026 06:05:02,System.Runtime,dotnet.gc.last_collection.heap.size (By)[gc.heap.generation=gen2],Metric,0
09/11/2026 06:05:02,System.Runtime,dotnet.gc.last_collection.heap.size (By)[gc.heap.generation=gen1],Metric,0
09/11/2026 06:05:02,System.Runtime,dotnet.thread_pool.work_item.count ({work_item} / 1 sec),Rate,601
09/11/2026 06:05:02,System.Runtime,dotnet.process.memory.working_set (By),Metric,96731136
09/11/2026 06:05:02,System.Runtime,dotnet.thread_pool.thread.count ({thread} / 1 sec),Rate,0
09/11/2026 06:05:02,System.Runtime,dotnet.jit.compilation.time (s / 1 sec),Rate,0
09/11/2026 06:05:03,System.Runtime,dotnet.jit.compiled_il.size (By / 1 sec),Rate,0
09/11/2026 06:05:03,System.Runtime,dotnet.jit.compiled_methods ({method} / 1 sec),Rate,0
09/11/2026 06:05:03,System.Runtime,dotnet.monitor.lock_contentions ({contention} / 1 sec),Rate,0
09/11/2026 06:05:03,System.Runtime,dotnet.gc.collections ({collection} / 1 sec)[gc.heap.generation=gen0],Rate,0
09/11/2026 06:05:03,System.Runtime,dotnet.gc.collections ({collection} / 1 sec)[gc.heap.generation=gen2],Rate,0
09/11/2026 06:05:03,System.Runtime,dotnet.gc.collections ({collection} / 1 sec)[gc.heap.generation=gen1],Rate,0
09/11/2026 06:05:03,System.Runtime,dotnet.process.cpu.time (s / 1 sec)[cpu.mode=user],Rate,0.587922000000006
09/11/2026 06:05:03,System.Runtime,dotnet.process.cpu.time (s / 1 sec)[cpu.mode=system],Rate,0.03697600000000012
09/11/2026 06:05:03,System.Runtime,dotnet.process.cpu.count ({cpu}),Metric,15
09/11/2026 06:05:03,System.Runtime,dotnet.gc.pause.time (s / 1 sec),Rate,0
09/11/2026 06:05:03,System.Runtime,dotnet.thread_pool.queue.length ({work_item} / 1 sec),Rate,0
09/11/2026 06:05:03,System.Runtime,dotnet.gc.last_collection.memory.committed_size (By),Metric,0
09/11/2026 06:05:03,System.Runtime,dotnet.gc.last_collection.heap.fragmentation.size (By)[gc.heap.generation=gen0],Metric,0
09/11/2026 06:05:03,System.Runtime,dotnet.gc.last_collection.heap.fragmentation.size (By)[gc.heap.generation=loh],Metric,0
09/11/2026 06:05:03,System.Runtime,dotnet.gc.last_collection.heap.fragmentation.size (By)[gc.heap.generation=poh],Metric,0
09/11/2026 06:05:03,System.Runtime,dotnet.gc.last_collection.heap.fragmentation.size (By)[gc.heap.generation=gen2],Metric,0
09/11/2026 06:05:03,System.Runtime,dotnet.gc.last_collection.heap.fragmentation.size (By)[gc.heap.generation=gen1],Metric,0
09/11/2026 06:05:03,System.Runtime,dotnet.timer.count ({timer}),Metric,2
09/11/2026 06:05:03,System.Runtime,dotnet.assembly.count ({assembly}),Metric,61
09/11/2026 06:05:03,System.Runtime,dotnet.gc.heap.total_allocated (By / 1 sec),Rate,139376
09/11/2026 06:05:03,System.Runtime,dotnet.gc.last_collection.heap.size (By)[gc.heap.generation=gen0],Metric,0
09/11/2026 06:05:03,System.Runtime,dotnet.gc.last_collection.heap.size (By)[gc.heap.generation=loh],Metric,0
09/11/2026 06:05:03,System.Runtime,dotnet.gc.last_collection.heap.size (By)[gc.heap.generation=poh],Metric,0
09/11/2026 06:05:03,System.Runtime,dotnet.gc.last_collection.heap.size (By)[gc.heap.generation=gen2],Metric,0
09/11/2026 06:05:03,System.Runtime,dotnet.gc.last_collection.heap.size (By)[gc.heap.generation=gen1],Metric,0
09/11/2026 06:05:03,System.Runtime,dotnet.thread_pool.work_item.count ({work_item} / 1 sec),Rate,601
09/11/2026 06:05:03,System.Runtime,dotnet.process.memory.working_set (By),Metric,96862208
09/11/2026 06:05:03,System.Runtime,dotnet.thread_pool.thread.count ({thread} / 1 sec),Rate,0
09/11/2026 06:05:03,System.Runtime,dotnet.jit.compilation.time (s / 1 sec),Rate,0
09/11/2026 06:05:04,System.Runtime,dotnet.jit.compiled_il.size (By / 1 sec),Rate,6032
09/11/2026 06:05:04,System.Runtime,dotnet.jit.compiled_methods ({method} / 1 sec),Rate,97
09/11/2026 06:05:04,System.Runtime,dotnet.monitor.lock_contentions ({contention} / 1 sec),Rate,0
09/11/2026 06:05:04,System.Runtime,dotnet.gc.collections ({collection} / 1 sec)[gc.heap.generation=gen0],Rate,0
09/11/2026 06:05:04,System.Runtime,dotnet.gc.collections ({collection} / 1 sec)[gc.heap.generation=gen2],Rate,0
09/11/2026 06:05:04,System.Runtime,dotnet.gc.collections ({collection} / 1 sec)[gc.heap.generation=gen1],Rate,0
09/11/2026 06:05:04,System.Runtime,dotnet.process.cpu.time (s / 1 sec)[cpu.mode=user],Rate,0.606971999999999
09/11/2026 06:05:04,System.Runtime,dotnet.process.cpu.time (s / 1 sec)[cpu.mode=system],Rate,0.03924400000000006
09/11/2026 06:05:04,System.Runtime,dotnet.process.cpu.count ({cpu}),Metric,15
09/11/2026 06:05:04,System.Runtime,dotnet.gc.pause.time (s / 1 sec),Rate,0
09/11/2026 06:05:04,System.Runtime,dotnet.thread_pool.queue.length ({work_item} / 1 sec),Rate,0
09/11/2026 06:05:04,System.Runtime,dotnet.gc.last_collection.memory.committed_size (By),Metric,0
09/11/2026 06:05:04,System.Runtime,dotnet.gc.last_collection.heap.fragmentation.size (By)[gc.heap.generation=gen0],Metric,0
09/11/2026 06:05:04,System.Runtime,dotnet.gc.last_collection.heap.fragmentation.size (By)[gc.heap.generation=loh],Metric,0
09/11/2026 06:05:04,System.Runtime,dotnet.gc.last_collection.heap.fragmentation.size (By)[gc.heap.generation=poh],Metric,0
09/11/2026 06:05:04,System.Runtime,dotnet.gc.last_collection.heap.fragmentation.size (By)[gc.heap.generation=gen2],Metric,0
09/11/2026 06:05:04,System.Runtime,dotnet.gc.last_collection.heap.fragmentation.size (By)[gc.heap.generation=gen1],Metric,0
09/11/2026 06:05:04,System.Runtime,dotnet.timer.count ({timer}),Metric,2
09/11/2026 06:05:04,System.Runtime,dotnet.assembly.count ({assembly}),Metric,61
09/11/2026 06:05:04,System.Runtime,dotnet.gc.heap.total_allocated (By / 1 sec),Rate,131216
09/11/2026 06:05:04,System.Runtime,dotnet.gc.last_collection.heap.size (By)[gc.heap.generation=gen0],Metric,0
09/11/2026 06:05:04,System.Runtime,dotnet.gc.last_collection.heap.size (By)[gc.heap.generation=loh],Metric,0
09/11/2026 06:05:04,System.Runtime,dotnet.gc.last_collection.heap.size (By)[gc.heap.generation=poh],Metric,0
09/11/2026 06:05:04,System.Runtime,dotnet.gc.last_collection.heap.size (By)[gc.heap.generation=gen2],Metric,0
09/11/2026 06:05:04,System.Runtime,dotnet.gc.last_collection.heap.size (By)[gc.heap.generation=gen1],Metric,0
09/11/2026 06:05:04,System.Runtime,dotnet.thread_pool.work_item.count ({work_item} / 1 sec),Rate,602
09/11/2026 06:05:04,System.Runtime,dotnet.process.memory.working_set (By),Metric,97107968
09/11/2026 06:05:04,System.Runtime,dotnet.thread_pool.thread.count ({thread} / 1 sec),Rate,0
09/11/2026 06:05:04,System.Runtime,dotnet.jit.compilation.time (s / 1 sec),Rate,0.016794399999999987
09/11/2026 06:05:05,System.Runtime,dotnet.jit.compiled_il.size (By / 1 sec),Rate,0
09/11/2026 06:05:05,System.Runtime,dotnet.jit.compiled_methods ({method} / 1 sec),Rate,0
09/11/2026 06:05:05,System.Runtime,dotnet.monitor.lock_contentions ({contention} / 1 sec),Rate,0
09/11/2026 06:05:05,System.Runtime,dotnet.gc.collections ({collection} / 1 sec)[gc.heap.generation=gen0],Rate,0
09/11/2026 06:05:05,System.Runtime,dotnet.gc.collections ({collection} / 1 sec)[gc.heap.generation=gen2],Rate,0
09/11/2026 06:05:05,System.Runtime,dotnet.gc.collections ({collection} / 1 sec)[gc.heap.generation=gen1],Rate,0
09/11/2026 06:05:05,System.Runtime,dotnet.process.cpu.time (s / 1 sec)[cpu.mode=user],Rate,0.5872379999999993
09/11/2026 06:05:05,System.Runtime,dotnet.process.cpu.time (s / 1 sec)[cpu.mode=system],Rate,0.037367999999999846
09/11/2026 06:05:05,System.Runtime,dotnet.process.cpu.count ({cpu}),Metric,15
09/11/2026 06:05:05,System.Runtime,dotnet.gc.pause.time (s / 1 sec),Rate,0
09/11/2026 06:05:05,System.Runtime,dotnet.thread_pool.queue.length ({work_item} / 1 sec),Rate,0
09/11/2026 06:05:05,System.Runtime,dotnet.gc.last_collection.memory.committed_size (By),Metric,0
09/11/2026 06:05:05,System.Runtime,dotnet.gc.last_collection.heap.fragmentation.size (By)[gc.heap.generation=gen0],Metric,0
09/11/2026 06:05:05,System.Runtime,dotnet.gc.last_collection.heap.fragmentation.size (By)[gc.heap.generation=loh],Metric,0
09/11/2026 06:05:05,System.Runtime,dotnet.gc.last_collection.heap.fragmentation.size (By)[gc.heap.generation=poh],Metric,0
09/11/2026 06:05:05,System.Runtime,dotnet.gc.last_collection.heap.fragmentation.size (By)[gc.heap.generation=gen2],Metric,0
09/11/2026 06:05:05,System.Runtime,dotnet.gc.last_collection.heap.fragmentation.size (By)[gc.heap.generation=gen1],Metric,0
09/11/2026 06:05:05,System.Runtime,dotnet.timer.count ({timer}),Metric,2
09/11/2026 06:05:05,System.Runtime,dotnet.assembly.count ({assembly}),Metric,61
09/11/2026 06:05:05,System.Runtime,dotnet.gc.heap.total_allocated (By / 1 sec),Rate,146576
09/11/2026 06:05:05,System.Runtime,dotnet.gc.last_collection.heap.size (By)[gc.heap.generation=gen0],Metric,0
09/11/2026 06:05:05,System.Runtime,dotnet.gc.last_collection.heap.size (By)[gc.heap.generation=loh],Metric,0
09/11/2026 06:05:05,System.Runtime,dotnet.gc.last_collection.heap.size (By)[gc.heap.generation=poh],Metric,0
09/11/2026 06:05:05,System.Runtime,dotnet.gc.last_collection.heap.size (By)[gc.heap.generation=gen2],Metric,0
09/11/2026 06:05:05,System.Runtime,dotnet.gc.last_collection.heap.size (By)[gc.heap.generation=gen1],Metric,0
09/11/2026 06:05:05,System.Runtime,dotnet.thread_pool.work_item.count ({work_item} / 1 sec),Rate,601
09/11/2026 06:05:05,System.Runtime,dotnet.process.memory.working_set (By),Metric,97255424
09/11/2026 06:05:05,System.Runtime,dotnet.thread_pool.thread.count ({thread} / 1 sec),Rate,0
09/11/2026 06:05:05,System.Runtime,dotnet.jit.compilation.time (s / 1 sec),Rate,0
09/11/2026 06:05:06,System.Runtime,dotnet.jit.compiled_il.size (By / 1 sec),Rate,0
09/11/2026 06:05:06,System.Runtime,dotnet.jit.compiled_methods ({method} / 1 sec),Rate,0
09/11/2026 06:05:06,System.Runtime,dotnet.monitor.lock_contentions ({contention} / 1 sec),Rate,0
09/11/2026 06:05:06,System.Runtime,dotnet.gc.collections ({collection} / 1 sec)[gc.heap.generation=gen0],Rate,0
09/11/2026 06:05:06,System.Runtime,dotnet.gc.collections ({collection} / 1 sec)[gc.heap.generation=gen2],Rate,0
09/11/2026 06:05:06,System.Runtime,dotnet.gc.collections ({collection} / 1 sec)[gc.heap.generation=gen1],Rate,0
09/11/2026 06:05:06,System.Runtime,dotnet.process.cpu.time (s / 1 sec)[cpu.mode=user],Rate,0.586361999999994
09/11/2026 06:05:06,System.Runtime,dotnet.process.cpu.time (s / 1 sec)[cpu.mode=system],Rate,0.036443000000000225
09/11/2026 06:05:06,System.Runtime,dotnet.process.cpu.count ({cpu}),Metric,15
09/11/2026 06:05:06,System.Runtime,dotnet.gc.pause.time (s / 1 sec),Rate,0
09/11/2026 06:05:06,System.Runtime,dotnet.thread_pool.queue.length ({work_item} / 1 sec),Rate,0
09/11/2026 06:05:06,System.Runtime,dotnet.gc.last_collection.memory.committed_size (By),Metric,0
09/11/2026 06:05:06,System.Runtime,dotnet.gc.last_collection.heap.fragmentation.size (By)[gc.heap.generation=gen0],Metric,0
09/11/2026 06:05:06,System.Runtime,dotnet.gc.last_collection.heap.fragmentation.size (By)[gc.heap.generation=loh],Metric,0
09/11/2026 06:05:06,System.Runtime,dotnet.gc.last_collection.heap.fragmentation.size (By)[gc.heap.generation=poh],Metric,0
09/11/2026 06:05:06,System.Runtime,dotnet.gc.last_collection.heap.fragmentation.size (By)[gc.heap.generation=gen2],Metric,0
09/11/2026 06:05:06,System.Runtime,dotnet.gc.last_collection.heap.fragmentation.size (By)[gc.heap.generation=gen1],Metric,0
09/11/2026 06:05:06,System.Runtime,dotnet.timer.count ({timer}),Metric,2
09/11/2026 06:05:06,System.Runtime,dotnet.assembly.count ({assembly}),Metric,61
09/11/2026 06:05:06,System.Runtime,dotnet.gc.heap.total_allocated (By / 1 sec),Rate,139360
09/11/2026 06:05:06,System.Runtime,dotnet.gc.last_collection.heap.size (By)[gc.heap.generation=gen0],Metric,0
09/11/2026 06:05:06,System.Runtime,dotnet.gc.last_collection.heap.size (By)[gc.heap.generation=loh],Metric,0
09/11/2026 06:05:06,System.Runtime,dotnet.gc.last_collection.heap.size (By)[gc.heap.generation=poh],Metric,0
09/11/2026 06:05:06,System.Runtime,dotnet.gc.last_collection.heap.size (By)[gc.heap.generation=gen2],Metric,0
09/11/2026 06:05:06,System.Runtime,dotnet.gc.last_collection.heap.size (By)[gc.heap.generation=gen1],Metric,0
09/11/2026 06:05:06,System.Runtime,dotnet.thread_pool.work_item.count ({work_item} / 1 sec),Rate,601
09/11/2026 06:05:06,System.Runtime,dotnet.process.memory.working_set (By),Metric,97386496
09/11/2026 06:05:06,System.Runtime,dotnet.thread_pool.thread.count ({thread} / 1 sec),Rate,0
09/11/2026 06:05:06,System.Runtime,dotnet.jit.compilation.time (s / 1 sec),Rate,0
09/11/2026 06:05:07,System.Runtime,dotnet.jit.compiled_il.size (By / 1 sec),Rate,0
09/11/2026 06:05:07,System.Runtime,dotnet.jit.compiled_methods ({method} / 1 sec),Rate,0
09/11/2026 06:05:07,System.Runtime,dotnet.monitor.lock_contentions ({contention} / 1 sec),Rate,0
09/11/2026 06:05:07,System.Runtime,dotnet.gc.collections ({collection} / 1 sec)[gc.heap.generation=gen0],Rate,0
09/11/2026 06:05:07,System.Runtime,dotnet.gc.collections ({collection} / 1 sec)[gc.heap.generation=gen2],Rate,0
09/11/2026 06:05:07,System.Runtime,dotnet.gc.collections ({collection} / 1 sec)[gc.heap.generation=gen1],Rate,0
09/11/2026 06:05:07,System.Runtime,dotnet.process.cpu.time (s / 1 sec)[cpu.mode=user],Rate,0.5879809999999992
09/11/2026 06:05:07,System.Runtime,dotnet.process.cpu.time (s / 1 sec)[cpu.mode=system],Rate,0.03622299999999967
09/11/2026 06:05:07,System.Runtime,dotnet.process.cpu.count ({cpu}),Metric,15
09/11/2026 06:05:07,System.Runtime,dotnet.gc.pause.time (s / 1 sec),Rate,0
09/11/2026 06:05:07,System.Runtime,dotnet.thread_pool.queue.length ({work_item} / 1 sec),Rate,0
09/11/2026 06:05:07,System.Runtime,dotnet.gc.last_collection.memory.committed_size (By),Metric,0
09/11/2026 06:05:07,System.Runtime,dotnet.gc.last_collection.heap.fragmentation.size (By)[gc.heap.generation=gen0],Metric,0
09/11/2026 06:05:07,System.Runtime,dotnet.gc.last_collection.heap.fragmentation.size (By)[gc.heap.generation=loh],Metric,0
09/11/2026 06:05:07,System.Runtime,dotnet.gc.last_collection.heap.fragmentation.size (By)[gc.heap.generation=poh],Metric,0
09/11/2026 06:05:07,System.Runtime,dotnet.gc.last_collection.heap.fragmentation.size (By)[gc.heap.generation=gen2],Metric,0
09/11/2026 06:05:07,System.Runtime,dotnet.gc.last_collection.heap.fragmentation.size (By)[gc.heap.generation=gen1],Metric,0
09/11/2026 06:05:07,System.Runtime,dotnet.timer.count ({timer}),Metric,2
09/11/2026 06:05:07,System.Runtime,dotnet.assembly.count ({assembly}),Metric,61
09/11/2026 06:05:07,System.Runtime,dotnet.gc.heap.total_allocated (By / 1 sec),Rate,130176
09/11/2026 06:05:07,System.Runtime,dotnet.gc.last_collection.heap.size (By)[gc.heap.generation=gen0],Metric,0
09/11/2026 06:05:07,System.Runtime,dotnet.gc.last_collection.heap.size (By)[gc.heap.generation=loh],Metric,0
09/11/2026 06:05:07,System.Runtime,dotnet.gc.last_collection.heap.size (By)[gc.heap.generation=poh],Metric,0
09/11/2026 06:05:07,System.Runtime,dotnet.gc.last_collection.heap.size (By)[gc.heap.generation=gen2],Metric,0
09/11/2026 06:05:07,System.Runtime,dotnet.gc.last_collection.heap.size (By)[gc.heap.generation=gen1],Metric,0
09/11/2026 06:05:07,System.Runtime,dotnet.thread_pool.work_item.count ({work_item} / 1 sec),Rate,601
09/11/2026 06:05:07,System.Runtime,dotnet.process.memory.working_set (By),Metric,97550336
09/11/2026 06:05:07,System.Runtime,dotnet.thread_pool.thread.count ({thread} / 1 sec),Rate,0
09/11/2026 06:05:07,System.Runtime,dotnet.jit.compilation.time (s / 1 sec),Rate,0
09/11/2026 06:05:08,System.Runtime,dotnet.jit.compiled_il.size (By / 1 sec),Rate,0
09/11/2026 06:05:08,System.Runtime,dotnet.jit.compiled_methods ({method} / 1 sec),Rate,0
09/11/2026 06:05:08,System.Runtime,dotnet.monitor.lock_contentions ({contention} / 1 sec),Rate,0
09/11/2026 06:05:08,System.Runtime,dotnet.gc.collections ({collection} / 1 sec)[gc.heap.generation=gen0],Rate,0
09/11/2026 06:05:08,System.Runtime,dotnet.gc.collections ({collection} / 1 sec)[gc.heap.generation=gen2],Rate,0
09/11/2026 06:05:08,System.Runtime,dotnet.gc.collections ({collection} / 1 sec)[gc.heap.generation=gen1],Rate,0
09/11/2026 06:05:08,System.Runtime,dotnet.process.cpu.time (s / 1 sec)[cpu.mode=user],Rate,0.5906610000000114
09/11/2026 06:05:08,System.Runtime,dotnet.process.cpu.time (s / 1 sec)[cpu.mode=system],Rate,0.03978600000000032
09/11/2026 06:05:08,System.Runtime,dotnet.process.cpu.count ({cpu}),Metric,15
09/11/2026 06:05:08,System.Runtime,dotnet.gc.pause.time (s / 1 sec),Rate,0
09/11/2026 06:05:08,System.Runtime,dotnet.thread_pool.queue.length ({work_item} / 1 sec),Rate,0
09/11/2026 06:05:08,System.Runtime,dotnet.gc.last_collection.memory.committed_size (By),Metric,0
09/11/2026 06:05:08,System.Runtime,dotnet.gc.last_collection.heap.fragmentation.size (By)[gc.heap.generation=gen0],Metric,0
09/11/2026 06:05:08,System.Runtime,dotnet.gc.last_collection.heap.fragmentation.size (By)[gc.heap.generation=loh],Metric,0
09/11/2026 06:05:08,System.Runtime,dotnet.gc.last_collection.heap.fragmentation.size (By)[gc.heap.generation=poh],Metric,0
09/11/2026 06:05:08,System.Runtime,dotnet.gc.last_collection.heap.fragmentation.size (By)[gc.heap.generation=gen2],Metric,0
09/11/2026 06:05:08,System.Runtime,dotnet.gc.last_collection.heap.fragmentation.size (By)[gc.heap.generation=gen1],Metric,0
09/11/2026 06:05:08,System.Runtime,dotnet.timer.count ({timer}),Metric,3
09/11/2026 06:05:08,System.Runtime,dotnet.assembly.count ({assembly}),Metric,61
09/11/2026 06:05:08,System.Runtime,dotnet.gc.heap.total_allocated (By / 1 sec),Rate,138248
09/11/2026 06:05:08,System.Runtime,dotnet.gc.last_collection.heap.size (By)[gc.heap.generation=gen0],Metric,0
09/11/2026 06:05:08,System.Runtime,dotnet.gc.last_collection.heap.size (By)[gc.heap.generation=loh],Metric,0
09/11/2026 06:05:08,System.Runtime,dotnet.gc.last_collection.heap.size (By)[gc.heap.generation=poh],Metric,0
09/11/2026 06:05:08,System.Runtime,dotnet.gc.last_collection.heap.size (By)[gc.heap.generation=gen2],Metric,0
09/11/2026 06:05:08,System.Runtime,dotnet.gc.last_collection.heap.size (By)[gc.heap.generation=gen1],Metric,0
09/11/2026 06:05:08,System.Runtime,dotnet.thread_pool.work_item.count ({work_item} / 1 sec),Rate,603
09/11/2026 06:05:08,System.Runtime,dotnet.process.memory.working_set (By),Metric,97714176
09/11/2026 06:05:08,System.Runtime,dotnet.thread_pool.thread.count ({thread} / 1 sec),Rate,0
09/11/2026 06:05:08,System.Runtime,dotnet.jit.compilation.time (s / 1 sec),Rate,0
09/11/2026 06:05:09,System.Runtime,dotnet.jit.compiled_il.size (By / 1 sec),Rate,271
09/11/2026 06:05:09,System.Runtime,dotnet.jit.compiled_methods ({method} / 1 sec),Rate,1
09/11/2026 06:05:09,System.Runtime,dotnet.monitor.lock_contentions ({contention} / 1 sec),Rate,0
09/11/2026 06:05:09,System.Runtime,dotnet.gc.collections ({collection} / 1 sec)[gc.heap.generation=gen0],Rate,0
09/11/2026 06:05:09,System.Runtime,dotnet.gc.collections ({collection} / 1 sec)[gc.heap.generation=gen2],Rate,0
09/11/2026 06:05:09,System.Runtime,dotnet.gc.collections ({collection} / 1 sec)[gc.heap.generation=gen1],Rate,0
09/11/2026 06:05:09,System.Runtime,dotnet.process.cpu.time (s / 1 sec)[cpu.mode=user],Rate,0.582460999999995
09/11/2026 06:05:09,System.Runtime,dotnet.process.cpu.time (s / 1 sec)[cpu.mode=system],Rate,0.039061999999999486
09/11/2026 06:05:09,System.Runtime,dotnet.process.cpu.count ({cpu}),Metric,15
09/11/2026 06:05:09,System.Runtime,dotnet.gc.pause.time (s / 1 sec),Rate,0
09/11/2026 06:05:09,System.Runtime,dotnet.thread_pool.queue.length ({work_item} / 1 sec),Rate,0
09/11/2026 06:05:09,System.Runtime,dotnet.gc.last_collection.memory.committed_size (By),Metric,0
09/11/2026 06:05:09,System.Runtime,dotnet.gc.last_collection.heap.fragmentation.size (By)[gc.heap.generation=gen0],Metric,0
09/11/2026 06:05:09,System.Runtime,dotnet.gc.last_collection.heap.fragmentation.size (By)[gc.heap.generation=loh],Metric,0
09/11/2026 06:05:09,System.Runtime,dotnet.gc.last_collection.heap.fragmentation.size (By)[gc.heap.generation=poh],Metric,0
09/11/2026 06:05:09,System.Runtime,dotnet.gc.last_collection.heap.fragmentation.size (By)[gc.heap.generation=gen2],Metric,0
09/11/2026 06:05:09,System.Runtime,dotnet.gc.last_collection.heap.fragmentation.size (By)[gc.heap.generation=gen1],Metric,0
09/11/2026 06:05:09,System.Runtime,dotnet.timer.count ({timer}),Metric,2
09/11/2026 06:05:09,System.Runtime,dotnet.assembly.count ({assembly}),Metric,61
09/11/2026 06:05:09,System.Runtime,dotnet.gc.heap.total_allocated (By / 1 sec),Rate,139288
09/11/2026 06:05:09,System.Runtime,dotnet.gc.last_collection.heap.size (By)[gc.heap.generation=gen0],Metric,0
09/11/2026 06:05:09,System.Runtime,dotnet.gc.last_collection.heap.size (By)[gc.heap.generation=loh],Metric,0
09/11/2026 06:05:09,System.Runtime,dotnet.gc.last_collection.heap.size (By)[gc.heap.generation=poh],Metric,0
09/11/2026 06:05:09,System.Runtime,dotnet.gc.last_collection.heap.size (By)[gc.heap.generation=gen2],Metric,0
09/11/2026 06:05:09,System.Runtime,dotnet.gc.last_collection.heap.size (By)[gc.heap.generation=gen1],Metric,0
09/11/2026 06:05:09,System.Runtime,dotnet.thread_pool.work_item.count ({work_item} / 1 sec),Rate,600
09/11/2026 06:05:09,System.Runtime,dotnet.process.memory.working_set (By),Metric,97878016
09/11/2026 06:05:09,System.Runtime,dotnet.thread_pool.thread.count ({thread} / 1 sec),Rate,0
09/11/2026 06:05:09,System.Runtime,dotnet.jit.compilation.time (s / 1 sec),Rate,0.0016177000000000552
09/11/2026 06:05:10,System.Runtime,dotnet.jit.compiled_il.size (By / 1 sec),Rate,0
09/11/2026 06:05:10,System.Runtime,dotnet.jit.compiled_methods ({method} / 1 sec),Rate,0
09/11/2026 06:05:10,System.Runtime,dotnet.monitor.lock_contentions ({contention} / 1 sec),Rate,0
09/11/2026 06:05:10,System.Runtime,dotnet.gc.collections ({collection} / 1 sec)[gc.heap.generation=gen0],Rate,0
09/11/2026 06:05:10,System.Runtime,dotnet.gc.collections ({collection} / 1 sec)[gc.heap.generation=gen2],Rate,0
09/11/2026 06:05:10,System.Runtime,dotnet.gc.collections ({collection} / 1 sec)[gc.heap.generation=gen1],Rate,0
09/11/2026 06:05:10,System.Runtime,dotnet.process.cpu.time (s / 1 sec)[cpu.mode=user],Rate,0.5845209999999952
09/11/2026 06:05:10,System.Runtime,dotnet.process.cpu.time (s / 1 sec)[cpu.mode=system],Rate,0.03390100000000018
09/11/2026 06:05:10,System.Runtime,dotnet.process.cpu.count ({cpu}),Metric,15
09/11/2026 06:05:10,System.Runtime,dotnet.gc.pause.time (s / 1 sec),Rate,0
09/11/2026 06:05:10,System.Runtime,dotnet.thread_pool.queue.length ({work_item} / 1 sec),Rate,0
09/11/2026 06:05:10,System.Runtime,dotnet.gc.last_collection.memory.committed_size (By),Metric,0
09/11/2026 06:05:10,System.Runtime,dotnet.gc.last_collection.heap.fragmentation.size (By)[gc.heap.generation=gen0],Metric,0
09/11/2026 06:05:10,System.Runtime,dotnet.gc.last_collection.heap.fragmentation.size (By)[gc.heap.generation=loh],Metric,0
09/11/2026 06:05:10,System.Runtime,dotnet.gc.last_collection.heap.fragmentation.size (By)[gc.heap.generation=poh],Metric,0
09/11/2026 06:05:10,System.Runtime,dotnet.gc.last_collection.heap.fragmentation.size (By)[gc.heap.generation=gen2],Metric,0
09/11/2026 06:05:10,System.Runtime,dotnet.gc.last_collection.heap.fragmentation.size (By)[gc.heap.generation=gen1],Metric,0
09/11/2026 06:05:10,System.Runtime,dotnet.timer.count ({timer}),Metric,2
09/11/2026 06:05:10,System.Runtime,dotnet.assembly.count ({assembly}),Metric,61
09/11/2026 06:05:10,System.Runtime,dotnet.gc.heap.total_allocated (By / 1 sec),Rate,137240
09/11/2026 06:05:10,System.Runtime,dotnet.gc.last_collection.heap.size (By)[gc.heap.generation=gen0],Metric,0
09/11/2026 06:05:10,System.Runtime,dotnet.gc.last_collection.heap.size (By)[gc.heap.generation=loh],Metric,0
09/11/2026 06:05:10,System.Runtime,dotnet.gc.last_collection.heap.size (By)[gc.heap.generation=poh],Metric,0
09/11/2026 06:05:10,System.Runtime,dotnet.gc.last_collection.heap.size (By)[gc.heap.generation=gen2],Metric,0
09/11/2026 06:05:10,System.Runtime,dotnet.gc.last_collection.heap.size (By)[gc.heap.generation=gen1],Metric,0
09/11/2026 06:05:10,System.Runtime,dotnet.thread_pool.work_item.count ({work_item} / 1 sec),Rate,601
09/11/2026 06:05:10,System.Runtime,dotnet.process.memory.working_set (By),Metric,98025472
09/11/2026 06:05:10,System.Runtime,dotnet.thread_pool.thread.count ({thread} / 1 sec),Rate,0
09/11/2026 06:05:10,System.Runtime,dotnet.jit.compilation.time (s / 1 sec),Rate,0
09/11/2026 06:05:11,System.Runtime,dotnet.jit.compiled_il.size (By / 1 sec),Rate,0
09/11/2026 06:05:11,System.Runtime,dotnet.jit.compiled_methods ({method} / 1 sec),Rate,0
09/11/2026 06:05:11,System.Runtime,dotnet.monitor.lock_contentions ({contention} / 1 sec),Rate,0
09/11/2026 06:05:11,System.Runtime,dotnet.gc.collections ({collection} / 1 sec)[gc.heap.generation=gen0],Rate,0
09/11/2026 06:05:11,System.Runtime,dotnet.gc.collections ({collection} / 1 sec)[gc.heap.generation=gen2],Rate,0
09/11/2026 06:05:11,System.Runtime,dotnet.gc.collections ({collection} / 1 sec)[gc.heap.generation=gen1],Rate,0
09/11/2026 06:05:11,System.Runtime,dotnet.process.cpu.time (s / 1 sec)[cpu.mode=user],Rate,0.5913820000000101
09/11/2026 06:05:11,System.Runtime,dotnet.process.cpu.time (s / 1 sec)[cpu.mode=system],Rate,0.03756300000000046
09/11/2026 06:05:11,System.Runtime,dotnet.process.cpu.count ({cpu}),Metric,15
09/11/2026 06:05:11,System.Runtime,dotnet.gc.pause.time (s / 1 sec),Rate,0
09/11/2026 06:05:11,System.Runtime,dotnet.thread_pool.queue.length ({work_item} / 1 sec),Rate,0
09/11/2026 06:05:11,System.Runtime,dotnet.gc.last_collection.memory.committed_size (By),Metric,0
09/11/2026 06:05:11,System.Runtime,dotnet.gc.last_collection.heap.fragmentation.size (By)[gc.heap.generation=gen0],Metric,0
09/11/2026 06:05:11,System.Runtime,dotnet.gc.last_collection.heap.fragmentation.size (By)[gc.heap.generation=loh],Metric,0
09/11/2026 06:05:11,System.Runtime,dotnet.gc.last_collection.heap.fragmentation.size (By)[gc.heap.generation=poh],Metric,0
09/11/2026 06:05:11,System.Runtime,dotnet.gc.last_collection.heap.fragmentation.size (By)[gc.heap.generation=gen2],Metric,0
09/11/2026 06:05:11,System.Runtime,dotnet.gc.last_collection.heap.fragmentation.size (By)[gc.heap.generation=gen1],Metric,0
09/11/2026 06:05:11,System.Runtime,dotnet.timer.count ({timer}),Metric,2
09/11/2026 06:05:11,System.Runtime,dotnet.assembly.count ({assembly}),Metric,61
09/11/2026 06:05:11,System.Runtime,dotnet.gc.heap.total_allocated (By / 1 sec),Rate,130176
09/11/2026 06:05:11,System.Runtime,dotnet.gc.last_collection.heap.size (By)[gc.heap.generation=gen0],Metric,0
09/11/2026 06:05:11,System.Runtime,dotnet.gc.last_collection.heap.size (By)[gc.heap.generation=loh],Metric,0
09/11/2026 06:05:11,System.Runtime,dotnet.gc.last_collection.heap.size (By)[gc.heap.generation=poh],Metric,0
09/11/2026 06:05:11,System.Runtime,dotnet.gc.last_collection.heap.size (By)[gc.heap.generation=gen2],Metric,0
09/11/2026 06:05:11,System.Runtime,dotnet.gc.last_collection.heap.size (By)[gc.heap.generation=gen1],Metric,0
09/11/2026 06:05:11,System.Runtime,dotnet.thread_pool.work_item.count ({work_item} / 1 sec),Rate,601
09/11/2026 06:05:11,System.Runtime,dotnet.process.memory.working_set (By),Metric,98172928
09/11/2026 06:05:11,System.Runtime,dotnet.thread_pool.thread.count ({thread} / 1 sec),Rate,0
09/11/2026 06:05:11,System.Runtime,dotnet.jit.compilation.time (s / 1 sec),Rate,0
09/11/2026 06:05:12,System.Runtime,dotnet.jit.compiled_il.size (By / 1 sec),Rate,0
09/11/2026 06:05:12,System.Runtime,dotnet.jit.compiled_methods ({method} / 1 sec),Rate,0
09/11/2026 06:05:12,System.Runtime,dotnet.monitor.lock_contentions ({contention} / 1 sec),Rate,0
09/11/2026 06:05:12,System.Runtime,dotnet.gc.collections ({collection} / 1 sec)[gc.heap.generation=gen0],Rate,0
09/11/2026 06:05:12,System.Runtime,dotnet.gc.collections ({collection} / 1 sec)[gc.heap.generation=gen2],Rate,0
09/11/2026 06:05:12,System.Runtime,dotnet.gc.collections ({collection} / 1 sec)[gc.heap.generation=gen1],Rate,0
09/11/2026 06:05:12,System.Runtime,dotnet.process.cpu.time (s / 1 sec)[cpu.mode=user],Rate,0.589823999999993
09/11/2026 06:05:12,System.Runtime,dotnet.process.cpu.time (s / 1 sec)[cpu.mode=system],Rate,0.03884099999999968
09/11/2026 06:05:12,System.Runtime,dotnet.process.cpu.count ({cpu}),Metric,15
09/11/2026 06:05:12,System.Runtime,dotnet.gc.pause.time (s / 1 sec),Rate,0
09/11/2026 06:05:12,System.Runtime,dotnet.thread_pool.queue.length ({work_item} / 1 sec),Rate,0
09/11/2026 06:05:12,System.Runtime,dotnet.gc.last_collection.memory.committed_size (By),Metric,0
09/11/2026 06:05:12,System.Runtime,dotnet.gc.last_collection.heap.fragmentation.size (By)[gc.heap.generation=gen0],Metric,0
09/11/2026 06:05:12,System.Runtime,dotnet.gc.last_collection.heap.fragmentation.size (By)[gc.heap.generation=loh],Metric,0
09/11/2026 06:05:12,System.Runtime,dotnet.gc.last_collection.heap.fragmentation.size (By)[gc.heap.generation=poh],Metric,0
09/11/2026 06:05:12,System.Runtime,dotnet.gc.last_collection.heap.fragmentation.size (By)[gc.heap.generation=gen2],Metric,0
09/11/2026 06:05:12,System.Runtime,dotnet.gc.last_collection.heap.fragmentation.size (By)[gc.heap.generation=gen1],Metric,0
09/11/2026 06:05:12,System.Runtime,dotnet.timer.count ({timer}),Metric,2
09/11/2026 06:05:12,System.Runtime,dotnet.assembly.count ({assembly}),Metric,61
09/11/2026 06:05:12,System.Runtime,dotnet.gc.heap.total_allocated (By / 1 sec),Rate,139400
09/11/2026 06:05:12,System.Runtime,dotnet.gc.last_collection.heap.size (By)[gc.heap.generation=gen0],Metric,0
09/11/2026 06:05:12,System.Runtime,dotnet.gc.last_collection.heap.size (By)[gc.heap.generation=loh],Metric,0
09/11/2026 06:05:12,System.Runtime,dotnet.gc.last_collection.heap.size (By)[gc.heap.generation=poh],Metric,0
09/11/2026 06:05:12,System.Runtime,dotnet.gc.last_collection.heap.size (By)[gc.heap.generation=gen2],Metric,0
09/11/2026 06:05:12,System.Runtime,dotnet.gc.last_collection.heap.size (By)[gc.heap.generation=gen1],Metric,0
09/11/2026 06:05:12,System.Runtime,dotnet.thread_pool.work_item.count ({work_item} / 1 sec),Rate,601
09/11/2026 06:05:12,System.Runtime,dotnet.process.memory.working_set (By),Metric,98353152
09/11/2026 06:05:12,System.Runtime,dotnet.thread_pool.thread.count ({thread} / 1 sec),Rate,0
09/11/2026 06:05:12,System.Runtime,dotnet.jit.compilation.time (s / 1 sec),Rate,0
09/11/2026 06:05:13,System.Runtime,dotnet.jit.compiled_il.size (By / 1 sec),Rate,0
09/11/2026 06:05:13,System.Runtime,dotnet.jit.compiled_methods ({method} / 1 sec),Rate,0
09/11/2026 06:05:13,System.Runtime,dotnet.monitor.lock_contentions ({contention} / 1 sec),Rate,0
09/11/2026 06:05:13,System.Runtime,dotnet.gc.collections ({collection} / 1 sec)[gc.heap.generation=gen0],Rate,0
09/11/2026 06:05:13,System.Runtime,dotnet.gc.collections ({collection} / 1 sec)[gc.heap.generation=gen2],Rate,0
09/11/2026 06:05:13,System.Runtime,dotnet.gc.collections ({collection} / 1 sec)[gc.heap.generation=gen1],Rate,0
09/11/2026 06:05:13,System.Runtime,dotnet.process.cpu.time (s / 1 sec)[cpu.mode=user],Rate,0.5860700000000065
09/11/2026 06:05:13,System.Runtime,dotnet.process.cpu.time (s / 1 sec)[cpu.mode=system],Rate,0.03573900000000041
09/11/2026 06:05:13,System.Runtime,dotnet.process.cpu.count ({cpu}),Metric,15
09/11/2026 06:05:13,System.Runtime,dotnet.gc.pause.time (s / 1 sec),Rate,0
09/11/2026 06:05:13,System.Runtime,dotnet.thread_pool.queue.length ({work_item} / 1 sec),Rate,0
09/11/2026 06:05:13,System.Runtime,dotnet.gc.last_collection.memory.committed_size (By),Metric,0
09/11/2026 06:05:13,System.Runtime,dotnet.gc.last_collection.heap.fragmentation.size (By)[gc.heap.generation=gen0],Metric,0
09/11/2026 06:05:13,System.Runtime,dotnet.gc.last_collection.heap.fragmentation.size (By)[gc.heap.generation=loh],Metric,0
09/11/2026 06:05:13,System.Runtime,dotnet.gc.last_collection.heap.fragmentation.size (By)[gc.heap.generation=poh],Metric,0
09/11/2026 06:05:13,System.Runtime,dotnet.gc.last_collection.heap.fragmentation.size (By)[gc.heap.generation=gen2],Metric,0
09/11/2026 06:05:13,System.Runtime,dotnet.gc.last_collection.heap.fragmentation.size (By)[gc.heap.generation=gen1],Metric,0
09/11/2026 06:05:13,System.Runtime,dotnet.timer.count ({timer}),Metric,2
09/11/2026 06:05:13,System.Runtime,dotnet.assembly.count ({assembly}),Metric,61
09/11/2026 06:05:13,System.Runtime,dotnet.gc.heap.total_allocated (By / 1 sec),Rate,130112
09/11/2026 06:05:13,System.Runtime,dotnet.gc.last_collection.heap.size (By)[gc.heap.generation=gen0],Metric,0
09/11/2026 06:05:13,System.Runtime,dotnet.gc.last_collection.heap.size (By)[gc.heap.generation=loh],Metric,0
09/11/2026 06:05:13,System.Runtime,dotnet.gc.last_collection.heap.size (By)[gc.heap.generation=poh],Metric,0
09/11/2026 06:05:13,System.Runtime,dotnet.gc.last_collection.heap.size (By)[gc.heap.generation=gen2],Metric,0
09/11/2026 06:05:13,System.Runtime,dotnet.gc.last_collection.heap.size (By)[gc.heap.generation=gen1],Metric,0
09/11/2026 06:05:13,System.Runtime,dotnet.thread_pool.work_item.count ({work_item} / 1 sec),Rate,601
09/11/2026 06:05:13,System.Runtime,dotnet.process.memory.working_set (By),Metric,98451456
09/11/2026 06:05:13,System.Runtime,dotnet.thread_pool.thread.count ({thread} / 1 sec),Rate,0
09/11/2026 06:05:13,System.Runtime,dotnet.jit.compilation.time (s / 1 sec),Rate,0
09/11/2026 06:05:14,System.Runtime,dotnet.jit.compiled_il.size (By / 1 sec),Rate,330
09/11/2026 06:05:14,System.Runtime,dotnet.jit.compiled_methods ({method} / 1 sec),Rate,4
09/11/2026 06:05:14,System.Runtime,dotnet.monitor.lock_contentions ({contention} / 1 sec),Rate,0
09/11/2026 06:05:14,System.Runtime,dotnet.gc.collections ({collection} / 1 sec)[gc.heap.generation=gen0],Rate,0
09/11/2026 06:05:14,System.Runtime,dotnet.gc.collections ({collection} / 1 sec)[gc.heap.generation=gen2],Rate,0
09/11/2026 06:05:14,System.Runtime,dotnet.gc.collections ({collection} / 1 sec)[gc.heap.generation=gen1],Rate,0
09/11/2026 06:05:14,System.Runtime,dotnet.process.cpu.time (s / 1 sec)[cpu.mode=user],Rate,0.5882859999999965
09/11/2026 06:05:14,System.Runtime,dotnet.process.cpu.time (s / 1 sec)[cpu.mode=system],Rate,0.035349000000000075
09/11/2026 06:05:14,System.Runtime,dotnet.process.cpu.count ({cpu}),Metric,15
09/11/2026 06:05:14,System.Runtime,dotnet.gc.pause.time (s / 1 sec),Rate,0
09/11/2026 06:05:14,System.Runtime,dotnet.thread_pool.queue.length ({work_item} / 1 sec),Rate,0
09/11/2026 06:05:14,System.Runtime,dotnet.gc.last_collection.memory.committed_size (By),Metric,0
09/11/2026 06:05:14,System.Runtime,dotnet.gc.last_collection.heap.fragmentation.size (By)[gc.heap.generation=gen0],Metric,0
09/11/2026 06:05:14,System.Runtime,dotnet.gc.last_collection.heap.fragmentation.size (By)[gc.heap.generation=loh],Metric,0
09/11/2026 06:05:14,System.Runtime,dotnet.gc.last_collection.heap.fragmentation.size (By)[gc.heap.generation=poh],Metric,0
09/11/2026 06:05:14,System.Runtime,dotnet.gc.last_collection.heap.fragmentation.size (By)[gc.heap.generation=gen2],Metric,0
09/11/2026 06:05:14,System.Runtime,dotnet.gc.last_collection.heap.fragmentation.size (By)[gc.heap.generation=gen1],Metric,0
09/11/2026 06:05:14,System.Runtime,dotnet.timer.count ({timer}),Metric,2
09/11/2026 06:05:14,System.Runtime,dotnet.assembly.count ({assembly}),Metric,61
09/11/2026 06:05:14,System.Runtime,dotnet.gc.heap.total_allocated (By / 1 sec),Rate,138328
09/11/2026 06:05:14,System.Runtime,dotnet.gc.last_collection.heap.size (By)[gc.heap.generation=gen0],Metric,0
09/11/2026 06:05:14,System.Runtime,dotnet.gc.last_collection.heap.size (By)[gc.heap.generation=loh],Metric,0
09/11/2026 06:05:14,System.Runtime,dotnet.gc.last_collection.heap.size (By)[gc.heap.generation=poh],Metric,0
09/11/2026 06:05:14,System.Runtime,dotnet.gc.last_collection.heap.size (By)[gc.heap.generation=gen2],Metric,0
09/11/2026 06:05:14,System.Runtime,dotnet.gc.last_collection.heap.size (By)[gc.heap.generation=gen1],Metric,0
09/11/2026 06:05:14,System.Runtime,dotnet.thread_pool.work_item.count ({work_item} / 1 sec),Rate,602
09/11/2026 06:05:14,System.Runtime,dotnet.process.memory.working_set (By),Metric,98664448
09/11/2026 06:05:14,System.Runtime,dotnet.thread_pool.thread.count ({thread} / 1 sec),Rate,0
09/11/2026 06:05:14,System.Runtime,dotnet.jit.compilation.time (s / 1 sec),Rate,0.0010537000000000463
09/11/2026 06:05:15,System.Runtime,dotnet.jit.compiled_il.size (By / 1 sec),Rate,0
09/11/2026 06:05:15,System.Runtime,dotnet.jit.compiled_methods ({method} / 1 sec),Rate,0
09/11/2026 06:05:15,System.Runtime,dotnet.monitor.lock_contentions ({contention} / 1 sec),Rate,0
09/11/2026 06:05:15,System.Runtime,dotnet.gc.collections ({collection} / 1 sec)[gc.heap.generation=gen0],Rate,0
09/11/2026 06:05:15,System.Runtime,dotnet.gc.collections ({collection} / 1 sec)[gc.heap.generation=gen2],Rate,0
09/11/2026 06:05:15,System.Runtime,dotnet.gc.collections ({collection} / 1 sec)[gc.heap.generation=gen1],Rate,0
09/11/2026 06:05:15,System.Runtime,dotnet.process.cpu.time (s / 1 sec)[cpu.mode=user],Rate,0.5872669999999971
09/11/2026 06:05:15,System.Runtime,dotnet.process.cpu.time (s / 1 sec)[cpu.mode=system],Rate,0.03585199999999933
09/11/2026 06:05:15,System.Runtime,dotnet.process.cpu.count ({cpu}),Metric,15
09/11/2026 06:05:15,System.Runtime,dotnet.gc.pause.time (s / 1 sec),Rate,0
09/11/2026 06:05:15,System.Runtime,dotnet.thread_pool.queue.length ({work_item} / 1 sec),Rate,0
09/11/2026 06:05:15,System.Runtime,dotnet.gc.last_collection.memory.committed_size (By),Metric,0
09/11/2026 06:05:15,System.Runtime,dotnet.gc.last_collection.heap.fragmentation.size (By)[gc.heap.generation=gen0],Metric,0
09/11/2026 06:05:15,System.Runtime,dotnet.gc.last_collection.heap.fragmentation.size (By)[gc.heap.generation=loh],Metric,0
09/11/2026 06:05:15,System.Runtime,dotnet.gc.last_collection.heap.fragmentation.size (By)[gc.heap.generation=poh],Metric,0
09/11/2026 06:05:15,System.Runtime,dotnet.gc.last_collection.heap.fragmentation.size (By)[gc.heap.generation=gen2],Metric,0
09/11/2026 06:05:15,System.Runtime,dotnet.gc.last_collection.heap.fragmentation.size (By)[gc.heap.generation=gen1],Metric,0
09/11/2026 06:05:15,System.Runtime,dotnet.timer.count ({timer}),Metric,2
09/11/2026 06:05:15,System.Runtime,dotnet.assembly.count ({assembly}),Metric,61
09/11/2026 06:05:15,System.Runtime,dotnet.gc.heap.total_allocated (By / 1 sec),Rate,155800
09/11/2026 06:05:15,System.Runtime,dotnet.gc.last_collection.heap.size (By)[gc.heap.generation=gen0],Metric,0
09/11/2026 06:05:15,System.Runtime,dotnet.gc.last_collection.heap.size (By)[gc.heap.generation=loh],Metric,0
09/11/2026 06:05:15,System.Runtime,dotnet.gc.last_collection.heap.size (By)[gc.heap.generation=poh],Metric,0
09/11/2026 06:05:15,System.Runtime,dotnet.gc.last_collection.heap.size (By)[gc.heap.generation=gen2],Metric,0
09/11/2026 06:05:15,System.Runtime,dotnet.gc.last_collection.heap.size (By)[gc.heap.generation=gen1],Metric,0
09/11/2026 06:05:15,System.Runtime,dotnet.thread_pool.work_item.count ({work_item} / 1 sec),Rate,601
09/11/2026 06:05:15,System.Runtime,dotnet.process.memory.working_set (By),Metric,98828288
09/11/2026 06:05:15,System.Runtime,dotnet.thread_pool.thread.count ({thread} / 1 sec),Rate,0
09/11/2026 06:05:15,System.Runtime,dotnet.jit.compilation.time (s / 1 sec),Rate,0
09/11/2026 06:05:16,System.Runtime,dotnet.jit.compiled_il.size (By / 1 sec),Rate,0
09/11/2026 06:05:16,System.Runtime,dotnet.jit.compiled_methods ({method} / 1 sec),Rate,0
09/11/2026 06:05:16,System.Runtime,dotnet.monitor.lock_contentions ({contention} / 1 sec),Rate,0
09/11/2026 06:05:16,System.Runtime,dotnet.gc.collections ({collection} / 1 sec)[gc.heap.generation=gen0],Rate,0
09/11/2026 06:05:16,System.Runtime,dotnet.gc.collections ({collection} / 1 sec)[gc.heap.generation=gen2],Rate,0
09/11/2026 06:05:16,System.Runtime,dotnet.gc.collections ({collection} / 1 sec)[gc.heap.generation=gen1],Rate,0
09/11/2026 06:05:16,System.Runtime,dotnet.process.cpu.time (s / 1 sec)[cpu.mode=user],Rate,0.5892879999999963
09/11/2026 06:05:16,System.Runtime,dotnet.process.cpu.time (s / 1 sec)[cpu.mode=system],Rate,0.03591800000000056
09/11/2026 06:05:16,System.Runtime,dotnet.process.cpu.count ({cpu}),Metric,15
09/11/2026 06:05:16,System.Runtime,dotnet.gc.pause.time (s / 1 sec),Rate,0
09/11/2026 06:05:16,System.Runtime,dotnet.thread_pool.queue.length ({work_item} / 1 sec),Rate,0
09/11/2026 06:05:16,System.Runtime,dotnet.gc.last_collection.memory.committed_size (By),Metric,0
09/11/2026 06:05:16,System.Runtime,dotnet.gc.last_collection.heap.fragmentation.size (By)[gc.heap.generation=gen0],Metric,0
09/11/2026 06:05:16,System.Runtime,dotnet.gc.last_collection.heap.fragmentation.size (By)[gc.heap.generation=loh],Metric,0
09/11/2026 06:05:16,System.Runtime,dotnet.gc.last_collection.heap.fragmentation.size (By)[gc.heap.generation=poh],Metric,0
09/11/2026 06:05:16,System.Runtime,dotnet.gc.last_collection.heap.fragmentation.size (By)[gc.heap.generation=gen2],Metric,0
09/11/2026 06:05:16,System.Runtime,dotnet.gc.last_collection.heap.fragmentation.size (By)[gc.heap.generation=gen1],Metric,0
09/11/2026 06:05:16,System.Runtime,dotnet.timer.count ({timer}),Metric,2
09/11/2026 06:05:16,System.Runtime,dotnet.assembly.count ({assembly}),Metric,61
09/11/2026 06:05:16,System.Runtime,dotnet.gc.heap.total_allocated (By / 1 sec),Rate,123000
09/11/2026 06:05:16,System.Runtime,dotnet.gc.last_collection.heap.size (By)[gc.heap.generation=gen0],Metric,0
09/11/2026 06:05:16,System.Runtime,dotnet.gc.last_collection.heap.size (By)[gc.heap.generation=loh],Metric,0
09/11/2026 06:05:16,System.Runtime,dotnet.gc.last_collection.heap.size (By)[gc.heap.generation=poh],Metric,0
09/11/2026 06:05:16,System.Runtime,dotnet.gc.last_collection.heap.size (By)[gc.heap.generation=gen2],Metric,0
09/11/2026 06:05:16,System.Runtime,dotnet.gc.last_collection.heap.size (By)[gc.heap.generation=gen1],Metric,0
09/11/2026 06:05:16,System.Runtime,dotnet.thread_pool.work_item.count ({work_item} / 1 sec),Rate,601
09/11/2026 06:05:16,System.Runtime,dotnet.process.memory.working_set (By),Metric,98975744
09/11/2026 06:05:16,System.Runtime,dotnet.thread_pool.thread.count ({thread} / 1 sec),Rate,0
09/11/2026 06:05:16,System.Runtime,dotnet.jit.compilation.time (s / 1 sec),Rate,0
09/11/2026 06:05:17,System.Runtime,dotnet.jit.compiled_il.size (By / 1 sec),Rate,0
09/11/2026 06:05:17,System.Runtime,dotnet.jit.compiled_methods ({method} / 1 sec),Rate,0
09/11/2026 06:05:17,System.Runtime,dotnet.monitor.lock_contentions ({contention} / 1 sec),Rate,0
09/11/2026 06:05:17,System.Runtime,dotnet.gc.collections ({collection} / 1 sec)[gc.heap.generation=gen0],Rate,0
09/11/2026 06:05:17,System.Runtime,dotnet.gc.collections ({collection} / 1 sec)[gc.heap.generation=gen2],Rate,0
09/11/2026 06:05:17,System.Runtime,dotnet.gc.collections ({collection} / 1 sec)[gc.heap.generation=gen1],Rate,0
09/11/2026 06:05:17,System.Runtime,dotnet.process.cpu.time (s / 1 sec)[cpu.mode=user],Rate,0.5888670000000076
09/11/2026 06:05:17,System.Runtime,dotnet.process.cpu.time (s / 1 sec)[cpu.mode=system],Rate,0.036569999999999325
09/11/2026 06:05:17,System.Runtime,dotnet.process.cpu.count ({cpu}),Metric,15
09/11/2026 06:05:17,System.Runtime,dotnet.gc.pause.time (s / 1 sec),Rate,0
09/11/2026 06:05:17,System.Runtime,dotnet.thread_pool.queue.length ({work_item} / 1 sec),Rate,0
09/11/2026 06:05:17,System.Runtime,dotnet.gc.last_collection.memory.committed_size (By),Metric,0
09/11/2026 06:05:17,System.Runtime,dotnet.gc.last_collection.heap.fragmentation.size (By)[gc.heap.generation=gen0],Metric,0
09/11/2026 06:05:17,System.Runtime,dotnet.gc.last_collection.heap.fragmentation.size (By)[gc.heap.generation=loh],Metric,0
09/11/2026 06:05:17,System.Runtime,dotnet.gc.last_collection.heap.fragmentation.size (By)[gc.heap.generation=poh],Metric,0
09/11/2026 06:05:17,System.Runtime,dotnet.gc.last_collection.heap.fragmentation.size (By)[gc.heap.generation=gen2],Metric,0
09/11/2026 06:05:17,System.Runtime,dotnet.gc.last_collection.heap.fragmentation.size (By)[gc.heap.generation=gen1],Metric,0
09/11/2026 06:05:17,System.Runtime,dotnet.timer.count ({timer}),Metric,2
09/11/2026 06:05:17,System.Runtime,dotnet.assembly.count ({assembly}),Metric,61
09/11/2026 06:05:17,System.Runtime,dotnet.gc.heap.total_allocated (By / 1 sec),Rate,138248
09/11/2026 06:05:17,System.Runtime,dotnet.gc.last_collection.heap.size (By)[gc.heap.generation=gen0],Metric,0
09/11/2026 06:05:17,System.Runtime,dotnet.gc.last_collection.heap.size (By)[gc.heap.generation=loh],Metric,0
09/11/2026 06:05:17,System.Runtime,dotnet.gc.last_collection.heap.size (By)[gc.heap.generation=poh],Metric,0
09/11/2026 06:05:17,System.Runtime,dotnet.gc.last_collection.heap.size (By)[gc.heap.generation=gen2],Metric,0
09/11/2026 06:05:17,System.Runtime,dotnet.gc.last_collection.heap.size (By)[gc.heap.generation=gen1],Metric,0
09/11/2026 06:05:17,System.Runtime,dotnet.thread_pool.work_item.count ({work_item} / 1 sec),Rate,601
09/11/2026 06:05:17,System.Runtime,dotnet.process.memory.working_set (By),Metric,99139584
09/11/2026 06:05:17,System.Runtime,dotnet.thread_pool.thread.count ({thread} / 1 sec),Rate,0
09/11/2026 06:05:17,System.Runtime,dotnet.jit.compilation.time (s / 1 sec),Rate,0
09/11/2026 06:05:18,System.Runtime,dotnet.jit.compiled_il.size (By / 1 sec),Rate,0
09/11/2026 06:05:18,System.Runtime,dotnet.jit.compiled_methods ({method} / 1 sec),Rate,0
09/11/2026 06:05:18,System.Runtime,dotnet.monitor.lock_contentions ({contention} / 1 sec),Rate,0
09/11/2026 06:05:18,System.Runtime,dotnet.gc.collections ({collection} / 1 sec)[gc.heap.generation=gen0],Rate,0
09/11/2026 06:05:18,System.Runtime,dotnet.gc.collections ({collection} / 1 sec)[gc.heap.generation=gen2],Rate,0
09/11/2026 06:05:18,System.Runtime,dotnet.gc.collections ({collection} / 1 sec)[gc.heap.generation=gen1],Rate,0
09/11/2026 06:05:18,System.Runtime,dotnet.process.cpu.time (s / 1 sec)[cpu.mode=user],Rate,0.5875979999999998
09/11/2026 06:05:18,System.Runtime,dotnet.process.cpu.time (s / 1 sec)[cpu.mode=system],Rate,0.03454000000000068
09/11/2026 06:05:18,System.Runtime,dotnet.process.cpu.count ({cpu}),Metric,15
09/11/2026 06:05:18,System.Runtime,dotnet.gc.pause.time (s / 1 sec),Rate,0
09/11/2026 06:05:18,System.Runtime,dotnet.thread_pool.queue.length ({work_item} / 1 sec),Rate,0
09/11/2026 06:05:18,System.Runtime,dotnet.gc.last_collection.memory.committed_size (By),Metric,0
09/11/2026 06:05:18,System.Runtime,dotnet.gc.last_collection.heap.fragmentation.size (By)[gc.heap.generation=gen0],Metric,0
09/11/2026 06:05:18,System.Runtime,dotnet.gc.last_collection.heap.fragmentation.size (By)[gc.heap.generation=loh],Metric,0
09/11/2026 06:05:18,System.Runtime,dotnet.gc.last_collection.heap.fragmentation.size (By)[gc.heap.generation=poh],Metric,0
09/11/2026 06:05:18,System.Runtime,dotnet.gc.last_collection.heap.fragmentation.size (By)[gc.heap.generation=gen2],Metric,0
09/11/2026 06:05:18,System.Runtime,dotnet.gc.last_collection.heap.fragmentation.size (By)[gc.heap.generation=gen1],Metric,0
09/11/2026 06:05:18,System.Runtime,dotnet.timer.count ({timer}),Metric,2
09/11/2026 06:05:18,System.Runtime,dotnet.assembly.count ({assembly}),Metric,61
09/11/2026 06:05:18,System.Runtime,dotnet.gc.heap.total_allocated (By / 1 sec),Rate,131200
09/11/2026 06:05:18,System.Runtime,dotnet.gc.last_collection.heap.size (By)[gc.heap.generation=gen0],Metric,0
09/11/2026 06:05:18,System.Runtime,dotnet.gc.last_collection.heap.size (By)[gc.heap.generation=loh],Metric,0
09/11/2026 06:05:18,System.Runtime,dotnet.gc.last_collection.heap.size (By)[gc.heap.generation=poh],Metric,0
09/11/2026 06:05:18,System.Runtime,dotnet.gc.last_collection.heap.size (By)[gc.heap.generation=gen2],Metric,0
09/11/2026 06:05:18,System.Runtime,dotnet.gc.last_collection.heap.size (By)[gc.heap.generation=gen1],Metric,0
09/11/2026 06:05:18,System.Runtime,dotnet.thread_pool.work_item.count ({work_item} / 1 sec),Rate,601
09/11/2026 06:05:18,System.Runtime,dotnet.process.memory.working_set (By),Metric,99254272
09/11/2026 06:05:18,System.Runtime,dotnet.thread_pool.thread.count ({thread} / 1 sec),Rate,0
09/11/2026 06:05:18,System.Runtime,dotnet.jit.compilation.time (s / 1 sec),Rate,0
09/11/2026 06:05:19,System.Runtime,dotnet.jit.compiled_il.size (By / 1 sec),Rate,130
09/11/2026 06:05:19,System.Runtime,dotnet.jit.compiled_methods ({method} / 1 sec),Rate,1
09/11/2026 06:05:19,System.Runtime,dotnet.monitor.lock_contentions ({contention} / 1 sec),Rate,0
09/11/2026 06:05:19,System.Runtime,dotnet.gc.collections ({collection} / 1 sec)[gc.heap.generation=gen0],Rate,0
09/11/2026 06:05:19,System.Runtime,dotnet.gc.collections ({collection} / 1 sec)[gc.heap.generation=gen2],Rate,0
09/11/2026 06:05:19,System.Runtime,dotnet.gc.collections ({collection} / 1 sec)[gc.heap.generation=gen1],Rate,0
09/11/2026 06:05:19,System.Runtime,dotnet.process.cpu.time (s / 1 sec)[cpu.mode=user],Rate,0.5834739999999954
09/11/2026 06:05:19,System.Runtime,dotnet.process.cpu.time (s / 1 sec)[cpu.mode=system],Rate,0.0363150000000001
09/11/2026 06:05:19,System.Runtime,dotnet.process.cpu.count ({cpu}),Metric,15
09/11/2026 06:05:19,System.Runtime,dotnet.gc.pause.time (s / 1 sec),Rate,0
09/11/2026 06:05:19,System.Runtime,dotnet.thread_pool.queue.length ({work_item} / 1 sec),Rate,0
09/11/2026 06:05:19,System.Runtime,dotnet.gc.last_collection.memory.committed_size (By),Metric,0
09/11/2026 06:05:19,System.Runtime,dotnet.gc.last_collection.heap.fragmentation.size (By)[gc.heap.generation=gen0],Metric,0
09/11/2026 06:05:19,System.Runtime,dotnet.gc.last_collection.heap.fragmentation.size (By)[gc.heap.generation=loh],Metric,0
09/11/2026 06:05:19,System.Runtime,dotnet.gc.last_collection.heap.fragmentation.size (By)[gc.heap.generation=poh],Metric,0
09/11/2026 06:05:19,System.Runtime,dotnet.gc.last_collection.heap.fragmentation.size (By)[gc.heap.generation=gen2],Metric,0
09/11/2026 06:05:19,System.Runtime,dotnet.gc.last_collection.heap.fragmentation.size (By)[gc.heap.generation=gen1],Metric,0
09/11/2026 06:05:19,System.Runtime,dotnet.timer.count ({timer}),Metric,2
09/11/2026 06:05:19,System.Runtime,dotnet.assembly.count ({assembly}),Metric,61
09/11/2026 06:05:19,System.Runtime,dotnet.gc.heap.total_allocated (By / 1 sec),Rate,146568
09/11/2026 06:05:19,System.Runtime,dotnet.gc.last_collection.heap.size (By)[gc.heap.generation=gen0],Metric,0
09/11/2026 06:05:19,System.Runtime,dotnet.gc.last_collection.heap.size (By)[gc.heap.generation=loh],Metric,0
09/11/2026 06:05:19,System.Runtime,dotnet.gc.last_collection.heap.size (By)[gc.heap.generation=poh],Metric,0
09/11/2026 06:05:19,System.Runtime,dotnet.gc.last_collection.heap.size (By)[gc.heap.generation=gen2],Metric,0
09/11/2026 06:05:19,System.Runtime,dotnet.gc.last_collection.heap.size (By)[gc.heap.generation=gen1],Metric,0
09/11/2026 06:05:19,System.Runtime,dotnet.thread_pool.work_item.count ({work_item} / 1 sec),Rate,602
09/11/2026 06:05:19,System.Runtime,dotnet.process.memory.working_set (By),Metric,99450880
09/11/2026 06:05:19,System.Runtime,dotnet.thread_pool.thread.count ({thread} / 1 sec),Rate,0
09/11/2026 06:05:19,System.Runtime,dotnet.jit.compilation.time (s / 1 sec),Rate,0.0009419999999999984
09/11/2026 06:05:20,System.Runtime,dotnet.jit.compiled_il.size (By / 1 sec),Rate,0
09/11/2026 06:05:20,System.Runtime,dotnet.jit.compiled_methods ({method} / 1 sec),Rate,0
09/11/2026 06:05:20,System.Runtime,dotnet.monitor.lock_contentions ({contention} / 1 sec),Rate,0
09/11/2026 06:05:20,System.Runtime,dotnet.gc.collections ({collection} / 1 sec)[gc.heap.generation=gen0],Rate,0
09/11/2026 06:05:20,System.Runtime,dotnet.gc.collections ({collection} / 1 sec)[gc.heap.generation=gen2],Rate,0
09/11/2026 06:05:20,System.Runtime,dotnet.gc.collections ({collection} / 1 sec)[gc.heap.generation=gen1],Rate,0
09/11/2026 06:05:20,System.Runtime,dotnet.process.cpu.time (s / 1 sec)[cpu.mode=user],Rate,0.5884910000000048
09/11/2026 06:05:20,System.Runtime,dotnet.process.cpu.time (s / 1 sec)[cpu.mode=system],Rate,0.036111000000000004
09/11/2026 06:05:20,System.Runtime,dotnet.process.cpu.count ({cpu}),Metric,15
09/11/2026 06:05:20,System.Runtime,dotnet.gc.pause.time (s / 1 sec),Rate,0
09/11/2026 06:05:20,System.Runtime,dotnet.thread_pool.queue.length ({work_item} / 1 sec),Rate,0
09/11/2026 06:05:20,System.Runtime,dotnet.gc.last_collection.memory.committed_size (By),Metric,0
09/11/2026 06:05:20,System.Runtime,dotnet.gc.last_collection.heap.fragmentation.size (By)[gc.heap.generation=gen0],Metric,0
09/11/2026 06:05:20,System.Runtime,dotnet.gc.last_collection.heap.fragmentation.size (By)[gc.heap.generation=loh],Metric,0
09/11/2026 06:05:20,System.Runtime,dotnet.gc.last_collection.heap.fragmentation.size (By)[gc.heap.generation=poh],Metric,0
09/11/2026 06:05:20,System.Runtime,dotnet.gc.last_collection.heap.fragmentation.size (By)[gc.heap.generation=gen2],Metric,0
09/11/2026 06:05:20,System.Runtime,dotnet.gc.last_collection.heap.fragmentation.size (By)[gc.heap.generation=gen1],Metric,0
09/11/2026 06:05:20,System.Runtime,dotnet.timer.count ({timer}),Metric,2
09/11/2026 06:05:20,System.Runtime,dotnet.assembly.count ({assembly}),Metric,61
09/11/2026 06:05:20,System.Runtime,dotnet.gc.heap.total_allocated (By / 1 sec),Rate,130176
09/11/2026 06:05:20,System.Runtime,dotnet.gc.last_collection.heap.size (By)[gc.heap.generation=gen0],Metric,0
09/11/2026 06:05:20,System.Runtime,dotnet.gc.last_collection.heap.size (By)[gc.heap.generation=loh],Metric,0
09/11/2026 06:05:20,System.Runtime,dotnet.gc.last_collection.heap.size (By)[gc.heap.generation=poh],Metric,0
09/11/2026 06:05:20,System.Runtime,dotnet.gc.last_collection.heap.size (By)[gc.heap.generation=gen2],Metric,0
09/11/2026 06:05:20,System.Runtime,dotnet.gc.last_collection.heap.size (By)[gc.heap.generation=gen1],Metric,0
09/11/2026 06:05:20,System.Runtime,dotnet.thread_pool.work_item.count ({work_item} / 1 sec),Rate,601
09/11/2026 06:05:20,System.Runtime,dotnet.process.memory.working_set (By),Metric,99614720
09/11/2026 06:05:20,System.Runtime,dotnet.thread_pool.thread.count ({thread} / 1 sec),Rate,0
09/11/2026 06:05:20,System.Runtime,dotnet.jit.compilation.time (s / 1 sec),Rate,0
09/11/2026 06:05:21,System.Runtime,dotnet.jit.compiled_il.size (By / 1 sec),Rate,0
09/11/2026 06:05:21,System.Runtime,dotnet.jit.compiled_methods ({method} / 1 sec),Rate,0
09/11/2026 06:05:21,System.Runtime,dotnet.monitor.lock_contentions ({contention} / 1 sec),Rate,0
09/11/2026 06:05:21,System.Runtime,dotnet.gc.collections ({collection} / 1 sec)[gc.heap.generation=gen0],Rate,0
09/11/2026 06:05:21,System.Runtime,dotnet.gc.collections ({collection} / 1 sec)[gc.heap.generation=gen2],Rate,0
09/11/2026 06:05:21,System.Runtime,dotnet.gc.collections ({collection} / 1 sec)[gc.heap.generation=gen1],Rate,0
09/11/2026 06:05:21,System.Runtime,dotnet.process.cpu.time (s / 1 sec)[cpu.mode=user],Rate,0.5886770000000041
09/11/2026 06:05:21,System.Runtime,dotnet.process.cpu.time (s / 1 sec)[cpu.mode=system],Rate,0.03757899999999914
09/11/2026 06:05:21,System.Runtime,dotnet.process.cpu.count ({cpu}),Metric,15
09/11/2026 06:05:21,System.Runtime,dotnet.gc.pause.time (s / 1 sec),Rate,0
09/11/2026 06:05:21,System.Runtime,dotnet.thread_pool.queue.length ({work_item} / 1 sec),Rate,0
09/11/2026 06:05:21,System.Runtime,dotnet.gc.last_collection.memory.committed_size (By),Metric,0
09/11/2026 06:05:21,System.Runtime,dotnet.gc.last_collection.heap.fragmentation.size (By)[gc.heap.generation=gen0],Metric,0
09/11/2026 06:05:21,System.Runtime,dotnet.gc.last_collection.heap.fragmentation.size (By)[gc.heap.generation=loh],Metric,0
09/11/2026 06:05:21,System.Runtime,dotnet.gc.last_collection.heap.fragmentation.size (By)[gc.heap.generation=poh],Metric,0
09/11/2026 06:05:21,System.Runtime,dotnet.gc.last_collection.heap.fragmentation.size (By)[gc.heap.generation=gen2],Metric,0
09/11/2026 06:05:21,System.Runtime,dotnet.gc.last_collection.heap.fragmentation.size (By)[gc.heap.generation=gen1],Metric,0
09/11/2026 06:05:21,System.Runtime,dotnet.timer.count ({timer}),Metric,2
09/11/2026 06:05:21,System.Runtime,dotnet.assembly.count ({assembly}),Metric,61
09/11/2026 06:05:21,System.Runtime,dotnet.gc.heap.total_allocated (By / 1 sec),Rate,139400
09/11/2026 06:05:21,System.Runtime,dotnet.gc.last_collection.heap.size (By)[gc.heap.generation=gen0],Metric,0
09/11/2026 06:05:21,System.Runtime,dotnet.gc.last_collection.heap.size (By)[gc.heap.generation=loh],Metric,0
09/11/2026 06:05:21,System.Runtime,dotnet.gc.last_collection.heap.size (By)[gc.heap.generation=poh],Metric,0
09/11/2026 06:05:21,System.Runtime,dotnet.gc.last_collection.heap.size (By)[gc.heap.generation=gen2],Metric,0
09/11/2026 06:05:21,System.Runtime,dotnet.gc.last_collection.heap.size (By)[gc.heap.generation=gen1],Metric,0
09/11/2026 06:05:21,System.Runtime,dotnet.thread_pool.work_item.count ({work_item} / 1 sec),Rate,601
09/11/2026 06:05:21,System.Runtime,dotnet.process.memory.working_set (By),Metric,99745792
09/11/2026 06:05:21,System.Runtime,dotnet.thread_pool.thread.count ({thread} / 1 sec),Rate,0
09/11/2026 06:05:21,System.Runtime,dotnet.jit.compilation.time (s / 1 sec),Rate,0
09/11/2026 06:05:22,System.Runtime,dotnet.jit.compiled_il.size (By / 1 sec),Rate,0
09/11/2026 06:05:22,System.Runtime,dotnet.jit.compiled_methods ({method} / 1 sec),Rate,0
09/11/2026 06:05:22,System.Runtime,dotnet.monitor.lock_contentions ({contention} / 1 sec),Rate,0
09/11/2026 06:05:22,System.Runtime,dotnet.gc.collections ({collection} / 1 sec)[gc.heap.generation=gen0],Rate,0
09/11/2026 06:05:22,System.Runtime,dotnet.gc.collections ({collection} / 1 sec)[gc.heap.generation=gen2],Rate,0
09/11/2026 06:05:22,System.Runtime,dotnet.gc.collections ({collection} / 1 sec)[gc.heap.generation=gen1],Rate,0
09/11/2026 06:05:22,System.Runtime,dotnet.process.cpu.time (s / 1 sec)[cpu.mode=user],Rate,0.585292999999993
09/11/2026 06:05:22,System.Runtime,dotnet.process.cpu.time (s / 1 sec)[cpu.mode=system],Rate,0.03574300000000008
09/11/2026 06:05:22,System.Runtime,dotnet.process.cpu.count ({cpu}),Metric,15
09/11/2026 06:05:22,System.Runtime,dotnet.gc.pause.time (s / 1 sec),Rate,0
09/11/2026 06:05:22,System.Runtime,dotnet.thread_pool.queue.length ({work_item} / 1 sec),Rate,0
09/11/2026 06:05:22,System.Runtime,dotnet.gc.last_collection.memory.committed_size (By),Metric,0
09/11/2026 06:05:22,System.Runtime,dotnet.gc.last_collection.heap.fragmentation.size (By)[gc.heap.generation=gen0],Metric,0
09/11/2026 06:05:22,System.Runtime,dotnet.gc.last_collection.heap.fragmentation.size (By)[gc.heap.generation=loh],Metric,0
09/11/2026 06:05:22,System.Runtime,dotnet.gc.last_collection.heap.fragmentation.size (By)[gc.heap.generation=poh],Metric,0
09/11/2026 06:05:22,System.Runtime,dotnet.gc.last_collection.heap.fragmentation.size (By)[gc.heap.generation=gen2],Metric,0
09/11/2026 06:05:22,System.Runtime,dotnet.gc.last_collection.heap.fragmentation.size (By)[gc.heap.generation=gen1],Metric,0
09/11/2026 06:05:22,System.Runtime,dotnet.timer.count ({timer}),Metric,2
09/11/2026 06:05:22,System.Runtime,dotnet.assembly.count ({assembly}),Metric,61
09/11/2026 06:05:22,System.Runtime,dotnet.gc.heap.total_allocated (By / 1 sec),Rate,131192
09/11/2026 06:05:22,System.Runtime,dotnet.gc.last_collection.heap.size (By)[gc.heap.generation=gen0],Metric,0
09/11/2026 06:05:22,System.Runtime,dotnet.gc.last_collection.heap.size (By)[gc.heap.generation=loh],Metric,0
09/11/2026 06:05:22,System.Runtime,dotnet.gc.last_collection.heap.size (By)[gc.heap.generation=poh],Metric,0
09/11/2026 06:05:22,System.Runtime,dotnet.gc.last_collection.heap.size (By)[gc.heap.generation=gen2],Metric,0
09/11/2026 06:05:22,System.Runtime,dotnet.gc.last_collection.heap.size (By)[gc.heap.generation=gen1],Metric,0
09/11/2026 06:05:22,System.Runtime,dotnet.thread_pool.work_item.count ({work_item} / 1 sec),Rate,601
09/11/2026 06:05:22,System.Runtime,dotnet.process.memory.working_set (By),Metric,99909632
09/11/2026 06:05:22,System.Runtime,dotnet.thread_pool.thread.count ({thread} / 1 sec),Rate,0
09/11/2026 06:05:22,System.Runtime,dotnet.jit.compilation.time (s / 1 sec),Rate,0
09/11/2026 06:05:23,System.Runtime,dotnet.jit.compiled_il.size (By / 1 sec),Rate,0
09/11/2026 06:05:23,System.Runtime,dotnet.jit.compiled_methods ({method} / 1 sec),Rate,0
09/11/2026 06:05:23,System.Runtime,dotnet.monitor.lock_contentions ({contention} / 1 sec),Rate,0
09/11/2026 06:05:23,System.Runtime,dotnet.gc.collections ({collection} / 1 sec)[gc.heap.generation=gen0],Rate,0
09/11/2026 06:05:23,System.Runtime,dotnet.gc.collections ({collection} / 1 sec)[gc.heap.generation=gen2],Rate,0
09/11/2026 06:05:23,System.Runtime,dotnet.gc.collections ({collection} / 1 sec)[gc.heap.generation=gen1],Rate,0
09/11/2026 06:05:23,System.Runtime,dotnet.process.cpu.time (s / 1 sec)[cpu.mode=user],Rate,0.5880599999999987
09/11/2026 06:05:23,System.Runtime,dotnet.process.cpu.time (s / 1 sec)[cpu.mode=system],Rate,0.035356000000000165
09/11/2026 06:05:23,System.Runtime,dotnet.process.cpu.count ({cpu}),Metric,15
09/11/2026 06:05:23,System.Runtime,dotnet.gc.pause.time (s / 1 sec),Rate,0
09/11/2026 06:05:23,System.Runtime,dotnet.thread_pool.queue.length ({work_item} / 1 sec),Rate,0
09/11/2026 06:05:23,System.Runtime,dotnet.gc.last_collection.memory.committed_size (By),Metric,0
09/11/2026 06:05:23,System.Runtime,dotnet.gc.last_collection.heap.fragmentation.size (By)[gc.heap.generation=gen0],Metric,0
09/11/2026 06:05:23,System.Runtime,dotnet.gc.last_collection.heap.fragmentation.size (By)[gc.heap.generation=loh],Metric,0
09/11/2026 06:05:23,System.Runtime,dotnet.gc.last_collection.heap.fragmentation.size (By)[gc.heap.generation=poh],Metric,0
09/11/2026 06:05:23,System.Runtime,dotnet.gc.last_collection.heap.fragmentation.size (By)[gc.heap.generation=gen2],Metric,0
09/11/2026 06:05:23,System.Runtime,dotnet.gc.last_collection.heap.fragmentation.size (By)[gc.heap.generation=gen1],Metric,0
09/11/2026 06:05:23,System.Runtime,dotnet.timer.count ({timer}),Metric,2
09/11/2026 06:05:23,System.Runtime,dotnet.assembly.count ({assembly}),Metric,61
09/11/2026 06:05:23,System.Runtime,dotnet.gc.heap.total_allocated (By / 1 sec),Rate,139400
09/11/2026 06:05:23,System.Runtime,dotnet.gc.last_collection.heap.size (By)[gc.heap.generation=gen0],Metric,0
09/11/2026 06:05:23,System.Runtime,dotnet.gc.last_collection.heap.size (By)[gc.heap.generation=loh],Metric,0
09/11/2026 06:05:23,System.Runtime,dotnet.gc.last_collection.heap.size (By)[gc.heap.generation=poh],Metric,0
09/11/2026 06:05:23,System.Runtime,dotnet.gc.last_collection.heap.size (By)[gc.heap.generation=gen2],Metric,0
09/11/2026 06:05:23,System.Runtime,dotnet.gc.last_collection.heap.size (By)[gc.heap.generation=gen1],Metric,0
09/11/2026 06:05:23,System.Runtime,dotnet.thread_pool.work_item.count ({work_item} / 1 sec),Rate,601
09/11/2026 06:05:23,System.Runtime,dotnet.process.memory.working_set (By),Metric,100040704
09/11/2026 06:05:23,System.Runtime,dotnet.thread_pool.thread.count ({thread} / 1 sec),Rate,0
09/11/2026 06:05:23,System.Runtime,dotnet.jit.compilation.time (s / 1 sec),Rate,0
09/11/2026 06:05:24,System.Runtime,dotnet.jit.compiled_il.size (By / 1 sec),Rate,1018
09/11/2026 06:05:24,System.Runtime,dotnet.jit.compiled_methods ({method} / 1 sec),Rate,17
09/11/2026 06:05:24,System.Runtime,dotnet.monitor.lock_contentions ({contention} / 1 sec),Rate,0
09/11/2026 06:05:24,System.Runtime,dotnet.gc.collections ({collection} / 1 sec)[gc.heap.generation=gen0],Rate,0
09/11/2026 06:05:24,System.Runtime,dotnet.gc.collections ({collection} / 1 sec)[gc.heap.generation=gen2],Rate,0
09/11/2026 06:05:24,System.Runtime,dotnet.gc.collections ({collection} / 1 sec)[gc.heap.generation=gen1],Rate,0
09/11/2026 06:05:24,System.Runtime,dotnet.process.cpu.time (s / 1 sec)[cpu.mode=user],Rate,0.5983750000000043
09/11/2026 06:05:24,System.Runtime,dotnet.process.cpu.time (s / 1 sec)[cpu.mode=system],Rate,0.038000000000000256
09/11/2026 06:05:24,System.Runtime,dotnet.process.cpu.count ({cpu}),Metric,15
09/11/2026 06:05:24,System.Runtime,dotnet.gc.pause.time (s / 1 sec),Rate,0
09/11/2026 06:05:24,System.Runtime,dotnet.thread_pool.queue.length ({work_item} / 1 sec),Rate,0
09/11/2026 06:05:24,System.Runtime,dotnet.gc.last_collection.memory.committed_size (By),Metric,0
09/11/2026 06:05:24,System.Runtime,dotnet.gc.last_collection.heap.fragmentation.size (By)[gc.heap.generation=gen0],Metric,0
09/11/2026 06:05:24,System.Runtime,dotnet.gc.last_collection.heap.fragmentation.size (By)[gc.heap.generation=loh],Metric,0
09/11/2026 06:05:24,System.Runtime,dotnet.gc.last_collection.heap.fragmentation.size (By)[gc.heap.generation=poh],Metric,0
09/11/2026 06:05:24,System.Runtime,dotnet.gc.last_collection.heap.fragmentation.size (By)[gc.heap.generation=gen2],Metric,0
09/11/2026 06:05:24,System.Runtime,dotnet.gc.last_collection.heap.fragmentation.size (By)[gc.heap.generation=gen1],Metric,0
09/11/2026 06:05:24,System.Runtime,dotnet.timer.count ({timer}),Metric,2
09/11/2026 06:05:24,System.Runtime,dotnet.assembly.count ({assembly}),Metric,61
09/11/2026 06:05:24,System.Runtime,dotnet.gc.heap.total_allocated (By / 1 sec),Rate,137352
09/11/2026 06:05:24,System.Runtime,dotnet.gc.last_collection.heap.size (By)[gc.heap.generation=gen0],Metric,0
09/11/2026 06:05:24,System.Runtime,dotnet.gc.last_collection.heap.size (By)[gc.heap.generation=loh],Metric,0
09/11/2026 06:05:24,System.Runtime,dotnet.gc.last_collection.heap.size (By)[gc.heap.generation=poh],Metric,0
09/11/2026 06:05:24,System.Runtime,dotnet.gc.last_collection.heap.size (By)[gc.heap.generation=gen2],Metric,0
09/11/2026 06:05:24,System.Runtime,dotnet.gc.last_collection.heap.size (By)[gc.heap.generation=gen1],Metric,0
09/11/2026 06:05:24,System.Runtime,dotnet.thread_pool.work_item.count ({work_item} / 1 sec),Rate,602
09/11/2026 06:05:24,System.Runtime,dotnet.process.memory.working_set (By),Metric,100220928
09/11/2026 06:05:24,System.Runtime,dotnet.thread_pool.thread.count ({thread} / 1 sec),Rate,0
09/11/2026 06:05:24,System.Runtime,dotnet.jit.compilation.time (s / 1 sec),Rate,0.00714019999999993
09/11/2026 06:05:25,System.Runtime,dotnet.jit.compiled_il.size (By / 1 sec),Rate,0
09/11/2026 06:05:25,System.Runtime,dotnet.jit.compiled_methods ({method} / 1 sec),Rate,0
09/11/2026 06:05:25,System.Runtime,dotnet.monitor.lock_contentions ({contention} / 1 sec),Rate,0
09/11/2026 06:05:25,System.Runtime,dotnet.gc.collections ({collection} / 1 sec)[gc.heap.generation=gen0],Rate,0
09/11/2026 06:05:25,System.Runtime,dotnet.gc.collections ({collection} / 1 sec)[gc.heap.generation=gen2],Rate,0
09/11/2026 06:05:25,System.Runtime,dotnet.gc.collections ({collection} / 1 sec)[gc.heap.generation=gen1],Rate,0
09/11/2026 06:05:25,System.Runtime,dotnet.process.cpu.time (s / 1 sec)[cpu.mode=user],Rate,0.5873199999999912
09/11/2026 06:05:25,System.Runtime,dotnet.process.cpu.time (s / 1 sec)[cpu.mode=system],Rate,0.03590499999999963
09/11/2026 06:05:25,System.Runtime,dotnet.process.cpu.count ({cpu}),Metric,15
09/11/2026 06:05:25,System.Runtime,dotnet.gc.pause.time (s / 1 sec),Rate,0
09/11/2026 06:05:25,System.Runtime,dotnet.thread_pool.queue.length ({work_item} / 1 sec),Rate,0
09/11/2026 06:05:25,System.Runtime,dotnet.gc.last_collection.memory.committed_size (By),Metric,0
09/11/2026 06:05:25,System.Runtime,dotnet.gc.last_collection.heap.fragmentation.size (By)[gc.heap.generation=gen0],Metric,0
09/11/2026 06:05:25,System.Runtime,dotnet.gc.last_collection.heap.fragmentation.size (By)[gc.heap.generation=loh],Metric,0
09/11/2026 06:05:25,System.Runtime,dotnet.gc.last_collection.heap.fragmentation.size (By)[gc.heap.generation=poh],Metric,0
09/11/2026 06:05:25,System.Runtime,dotnet.gc.last_collection.heap.fragmentation.size (By)[gc.heap.generation=gen2],Metric,0
09/11/2026 06:05:25,System.Runtime,dotnet.gc.last_collection.heap.fragmentation.size (By)[gc.heap.generation=gen1],Metric,0
09/11/2026 06:05:25,System.Runtime,dotnet.timer.count ({timer}),Metric,2
09/11/2026 06:05:25,System.Runtime,dotnet.assembly.count ({assembly}),Metric,61
09/11/2026 06:05:25,System.Runtime,dotnet.gc.heap.total_allocated (By / 1 sec),Rate,147600
09/11/2026 06:05:25,System.Runtime,dotnet.gc.last_collection.heap.size (By)[gc.heap.generation=gen0],Metric,0
09/11/2026 06:05:25,System.Runtime,dotnet.gc.last_collection.heap.size (By)[gc.heap.generation=loh],Metric,0
09/11/2026 06:05:25,System.Runtime,dotnet.gc.last_collection.heap.size (By)[gc.heap.generation=poh],Metric,0
09/11/2026 06:05:25,System.Runtime,dotnet.gc.last_collection.heap.size (By)[gc.heap.generation=gen2],Metric,0
09/11/2026 06:05:25,System.Runtime,dotnet.gc.last_collection.heap.size (By)[gc.heap.generation=gen1],Metric,0
09/11/2026 06:05:25,System.Runtime,dotnet.thread_pool.work_item.count ({work_item} / 1 sec),Rate,601
09/11/2026 06:05:25,System.Runtime,dotnet.process.memory.working_set (By),Metric,100384768
09/11/2026 06:05:25,System.Runtime,dotnet.thread_pool.thread.count ({thread} / 1 sec),Rate,0
09/11/2026 06:05:25,System.Runtime,dotnet.jit.compilation.time (s / 1 sec),Rate,0
09/11/2026 06:05:26,System.Runtime,dotnet.jit.compiled_il.size (By / 1 sec),Rate,0
09/11/2026 06:05:26,System.Runtime,dotnet.jit.compiled_methods ({method} / 1 sec),Rate,0
09/11/2026 06:05:26,System.Runtime,dotnet.monitor.lock_contentions ({contention} / 1 sec),Rate,0
09/11/2026 06:05:26,System.Runtime,dotnet.gc.collections ({collection} / 1 sec)[gc.heap.generation=gen0],Rate,0
09/11/2026 06:05:26,System.Runtime,dotnet.gc.collections ({collection} / 1 sec)[gc.heap.generation=gen2],Rate,0
09/11/2026 06:05:26,System.Runtime,dotnet.gc.collections ({collection} / 1 sec)[gc.heap.generation=gen1],Rate,0
09/11/2026 06:05:26,System.Runtime,dotnet.process.cpu.time (s / 1 sec)[cpu.mode=user],Rate,0.587869000000012
09/11/2026 06:05:26,System.Runtime,dotnet.process.cpu.time (s / 1 sec)[cpu.mode=system],Rate,0.03543300000000027
09/11/2026 06:05:26,System.Runtime,dotnet.process.cpu.count ({cpu}),Metric,15
09/11/2026 06:05:26,System.Runtime,dotnet.gc.pause.time (s / 1 sec),Rate,0
09/11/2026 06:05:26,System.Runtime,dotnet.thread_pool.queue.length ({work_item} / 1 sec),Rate,0
09/11/2026 06:05:26,System.Runtime,dotnet.gc.last_collection.memory.committed_size (By),Metric,0
09/11/2026 06:05:26,System.Runtime,dotnet.gc.last_collection.heap.fragmentation.size (By)[gc.heap.generation=gen0],Metric,0
09/11/2026 06:05:26,System.Runtime,dotnet.gc.last_collection.heap.fragmentation.size (By)[gc.heap.generation=loh],Metric,0
09/11/2026 06:05:26,System.Runtime,dotnet.gc.last_collection.heap.fragmentation.size (By)[gc.heap.generation=poh],Metric,0
09/11/2026 06:05:26,System.Runtime,dotnet.gc.last_collection.heap.fragmentation.size (By)[gc.heap.generation=gen2],Metric,0
09/11/2026 06:05:26,System.Runtime,dotnet.gc.last_collection.heap.fragmentation.size (By)[gc.heap.generation=gen1],Metric,0
09/11/2026 06:05:26,System.Runtime,dotnet.timer.count ({timer}),Metric,3
09/11/2026 06:05:26,System.Runtime,dotnet.assembly.count ({assembly}),Metric,61
09/11/2026 06:05:26,System.Runtime,dotnet.gc.heap.total_allocated (By / 1 sec),Rate,130176
09/11/2026 06:05:26,System.Runtime,dotnet.gc.last_collection.heap.size (By)[gc.heap.generation=gen0],Metric,0
09/11/2026 06:05:26,System.Runtime,dotnet.gc.last_collection.heap.size (By)[gc.heap.generation=loh],Metric,0
09/11/2026 06:05:26,System.Runtime,dotnet.gc.last_collection.heap.size (By)[gc.heap.generation=poh],Metric,0
09/11/2026 06:05:26,System.Runtime,dotnet.gc.last_collection.heap.size (By)[gc.heap.generation=gen2],Metric,0
09/11/2026 06:05:26,System.Runtime,dotnet.gc.last_collection.heap.size (By)[gc.heap.generation=gen1],Metric,0
09/11/2026 06:05:26,System.Runtime,dotnet.thread_pool.work_item.count ({work_item} / 1 sec),Rate,602
09/11/2026 06:05:26,System.Runtime,dotnet.process.memory.working_set (By),Metric,100532224
09/11/2026 06:05:26,System.Runtime,dotnet.thread_pool.thread.count ({thread} / 1 sec),Rate,0
09/11/2026 06:05:26,System.Runtime,dotnet.jit.compilation.time (s / 1 sec),Rate,0
09/11/2026 06:05:27,System.Runtime,dotnet.jit.compiled_il.size (By / 1 sec),Rate,0
09/11/2026 06:05:27,System.Runtime,dotnet.jit.compiled_methods ({method} / 1 sec),Rate,0
09/11/2026 06:05:27,System.Runtime,dotnet.monitor.lock_contentions ({contention} / 1 sec),Rate,0
09/11/2026 06:05:27,System.Runtime,dotnet.gc.collections ({collection} / 1 sec)[gc.heap.generation=gen0],Rate,0
09/11/2026 06:05:27,System.Runtime,dotnet.gc.collections ({collection} / 1 sec)[gc.heap.generation=gen2],Rate,0
09/11/2026 06:05:27,System.Runtime,dotnet.gc.collections ({collection} / 1 sec)[gc.heap.generation=gen1],Rate,0
09/11/2026 06:05:27,System.Runtime,dotnet.process.cpu.time (s / 1 sec)[cpu.mode=user],Rate,0.585718
09/11/2026 06:05:27,System.Runtime,dotnet.process.cpu.time (s / 1 sec)[cpu.mode=system],Rate,0.035349000000000075
09/11/2026 06:05:27,System.Runtime,dotnet.process.cpu.count ({cpu}),Metric,15
09/11/2026 06:05:27,System.Runtime,dotnet.gc.pause.time (s / 1 sec),Rate,0
09/11/2026 06:05:27,System.Runtime,dotnet.thread_pool.queue.length ({work_item} / 1 sec),Rate,0
09/11/2026 06:05:27,System.Runtime,dotnet.gc.last_collection.memory.committed_size (By),Metric,0
09/11/2026 06:05:27,System.Runtime,dotnet.gc.last_collection.heap.fragmentation.size (By)[gc.heap.generation=gen0],Metric,0
09/11/2026 06:05:27,System.Runtime,dotnet.gc.last_collection.heap.fragmentation.size (By)[gc.heap.generation=loh],Metric,0
09/11/2026 06:05:27,System.Runtime,dotnet.gc.last_collection.heap.fragmentation.size (By)[gc.heap.generation=poh],Metric,0
09/11/2026 06:05:27,System.Runtime,dotnet.gc.last_collection.heap.fragmentation.size (By)[gc.heap.generation=gen2],Metric,0
09/11/2026 06:05:27,System.Runtime,dotnet.gc.last_collection.heap.fragmentation.size (By)[gc.heap.generation=gen1],Metric,0
09/11/2026 06:05:27,System.Runtime,dotnet.timer.count ({timer}),Metric,2
09/11/2026 06:05:27,System.Runtime,dotnet.assembly.count ({assembly}),Metric,61
09/11/2026 06:05:27,System.Runtime,dotnet.gc.heap.total_allocated (By / 1 sec),Rate,131200
09/11/2026 06:05:27,System.Runtime,dotnet.gc.last_collection.heap.size (By)[gc.heap.generation=gen0],Metric,0
09/11/2026 06:05:27,System.Runtime,dotnet.gc.last_collection.heap.size (By)[gc.heap.generation=loh],Metric,0
09/11/2026 06:05:27,System.Runtime,dotnet.gc.last_collection.heap.size (By)[gc.heap.generation=poh],Metric,0
09/11/2026 06:05:27,System.Runtime,dotnet.gc.last_collection.heap.size (By)[gc.heap.generation=gen2],Metric,0
09/11/2026 06:05:27,System.Runtime,dotnet.gc.last_collection.heap.size (By)[gc.heap.generation=gen1],Metric,0
09/11/2026 06:05:27,System.Runtime,dotnet.thread_pool.work_item.count ({work_item} / 1 sec),Rate,600
09/11/2026 06:05:27,System.Runtime,dotnet.process.memory.working_set (By),Metric,100696064
09/11/2026 06:05:27,System.Runtime,dotnet.thread_pool.thread.count ({thread} / 1 sec),Rate,0
09/11/2026 06:05:27,System.Runtime,dotnet.jit.compilation.time (s / 1 sec),Rate,0
09/11/2026 06:05:28,System.Runtime,dotnet.jit.compiled_il.size (By / 1 sec),Rate,0
09/11/2026 06:05:28,System.Runtime,dotnet.jit.compiled_methods ({method} / 1 sec),Rate,0
09/11/2026 06:05:28,System.Runtime,dotnet.monitor.lock_contentions ({contention} / 1 sec),Rate,0
09/11/2026 06:05:28,System.Runtime,dotnet.gc.collections ({collection} / 1 sec)[gc.heap.generation=gen0],Rate,0
09/11/2026 06:05:28,System.Runtime,dotnet.gc.collections ({collection} / 1 sec)[gc.heap.generation=gen2],Rate,0
09/11/2026 06:05:28,System.Runtime,dotnet.gc.collections ({collection} / 1 sec)[gc.heap.generation=gen1],Rate,0
09/11/2026 06:05:28,System.Runtime,dotnet.process.cpu.time (s / 1 sec)[cpu.mode=user],Rate,0.5872839999999968
09/11/2026 06:05:28,System.Runtime,dotnet.process.cpu.time (s / 1 sec)[cpu.mode=system],Rate,0.03494300000000017
09/11/2026 06:05:28,System.Runtime,dotnet.process.cpu.count ({cpu}),Metric,15
09/11/2026 06:05:28,System.Runtime,dotnet.gc.pause.time (s / 1 sec),Rate,0
09/11/2026 06:05:28,System.Runtime,dotnet.thread_pool.queue.length ({work_item} / 1 sec),Rate,0
09/11/2026 06:05:28,System.Runtime,dotnet.gc.last_collection.memory.committed_size (By),Metric,0
09/11/2026 06:05:28,System.Runtime,dotnet.gc.last_collection.heap.fragmentation.size (By)[gc.heap.generation=gen0],Metric,0
09/11/2026 06:05:28,System.Runtime,dotnet.gc.last_collection.heap.fragmentation.size (By)[gc.heap.generation=loh],Metric,0
09/11/2026 06:05:28,System.Runtime,dotnet.gc.last_collection.heap.fragmentation.size (By)[gc.heap.generation=poh],Metric,0
09/11/2026 06:05:28,System.Runtime,dotnet.gc.last_collection.heap.fragmentation.size (By)[gc.heap.generation=gen2],Metric,0
09/11/2026 06:05:28,System.Runtime,dotnet.gc.last_collection.heap.fragmentation.size (By)[gc.heap.generation=gen1],Metric,0
09/11/2026 06:05:28,System.Runtime,dotnet.timer.count ({timer}),Metric,2
09/11/2026 06:05:28,System.Runtime,dotnet.assembly.count ({assembly}),Metric,61
09/11/2026 06:05:28,System.Runtime,dotnet.gc.heap.total_allocated (By / 1 sec),Rate,139288
09/11/2026 06:05:28,System.Runtime,dotnet.gc.last_collection.heap.size (By)[gc.heap.generation=gen0],Metric,0
09/11/2026 06:05:28,System.Runtime,dotnet.gc.last_collection.heap.size (By)[gc.heap.generation=loh],Metric,0
09/11/2026 06:05:28,System.Runtime,dotnet.gc.last_collection.heap.size (By)[gc.heap.generation=poh],Metric,0
09/11/2026 06:05:28,System.Runtime,dotnet.gc.last_collection.heap.size (By)[gc.heap.generation=gen2],Metric,0
09/11/2026 06:05:28,System.Runtime,dotnet.gc.last_collection.heap.size (By)[gc.heap.generation=gen1],Metric,0
09/11/2026 06:05:28,System.Runtime,dotnet.thread_pool.work_item.count ({work_item} / 1 sec),Rate,601
09/11/2026 06:05:28,System.Runtime,dotnet.process.memory.working_set (By),Metric,100827136
09/11/2026 06:05:28,System.Runtime,dotnet.thread_pool.thread.count ({thread} / 1 sec),Rate,0
09/11/2026 06:05:28,System.Runtime,dotnet.jit.compilation.time (s / 1 sec),Rate,0
09/11/2026 06:05:29,System.Runtime,dotnet.jit.compiled_il.size (By / 1 sec),Rate,3060
09/11/2026 06:05:29,System.Runtime,dotnet.jit.compiled_methods ({method} / 1 sec),Rate,37
09/11/2026 06:05:29,System.Runtime,dotnet.monitor.lock_contentions ({contention} / 1 sec),Rate,0
09/11/2026 06:05:29,System.Runtime,dotnet.gc.collections ({collection} / 1 sec)[gc.heap.generation=gen0],Rate,0
09/11/2026 06:05:29,System.Runtime,dotnet.gc.collections ({collection} / 1 sec)[gc.heap.generation=gen2],Rate,0
09/11/2026 06:05:29,System.Runtime,dotnet.gc.collections ({collection} / 1 sec)[gc.heap.generation=gen1],Rate,0
09/11/2026 06:05:29,System.Runtime,dotnet.process.cpu.time (s / 1 sec)[cpu.mode=user],Rate,0.5989259999999916
09/11/2026 06:05:29,System.Runtime,dotnet.process.cpu.time (s / 1 sec)[cpu.mode=system],Rate,0.03669299999999964
09/11/2026 06:05:29,System.Runtime,dotnet.process.cpu.count ({cpu}),Metric,15
09/11/2026 06:05:29,System.Runtime,dotnet.gc.pause.time (s / 1 sec),Rate,0
09/11/2026 06:05:29,System.Runtime,dotnet.thread_pool.queue.length ({work_item} / 1 sec),Rate,0
09/11/2026 06:05:29,System.Runtime,dotnet.gc.last_collection.memory.committed_size (By),Metric,0
09/11/2026 06:05:29,System.Runtime,dotnet.gc.last_collection.heap.fragmentation.size (By)[gc.heap.generation=gen0],Metric,0
09/11/2026 06:05:29,System.Runtime,dotnet.gc.last_collection.heap.fragmentation.size (By)[gc.heap.generation=loh],Metric,0
09/11/2026 06:05:29,System.Runtime,dotnet.gc.last_collection.heap.fragmentation.size (By)[gc.heap.generation=poh],Metric,0
09/11/2026 06:05:29,System.Runtime,dotnet.gc.last_collection.heap.fragmentation.size (By)[gc.heap.generation=gen2],Metric,0
09/11/2026 06:05:29,System.Runtime,dotnet.gc.last_collection.heap.fragmentation.size (By)[gc.heap.generation=gen1],Metric,0
09/11/2026 06:05:29,System.Runtime,dotnet.timer.count ({timer}),Metric,2
09/11/2026 06:05:29,System.Runtime,dotnet.assembly.count ({assembly}),Metric,61
09/11/2026 06:05:29,System.Runtime,dotnet.gc.heap.total_allocated (By / 1 sec),Rate,131216
09/11/2026 06:05:29,System.Runtime,dotnet.gc.last_collection.heap.size (By)[gc.heap.generation=gen0],Metric,0
09/11/2026 06:05:29,System.Runtime,dotnet.gc.last_collection.heap.size (By)[gc.heap.generation=loh],Metric,0
09/11/2026 06:05:29,System.Runtime,dotnet.gc.last_collection.heap.size (By)[gc.heap.generation=poh],Metric,0
09/11/2026 06:05:29,System.Runtime,dotnet.gc.last_collection.heap.size (By)[gc.heap.generation=gen2],Metric,0
09/11/2026 06:05:29,System.Runtime,dotnet.gc.last_collection.heap.size (By)[gc.heap.generation=gen1],Metric,0
09/11/2026 06:05:29,System.Runtime,dotnet.thread_pool.work_item.count ({work_item} / 1 sec),Rate,602
09/11/2026 06:05:29,System.Runtime,dotnet.process.memory.working_set (By),Metric,101040128
09/11/2026 06:05:29,System.Runtime,dotnet.thread_pool.thread.count ({thread} / 1 sec),Rate,0
09/11/2026 06:05:29,System.Runtime,dotnet.jit.compilation.time (s / 1 sec),Rate,0.013508399999999976
09/11/2026 06:05:30,System.Runtime,dotnet.jit.compiled_il.size (By / 1 sec),Rate,0
09/11/2026 06:05:30,System.Runtime,dotnet.jit.compiled_methods ({method} / 1 sec),Rate,0
09/11/2026 06:05:30,System.Runtime,dotnet.monitor.lock_contentions ({contention} / 1 sec),Rate,0
09/11/2026 06:05:30,System.Runtime,dotnet.gc.collections ({collection} / 1 sec)[gc.heap.generation=gen0],Rate,0
09/11/2026 06:05:30,System.Runtime,dotnet.gc.collections ({collection} / 1 sec)[gc.heap.generation=gen2],Rate,0
09/11/2026 06:05:30,System.Runtime,dotnet.gc.collections ({collection} / 1 sec)[gc.heap.generation=gen1],Rate,0
09/11/2026 06:05:30,System.Runtime,dotnet.process.cpu.time (s / 1 sec)[cpu.mode=user],Rate,0.5868420000000043
09/11/2026 06:05:30,System.Runtime,dotnet.process.cpu.time (s / 1 sec)[cpu.mode=system],Rate,0.03542200000000051
09/11/2026 06:05:30,System.Runtime,dotnet.process.cpu.count ({cpu}),Metric,15
09/11/2026 06:05:30,System.Runtime,dotnet.gc.pause.time (s / 1 sec),Rate,0
09/11/2026 06:05:30,System.Runtime,dotnet.thread_pool.queue.length ({work_item} / 1 sec),Rate,0
09/11/2026 06:05:30,System.Runtime,dotnet.gc.last_collection.memory.committed_size (By),Metric,0
09/11/2026 06:05:30,System.Runtime,dotnet.gc.last_collection.heap.fragmentation.size (By)[gc.heap.generation=gen0],Metric,0
09/11/2026 06:05:30,System.Runtime,dotnet.gc.last_collection.heap.fragmentation.size (By)[gc.heap.generation=loh],Metric,0
09/11/2026 06:05:30,System.Runtime,dotnet.gc.last_collection.heap.fragmentation.size (By)[gc.heap.generation=poh],Metric,0
09/11/2026 06:05:30,System.Runtime,dotnet.gc.last_collection.heap.fragmentation.size (By)[gc.heap.generation=gen2],Metric,0
09/11/2026 06:05:30,System.Runtime,dotnet.gc.last_collection.heap.fragmentation.size (By)[gc.heap.generation=gen1],Metric,0
09/11/2026 06:05:30,System.Runtime,dotnet.timer.count ({timer}),Metric,2
09/11/2026 06:05:30,System.Runtime,dotnet.assembly.count ({assembly}),Metric,61
09/11/2026 06:05:30,System.Runtime,dotnet.gc.heap.total_allocated (By / 1 sec),Rate,146576
09/11/2026 06:05:30,System.Runtime,dotnet.gc.last_collection.heap.size (By)[gc.heap.generation=gen0],Metric,0
09/11/2026 06:05:30,System.Runtime,dotnet.gc.last_collection.heap.size (By)[gc.heap.generation=loh],Metric,0
09/11/2026 06:05:30,System.Runtime,dotnet.gc.last_collection.heap.size (By)[gc.heap.generation=poh],Metric,0
09/11/2026 06:05:30,System.Runtime,dotnet.gc.last_collection.heap.size (By)[gc.heap.generation=gen2],Metric,0
09/11/2026 06:05:30,System.Runtime,dotnet.gc.last_collection.heap.size (By)[gc.heap.generation=gen1],Metric,0
09/11/2026 06:05:30,System.Runtime,dotnet.thread_pool.work_item.count ({work_item} / 1 sec),Rate,601
09/11/2026 06:05:30,System.Runtime,dotnet.process.memory.working_set (By),Metric,101203968
09/11/2026 06:05:30,System.Runtime,dotnet.thread_pool.thread.count ({thread} / 1 sec),Rate,0
09/11/2026 06:05:30,System.Runtime,dotnet.jit.compilation.time (s / 1 sec),Rate,0
09/11/2026 06:05:31,System.Runtime,dotnet.jit.compiled_il.size (By / 1 sec),Rate,0
09/11/2026 06:05:31,System.Runtime,dotnet.jit.compiled_methods ({method} / 1 sec),Rate,0
09/11/2026 06:05:31,System.Runtime,dotnet.monitor.lock_contentions ({contention} / 1 sec),Rate,0
09/11/2026 06:05:31,System.Runtime,dotnet.gc.collections ({collection} / 1 sec)[gc.heap.generation=gen0],Rate,0
09/11/2026 06:05:31,System.Runtime,dotnet.gc.collections ({collection} / 1 sec)[gc.heap.generation=gen2],Rate,0
09/11/2026 06:05:31,System.Runtime,dotnet.gc.collections ({collection} / 1 sec)[gc.heap.generation=gen1],Rate,0
09/11/2026 06:05:31,System.Runtime,dotnet.process.cpu.time (s / 1 sec)[cpu.mode=user],Rate,0.5889930000000021
09/11/2026 06:05:31,System.Runtime,dotnet.process.cpu.time (s / 1 sec)[cpu.mode=system],Rate,0.03559899999999949
09/11/2026 06:05:31,System.Runtime,dotnet.process.cpu.count ({cpu}),Metric,15
09/11/2026 06:05:31,System.Runtime,dotnet.gc.pause.time (s / 1 sec),Rate,0
09/11/2026 06:05:31,System.Runtime,dotnet.thread_pool.queue.length ({work_item} / 1 sec),Rate,0
09/11/2026 06:05:31,System.Runtime,dotnet.gc.last_collection.memory.committed_size (By),Metric,0
09/11/2026 06:05:31,System.Runtime,dotnet.gc.last_collection.heap.fragmentation.size (By)[gc.heap.generation=gen0],Metric,0
09/11/2026 06:05:31,System.Runtime,dotnet.gc.last_collection.heap.fragmentation.size (By)[gc.heap.generation=loh],Metric,0
09/11/2026 06:05:31,System.Runtime,dotnet.gc.last_collection.heap.fragmentation.size (By)[gc.heap.generation=poh],Metric,0
09/11/2026 06:05:31,System.Runtime,dotnet.gc.last_collection.heap.fragmentation.size (By)[gc.heap.generation=gen2],Metric,0
09/11/2026 06:05:31,System.Runtime,dotnet.gc.last_collection.heap.fragmentation.size (By)[gc.heap.generation=gen1],Metric,0
09/11/2026 06:05:31,System.Runtime,dotnet.timer.count ({timer}),Metric,3
09/11/2026 06:05:31,System.Runtime,dotnet.assembly.count ({assembly}),Metric,61
09/11/2026 06:05:31,System.Runtime,dotnet.gc.heap.total_allocated (By / 1 sec),Rate,131176
09/11/2026 06:05:31,System.Runtime,dotnet.gc.last_collection.heap.size (By)[gc.heap.generation=gen0],Metric,0
09/11/2026 06:05:31,System.Runtime,dotnet.gc.last_collection.heap.size (By)[gc.heap.generation=loh],Metric,0
09/11/2026 06:05:31,System.Runtime,dotnet.gc.last_collection.heap.size (By)[gc.heap.generation=poh],Metric,0
09/11/2026 06:05:31,System.Runtime,dotnet.gc.last_collection.heap.size (By)[gc.heap.generation=gen2],Metric,0
09/11/2026 06:05:31,System.Runtime,dotnet.gc.last_collection.heap.size (By)[gc.heap.generation=gen1],Metric,0
09/11/2026 06:05:31,System.Runtime,dotnet.thread_pool.work_item.count ({work_item} / 1 sec),Rate,604
09/11/2026 06:05:31,System.Runtime,dotnet.process.memory.working_set (By),Metric,101384192
09/11/2026 06:05:31,System.Runtime,dotnet.thread_pool.thread.count ({thread} / 1 sec),Rate,0
09/11/2026 06:05:31,System.Runtime,dotnet.jit.compilation.time (s / 1 sec),Rate,0
09/11/2026 06:05:32,System.Runtime,dotnet.jit.compiled_il.size (By / 1 sec),Rate,0
09/11/2026 06:05:32,System.Runtime,dotnet.jit.compiled_methods ({method} / 1 sec),Rate,0
09/11/2026 06:05:32,System.Runtime,dotnet.monitor.lock_contentions ({contention} / 1 sec),Rate,0
09/11/2026 06:05:32,System.Runtime,dotnet.gc.collections ({collection} / 1 sec)[gc.heap.generation=gen0],Rate,0
09/11/2026 06:05:32,System.Runtime,dotnet.gc.collections ({collection} / 1 sec)[gc.heap.generation=gen2],Rate,0
09/11/2026 06:05:32,System.Runtime,dotnet.gc.collections ({collection} / 1 sec)[gc.heap.generation=gen1],Rate,0
09/11/2026 06:05:32,System.Runtime,dotnet.process.cpu.time (s / 1 sec)[cpu.mode=user],Rate,0.5884269999999958
09/11/2026 06:05:32,System.Runtime,dotnet.process.cpu.time (s / 1 sec)[cpu.mode=system],Rate,0.03562900000000013
09/11/2026 06:05:32,System.Runtime,dotnet.process.cpu.count ({cpu}),Metric,15
09/11/2026 06:05:32,System.Runtime,dotnet.gc.pause.time (s / 1 sec),Rate,0
09/11/2026 06:05:32,System.Runtime,dotnet.thread_pool.queue.length ({work_item} / 1 sec),Rate,0
09/11/2026 06:05:32,System.Runtime,dotnet.gc.last_collection.memory.committed_size (By),Metric,0
09/11/2026 06:05:32,System.Runtime,dotnet.gc.last_collection.heap.fragmentation.size (By)[gc.heap.generation=gen0],Metric,0
09/11/2026 06:05:32,System.Runtime,dotnet.gc.last_collection.heap.fragmentation.size (By)[gc.heap.generation=loh],Metric,0
09/11/2026 06:05:32,System.Runtime,dotnet.gc.last_collection.heap.fragmentation.size (By)[gc.heap.generation=poh],Metric,0
09/11/2026 06:05:32,System.Runtime,dotnet.gc.last_collection.heap.fragmentation.size (By)[gc.heap.generation=gen2],Metric,0
09/11/2026 06:05:32,System.Runtime,dotnet.gc.last_collection.heap.fragmentation.size (By)[gc.heap.generation=gen1],Metric,0
09/11/2026 06:05:32,System.Runtime,dotnet.timer.count ({timer}),Metric,2
09/11/2026 06:05:32,System.Runtime,dotnet.assembly.count ({assembly}),Metric,61
09/11/2026 06:05:32,System.Runtime,dotnet.gc.heap.total_allocated (By / 1 sec),Rate,139400
09/11/2026 06:05:32,System.Runtime,dotnet.gc.last_collection.heap.size (By)[gc.heap.generation=gen0],Metric,0
09/11/2026 06:05:32,System.Runtime,dotnet.gc.last_collection.heap.size (By)[gc.heap.generation=loh],Metric,0
09/11/2026 06:05:32,System.Runtime,dotnet.gc.last_collection.heap.size (By)[gc.heap.generation=poh],Metric,0
09/11/2026 06:05:32,System.Runtime,dotnet.gc.last_collection.heap.size (By)[gc.heap.generation=gen2],Metric,0
09/11/2026 06:05:32,System.Runtime,dotnet.gc.last_collection.heap.size (By)[gc.heap.generation=gen1],Metric,0
09/11/2026 06:05:32,System.Runtime,dotnet.thread_pool.work_item.count ({work_item} / 1 sec),Rate,598
09/11/2026 06:05:32,System.Runtime,dotnet.process.memory.working_set (By),Metric,101531648
09/11/2026 06:05:32,System.Runtime,dotnet.thread_pool.thread.count ({thread} / 1 sec),Rate,0
09/11/2026 06:05:32,System.Runtime,dotnet.jit.compilation.time (s / 1 sec),Rate,0
09/11/2026 06:05:33,System.Runtime,dotnet.jit.compiled_il.size (By / 1 sec),Rate,0
09/11/2026 06:05:33,System.Runtime,dotnet.jit.compiled_methods ({method} / 1 sec),Rate,0
09/11/2026 06:05:33,System.Runtime,dotnet.monitor.lock_contentions ({contention} / 1 sec),Rate,0
09/11/2026 06:05:33,System.Runtime,dotnet.gc.collections ({collection} / 1 sec)[gc.heap.generation=gen0],Rate,0
09/11/2026 06:05:33,System.Runtime,dotnet.gc.collections ({collection} / 1 sec)[gc.heap.generation=gen2],Rate,0
09/11/2026 06:05:33,System.Runtime,dotnet.gc.collections ({collection} / 1 sec)[gc.heap.generation=gen1],Rate,0
09/11/2026 06:05:33,System.Runtime,dotnet.process.cpu.time (s / 1 sec)[cpu.mode=user],Rate,0.5908560000000023
09/11/2026 06:05:33,System.Runtime,dotnet.process.cpu.time (s / 1 sec)[cpu.mode=system],Rate,0.043059999999999654
09/11/2026 06:05:33,System.Runtime,dotnet.process.cpu.count ({cpu}),Metric,15
09/11/2026 06:05:33,System.Runtime,dotnet.gc.pause.time (s / 1 sec),Rate,0
09/11/2026 06:05:33,System.Runtime,dotnet.thread_pool.queue.length ({work_item} / 1 sec),Rate,0
09/11/2026 06:05:33,System.Runtime,dotnet.gc.last_collection.memory.committed_size (By),Metric,0
09/11/2026 06:05:33,System.Runtime,dotnet.gc.last_collection.heap.fragmentation.size (By)[gc.heap.generation=gen0],Metric,0
09/11/2026 06:05:33,System.Runtime,dotnet.gc.last_collection.heap.fragmentation.size (By)[gc.heap.generation=loh],Metric,0
09/11/2026 06:05:33,System.Runtime,dotnet.gc.last_collection.heap.fragmentation.size (By)[gc.heap.generation=poh],Metric,0
09/11/2026 06:05:33,System.Runtime,dotnet.gc.last_collection.heap.fragmentation.size (By)[gc.heap.generation=gen2],Metric,0
09/11/2026 06:05:33,System.Runtime,dotnet.gc.last_collection.heap.fragmentation.size (By)[gc.heap.generation=gen1],Metric,0
09/11/2026 06:05:33,System.Runtime,dotnet.timer.count ({timer}),Metric,2
09/11/2026 06:05:33,System.Runtime,dotnet.assembly.count ({assembly}),Metric,61
09/11/2026 06:05:33,System.Runtime,dotnet.gc.heap.total_allocated (By / 1 sec),Rate,131088
09/11/2026 06:05:33,System.Runtime,dotnet.gc.last_collection.heap.size (By)[gc.heap.generation=gen0],Metric,0
09/11/2026 06:05:33,System.Runtime,dotnet.gc.last_collection.heap.size (By)[gc.heap.generation=loh],Metric,0
09/11/2026 06:05:33,System.Runtime,dotnet.gc.last_collection.heap.size (By)[gc.heap.generation=poh],Metric,0
09/11/2026 06:05:33,System.Runtime,dotnet.gc.last_collection.heap.size (By)[gc.heap.generation=gen2],Metric,0
09/11/2026 06:05:33,System.Runtime,dotnet.gc.last_collection.heap.size (By)[gc.heap.generation=gen1],Metric,0
09/11/2026 06:05:33,System.Runtime,dotnet.thread_pool.work_item.count ({work_item} / 1 sec),Rate,601
09/11/2026 06:05:33,System.Runtime,dotnet.process.memory.working_set (By),Metric,101662720
09/11/2026 06:05:33,System.Runtime,dotnet.thread_pool.thread.count ({thread} / 1 sec),Rate,0
09/11/2026 06:05:33,System.Runtime,dotnet.jit.compilation.time (s / 1 sec),Rate,0
09/11/2026 06:05:34,System.Runtime,dotnet.jit.compiled_il.size (By / 1 sec),Rate,44
09/11/2026 06:05:34,System.Runtime,dotnet.jit.compiled_methods ({method} / 1 sec),Rate,1
09/11/2026 06:05:34,System.Runtime,dotnet.monitor.lock_contentions ({contention} / 1 sec),Rate,0
09/11/2026 06:05:34,System.Runtime,dotnet.gc.collections ({collection} / 1 sec)[gc.heap.generation=gen0],Rate,0
09/11/2026 06:05:34,System.Runtime,dotnet.gc.collections ({collection} / 1 sec)[gc.heap.generation=gen2],Rate,0
09/11/2026 06:05:34,System.Runtime,dotnet.gc.collections ({collection} / 1 sec)[gc.heap.generation=gen1],Rate,0
09/11/2026 06:05:34,System.Runtime,dotnet.process.cpu.time (s / 1 sec)[cpu.mode=user],Rate,0.588122999999996
09/11/2026 06:05:34,System.Runtime,dotnet.process.cpu.time (s / 1 sec)[cpu.mode=system],Rate,0.03506199999999993
09/11/2026 06:05:34,System.Runtime,dotnet.process.cpu.count ({cpu}),Metric,15
09/11/2026 06:05:34,System.Runtime,dotnet.gc.pause.time (s / 1 sec),Rate,0
09/11/2026 06:05:34,System.Runtime,dotnet.thread_pool.queue.length ({work_item} / 1 sec),Rate,0
09/11/2026 06:05:34,System.Runtime,dotnet.gc.last_collection.memory.committed_size (By),Metric,0
09/11/2026 06:05:34,System.Runtime,dotnet.gc.last_collection.heap.fragmentation.size (By)[gc.heap.generation=gen0],Metric,0
09/11/2026 06:05:34,System.Runtime,dotnet.gc.last_collection.heap.fragmentation.size (By)[gc.heap.generation=loh],Metric,0
09/11/2026 06:05:34,System.Runtime,dotnet.gc.last_collection.heap.fragmentation.size (By)[gc.heap.generation=poh],Metric,0
09/11/2026 06:05:34,System.Runtime,dotnet.gc.last_collection.heap.fragmentation.size (By)[gc.heap.generation=gen2],Metric,0
09/11/2026 06:05:34,System.Runtime,dotnet.gc.last_collection.heap.fragmentation.size (By)[gc.heap.generation=gen1],Metric,0
09/11/2026 06:05:34,System.Runtime,dotnet.timer.count ({timer}),Metric,2
09/11/2026 06:05:34,System.Runtime,dotnet.assembly.count ({assembly}),Metric,61
09/11/2026 06:05:34,System.Runtime,dotnet.gc.heap.total_allocated (By / 1 sec),Rate,147616
09/11/2026 06:05:34,System.Runtime,dotnet.gc.last_collection.heap.size (By)[gc.heap.generation=gen0],Metric,0
09/11/2026 06:05:34,System.Runtime,dotnet.gc.last_collection.heap.size (By)[gc.heap.generation=loh],Metric,0
09/11/2026 06:05:34,System.Runtime,dotnet.gc.last_collection.heap.size (By)[gc.heap.generation=poh],Metric,0
09/11/2026 06:05:34,System.Runtime,dotnet.gc.last_collection.heap.size (By)[gc.heap.generation=gen2],Metric,0
09/11/2026 06:05:34,System.Runtime,dotnet.gc.last_collection.heap.size (By)[gc.heap.generation=gen1],Metric,0
09/11/2026 06:05:34,System.Runtime,dotnet.thread_pool.work_item.count ({work_item} / 1 sec),Rate,602
09/11/2026 06:05:34,System.Runtime,dotnet.process.memory.working_set (By),Metric,101859328
09/11/2026 06:05:34,System.Runtime,dotnet.thread_pool.thread.count ({thread} / 1 sec),Rate,0
09/11/2026 06:05:34,System.Runtime,dotnet.jit.compilation.time (s / 1 sec),Rate,0.0005998000000000392
09/11/2026 06:05:35,System.Runtime,dotnet.jit.compiled_il.size (By / 1 sec),Rate,0
09/11/2026 06:05:35,System.Runtime,dotnet.jit.compiled_methods ({method} / 1 sec),Rate,0
09/11/2026 06:05:35,System.Runtime,dotnet.monitor.lock_contentions ({contention} / 1 sec),Rate,0
09/11/2026 06:05:35,System.Runtime,dotnet.gc.collections ({collection} / 1 sec)[gc.heap.generation=gen0],Rate,0
09/11/2026 06:05:35,System.Runtime,dotnet.gc.collections ({collection} / 1 sec)[gc.heap.generation=gen2],Rate,0
09/11/2026 06:05:35,System.Runtime,dotnet.gc.collections ({collection} / 1 sec)[gc.heap.generation=gen1],Rate,0
09/11/2026 06:05:35,System.Runtime,dotnet.process.cpu.time (s / 1 sec)[cpu.mode=user],Rate,0.5883440000000064
09/11/2026 06:05:35,System.Runtime,dotnet.process.cpu.time (s / 1 sec)[cpu.mode=system],Rate,0.03636600000000012
09/11/2026 06:05:35,System.Runtime,dotnet.process.cpu.count ({cpu}),Metric,15
09/11/2026 06:05:35,System.Runtime,dotnet.gc.pause.time (s / 1 sec),Rate,0
09/11/2026 06:05:35,System.Runtime,dotnet.thread_pool.queue.length ({work_item} / 1 sec),Rate,0
09/11/2026 06:05:35,System.Runtime,dotnet.gc.last_collection.memory.committed_size (By),Metric,0
09/11/2026 06:05:35,System.Runtime,dotnet.gc.last_collection.heap.fragmentation.size (By)[gc.heap.generation=gen0],Metric,0
09/11/2026 06:05:35,System.Runtime,dotnet.gc.last_collection.heap.fragmentation.size (By)[gc.heap.generation=loh],Metric,0
09/11/2026 06:05:35,System.Runtime,dotnet.gc.last_collection.heap.fragmentation.size (By)[gc.heap.generation=poh],Metric,0
09/11/2026 06:05:35,System.Runtime,dotnet.gc.last_collection.heap.fragmentation.size (By)[gc.heap.generation=gen2],Metric,0
09/11/2026 06:05:35,System.Runtime,dotnet.gc.last_collection.heap.fragmentation.size (By)[gc.heap.generation=gen1],Metric,0
09/11/2026 06:05:35,System.Runtime,dotnet.timer.count ({timer}),Metric,2
09/11/2026 06:05:35,System.Runtime,dotnet.assembly.count ({assembly}),Metric,61
09/11/2026 06:05:35,System.Runtime,dotnet.gc.heap.total_allocated (By / 1 sec),Rate,138376
09/11/2026 06:05:35,System.Runtime,dotnet.gc.last_collection.heap.size (By)[gc.heap.generation=gen0],Metric,0
09/11/2026 06:05:35,System.Runtime,dotnet.gc.last_collection.heap.size (By)[gc.heap.generation=loh],Metric,0
09/11/2026 06:05:35,System.Runtime,dotnet.gc.last_collection.heap.size (By)[gc.heap.generation=poh],Metric,0
09/11/2026 06:05:35,System.Runtime,dotnet.gc.last_collection.heap.size (By)[gc.heap.generation=gen2],Metric,0
09/11/2026 06:05:35,System.Runtime,dotnet.gc.last_collection.heap.size (By)[gc.heap.generation=gen1],Metric,0
09/11/2026 06:05:35,System.Runtime,dotnet.thread_pool.work_item.count ({work_item} / 1 sec),Rate,601
09/11/2026 06:05:35,System.Runtime,dotnet.process.memory.working_set (By),Metric,102023168
09/11/2026 06:05:35,System.Runtime,dotnet.thread_pool.thread.count ({thread} / 1 sec),Rate,0
09/11/2026 06:05:35,System.Runtime,dotnet.jit.compilation.time (s / 1 sec),Rate,0
09/11/2026 06:05:36,System.Runtime,dotnet.jit.compiled_il.size (By / 1 sec),Rate,0
09/11/2026 06:05:36,System.Runtime,dotnet.jit.compiled_methods ({method} / 1 sec),Rate,0
09/11/2026 06:05:36,System.Runtime,dotnet.monitor.lock_contentions ({contention} / 1 sec),Rate,0
09/11/2026 06:05:36,System.Runtime,dotnet.gc.collections ({collection} / 1 sec)[gc.heap.generation=gen0],Rate,0
09/11/2026 06:05:36,System.Runtime,dotnet.gc.collections ({collection} / 1 sec)[gc.heap.generation=gen2],Rate,0
09/11/2026 06:05:36,System.Runtime,dotnet.gc.collections ({collection} / 1 sec)[gc.heap.generation=gen1],Rate,0
09/11/2026 06:05:36,System.Runtime,dotnet.process.cpu.time (s / 1 sec)[cpu.mode=user],Rate,0.5901609999999948
09/11/2026 06:05:36,System.Runtime,dotnet.process.cpu.time (s / 1 sec)[cpu.mode=system],Rate,0.03680899999999987
09/11/2026 06:05:36,System.Runtime,dotnet.process.cpu.count ({cpu}),Metric,15
09/11/2026 06:05:36,System.Runtime,dotnet.gc.pause.time (s / 1 sec),Rate,0
09/11/2026 06:05:36,System.Runtime,dotnet.thread_pool.queue.length ({work_item} / 1 sec),Rate,0
09/11/2026 06:05:36,System.Runtime,dotnet.gc.last_collection.memory.committed_size (By),Metric,0
09/11/2026 06:05:36,System.Runtime,dotnet.gc.last_collection.heap.fragmentation.size (By)[gc.heap.generation=gen0],Metric,0
09/11/2026 06:05:36,System.Runtime,dotnet.gc.last_collection.heap.fragmentation.size (By)[gc.heap.generation=loh],Metric,0
09/11/2026 06:05:36,System.Runtime,dotnet.gc.last_collection.heap.fragmentation.size (By)[gc.heap.generation=poh],Metric,0
09/11/2026 06:05:36,System.Runtime,dotnet.gc.last_collection.heap.fragmentation.size (By)[gc.heap.generation=gen2],Metric,0
09/11/2026 06:05:36,System.Runtime,dotnet.gc.last_collection.heap.fragmentation.size (By)[gc.heap.generation=gen1],Metric,0
09/11/2026 06:05:36,System.Runtime,dotnet.timer.count ({timer}),Metric,2
09/11/2026 06:05:36,System.Runtime,dotnet.assembly.count ({assembly}),Metric,61
09/11/2026 06:05:36,System.Runtime,dotnet.gc.heap.total_allocated (By / 1 sec),Rate,130048
09/11/2026 06:05:36,System.Runtime,dotnet.gc.last_collection.heap.size (By)[gc.heap.generation=gen0],Metric,0
09/11/2026 06:05:36,System.Runtime,dotnet.gc.last_collection.heap.size (By)[gc.heap.generation=loh],Metric,0
09/11/2026 06:05:36,System.Runtime,dotnet.gc.last_collection.heap.size (By)[gc.heap.generation=poh],Metric,0
09/11/2026 06:05:36,System.Runtime,dotnet.gc.last_collection.heap.size (By)[gc.heap.generation=gen2],Metric,0
09/11/2026 06:05:36,System.Runtime,dotnet.gc.last_collection.heap.size (By)[gc.heap.generation=gen1],Metric,0
09/11/2026 06:05:36,System.Runtime,dotnet.thread_pool.work_item.count ({work_item} / 1 sec),Rate,601
09/11/2026 06:05:36,System.Runtime,dotnet.process.memory.working_set (By),Metric,102170624
09/11/2026 06:05:36,System.Runtime,dotnet.thread_pool.thread.count ({thread} / 1 sec),Rate,0
09/11/2026 06:05:36,System.Runtime,dotnet.jit.compilation.time (s / 1 sec),Rate,0
09/11/2026 06:05:37,System.Runtime,dotnet.jit.compiled_il.size (By / 1 sec),Rate,0
09/11/2026 06:05:37,System.Runtime,dotnet.jit.compiled_methods ({method} / 1 sec),Rate,0
09/11/2026 06:05:37,System.Runtime,dotnet.monitor.lock_contentions ({contention} / 1 sec),Rate,0
09/11/2026 06:05:37,System.Runtime,dotnet.gc.collections ({collection} / 1 sec)[gc.heap.generation=gen0],Rate,0
09/11/2026 06:05:37,System.Runtime,dotnet.gc.collections ({collection} / 1 sec)[gc.heap.generation=gen2],Rate,0
09/11/2026 06:05:37,System.Runtime,dotnet.gc.collections ({collection} / 1 sec)[gc.heap.generation=gen1],Rate,0
09/11/2026 06:05:37,System.Runtime,dotnet.process.cpu.time (s / 1 sec)[cpu.mode=user],Rate,0.5887079999999969
09/11/2026 06:05:37,System.Runtime,dotnet.process.cpu.time (s / 1 sec)[cpu.mode=system],Rate,0.03539800000000071
09/11/2026 06:05:37,System.Runtime,dotnet.process.cpu.count ({cpu}),Metric,15
09/11/2026 06:05:37,System.Runtime,dotnet.gc.pause.time (s / 1 sec),Rate,0
09/11/2026 06:05:37,System.Runtime,dotnet.thread_pool.queue.length ({work_item} / 1 sec),Rate,0
09/11/2026 06:05:37,System.Runtime,dotnet.gc.last_collection.memory.committed_size (By),Metric,0
09/11/2026 06:05:37,System.Runtime,dotnet.gc.last_collection.heap.fragmentation.size (By)[gc.heap.generation=gen0],Metric,0
09/11/2026 06:05:37,System.Runtime,dotnet.gc.last_collection.heap.fragmentation.size (By)[gc.heap.generation=loh],Metric,0
09/11/2026 06:05:37,System.Runtime,dotnet.gc.last_collection.heap.fragmentation.size (By)[gc.heap.generation=poh],Metric,0
09/11/2026 06:05:37,System.Runtime,dotnet.gc.last_collection.heap.fragmentation.size (By)[gc.heap.generation=gen2],Metric,0
09/11/2026 06:05:37,System.Runtime,dotnet.gc.last_collection.heap.fragmentation.size (By)[gc.heap.generation=gen1],Metric,0
09/11/2026 06:05:37,System.Runtime,dotnet.timer.count ({timer}),Metric,2
09/11/2026 06:05:37,System.Runtime,dotnet.assembly.count ({assembly}),Metric,61
09/11/2026 06:05:37,System.Runtime,dotnet.gc.heap.total_allocated (By / 1 sec),Rate,131200
09/11/2026 06:05:37,System.Runtime,dotnet.gc.last_collection.heap.size (By)[gc.heap.generation=gen0],Metric,0
09/11/2026 06:05:37,System.Runtime,dotnet.gc.last_collection.heap.size (By)[gc.heap.generation=loh],Metric,0
09/11/2026 06:05:37,System.Runtime,dotnet.gc.last_collection.heap.size (By)[gc.heap.generation=poh],Metric,0
09/11/2026 06:05:37,System.Runtime,dotnet.gc.last_collection.heap.size (By)[gc.heap.generation=gen2],Metric,0
09/11/2026 06:05:37,System.Runtime,dotnet.gc.last_collection.heap.size (By)[gc.heap.generation=gen1],Metric,0
09/11/2026 06:05:37,System.Runtime,dotnet.thread_pool.work_item.count ({work_item} / 1 sec),Rate,601
09/11/2026 06:05:37,System.Runtime,dotnet.process.memory.working_set (By),Metric,102318080
09/11/2026 06:05:37,System.Runtime,dotnet.thread_pool.thread.count ({thread} / 1 sec),Rate,0
09/11/2026 06:05:37,System.Runtime,dotnet.jit.compilation.time (s / 1 sec),Rate,0
09/11/2026 06:05:38,System.Runtime,dotnet.jit.compiled_il.size (By / 1 sec),Rate,0
09/11/2026 06:05:38,System.Runtime,dotnet.jit.compiled_methods ({method} / 1 sec),Rate,0
09/11/2026 06:05:38,System.Runtime,dotnet.monitor.lock_contentions ({contention} / 1 sec),Rate,0
09/11/2026 06:05:38,System.Runtime,dotnet.gc.collections ({collection} / 1 sec)[gc.heap.generation=gen0],Rate,0
09/11/2026 06:05:38,System.Runtime,dotnet.gc.collections ({collection} / 1 sec)[gc.heap.generation=gen2],Rate,0
09/11/2026 06:05:38,System.Runtime,dotnet.gc.collections ({collection} / 1 sec)[gc.heap.generation=gen1],Rate,0
09/11/2026 06:05:38,System.Runtime,dotnet.process.cpu.time (s / 1 sec)[cpu.mode=user],Rate,0.5861390000000029
09/11/2026 06:05:38,System.Runtime,dotnet.process.cpu.time (s / 1 sec)[cpu.mode=system],Rate,0.036595000000000155
09/11/2026 06:05:38,System.Runtime,dotnet.process.cpu.count ({cpu}),Metric,15
09/11/2026 06:05:38,System.Runtime,dotnet.gc.pause.time (s / 1 sec),Rate,0
09/11/2026 06:05:38,System.Runtime,dotnet.thread_pool.queue.length ({work_item} / 1 sec),Rate,0
09/11/2026 06:05:38,System.Runtime,dotnet.gc.last_collection.memory.committed_size (By),Metric,0
09/11/2026 06:05:38,System.Runtime,dotnet.gc.last_collection.heap.fragmentation.size (By)[gc.heap.generation=gen0],Metric,0
09/11/2026 06:05:38,System.Runtime,dotnet.gc.last_collection.heap.fragmentation.size (By)[gc.heap.generation=loh],Metric,0
09/11/2026 06:05:38,System.Runtime,dotnet.gc.last_collection.heap.fragmentation.size (By)[gc.heap.generation=poh],Metric,0
09/11/2026 06:05:38,System.Runtime,dotnet.gc.last_collection.heap.fragmentation.size (By)[gc.heap.generation=gen2],Metric,0
09/11/2026 06:05:38,System.Runtime,dotnet.gc.last_collection.heap.fragmentation.size (By)[gc.heap.generation=gen1],Metric,0
09/11/2026 06:05:38,System.Runtime,dotnet.timer.count ({timer}),Metric,3
09/11/2026 06:05:38,System.Runtime,dotnet.assembly.count ({assembly}),Metric,61
09/11/2026 06:05:38,System.Runtime,dotnet.gc.heap.total_allocated (By / 1 sec),Rate,138360
09/11/2026 06:05:38,System.Runtime,dotnet.gc.last_collection.heap.size (By)[gc.heap.generation=gen0],Metric,0
09/11/2026 06:05:38,System.Runtime,dotnet.gc.last_collection.heap.size (By)[gc.heap.generation=loh],Metric,0
09/11/2026 06:05:38,System.Runtime,dotnet.gc.last_collection.heap.size (By)[gc.heap.generation=poh],Metric,0
09/11/2026 06:05:38,System.Runtime,dotnet.gc.last_collection.heap.size (By)[gc.heap.generation=gen2],Metric,0
09/11/2026 06:05:38,System.Runtime,dotnet.gc.last_collection.heap.size (By)[gc.heap.generation=gen1],Metric,0
09/11/2026 06:05:38,System.Runtime,dotnet.thread_pool.work_item.count ({work_item} / 1 sec),Rate,603
09/11/2026 06:05:38,System.Runtime,dotnet.process.memory.working_set (By),Metric,102400000
09/11/2026 06:05:38,System.Runtime,dotnet.thread_pool.thread.count ({thread} / 1 sec),Rate,0
09/11/2026 06:05:38,System.Runtime,dotnet.jit.compilation.time (s / 1 sec),Rate,0
09/11/2026 06:05:39,System.Runtime,dotnet.jit.compiled_il.size (By / 1 sec),Rate,0
09/11/2026 06:05:39,System.Runtime,dotnet.jit.compiled_methods ({method} / 1 sec),Rate,0
09/11/2026 06:05:39,System.Runtime,dotnet.monitor.lock_contentions ({contention} / 1 sec),Rate,0
09/11/2026 06:05:39,System.Runtime,dotnet.gc.collections ({collection} / 1 sec)[gc.heap.generation=gen0],Rate,0
09/11/2026 06:05:39,System.Runtime,dotnet.gc.collections ({collection} / 1 sec)[gc.heap.generation=gen2],Rate,0
09/11/2026 06:05:39,System.Runtime,dotnet.gc.collections ({collection} / 1 sec)[gc.heap.generation=gen1],Rate,0
09/11/2026 06:05:39,System.Runtime,dotnet.process.cpu.time (s / 1 sec)[cpu.mode=user],Rate,0.5805320000000052
09/11/2026 06:05:39,System.Runtime,dotnet.process.cpu.time (s / 1 sec)[cpu.mode=system],Rate,0.03693399999999958
09/11/2026 06:05:39,System.Runtime,dotnet.process.cpu.count ({cpu}),Metric,15
09/11/2026 06:05:39,System.Runtime,dotnet.gc.pause.time (s / 1 sec),Rate,0
09/11/2026 06:05:39,System.Runtime,dotnet.thread_pool.queue.length ({work_item} / 1 sec),Rate,0
09/11/2026 06:05:39,System.Runtime,dotnet.gc.last_collection.memory.committed_size (By),Metric,0
09/11/2026 06:05:39,System.Runtime,dotnet.gc.last_collection.heap.fragmentation.size (By)[gc.heap.generation=gen0],Metric,0
09/11/2026 06:05:39,System.Runtime,dotnet.gc.last_collection.heap.fragmentation.size (By)[gc.heap.generation=loh],Metric,0
09/11/2026 06:05:39,System.Runtime,dotnet.gc.last_collection.heap.fragmentation.size (By)[gc.heap.generation=poh],Metric,0
09/11/2026 06:05:39,System.Runtime,dotnet.gc.last_collection.heap.fragmentation.size (By)[gc.heap.generation=gen2],Metric,0
09/11/2026 06:05:39,System.Runtime,dotnet.gc.last_collection.heap.fragmentation.size (By)[gc.heap.generation=gen1],Metric,0
09/11/2026 06:05:39,System.Runtime,dotnet.timer.count ({timer}),Metric,2
09/11/2026 06:05:39,System.Runtime,dotnet.assembly.count ({assembly}),Metric,61
09/11/2026 06:05:39,System.Runtime,dotnet.gc.heap.total_allocated (By / 1 sec),Rate,147616
09/11/2026 06:05:39,System.Runtime,dotnet.gc.last_collection.heap.size (By)[gc.heap.generation=gen0],Metric,0
09/11/2026 06:05:39,System.Runtime,dotnet.gc.last_collection.heap.size (By)[gc.heap.generation=loh],Metric,0
09/11/2026 06:05:39,System.Runtime,dotnet.gc.last_collection.heap.size (By)[gc.heap.generation=poh],Metric,0
09/11/2026 06:05:39,System.Runtime,dotnet.gc.last_collection.heap.size (By)[gc.heap.generation=gen2],Metric,0
09/11/2026 06:05:39,System.Runtime,dotnet.gc.last_collection.heap.size (By)[gc.heap.generation=gen1],Metric,0
09/11/2026 06:05:39,System.Runtime,dotnet.thread_pool.work_item.count ({work_item} / 1 sec),Rate,600
09/11/2026 06:05:39,System.Runtime,dotnet.process.memory.working_set (By),Metric,102596608
09/11/2026 06:05:39,System.Runtime,dotnet.thread_pool.thread.count ({thread} / 1 sec),Rate,0
09/11/2026 06:05:39,System.Runtime,dotnet.jit.compilation.time (s / 1 sec),Rate,0
09/11/2026 06:05:40,System.Runtime,dotnet.jit.compiled_il.size (By / 1 sec),Rate,0
09/11/2026 06:05:40,System.Runtime,dotnet.jit.compiled_methods ({method} / 1 sec),Rate,0
09/11/2026 06:05:40,System.Runtime,dotnet.monitor.lock_contentions ({contention} / 1 sec),Rate,0
09/11/2026 06:05:40,System.Runtime,dotnet.gc.collections ({collection} / 1 sec)[gc.heap.generation=gen0],Rate,0
09/11/2026 06:05:40,System.Runtime,dotnet.gc.collections ({collection} / 1 sec)[gc.heap.generation=gen2],Rate,0
09/11/2026 06:05:40,System.Runtime,dotnet.gc.collections ({collection} / 1 sec)[gc.heap.generation=gen1],Rate,0
09/11/2026 06:05:40,System.Runtime,dotnet.process.cpu.time (s / 1 sec)[cpu.mode=user],Rate,0.5852689999999967
09/11/2026 06:05:40,System.Runtime,dotnet.process.cpu.time (s / 1 sec)[cpu.mode=system],Rate,0.034404999999999575
09/11/2026 06:05:40,System.Runtime,dotnet.process.cpu.count ({cpu}),Metric,15
09/11/2026 06:05:40,System.Runtime,dotnet.gc.pause.time (s / 1 sec),Rate,0
09/11/2026 06:05:40,System.Runtime,dotnet.thread_pool.queue.length ({work_item} / 1 sec),Rate,0
09/11/2026 06:05:40,System.Runtime,dotnet.gc.last_collection.memory.committed_size (By),Metric,0
09/11/2026 06:05:40,System.Runtime,dotnet.gc.last_collection.heap.fragmentation.size (By)[gc.heap.generation=gen0],Metric,0
09/11/2026 06:05:40,System.Runtime,dotnet.gc.last_collection.heap.fragmentation.size (By)[gc.heap.generation=loh],Metric,0
09/11/2026 06:05:40,System.Runtime,dotnet.gc.last_collection.heap.fragmentation.size (By)[gc.heap.generation=poh],Metric,0
09/11/2026 06:05:40,System.Runtime,dotnet.gc.last_collection.heap.fragmentation.size (By)[gc.heap.generation=gen2],Metric,0
09/11/2026 06:05:40,System.Runtime,dotnet.gc.last_collection.heap.fragmentation.size (By)[gc.heap.generation=gen1],Metric,0
09/11/2026 06:05:40,System.Runtime,dotnet.timer.count ({timer}),Metric,2
09/11/2026 06:05:40,System.Runtime,dotnet.assembly.count ({assembly}),Metric,61
09/11/2026 06:05:40,System.Runtime,dotnet.gc.heap.total_allocated (By / 1 sec),Rate,129136
09/11/2026 06:05:40,System.Runtime,dotnet.gc.last_collection.heap.size (By)[gc.heap.generation=gen0],Metric,0
09/11/2026 06:05:40,System.Runtime,dotnet.gc.last_collection.heap.size (By)[gc.heap.generation=loh],Metric,0
09/11/2026 06:05:40,System.Runtime,dotnet.gc.last_collection.heap.size (By)[gc.heap.generation=poh],Metric,0
09/11/2026 06:05:40,System.Runtime,dotnet.gc.last_collection.heap.size (By)[gc.heap.generation=gen2],Metric,0
09/11/2026 06:05:40,System.Runtime,dotnet.gc.last_collection.heap.size (By)[gc.heap.generation=gen1],Metric,0
09/11/2026 06:05:40,System.Runtime,dotnet.thread_pool.work_item.count ({work_item} / 1 sec),Rate,601
09/11/2026 06:05:40,System.Runtime,dotnet.process.memory.working_set (By),Metric,102727680
09/11/2026 06:05:40,System.Runtime,dotnet.thread_pool.thread.count ({thread} / 1 sec),Rate,0
09/11/2026 06:05:40,System.Runtime,dotnet.jit.compilation.time (s / 1 sec),Rate,0
09/11/2026 06:05:41,System.Runtime,dotnet.jit.compiled_il.size (By / 1 sec),Rate,0
09/11/2026 06:05:41,System.Runtime,dotnet.jit.compiled_methods ({method} / 1 sec),Rate,0
09/11/2026 06:05:41,System.Runtime,dotnet.monitor.lock_contentions ({contention} / 1 sec),Rate,0
09/11/2026 06:05:41,System.Runtime,dotnet.gc.collections ({collection} / 1 sec)[gc.heap.generation=gen0],Rate,0
09/11/2026 06:05:41,System.Runtime,dotnet.gc.collections ({collection} / 1 sec)[gc.heap.generation=gen2],Rate,0
09/11/2026 06:05:41,System.Runtime,dotnet.gc.collections ({collection} / 1 sec)[gc.heap.generation=gen1],Rate,0
09/11/2026 06:05:41,System.Runtime,dotnet.process.cpu.time (s / 1 sec)[cpu.mode=user],Rate,0.5892740000000032
09/11/2026 06:05:41,System.Runtime,dotnet.process.cpu.time (s / 1 sec)[cpu.mode=system],Rate,0.036741000000000135
09/11/2026 06:05:41,System.Runtime,dotnet.process.cpu.count ({cpu}),Metric,15
09/11/2026 06:05:41,System.Runtime,dotnet.gc.pause.time (s / 1 sec),Rate,0
09/11/2026 06:05:41,System.Runtime,dotnet.thread_pool.queue.length ({work_item} / 1 sec),Rate,0
09/11/2026 06:05:41,System.Runtime,dotnet.gc.last_collection.memory.committed_size (By),Metric,0
09/11/2026 06:05:41,System.Runtime,dotnet.gc.last_collection.heap.fragmentation.size (By)[gc.heap.generation=gen0],Metric,0
09/11/2026 06:05:41,System.Runtime,dotnet.gc.last_collection.heap.fragmentation.size (By)[gc.heap.generation=loh],Metric,0
09/11/2026 06:05:41,System.Runtime,dotnet.gc.last_collection.heap.fragmentation.size (By)[gc.heap.generation=poh],Metric,0
09/11/2026 06:05:41,System.Runtime,dotnet.gc.last_collection.heap.fragmentation.size (By)[gc.heap.generation=gen2],Metric,0
09/11/2026 06:05:41,System.Runtime,dotnet.gc.last_collection.heap.fragmentation.size (By)[gc.heap.generation=gen1],Metric,0
09/11/2026 06:05:41,System.Runtime,dotnet.timer.count ({timer}),Metric,2
09/11/2026 06:05:41,System.Runtime,dotnet.assembly.count ({assembly}),Metric,61
09/11/2026 06:05:41,System.Runtime,dotnet.gc.heap.total_allocated (By / 1 sec),Rate,139400
09/11/2026 06:05:41,System.Runtime,dotnet.gc.last_collection.heap.size (By)[gc.heap.generation=gen0],Metric,0
09/11/2026 06:05:41,System.Runtime,dotnet.gc.last_collection.heap.size (By)[gc.heap.generation=loh],Metric,0
09/11/2026 06:05:41,System.Runtime,dotnet.gc.last_collection.heap.size (By)[gc.heap.generation=poh],Metric,0
09/11/2026 06:05:41,System.Runtime,dotnet.gc.last_collection.heap.size (By)[gc.heap.generation=gen2],Metric,0
09/11/2026 06:05:41,System.Runtime,dotnet.gc.last_collection.heap.size (By)[gc.heap.generation=gen1],Metric,0
09/11/2026 06:05:41,System.Runtime,dotnet.thread_pool.work_item.count ({work_item} / 1 sec),Rate,601
09/11/2026 06:05:41,System.Runtime,dotnet.process.memory.working_set (By),Metric,102891520
09/11/2026 06:05:41,System.Runtime,dotnet.thread_pool.thread.count ({thread} / 1 sec),Rate,0
09/11/2026 06:05:41,System.Runtime,dotnet.jit.compilation.time (s / 1 sec),Rate,0
09/11/2026 06:05:42,System.Runtime,dotnet.jit.compiled_il.size (By / 1 sec),Rate,0
09/11/2026 06:05:42,System.Runtime,dotnet.jit.compiled_methods ({method} / 1 sec),Rate,0
09/11/2026 06:05:42,System.Runtime,dotnet.monitor.lock_contentions ({contention} / 1 sec),Rate,0
09/11/2026 06:05:42,System.Runtime,dotnet.gc.collections ({collection} / 1 sec)[gc.heap.generation=gen0],Rate,0
09/11/2026 06:05:42,System.Runtime,dotnet.gc.collections ({collection} / 1 sec)[gc.heap.generation=gen2],Rate,0
09/11/2026 06:05:42,System.Runtime,dotnet.gc.collections ({collection} / 1 sec)[gc.heap.generation=gen1],Rate,0
09/11/2026 06:05:42,System.Runtime,dotnet.process.cpu.time (s / 1 sec)[cpu.mode=user],Rate,0.5852139999999935
09/11/2026 06:05:42,System.Runtime,dotnet.process.cpu.time (s / 1 sec)[cpu.mode=system],Rate,0.03637900000000016
09/11/2026 06:05:42,System.Runtime,dotnet.process.cpu.count ({cpu}),Metric,15
09/11/2026 06:05:42,System.Runtime,dotnet.gc.pause.time (s / 1 sec),Rate,0
09/11/2026 06:05:42,System.Runtime,dotnet.thread_pool.queue.length ({work_item} / 1 sec),Rate,0
09/11/2026 06:05:42,System.Runtime,dotnet.gc.last_collection.memory.committed_size (By),Metric,0
09/11/2026 06:05:42,System.Runtime,dotnet.gc.last_collection.heap.fragmentation.size (By)[gc.heap.generation=gen0],Metric,0
09/11/2026 06:05:42,System.Runtime,dotnet.gc.last_collection.heap.fragmentation.size (By)[gc.heap.generation=loh],Metric,0
09/11/2026 06:05:42,System.Runtime,dotnet.gc.last_collection.heap.fragmentation.size (By)[gc.heap.generation=poh],Metric,0
09/11/2026 06:05:42,System.Runtime,dotnet.gc.last_collection.heap.fragmentation.size (By)[gc.heap.generation=gen2],Metric,0
09/11/2026 06:05:42,System.Runtime,dotnet.gc.last_collection.heap.fragmentation.size (By)[gc.heap.generation=gen1],Metric,0
09/11/2026 06:05:42,System.Runtime,dotnet.timer.count ({timer}),Metric,3
09/11/2026 06:05:42,System.Runtime,dotnet.assembly.count ({assembly}),Metric,61
09/11/2026 06:05:42,System.Runtime,dotnet.gc.heap.total_allocated (By / 1 sec),Rate,131200
09/11/2026 06:05:42,System.Runtime,dotnet.gc.last_collection.heap.size (By)[gc.heap.generation=gen0],Metric,0
09/11/2026 06:05:42,System.Runtime,dotnet.gc.last_collection.heap.size (By)[gc.heap.generation=loh],Metric,0
09/11/2026 06:05:42,System.Runtime,dotnet.gc.last_collection.heap.size (By)[gc.heap.generation=poh],Metric,0
09/11/2026 06:05:42,System.Runtime,dotnet.gc.last_collection.heap.size (By)[gc.heap.generation=gen2],Metric,0
09/11/2026 06:05:42,System.Runtime,dotnet.gc.last_collection.heap.size (By)[gc.heap.generation=gen1],Metric,0
09/11/2026 06:05:42,System.Runtime,dotnet.thread_pool.work_item.count ({work_item} / 1 sec),Rate,603
09/11/2026 06:05:42,System.Runtime,dotnet.process.memory.working_set (By),Metric,103038976
09/11/2026 06:05:42,System.Runtime,dotnet.thread_pool.thread.count ({thread} / 1 sec),Rate,0
09/11/2026 06:05:42,System.Runtime,dotnet.jit.compilation.time (s / 1 sec),Rate,0
09/11/2026 06:05:43,System.Runtime,dotnet.jit.compiled_il.size (By / 1 sec),Rate,0
09/11/2026 06:05:43,System.Runtime,dotnet.jit.compiled_methods ({method} / 1 sec),Rate,0
09/11/2026 06:05:43,System.Runtime,dotnet.monitor.lock_contentions ({contention} / 1 sec),Rate,0
09/11/2026 06:05:43,System.Runtime,dotnet.gc.collections ({collection} / 1 sec)[gc.heap.generation=gen0],Rate,0
09/11/2026 06:05:43,System.Runtime,dotnet.gc.collections ({collection} / 1 sec)[gc.heap.generation=gen2],Rate,0
09/11/2026 06:05:43,System.Runtime,dotnet.gc.collections ({collection} / 1 sec)[gc.heap.generation=gen1],Rate,0
09/11/2026 06:05:43,System.Runtime,dotnet.process.cpu.time (s / 1 sec)[cpu.mode=user],Rate,0.5865080000000091
09/11/2026 06:05:43,System.Runtime,dotnet.process.cpu.time (s / 1 sec)[cpu.mode=system],Rate,0.035499999999999865
09/11/2026 06:05:43,System.Runtime,dotnet.process.cpu.count ({cpu}),Metric,15
09/11/2026 06:05:43,System.Runtime,dotnet.gc.pause.time (s / 1 sec),Rate,0
09/11/2026 06:05:43,System.Runtime,dotnet.thread_pool.queue.length ({work_item} / 1 sec),Rate,0
09/11/2026 06:05:43,System.Runtime,dotnet.gc.last_collection.memory.committed_size (By),Metric,0
09/11/2026 06:05:43,System.Runtime,dotnet.gc.last_collection.heap.fragmentation.size (By)[gc.heap.generation=gen0],Metric,0
09/11/2026 06:05:43,System.Runtime,dotnet.gc.last_collection.heap.fragmentation.size (By)[gc.heap.generation=loh],Metric,0
09/11/2026 06:05:43,System.Runtime,dotnet.gc.last_collection.heap.fragmentation.size (By)[gc.heap.generation=poh],Metric,0
09/11/2026 06:05:43,System.Runtime,dotnet.gc.last_collection.heap.fragmentation.size (By)[gc.heap.generation=gen2],Metric,0
09/11/2026 06:05:43,System.Runtime,dotnet.gc.last_collection.heap.fragmentation.size (By)[gc.heap.generation=gen1],Metric,0
09/11/2026 06:05:43,System.Runtime,dotnet.timer.count ({timer}),Metric,2
09/11/2026 06:05:43,System.Runtime,dotnet.assembly.count ({assembly}),Metric,61
09/11/2026 06:05:43,System.Runtime,dotnet.gc.heap.total_allocated (By / 1 sec),Rate,146528
09/11/2026 06:05:43,System.Runtime,dotnet.gc.last_collection.heap.size (By)[gc.heap.generation=gen0],Metric,0
09/11/2026 06:05:43,System.Runtime,dotnet.gc.last_collection.heap.size (By)[gc.heap.generation=loh],Metric,0
09/11/2026 06:05:43,System.Runtime,dotnet.gc.last_collection.heap.size (By)[gc.heap.generation=poh],Metric,0
09/11/2026 06:05:43,System.Runtime,dotnet.gc.last_collection.heap.size (By)[gc.heap.generation=gen2],Metric,0
09/11/2026 06:05:43,System.Runtime,dotnet.gc.last_collection.heap.size (By)[gc.heap.generation=gen1],Metric,0
09/11/2026 06:05:43,System.Runtime,dotnet.thread_pool.work_item.count ({work_item} / 1 sec),Rate,599
09/11/2026 06:05:43,System.Runtime,dotnet.process.memory.working_set (By),Metric,103219200
09/11/2026 06:05:43,System.Runtime,dotnet.thread_pool.thread.count ({thread} / 1 sec),Rate,0
09/11/2026 06:05:43,System.Runtime,dotnet.jit.compilation.time (s / 1 sec),Rate,0
09/11/2026 06:05:44,System.Runtime,dotnet.jit.compiled_il.size (By / 1 sec),Rate,0
09/11/2026 06:05:44,System.Runtime,dotnet.jit.compiled_methods ({method} / 1 sec),Rate,0
09/11/2026 06:05:44,System.Runtime,dotnet.monitor.lock_contentions ({contention} / 1 sec),Rate,0
09/11/2026 06:05:44,System.Runtime,dotnet.gc.collections ({collection} / 1 sec)[gc.heap.generation=gen0],Rate,0
09/11/2026 06:05:44,System.Runtime,dotnet.gc.collections ({collection} / 1 sec)[gc.heap.generation=gen2],Rate,0
09/11/2026 06:05:44,System.Runtime,dotnet.gc.collections ({collection} / 1 sec)[gc.heap.generation=gen1],Rate,0
09/11/2026 06:05:44,System.Runtime,dotnet.process.cpu.time (s / 1 sec)[cpu.mode=user],Rate,0.5874079999999964
09/11/2026 06:05:44,System.Runtime,dotnet.process.cpu.time (s / 1 sec)[cpu.mode=system],Rate,0.03703400000000023
09/11/2026 06:05:44,System.Runtime,dotnet.process.cpu.count ({cpu}),Metric,15
09/11/2026 06:05:44,System.Runtime,dotnet.gc.pause.time (s / 1 sec),Rate,0
09/11/2026 06:05:44,System.Runtime,dotnet.thread_pool.queue.length ({work_item} / 1 sec),Rate,0
09/11/2026 06:05:44,System.Runtime,dotnet.gc.last_collection.memory.committed_size (By),Metric,0
09/11/2026 06:05:44,System.Runtime,dotnet.gc.last_collection.heap.fragmentation.size (By)[gc.heap.generation=gen0],Metric,0
09/11/2026 06:05:44,System.Runtime,dotnet.gc.last_collection.heap.fragmentation.size (By)[gc.heap.generation=loh],Metric,0
09/11/2026 06:05:44,System.Runtime,dotnet.gc.last_collection.heap.fragmentation.size (By)[gc.heap.generation=poh],Metric,0
09/11/2026 06:05:44,System.Runtime,dotnet.gc.last_collection.heap.fragmentation.size (By)[gc.heap.generation=gen2],Metric,0
09/11/2026 06:05:44,System.Runtime,dotnet.gc.last_collection.heap.fragmentation.size (By)[gc.heap.generation=gen1],Metric,0
09/11/2026 06:05:44,System.Runtime,dotnet.timer.count ({timer}),Metric,2
09/11/2026 06:05:44,System.Runtime,dotnet.assembly.count ({assembly}),Metric,61
09/11/2026 06:05:44,System.Runtime,dotnet.gc.heap.total_allocated (By / 1 sec),Rate,121992
09/11/2026 06:05:44,System.Runtime,dotnet.gc.last_collection.heap.size (By)[gc.heap.generation=gen0],Metric,0
09/11/2026 06:05:44,System.Runtime,dotnet.gc.last_collection.heap.size (By)[gc.heap.generation=loh],Metric,0
09/11/2026 06:05:44,System.Runtime,dotnet.gc.last_collection.heap.size (By)[gc.heap.generation=poh],Metric,0
09/11/2026 06:05:44,System.Runtime,dotnet.gc.last_collection.heap.size (By)[gc.heap.generation=gen2],Metric,0
09/11/2026 06:05:44,System.Runtime,dotnet.gc.last_collection.heap.size (By)[gc.heap.generation=gen1],Metric,0
09/11/2026 06:05:44,System.Runtime,dotnet.thread_pool.work_item.count ({work_item} / 1 sec),Rate,602
09/11/2026 06:05:44,System.Runtime,dotnet.process.memory.working_set (By),Metric,103350272
09/11/2026 06:05:44,System.Runtime,dotnet.thread_pool.thread.count ({thread} / 1 sec),Rate,0
09/11/2026 06:05:44,System.Runtime,dotnet.jit.compilation.time (s / 1 sec),Rate,0
09/11/2026 06:05:45,System.Runtime,dotnet.jit.compiled_il.size (By / 1 sec),Rate,0
09/11/2026 06:05:45,System.Runtime,dotnet.jit.compiled_methods ({method} / 1 sec),Rate,0
09/11/2026 06:05:45,System.Runtime,dotnet.monitor.lock_contentions ({contention} / 1 sec),Rate,0
09/11/2026 06:05:45,System.Runtime,dotnet.gc.collections ({collection} / 1 sec)[gc.heap.generation=gen0],Rate,0
09/11/2026 06:05:45,System.Runtime,dotnet.gc.collections ({collection} / 1 sec)[gc.heap.generation=gen2],Rate,0
09/11/2026 06:05:45,System.Runtime,dotnet.gc.collections ({collection} / 1 sec)[gc.heap.generation=gen1],Rate,0
09/11/2026 06:05:45,System.Runtime,dotnet.process.cpu.time (s / 1 sec)[cpu.mode=user],Rate,0.588633999999999
09/11/2026 06:05:45,System.Runtime,dotnet.process.cpu.time (s / 1 sec)[cpu.mode=system],Rate,0.03838200000000036
09/11/2026 06:05:45,System.Runtime,dotnet.process.cpu.count ({cpu}),Metric,15
09/11/2026 06:05:45,System.Runtime,dotnet.gc.pause.time (s / 1 sec),Rate,0
09/11/2026 06:05:45,System.Runtime,dotnet.thread_pool.queue.length ({work_item} / 1 sec),Rate,0
09/11/2026 06:05:45,System.Runtime,dotnet.gc.last_collection.memory.committed_size (By),Metric,0
09/11/2026 06:05:45,System.Runtime,dotnet.gc.last_collection.heap.fragmentation.size (By)[gc.heap.generation=gen0],Metric,0
09/11/2026 06:05:45,System.Runtime,dotnet.gc.last_collection.heap.fragmentation.size (By)[gc.heap.generation=loh],Metric,0
09/11/2026 06:05:45,System.Runtime,dotnet.gc.last_collection.heap.fragmentation.size (By)[gc.heap.generation=poh],Metric,0
09/11/2026 06:05:45,System.Runtime,dotnet.gc.last_collection.heap.fragmentation.size (By)[gc.heap.generation=gen2],Metric,0
09/11/2026 06:05:45,System.Runtime,dotnet.gc.last_collection.heap.fragmentation.size (By)[gc.heap.generation=gen1],Metric,0
09/11/2026 06:05:45,System.Runtime,dotnet.timer.count ({timer}),Metric,3
09/11/2026 06:05:45,System.Runtime,dotnet.assembly.count ({assembly}),Metric,61
09/11/2026 06:05:45,System.Runtime,dotnet.gc.heap.total_allocated (By / 1 sec),Rate,155800
09/11/2026 06:05:45,System.Runtime,dotnet.gc.last_collection.heap.size (By)[gc.heap.generation=gen0],Metric,0
09/11/2026 06:05:45,System.Runtime,dotnet.gc.last_collection.heap.size (By)[gc.heap.generation=loh],Metric,0
09/11/2026 06:05:45,System.Runtime,dotnet.gc.last_collection.heap.size (By)[gc.heap.generation=poh],Metric,0
09/11/2026 06:05:45,System.Runtime,dotnet.gc.last_collection.heap.size (By)[gc.heap.generation=gen2],Metric,0
09/11/2026 06:05:45,System.Runtime,dotnet.gc.last_collection.heap.size (By)[gc.heap.generation=gen1],Metric,0
09/11/2026 06:05:45,System.Runtime,dotnet.thread_pool.work_item.count ({work_item} / 1 sec),Rate,603
09/11/2026 06:05:45,System.Runtime,dotnet.process.memory.working_set (By),Metric,103546880
09/11/2026 06:05:45,System.Runtime,dotnet.thread_pool.thread.count ({thread} / 1 sec),Rate,0
09/11/2026 06:05:45,System.Runtime,dotnet.jit.compilation.time (s / 1 sec),Rate,0
09/11/2026 06:05:46,System.Runtime,dotnet.jit.compiled_il.size (By / 1 sec),Rate,0
09/11/2026 06:05:46,System.Runtime,dotnet.jit.compiled_methods ({method} / 1 sec),Rate,0
09/11/2026 06:05:46,System.Runtime,dotnet.monitor.lock_contentions ({contention} / 1 sec),Rate,0
09/11/2026 06:05:46,System.Runtime,dotnet.gc.collections ({collection} / 1 sec)[gc.heap.generation=gen0],Rate,0
09/11/2026 06:05:46,System.Runtime,dotnet.gc.collections ({collection} / 1 sec)[gc.heap.generation=gen2],Rate,0
09/11/2026 06:05:46,System.Runtime,dotnet.gc.collections ({collection} / 1 sec)[gc.heap.generation=gen1],Rate,0
09/11/2026 06:05:46,System.Runtime,dotnet.process.cpu.time (s / 1 sec)[cpu.mode=user],Rate,0.585363000000001
09/11/2026 06:05:46,System.Runtime,dotnet.process.cpu.time (s / 1 sec)[cpu.mode=system],Rate,0.03601600000000005
09/11/2026 06:05:46,System.Runtime,dotnet.process.cpu.count ({cpu}),Metric,15
09/11/2026 06:05:46,System.Runtime,dotnet.gc.pause.time (s / 1 sec),Rate,0
09/11/2026 06:05:46,System.Runtime,dotnet.thread_pool.queue.length ({work_item} / 1 sec),Rate,0
09/11/2026 06:05:46,System.Runtime,dotnet.gc.last_collection.memory.committed_size (By),Metric,0
09/11/2026 06:05:46,System.Runtime,dotnet.gc.last_collection.heap.fragmentation.size (By)[gc.heap.generation=gen0],Metric,0
09/11/2026 06:05:46,System.Runtime,dotnet.gc.last_collection.heap.fragmentation.size (By)[gc.heap.generation=loh],Metric,0
09/11/2026 06:05:46,System.Runtime,dotnet.gc.last_collection.heap.fragmentation.size (By)[gc.heap.generation=poh],Metric,0
09/11/2026 06:05:46,System.Runtime,dotnet.gc.last_collection.heap.fragmentation.size (By)[gc.heap.generation=gen2],Metric,0
09/11/2026 06:05:46,System.Runtime,dotnet.gc.last_collection.heap.fragmentation.size (By)[gc.heap.generation=gen1],Metric,0
09/11/2026 06:05:46,System.Runtime,dotnet.timer.count ({timer}),Metric,2
09/11/2026 06:05:46,System.Runtime,dotnet.assembly.count ({assembly}),Metric,61
09/11/2026 06:05:46,System.Runtime,dotnet.gc.heap.total_allocated (By / 1 sec),Rate,113776
09/11/2026 06:05:46,System.Runtime,dotnet.gc.last_collection.heap.size (By)[gc.heap.generation=gen0],Metric,0
09/11/2026 06:05:46,System.Runtime,dotnet.gc.last_collection.heap.size (By)[gc.heap.generation=loh],Metric,0
09/11/2026 06:05:46,System.Runtime,dotnet.gc.last_collection.heap.size (By)[gc.heap.generation=poh],Metric,0
09/11/2026 06:05:46,System.Runtime,dotnet.gc.last_collection.heap.size (By)[gc.heap.generation=gen2],Metric,0
09/11/2026 06:05:46,System.Runtime,dotnet.gc.last_collection.heap.size (By)[gc.heap.generation=gen1],Metric,0
09/11/2026 06:05:46,System.Runtime,dotnet.thread_pool.work_item.count ({work_item} / 1 sec),Rate,599
09/11/2026 06:05:46,System.Runtime,dotnet.process.memory.working_set (By),Metric,103677952
09/11/2026 06:05:46,System.Runtime,dotnet.thread_pool.thread.count ({thread} / 1 sec),Rate,0
09/11/2026 06:05:46,System.Runtime,dotnet.jit.compilation.time (s / 1 sec),Rate,0
09/11/2026 06:05:47,System.Runtime,dotnet.jit.compiled_il.size (By / 1 sec),Rate,0
09/11/2026 06:05:47,System.Runtime,dotnet.jit.compiled_methods ({method} / 1 sec),Rate,0
09/11/2026 06:05:47,System.Runtime,dotnet.monitor.lock_contentions ({contention} / 1 sec),Rate,0
09/11/2026 06:05:47,System.Runtime,dotnet.gc.collections ({collection} / 1 sec)[gc.heap.generation=gen0],Rate,0
09/11/2026 06:05:47,System.Runtime,dotnet.gc.collections ({collection} / 1 sec)[gc.heap.generation=gen2],Rate,0
09/11/2026 06:05:47,System.Runtime,dotnet.gc.collections ({collection} / 1 sec)[gc.heap.generation=gen1],Rate,0
09/11/2026 06:05:47,System.Runtime,dotnet.process.cpu.time (s / 1 sec)[cpu.mode=user],Rate,0.5866680000000031
09/11/2026 06:05:47,System.Runtime,dotnet.process.cpu.time (s / 1 sec)[cpu.mode=system],Rate,0.03558199999999978
09/11/2026 06:05:47,System.Runtime,dotnet.process.cpu.count ({cpu}),Metric,15
09/11/2026 06:05:47,System.Runtime,dotnet.gc.pause.time (s / 1 sec),Rate,0
09/11/2026 06:05:47,System.Runtime,dotnet.thread_pool.queue.length ({work_item} / 1 sec),Rate,0
09/11/2026 06:05:47,System.Runtime,dotnet.gc.last_collection.memory.committed_size (By),Metric,0
09/11/2026 06:05:47,System.Runtime,dotnet.gc.last_collection.heap.fragmentation.size (By)[gc.heap.generation=gen0],Metric,0
09/11/2026 06:05:47,System.Runtime,dotnet.gc.last_collection.heap.fragmentation.size (By)[gc.heap.generation=loh],Metric,0
09/11/2026 06:05:47,System.Runtime,dotnet.gc.last_collection.heap.fragmentation.size (By)[gc.heap.generation=poh],Metric,0
09/11/2026 06:05:47,System.Runtime,dotnet.gc.last_collection.heap.fragmentation.size (By)[gc.heap.generation=gen2],Metric,0
09/11/2026 06:05:47,System.Runtime,dotnet.gc.last_collection.heap.fragmentation.size (By)[gc.heap.generation=gen1],Metric,0
09/11/2026 06:05:47,System.Runtime,dotnet.timer.count ({timer}),Metric,2
09/11/2026 06:05:47,System.Runtime,dotnet.assembly.count ({assembly}),Metric,61
09/11/2026 06:05:47,System.Runtime,dotnet.gc.heap.total_allocated (By / 1 sec),Rate,154712
09/11/2026 06:05:47,System.Runtime,dotnet.gc.last_collection.heap.size (By)[gc.heap.generation=gen0],Metric,0
09/11/2026 06:05:47,System.Runtime,dotnet.gc.last_collection.heap.size (By)[gc.heap.generation=loh],Metric,0
09/11/2026 06:05:47,System.Runtime,dotnet.gc.last_collection.heap.size (By)[gc.heap.generation=poh],Metric,0
09/11/2026 06:05:47,System.Runtime,dotnet.gc.last_collection.heap.size (By)[gc.heap.generation=gen2],Metric,0
09/11/2026 06:05:47,System.Runtime,dotnet.gc.last_collection.heap.size (By)[gc.heap.generation=gen1],Metric,0
09/11/2026 06:05:47,System.Runtime,dotnet.thread_pool.work_item.count ({work_item} / 1 sec),Rate,601
09/11/2026 06:05:47,System.Runtime,dotnet.process.memory.working_set (By),Metric,103825408
09/11/2026 06:05:47,System.Runtime,dotnet.thread_pool.thread.count ({thread} / 1 sec),Rate,0
09/11/2026 06:05:47,System.Runtime,dotnet.jit.compilation.time (s / 1 sec),Rate,0
09/11/2026 06:05:48,System.Runtime,dotnet.jit.compiled_il.size (By / 1 sec),Rate,0
09/11/2026 06:05:48,System.Runtime,dotnet.jit.compiled_methods ({method} / 1 sec),Rate,0
09/11/2026 06:05:48,System.Runtime,dotnet.monitor.lock_contentions ({contention} / 1 sec),Rate,0
09/11/2026 06:05:48,System.Runtime,dotnet.gc.collections ({collection} / 1 sec)[gc.heap.generation=gen0],Rate,0
09/11/2026 06:05:48,System.Runtime,dotnet.gc.collections ({collection} / 1 sec)[gc.heap.generation=gen2],Rate,0
09/11/2026 06:05:48,System.Runtime,dotnet.gc.collections ({collection} / 1 sec)[gc.heap.generation=gen1],Rate,0
09/11/2026 06:05:48,System.Runtime,dotnet.process.cpu.time (s / 1 sec)[cpu.mode=user],Rate,0.5842829999999992
09/11/2026 06:05:48,System.Runtime,dotnet.process.cpu.time (s / 1 sec)[cpu.mode=system],Rate,0.03633299999999995
09/11/2026 06:05:48,System.Runtime,dotnet.process.cpu.count ({cpu}),Metric,15
09/11/2026 06:05:48,System.Runtime,dotnet.gc.pause.time (s / 1 sec),Rate,0
09/11/2026 06:05:48,System.Runtime,dotnet.thread_pool.queue.length ({work_item} / 1 sec),Rate,0
09/11/2026 06:05:48,System.Runtime,dotnet.gc.last_collection.memory.committed_size (By),Metric,0
09/11/2026 06:05:48,System.Runtime,dotnet.gc.last_collection.heap.fragmentation.size (By)[gc.heap.generation=gen0],Metric,0
09/11/2026 06:05:48,System.Runtime,dotnet.gc.last_collection.heap.fragmentation.size (By)[gc.heap.generation=loh],Metric,0
09/11/2026 06:05:48,System.Runtime,dotnet.gc.last_collection.heap.fragmentation.size (By)[gc.heap.generation=poh],Metric,0
09/11/2026 06:05:48,System.Runtime,dotnet.gc.last_collection.heap.fragmentation.size (By)[gc.heap.generation=gen2],Metric,0
09/11/2026 06:05:48,System.Runtime,dotnet.gc.last_collection.heap.fragmentation.size (By)[gc.heap.generation=gen1],Metric,0
09/11/2026 06:05:48,System.Runtime,dotnet.timer.count ({timer}),Metric,2
09/11/2026 06:05:48,System.Runtime,dotnet.assembly.count ({assembly}),Metric,61
09/11/2026 06:05:48,System.Runtime,dotnet.gc.heap.total_allocated (By / 1 sec),Rate,130176
09/11/2026 06:05:48,System.Runtime,dotnet.gc.last_collection.heap.size (By)[gc.heap.generation=gen0],Metric,0
09/11/2026 06:05:48,System.Runtime,dotnet.gc.last_collection.heap.size (By)[gc.heap.generation=loh],Metric,0
09/11/2026 06:05:48,System.Runtime,dotnet.gc.last_collection.heap.size (By)[gc.heap.generation=poh],Metric,0
09/11/2026 06:05:48,System.Runtime,dotnet.gc.last_collection.heap.size (By)[gc.heap.generation=gen2],Metric,0
09/11/2026 06:05:48,System.Runtime,dotnet.gc.last_collection.heap.size (By)[gc.heap.generation=gen1],Metric,0
09/11/2026 06:05:48,System.Runtime,dotnet.thread_pool.work_item.count ({work_item} / 1 sec),Rate,601
09/11/2026 06:05:48,System.Runtime,dotnet.process.memory.working_set (By),Metric,103989248
09/11/2026 06:05:48,System.Runtime,dotnet.thread_pool.thread.count ({thread} / 1 sec),Rate,0
09/11/2026 06:05:48,System.Runtime,dotnet.jit.compilation.time (s / 1 sec),Rate,0
09/11/2026 06:05:49,System.Runtime,dotnet.jit.compiled_il.size (By / 1 sec),Rate,0
09/11/2026 06:05:49,System.Runtime,dotnet.jit.compiled_methods ({method} / 1 sec),Rate,0
09/11/2026 06:05:49,System.Runtime,dotnet.monitor.lock_contentions ({contention} / 1 sec),Rate,0
09/11/2026 06:05:49,System.Runtime,dotnet.gc.collections ({collection} / 1 sec)[gc.heap.generation=gen0],Rate,0
09/11/2026 06:05:49,System.Runtime,dotnet.gc.collections ({collection} / 1 sec)[gc.heap.generation=gen2],Rate,0
09/11/2026 06:05:49,System.Runtime,dotnet.gc.collections ({collection} / 1 sec)[gc.heap.generation=gen1],Rate,0
09/11/2026 06:05:49,System.Runtime,dotnet.process.cpu.time (s / 1 sec)[cpu.mode=user],Rate,0.586480999999992
09/11/2026 06:05:49,System.Runtime,dotnet.process.cpu.time (s / 1 sec)[cpu.mode=system],Rate,0.03786299999999976
09/11/2026 06:05:49,System.Runtime,dotnet.process.cpu.count ({cpu}),Metric,15
09/11/2026 06:05:49,System.Runtime,dotnet.gc.pause.time (s / 1 sec),Rate,0
09/11/2026 06:05:49,System.Runtime,dotnet.thread_pool.queue.length ({work_item} / 1 sec),Rate,0
09/11/2026 06:05:49,System.Runtime,dotnet.gc.last_collection.memory.committed_size (By),Metric,0
09/11/2026 06:05:49,System.Runtime,dotnet.gc.last_collection.heap.fragmentation.size (By)[gc.heap.generation=gen0],Metric,0
09/11/2026 06:05:49,System.Runtime,dotnet.gc.last_collection.heap.fragmentation.size (By)[gc.heap.generation=loh],Metric,0
09/11/2026 06:05:49,System.Runtime,dotnet.gc.last_collection.heap.fragmentation.size (By)[gc.heap.generation=poh],Metric,0
09/11/2026 06:05:49,System.Runtime,dotnet.gc.last_collection.heap.fragmentation.size (By)[gc.heap.generation=gen2],Metric,0
09/11/2026 06:05:49,System.Runtime,dotnet.gc.last_collection.heap.fragmentation.size (By)[gc.heap.generation=gen1],Metric,0
09/11/2026 06:05:49,System.Runtime,dotnet.timer.count ({timer}),Metric,2
09/11/2026 06:05:49,System.Runtime,dotnet.assembly.count ({assembly}),Metric,61
09/11/2026 06:05:49,System.Runtime,dotnet.gc.heap.total_allocated (By / 1 sec),Rate,147616
09/11/2026 06:05:49,System.Runtime,dotnet.gc.last_collection.heap.size (By)[gc.heap.generation=gen0],Metric,0
09/11/2026 06:05:49,System.Runtime,dotnet.gc.last_collection.heap.size (By)[gc.heap.generation=loh],Metric,0
09/11/2026 06:05:49,System.Runtime,dotnet.gc.last_collection.heap.size (By)[gc.heap.generation=poh],Metric,0
09/11/2026 06:05:49,System.Runtime,dotnet.gc.last_collection.heap.size (By)[gc.heap.generation=gen2],Metric,0
09/11/2026 06:05:49,System.Runtime,dotnet.gc.last_collection.heap.size (By)[gc.heap.generation=gen1],Metric,0
09/11/2026 06:05:49,System.Runtime,dotnet.thread_pool.work_item.count ({work_item} / 1 sec),Rate,602
09/11/2026 06:05:49,System.Runtime,dotnet.process.memory.working_set (By),Metric,104153088
09/11/2026 06:05:49,System.Runtime,dotnet.thread_pool.thread.count ({thread} / 1 sec),Rate,0
09/11/2026 06:05:49,System.Runtime,dotnet.jit.compilation.time (s / 1 sec),Rate,0
09/11/2026 06:05:50,System.Runtime,dotnet.jit.compiled_il.size (By / 1 sec),Rate,0
09/11/2026 06:05:50,System.Runtime,dotnet.jit.compiled_methods ({method} / 1 sec),Rate,0
09/11/2026 06:05:50,System.Runtime,dotnet.monitor.lock_contentions ({contention} / 1 sec),Rate,0
09/11/2026 06:05:50,System.Runtime,dotnet.gc.collections ({collection} / 1 sec)[gc.heap.generation=gen0],Rate,0
09/11/2026 06:05:50,System.Runtime,dotnet.gc.collections ({collection} / 1 sec)[gc.heap.generation=gen2],Rate,0
09/11/2026 06:05:50,System.Runtime,dotnet.gc.collections ({collection} / 1 sec)[gc.heap.generation=gen1],Rate,0
09/11/2026 06:05:50,System.Runtime,dotnet.process.cpu.time (s / 1 sec)[cpu.mode=user],Rate,0.5881320000000017
09/11/2026 06:05:50,System.Runtime,dotnet.process.cpu.time (s / 1 sec)[cpu.mode=system],Rate,0.038110999999999784
09/11/2026 06:05:50,System.Runtime,dotnet.process.cpu.count ({cpu}),Metric,15
09/11/2026 06:05:50,System.Runtime,dotnet.gc.pause.time (s / 1 sec),Rate,0
09/11/2026 06:05:50,System.Runtime,dotnet.thread_pool.queue.length ({work_item} / 1 sec),Rate,0
09/11/2026 06:05:50,System.Runtime,dotnet.gc.last_collection.memory.committed_size (By),Metric,0
09/11/2026 06:05:50,System.Runtime,dotnet.gc.last_collection.heap.fragmentation.size (By)[gc.heap.generation=gen0],Metric,0
09/11/2026 06:05:50,System.Runtime,dotnet.gc.last_collection.heap.fragmentation.size (By)[gc.heap.generation=loh],Metric,0
09/11/2026 06:05:50,System.Runtime,dotnet.gc.last_collection.heap.fragmentation.size (By)[gc.heap.generation=poh],Metric,0
09/11/2026 06:05:50,System.Runtime,dotnet.gc.last_collection.heap.fragmentation.size (By)[gc.heap.generation=gen2],Metric,0
09/11/2026 06:05:50,System.Runtime,dotnet.gc.last_collection.heap.fragmentation.size (By)[gc.heap.generation=gen1],Metric,0
09/11/2026 06:05:50,System.Runtime,dotnet.timer.count ({timer}),Metric,2
09/11/2026 06:05:50,System.Runtime,dotnet.assembly.count ({assembly}),Metric,61
09/11/2026 06:05:50,System.Runtime,dotnet.gc.heap.total_allocated (By / 1 sec),Rate,131104
09/11/2026 06:05:50,System.Runtime,dotnet.gc.last_collection.heap.size (By)[gc.heap.generation=gen0],Metric,0
09/11/2026 06:05:50,System.Runtime,dotnet.gc.last_collection.heap.size (By)[gc.heap.generation=loh],Metric,0
09/11/2026 06:05:50,System.Runtime,dotnet.gc.last_collection.heap.size (By)[gc.heap.generation=poh],Metric,0
09/11/2026 06:05:50,System.Runtime,dotnet.gc.last_collection.heap.size (By)[gc.heap.generation=gen2],Metric,0
09/11/2026 06:05:50,System.Runtime,dotnet.gc.last_collection.heap.size (By)[gc.heap.generation=gen1],Metric,0
09/11/2026 06:05:50,System.Runtime,dotnet.thread_pool.work_item.count ({work_item} / 1 sec),Rate,601
09/11/2026 06:05:50,System.Runtime,dotnet.process.memory.working_set (By),Metric,104300544
09/11/2026 06:05:50,System.Runtime,dotnet.thread_pool.thread.count ({thread} / 1 sec),Rate,0
09/11/2026 06:05:50,System.Runtime,dotnet.jit.compilation.time (s / 1 sec),Rate,0
09/11/2026 06:05:51,System.Runtime,dotnet.jit.compiled_il.size (By / 1 sec),Rate,0
09/11/2026 06:05:51,System.Runtime,dotnet.jit.compiled_methods ({method} / 1 sec),Rate,0
09/11/2026 06:05:51,System.Runtime,dotnet.monitor.lock_contentions ({contention} / 1 sec),Rate,0
09/11/2026 06:05:51,System.Runtime,dotnet.gc.collections ({collection} / 1 sec)[gc.heap.generation=gen0],Rate,0
09/11/2026 06:05:51,System.Runtime,dotnet.gc.collections ({collection} / 1 sec)[gc.heap.generation=gen2],Rate,0
09/11/2026 06:05:51,System.Runtime,dotnet.gc.collections ({collection} / 1 sec)[gc.heap.generation=gen1],Rate,0
09/11/2026 06:05:51,System.Runtime,dotnet.process.cpu.time (s / 1 sec)[cpu.mode=user],Rate,0.5861380000000054
09/11/2026 06:05:51,System.Runtime,dotnet.process.cpu.time (s / 1 sec)[cpu.mode=system],Rate,0.035839000000000176
09/11/2026 06:05:51,System.Runtime,dotnet.process.cpu.count ({cpu}),Metric,15
09/11/2026 06:05:51,System.Runtime,dotnet.gc.pause.time (s / 1 sec),Rate,0
09/11/2026 06:05:51,System.Runtime,dotnet.thread_pool.queue.length ({work_item} / 1 sec),Rate,0
09/11/2026 06:05:51,System.Runtime,dotnet.gc.last_collection.memory.committed_size (By),Metric,0
09/11/2026 06:05:51,System.Runtime,dotnet.gc.last_collection.heap.fragmentation.size (By)[gc.heap.generation=gen0],Metric,0
09/11/2026 06:05:51,System.Runtime,dotnet.gc.last_collection.heap.fragmentation.size (By)[gc.heap.generation=loh],Metric,0
09/11/2026 06:05:51,System.Runtime,dotnet.gc.last_collection.heap.fragmentation.size (By)[gc.heap.generation=poh],Metric,0
09/11/2026 06:05:51,System.Runtime,dotnet.gc.last_collection.heap.fragmentation.size (By)[gc.heap.generation=gen2],Metric,0
09/11/2026 06:05:51,System.Runtime,dotnet.gc.last_collection.heap.fragmentation.size (By)[gc.heap.generation=gen1],Metric,0
09/11/2026 06:05:51,System.Runtime,dotnet.timer.count ({timer}),Metric,2
09/11/2026 06:05:51,System.Runtime,dotnet.assembly.count ({assembly}),Metric,61
09/11/2026 06:05:51,System.Runtime,dotnet.gc.heap.total_allocated (By / 1 sec),Rate,138376
09/11/2026 06:05:51,System.Runtime,dotnet.gc.last_collection.heap.size (By)[gc.heap.generation=gen0],Metric,0
09/11/2026 06:05:51,System.Runtime,dotnet.gc.last_collection.heap.size (By)[gc.heap.generation=loh],Metric,0
09/11/2026 06:05:51,System.Runtime,dotnet.gc.last_collection.heap.size (By)[gc.heap.generation=poh],Metric,0
09/11/2026 06:05:51,System.Runtime,dotnet.gc.last_collection.heap.size (By)[gc.heap.generation=gen2],Metric,0
09/11/2026 06:05:51,System.Runtime,dotnet.gc.last_collection.heap.size (By)[gc.heap.generation=gen1],Metric,0
09/11/2026 06:05:51,System.Runtime,dotnet.thread_pool.work_item.count ({work_item} / 1 sec),Rate,601
09/11/2026 06:05:51,System.Runtime,dotnet.process.memory.working_set (By),Metric,104464384
09/11/2026 06:05:51,System.Runtime,dotnet.thread_pool.thread.count ({thread} / 1 sec),Rate,0
09/11/2026 06:05:51,System.Runtime,dotnet.jit.compilation.time (s / 1 sec),Rate,0
09/11/2026 06:05:52,System.Runtime,dotnet.jit.compiled_il.size (By / 1 sec),Rate,0
09/11/2026 06:05:52,System.Runtime,dotnet.jit.compiled_methods ({method} / 1 sec),Rate,0
09/11/2026 06:05:52,System.Runtime,dotnet.monitor.lock_contentions ({contention} / 1 sec),Rate,0
09/11/2026 06:05:52,System.Runtime,dotnet.gc.collections ({collection} / 1 sec)[gc.heap.generation=gen0],Rate,0
09/11/2026 06:05:52,System.Runtime,dotnet.gc.collections ({collection} / 1 sec)[gc.heap.generation=gen2],Rate,0
09/11/2026 06:05:52,System.Runtime,dotnet.gc.collections ({collection} / 1 sec)[gc.heap.generation=gen1],Rate,0
09/11/2026 06:05:52,System.Runtime,dotnet.process.cpu.time (s / 1 sec)[cpu.mode=user],Rate,0.587176999999997
09/11/2026 06:05:52,System.Runtime,dotnet.process.cpu.time (s / 1 sec)[cpu.mode=system],Rate,0.037970999999999755
09/11/2026 06:05:52,System.Runtime,dotnet.process.cpu.count ({cpu}),Metric,15
09/11/2026 06:05:52,System.Runtime,dotnet.gc.pause.time (s / 1 sec),Rate,0
09/11/2026 06:05:52,System.Runtime,dotnet.thread_pool.queue.length ({work_item} / 1 sec),Rate,0
09/11/2026 06:05:52,System.Runtime,dotnet.gc.last_collection.memory.committed_size (By),Metric,0
09/11/2026 06:05:52,System.Runtime,dotnet.gc.last_collection.heap.fragmentation.size (By)[gc.heap.generation=gen0],Metric,0
09/11/2026 06:05:52,System.Runtime,dotnet.gc.last_collection.heap.fragmentation.size (By)[gc.heap.generation=loh],Metric,0
09/11/2026 06:05:52,System.Runtime,dotnet.gc.last_collection.heap.fragmentation.size (By)[gc.heap.generation=poh],Metric,0
09/11/2026 06:05:52,System.Runtime,dotnet.gc.last_collection.heap.fragmentation.size (By)[gc.heap.generation=gen2],Metric,0
09/11/2026 06:05:52,System.Runtime,dotnet.gc.last_collection.heap.fragmentation.size (By)[gc.heap.generation=gen1],Metric,0
09/11/2026 06:05:52,System.Runtime,dotnet.timer.count ({timer}),Metric,2
09/11/2026 06:05:52,System.Runtime,dotnet.assembly.count ({assembly}),Metric,61
09/11/2026 06:05:52,System.Runtime,dotnet.gc.heap.total_allocated (By / 1 sec),Rate,131176
09/11/2026 06:05:52,System.Runtime,dotnet.gc.last_collection.heap.size (By)[gc.heap.generation=gen0],Metric,0
09/11/2026 06:05:52,System.Runtime,dotnet.gc.last_collection.heap.size (By)[gc.heap.generation=loh],Metric,0
09/11/2026 06:05:52,System.Runtime,dotnet.gc.last_collection.heap.size (By)[gc.heap.generation=poh],Metric,0
09/11/2026 06:05:52,System.Runtime,dotnet.gc.last_collection.heap.size (By)[gc.heap.generation=gen2],Metric,0
09/11/2026 06:05:52,System.Runtime,dotnet.gc.last_collection.heap.size (By)[gc.heap.generation=gen1],Metric,0
09/11/2026 06:05:52,System.Runtime,dotnet.thread_pool.work_item.count ({work_item} / 1 sec),Rate,601
09/11/2026 06:05:52,System.Runtime,dotnet.process.memory.working_set (By),Metric,104595456
09/11/2026 06:05:52,System.Runtime,dotnet.thread_pool.thread.count ({thread} / 1 sec),Rate,0
09/11/2026 06:05:52,System.Runtime,dotnet.jit.compilation.time (s / 1 sec),Rate,0
09/11/2026 06:05:53,System.Runtime,dotnet.jit.compiled_il.size (By / 1 sec),Rate,0
09/11/2026 06:05:53,System.Runtime,dotnet.jit.compiled_methods ({method} / 1 sec),Rate,0
09/11/2026 06:05:53,System.Runtime,dotnet.monitor.lock_contentions ({contention} / 1 sec),Rate,0
09/11/2026 06:05:53,System.Runtime,dotnet.gc.collections ({collection} / 1 sec)[gc.heap.generation=gen0],Rate,0
09/11/2026 06:05:53,System.Runtime,dotnet.gc.collections ({collection} / 1 sec)[gc.heap.generation=gen2],Rate,0
09/11/2026 06:05:53,System.Runtime,dotnet.gc.collections ({collection} / 1 sec)[gc.heap.generation=gen1],Rate,0
09/11/2026 06:05:53,System.Runtime,dotnet.process.cpu.time (s / 1 sec)[cpu.mode=user],Rate,0.5890729999999991
09/11/2026 06:05:53,System.Runtime,dotnet.process.cpu.time (s / 1 sec)[cpu.mode=system],Rate,0.03807400000000083
09/11/2026 06:05:53,System.Runtime,dotnet.process.cpu.count ({cpu}),Metric,15
09/11/2026 06:05:53,System.Runtime,dotnet.gc.pause.time (s / 1 sec),Rate,0
09/11/2026 06:05:53,System.Runtime,dotnet.thread_pool.queue.length ({work_item} / 1 sec),Rate,0
09/11/2026 06:05:53,System.Runtime,dotnet.gc.last_collection.memory.committed_size (By),Metric,0
09/11/2026 06:05:53,System.Runtime,dotnet.gc.last_collection.heap.fragmentation.size (By)[gc.heap.generation=gen0],Metric,0
09/11/2026 06:05:53,System.Runtime,dotnet.gc.last_collection.heap.fragmentation.size (By)[gc.heap.generation=loh],Metric,0
09/11/2026 06:05:53,System.Runtime,dotnet.gc.last_collection.heap.fragmentation.size (By)[gc.heap.generation=poh],Metric,0
09/11/2026 06:05:53,System.Runtime,dotnet.gc.last_collection.heap.fragmentation.size (By)[gc.heap.generation=gen2],Metric,0
09/11/2026 06:05:53,System.Runtime,dotnet.gc.last_collection.heap.fragmentation.size (By)[gc.heap.generation=gen1],Metric,0
09/11/2026 06:05:53,System.Runtime,dotnet.timer.count ({timer}),Metric,2
09/11/2026 06:05:53,System.Runtime,dotnet.assembly.count ({assembly}),Metric,61
09/11/2026 06:05:53,System.Runtime,dotnet.gc.heap.total_allocated (By / 1 sec),Rate,138368
09/11/2026 06:05:53,System.Runtime,dotnet.gc.last_collection.heap.size (By)[gc.heap.generation=gen0],Metric,0
09/11/2026 06:05:53,System.Runtime,dotnet.gc.last_collection.heap.size (By)[gc.heap.generation=loh],Metric,0
09/11/2026 06:05:53,System.Runtime,dotnet.gc.last_collection.heap.size (By)[gc.heap.generation=poh],Metric,0
09/11/2026 06:05:53,System.Runtime,dotnet.gc.last_collection.heap.size (By)[gc.heap.generation=gen2],Metric,0
09/11/2026 06:05:53,System.Runtime,dotnet.gc.last_collection.heap.size (By)[gc.heap.generation=gen1],Metric,0
09/11/2026 06:05:53,System.Runtime,dotnet.thread_pool.work_item.count ({work_item} / 1 sec),Rate,601
09/11/2026 06:05:53,System.Runtime,dotnet.process.memory.working_set (By),Metric,104759296
09/11/2026 06:05:53,System.Runtime,dotnet.thread_pool.thread.count ({thread} / 1 sec),Rate,0
09/11/2026 06:05:53,System.Runtime,dotnet.jit.compilation.time (s / 1 sec),Rate,0
09/11/2026 06:05:54,System.Runtime,dotnet.jit.compiled_il.size (By / 1 sec),Rate,0
09/11/2026 06:05:54,System.Runtime,dotnet.jit.compiled_methods ({method} / 1 sec),Rate,0
09/11/2026 06:05:54,System.Runtime,dotnet.monitor.lock_contentions ({contention} / 1 sec),Rate,0
09/11/2026 06:05:54,System.Runtime,dotnet.gc.collections ({collection} / 1 sec)[gc.heap.generation=gen0],Rate,0
09/11/2026 06:05:54,System.Runtime,dotnet.gc.collections ({collection} / 1 sec)[gc.heap.generation=gen2],Rate,0
09/11/2026 06:05:54,System.Runtime,dotnet.gc.collections ({collection} / 1 sec)[gc.heap.generation=gen1],Rate,0
09/11/2026 06:05:54,System.Runtime,dotnet.process.cpu.time (s / 1 sec)[cpu.mode=user],Rate,0.5877820000000042
09/11/2026 06:05:54,System.Runtime,dotnet.process.cpu.time (s / 1 sec)[cpu.mode=system],Rate,0.03723799999999944
09/11/2026 06:05:54,System.Runtime,dotnet.process.cpu.count ({cpu}),Metric,15
09/11/2026 06:05:54,System.Runtime,dotnet.gc.pause.time (s / 1 sec),Rate,0
09/11/2026 06:05:54,System.Runtime,dotnet.thread_pool.queue.length ({work_item} / 1 sec),Rate,0
09/11/2026 06:05:54,System.Runtime,dotnet.gc.last_collection.memory.committed_size (By),Metric,0
09/11/2026 06:05:54,System.Runtime,dotnet.gc.last_collection.heap.fragmentation.size (By)[gc.heap.generation=gen0],Metric,0
09/11/2026 06:05:54,System.Runtime,dotnet.gc.last_collection.heap.fragmentation.size (By)[gc.heap.generation=loh],Metric,0
09/11/2026 06:05:54,System.Runtime,dotnet.gc.last_collection.heap.fragmentation.size (By)[gc.heap.generation=poh],Metric,0
09/11/2026 06:05:54,System.Runtime,dotnet.gc.last_collection.heap.fragmentation.size (By)[gc.heap.generation=gen2],Metric,0
09/11/2026 06:05:54,System.Runtime,dotnet.gc.last_collection.heap.fragmentation.size (By)[gc.heap.generation=gen1],Metric,0
09/11/2026 06:05:54,System.Runtime,dotnet.timer.count ({timer}),Metric,2
09/11/2026 06:05:54,System.Runtime,dotnet.assembly.count ({assembly}),Metric,61
09/11/2026 06:05:54,System.Runtime,dotnet.gc.heap.total_allocated (By / 1 sec),Rate,139416
09/11/2026 06:05:54,System.Runtime,dotnet.gc.last_collection.heap.size (By)[gc.heap.generation=gen0],Metric,0
09/11/2026 06:05:54,System.Runtime,dotnet.gc.last_collection.heap.size (By)[gc.heap.generation=loh],Metric,0
09/11/2026 06:05:54,System.Runtime,dotnet.gc.last_collection.heap.size (By)[gc.heap.generation=poh],Metric,0
09/11/2026 06:05:54,System.Runtime,dotnet.gc.last_collection.heap.size (By)[gc.heap.generation=gen2],Metric,0
09/11/2026 06:05:54,System.Runtime,dotnet.gc.last_collection.heap.size (By)[gc.heap.generation=gen1],Metric,0
09/11/2026 06:05:54,System.Runtime,dotnet.thread_pool.work_item.count ({work_item} / 1 sec),Rate,602
09/11/2026 06:05:54,System.Runtime,dotnet.process.memory.working_set (By),Metric,104923136
09/11/2026 06:05:54,System.Runtime,dotnet.thread_pool.thread.count ({thread} / 1 sec),Rate,0
09/11/2026 06:05:54,System.Runtime,dotnet.jit.compilation.time (s / 1 sec),Rate,0
09/11/2026 06:05:55,System.Runtime,dotnet.jit.compiled_il.size (By / 1 sec),Rate,0
09/11/2026 06:05:55,System.Runtime,dotnet.jit.compiled_methods ({method} / 1 sec),Rate,0
09/11/2026 06:05:55,System.Runtime,dotnet.monitor.lock_contentions ({contention} / 1 sec),Rate,0
09/11/2026 06:05:55,System.Runtime,dotnet.gc.collections ({collection} / 1 sec)[gc.heap.generation=gen0],Rate,0
09/11/2026 06:05:55,System.Runtime,dotnet.gc.collections ({collection} / 1 sec)[gc.heap.generation=gen2],Rate,0
09/11/2026 06:05:55,System.Runtime,dotnet.gc.collections ({collection} / 1 sec)[gc.heap.generation=gen1],Rate,0
09/11/2026 06:05:55,System.Runtime,dotnet.process.cpu.time (s / 1 sec)[cpu.mode=user],Rate,0.5837910000000051
09/11/2026 06:05:55,System.Runtime,dotnet.process.cpu.time (s / 1 sec)[cpu.mode=system],Rate,0.03371499999999994
09/11/2026 06:05:55,System.Runtime,dotnet.process.cpu.count ({cpu}),Metric,15
09/11/2026 06:05:55,System.Runtime,dotnet.gc.pause.time (s / 1 sec),Rate,0
09/11/2026 06:05:55,System.Runtime,dotnet.thread_pool.queue.length ({work_item} / 1 sec),Rate,0
09/11/2026 06:05:55,System.Runtime,dotnet.gc.last_collection.memory.committed_size (By),Metric,0
09/11/2026 06:05:55,System.Runtime,dotnet.gc.last_collection.heap.fragmentation.size (By)[gc.heap.generation=gen0],Metric,0
09/11/2026 06:05:55,System.Runtime,dotnet.gc.last_collection.heap.fragmentation.size (By)[gc.heap.generation=loh],Metric,0
09/11/2026 06:05:55,System.Runtime,dotnet.gc.last_collection.heap.fragmentation.size (By)[gc.heap.generation=poh],Metric,0
09/11/2026 06:05:55,System.Runtime,dotnet.gc.last_collection.heap.fragmentation.size (By)[gc.heap.generation=gen2],Metric,0
09/11/2026 06:05:55,System.Runtime,dotnet.gc.last_collection.heap.fragmentation.size (By)[gc.heap.generation=gen1],Metric,0
09/11/2026 06:05:55,System.Runtime,dotnet.timer.count ({timer}),Metric,2
09/11/2026 06:05:55,System.Runtime,dotnet.assembly.count ({assembly}),Metric,61
09/11/2026 06:05:55,System.Runtime,dotnet.gc.heap.total_allocated (By / 1 sec),Rate,138376
09/11/2026 06:05:55,System.Runtime,dotnet.gc.last_collection.heap.size (By)[gc.heap.generation=gen0],Metric,0
09/11/2026 06:05:55,System.Runtime,dotnet.gc.last_collection.heap.size (By)[gc.heap.generation=loh],Metric,0
09/11/2026 06:05:55,System.Runtime,dotnet.gc.last_collection.heap.size (By)[gc.heap.generation=poh],Metric,0
09/11/2026 06:05:55,System.Runtime,dotnet.gc.last_collection.heap.size (By)[gc.heap.generation=gen2],Metric,0
09/11/2026 06:05:55,System.Runtime,dotnet.gc.last_collection.heap.size (By)[gc.heap.generation=gen1],Metric,0
09/11/2026 06:05:55,System.Runtime,dotnet.thread_pool.work_item.count ({work_item} / 1 sec),Rate,601
09/11/2026 06:05:55,System.Runtime,dotnet.process.memory.working_set (By),Metric,105070592
09/11/2026 06:05:55,System.Runtime,dotnet.thread_pool.thread.count ({thread} / 1 sec),Rate,0
09/11/2026 06:05:55,System.Runtime,dotnet.jit.compilation.time (s / 1 sec),Rate,0
09/11/2026 06:05:56,System.Runtime,dotnet.jit.compiled_il.size (By / 1 sec),Rate,0
09/11/2026 06:05:56,System.Runtime,dotnet.jit.compiled_methods ({method} / 1 sec),Rate,0
09/11/2026 06:05:56,System.Runtime,dotnet.monitor.lock_contentions ({contention} / 1 sec),Rate,0
09/11/2026 06:05:56,System.Runtime,dotnet.gc.collections ({collection} / 1 sec)[gc.heap.generation=gen0],Rate,0
09/11/2026 06:05:56,System.Runtime,dotnet.gc.collections ({collection} / 1 sec)[gc.heap.generation=gen2],Rate,0
09/11/2026 06:05:56,System.Runtime,dotnet.gc.collections ({collection} / 1 sec)[gc.heap.generation=gen1],Rate,0
09/11/2026 06:05:56,System.Runtime,dotnet.process.cpu.time (s / 1 sec)[cpu.mode=user],Rate,0.5868459999999942
09/11/2026 06:05:56,System.Runtime,dotnet.process.cpu.time (s / 1 sec)[cpu.mode=system],Rate,0.03548600000000057
09/11/2026 06:05:56,System.Runtime,dotnet.process.cpu.count ({cpu}),Metric,15
09/11/2026 06:05:56,System.Runtime,dotnet.gc.pause.time (s / 1 sec),Rate,0
09/11/2026 06:05:56,System.Runtime,dotnet.thread_pool.queue.length ({work_item} / 1 sec),Rate,0
09/11/2026 06:05:56,System.Runtime,dotnet.gc.last_collection.memory.committed_size (By),Metric,0
09/11/2026 06:05:56,System.Runtime,dotnet.gc.last_collection.heap.fragmentation.size (By)[gc.heap.generation=gen0],Metric,0
09/11/2026 06:05:56,System.Runtime,dotnet.gc.last_collection.heap.fragmentation.size (By)[gc.heap.generation=loh],Metric,0
09/11/2026 06:05:56,System.Runtime,dotnet.gc.last_collection.heap.fragmentation.size (By)[gc.heap.generation=poh],Metric,0
09/11/2026 06:05:56,System.Runtime,dotnet.gc.last_collection.heap.fragmentation.size (By)[gc.heap.generation=gen2],Metric,0
09/11/2026 06:05:56,System.Runtime,dotnet.gc.last_collection.heap.fragmentation.size (By)[gc.heap.generation=gen1],Metric,0
09/11/2026 06:05:56,System.Runtime,dotnet.timer.count ({timer}),Metric,2
09/11/2026 06:05:56,System.Runtime,dotnet.assembly.count ({assembly}),Metric,61
09/11/2026 06:05:56,System.Runtime,dotnet.gc.heap.total_allocated (By / 1 sec),Rate,139400
09/11/2026 06:05:56,System.Runtime,dotnet.gc.last_collection.heap.size (By)[gc.heap.generation=gen0],Metric,0
09/11/2026 06:05:56,System.Runtime,dotnet.gc.last_collection.heap.size (By)[gc.heap.generation=loh],Metric,0
09/11/2026 06:05:56,System.Runtime,dotnet.gc.last_collection.heap.size (By)[gc.heap.generation=poh],Metric,0
09/11/2026 06:05:56,System.Runtime,dotnet.gc.last_collection.heap.size (By)[gc.heap.generation=gen2],Metric,0
09/11/2026 06:05:56,System.Runtime,dotnet.gc.last_collection.heap.size (By)[gc.heap.generation=gen1],Metric,0
09/11/2026 06:05:56,System.Runtime,dotnet.thread_pool.work_item.count ({work_item} / 1 sec),Rate,601
09/11/2026 06:05:56,System.Runtime,dotnet.process.memory.working_set (By),Metric,105250816
09/11/2026 06:05:56,System.Runtime,dotnet.thread_pool.thread.count ({thread} / 1 sec),Rate,0
09/11/2026 06:05:56,System.Runtime,dotnet.jit.compilation.time (s / 1 sec),Rate,0
09/11/2026 06:05:57,System.Runtime,dotnet.jit.compiled_il.size (By / 1 sec),Rate,0
09/11/2026 06:05:57,System.Runtime,dotnet.jit.compiled_methods ({method} / 1 sec),Rate,0
09/11/2026 06:05:57,System.Runtime,dotnet.monitor.lock_contentions ({contention} / 1 sec),Rate,0
09/11/2026 06:05:57,System.Runtime,dotnet.gc.collections ({collection} / 1 sec)[gc.heap.generation=gen0],Rate,0
09/11/2026 06:05:57,System.Runtime,dotnet.gc.collections ({collection} / 1 sec)[gc.heap.generation=gen2],Rate,0
09/11/2026 06:05:57,System.Runtime,dotnet.gc.collections ({collection} / 1 sec)[gc.heap.generation=gen1],Rate,0
09/11/2026 06:05:57,System.Runtime,dotnet.process.cpu.time (s / 1 sec)[cpu.mode=user],Rate,0.5890950000000004
09/11/2026 06:05:57,System.Runtime,dotnet.process.cpu.time (s / 1 sec)[cpu.mode=system],Rate,0.038123999999999825
09/11/2026 06:05:57,System.Runtime,dotnet.process.cpu.count ({cpu}),Metric,15
09/11/2026 06:05:57,System.Runtime,dotnet.gc.pause.time (s / 1 sec),Rate,0
09/11/2026 06:05:57,System.Runtime,dotnet.thread_pool.queue.length ({work_item} / 1 sec),Rate,0
09/11/2026 06:05:57,System.Runtime,dotnet.gc.last_collection.memory.committed_size (By),Metric,0
09/11/2026 06:05:57,System.Runtime,dotnet.gc.last_collection.heap.fragmentation.size (By)[gc.heap.generation=gen0],Metric,0
09/11/2026 06:05:57,System.Runtime,dotnet.gc.last_collection.heap.fragmentation.size (By)[gc.heap.generation=loh],Metric,0
09/11/2026 06:05:57,System.Runtime,dotnet.gc.last_collection.heap.fragmentation.size (By)[gc.heap.generation=poh],Metric,0
09/11/2026 06:05:57,System.Runtime,dotnet.gc.last_collection.heap.fragmentation.size (By)[gc.heap.generation=gen2],Metric,0
09/11/2026 06:05:57,System.Runtime,dotnet.gc.last_collection.heap.fragmentation.size (By)[gc.heap.generation=gen1],Metric,0
09/11/2026 06:05:57,System.Runtime,dotnet.timer.count ({timer}),Metric,2
09/11/2026 06:05:57,System.Runtime,dotnet.assembly.count ({assembly}),Metric,61
09/11/2026 06:05:57,System.Runtime,dotnet.gc.heap.total_allocated (By / 1 sec),Rate,122872
09/11/2026 06:05:57,System.Runtime,dotnet.gc.last_collection.heap.size (By)[gc.heap.generation=gen0],Metric,0
09/11/2026 06:05:57,System.Runtime,dotnet.gc.last_collection.heap.size (By)[gc.heap.generation=loh],Metric,0
09/11/2026 06:05:57,System.Runtime,dotnet.gc.last_collection.heap.size (By)[gc.heap.generation=poh],Metric,0
09/11/2026 06:05:57,System.Runtime,dotnet.gc.last_collection.heap.size (By)[gc.heap.generation=gen2],Metric,0
09/11/2026 06:05:57,System.Runtime,dotnet.gc.last_collection.heap.size (By)[gc.heap.generation=gen1],Metric,0
09/11/2026 06:05:57,System.Runtime,dotnet.thread_pool.work_item.count ({work_item} / 1 sec),Rate,601
09/11/2026 06:05:57,System.Runtime,dotnet.process.memory.working_set (By),Metric,105381888
09/11/2026 06:05:57,System.Runtime,dotnet.thread_pool.thread.count ({thread} / 1 sec),Rate,0
09/11/2026 06:05:57,System.Runtime,dotnet.jit.compilation.time (s / 1 sec),Rate,0
09/11/2026 06:05:58,System.Runtime,dotnet.jit.compiled_il.size (By / 1 sec),Rate,0
09/11/2026 06:05:58,System.Runtime,dotnet.jit.compiled_methods ({method} / 1 sec),Rate,0
09/11/2026 06:05:58,System.Runtime,dotnet.monitor.lock_contentions ({contention} / 1 sec),Rate,0
09/11/2026 06:05:58,System.Runtime,dotnet.gc.collections ({collection} / 1 sec)[gc.heap.generation=gen0],Rate,0
09/11/2026 06:05:58,System.Runtime,dotnet.gc.collections ({collection} / 1 sec)[gc.heap.generation=gen2],Rate,0
09/11/2026 06:05:58,System.Runtime,dotnet.gc.collections ({collection} / 1 sec)[gc.heap.generation=gen1],Rate,0
09/11/2026 06:05:58,System.Runtime,dotnet.process.cpu.time (s / 1 sec)[cpu.mode=user],Rate,0.5610029999999995
09/11/2026 06:05:58,System.Runtime,dotnet.process.cpu.time (s / 1 sec)[cpu.mode=system],Rate,0.03634000000000004
09/11/2026 06:05:58,System.Runtime,dotnet.process.cpu.count ({cpu}),Metric,15
09/11/2026 06:05:58,System.Runtime,dotnet.gc.pause.time (s / 1 sec),Rate,0
09/11/2026 06:05:58,System.Runtime,dotnet.thread_pool.queue.length ({work_item} / 1 sec),Rate,0
09/11/2026 06:05:58,System.Runtime,dotnet.gc.last_collection.memory.committed_size (By),Metric,0
09/11/2026 06:05:58,System.Runtime,dotnet.gc.last_collection.heap.fragmentation.size (By)[gc.heap.generation=gen0],Metric,0
09/11/2026 06:05:58,System.Runtime,dotnet.gc.last_collection.heap.fragmentation.size (By)[gc.heap.generation=loh],Metric,0
09/11/2026 06:05:58,System.Runtime,dotnet.gc.last_collection.heap.fragmentation.size (By)[gc.heap.generation=poh],Metric,0
09/11/2026 06:05:58,System.Runtime,dotnet.gc.last_collection.heap.fragmentation.size (By)[gc.heap.generation=gen2],Metric,0
09/11/2026 06:05:58,System.Runtime,dotnet.gc.last_collection.heap.fragmentation.size (By)[gc.heap.generation=gen1],Metric,0
09/11/2026 06:05:58,System.Runtime,dotnet.timer.count ({timer}),Metric,2
09/11/2026 06:05:58,System.Runtime,dotnet.assembly.count ({assembly}),Metric,61
09/11/2026 06:05:58,System.Runtime,dotnet.gc.heap.total_allocated (By / 1 sec),Rate,147576
09/11/2026 06:05:58,System.Runtime,dotnet.gc.last_collection.heap.size (By)[gc.heap.generation=gen0],Metric,0
09/11/2026 06:05:58,System.Runtime,dotnet.gc.last_collection.heap.size (By)[gc.heap.generation=loh],Metric,0
09/11/2026 06:05:58,System.Runtime,dotnet.gc.last_collection.heap.size (By)[gc.heap.generation=poh],Metric,0
09/11/2026 06:05:58,System.Runtime,dotnet.gc.last_collection.heap.size (By)[gc.heap.generation=gen2],Metric,0
09/11/2026 06:05:58,System.Runtime,dotnet.gc.last_collection.heap.size (By)[gc.heap.generation=gen1],Metric,0
09/11/2026 06:05:58,System.Runtime,dotnet.thread_pool.work_item.count ({work_item} / 1 sec),Rate,601
09/11/2026 06:05:58,System.Runtime,dotnet.process.memory.working_set (By),Metric,105529344
09/11/2026 06:05:58,System.Runtime,dotnet.thread_pool.thread.count ({thread} / 1 sec),Rate,0
09/11/2026 06:05:58,System.Runtime,dotnet.jit.compilation.time (s / 1 sec),Rate,0
09/11/2026 06:05:59,System.Runtime,dotnet.jit.compiled_il.size (By / 1 sec),Rate,0
09/11/2026 06:05:59,System.Runtime,dotnet.jit.compiled_methods ({method} / 1 sec),Rate,0
09/11/2026 06:05:59,System.Runtime,dotnet.monitor.lock_contentions ({contention} / 1 sec),Rate,0
09/11/2026 06:05:59,System.Runtime,dotnet.gc.collections ({collection} / 1 sec)[gc.heap.generation=gen0],Rate,0
09/11/2026 06:05:59,System.Runtime,dotnet.gc.collections ({collection} / 1 sec)[gc.heap.generation=gen2],Rate,0
09/11/2026 06:05:59,System.Runtime,dotnet.gc.collections ({collection} / 1 sec)[gc.heap.generation=gen1],Rate,0
09/11/2026 06:05:59,System.Runtime,dotnet.process.cpu.time (s / 1 sec)[cpu.mode=user],Rate,0.5357190000000003
09/11/2026 06:05:59,System.Runtime,dotnet.process.cpu.time (s / 1 sec)[cpu.mode=system],Rate,0.036722999999999395
09/11/2026 06:05:59,System.Runtime,dotnet.process.cpu.count ({cpu}),Metric,15
09/11/2026 06:05:59,System.Runtime,dotnet.gc.pause.time (s / 1 sec),Rate,0
09/11/2026 06:05:59,System.Runtime,dotnet.thread_pool.queue.length ({work_item} / 1 sec),Rate,0
09/11/2026 06:05:59,System.Runtime,dotnet.gc.last_collection.memory.committed_size (By),Metric,0
09/11/2026 06:05:59,System.Runtime,dotnet.gc.last_collection.heap.fragmentation.size (By)[gc.heap.generation=gen0],Metric,0
09/11/2026 06:05:59,System.Runtime,dotnet.gc.last_collection.heap.fragmentation.size (By)[gc.heap.generation=loh],Metric,0
09/11/2026 06:05:59,System.Runtime,dotnet.gc.last_collection.heap.fragmentation.size (By)[gc.heap.generation=poh],Metric,0
09/11/2026 06:05:59,System.Runtime,dotnet.gc.last_collection.heap.fragmentation.size (By)[gc.heap.generation=gen2],Metric,0
09/11/2026 06:05:59,System.Runtime,dotnet.gc.last_collection.heap.fragmentation.size (By)[gc.heap.generation=gen1],Metric,0
09/11/2026 06:05:59,System.Runtime,dotnet.timer.count ({timer}),Metric,3
09/11/2026 06:05:59,System.Runtime,dotnet.assembly.count ({assembly}),Metric,61
09/11/2026 06:05:59,System.Runtime,dotnet.gc.heap.total_allocated (By / 1 sec),Rate,138392
09/11/2026 06:05:59,System.Runtime,dotnet.gc.last_collection.heap.size (By)[gc.heap.generation=gen0],Metric,0
09/11/2026 06:05:59,System.Runtime,dotnet.gc.last_collection.heap.size (By)[gc.heap.generation=loh],Metric,0
09/11/2026 06:05:59,System.Runtime,dotnet.gc.last_collection.heap.size (By)[gc.heap.generation=poh],Metric,0
09/11/2026 06:05:59,System.Runtime,dotnet.gc.last_collection.heap.size (By)[gc.heap.generation=gen2],Metric,0
09/11/2026 06:05:59,System.Runtime,dotnet.gc.last_collection.heap.size (By)[gc.heap.generation=gen1],Metric,0
09/11/2026 06:05:59,System.Runtime,dotnet.thread_pool.work_item.count ({work_item} / 1 sec),Rate,605
09/11/2026 06:05:59,System.Runtime,dotnet.process.memory.working_set (By),Metric,105693184
09/11/2026 06:05:59,System.Runtime,dotnet.thread_pool.thread.count ({thread} / 1 sec),Rate,0
09/11/2026 06:05:59,System.Runtime,dotnet.jit.compilation.time (s / 1 sec),Rate,0
09/11/2026 06:06:00,System.Runtime,dotnet.jit.compiled_il.size (By / 1 sec),Rate,0
09/11/2026 06:06:00,System.Runtime,dotnet.jit.compiled_methods ({method} / 1 sec),Rate,0
09/11/2026 06:06:00,System.Runtime,dotnet.monitor.lock_contentions ({contention} / 1 sec),Rate,0
09/11/2026 06:06:00,System.Runtime,dotnet.gc.collections ({collection} / 1 sec)[gc.heap.generation=gen0],Rate,0
09/11/2026 06:06:00,System.Runtime,dotnet.gc.collections ({collection} / 1 sec)[gc.heap.generation=gen2],Rate,0
09/11/2026 06:06:00,System.Runtime,dotnet.gc.collections ({collection} / 1 sec)[gc.heap.generation=gen1],Rate,0
09/11/2026 06:06:00,System.Runtime,dotnet.process.cpu.time (s / 1 sec)[cpu.mode=user],Rate,0.5345420000000018
09/11/2026 06:06:00,System.Runtime,dotnet.process.cpu.time (s / 1 sec)[cpu.mode=system],Rate,0.038776000000000366
09/11/2026 06:06:00,System.Runtime,dotnet.process.cpu.count ({cpu}),Metric,15
09/11/2026 06:06:00,System.Runtime,dotnet.gc.pause.time (s / 1 sec),Rate,0
09/11/2026 06:06:00,System.Runtime,dotnet.thread_pool.queue.length ({work_item} / 1 sec),Rate,0
09/11/2026 06:06:00,System.Runtime,dotnet.gc.last_collection.memory.committed_size (By),Metric,0
09/11/2026 06:06:00,System.Runtime,dotnet.gc.last_collection.heap.fragmentation.size (By)[gc.heap.generation=gen0],Metric,0
09/11/2026 06:06:00,System.Runtime,dotnet.gc.last_collection.heap.fragmentation.size (By)[gc.heap.generation=loh],Metric,0
09/11/2026 06:06:00,System.Runtime,dotnet.gc.last_collection.heap.fragmentation.size (By)[gc.heap.generation=poh],Metric,0
09/11/2026 06:06:00,System.Runtime,dotnet.gc.last_collection.heap.fragmentation.size (By)[gc.heap.generation=gen2],Metric,0
09/11/2026 06:06:00,System.Runtime,dotnet.gc.last_collection.heap.fragmentation.size (By)[gc.heap.generation=gen1],Metric,0
09/11/2026 06:06:00,System.Runtime,dotnet.timer.count ({timer}),Metric,2
09/11/2026 06:06:00,System.Runtime,dotnet.assembly.count ({assembly}),Metric,61
09/11/2026 06:06:00,System.Runtime,dotnet.gc.heap.total_allocated (By / 1 sec),Rate,122960
09/11/2026 06:06:00,System.Runtime,dotnet.gc.last_collection.heap.size (By)[gc.heap.generation=gen0],Metric,0
09/11/2026 06:06:00,System.Runtime,dotnet.gc.last_collection.heap.size (By)[gc.heap.generation=loh],Metric,0
09/11/2026 06:06:00,System.Runtime,dotnet.gc.last_collection.heap.size (By)[gc.heap.generation=poh],Metric,0
09/11/2026 06:06:00,System.Runtime,dotnet.gc.last_collection.heap.size (By)[gc.heap.generation=gen2],Metric,0
09/11/2026 06:06:00,System.Runtime,dotnet.gc.last_collection.heap.size (By)[gc.heap.generation=gen1],Metric,0
09/11/2026 06:06:00,System.Runtime,dotnet.thread_pool.work_item.count ({work_item} / 1 sec),Rate,597
09/11/2026 06:06:00,System.Runtime,dotnet.process.memory.working_set (By),Metric,105840640
09/11/2026 06:06:00,System.Runtime,dotnet.thread_pool.thread.count ({thread} / 1 sec),Rate,0
09/11/2026 06:06:00,System.Runtime,dotnet.jit.compilation.time (s / 1 sec),Rate,0
09/11/2026 06:06:01,System.Runtime,dotnet.jit.compiled_il.size (By / 1 sec),Rate,0
09/11/2026 06:06:01,System.Runtime,dotnet.jit.compiled_methods ({method} / 1 sec),Rate,0
09/11/2026 06:06:01,System.Runtime,dotnet.monitor.lock_contentions ({contention} / 1 sec),Rate,0
09/11/2026 06:06:01,System.Runtime,dotnet.gc.collections ({collection} / 1 sec)[gc.heap.generation=gen0],Rate,0
09/11/2026 06:06:01,System.Runtime,dotnet.gc.collections ({collection} / 1 sec)[gc.heap.generation=gen2],Rate,0
09/11/2026 06:06:01,System.Runtime,dotnet.gc.collections ({collection} / 1 sec)[gc.heap.generation=gen1],Rate,0
09/11/2026 06:06:01,System.Runtime,dotnet.process.cpu.time (s / 1 sec)[cpu.mode=user],Rate,0.5448810000000037
09/11/2026 06:06:01,System.Runtime,dotnet.process.cpu.time (s / 1 sec)[cpu.mode=system],Rate,0.03775300000000037
09/11/2026 06:06:01,System.Runtime,dotnet.process.cpu.count ({cpu}),Metric,15
09/11/2026 06:06:01,System.Runtime,dotnet.gc.pause.time (s / 1 sec),Rate,0
09/11/2026 06:06:01,System.Runtime,dotnet.thread_pool.queue.length ({work_item} / 1 sec),Rate,0
09/11/2026 06:06:01,System.Runtime,dotnet.gc.last_collection.memory.committed_size (By),Metric,0
09/11/2026 06:06:01,System.Runtime,dotnet.gc.last_collection.heap.fragmentation.size (By)[gc.heap.generation=gen0],Metric,0
09/11/2026 06:06:01,System.Runtime,dotnet.gc.last_collection.heap.fragmentation.size (By)[gc.heap.generation=loh],Metric,0
09/11/2026 06:06:01,System.Runtime,dotnet.gc.last_collection.heap.fragmentation.size (By)[gc.heap.generation=poh],Metric,0
09/11/2026 06:06:01,System.Runtime,dotnet.gc.last_collection.heap.fragmentation.size (By)[gc.heap.generation=gen2],Metric,0
09/11/2026 06:06:01,System.Runtime,dotnet.gc.last_collection.heap.fragmentation.size (By)[gc.heap.generation=gen1],Metric,0
09/11/2026 06:06:01,System.Runtime,dotnet.timer.count ({timer}),Metric,3
09/11/2026 06:06:01,System.Runtime,dotnet.assembly.count ({assembly}),Metric,61
09/11/2026 06:06:01,System.Runtime,dotnet.gc.heap.total_allocated (By / 1 sec),Rate,139400
09/11/2026 06:06:01,System.Runtime,dotnet.gc.last_collection.heap.size (By)[gc.heap.generation=gen0],Metric,0
09/11/2026 06:06:01,System.Runtime,dotnet.gc.last_collection.heap.size (By)[gc.heap.generation=loh],Metric,0
09/11/2026 06:06:01,System.Runtime,dotnet.gc.last_collection.heap.size (By)[gc.heap.generation=poh],Metric,0
09/11/2026 06:06:01,System.Runtime,dotnet.gc.last_collection.heap.size (By)[gc.heap.generation=gen2],Metric,0
09/11/2026 06:06:01,System.Runtime,dotnet.gc.last_collection.heap.size (By)[gc.heap.generation=gen1],Metric,0
09/11/2026 06:06:01,System.Runtime,dotnet.thread_pool.work_item.count ({work_item} / 1 sec),Rate,604
09/11/2026 06:06:01,System.Runtime,dotnet.process.memory.working_set (By),Metric,105971712
09/11/2026 06:06:01,System.Runtime,dotnet.thread_pool.thread.count ({thread} / 1 sec),Rate,0
09/11/2026 06:06:01,System.Runtime,dotnet.jit.compilation.time (s / 1 sec),Rate,0
09/11/2026 06:06:02,System.Runtime,dotnet.jit.compiled_il.size (By / 1 sec),Rate,0
09/11/2026 06:06:02,System.Runtime,dotnet.jit.compiled_methods ({method} / 1 sec),Rate,0
09/11/2026 06:06:02,System.Runtime,dotnet.monitor.lock_contentions ({contention} / 1 sec),Rate,0
09/11/2026 06:06:02,System.Runtime,dotnet.gc.collections ({collection} / 1 sec)[gc.heap.generation=gen0],Rate,0
09/11/2026 06:06:02,System.Runtime,dotnet.gc.collections ({collection} / 1 sec)[gc.heap.generation=gen2],Rate,0
09/11/2026 06:06:02,System.Runtime,dotnet.gc.collections ({collection} / 1 sec)[gc.heap.generation=gen1],Rate,0
09/11/2026 06:06:02,System.Runtime,dotnet.process.cpu.time (s / 1 sec)[cpu.mode=user],Rate,0.5389449999999982
09/11/2026 06:06:02,System.Runtime,dotnet.process.cpu.time (s / 1 sec)[cpu.mode=system],Rate,0.037505999999999595
09/11/2026 06:06:02,System.Runtime,dotnet.process.cpu.count ({cpu}),Metric,15
09/11/2026 06:06:02,System.Runtime,dotnet.gc.pause.time (s / 1 sec),Rate,0
09/11/2026 06:06:02,System.Runtime,dotnet.thread_pool.queue.length ({work_item} / 1 sec),Rate,0
09/11/2026 06:06:02,System.Runtime,dotnet.gc.last_collection.memory.committed_size (By),Metric,0
09/11/2026 06:06:02,System.Runtime,dotnet.gc.last_collection.heap.fragmentation.size (By)[gc.heap.generation=gen0],Metric,0
09/11/2026 06:06:02,System.Runtime,dotnet.gc.last_collection.heap.fragmentation.size (By)[gc.heap.generation=loh],Metric,0
09/11/2026 06:06:02,System.Runtime,dotnet.gc.last_collection.heap.fragmentation.size (By)[gc.heap.generation=poh],Metric,0
09/11/2026 06:06:02,System.Runtime,dotnet.gc.last_collection.heap.fragmentation.size (By)[gc.heap.generation=gen2],Metric,0
09/11/2026 06:06:02,System.Runtime,dotnet.gc.last_collection.heap.fragmentation.size (By)[gc.heap.generation=gen1],Metric,0
09/11/2026 06:06:02,System.Runtime,dotnet.timer.count ({timer}),Metric,2
09/11/2026 06:06:02,System.Runtime,dotnet.assembly.count ({assembly}),Metric,61
09/11/2026 06:06:02,System.Runtime,dotnet.gc.heap.total_allocated (By / 1 sec),Rate,138376
09/11/2026 06:06:02,System.Runtime,dotnet.gc.last_collection.heap.size (By)[gc.heap.generation=gen0],Metric,0
09/11/2026 06:06:02,System.Runtime,dotnet.gc.last_collection.heap.size (By)[gc.heap.generation=loh],Metric,0
09/11/2026 06:06:02,System.Runtime,dotnet.gc.last_collection.heap.size (By)[gc.heap.generation=poh],Metric,0
09/11/2026 06:06:02,System.Runtime,dotnet.gc.last_collection.heap.size (By)[gc.heap.generation=gen2],Metric,0
09/11/2026 06:06:02,System.Runtime,dotnet.gc.last_collection.heap.size (By)[gc.heap.generation=gen1],Metric,0
09/11/2026 06:06:02,System.Runtime,dotnet.thread_pool.work_item.count ({work_item} / 1 sec),Rate,598
09/11/2026 06:06:02,System.Runtime,dotnet.process.memory.working_set (By),Metric,106151936
09/11/2026 06:06:02,System.Runtime,dotnet.thread_pool.thread.count ({thread} / 1 sec),Rate,0
09/11/2026 06:06:02,System.Runtime,dotnet.jit.compilation.time (s / 1 sec),Rate,0
09/11/2026 06:06:03,System.Runtime,dotnet.jit.compiled_il.size (By / 1 sec),Rate,0
09/11/2026 06:06:03,System.Runtime,dotnet.jit.compiled_methods ({method} / 1 sec),Rate,0
09/11/2026 06:06:03,System.Runtime,dotnet.monitor.lock_contentions ({contention} / 1 sec),Rate,0
09/11/2026 06:06:03,System.Runtime,dotnet.gc.collections ({collection} / 1 sec)[gc.heap.generation=gen0],Rate,0
09/11/2026 06:06:03,System.Runtime,dotnet.gc.collections ({collection} / 1 sec)[gc.heap.generation=gen2],Rate,0
09/11/2026 06:06:03,System.Runtime,dotnet.gc.collections ({collection} / 1 sec)[gc.heap.generation=gen1],Rate,0
09/11/2026 06:06:03,System.Runtime,dotnet.process.cpu.time (s / 1 sec)[cpu.mode=user],Rate,0.5404279999999915
09/11/2026 06:06:03,System.Runtime,dotnet.process.cpu.time (s / 1 sec)[cpu.mode=system],Rate,0.037670000000000314
09/11/2026 06:06:03,System.Runtime,dotnet.process.cpu.count ({cpu}),Metric,15
09/11/2026 06:06:03,System.Runtime,dotnet.gc.pause.time (s / 1 sec),Rate,0
09/11/2026 06:06:03,System.Runtime,dotnet.thread_pool.queue.length ({work_item} / 1 sec),Rate,0
09/11/2026 06:06:03,System.Runtime,dotnet.gc.last_collection.memory.committed_size (By),Metric,0
09/11/2026 06:06:03,System.Runtime,dotnet.gc.last_collection.heap.fragmentation.size (By)[gc.heap.generation=gen0],Metric,0
09/11/2026 06:06:03,System.Runtime,dotnet.gc.last_collection.heap.fragmentation.size (By)[gc.heap.generation=loh],Metric,0
09/11/2026 06:06:03,System.Runtime,dotnet.gc.last_collection.heap.fragmentation.size (By)[gc.heap.generation=poh],Metric,0
09/11/2026 06:06:03,System.Runtime,dotnet.gc.last_collection.heap.fragmentation.size (By)[gc.heap.generation=gen2],Metric,0
09/11/2026 06:06:03,System.Runtime,dotnet.gc.last_collection.heap.fragmentation.size (By)[gc.heap.generation=gen1],Metric,0
09/11/2026 06:06:03,System.Runtime,dotnet.timer.count ({timer}),Metric,3
09/11/2026 06:06:03,System.Runtime,dotnet.assembly.count ({assembly}),Metric,61
09/11/2026 06:06:03,System.Runtime,dotnet.gc.heap.total_allocated (By / 1 sec),Rate,139368
09/11/2026 06:06:03,System.Runtime,dotnet.gc.last_collection.heap.size (By)[gc.heap.generation=gen0],Metric,0
09/11/2026 06:06:03,System.Runtime,dotnet.gc.last_collection.heap.size (By)[gc.heap.generation=loh],Metric,0
09/11/2026 06:06:03,System.Runtime,dotnet.gc.last_collection.heap.size (By)[gc.heap.generation=poh],Metric,0
09/11/2026 06:06:03,System.Runtime,dotnet.gc.last_collection.heap.size (By)[gc.heap.generation=gen2],Metric,0
09/11/2026 06:06:03,System.Runtime,dotnet.gc.last_collection.heap.size (By)[gc.heap.generation=gen1],Metric,0
09/11/2026 06:06:03,System.Runtime,dotnet.thread_pool.work_item.count ({work_item} / 1 sec),Rate,604
09/11/2026 06:06:03,System.Runtime,dotnet.process.memory.working_set (By),Metric,106299392
09/11/2026 06:06:03,System.Runtime,dotnet.thread_pool.thread.count ({thread} / 1 sec),Rate,0
09/11/2026 06:06:03,System.Runtime,dotnet.jit.compilation.time (s / 1 sec),Rate,0
09/11/2026 06:06:04,System.Runtime,dotnet.jit.compiled_il.size (By / 1 sec),Rate,0
09/11/2026 06:06:04,System.Runtime,dotnet.jit.compiled_methods ({method} / 1 sec),Rate,0
09/11/2026 06:06:04,System.Runtime,dotnet.monitor.lock_contentions ({contention} / 1 sec),Rate,0
09/11/2026 06:06:04,System.Runtime,dotnet.gc.collections ({collection} / 1 sec)[gc.heap.generation=gen0],Rate,0
09/11/2026 06:06:04,System.Runtime,dotnet.gc.collections ({collection} / 1 sec)[gc.heap.generation=gen2],Rate,0
09/11/2026 06:06:04,System.Runtime,dotnet.gc.collections ({collection} / 1 sec)[gc.heap.generation=gen1],Rate,0
09/11/2026 06:06:04,System.Runtime,dotnet.process.cpu.time (s / 1 sec)[cpu.mode=user],Rate,0.5371360000000038
09/11/2026 06:06:04,System.Runtime,dotnet.process.cpu.time (s / 1 sec)[cpu.mode=system],Rate,0.036455000000000126
09/11/2026 06:06:04,System.Runtime,dotnet.process.cpu.count ({cpu}),Metric,15
09/11/2026 06:06:04,System.Runtime,dotnet.gc.pause.time (s / 1 sec),Rate,0
09/11/2026 06:06:04,System.Runtime,dotnet.thread_pool.queue.length ({work_item} / 1 sec),Rate,0
09/11/2026 06:06:04,System.Runtime,dotnet.gc.last_collection.memory.committed_size (By),Metric,0
09/11/2026 06:06:04,System.Runtime,dotnet.gc.last_collection.heap.fragmentation.size (By)[gc.heap.generation=gen0],Metric,0
09/11/2026 06:06:04,System.Runtime,dotnet.gc.last_collection.heap.fragmentation.size (By)[gc.heap.generation=loh],Metric,0
09/11/2026 06:06:04,System.Runtime,dotnet.gc.last_collection.heap.fragmentation.size (By)[gc.heap.generation=poh],Metric,0
09/11/2026 06:06:04,System.Runtime,dotnet.gc.last_collection.heap.fragmentation.size (By)[gc.heap.generation=gen2],Metric,0
09/11/2026 06:06:04,System.Runtime,dotnet.gc.last_collection.heap.fragmentation.size (By)[gc.heap.generation=gen1],Metric,0
09/11/2026 06:06:04,System.Runtime,dotnet.timer.count ({timer}),Metric,3
09/11/2026 06:06:04,System.Runtime,dotnet.assembly.count ({assembly}),Metric,61
09/11/2026 06:06:04,System.Runtime,dotnet.gc.heap.total_allocated (By / 1 sec),Rate,139416
09/11/2026 06:06:04,System.Runtime,dotnet.gc.last_collection.heap.size (By)[gc.heap.generation=gen0],Metric,0
09/11/2026 06:06:04,System.Runtime,dotnet.gc.last_collection.heap.size (By)[gc.heap.generation=loh],Metric,0
09/11/2026 06:06:04,System.Runtime,dotnet.gc.last_collection.heap.size (By)[gc.heap.generation=poh],Metric,0
09/11/2026 06:06:04,System.Runtime,dotnet.gc.last_collection.heap.size (By)[gc.heap.generation=gen2],Metric,0
09/11/2026 06:06:04,System.Runtime,dotnet.gc.last_collection.heap.size (By)[gc.heap.generation=gen1],Metric,0
09/11/2026 06:06:04,System.Runtime,dotnet.thread_pool.work_item.count ({work_item} / 1 sec),Rate,602
09/11/2026 06:06:04,System.Runtime,dotnet.process.memory.working_set (By),Metric,106463232
09/11/2026 06:06:04,System.Runtime,dotnet.thread_pool.thread.count ({thread} / 1 sec),Rate,0
09/11/2026 06:06:04,System.Runtime,dotnet.jit.compilation.time (s / 1 sec),Rate,0
09/11/2026 06:06:05,System.Runtime,dotnet.jit.compiled_il.size (By / 1 sec),Rate,0
09/11/2026 06:06:05,System.Runtime,dotnet.jit.compiled_methods ({method} / 1 sec),Rate,0
09/11/2026 06:06:05,System.Runtime,dotnet.monitor.lock_contentions ({contention} / 1 sec),Rate,0
09/11/2026 06:06:05,System.Runtime,dotnet.gc.collections ({collection} / 1 sec)[gc.heap.generation=gen0],Rate,0
09/11/2026 06:06:05,System.Runtime,dotnet.gc.collections ({collection} / 1 sec)[gc.heap.generation=gen2],Rate,0
09/11/2026 06:06:05,System.Runtime,dotnet.gc.collections ({collection} / 1 sec)[gc.heap.generation=gen1],Rate,0
09/11/2026 06:06:05,System.Runtime,dotnet.process.cpu.time (s / 1 sec)[cpu.mode=user],Rate,0.5383489999999966
09/11/2026 06:06:05,System.Runtime,dotnet.process.cpu.time (s / 1 sec)[cpu.mode=system],Rate,0.03623499999999957
09/11/2026 06:06:05,System.Runtime,dotnet.process.cpu.count ({cpu}),Metric,15
09/11/2026 06:06:05,System.Runtime,dotnet.gc.pause.time (s / 1 sec),Rate,0
09/11/2026 06:06:05,System.Runtime,dotnet.thread_pool.queue.length ({work_item} / 1 sec),Rate,0
09/11/2026 06:06:05,System.Runtime,dotnet.gc.last_collection.memory.committed_size (By),Metric,0
09/11/2026 06:06:05,System.Runtime,dotnet.gc.last_collection.heap.fragmentation.size (By)[gc.heap.generation=gen0],Metric,0
09/11/2026 06:06:05,System.Runtime,dotnet.gc.last_collection.heap.fragmentation.size (By)[gc.heap.generation=loh],Metric,0
09/11/2026 06:06:05,System.Runtime,dotnet.gc.last_collection.heap.fragmentation.size (By)[gc.heap.generation=poh],Metric,0
09/11/2026 06:06:05,System.Runtime,dotnet.gc.last_collection.heap.fragmentation.size (By)[gc.heap.generation=gen2],Metric,0
09/11/2026 06:06:05,System.Runtime,dotnet.gc.last_collection.heap.fragmentation.size (By)[gc.heap.generation=gen1],Metric,0
09/11/2026 06:06:05,System.Runtime,dotnet.timer.count ({timer}),Metric,3
09/11/2026 06:06:05,System.Runtime,dotnet.assembly.count ({assembly}),Metric,61
09/11/2026 06:06:05,System.Runtime,dotnet.gc.heap.total_allocated (By / 1 sec),Rate,146576
09/11/2026 06:06:05,System.Runtime,dotnet.gc.last_collection.heap.size (By)[gc.heap.generation=gen0],Metric,0
09/11/2026 06:06:05,System.Runtime,dotnet.gc.last_collection.heap.size (By)[gc.heap.generation=loh],Metric,0
09/11/2026 06:06:05,System.Runtime,dotnet.gc.last_collection.heap.size (By)[gc.heap.generation=poh],Metric,0
09/11/2026 06:06:05,System.Runtime,dotnet.gc.last_collection.heap.size (By)[gc.heap.generation=gen2],Metric,0
09/11/2026 06:06:05,System.Runtime,dotnet.gc.last_collection.heap.size (By)[gc.heap.generation=gen1],Metric,0
09/11/2026 06:06:05,System.Runtime,dotnet.thread_pool.work_item.count ({work_item} / 1 sec),Rate,601
09/11/2026 06:06:05,System.Runtime,dotnet.process.memory.working_set (By),Metric,106627072
09/11/2026 06:06:05,System.Runtime,dotnet.thread_pool.thread.count ({thread} / 1 sec),Rate,0
09/11/2026 06:06:05,System.Runtime,dotnet.jit.compilation.time (s / 1 sec),Rate,0
09/11/2026 06:06:06,System.Runtime,dotnet.jit.compiled_il.size (By / 1 sec),Rate,0
09/11/2026 06:06:06,System.Runtime,dotnet.jit.compiled_methods ({method} / 1 sec),Rate,0
09/11/2026 06:06:06,System.Runtime,dotnet.monitor.lock_contentions ({contention} / 1 sec),Rate,0
09/11/2026 06:06:06,System.Runtime,dotnet.gc.collections ({collection} / 1 sec)[gc.heap.generation=gen0],Rate,0
09/11/2026 06:06:06,System.Runtime,dotnet.gc.collections ({collection} / 1 sec)[gc.heap.generation=gen2],Rate,0
09/11/2026 06:06:06,System.Runtime,dotnet.gc.collections ({collection} / 1 sec)[gc.heap.generation=gen1],Rate,0
09/11/2026 06:06:06,System.Runtime,dotnet.process.cpu.time (s / 1 sec)[cpu.mode=user],Rate,0.5394930000000073
09/11/2026 06:06:06,System.Runtime,dotnet.process.cpu.time (s / 1 sec)[cpu.mode=system],Rate,0.03713199999999972
09/11/2026 06:06:06,System.Runtime,dotnet.process.cpu.count ({cpu}),Metric,15
09/11/2026 06:06:06,System.Runtime,dotnet.gc.pause.time (s / 1 sec),Rate,0
09/11/2026 06:06:06,System.Runtime,dotnet.thread_pool.queue.length ({work_item} / 1 sec),Rate,0
09/11/2026 06:06:06,System.Runtime,dotnet.gc.last_collection.memory.committed_size (By),Metric,0
09/11/2026 06:06:06,System.Runtime,dotnet.gc.last_collection.heap.fragmentation.size (By)[gc.heap.generation=gen0],Metric,0
09/11/2026 06:06:06,System.Runtime,dotnet.gc.last_collection.heap.fragmentation.size (By)[gc.heap.generation=loh],Metric,0
09/11/2026 06:06:06,System.Runtime,dotnet.gc.last_collection.heap.fragmentation.size (By)[gc.heap.generation=poh],Metric,0
09/11/2026 06:06:06,System.Runtime,dotnet.gc.last_collection.heap.fragmentation.size (By)[gc.heap.generation=gen2],Metric,0
09/11/2026 06:06:06,System.Runtime,dotnet.gc.last_collection.heap.fragmentation.size (By)[gc.heap.generation=gen1],Metric,0
09/11/2026 06:06:06,System.Runtime,dotnet.timer.count ({timer}),Metric,3
09/11/2026 06:06:06,System.Runtime,dotnet.assembly.count ({assembly}),Metric,61
09/11/2026 06:06:06,System.Runtime,dotnet.gc.heap.total_allocated (By / 1 sec),Rate,122968
09/11/2026 06:06:06,System.Runtime,dotnet.gc.last_collection.heap.size (By)[gc.heap.generation=gen0],Metric,0
09/11/2026 06:06:06,System.Runtime,dotnet.gc.last_collection.heap.size (By)[gc.heap.generation=loh],Metric,0
09/11/2026 06:06:06,System.Runtime,dotnet.gc.last_collection.heap.size (By)[gc.heap.generation=poh],Metric,0
09/11/2026 06:06:06,System.Runtime,dotnet.gc.last_collection.heap.size (By)[gc.heap.generation=gen2],Metric,0
09/11/2026 06:06:06,System.Runtime,dotnet.gc.last_collection.heap.size (By)[gc.heap.generation=gen1],Metric,0
09/11/2026 06:06:06,System.Runtime,dotnet.thread_pool.work_item.count ({work_item} / 1 sec),Rate,601
09/11/2026 06:06:06,System.Runtime,dotnet.process.memory.working_set (By),Metric,106774528
09/11/2026 06:06:06,System.Runtime,dotnet.thread_pool.thread.count ({thread} / 1 sec),Rate,0
09/11/2026 06:06:06,System.Runtime,dotnet.jit.compilation.time (s / 1 sec),Rate,0
09/11/2026 06:06:07,System.Runtime,dotnet.jit.compiled_il.size (By / 1 sec),Rate,0
09/11/2026 06:06:07,System.Runtime,dotnet.jit.compiled_methods ({method} / 1 sec),Rate,0
09/11/2026 06:06:07,System.Runtime,dotnet.monitor.lock_contentions ({contention} / 1 sec),Rate,0
09/11/2026 06:06:07,System.Runtime,dotnet.gc.collections ({collection} / 1 sec)[gc.heap.generation=gen0],Rate,0
09/11/2026 06:06:07,System.Runtime,dotnet.gc.collections ({collection} / 1 sec)[gc.heap.generation=gen2],Rate,0
09/11/2026 06:06:07,System.Runtime,dotnet.gc.collections ({collection} / 1 sec)[gc.heap.generation=gen1],Rate,0
09/11/2026 06:06:07,System.Runtime,dotnet.process.cpu.time (s / 1 sec)[cpu.mode=user],Rate,0.5363529999999912
09/11/2026 06:06:07,System.Runtime,dotnet.process.cpu.time (s / 1 sec)[cpu.mode=system],Rate,0.03855200000000014
09/11/2026 06:06:07,System.Runtime,dotnet.process.cpu.count ({cpu}),Metric,15
09/11/2026 06:06:07,System.Runtime,dotnet.gc.pause.time (s / 1 sec),Rate,0
09/11/2026 06:06:07,System.Runtime,dotnet.thread_pool.queue.length ({work_item} / 1 sec),Rate,0
09/11/2026 06:06:07,System.Runtime,dotnet.gc.last_collection.memory.committed_size (By),Metric,0
09/11/2026 06:06:07,System.Runtime,dotnet.gc.last_collection.heap.fragmentation.size (By)[gc.heap.generation=gen0],Metric,0
09/11/2026 06:06:07,System.Runtime,dotnet.gc.last_collection.heap.fragmentation.size (By)[gc.heap.generation=loh],Metric,0
09/11/2026 06:06:07,System.Runtime,dotnet.gc.last_collection.heap.fragmentation.size (By)[gc.heap.generation=poh],Metric,0
09/11/2026 06:06:07,System.Runtime,dotnet.gc.last_collection.heap.fragmentation.size (By)[gc.heap.generation=gen2],Metric,0
09/11/2026 06:06:07,System.Runtime,dotnet.gc.last_collection.heap.fragmentation.size (By)[gc.heap.generation=gen1],Metric,0
09/11/2026 06:06:07,System.Runtime,dotnet.timer.count ({timer}),Metric,3
09/11/2026 06:06:07,System.Runtime,dotnet.assembly.count ({assembly}),Metric,61
09/11/2026 06:06:07,System.Runtime,dotnet.gc.heap.total_allocated (By / 1 sec),Rate,146576
09/11/2026 06:06:07,System.Runtime,dotnet.gc.last_collection.heap.size (By)[gc.heap.generation=gen0],Metric,0
09/11/2026 06:06:07,System.Runtime,dotnet.gc.last_collection.heap.size (By)[gc.heap.generation=loh],Metric,0
09/11/2026 06:06:07,System.Runtime,dotnet.gc.last_collection.heap.size (By)[gc.heap.generation=poh],Metric,0
09/11/2026 06:06:07,System.Runtime,dotnet.gc.last_collection.heap.size (By)[gc.heap.generation=gen2],Metric,0
09/11/2026 06:06:07,System.Runtime,dotnet.gc.last_collection.heap.size (By)[gc.heap.generation=gen1],Metric,0
09/11/2026 06:06:07,System.Runtime,dotnet.thread_pool.work_item.count ({work_item} / 1 sec),Rate,601
09/11/2026 06:06:07,System.Runtime,dotnet.process.memory.working_set (By),Metric,106938368
09/11/2026 06:06:07,System.Runtime,dotnet.thread_pool.thread.count ({thread} / 1 sec),Rate,0
09/11/2026 06:06:07,System.Runtime,dotnet.jit.compilation.time (s / 1 sec),Rate,0
09/11/2026 06:06:08,System.Runtime,dotnet.jit.compiled_il.size (By / 1 sec),Rate,0
09/11/2026 06:06:08,System.Runtime,dotnet.jit.compiled_methods ({method} / 1 sec),Rate,0
09/11/2026 06:06:08,System.Runtime,dotnet.monitor.lock_contentions ({contention} / 1 sec),Rate,0
09/11/2026 06:06:08,System.Runtime,dotnet.gc.collections ({collection} / 1 sec)[gc.heap.generation=gen0],Rate,0
09/11/2026 06:06:08,System.Runtime,dotnet.gc.collections ({collection} / 1 sec)[gc.heap.generation=gen2],Rate,0
09/11/2026 06:06:08,System.Runtime,dotnet.gc.collections ({collection} / 1 sec)[gc.heap.generation=gen1],Rate,0
09/11/2026 06:06:08,System.Runtime,dotnet.process.cpu.time (s / 1 sec)[cpu.mode=user],Rate,0.5360210000000052
09/11/2026 06:06:08,System.Runtime,dotnet.process.cpu.time (s / 1 sec)[cpu.mode=system],Rate,0.03851899999999997
09/11/2026 06:06:08,System.Runtime,dotnet.process.cpu.count ({cpu}),Metric,15
09/11/2026 06:06:08,System.Runtime,dotnet.gc.pause.time (s / 1 sec),Rate,0
09/11/2026 06:06:08,System.Runtime,dotnet.thread_pool.queue.length ({work_item} / 1 sec),Rate,0
09/11/2026 06:06:08,System.Runtime,dotnet.gc.last_collection.memory.committed_size (By),Metric,0
09/11/2026 06:06:08,System.Runtime,dotnet.gc.last_collection.heap.fragmentation.size (By)[gc.heap.generation=gen0],Metric,0
09/11/2026 06:06:08,System.Runtime,dotnet.gc.last_collection.heap.fragmentation.size (By)[gc.heap.generation=loh],Metric,0
09/11/2026 06:06:08,System.Runtime,dotnet.gc.last_collection.heap.fragmentation.size (By)[gc.heap.generation=poh],Metric,0
09/11/2026 06:06:08,System.Runtime,dotnet.gc.last_collection.heap.fragmentation.size (By)[gc.heap.generation=gen2],Metric,0
09/11/2026 06:06:08,System.Runtime,dotnet.gc.last_collection.heap.fragmentation.size (By)[gc.heap.generation=gen1],Metric,0
09/11/2026 06:06:08,System.Runtime,dotnet.timer.count ({timer}),Metric,3
09/11/2026 06:06:08,System.Runtime,dotnet.assembly.count ({assembly}),Metric,61
09/11/2026 06:06:08,System.Runtime,dotnet.gc.heap.total_allocated (By / 1 sec),Rate,131200
09/11/2026 06:06:08,System.Runtime,dotnet.gc.last_collection.heap.size (By)[gc.heap.generation=gen0],Metric,0
09/11/2026 06:06:08,System.Runtime,dotnet.gc.last_collection.heap.size (By)[gc.heap.generation=loh],Metric,0
09/11/2026 06:06:08,System.Runtime,dotnet.gc.last_collection.heap.size (By)[gc.heap.generation=poh],Metric,0
09/11/2026 06:06:08,System.Runtime,dotnet.gc.last_collection.heap.size (By)[gc.heap.generation=gen2],Metric,0
09/11/2026 06:06:08,System.Runtime,dotnet.gc.last_collection.heap.size (By)[gc.heap.generation=gen1],Metric,0
09/11/2026 06:06:08,System.Runtime,dotnet.thread_pool.work_item.count ({work_item} / 1 sec),Rate,601
09/11/2026 06:06:08,System.Runtime,dotnet.process.memory.working_set (By),Metric,107085824
09/11/2026 06:06:08,System.Runtime,dotnet.thread_pool.thread.count ({thread} / 1 sec),Rate,0
09/11/2026 06:06:08,System.Runtime,dotnet.jit.compilation.time (s / 1 sec),Rate,0
09/11/2026 06:06:09,System.Runtime,dotnet.jit.compiled_il.size (By / 1 sec),Rate,0
09/11/2026 06:06:09,System.Runtime,dotnet.jit.compiled_methods ({method} / 1 sec),Rate,0
09/11/2026 06:06:09,System.Runtime,dotnet.monitor.lock_contentions ({contention} / 1 sec),Rate,0
09/11/2026 06:06:09,System.Runtime,dotnet.gc.collections ({collection} / 1 sec)[gc.heap.generation=gen0],Rate,0
09/11/2026 06:06:09,System.Runtime,dotnet.gc.collections ({collection} / 1 sec)[gc.heap.generation=gen2],Rate,0
09/11/2026 06:06:09,System.Runtime,dotnet.gc.collections ({collection} / 1 sec)[gc.heap.generation=gen1],Rate,0
09/11/2026 06:06:09,System.Runtime,dotnet.process.cpu.time (s / 1 sec)[cpu.mode=user],Rate,0.5283349999999984
09/11/2026 06:06:09,System.Runtime,dotnet.process.cpu.time (s / 1 sec)[cpu.mode=system],Rate,0.03609799999999996
09/11/2026 06:06:09,System.Runtime,dotnet.process.cpu.count ({cpu}),Metric,15
09/11/2026 06:06:09,System.Runtime,dotnet.gc.pause.time (s / 1 sec),Rate,0
09/11/2026 06:06:09,System.Runtime,dotnet.thread_pool.queue.length ({work_item} / 1 sec),Rate,0
09/11/2026 06:06:09,System.Runtime,dotnet.gc.last_collection.memory.committed_size (By),Metric,0
09/11/2026 06:06:09,System.Runtime,dotnet.gc.last_collection.heap.fragmentation.size (By)[gc.heap.generation=gen0],Metric,0
09/11/2026 06:06:09,System.Runtime,dotnet.gc.last_collection.heap.fragmentation.size (By)[gc.heap.generation=loh],Metric,0
09/11/2026 06:06:09,System.Runtime,dotnet.gc.last_collection.heap.fragmentation.size (By)[gc.heap.generation=poh],Metric,0
09/11/2026 06:06:09,System.Runtime,dotnet.gc.last_collection.heap.fragmentation.size (By)[gc.heap.generation=gen2],Metric,0
09/11/2026 06:06:09,System.Runtime,dotnet.gc.last_collection.heap.fragmentation.size (By)[gc.heap.generation=gen1],Metric,0
09/11/2026 06:06:09,System.Runtime,dotnet.timer.count ({timer}),Metric,2
09/11/2026 06:06:09,System.Runtime,dotnet.assembly.count ({assembly}),Metric,61
09/11/2026 06:06:09,System.Runtime,dotnet.gc.heap.total_allocated (By / 1 sec),Rate,146592
09/11/2026 06:06:09,System.Runtime,dotnet.gc.last_collection.heap.size (By)[gc.heap.generation=gen0],Metric,0
09/11/2026 06:06:09,System.Runtime,dotnet.gc.last_collection.heap.size (By)[gc.heap.generation=loh],Metric,0
09/11/2026 06:06:09,System.Runtime,dotnet.gc.last_collection.heap.size (By)[gc.heap.generation=poh],Metric,0
09/11/2026 06:06:09,System.Runtime,dotnet.gc.last_collection.heap.size (By)[gc.heap.generation=gen2],Metric,0
09/11/2026 06:06:09,System.Runtime,dotnet.gc.last_collection.heap.size (By)[gc.heap.generation=gen1],Metric,0
09/11/2026 06:06:09,System.Runtime,dotnet.thread_pool.work_item.count ({work_item} / 1 sec),Rate,599
09/11/2026 06:06:09,System.Runtime,dotnet.process.memory.working_set (By),Metric,107233280
09/11/2026 06:06:09,System.Runtime,dotnet.thread_pool.thread.count ({thread} / 1 sec),Rate,0
09/11/2026 06:06:09,System.Runtime,dotnet.jit.compilation.time (s / 1 sec),Rate,0
09/11/2026 06:06:10,System.Runtime,dotnet.jit.compiled_il.size (By / 1 sec),Rate,0
09/11/2026 06:06:10,System.Runtime,dotnet.jit.compiled_methods ({method} / 1 sec),Rate,0
09/11/2026 06:06:10,System.Runtime,dotnet.monitor.lock_contentions ({contention} / 1 sec),Rate,0
09/11/2026 06:06:10,System.Runtime,dotnet.gc.collections ({collection} / 1 sec)[gc.heap.generation=gen0],Rate,0
09/11/2026 06:06:10,System.Runtime,dotnet.gc.collections ({collection} / 1 sec)[gc.heap.generation=gen2],Rate,0
09/11/2026 06:06:10,System.Runtime,dotnet.gc.collections ({collection} / 1 sec)[gc.heap.generation=gen1],Rate,0
09/11/2026 06:06:10,System.Runtime,dotnet.process.cpu.time (s / 1 sec)[cpu.mode=user],Rate,0.5329870000000057
09/11/2026 06:06:10,System.Runtime,dotnet.process.cpu.time (s / 1 sec)[cpu.mode=system],Rate,0.0373070000000002
09/11/2026 06:06:10,System.Runtime,dotnet.process.cpu.count ({cpu}),Metric,15
09/11/2026 06:06:10,System.Runtime,dotnet.gc.pause.time (s / 1 sec),Rate,0
09/11/2026 06:06:10,System.Runtime,dotnet.thread_pool.queue.length ({work_item} / 1 sec),Rate,0
09/11/2026 06:06:10,System.Runtime,dotnet.gc.last_collection.memory.committed_size (By),Metric,0
09/11/2026 06:06:10,System.Runtime,dotnet.gc.last_collection.heap.fragmentation.size (By)[gc.heap.generation=gen0],Metric,0
09/11/2026 06:06:10,System.Runtime,dotnet.gc.last_collection.heap.fragmentation.size (By)[gc.heap.generation=loh],Metric,0
09/11/2026 06:06:10,System.Runtime,dotnet.gc.last_collection.heap.fragmentation.size (By)[gc.heap.generation=poh],Metric,0
09/11/2026 06:06:10,System.Runtime,dotnet.gc.last_collection.heap.fragmentation.size (By)[gc.heap.generation=gen2],Metric,0
09/11/2026 06:06:10,System.Runtime,dotnet.gc.last_collection.heap.fragmentation.size (By)[gc.heap.generation=gen1],Metric,0
09/11/2026 06:06:10,System.Runtime,dotnet.timer.count ({timer}),Metric,3
09/11/2026 06:06:10,System.Runtime,dotnet.assembly.count ({assembly}),Metric,61
09/11/2026 06:06:10,System.Runtime,dotnet.gc.heap.total_allocated (By / 1 sec),Rate,122984
09/11/2026 06:06:10,System.Runtime,dotnet.gc.last_collection.heap.size (By)[gc.heap.generation=gen0],Metric,0
09/11/2026 06:06:10,System.Runtime,dotnet.gc.last_collection.heap.size (By)[gc.heap.generation=loh],Metric,0
09/11/2026 06:06:10,System.Runtime,dotnet.gc.last_collection.heap.size (By)[gc.heap.generation=poh],Metric,0
09/11/2026 06:06:10,System.Runtime,dotnet.gc.last_collection.heap.size (By)[gc.heap.generation=gen2],Metric,0
09/11/2026 06:06:10,System.Runtime,dotnet.gc.last_collection.heap.size (By)[gc.heap.generation=gen1],Metric,0
09/11/2026 06:06:10,System.Runtime,dotnet.thread_pool.work_item.count ({work_item} / 1 sec),Rate,604
09/11/2026 06:06:10,System.Runtime,dotnet.process.memory.working_set (By),Metric,107380736
09/11/2026 06:06:10,System.Runtime,dotnet.thread_pool.thread.count ({thread} / 1 sec),Rate,0
09/11/2026 06:06:10,System.Runtime,dotnet.jit.compilation.time (s / 1 sec),Rate,0
09/11/2026 06:06:11,System.Runtime,dotnet.jit.compiled_il.size (By / 1 sec),Rate,0
09/11/2026 06:06:11,System.Runtime,dotnet.jit.compiled_methods ({method} / 1 sec),Rate,0
09/11/2026 06:06:11,System.Runtime,dotnet.monitor.lock_contentions ({contention} / 1 sec),Rate,0
09/11/2026 06:06:11,System.Runtime,dotnet.gc.collections ({collection} / 1 sec)[gc.heap.generation=gen0],Rate,0
09/11/2026 06:06:11,System.Runtime,dotnet.gc.collections ({collection} / 1 sec)[gc.heap.generation=gen2],Rate,0
09/11/2026 06:06:11,System.Runtime,dotnet.gc.collections ({collection} / 1 sec)[gc.heap.generation=gen1],Rate,0
09/11/2026 06:06:11,System.Runtime,dotnet.process.cpu.time (s / 1 sec)[cpu.mode=user],Rate,0.5343979999999959
09/11/2026 06:06:11,System.Runtime,dotnet.process.cpu.time (s / 1 sec)[cpu.mode=system],Rate,0.038149999999999906
09/11/2026 06:06:11,System.Runtime,dotnet.process.cpu.count ({cpu}),Metric,15
09/11/2026 06:06:11,System.Runtime,dotnet.gc.pause.time (s / 1 sec),Rate,0
09/11/2026 06:06:11,System.Runtime,dotnet.thread_pool.queue.length ({work_item} / 1 sec),Rate,0
09/11/2026 06:06:11,System.Runtime,dotnet.gc.last_collection.memory.committed_size (By),Metric,0
09/11/2026 06:06:11,System.Runtime,dotnet.gc.last_collection.heap.fragmentation.size (By)[gc.heap.generation=gen0],Metric,0
09/11/2026 06:06:11,System.Runtime,dotnet.gc.last_collection.heap.fragmentation.size (By)[gc.heap.generation=loh],Metric,0
09/11/2026 06:06:11,System.Runtime,dotnet.gc.last_collection.heap.fragmentation.size (By)[gc.heap.generation=poh],Metric,0
09/11/2026 06:06:11,System.Runtime,dotnet.gc.last_collection.heap.fragmentation.size (By)[gc.heap.generation=gen2],Metric,0
09/11/2026 06:06:11,System.Runtime,dotnet.gc.last_collection.heap.fragmentation.size (By)[gc.heap.generation=gen1],Metric,0
09/11/2026 06:06:11,System.Runtime,dotnet.timer.count ({timer}),Metric,3
09/11/2026 06:06:11,System.Runtime,dotnet.assembly.count ({assembly}),Metric,61
09/11/2026 06:06:11,System.Runtime,dotnet.gc.heap.total_allocated (By / 1 sec),Rate,145552
09/11/2026 06:06:11,System.Runtime,dotnet.gc.last_collection.heap.size (By)[gc.heap.generation=gen0],Metric,0
09/11/2026 06:06:11,System.Runtime,dotnet.gc.last_collection.heap.size (By)[gc.heap.generation=loh],Metric,0
09/11/2026 06:06:11,System.Runtime,dotnet.gc.last_collection.heap.size (By)[gc.heap.generation=poh],Metric,0
09/11/2026 06:06:11,System.Runtime,dotnet.gc.last_collection.heap.size (By)[gc.heap.generation=gen2],Metric,0
09/11/2026 06:06:11,System.Runtime,dotnet.gc.last_collection.heap.size (By)[gc.heap.generation=gen1],Metric,0
09/11/2026 06:06:11,System.Runtime,dotnet.thread_pool.work_item.count ({work_item} / 1 sec),Rate,601
09/11/2026 06:06:11,System.Runtime,dotnet.process.memory.working_set (By),Metric,107544576
09/11/2026 06:06:11,System.Runtime,dotnet.thread_pool.thread.count ({thread} / 1 sec),Rate,0
09/11/2026 06:06:11,System.Runtime,dotnet.jit.compilation.time (s / 1 sec),Rate,0
09/11/2026 06:06:12,System.Runtime,dotnet.jit.compiled_il.size (By / 1 sec),Rate,0
09/11/2026 06:06:12,System.Runtime,dotnet.jit.compiled_methods ({method} / 1 sec),Rate,0
09/11/2026 06:06:12,System.Runtime,dotnet.monitor.lock_contentions ({contention} / 1 sec),Rate,0
09/11/2026 06:06:12,System.Runtime,dotnet.gc.collections ({collection} / 1 sec)[gc.heap.generation=gen0],Rate,0
09/11/2026 06:06:12,System.Runtime,dotnet.gc.collections ({collection} / 1 sec)[gc.heap.generation=gen2],Rate,0
09/11/2026 06:06:12,System.Runtime,dotnet.gc.collections ({collection} / 1 sec)[gc.heap.generation=gen1],Rate,0
09/11/2026 06:06:12,System.Runtime,dotnet.process.cpu.time (s / 1 sec)[cpu.mode=user],Rate,0.5299250000000058
09/11/2026 06:06:12,System.Runtime,dotnet.process.cpu.time (s / 1 sec)[cpu.mode=system],Rate,0.0358660000000004
09/11/2026 06:06:12,System.Runtime,dotnet.process.cpu.count ({cpu}),Metric,15
09/11/2026 06:06:12,System.Runtime,dotnet.gc.pause.time (s / 1 sec),Rate,0
09/11/2026 06:06:12,System.Runtime,dotnet.thread_pool.queue.length ({work_item} / 1 sec),Rate,0
09/11/2026 06:06:12,System.Runtime,dotnet.gc.last_collection.memory.committed_size (By),Metric,0
09/11/2026 06:06:12,System.Runtime,dotnet.gc.last_collection.heap.fragmentation.size (By)[gc.heap.generation=gen0],Metric,0
09/11/2026 06:06:12,System.Runtime,dotnet.gc.last_collection.heap.fragmentation.size (By)[gc.heap.generation=loh],Metric,0
09/11/2026 06:06:12,System.Runtime,dotnet.gc.last_collection.heap.fragmentation.size (By)[gc.heap.generation=poh],Metric,0
09/11/2026 06:06:12,System.Runtime,dotnet.gc.last_collection.heap.fragmentation.size (By)[gc.heap.generation=gen2],Metric,0
09/11/2026 06:06:12,System.Runtime,dotnet.gc.last_collection.heap.fragmentation.size (By)[gc.heap.generation=gen1],Metric,0
09/11/2026 06:06:12,System.Runtime,dotnet.timer.count ({timer}),Metric,2
09/11/2026 06:06:12,System.Runtime,dotnet.assembly.count ({assembly}),Metric,61
09/11/2026 06:06:12,System.Runtime,dotnet.gc.heap.total_allocated (By / 1 sec),Rate,122920
09/11/2026 06:06:12,System.Runtime,dotnet.gc.last_collection.heap.size (By)[gc.heap.generation=gen0],Metric,0
09/11/2026 06:06:12,System.Runtime,dotnet.gc.last_collection.heap.size (By)[gc.heap.generation=loh],Metric,0
09/11/2026 06:06:12,System.Runtime,dotnet.gc.last_collection.heap.size (By)[gc.heap.generation=poh],Metric,0
09/11/2026 06:06:12,System.Runtime,dotnet.gc.last_collection.heap.size (By)[gc.heap.generation=gen2],Metric,0
09/11/2026 06:06:12,System.Runtime,dotnet.gc.last_collection.heap.size (By)[gc.heap.generation=gen1],Metric,0
09/11/2026 06:06:12,System.Runtime,dotnet.thread_pool.work_item.count ({work_item} / 1 sec),Rate,598
09/11/2026 06:06:12,System.Runtime,dotnet.process.memory.working_set (By),Metric,107692032
09/11/2026 06:06:12,System.Runtime,dotnet.thread_pool.thread.count ({thread} / 1 sec),Rate,0
09/11/2026 06:06:12,System.Runtime,dotnet.jit.compilation.time (s / 1 sec),Rate,0
09/11/2026 06:06:13,System.Runtime,dotnet.jit.compiled_il.size (By / 1 sec),Rate,0
09/11/2026 06:06:13,System.Runtime,dotnet.jit.compiled_methods ({method} / 1 sec),Rate,0
09/11/2026 06:06:13,System.Runtime,dotnet.monitor.lock_contentions ({contention} / 1 sec),Rate,0
09/11/2026 06:06:13,System.Runtime,dotnet.gc.collections ({collection} / 1 sec)[gc.heap.generation=gen0],Rate,0
09/11/2026 06:06:13,System.Runtime,dotnet.gc.collections ({collection} / 1 sec)[gc.heap.generation=gen2],Rate,0
09/11/2026 06:06:13,System.Runtime,dotnet.gc.collections ({collection} / 1 sec)[gc.heap.generation=gen1],Rate,0
09/11/2026 06:06:13,System.Runtime,dotnet.process.cpu.time (s / 1 sec)[cpu.mode=user],Rate,0.5307490000000001
09/11/2026 06:06:13,System.Runtime,dotnet.process.cpu.time (s / 1 sec)[cpu.mode=system],Rate,0.03634399999999971
09/11/2026 06:06:13,System.Runtime,dotnet.process.cpu.count ({cpu}),Metric,15
09/11/2026 06:06:13,System.Runtime,dotnet.gc.pause.time (s / 1 sec),Rate,0
09/11/2026 06:06:13,System.Runtime,dotnet.thread_pool.queue.length ({work_item} / 1 sec),Rate,0
09/11/2026 06:06:13,System.Runtime,dotnet.gc.last_collection.memory.committed_size (By),Metric,0
09/11/2026 06:06:13,System.Runtime,dotnet.gc.last_collection.heap.fragmentation.size (By)[gc.heap.generation=gen0],Metric,0
09/11/2026 06:06:13,System.Runtime,dotnet.gc.last_collection.heap.fragmentation.size (By)[gc.heap.generation=loh],Metric,0
09/11/2026 06:06:13,System.Runtime,dotnet.gc.last_collection.heap.fragmentation.size (By)[gc.heap.generation=poh],Metric,0
09/11/2026 06:06:13,System.Runtime,dotnet.gc.last_collection.heap.fragmentation.size (By)[gc.heap.generation=gen2],Metric,0
09/11/2026 06:06:13,System.Runtime,dotnet.gc.last_collection.heap.fragmentation.size (By)[gc.heap.generation=gen1],Metric,0
09/11/2026 06:06:13,System.Runtime,dotnet.timer.count ({timer}),Metric,2
09/11/2026 06:06:13,System.Runtime,dotnet.assembly.count ({assembly}),Metric,61
09/11/2026 06:06:13,System.Runtime,dotnet.gc.heap.total_allocated (By / 1 sec),Rate,154776
09/11/2026 06:06:13,System.Runtime,dotnet.gc.last_collection.heap.size (By)[gc.heap.generation=gen0],Metric,0
09/11/2026 06:06:13,System.Runtime,dotnet.gc.last_collection.heap.size (By)[gc.heap.generation=loh],Metric,0
09/11/2026 06:06:13,System.Runtime,dotnet.gc.last_collection.heap.size (By)[gc.heap.generation=poh],Metric,0
09/11/2026 06:06:13,System.Runtime,dotnet.gc.last_collection.heap.size (By)[gc.heap.generation=gen2],Metric,0
09/11/2026 06:06:13,System.Runtime,dotnet.gc.last_collection.heap.size (By)[gc.heap.generation=gen1],Metric,0
09/11/2026 06:06:13,System.Runtime,dotnet.thread_pool.work_item.count ({work_item} / 1 sec),Rate,601
09/11/2026 06:06:13,System.Runtime,dotnet.process.memory.working_set (By),Metric,107855872
09/11/2026 06:06:13,System.Runtime,dotnet.thread_pool.thread.count ({thread} / 1 sec),Rate,0
09/11/2026 06:06:13,System.Runtime,dotnet.jit.compilation.time (s / 1 sec),Rate,0
09/11/2026 06:06:14,System.Runtime,dotnet.jit.compiled_il.size (By / 1 sec),Rate,0
09/11/2026 06:06:14,System.Runtime,dotnet.jit.compiled_methods ({method} / 1 sec),Rate,0
09/11/2026 06:06:14,System.Runtime,dotnet.monitor.lock_contentions ({contention} / 1 sec),Rate,0
09/11/2026 06:06:14,System.Runtime,dotnet.gc.collections ({collection} / 1 sec)[gc.heap.generation=gen0],Rate,0
09/11/2026 06:06:14,System.Runtime,dotnet.gc.collections ({collection} / 1 sec)[gc.heap.generation=gen2],Rate,0
09/11/2026 06:06:14,System.Runtime,dotnet.gc.collections ({collection} / 1 sec)[gc.heap.generation=gen1],Rate,0
09/11/2026 06:06:14,System.Runtime,dotnet.process.cpu.time (s / 1 sec)[cpu.mode=user],Rate,0.5340749999999872
09/11/2026 06:06:14,System.Runtime,dotnet.process.cpu.time (s / 1 sec)[cpu.mode=system],Rate,0.039074000000000275
09/11/2026 06:06:14,System.Runtime,dotnet.process.cpu.count ({cpu}),Metric,15
09/11/2026 06:06:14,System.Runtime,dotnet.gc.pause.time (s / 1 sec),Rate,0
09/11/2026 06:06:14,System.Runtime,dotnet.thread_pool.queue.length ({work_item} / 1 sec),Rate,0
09/11/2026 06:06:14,System.Runtime,dotnet.gc.last_collection.memory.committed_size (By),Metric,0
09/11/2026 06:06:14,System.Runtime,dotnet.gc.last_collection.heap.fragmentation.size (By)[gc.heap.generation=gen0],Metric,0
09/11/2026 06:06:14,System.Runtime,dotnet.gc.last_collection.heap.fragmentation.size (By)[gc.heap.generation=loh],Metric,0
09/11/2026 06:06:14,System.Runtime,dotnet.gc.last_collection.heap.fragmentation.size (By)[gc.heap.generation=poh],Metric,0
09/11/2026 06:06:14,System.Runtime,dotnet.gc.last_collection.heap.fragmentation.size (By)[gc.heap.generation=gen2],Metric,0
09/11/2026 06:06:14,System.Runtime,dotnet.gc.last_collection.heap.fragmentation.size (By)[gc.heap.generation=gen1],Metric,0
09/11/2026 06:06:14,System.Runtime,dotnet.timer.count ({timer}),Metric,3
09/11/2026 06:06:14,System.Runtime,dotnet.assembly.count ({assembly}),Metric,61
09/11/2026 06:06:14,System.Runtime,dotnet.gc.heap.total_allocated (By / 1 sec),Rate,123016
09/11/2026 06:06:14,System.Runtime,dotnet.gc.last_collection.heap.size (By)[gc.heap.generation=gen0],Metric,0
09/11/2026 06:06:14,System.Runtime,dotnet.gc.last_collection.heap.size (By)[gc.heap.generation=loh],Metric,0
09/11/2026 06:06:14,System.Runtime,dotnet.gc.last_collection.heap.size (By)[gc.heap.generation=poh],Metric,0
09/11/2026 06:06:14,System.Runtime,dotnet.gc.last_collection.heap.size (By)[gc.heap.generation=gen2],Metric,0
09/11/2026 06:06:14,System.Runtime,dotnet.gc.last_collection.heap.size (By)[gc.heap.generation=gen1],Metric,0
09/11/2026 06:06:14,System.Runtime,dotnet.thread_pool.work_item.count ({work_item} / 1 sec),Rate,605
09/11/2026 06:06:14,System.Runtime,dotnet.process.memory.working_set (By),Metric,107986944
09/11/2026 06:06:14,System.Runtime,dotnet.thread_pool.thread.count ({thread} / 1 sec),Rate,0
09/11/2026 06:06:14,System.Runtime,dotnet.jit.compilation.time (s / 1 sec),Rate,0
09/11/2026 06:06:15,System.Runtime,dotnet.jit.compiled_il.size (By / 1 sec),Rate,0
09/11/2026 06:06:15,System.Runtime,dotnet.jit.compiled_methods ({method} / 1 sec),Rate,0
09/11/2026 06:06:15,System.Runtime,dotnet.monitor.lock_contentions ({contention} / 1 sec),Rate,0
09/11/2026 06:06:15,System.Runtime,dotnet.gc.collections ({collection} / 1 sec)[gc.heap.generation=gen0],Rate,0
09/11/2026 06:06:15,System.Runtime,dotnet.gc.collections ({collection} / 1 sec)[gc.heap.generation=gen2],Rate,0
09/11/2026 06:06:15,System.Runtime,dotnet.gc.collections ({collection} / 1 sec)[gc.heap.generation=gen1],Rate,0
09/11/2026 06:06:15,System.Runtime,dotnet.process.cpu.time (s / 1 sec)[cpu.mode=user],Rate,0.533046000000013
09/11/2026 06:06:15,System.Runtime,dotnet.process.cpu.time (s / 1 sec)[cpu.mode=system],Rate,0.039049999999999585
09/11/2026 06:06:15,System.Runtime,dotnet.process.cpu.count ({cpu}),Metric,15
09/11/2026 06:06:15,System.Runtime,dotnet.gc.pause.time (s / 1 sec),Rate,0
09/11/2026 06:06:15,System.Runtime,dotnet.thread_pool.queue.length ({work_item} / 1 sec),Rate,0
09/11/2026 06:06:15,System.Runtime,dotnet.gc.last_collection.memory.committed_size (By),Metric,0
09/11/2026 06:06:15,System.Runtime,dotnet.gc.last_collection.heap.fragmentation.size (By)[gc.heap.generation=gen0],Metric,0
09/11/2026 06:06:15,System.Runtime,dotnet.gc.last_collection.heap.fragmentation.size (By)[gc.heap.generation=loh],Metric,0
09/11/2026 06:06:15,System.Runtime,dotnet.gc.last_collection.heap.fragmentation.size (By)[gc.heap.generation=poh],Metric,0
09/11/2026 06:06:15,System.Runtime,dotnet.gc.last_collection.heap.fragmentation.size (By)[gc.heap.generation=gen2],Metric,0
09/11/2026 06:06:15,System.Runtime,dotnet.gc.last_collection.heap.fragmentation.size (By)[gc.heap.generation=gen1],Metric,0
09/11/2026 06:06:15,System.Runtime,dotnet.timer.count ({timer}),Metric,3
09/11/2026 06:06:15,System.Runtime,dotnet.assembly.count ({assembly}),Metric,61
09/11/2026 06:06:15,System.Runtime,dotnet.gc.heap.total_allocated (By / 1 sec),Rate,147536
09/11/2026 06:06:15,System.Runtime,dotnet.gc.last_collection.heap.size (By)[gc.heap.generation=gen0],Metric,0
09/11/2026 06:06:15,System.Runtime,dotnet.gc.last_collection.heap.size (By)[gc.heap.generation=loh],Metric,0
09/11/2026 06:06:15,System.Runtime,dotnet.gc.last_collection.heap.size (By)[gc.heap.generation=poh],Metric,0
09/11/2026 06:06:15,System.Runtime,dotnet.gc.last_collection.heap.size (By)[gc.heap.generation=gen2],Metric,0
09/11/2026 06:06:15,System.Runtime,dotnet.gc.last_collection.heap.size (By)[gc.heap.generation=gen1],Metric,0
09/11/2026 06:06:15,System.Runtime,dotnet.thread_pool.work_item.count ({work_item} / 1 sec),Rate,601
09/11/2026 06:06:15,System.Runtime,dotnet.process.memory.working_set (By),Metric,108167168
09/11/2026 06:06:15,System.Runtime,dotnet.thread_pool.thread.count ({thread} / 1 sec),Rate,0
09/11/2026 06:06:15,System.Runtime,dotnet.jit.compilation.time (s / 1 sec),Rate,0
09/11/2026 06:06:16,System.Runtime,dotnet.jit.compiled_il.size (By / 1 sec),Rate,0
09/11/2026 06:06:16,System.Runtime,dotnet.jit.compiled_methods ({method} / 1 sec),Rate,0
09/11/2026 06:06:16,System.Runtime,dotnet.monitor.lock_contentions ({contention} / 1 sec),Rate,0
09/11/2026 06:06:16,System.Runtime,dotnet.gc.collections ({collection} / 1 sec)[gc.heap.generation=gen0],Rate,0
09/11/2026 06:06:16,System.Runtime,dotnet.gc.collections ({collection} / 1 sec)[gc.heap.generation=gen2],Rate,0
09/11/2026 06:06:16,System.Runtime,dotnet.gc.collections ({collection} / 1 sec)[gc.heap.generation=gen1],Rate,0
09/11/2026 06:06:16,System.Runtime,dotnet.process.cpu.time (s / 1 sec)[cpu.mode=user],Rate,0.5314459999999883
09/11/2026 06:06:16,System.Runtime,dotnet.process.cpu.time (s / 1 sec)[cpu.mode=system],Rate,0.03666800000000059
09/11/2026 06:06:16,System.Runtime,dotnet.process.cpu.count ({cpu}),Metric,15
09/11/2026 06:06:16,System.Runtime,dotnet.gc.pause.time (s / 1 sec),Rate,0
09/11/2026 06:06:16,System.Runtime,dotnet.thread_pool.queue.length ({work_item} / 1 sec),Rate,0
09/11/2026 06:06:16,System.Runtime,dotnet.gc.last_collection.memory.committed_size (By),Metric,0
09/11/2026 06:06:16,System.Runtime,dotnet.gc.last_collection.heap.fragmentation.size (By)[gc.heap.generation=gen0],Metric,0
09/11/2026 06:06:16,System.Runtime,dotnet.gc.last_collection.heap.fragmentation.size (By)[gc.heap.generation=loh],Metric,0
09/11/2026 06:06:16,System.Runtime,dotnet.gc.last_collection.heap.fragmentation.size (By)[gc.heap.generation=poh],Metric,0
09/11/2026 06:06:16,System.Runtime,dotnet.gc.last_collection.heap.fragmentation.size (By)[gc.heap.generation=gen2],Metric,0
09/11/2026 06:06:16,System.Runtime,dotnet.gc.last_collection.heap.fragmentation.size (By)[gc.heap.generation=gen1],Metric,0
09/11/2026 06:06:16,System.Runtime,dotnet.timer.count ({timer}),Metric,3
09/11/2026 06:06:16,System.Runtime,dotnet.assembly.count ({assembly}),Metric,61
09/11/2026 06:06:16,System.Runtime,dotnet.gc.heap.total_allocated (By / 1 sec),Rate,131200
09/11/2026 06:06:16,System.Runtime,dotnet.gc.last_collection.heap.size (By)[gc.heap.generation=gen0],Metric,0
09/11/2026 06:06:16,System.Runtime,dotnet.gc.last_collection.heap.size (By)[gc.heap.generation=loh],Metric,0
09/11/2026 06:06:16,System.Runtime,dotnet.gc.last_collection.heap.size (By)[gc.heap.generation=poh],Metric,0
09/11/2026 06:06:16,System.Runtime,dotnet.gc.last_collection.heap.size (By)[gc.heap.generation=gen2],Metric,0
09/11/2026 06:06:16,System.Runtime,dotnet.gc.last_collection.heap.size (By)[gc.heap.generation=gen1],Metric,0
09/11/2026 06:06:16,System.Runtime,dotnet.thread_pool.work_item.count ({work_item} / 1 sec),Rate,601
09/11/2026 06:06:16,System.Runtime,dotnet.process.memory.working_set (By),Metric,108331008
09/11/2026 06:06:16,System.Runtime,dotnet.thread_pool.thread.count ({thread} / 1 sec),Rate,0
09/11/2026 06:06:16,System.Runtime,dotnet.jit.compilation.time (s / 1 sec),Rate,0
09/11/2026 06:06:17,System.Runtime,dotnet.jit.compiled_il.size (By / 1 sec),Rate,0
09/11/2026 06:06:17,System.Runtime,dotnet.jit.compiled_methods ({method} / 1 sec),Rate,0
09/11/2026 06:06:17,System.Runtime,dotnet.monitor.lock_contentions ({contention} / 1 sec),Rate,0
09/11/2026 06:06:17,System.Runtime,dotnet.gc.collections ({collection} / 1 sec)[gc.heap.generation=gen0],Rate,0
09/11/2026 06:06:17,System.Runtime,dotnet.gc.collections ({collection} / 1 sec)[gc.heap.generation=gen2],Rate,0
09/11/2026 06:06:17,System.Runtime,dotnet.gc.collections ({collection} / 1 sec)[gc.heap.generation=gen1],Rate,0
09/11/2026 06:06:17,System.Runtime,dotnet.process.cpu.time (s / 1 sec)[cpu.mode=user],Rate,0.5317540000000065
09/11/2026 06:06:17,System.Runtime,dotnet.process.cpu.time (s / 1 sec)[cpu.mode=system],Rate,0.03678999999999988
09/11/2026 06:06:17,System.Runtime,dotnet.process.cpu.count ({cpu}),Metric,15
09/11/2026 06:06:17,System.Runtime,dotnet.gc.pause.time (s / 1 sec),Rate,0
09/11/2026 06:06:17,System.Runtime,dotnet.thread_pool.queue.length ({work_item} / 1 sec),Rate,0
09/11/2026 06:06:17,System.Runtime,dotnet.gc.last_collection.memory.committed_size (By),Metric,0
09/11/2026 06:06:17,System.Runtime,dotnet.gc.last_collection.heap.fragmentation.size (By)[gc.heap.generation=gen0],Metric,0
09/11/2026 06:06:17,System.Runtime,dotnet.gc.last_collection.heap.fragmentation.size (By)[gc.heap.generation=loh],Metric,0
09/11/2026 06:06:17,System.Runtime,dotnet.gc.last_collection.heap.fragmentation.size (By)[gc.heap.generation=poh],Metric,0
09/11/2026 06:06:17,System.Runtime,dotnet.gc.last_collection.heap.fragmentation.size (By)[gc.heap.generation=gen2],Metric,0
09/11/2026 06:06:17,System.Runtime,dotnet.gc.last_collection.heap.fragmentation.size (By)[gc.heap.generation=gen1],Metric,0
09/11/2026 06:06:17,System.Runtime,dotnet.timer.count ({timer}),Metric,3
09/11/2026 06:06:17,System.Runtime,dotnet.assembly.count ({assembly}),Metric,61
09/11/2026 06:06:17,System.Runtime,dotnet.gc.heap.total_allocated (By / 1 sec),Rate,138352
09/11/2026 06:06:17,System.Runtime,dotnet.gc.last_collection.heap.size (By)[gc.heap.generation=gen0],Metric,0
09/11/2026 06:06:17,System.Runtime,dotnet.gc.last_collection.heap.size (By)[gc.heap.generation=loh],Metric,0
09/11/2026 06:06:17,System.Runtime,dotnet.gc.last_collection.heap.size (By)[gc.heap.generation=poh],Metric,0
09/11/2026 06:06:17,System.Runtime,dotnet.gc.last_collection.heap.size (By)[gc.heap.generation=gen2],Metric,0
09/11/2026 06:06:17,System.Runtime,dotnet.gc.last_collection.heap.size (By)[gc.heap.generation=gen1],Metric,0
09/11/2026 06:06:17,System.Runtime,dotnet.thread_pool.work_item.count ({work_item} / 1 sec),Rate,601
09/11/2026 06:06:17,System.Runtime,dotnet.process.memory.working_set (By),Metric,108478464
09/11/2026 06:06:17,System.Runtime,dotnet.thread_pool.thread.count ({thread} / 1 sec),Rate,0
09/11/2026 06:06:17,System.Runtime,dotnet.jit.compilation.time (s / 1 sec),Rate,0
09/11/2026 06:06:18,System.Runtime,dotnet.jit.compiled_il.size (By / 1 sec),Rate,0
09/11/2026 06:06:18,System.Runtime,dotnet.jit.compiled_methods ({method} / 1 sec),Rate,0
09/11/2026 06:06:18,System.Runtime,dotnet.monitor.lock_contentions ({contention} / 1 sec),Rate,0
09/11/2026 06:06:18,System.Runtime,dotnet.gc.collections ({collection} / 1 sec)[gc.heap.generation=gen0],Rate,0
09/11/2026 06:06:18,System.Runtime,dotnet.gc.collections ({collection} / 1 sec)[gc.heap.generation=gen2],Rate,0
09/11/2026 06:06:18,System.Runtime,dotnet.gc.collections ({collection} / 1 sec)[gc.heap.generation=gen1],Rate,0
09/11/2026 06:06:18,System.Runtime,dotnet.process.cpu.time (s / 1 sec)[cpu.mode=user],Rate,0.5322539999999947
09/11/2026 06:06:18,System.Runtime,dotnet.process.cpu.time (s / 1 sec)[cpu.mode=system],Rate,0.037344000000000044
09/11/2026 06:06:18,System.Runtime,dotnet.process.cpu.count ({cpu}),Metric,15
09/11/2026 06:06:18,System.Runtime,dotnet.gc.pause.time (s / 1 sec),Rate,0
09/11/2026 06:06:18,System.Runtime,dotnet.thread_pool.queue.length ({work_item} / 1 sec),Rate,0
09/11/2026 06:06:18,System.Runtime,dotnet.gc.last_collection.memory.committed_size (By),Metric,0
09/11/2026 06:06:18,System.Runtime,dotnet.gc.last_collection.heap.fragmentation.size (By)[gc.heap.generation=gen0],Metric,0
09/11/2026 06:06:18,System.Runtime,dotnet.gc.last_collection.heap.fragmentation.size (By)[gc.heap.generation=loh],Metric,0
09/11/2026 06:06:18,System.Runtime,dotnet.gc.last_collection.heap.fragmentation.size (By)[gc.heap.generation=poh],Metric,0
09/11/2026 06:06:18,System.Runtime,dotnet.gc.last_collection.heap.fragmentation.size (By)[gc.heap.generation=gen2],Metric,0
09/11/2026 06:06:18,System.Runtime,dotnet.gc.last_collection.heap.fragmentation.size (By)[gc.heap.generation=gen1],Metric,0
09/11/2026 06:06:18,System.Runtime,dotnet.timer.count ({timer}),Metric,3
09/11/2026 06:06:18,System.Runtime,dotnet.assembly.count ({assembly}),Metric,61
09/11/2026 06:06:18,System.Runtime,dotnet.gc.heap.total_allocated (By / 1 sec),Rate,131200
09/11/2026 06:06:18,System.Runtime,dotnet.gc.last_collection.heap.size (By)[gc.heap.generation=gen0],Metric,0
09/11/2026 06:06:18,System.Runtime,dotnet.gc.last_collection.heap.size (By)[gc.heap.generation=loh],Metric,0
09/11/2026 06:06:18,System.Runtime,dotnet.gc.last_collection.heap.size (By)[gc.heap.generation=poh],Metric,0
09/11/2026 06:06:18,System.Runtime,dotnet.gc.last_collection.heap.size (By)[gc.heap.generation=gen2],Metric,0
09/11/2026 06:06:18,System.Runtime,dotnet.gc.last_collection.heap.size (By)[gc.heap.generation=gen1],Metric,0
09/11/2026 06:06:18,System.Runtime,dotnet.thread_pool.work_item.count ({work_item} / 1 sec),Rate,601
09/11/2026 06:06:18,System.Runtime,dotnet.process.memory.working_set (By),Metric,108625920
09/11/2026 06:06:18,System.Runtime,dotnet.thread_pool.thread.count ({thread} / 1 sec),Rate,0
09/11/2026 06:06:18,System.Runtime,dotnet.jit.compilation.time (s / 1 sec),Rate,0
09/11/2026 06:06:19,System.Runtime,dotnet.jit.compiled_il.size (By / 1 sec),Rate,324
09/11/2026 06:06:19,System.Runtime,dotnet.jit.compiled_methods ({method} / 1 sec),Rate,1
09/11/2026 06:06:19,System.Runtime,dotnet.monitor.lock_contentions ({contention} / 1 sec),Rate,0
09/11/2026 06:06:19,System.Runtime,dotnet.gc.collections ({collection} / 1 sec)[gc.heap.generation=gen0],Rate,0
09/11/2026 06:06:19,System.Runtime,dotnet.gc.collections ({collection} / 1 sec)[gc.heap.generation=gen2],Rate,0
09/11/2026 06:06:19,System.Runtime,dotnet.gc.collections ({collection} / 1 sec)[gc.heap.generation=gen1],Rate,0
09/11/2026 06:06:19,System.Runtime,dotnet.process.cpu.time (s / 1 sec)[cpu.mode=user],Rate,0.5287620000000004
09/11/2026 06:06:19,System.Runtime,dotnet.process.cpu.time (s / 1 sec)[cpu.mode=system],Rate,0.04085299999999936
09/11/2026 06:06:19,System.Runtime,dotnet.process.cpu.count ({cpu}),Metric,15
09/11/2026 06:06:19,System.Runtime,dotnet.gc.pause.time (s / 1 sec),Rate,0
09/11/2026 06:06:19,System.Runtime,dotnet.thread_pool.queue.length ({work_item} / 1 sec),Rate,0
09/11/2026 06:06:19,System.Runtime,dotnet.gc.last_collection.memory.committed_size (By),Metric,0
09/11/2026 06:06:19,System.Runtime,dotnet.gc.last_collection.heap.fragmentation.size (By)[gc.heap.generation=gen0],Metric,0
09/11/2026 06:06:19,System.Runtime,dotnet.gc.last_collection.heap.fragmentation.size (By)[gc.heap.generation=loh],Metric,0
09/11/2026 06:06:19,System.Runtime,dotnet.gc.last_collection.heap.fragmentation.size (By)[gc.heap.generation=poh],Metric,0
09/11/2026 06:06:19,System.Runtime,dotnet.gc.last_collection.heap.fragmentation.size (By)[gc.heap.generation=gen2],Metric,0
09/11/2026 06:06:19,System.Runtime,dotnet.gc.last_collection.heap.fragmentation.size (By)[gc.heap.generation=gen1],Metric,0
09/11/2026 06:06:19,System.Runtime,dotnet.timer.count ({timer}),Metric,2
09/11/2026 06:06:19,System.Runtime,dotnet.assembly.count ({assembly}),Metric,61
09/11/2026 06:06:19,System.Runtime,dotnet.gc.heap.total_allocated (By / 1 sec),Rate,146592
09/11/2026 06:06:19,System.Runtime,dotnet.gc.last_collection.heap.size (By)[gc.heap.generation=gen0],Metric,0
09/11/2026 06:06:19,System.Runtime,dotnet.gc.last_collection.heap.size (By)[gc.heap.generation=loh],Metric,0
09/11/2026 06:06:19,System.Runtime,dotnet.gc.last_collection.heap.size (By)[gc.heap.generation=poh],Metric,0
09/11/2026 06:06:19,System.Runtime,dotnet.gc.last_collection.heap.size (By)[gc.heap.generation=gen2],Metric,0
09/11/2026 06:06:19,System.Runtime,dotnet.gc.last_collection.heap.size (By)[gc.heap.generation=gen1],Metric,0
09/11/2026 06:06:19,System.Runtime,dotnet.thread_pool.work_item.count ({work_item} / 1 sec),Rate,599
09/11/2026 06:06:19,System.Runtime,dotnet.process.memory.working_set (By),Metric,108806144
09/11/2026 06:06:19,System.Runtime,dotnet.thread_pool.thread.count ({thread} / 1 sec),Rate,0
09/11/2026 06:06:19,System.Runtime,dotnet.jit.compilation.time (s / 1 sec),Rate,0.0010310000000000041
09/11/2026 06:06:20,System.Runtime,dotnet.jit.compiled_il.size (By / 1 sec),Rate,0
09/11/2026 06:06:20,System.Runtime,dotnet.jit.compiled_methods ({method} / 1 sec),Rate,0
09/11/2026 06:06:20,System.Runtime,dotnet.monitor.lock_contentions ({contention} / 1 sec),Rate,0
09/11/2026 06:06:20,System.Runtime,dotnet.gc.collections ({collection} / 1 sec)[gc.heap.generation=gen0],Rate,0
09/11/2026 06:06:20,System.Runtime,dotnet.gc.collections ({collection} / 1 sec)[gc.heap.generation=gen2],Rate,0
09/11/2026 06:06:20,System.Runtime,dotnet.gc.collections ({collection} / 1 sec)[gc.heap.generation=gen1],Rate,0
09/11/2026 06:06:20,System.Runtime,dotnet.process.cpu.time (s / 1 sec)[cpu.mode=user],Rate,0.528804000000008
09/11/2026 06:06:20,System.Runtime,dotnet.process.cpu.time (s / 1 sec)[cpu.mode=system],Rate,0.03793500000000005
09/11/2026 06:06:20,System.Runtime,dotnet.process.cpu.count ({cpu}),Metric,15
09/11/2026 06:06:20,System.Runtime,dotnet.gc.pause.time (s / 1 sec),Rate,0
09/11/2026 06:06:20,System.Runtime,dotnet.thread_pool.queue.length ({work_item} / 1 sec),Rate,0
09/11/2026 06:06:20,System.Runtime,dotnet.gc.last_collection.memory.committed_size (By),Metric,0
09/11/2026 06:06:20,System.Runtime,dotnet.gc.last_collection.heap.fragmentation.size (By)[gc.heap.generation=gen0],Metric,0
09/11/2026 06:06:20,System.Runtime,dotnet.gc.last_collection.heap.fragmentation.size (By)[gc.heap.generation=loh],Metric,0
09/11/2026 06:06:20,System.Runtime,dotnet.gc.last_collection.heap.fragmentation.size (By)[gc.heap.generation=poh],Metric,0
09/11/2026 06:06:20,System.Runtime,dotnet.gc.last_collection.heap.fragmentation.size (By)[gc.heap.generation=gen2],Metric,0
09/11/2026 06:06:20,System.Runtime,dotnet.gc.last_collection.heap.fragmentation.size (By)[gc.heap.generation=gen1],Metric,0
09/11/2026 06:06:20,System.Runtime,dotnet.timer.count ({timer}),Metric,3
09/11/2026 06:06:20,System.Runtime,dotnet.assembly.count ({assembly}),Metric,61
09/11/2026 06:06:20,System.Runtime,dotnet.gc.heap.total_allocated (By / 1 sec),Rate,131128
09/11/2026 06:06:20,System.Runtime,dotnet.gc.last_collection.heap.size (By)[gc.heap.generation=gen0],Metric,0
09/11/2026 06:06:20,System.Runtime,dotnet.gc.last_collection.heap.size (By)[gc.heap.generation=loh],Metric,0
09/11/2026 06:06:20,System.Runtime,dotnet.gc.last_collection.heap.size (By)[gc.heap.generation=poh],Metric,0
09/11/2026 06:06:20,System.Runtime,dotnet.gc.last_collection.heap.size (By)[gc.heap.generation=gen2],Metric,0
09/11/2026 06:06:20,System.Runtime,dotnet.gc.last_collection.heap.size (By)[gc.heap.generation=gen1],Metric,0
09/11/2026 06:06:20,System.Runtime,dotnet.thread_pool.work_item.count ({work_item} / 1 sec),Rate,604
09/11/2026 06:06:20,System.Runtime,dotnet.process.memory.working_set (By),Metric,108969984
09/11/2026 06:06:20,System.Runtime,dotnet.thread_pool.thread.count ({thread} / 1 sec),Rate,0
09/11/2026 06:06:20,System.Runtime,dotnet.jit.compilation.time (s / 1 sec),Rate,0
09/11/2026 06:06:21,System.Runtime,dotnet.jit.compiled_il.size (By / 1 sec),Rate,0
09/11/2026 06:06:21,System.Runtime,dotnet.jit.compiled_methods ({method} / 1 sec),Rate,0
09/11/2026 06:06:21,System.Runtime,dotnet.monitor.lock_contentions ({contention} / 1 sec),Rate,0
09/11/2026 06:06:21,System.Runtime,dotnet.gc.collections ({collection} / 1 sec)[gc.heap.generation=gen0],Rate,0
09/11/2026 06:06:21,System.Runtime,dotnet.gc.collections ({collection} / 1 sec)[gc.heap.generation=gen2],Rate,0
09/11/2026 06:06:21,System.Runtime,dotnet.gc.collections ({collection} / 1 sec)[gc.heap.generation=gen1],Rate,0
09/11/2026 06:06:21,System.Runtime,dotnet.process.cpu.time (s / 1 sec)[cpu.mode=user],Rate,0.5257179999999977
09/11/2026 06:06:21,System.Runtime,dotnet.process.cpu.time (s / 1 sec)[cpu.mode=system],Rate,0.03511500000000023
09/11/2026 06:06:21,System.Runtime,dotnet.process.cpu.count ({cpu}),Metric,15
09/11/2026 06:06:21,System.Runtime,dotnet.gc.pause.time (s / 1 sec),Rate,0
09/11/2026 06:06:21,System.Runtime,dotnet.thread_pool.queue.length ({work_item} / 1 sec),Rate,0
09/11/2026 06:06:21,System.Runtime,dotnet.gc.last_collection.memory.committed_size (By),Metric,0
09/11/2026 06:06:21,System.Runtime,dotnet.gc.last_collection.heap.fragmentation.size (By)[gc.heap.generation=gen0],Metric,0
09/11/2026 06:06:21,System.Runtime,dotnet.gc.last_collection.heap.fragmentation.size (By)[gc.heap.generation=loh],Metric,0
09/11/2026 06:06:21,System.Runtime,dotnet.gc.last_collection.heap.fragmentation.size (By)[gc.heap.generation=poh],Metric,0
09/11/2026 06:06:21,System.Runtime,dotnet.gc.last_collection.heap.fragmentation.size (By)[gc.heap.generation=gen2],Metric,0
09/11/2026 06:06:21,System.Runtime,dotnet.gc.last_collection.heap.fragmentation.size (By)[gc.heap.generation=gen1],Metric,0
09/11/2026 06:06:21,System.Runtime,dotnet.timer.count ({timer}),Metric,2
09/11/2026 06:06:21,System.Runtime,dotnet.assembly.count ({assembly}),Metric,61
09/11/2026 06:06:21,System.Runtime,dotnet.gc.heap.total_allocated (By / 1 sec),Rate,138376
09/11/2026 06:06:21,System.Runtime,dotnet.gc.last_collection.heap.size (By)[gc.heap.generation=gen0],Metric,0
09/11/2026 06:06:21,System.Runtime,dotnet.gc.last_collection.heap.size (By)[gc.heap.generation=loh],Metric,0
09/11/2026 06:06:21,System.Runtime,dotnet.gc.last_collection.heap.size (By)[gc.heap.generation=poh],Metric,0
09/11/2026 06:06:21,System.Runtime,dotnet.gc.last_collection.heap.size (By)[gc.heap.generation=gen2],Metric,0
09/11/2026 06:06:21,System.Runtime,dotnet.gc.last_collection.heap.size (By)[gc.heap.generation=gen1],Metric,0
09/11/2026 06:06:21,System.Runtime,dotnet.thread_pool.work_item.count ({work_item} / 1 sec),Rate,598
09/11/2026 06:06:21,System.Runtime,dotnet.process.memory.working_set (By),Metric,109101056
09/11/2026 06:06:21,System.Runtime,dotnet.thread_pool.thread.count ({thread} / 1 sec),Rate,0
09/11/2026 06:06:21,System.Runtime,dotnet.jit.compilation.time (s / 1 sec),Rate,0
09/11/2026 06:06:22,System.Runtime,dotnet.jit.compiled_il.size (By / 1 sec),Rate,0
09/11/2026 06:06:22,System.Runtime,dotnet.jit.compiled_methods ({method} / 1 sec),Rate,0
09/11/2026 06:06:22,System.Runtime,dotnet.monitor.lock_contentions ({contention} / 1 sec),Rate,0
09/11/2026 06:06:22,System.Runtime,dotnet.gc.collections ({collection} / 1 sec)[gc.heap.generation=gen0],Rate,0
09/11/2026 06:06:22,System.Runtime,dotnet.gc.collections ({collection} / 1 sec)[gc.heap.generation=gen2],Rate,0
09/11/2026 06:06:22,System.Runtime,dotnet.gc.collections ({collection} / 1 sec)[gc.heap.generation=gen1],Rate,0
09/11/2026 06:06:22,System.Runtime,dotnet.process.cpu.time (s / 1 sec)[cpu.mode=user],Rate,0.5306300000000022
09/11/2026 06:06:22,System.Runtime,dotnet.process.cpu.time (s / 1 sec)[cpu.mode=system],Rate,0.038916999999999646
09/11/2026 06:06:22,System.Runtime,dotnet.process.cpu.count ({cpu}),Metric,15
09/11/2026 06:06:22,System.Runtime,dotnet.gc.pause.time (s / 1 sec),Rate,0
09/11/2026 06:06:22,System.Runtime,dotnet.thread_pool.queue.length ({work_item} / 1 sec),Rate,0
09/11/2026 06:06:22,System.Runtime,dotnet.gc.last_collection.memory.committed_size (By),Metric,0
09/11/2026 06:06:22,System.Runtime,dotnet.gc.last_collection.heap.fragmentation.size (By)[gc.heap.generation=gen0],Metric,0
09/11/2026 06:06:22,System.Runtime,dotnet.gc.last_collection.heap.fragmentation.size (By)[gc.heap.generation=loh],Metric,0
09/11/2026 06:06:22,System.Runtime,dotnet.gc.last_collection.heap.fragmentation.size (By)[gc.heap.generation=poh],Metric,0
09/11/2026 06:06:22,System.Runtime,dotnet.gc.last_collection.heap.fragmentation.size (By)[gc.heap.generation=gen2],Metric,0
09/11/2026 06:06:22,System.Runtime,dotnet.gc.last_collection.heap.fragmentation.size (By)[gc.heap.generation=gen1],Metric,0
09/11/2026 06:06:22,System.Runtime,dotnet.timer.count ({timer}),Metric,2
09/11/2026 06:06:22,System.Runtime,dotnet.assembly.count ({assembly}),Metric,61
09/11/2026 06:06:22,System.Runtime,dotnet.gc.heap.total_allocated (By / 1 sec),Rate,131136
09/11/2026 06:06:22,System.Runtime,dotnet.gc.last_collection.heap.size (By)[gc.heap.generation=gen0],Metric,0
09/11/2026 06:06:22,System.Runtime,dotnet.gc.last_collection.heap.size (By)[gc.heap.generation=loh],Metric,0
09/11/2026 06:06:22,System.Runtime,dotnet.gc.last_collection.heap.size (By)[gc.heap.generation=poh],Metric,0
09/11/2026 06:06:22,System.Runtime,dotnet.gc.last_collection.heap.size (By)[gc.heap.generation=gen2],Metric,0
09/11/2026 06:06:22,System.Runtime,dotnet.gc.last_collection.heap.size (By)[gc.heap.generation=gen1],Metric,0
09/11/2026 06:06:22,System.Runtime,dotnet.thread_pool.work_item.count ({work_item} / 1 sec),Rate,601
09/11/2026 06:06:22,System.Runtime,dotnet.process.memory.working_set (By),Metric,109248512
09/11/2026 06:06:22,System.Runtime,dotnet.thread_pool.thread.count ({thread} / 1 sec),Rate,0
09/11/2026 06:06:22,System.Runtime,dotnet.jit.compilation.time (s / 1 sec),Rate,0
09/11/2026 06:06:23,System.Runtime,dotnet.jit.compiled_il.size (By / 1 sec),Rate,0
09/11/2026 06:06:23,System.Runtime,dotnet.jit.compiled_methods ({method} / 1 sec),Rate,0
09/11/2026 06:06:23,System.Runtime,dotnet.monitor.lock_contentions ({contention} / 1 sec),Rate,0
09/11/2026 06:06:23,System.Runtime,dotnet.gc.collections ({collection} / 1 sec)[gc.heap.generation=gen0],Rate,0
09/11/2026 06:06:23,System.Runtime,dotnet.gc.collections ({collection} / 1 sec)[gc.heap.generation=gen2],Rate,0
09/11/2026 06:06:23,System.Runtime,dotnet.gc.collections ({collection} / 1 sec)[gc.heap.generation=gen1],Rate,0
09/11/2026 06:06:23,System.Runtime,dotnet.process.cpu.time (s / 1 sec)[cpu.mode=user],Rate,0.5326589999999953
09/11/2026 06:06:23,System.Runtime,dotnet.process.cpu.time (s / 1 sec)[cpu.mode=system],Rate,0.04040800000000022
09/11/2026 06:06:23,System.Runtime,dotnet.process.cpu.count ({cpu}),Metric,15
09/11/2026 06:06:23,System.Runtime,dotnet.gc.pause.time (s / 1 sec),Rate,0
09/11/2026 06:06:23,System.Runtime,dotnet.thread_pool.queue.length ({work_item} / 1 sec),Rate,0
09/11/2026 06:06:23,System.Runtime,dotnet.gc.last_collection.memory.committed_size (By),Metric,0
09/11/2026 06:06:23,System.Runtime,dotnet.gc.last_collection.heap.fragmentation.size (By)[gc.heap.generation=gen0],Metric,0
09/11/2026 06:06:23,System.Runtime,dotnet.gc.last_collection.heap.fragmentation.size (By)[gc.heap.generation=loh],Metric,0
09/11/2026 06:06:23,System.Runtime,dotnet.gc.last_collection.heap.fragmentation.size (By)[gc.heap.generation=poh],Metric,0
09/11/2026 06:06:23,System.Runtime,dotnet.gc.last_collection.heap.fragmentation.size (By)[gc.heap.generation=gen2],Metric,0
09/11/2026 06:06:23,System.Runtime,dotnet.gc.last_collection.heap.fragmentation.size (By)[gc.heap.generation=gen1],Metric,0
09/11/2026 06:06:23,System.Runtime,dotnet.timer.count ({timer}),Metric,3
09/11/2026 06:06:23,System.Runtime,dotnet.assembly.count ({assembly}),Metric,61
09/11/2026 06:06:23,System.Runtime,dotnet.gc.heap.total_allocated (By / 1 sec),Rate,146576
09/11/2026 06:06:23,System.Runtime,dotnet.gc.last_collection.heap.size (By)[gc.heap.generation=gen0],Metric,0
09/11/2026 06:06:23,System.Runtime,dotnet.gc.last_collection.heap.size (By)[gc.heap.generation=loh],Metric,0
09/11/2026 06:06:23,System.Runtime,dotnet.gc.last_collection.heap.size (By)[gc.heap.generation=poh],Metric,0
09/11/2026 06:06:23,System.Runtime,dotnet.gc.last_collection.heap.size (By)[gc.heap.generation=gen2],Metric,0
09/11/2026 06:06:23,System.Runtime,dotnet.gc.last_collection.heap.size (By)[gc.heap.generation=gen1],Metric,0
09/11/2026 06:06:23,System.Runtime,dotnet.thread_pool.work_item.count ({work_item} / 1 sec),Rate,604
09/11/2026 06:06:23,System.Runtime,dotnet.process.memory.working_set (By),Metric,109412352
09/11/2026 06:06:23,System.Runtime,dotnet.thread_pool.thread.count ({thread} / 1 sec),Rate,0
09/11/2026 06:06:23,System.Runtime,dotnet.jit.compilation.time (s / 1 sec),Rate,0
09/11/2026 06:06:24,System.Runtime,dotnet.jit.compiled_il.size (By / 1 sec),Rate,0
09/11/2026 06:06:24,System.Runtime,dotnet.jit.compiled_methods ({method} / 1 sec),Rate,0
09/11/2026 06:06:24,System.Runtime,dotnet.monitor.lock_contentions ({contention} / 1 sec),Rate,0
09/11/2026 06:06:24,System.Runtime,dotnet.gc.collections ({collection} / 1 sec)[gc.heap.generation=gen0],Rate,0
09/11/2026 06:06:24,System.Runtime,dotnet.gc.collections ({collection} / 1 sec)[gc.heap.generation=gen2],Rate,0
09/11/2026 06:06:24,System.Runtime,dotnet.gc.collections ({collection} / 1 sec)[gc.heap.generation=gen1],Rate,0
09/11/2026 06:06:24,System.Runtime,dotnet.process.cpu.time (s / 1 sec)[cpu.mode=user],Rate,0.5290009999999938
09/11/2026 06:06:24,System.Runtime,dotnet.process.cpu.time (s / 1 sec)[cpu.mode=system],Rate,0.037809000000000204
09/11/2026 06:06:24,System.Runtime,dotnet.process.cpu.count ({cpu}),Metric,15
09/11/2026 06:06:24,System.Runtime,dotnet.gc.pause.time (s / 1 sec),Rate,0
09/11/2026 06:06:24,System.Runtime,dotnet.thread_pool.queue.length ({work_item} / 1 sec),Rate,0
09/11/2026 06:06:24,System.Runtime,dotnet.gc.last_collection.memory.committed_size (By),Metric,0
09/11/2026 06:06:24,System.Runtime,dotnet.gc.last_collection.heap.fragmentation.size (By)[gc.heap.generation=gen0],Metric,0
09/11/2026 06:06:24,System.Runtime,dotnet.gc.last_collection.heap.fragmentation.size (By)[gc.heap.generation=loh],Metric,0
09/11/2026 06:06:24,System.Runtime,dotnet.gc.last_collection.heap.fragmentation.size (By)[gc.heap.generation=poh],Metric,0
09/11/2026 06:06:24,System.Runtime,dotnet.gc.last_collection.heap.fragmentation.size (By)[gc.heap.generation=gen2],Metric,0
09/11/2026 06:06:24,System.Runtime,dotnet.gc.last_collection.heap.fragmentation.size (By)[gc.heap.generation=gen1],Metric,0
09/11/2026 06:06:24,System.Runtime,dotnet.timer.count ({timer}),Metric,3
09/11/2026 06:06:24,System.Runtime,dotnet.assembly.count ({assembly}),Metric,61
09/11/2026 06:06:24,System.Runtime,dotnet.gc.heap.total_allocated (By / 1 sec),Rate,130192
09/11/2026 06:06:24,System.Runtime,dotnet.gc.last_collection.heap.size (By)[gc.heap.generation=gen0],Metric,0
09/11/2026 06:06:24,System.Runtime,dotnet.gc.last_collection.heap.size (By)[gc.heap.generation=loh],Metric,0
09/11/2026 06:06:24,System.Runtime,dotnet.gc.last_collection.heap.size (By)[gc.heap.generation=poh],Metric,0
09/11/2026 06:06:24,System.Runtime,dotnet.gc.last_collection.heap.size (By)[gc.heap.generation=gen2],Metric,0
09/11/2026 06:06:24,System.Runtime,dotnet.gc.last_collection.heap.size (By)[gc.heap.generation=gen1],Metric,0
09/11/2026 06:06:24,System.Runtime,dotnet.thread_pool.work_item.count ({work_item} / 1 sec),Rate,602
09/11/2026 06:06:24,System.Runtime,dotnet.process.memory.working_set (By),Metric,109543424
09/11/2026 06:06:24,System.Runtime,dotnet.thread_pool.thread.count ({thread} / 1 sec),Rate,0
09/11/2026 06:06:24,System.Runtime,dotnet.jit.compilation.time (s / 1 sec),Rate,0
09/11/2026 06:06:25,System.Runtime,dotnet.jit.compiled_il.size (By / 1 sec),Rate,0
09/11/2026 06:06:25,System.Runtime,dotnet.jit.compiled_methods ({method} / 1 sec),Rate,0
09/11/2026 06:06:25,System.Runtime,dotnet.monitor.lock_contentions ({contention} / 1 sec),Rate,0
09/11/2026 06:06:25,System.Runtime,dotnet.gc.collections ({collection} / 1 sec)[gc.heap.generation=gen0],Rate,0
09/11/2026 06:06:25,System.Runtime,dotnet.gc.collections ({collection} / 1 sec)[gc.heap.generation=gen2],Rate,0
09/11/2026 06:06:25,System.Runtime,dotnet.gc.collections ({collection} / 1 sec)[gc.heap.generation=gen1],Rate,0
09/11/2026 06:06:25,System.Runtime,dotnet.process.cpu.time (s / 1 sec)[cpu.mode=user],Rate,0.5245830000000069
09/11/2026 06:06:25,System.Runtime,dotnet.process.cpu.time (s / 1 sec)[cpu.mode=system],Rate,0.035609
09/11/2026 06:06:25,System.Runtime,dotnet.process.cpu.count ({cpu}),Metric,15
09/11/2026 06:06:25,System.Runtime,dotnet.gc.pause.time (s / 1 sec),Rate,0
09/11/2026 06:06:25,System.Runtime,dotnet.thread_pool.queue.length ({work_item} / 1 sec),Rate,0
09/11/2026 06:06:25,System.Runtime,dotnet.gc.last_collection.memory.committed_size (By),Metric,0
09/11/2026 06:06:25,System.Runtime,dotnet.gc.last_collection.heap.fragmentation.size (By)[gc.heap.generation=gen0],Metric,0
09/11/2026 06:06:25,System.Runtime,dotnet.gc.last_collection.heap.fragmentation.size (By)[gc.heap.generation=loh],Metric,0
09/11/2026 06:06:25,System.Runtime,dotnet.gc.last_collection.heap.fragmentation.size (By)[gc.heap.generation=poh],Metric,0
09/11/2026 06:06:25,System.Runtime,dotnet.gc.last_collection.heap.fragmentation.size (By)[gc.heap.generation=gen2],Metric,0
09/11/2026 06:06:25,System.Runtime,dotnet.gc.last_collection.heap.fragmentation.size (By)[gc.heap.generation=gen1],Metric,0
09/11/2026 06:06:25,System.Runtime,dotnet.timer.count ({timer}),Metric,2
09/11/2026 06:06:25,System.Runtime,dotnet.assembly.count ({assembly}),Metric,61
09/11/2026 06:06:25,System.Runtime,dotnet.gc.heap.total_allocated (By / 1 sec),Rate,131168
09/11/2026 06:06:25,System.Runtime,dotnet.gc.last_collection.heap.size (By)[gc.heap.generation=gen0],Metric,0
09/11/2026 06:06:25,System.Runtime,dotnet.gc.last_collection.heap.size (By)[gc.heap.generation=loh],Metric,0
09/11/2026 06:06:25,System.Runtime,dotnet.gc.last_collection.heap.size (By)[gc.heap.generation=poh],Metric,0
09/11/2026 06:06:25,System.Runtime,dotnet.gc.last_collection.heap.size (By)[gc.heap.generation=gen2],Metric,0
09/11/2026 06:06:25,System.Runtime,dotnet.gc.last_collection.heap.size (By)[gc.heap.generation=gen1],Metric,0
09/11/2026 06:06:25,System.Runtime,dotnet.thread_pool.work_item.count ({work_item} / 1 sec),Rate,598
09/11/2026 06:06:25,System.Runtime,dotnet.process.memory.working_set (By),Metric,109690880
09/11/2026 06:06:25,System.Runtime,dotnet.thread_pool.thread.count ({thread} / 1 sec),Rate,0
09/11/2026 06:06:25,System.Runtime,dotnet.jit.compilation.time (s / 1 sec),Rate,0
09/11/2026 06:06:26,System.Runtime,dotnet.jit.compiled_il.size (By / 1 sec),Rate,0
09/11/2026 06:06:26,System.Runtime,dotnet.jit.compiled_methods ({method} / 1 sec),Rate,0
09/11/2026 06:06:26,System.Runtime,dotnet.monitor.lock_contentions ({contention} / 1 sec),Rate,0
09/11/2026 06:06:26,System.Runtime,dotnet.gc.collections ({collection} / 1 sec)[gc.heap.generation=gen0],Rate,0
09/11/2026 06:06:26,System.Runtime,dotnet.gc.collections ({collection} / 1 sec)[gc.heap.generation=gen2],Rate,0
09/11/2026 06:06:26,System.Runtime,dotnet.gc.collections ({collection} / 1 sec)[gc.heap.generation=gen1],Rate,0
09/11/2026 06:06:26,System.Runtime,dotnet.process.cpu.time (s / 1 sec)[cpu.mode=user],Rate,0.5328119999999927
09/11/2026 06:06:26,System.Runtime,dotnet.process.cpu.time (s / 1 sec)[cpu.mode=system],Rate,0.03867799999999999
09/11/2026 06:06:26,System.Runtime,dotnet.process.cpu.count ({cpu}),Metric,15
09/11/2026 06:06:26,System.Runtime,dotnet.gc.pause.time (s / 1 sec),Rate,0
09/11/2026 06:06:26,System.Runtime,dotnet.thread_pool.queue.length ({work_item} / 1 sec),Rate,0
09/11/2026 06:06:26,System.Runtime,dotnet.gc.last_collection.memory.committed_size (By),Metric,0
09/11/2026 06:06:26,System.Runtime,dotnet.gc.last_collection.heap.fragmentation.size (By)[gc.heap.generation=gen0],Metric,0
09/11/2026 06:06:26,System.Runtime,dotnet.gc.last_collection.heap.fragmentation.size (By)[gc.heap.generation=loh],Metric,0
09/11/2026 06:06:26,System.Runtime,dotnet.gc.last_collection.heap.fragmentation.size (By)[gc.heap.generation=poh],Metric,0
09/11/2026 06:06:26,System.Runtime,dotnet.gc.last_collection.heap.fragmentation.size (By)[gc.heap.generation=gen2],Metric,0
09/11/2026 06:06:26,System.Runtime,dotnet.gc.last_collection.heap.fragmentation.size (By)[gc.heap.generation=gen1],Metric,0
09/11/2026 06:06:26,System.Runtime,dotnet.timer.count ({timer}),Metric,3
09/11/2026 06:06:26,System.Runtime,dotnet.assembly.count ({assembly}),Metric,61
09/11/2026 06:06:26,System.Runtime,dotnet.gc.heap.total_allocated (By / 1 sec),Rate,145552
09/11/2026 06:06:26,System.Runtime,dotnet.gc.last_collection.heap.size (By)[gc.heap.generation=gen0],Metric,0
09/11/2026 06:06:26,System.Runtime,dotnet.gc.last_collection.heap.size (By)[gc.heap.generation=loh],Metric,0
09/11/2026 06:06:26,System.Runtime,dotnet.gc.last_collection.heap.size (By)[gc.heap.generation=poh],Metric,0
09/11/2026 06:06:26,System.Runtime,dotnet.gc.last_collection.heap.size (By)[gc.heap.generation=gen2],Metric,0
09/11/2026 06:06:26,System.Runtime,dotnet.gc.last_collection.heap.size (By)[gc.heap.generation=gen1],Metric,0
09/11/2026 06:06:26,System.Runtime,dotnet.thread_pool.work_item.count ({work_item} / 1 sec),Rate,604
09/11/2026 06:06:26,System.Runtime,dotnet.process.memory.working_set (By),Metric,109854720
09/11/2026 06:06:26,System.Runtime,dotnet.thread_pool.thread.count ({thread} / 1 sec),Rate,0
09/11/2026 06:06:26,System.Runtime,dotnet.jit.compilation.time (s / 1 sec),Rate,0
09/11/2026 06:06:27,System.Runtime,dotnet.jit.compiled_il.size (By / 1 sec),Rate,0
09/11/2026 06:06:27,System.Runtime,dotnet.jit.compiled_methods ({method} / 1 sec),Rate,0
09/11/2026 06:06:27,System.Runtime,dotnet.monitor.lock_contentions ({contention} / 1 sec),Rate,0
09/11/2026 06:06:27,System.Runtime,dotnet.gc.collections ({collection} / 1 sec)[gc.heap.generation=gen0],Rate,0
09/11/2026 06:06:27,System.Runtime,dotnet.gc.collections ({collection} / 1 sec)[gc.heap.generation=gen2],Rate,0
09/11/2026 06:06:27,System.Runtime,dotnet.gc.collections ({collection} / 1 sec)[gc.heap.generation=gen1],Rate,0
09/11/2026 06:06:27,System.Runtime,dotnet.process.cpu.time (s / 1 sec)[cpu.mode=user],Rate,0.5302220000000091
09/11/2026 06:06:27,System.Runtime,dotnet.process.cpu.time (s / 1 sec)[cpu.mode=system],Rate,0.03868199999999966
09/11/2026 06:06:27,System.Runtime,dotnet.process.cpu.count ({cpu}),Metric,15
09/11/2026 06:06:27,System.Runtime,dotnet.gc.pause.time (s / 1 sec),Rate,0
09/11/2026 06:06:27,System.Runtime,dotnet.thread_pool.queue.length ({work_item} / 1 sec),Rate,0
09/11/2026 06:06:27,System.Runtime,dotnet.gc.last_collection.memory.committed_size (By),Metric,0
09/11/2026 06:06:27,System.Runtime,dotnet.gc.last_collection.heap.fragmentation.size (By)[gc.heap.generation=gen0],Metric,0
09/11/2026 06:06:27,System.Runtime,dotnet.gc.last_collection.heap.fragmentation.size (By)[gc.heap.generation=loh],Metric,0
09/11/2026 06:06:27,System.Runtime,dotnet.gc.last_collection.heap.fragmentation.size (By)[gc.heap.generation=poh],Metric,0
09/11/2026 06:06:27,System.Runtime,dotnet.gc.last_collection.heap.fragmentation.size (By)[gc.heap.generation=gen2],Metric,0
09/11/2026 06:06:27,System.Runtime,dotnet.gc.last_collection.heap.fragmentation.size (By)[gc.heap.generation=gen1],Metric,0
09/11/2026 06:06:27,System.Runtime,dotnet.timer.count ({timer}),Metric,3
09/11/2026 06:06:27,System.Runtime,dotnet.assembly.count ({assembly}),Metric,61
09/11/2026 06:06:27,System.Runtime,dotnet.gc.heap.total_allocated (By / 1 sec),Rate,131200
09/11/2026 06:06:27,System.Runtime,dotnet.gc.last_collection.heap.size (By)[gc.heap.generation=gen0],Metric,0
09/11/2026 06:06:27,System.Runtime,dotnet.gc.last_collection.heap.size (By)[gc.heap.generation=loh],Metric,0
09/11/2026 06:06:27,System.Runtime,dotnet.gc.last_collection.heap.size (By)[gc.heap.generation=poh],Metric,0
09/11/2026 06:06:27,System.Runtime,dotnet.gc.last_collection.heap.size (By)[gc.heap.generation=gen2],Metric,0
09/11/2026 06:06:27,System.Runtime,dotnet.gc.last_collection.heap.size (By)[gc.heap.generation=gen1],Metric,0
09/11/2026 06:06:27,System.Runtime,dotnet.thread_pool.work_item.count ({work_item} / 1 sec),Rate,601
09/11/2026 06:06:27,System.Runtime,dotnet.process.memory.working_set (By),Metric,110018560
09/11/2026 06:06:27,System.Runtime,dotnet.thread_pool.thread.count ({thread} / 1 sec),Rate,0
09/11/2026 06:06:27,System.Runtime,dotnet.jit.compilation.time (s / 1 sec),Rate,0
09/11/2026 06:06:28,System.Runtime,dotnet.jit.compiled_il.size (By / 1 sec),Rate,0
09/11/2026 06:06:28,System.Runtime,dotnet.jit.compiled_methods ({method} / 1 sec),Rate,0
09/11/2026 06:06:28,System.Runtime,dotnet.monitor.lock_contentions ({contention} / 1 sec),Rate,0
09/11/2026 06:06:28,System.Runtime,dotnet.gc.collections ({collection} / 1 sec)[gc.heap.generation=gen0],Rate,0
09/11/2026 06:06:28,System.Runtime,dotnet.gc.collections ({collection} / 1 sec)[gc.heap.generation=gen2],Rate,0
09/11/2026 06:06:28,System.Runtime,dotnet.gc.collections ({collection} / 1 sec)[gc.heap.generation=gen1],Rate,0
09/11/2026 06:06:28,System.Runtime,dotnet.process.cpu.time (s / 1 sec)[cpu.mode=user],Rate,0.526403000000002
09/11/2026 06:06:28,System.Runtime,dotnet.process.cpu.time (s / 1 sec)[cpu.mode=system],Rate,0.03606900000000035
09/11/2026 06:06:28,System.Runtime,dotnet.process.cpu.count ({cpu}),Metric,15
09/11/2026 06:06:28,System.Runtime,dotnet.gc.pause.time (s / 1 sec),Rate,0
09/11/2026 06:06:28,System.Runtime,dotnet.thread_pool.queue.length ({work_item} / 1 sec),Rate,0
09/11/2026 06:06:28,System.Runtime,dotnet.gc.last_collection.memory.committed_size (By),Metric,0
09/11/2026 06:06:28,System.Runtime,dotnet.gc.last_collection.heap.fragmentation.size (By)[gc.heap.generation=gen0],Metric,0
09/11/2026 06:06:28,System.Runtime,dotnet.gc.last_collection.heap.fragmentation.size (By)[gc.heap.generation=loh],Metric,0
09/11/2026 06:06:28,System.Runtime,dotnet.gc.last_collection.heap.fragmentation.size (By)[gc.heap.generation=poh],Metric,0
09/11/2026 06:06:28,System.Runtime,dotnet.gc.last_collection.heap.fragmentation.size (By)[gc.heap.generation=gen2],Metric,0
09/11/2026 06:06:28,System.Runtime,dotnet.gc.last_collection.heap.fragmentation.size (By)[gc.heap.generation=gen1],Metric,0
09/11/2026 06:06:28,System.Runtime,dotnet.timer.count ({timer}),Metric,3
09/11/2026 06:06:28,System.Runtime,dotnet.assembly.count ({assembly}),Metric,61
09/11/2026 06:06:28,System.Runtime,dotnet.gc.heap.total_allocated (By / 1 sec),Rate,139272
09/11/2026 06:06:28,System.Runtime,dotnet.gc.last_collection.heap.size (By)[gc.heap.generation=gen0],Metric,0
09/11/2026 06:06:28,System.Runtime,dotnet.gc.last_collection.heap.size (By)[gc.heap.generation=loh],Metric,0
09/11/2026 06:06:28,System.Runtime,dotnet.gc.last_collection.heap.size (By)[gc.heap.generation=poh],Metric,0
09/11/2026 06:06:28,System.Runtime,dotnet.gc.last_collection.heap.size (By)[gc.heap.generation=gen2],Metric,0
09/11/2026 06:06:28,System.Runtime,dotnet.gc.last_collection.heap.size (By)[gc.heap.generation=gen1],Metric,0
09/11/2026 06:06:28,System.Runtime,dotnet.thread_pool.work_item.count ({work_item} / 1 sec),Rate,601
09/11/2026 06:06:28,System.Runtime,dotnet.process.memory.working_set (By),Metric,110198784
09/11/2026 06:06:28,System.Runtime,dotnet.thread_pool.thread.count ({thread} / 1 sec),Rate,0
09/11/2026 06:06:28,System.Runtime,dotnet.jit.compilation.time (s / 1 sec),Rate,0
09/11/2026 06:06:29,System.Runtime,dotnet.jit.compiled_il.size (By / 1 sec),Rate,0
09/11/2026 06:06:29,System.Runtime,dotnet.jit.compiled_methods ({method} / 1 sec),Rate,0
09/11/2026 06:06:29,System.Runtime,dotnet.monitor.lock_contentions ({contention} / 1 sec),Rate,0
09/11/2026 06:06:29,System.Runtime,dotnet.gc.collections ({collection} / 1 sec)[gc.heap.generation=gen0],Rate,0
09/11/2026 06:06:29,System.Runtime,dotnet.gc.collections ({collection} / 1 sec)[gc.heap.generation=gen2],Rate,0
09/11/2026 06:06:29,System.Runtime,dotnet.gc.collections ({collection} / 1 sec)[gc.heap.generation=gen1],Rate,0
09/11/2026 06:06:29,System.Runtime,dotnet.process.cpu.time (s / 1 sec)[cpu.mode=user],Rate,0.5220569999999896
09/11/2026 06:06:29,System.Runtime,dotnet.process.cpu.time (s / 1 sec)[cpu.mode=system],Rate,0.040129999999999555
09/11/2026 06:06:29,System.Runtime,dotnet.process.cpu.count ({cpu}),Metric,15
09/11/2026 06:06:29,System.Runtime,dotnet.gc.pause.time (s / 1 sec),Rate,0
09/11/2026 06:06:29,System.Runtime,dotnet.thread_pool.queue.length ({work_item} / 1 sec),Rate,0
09/11/2026 06:06:29,System.Runtime,dotnet.gc.last_collection.memory.committed_size (By),Metric,0
09/11/2026 06:06:29,System.Runtime,dotnet.gc.last_collection.heap.fragmentation.size (By)[gc.heap.generation=gen0],Metric,0
09/11/2026 06:06:29,System.Runtime,dotnet.gc.last_collection.heap.fragmentation.size (By)[gc.heap.generation=loh],Metric,0
09/11/2026 06:06:29,System.Runtime,dotnet.gc.last_collection.heap.fragmentation.size (By)[gc.heap.generation=poh],Metric,0
09/11/2026 06:06:29,System.Runtime,dotnet.gc.last_collection.heap.fragmentation.size (By)[gc.heap.generation=gen2],Metric,0
09/11/2026 06:06:29,System.Runtime,dotnet.gc.last_collection.heap.fragmentation.size (By)[gc.heap.generation=gen1],Metric,0
09/11/2026 06:06:29,System.Runtime,dotnet.timer.count ({timer}),Metric,2
09/11/2026 06:06:29,System.Runtime,dotnet.assembly.count ({assembly}),Metric,61
09/11/2026 06:06:29,System.Runtime,dotnet.gc.heap.total_allocated (By / 1 sec),Rate,139416
09/11/2026 06:06:29,System.Runtime,dotnet.gc.last_collection.heap.size (By)[gc.heap.generation=gen0],Metric,0
09/11/2026 06:06:29,System.Runtime,dotnet.gc.last_collection.heap.size (By)[gc.heap.generation=loh],Metric,0
09/11/2026 06:06:29,System.Runtime,dotnet.gc.last_collection.heap.size (By)[gc.heap.generation=poh],Metric,0
09/11/2026 06:06:29,System.Runtime,dotnet.gc.last_collection.heap.size (By)[gc.heap.generation=gen2],Metric,0
09/11/2026 06:06:29,System.Runtime,dotnet.gc.last_collection.heap.size (By)[gc.heap.generation=gen1],Metric,0
09/11/2026 06:06:29,System.Runtime,dotnet.thread_pool.work_item.count ({work_item} / 1 sec),Rate,599
09/11/2026 06:06:29,System.Runtime,dotnet.process.memory.working_set (By),Metric,110346240
09/11/2026 06:06:29,System.Runtime,dotnet.thread_pool.thread.count ({thread} / 1 sec),Rate,0
09/11/2026 06:06:29,System.Runtime,dotnet.jit.compilation.time (s / 1 sec),Rate,0
09/11/2026 06:06:30,System.Runtime,dotnet.jit.compiled_il.size (By / 1 sec),Rate,0
09/11/2026 06:06:30,System.Runtime,dotnet.jit.compiled_methods ({method} / 1 sec),Rate,0
09/11/2026 06:06:30,System.Runtime,dotnet.monitor.lock_contentions ({contention} / 1 sec),Rate,0
09/11/2026 06:06:30,System.Runtime,dotnet.gc.collections ({collection} / 1 sec)[gc.heap.generation=gen0],Rate,0
09/11/2026 06:06:30,System.Runtime,dotnet.gc.collections ({collection} / 1 sec)[gc.heap.generation=gen2],Rate,0
09/11/2026 06:06:30,System.Runtime,dotnet.gc.collections ({collection} / 1 sec)[gc.heap.generation=gen1],Rate,0
09/11/2026 06:06:30,System.Runtime,dotnet.process.cpu.time (s / 1 sec)[cpu.mode=user],Rate,0.5311720000000122
09/11/2026 06:06:30,System.Runtime,dotnet.process.cpu.time (s / 1 sec)[cpu.mode=system],Rate,0.03882100000000044
09/11/2026 06:06:30,System.Runtime,dotnet.process.cpu.count ({cpu}),Metric,15
09/11/2026 06:06:30,System.Runtime,dotnet.gc.pause.time (s / 1 sec),Rate,0
09/11/2026 06:06:30,System.Runtime,dotnet.thread_pool.queue.length ({work_item} / 1 sec),Rate,0
09/11/2026 06:06:30,System.Runtime,dotnet.gc.last_collection.memory.committed_size (By),Metric,0
09/11/2026 06:06:30,System.Runtime,dotnet.gc.last_collection.heap.fragmentation.size (By)[gc.heap.generation=gen0],Metric,0
09/11/2026 06:06:30,System.Runtime,dotnet.gc.last_collection.heap.fragmentation.size (By)[gc.heap.generation=loh],Metric,0
09/11/2026 06:06:30,System.Runtime,dotnet.gc.last_collection.heap.fragmentation.size (By)[gc.heap.generation=poh],Metric,0
09/11/2026 06:06:30,System.Runtime,dotnet.gc.last_collection.heap.fragmentation.size (By)[gc.heap.generation=gen2],Metric,0
09/11/2026 06:06:30,System.Runtime,dotnet.gc.last_collection.heap.fragmentation.size (By)[gc.heap.generation=gen1],Metric,0
09/11/2026 06:06:30,System.Runtime,dotnet.timer.count ({timer}),Metric,2
09/11/2026 06:06:30,System.Runtime,dotnet.assembly.count ({assembly}),Metric,61
09/11/2026 06:06:30,System.Runtime,dotnet.gc.heap.total_allocated (By / 1 sec),Rate,147584
09/11/2026 06:06:30,System.Runtime,dotnet.gc.last_collection.heap.size (By)[gc.heap.generation=gen0],Metric,0
09/11/2026 06:06:30,System.Runtime,dotnet.gc.last_collection.heap.size (By)[gc.heap.generation=loh],Metric,0
09/11/2026 06:06:30,System.Runtime,dotnet.gc.last_collection.heap.size (By)[gc.heap.generation=poh],Metric,0
09/11/2026 06:06:30,System.Runtime,dotnet.gc.last_collection.heap.size (By)[gc.heap.generation=gen2],Metric,0
09/11/2026 06:06:30,System.Runtime,dotnet.gc.last_collection.heap.size (By)[gc.heap.generation=gen1],Metric,0
09/11/2026 06:06:30,System.Runtime,dotnet.thread_pool.work_item.count ({work_item} / 1 sec),Rate,601
09/11/2026 06:06:30,System.Runtime,dotnet.process.memory.working_set (By),Metric,110510080
09/11/2026 06:06:30,System.Runtime,dotnet.thread_pool.thread.count ({thread} / 1 sec),Rate,0
09/11/2026 06:06:30,System.Runtime,dotnet.jit.compilation.time (s / 1 sec),Rate,0
09/11/2026 06:06:31,System.Runtime,dotnet.jit.compiled_il.size (By / 1 sec),Rate,0
09/11/2026 06:06:31,System.Runtime,dotnet.jit.compiled_methods ({method} / 1 sec),Rate,0
09/11/2026 06:06:31,System.Runtime,dotnet.monitor.lock_contentions ({contention} / 1 sec),Rate,0
09/11/2026 06:06:31,System.Runtime,dotnet.gc.collections ({collection} / 1 sec)[gc.heap.generation=gen0],Rate,0
09/11/2026 06:06:31,System.Runtime,dotnet.gc.collections ({collection} / 1 sec)[gc.heap.generation=gen2],Rate,0
09/11/2026 06:06:31,System.Runtime,dotnet.gc.collections ({collection} / 1 sec)[gc.heap.generation=gen1],Rate,0
09/11/2026 06:06:31,System.Runtime,dotnet.process.cpu.time (s / 1 sec)[cpu.mode=user],Rate,0.5419789999999978
09/11/2026 06:06:31,System.Runtime,dotnet.process.cpu.time (s / 1 sec)[cpu.mode=system],Rate,0.0409550000000003
09/11/2026 06:06:31,System.Runtime,dotnet.process.cpu.count ({cpu}),Metric,15
09/11/2026 06:06:31,System.Runtime,dotnet.gc.pause.time (s / 1 sec),Rate,0
09/11/2026 06:06:31,System.Runtime,dotnet.thread_pool.queue.length ({work_item} / 1 sec),Rate,0
09/11/2026 06:06:31,System.Runtime,dotnet.gc.last_collection.memory.committed_size (By),Metric,0
09/11/2026 06:06:31,System.Runtime,dotnet.gc.last_collection.heap.fragmentation.size (By)[gc.heap.generation=gen0],Metric,0
09/11/2026 06:06:31,System.Runtime,dotnet.gc.last_collection.heap.fragmentation.size (By)[gc.heap.generation=loh],Metric,0
09/11/2026 06:06:31,System.Runtime,dotnet.gc.last_collection.heap.fragmentation.size (By)[gc.heap.generation=poh],Metric,0
09/11/2026 06:06:31,System.Runtime,dotnet.gc.last_collection.heap.fragmentation.size (By)[gc.heap.generation=gen2],Metric,0
09/11/2026 06:06:31,System.Runtime,dotnet.gc.last_collection.heap.fragmentation.size (By)[gc.heap.generation=gen1],Metric,0
09/11/2026 06:06:31,System.Runtime,dotnet.timer.count ({timer}),Metric,3
09/11/2026 06:06:31,System.Runtime,dotnet.assembly.count ({assembly}),Metric,61
09/11/2026 06:06:31,System.Runtime,dotnet.gc.heap.total_allocated (By / 1 sec),Rate,146504
09/11/2026 06:06:31,System.Runtime,dotnet.gc.last_collection.heap.size (By)[gc.heap.generation=gen0],Metric,0
09/11/2026 06:06:31,System.Runtime,dotnet.gc.last_collection.heap.size (By)[gc.heap.generation=loh],Metric,0
09/11/2026 06:06:31,System.Runtime,dotnet.gc.last_collection.heap.size (By)[gc.heap.generation=poh],Metric,0
09/11/2026 06:06:31,System.Runtime,dotnet.gc.last_collection.heap.size (By)[gc.heap.generation=gen2],Metric,0
09/11/2026 06:06:31,System.Runtime,dotnet.gc.last_collection.heap.size (By)[gc.heap.generation=gen1],Metric,0
09/11/2026 06:06:31,System.Runtime,dotnet.thread_pool.work_item.count ({work_item} / 1 sec),Rate,671
09/11/2026 06:06:31,System.Runtime,dotnet.process.memory.working_set (By),Metric,110673920
09/11/2026 06:06:31,System.Runtime,dotnet.thread_pool.thread.count ({thread} / 1 sec),Rate,0
09/11/2026 06:06:31,System.Runtime,dotnet.jit.compilation.time (s / 1 sec),Rate,0
09/11/2026 06:06:32,System.Runtime,dotnet.jit.compiled_il.size (By / 1 sec),Rate,0
09/11/2026 06:06:32,System.Runtime,dotnet.jit.compiled_methods ({method} / 1 sec),Rate,0
09/11/2026 06:06:32,System.Runtime,dotnet.monitor.lock_contentions ({contention} / 1 sec),Rate,0
09/11/2026 06:06:32,System.Runtime,dotnet.gc.collections ({collection} / 1 sec)[gc.heap.generation=gen0],Rate,0
09/11/2026 06:06:32,System.Runtime,dotnet.gc.collections ({collection} / 1 sec)[gc.heap.generation=gen2],Rate,0
09/11/2026 06:06:32,System.Runtime,dotnet.gc.collections ({collection} / 1 sec)[gc.heap.generation=gen1],Rate,0
09/11/2026 06:06:32,System.Runtime,dotnet.process.cpu.time (s / 1 sec)[cpu.mode=user],Rate,0.5429309999999958
09/11/2026 06:06:32,System.Runtime,dotnet.process.cpu.time (s / 1 sec)[cpu.mode=system],Rate,0.04144599999999965
09/11/2026 06:06:32,System.Runtime,dotnet.process.cpu.count ({cpu}),Metric,15
09/11/2026 06:06:32,System.Runtime,dotnet.gc.pause.time (s / 1 sec),Rate,0
09/11/2026 06:06:32,System.Runtime,dotnet.thread_pool.queue.length ({work_item} / 1 sec),Rate,0
09/11/2026 06:06:32,System.Runtime,dotnet.gc.last_collection.memory.committed_size (By),Metric,0
09/11/2026 06:06:32,System.Runtime,dotnet.gc.last_collection.heap.fragmentation.size (By)[gc.heap.generation=gen0],Metric,0
09/11/2026 06:06:32,System.Runtime,dotnet.gc.last_collection.heap.fragmentation.size (By)[gc.heap.generation=loh],Metric,0
09/11/2026 06:06:32,System.Runtime,dotnet.gc.last_collection.heap.fragmentation.size (By)[gc.heap.generation=poh],Metric,0
09/11/2026 06:06:32,System.Runtime,dotnet.gc.last_collection.heap.fragmentation.size (By)[gc.heap.generation=gen2],Metric,0
09/11/2026 06:06:32,System.Runtime,dotnet.gc.last_collection.heap.fragmentation.size (By)[gc.heap.generation=gen1],Metric,0
09/11/2026 06:06:32,System.Runtime,dotnet.timer.count ({timer}),Metric,3
09/11/2026 06:06:32,System.Runtime,dotnet.assembly.count ({assembly}),Metric,61
09/11/2026 06:06:32,System.Runtime,dotnet.gc.heap.total_allocated (By / 1 sec),Rate,139400
09/11/2026 06:06:32,System.Runtime,dotnet.gc.last_collection.heap.size (By)[gc.heap.generation=gen0],Metric,0
09/11/2026 06:06:32,System.Runtime,dotnet.gc.last_collection.heap.size (By)[gc.heap.generation=loh],Metric,0
09/11/2026 06:06:32,System.Runtime,dotnet.gc.last_collection.heap.size (By)[gc.heap.generation=poh],Metric,0
09/11/2026 06:06:32,System.Runtime,dotnet.gc.last_collection.heap.size (By)[gc.heap.generation=gen2],Metric,0
09/11/2026 06:06:32,System.Runtime,dotnet.gc.last_collection.heap.size (By)[gc.heap.generation=gen1],Metric,0
09/11/2026 06:06:32,System.Runtime,dotnet.thread_pool.work_item.count ({work_item} / 1 sec),Rate,706
09/11/2026 06:06:32,System.Runtime,dotnet.process.memory.working_set (By),Metric,110837760
09/11/2026 06:06:32,System.Runtime,dotnet.thread_pool.thread.count ({thread} / 1 sec),Rate,0
09/11/2026 06:06:32,System.Runtime,dotnet.jit.compilation.time (s / 1 sec),Rate,0
09/11/2026 06:06:33,System.Runtime,dotnet.jit.compiled_il.size (By / 1 sec),Rate,0
09/11/2026 06:06:33,System.Runtime,dotnet.jit.compiled_methods ({method} / 1 sec),Rate,0
09/11/2026 06:06:33,System.Runtime,dotnet.monitor.lock_contentions ({contention} / 1 sec),Rate,0
09/11/2026 06:06:33,System.Runtime,dotnet.gc.collections ({collection} / 1 sec)[gc.heap.generation=gen0],Rate,0
09/11/2026 06:06:33,System.Runtime,dotnet.gc.collections ({collection} / 1 sec)[gc.heap.generation=gen2],Rate,0
09/11/2026 06:06:33,System.Runtime,dotnet.gc.collections ({collection} / 1 sec)[gc.heap.generation=gen1],Rate,0
09/11/2026 06:06:33,System.Runtime,dotnet.process.cpu.time (s / 1 sec)[cpu.mode=user],Rate,0.5372279999999989
09/11/2026 06:06:33,System.Runtime,dotnet.process.cpu.time (s / 1 sec)[cpu.mode=system],Rate,0.03816799999999976
09/11/2026 06:06:33,System.Runtime,dotnet.process.cpu.count ({cpu}),Metric,15
09/11/2026 06:06:33,System.Runtime,dotnet.gc.pause.time (s / 1 sec),Rate,0
09/11/2026 06:06:33,System.Runtime,dotnet.thread_pool.queue.length ({work_item} / 1 sec),Rate,0
09/11/2026 06:06:33,System.Runtime,dotnet.gc.last_collection.memory.committed_size (By),Metric,0
09/11/2026 06:06:33,System.Runtime,dotnet.gc.last_collection.heap.fragmentation.size (By)[gc.heap.generation=gen0],Metric,0
09/11/2026 06:06:33,System.Runtime,dotnet.gc.last_collection.heap.fragmentation.size (By)[gc.heap.generation=loh],Metric,0
09/11/2026 06:06:33,System.Runtime,dotnet.gc.last_collection.heap.fragmentation.size (By)[gc.heap.generation=poh],Metric,0
09/11/2026 06:06:33,System.Runtime,dotnet.gc.last_collection.heap.fragmentation.size (By)[gc.heap.generation=gen2],Metric,0
09/11/2026 06:06:33,System.Runtime,dotnet.gc.last_collection.heap.fragmentation.size (By)[gc.heap.generation=gen1],Metric,0
09/11/2026 06:06:33,System.Runtime,dotnet.timer.count ({timer}),Metric,2
09/11/2026 06:06:33,System.Runtime,dotnet.assembly.count ({assembly}),Metric,61
09/11/2026 06:06:33,System.Runtime,dotnet.gc.heap.total_allocated (By / 1 sec),Rate,147600
09/11/2026 06:06:33,System.Runtime,dotnet.gc.last_collection.heap.size (By)[gc.heap.generation=gen0],Metric,0
09/11/2026 06:06:33,System.Runtime,dotnet.gc.last_collection.heap.size (By)[gc.heap.generation=loh],Metric,0
09/11/2026 06:06:33,System.Runtime,dotnet.gc.last_collection.heap.size (By)[gc.heap.generation=poh],Metric,0
09/11/2026 06:06:33,System.Runtime,dotnet.gc.last_collection.heap.size (By)[gc.heap.generation=gen2],Metric,0
09/11/2026 06:06:33,System.Runtime,dotnet.gc.last_collection.heap.size (By)[gc.heap.generation=gen1],Metric,0
09/11/2026 06:06:33,System.Runtime,dotnet.thread_pool.work_item.count ({work_item} / 1 sec),Rate,612
09/11/2026 06:06:33,System.Runtime,dotnet.process.memory.working_set (By),Metric,110985216
09/11/2026 06:06:33,System.Runtime,dotnet.thread_pool.thread.count ({thread} / 1 sec),Rate,0
09/11/2026 06:06:33,System.Runtime,dotnet.jit.compilation.time (s / 1 sec),Rate,0
09/11/2026 06:06:34,System.Runtime,dotnet.jit.compiled_il.size (By / 1 sec),Rate,0
09/11/2026 06:06:34,System.Runtime,dotnet.jit.compiled_methods ({method} / 1 sec),Rate,0
09/11/2026 06:06:34,System.Runtime,dotnet.monitor.lock_contentions ({contention} / 1 sec),Rate,0
09/11/2026 06:06:34,System.Runtime,dotnet.gc.collections ({collection} / 1 sec)[gc.heap.generation=gen0],Rate,0
09/11/2026 06:06:34,System.Runtime,dotnet.gc.collections ({collection} / 1 sec)[gc.heap.generation=gen2],Rate,0
09/11/2026 06:06:34,System.Runtime,dotnet.gc.collections ({collection} / 1 sec)[gc.heap.generation=gen1],Rate,0
09/11/2026 06:06:34,System.Runtime,dotnet.process.cpu.time (s / 1 sec)[cpu.mode=user],Rate,0.5375879999999995
09/11/2026 06:06:34,System.Runtime,dotnet.process.cpu.time (s / 1 sec)[cpu.mode=system],Rate,0.037520999999999916
09/11/2026 06:06:34,System.Runtime,dotnet.process.cpu.count ({cpu}),Metric,15
09/11/2026 06:06:34,System.Runtime,dotnet.gc.pause.time (s / 1 sec),Rate,0
09/11/2026 06:06:34,System.Runtime,dotnet.thread_pool.queue.length ({work_item} / 1 sec),Rate,0
09/11/2026 06:06:34,System.Runtime,dotnet.gc.last_collection.memory.committed_size (By),Metric,0
09/11/2026 06:06:34,System.Runtime,dotnet.gc.last_collection.heap.fragmentation.size (By)[gc.heap.generation=gen0],Metric,0
09/11/2026 06:06:34,System.Runtime,dotnet.gc.last_collection.heap.fragmentation.size (By)[gc.heap.generation=loh],Metric,0
09/11/2026 06:06:34,System.Runtime,dotnet.gc.last_collection.heap.fragmentation.size (By)[gc.heap.generation=poh],Metric,0
09/11/2026 06:06:34,System.Runtime,dotnet.gc.last_collection.heap.fragmentation.size (By)[gc.heap.generation=gen2],Metric,0
09/11/2026 06:06:34,System.Runtime,dotnet.gc.last_collection.heap.fragmentation.size (By)[gc.heap.generation=gen1],Metric,0
09/11/2026 06:06:34,System.Runtime,dotnet.timer.count ({timer}),Metric,3
09/11/2026 06:06:34,System.Runtime,dotnet.assembly.count ({assembly}),Metric,61
09/11/2026 06:06:34,System.Runtime,dotnet.gc.heap.total_allocated (By / 1 sec),Rate,138392
09/11/2026 06:06:34,System.Runtime,dotnet.gc.last_collection.heap.size (By)[gc.heap.generation=gen0],Metric,0
09/11/2026 06:06:34,System.Runtime,dotnet.gc.last_collection.heap.size (By)[gc.heap.generation=loh],Metric,0
09/11/2026 06:06:34,System.Runtime,dotnet.gc.last_collection.heap.size (By)[gc.heap.generation=poh],Metric,0
09/11/2026 06:06:34,System.Runtime,dotnet.gc.last_collection.heap.size (By)[gc.heap.generation=gen2],Metric,0
09/11/2026 06:06:34,System.Runtime,dotnet.gc.last_collection.heap.size (By)[gc.heap.generation=gen1],Metric,0
09/11/2026 06:06:34,System.Runtime,dotnet.thread_pool.work_item.count ({work_item} / 1 sec),Rate,606
09/11/2026 06:06:34,System.Runtime,dotnet.process.memory.working_set (By),Metric,111149056
09/11/2026 06:06:34,System.Runtime,dotnet.thread_pool.thread.count ({thread} / 1 sec),Rate,0
09/11/2026 06:06:34,System.Runtime,dotnet.jit.compilation.time (s / 1 sec),Rate,0
09/11/2026 06:06:35,System.Runtime,dotnet.jit.compiled_il.size (By / 1 sec),Rate,0
09/11/2026 06:06:35,System.Runtime,dotnet.jit.compiled_methods ({method} / 1 sec),Rate,0
09/11/2026 06:06:35,System.Runtime,dotnet.monitor.lock_contentions ({contention} / 1 sec),Rate,0
09/11/2026 06:06:35,System.Runtime,dotnet.gc.collections ({collection} / 1 sec)[gc.heap.generation=gen0],Rate,0
09/11/2026 06:06:35,System.Runtime,dotnet.gc.collections ({collection} / 1 sec)[gc.heap.generation=gen2],Rate,0
09/11/2026 06:06:35,System.Runtime,dotnet.gc.collections ({collection} / 1 sec)[gc.heap.generation=gen1],Rate,0
09/11/2026 06:06:35,System.Runtime,dotnet.process.cpu.time (s / 1 sec)[cpu.mode=user],Rate,0.5359270000000009
09/11/2026 06:06:35,System.Runtime,dotnet.process.cpu.time (s / 1 sec)[cpu.mode=system],Rate,0.037055000000000504
09/11/2026 06:06:35,System.Runtime,dotnet.process.cpu.count ({cpu}),Metric,15
09/11/2026 06:06:35,System.Runtime,dotnet.gc.pause.time (s / 1 sec),Rate,0
09/11/2026 06:06:35,System.Runtime,dotnet.thread_pool.queue.length ({work_item} / 1 sec),Rate,0
09/11/2026 06:06:35,System.Runtime,dotnet.gc.last_collection.memory.committed_size (By),Metric,0
09/11/2026 06:06:35,System.Runtime,dotnet.gc.last_collection.heap.fragmentation.size (By)[gc.heap.generation=gen0],Metric,0
09/11/2026 06:06:35,System.Runtime,dotnet.gc.last_collection.heap.fragmentation.size (By)[gc.heap.generation=loh],Metric,0
09/11/2026 06:06:35,System.Runtime,dotnet.gc.last_collection.heap.fragmentation.size (By)[gc.heap.generation=poh],Metric,0
09/11/2026 06:06:35,System.Runtime,dotnet.gc.last_collection.heap.fragmentation.size (By)[gc.heap.generation=gen2],Metric,0
09/11/2026 06:06:35,System.Runtime,dotnet.gc.last_collection.heap.fragmentation.size (By)[gc.heap.generation=gen1],Metric,0
09/11/2026 06:06:35,System.Runtime,dotnet.timer.count ({timer}),Metric,3
09/11/2026 06:06:35,System.Runtime,dotnet.assembly.count ({assembly}),Metric,61
09/11/2026 06:06:35,System.Runtime,dotnet.gc.heap.total_allocated (By / 1 sec),Rate,139360
09/11/2026 06:06:35,System.Runtime,dotnet.gc.last_collection.heap.size (By)[gc.heap.generation=gen0],Metric,0
09/11/2026 06:06:35,System.Runtime,dotnet.gc.last_collection.heap.size (By)[gc.heap.generation=loh],Metric,0
09/11/2026 06:06:35,System.Runtime,dotnet.gc.last_collection.heap.size (By)[gc.heap.generation=poh],Metric,0
09/11/2026 06:06:35,System.Runtime,dotnet.gc.last_collection.heap.size (By)[gc.heap.generation=gen2],Metric,0
09/11/2026 06:06:35,System.Runtime,dotnet.gc.last_collection.heap.size (By)[gc.heap.generation=gen1],Metric,0
09/11/2026 06:06:35,System.Runtime,dotnet.thread_pool.work_item.count ({work_item} / 1 sec),Rate,602
09/11/2026 06:06:35,System.Runtime,dotnet.process.memory.working_set (By),Metric,111312896
09/11/2026 06:06:35,System.Runtime,dotnet.thread_pool.thread.count ({thread} / 1 sec),Rate,0
09/11/2026 06:06:35,System.Runtime,dotnet.jit.compilation.time (s / 1 sec),Rate,0
09/11/2026 06:06:36,System.Runtime,dotnet.jit.compiled_il.size (By / 1 sec),Rate,0
09/11/2026 06:06:36,System.Runtime,dotnet.jit.compiled_methods ({method} / 1 sec),Rate,0
09/11/2026 06:06:36,System.Runtime,dotnet.monitor.lock_contentions ({contention} / 1 sec),Rate,0
09/11/2026 06:06:36,System.Runtime,dotnet.gc.collections ({collection} / 1 sec)[gc.heap.generation=gen0],Rate,0
09/11/2026 06:06:36,System.Runtime,dotnet.gc.collections ({collection} / 1 sec)[gc.heap.generation=gen2],Rate,0
09/11/2026 06:06:36,System.Runtime,dotnet.gc.collections ({collection} / 1 sec)[gc.heap.generation=gen1],Rate,0
09/11/2026 06:06:36,System.Runtime,dotnet.process.cpu.time (s / 1 sec)[cpu.mode=user],Rate,0.5351409999999959
09/11/2026 06:06:36,System.Runtime,dotnet.process.cpu.time (s / 1 sec)[cpu.mode=system],Rate,0.0351189999999999
09/11/2026 06:06:36,System.Runtime,dotnet.process.cpu.count ({cpu}),Metric,15
09/11/2026 06:06:36,System.Runtime,dotnet.gc.pause.time (s / 1 sec),Rate,0
09/11/2026 06:06:36,System.Runtime,dotnet.thread_pool.queue.length ({work_item} / 1 sec),Rate,0
09/11/2026 06:06:36,System.Runtime,dotnet.gc.last_collection.memory.committed_size (By),Metric,0
09/11/2026 06:06:36,System.Runtime,dotnet.gc.last_collection.heap.fragmentation.size (By)[gc.heap.generation=gen0],Metric,0
09/11/2026 06:06:36,System.Runtime,dotnet.gc.last_collection.heap.fragmentation.size (By)[gc.heap.generation=loh],Metric,0
09/11/2026 06:06:36,System.Runtime,dotnet.gc.last_collection.heap.fragmentation.size (By)[gc.heap.generation=poh],Metric,0
09/11/2026 06:06:36,System.Runtime,dotnet.gc.last_collection.heap.fragmentation.size (By)[gc.heap.generation=gen2],Metric,0
09/11/2026 06:06:36,System.Runtime,dotnet.gc.last_collection.heap.fragmentation.size (By)[gc.heap.generation=gen1],Metric,0
09/11/2026 06:06:36,System.Runtime,dotnet.timer.count ({timer}),Metric,3
09/11/2026 06:06:36,System.Runtime,dotnet.assembly.count ({assembly}),Metric,61
09/11/2026 06:06:36,System.Runtime,dotnet.gc.heap.total_allocated (By / 1 sec),Rate,130152
09/11/2026 06:06:36,System.Runtime,dotnet.gc.last_collection.heap.size (By)[gc.heap.generation=gen0],Metric,0
09/11/2026 06:06:36,System.Runtime,dotnet.gc.last_collection.heap.size (By)[gc.heap.generation=loh],Metric,0
09/11/2026 06:06:36,System.Runtime,dotnet.gc.last_collection.heap.size (By)[gc.heap.generation=poh],Metric,0
09/11/2026 06:06:36,System.Runtime,dotnet.gc.last_collection.heap.size (By)[gc.heap.generation=gen2],Metric,0
09/11/2026 06:06:36,System.Runtime,dotnet.gc.last_collection.heap.size (By)[gc.heap.generation=gen1],Metric,0
09/11/2026 06:06:36,System.Runtime,dotnet.thread_pool.work_item.count ({work_item} / 1 sec),Rate,602
09/11/2026 06:06:36,System.Runtime,dotnet.process.memory.working_set (By),Metric,111443968
09/11/2026 06:06:36,System.Runtime,dotnet.thread_pool.thread.count ({thread} / 1 sec),Rate,0
09/11/2026 06:06:36,System.Runtime,dotnet.jit.compilation.time (s / 1 sec),Rate,0
09/11/2026 06:06:37,System.Runtime,dotnet.jit.compiled_il.size (By / 1 sec),Rate,0
09/11/2026 06:06:37,System.Runtime,dotnet.jit.compiled_methods ({method} / 1 sec),Rate,0
09/11/2026 06:06:37,System.Runtime,dotnet.monitor.lock_contentions ({contention} / 1 sec),Rate,0
09/11/2026 06:06:37,System.Runtime,dotnet.gc.collections ({collection} / 1 sec)[gc.heap.generation=gen0],Rate,0
09/11/2026 06:06:37,System.Runtime,dotnet.gc.collections ({collection} / 1 sec)[gc.heap.generation=gen2],Rate,0
09/11/2026 06:06:37,System.Runtime,dotnet.gc.collections ({collection} / 1 sec)[gc.heap.generation=gen1],Rate,0
09/11/2026 06:06:37,System.Runtime,dotnet.process.cpu.time (s / 1 sec)[cpu.mode=user],Rate,0.5350200000000029
09/11/2026 06:06:37,System.Runtime,dotnet.process.cpu.time (s / 1 sec)[cpu.mode=system],Rate,0.03682699999999972
09/11/2026 06:06:37,System.Runtime,dotnet.process.cpu.count ({cpu}),Metric,15
09/11/2026 06:06:37,System.Runtime,dotnet.gc.pause.time (s / 1 sec),Rate,0
09/11/2026 06:06:37,System.Runtime,dotnet.thread_pool.queue.length ({work_item} / 1 sec),Rate,0
09/11/2026 06:06:37,System.Runtime,dotnet.gc.last_collection.memory.committed_size (By),Metric,0
09/11/2026 06:06:37,System.Runtime,dotnet.gc.last_collection.heap.fragmentation.size (By)[gc.heap.generation=gen0],Metric,0
09/11/2026 06:06:37,System.Runtime,dotnet.gc.last_collection.heap.fragmentation.size (By)[gc.heap.generation=loh],Metric,0
09/11/2026 06:06:37,System.Runtime,dotnet.gc.last_collection.heap.fragmentation.size (By)[gc.heap.generation=poh],Metric,0
09/11/2026 06:06:37,System.Runtime,dotnet.gc.last_collection.heap.fragmentation.size (By)[gc.heap.generation=gen2],Metric,0
09/11/2026 06:06:37,System.Runtime,dotnet.gc.last_collection.heap.fragmentation.size (By)[gc.heap.generation=gen1],Metric,0
09/11/2026 06:06:37,System.Runtime,dotnet.timer.count ({timer}),Metric,2
09/11/2026 06:06:37,System.Runtime,dotnet.assembly.count ({assembly}),Metric,61
09/11/2026 06:06:37,System.Runtime,dotnet.gc.heap.total_allocated (By / 1 sec),Rate,146576
09/11/2026 06:06:37,System.Runtime,dotnet.gc.last_collection.heap.size (By)[gc.heap.generation=gen0],Metric,0
09/11/2026 06:06:37,System.Runtime,dotnet.gc.last_collection.heap.size (By)[gc.heap.generation=loh],Metric,0
09/11/2026 06:06:37,System.Runtime,dotnet.gc.last_collection.heap.size (By)[gc.heap.generation=poh],Metric,0
09/11/2026 06:06:37,System.Runtime,dotnet.gc.last_collection.heap.size (By)[gc.heap.generation=gen2],Metric,0
09/11/2026 06:06:37,System.Runtime,dotnet.gc.last_collection.heap.size (By)[gc.heap.generation=gen1],Metric,0
09/11/2026 06:06:37,System.Runtime,dotnet.thread_pool.work_item.count ({work_item} / 1 sec),Rate,599
09/11/2026 06:06:37,System.Runtime,dotnet.process.memory.working_set (By),Metric,111607808
09/11/2026 06:06:37,System.Runtime,dotnet.thread_pool.thread.count ({thread} / 1 sec),Rate,0
09/11/2026 06:06:37,System.Runtime,dotnet.jit.compilation.time (s / 1 sec),Rate,0
09/11/2026 06:06:38,System.Runtime,dotnet.jit.compiled_il.size (By / 1 sec),Rate,0
09/11/2026 06:06:38,System.Runtime,dotnet.jit.compiled_methods ({method} / 1 sec),Rate,0
09/11/2026 06:06:38,System.Runtime,dotnet.monitor.lock_contentions ({contention} / 1 sec),Rate,0
09/11/2026 06:06:38,System.Runtime,dotnet.gc.collections ({collection} / 1 sec)[gc.heap.generation=gen0],Rate,0
09/11/2026 06:06:38,System.Runtime,dotnet.gc.collections ({collection} / 1 sec)[gc.heap.generation=gen2],Rate,0
09/11/2026 06:06:38,System.Runtime,dotnet.gc.collections ({collection} / 1 sec)[gc.heap.generation=gen1],Rate,0
09/11/2026 06:06:38,System.Runtime,dotnet.process.cpu.time (s / 1 sec)[cpu.mode=user],Rate,0.5391019999999997
09/11/2026 06:06:38,System.Runtime,dotnet.process.cpu.time (s / 1 sec)[cpu.mode=system],Rate,0.03789900000000035
09/11/2026 06:06:38,System.Runtime,dotnet.process.cpu.count ({cpu}),Metric,15
09/11/2026 06:06:38,System.Runtime,dotnet.gc.pause.time (s / 1 sec),Rate,0
09/11/2026 06:06:38,System.Runtime,dotnet.thread_pool.queue.length ({work_item} / 1 sec),Rate,0
09/11/2026 06:06:38,System.Runtime,dotnet.gc.last_collection.memory.committed_size (By),Metric,0
09/11/2026 06:06:38,System.Runtime,dotnet.gc.last_collection.heap.fragmentation.size (By)[gc.heap.generation=gen0],Metric,0
09/11/2026 06:06:38,System.Runtime,dotnet.gc.last_collection.heap.fragmentation.size (By)[gc.heap.generation=loh],Metric,0
09/11/2026 06:06:38,System.Runtime,dotnet.gc.last_collection.heap.fragmentation.size (By)[gc.heap.generation=poh],Metric,0
09/11/2026 06:06:38,System.Runtime,dotnet.gc.last_collection.heap.fragmentation.size (By)[gc.heap.generation=gen2],Metric,0
09/11/2026 06:06:38,System.Runtime,dotnet.gc.last_collection.heap.fragmentation.size (By)[gc.heap.generation=gen1],Metric,0
09/11/2026 06:06:38,System.Runtime,dotnet.timer.count ({timer}),Metric,3
09/11/2026 06:06:38,System.Runtime,dotnet.assembly.count ({assembly}),Metric,61
09/11/2026 06:06:38,System.Runtime,dotnet.gc.heap.total_allocated (By / 1 sec),Rate,113776
09/11/2026 06:06:38,System.Runtime,dotnet.gc.last_collection.heap.size (By)[gc.heap.generation=gen0],Metric,0
09/11/2026 06:06:38,System.Runtime,dotnet.gc.last_collection.heap.size (By)[gc.heap.generation=loh],Metric,0
09/11/2026 06:06:38,System.Runtime,dotnet.gc.last_collection.heap.size (By)[gc.heap.generation=poh],Metric,0
09/11/2026 06:06:38,System.Runtime,dotnet.gc.last_collection.heap.size (By)[gc.heap.generation=gen2],Metric,0
09/11/2026 06:06:38,System.Runtime,dotnet.gc.last_collection.heap.size (By)[gc.heap.generation=gen1],Metric,0
09/11/2026 06:06:38,System.Runtime,dotnet.thread_pool.work_item.count ({work_item} / 1 sec),Rate,605
09/11/2026 06:06:38,System.Runtime,dotnet.process.memory.working_set (By),Metric,111738880
09/11/2026 06:06:38,System.Runtime,dotnet.thread_pool.thread.count ({thread} / 1 sec),Rate,0
09/11/2026 06:06:38,System.Runtime,dotnet.jit.compilation.time (s / 1 sec),Rate,0
09/11/2026 06:06:39,System.Runtime,dotnet.jit.compiled_il.size (By / 1 sec),Rate,31
09/11/2026 06:06:39,System.Runtime,dotnet.jit.compiled_methods ({method} / 1 sec),Rate,1
09/11/2026 06:06:39,System.Runtime,dotnet.monitor.lock_contentions ({contention} / 1 sec),Rate,0
09/11/2026 06:06:39,System.Runtime,dotnet.gc.collections ({collection} / 1 sec)[gc.heap.generation=gen0],Rate,0
09/11/2026 06:06:39,System.Runtime,dotnet.gc.collections ({collection} / 1 sec)[gc.heap.generation=gen2],Rate,0
09/11/2026 06:06:39,System.Runtime,dotnet.gc.collections ({collection} / 1 sec)[gc.heap.generation=gen1],Rate,0
09/11/2026 06:06:39,System.Runtime,dotnet.process.cpu.time (s / 1 sec)[cpu.mode=user],Rate,0.5320889999999991
09/11/2026 06:06:39,System.Runtime,dotnet.process.cpu.time (s / 1 sec)[cpu.mode=system],Rate,0.037383000000000166
09/11/2026 06:06:39,System.Runtime,dotnet.process.cpu.count ({cpu}),Metric,15
09/11/2026 06:06:39,System.Runtime,dotnet.gc.pause.time (s / 1 sec),Rate,0
09/11/2026 06:06:39,System.Runtime,dotnet.thread_pool.queue.length ({work_item} / 1 sec),Rate,0
09/11/2026 06:06:39,System.Runtime,dotnet.gc.last_collection.memory.committed_size (By),Metric,0
09/11/2026 06:06:39,System.Runtime,dotnet.gc.last_collection.heap.fragmentation.size (By)[gc.heap.generation=gen0],Metric,0
09/11/2026 06:06:39,System.Runtime,dotnet.gc.last_collection.heap.fragmentation.size (By)[gc.heap.generation=loh],Metric,0
09/11/2026 06:06:39,System.Runtime,dotnet.gc.last_collection.heap.fragmentation.size (By)[gc.heap.generation=poh],Metric,0
09/11/2026 06:06:39,System.Runtime,dotnet.gc.last_collection.heap.fragmentation.size (By)[gc.heap.generation=gen2],Metric,0
09/11/2026 06:06:39,System.Runtime,dotnet.gc.last_collection.heap.fragmentation.size (By)[gc.heap.generation=gen1],Metric,0
09/11/2026 06:06:39,System.Runtime,dotnet.timer.count ({timer}),Metric,3
09/11/2026 06:06:39,System.Runtime,dotnet.assembly.count ({assembly}),Metric,61
09/11/2026 06:06:39,System.Runtime,dotnet.gc.heap.total_allocated (By / 1 sec),Rate,155816
09/11/2026 06:06:39,System.Runtime,dotnet.gc.last_collection.heap.size (By)[gc.heap.generation=gen0],Metric,0
09/11/2026 06:06:39,System.Runtime,dotnet.gc.last_collection.heap.size (By)[gc.heap.generation=loh],Metric,0
09/11/2026 06:06:39,System.Runtime,dotnet.gc.last_collection.heap.size (By)[gc.heap.generation=poh],Metric,0
09/11/2026 06:06:39,System.Runtime,dotnet.gc.last_collection.heap.size (By)[gc.heap.generation=gen2],Metric,0
09/11/2026 06:06:39,System.Runtime,dotnet.gc.last_collection.heap.size (By)[gc.heap.generation=gen1],Metric,0
09/11/2026 06:06:39,System.Runtime,dotnet.thread_pool.work_item.count ({work_item} / 1 sec),Rate,602
09/11/2026 06:06:39,System.Runtime,dotnet.process.memory.working_set (By),Metric,111951872
09/11/2026 06:06:39,System.Runtime,dotnet.thread_pool.thread.count ({thread} / 1 sec),Rate,0
09/11/2026 06:06:39,System.Runtime,dotnet.jit.compilation.time (s / 1 sec),Rate,0.0005201000000000233
09/11/2026 06:06:40,System.Runtime,dotnet.jit.compiled_il.size (By / 1 sec),Rate,0
09/11/2026 06:06:40,System.Runtime,dotnet.jit.compiled_methods ({method} / 1 sec),Rate,0
09/11/2026 06:06:40,System.Runtime,dotnet.monitor.lock_contentions ({contention} / 1 sec),Rate,0
09/11/2026 06:06:40,System.Runtime,dotnet.gc.collections ({collection} / 1 sec)[gc.heap.generation=gen0],Rate,0
09/11/2026 06:06:40,System.Runtime,dotnet.gc.collections ({collection} / 1 sec)[gc.heap.generation=gen2],Rate,0
09/11/2026 06:06:40,System.Runtime,dotnet.gc.collections ({collection} / 1 sec)[gc.heap.generation=gen1],Rate,0
09/11/2026 06:06:40,System.Runtime,dotnet.process.cpu.time (s / 1 sec)[cpu.mode=user],Rate,0.5344710000000106
09/11/2026 06:06:40,System.Runtime,dotnet.process.cpu.time (s / 1 sec)[cpu.mode=system],Rate,0.037039999999999296
09/11/2026 06:06:40,System.Runtime,dotnet.process.cpu.count ({cpu}),Metric,15
09/11/2026 06:06:40,System.Runtime,dotnet.gc.pause.time (s / 1 sec),Rate,0
09/11/2026 06:06:40,System.Runtime,dotnet.thread_pool.queue.length ({work_item} / 1 sec),Rate,0
09/11/2026 06:06:40,System.Runtime,dotnet.gc.last_collection.memory.committed_size (By),Metric,0
09/11/2026 06:06:40,System.Runtime,dotnet.gc.last_collection.heap.fragmentation.size (By)[gc.heap.generation=gen0],Metric,0
09/11/2026 06:06:40,System.Runtime,dotnet.gc.last_collection.heap.fragmentation.size (By)[gc.heap.generation=loh],Metric,0
09/11/2026 06:06:40,System.Runtime,dotnet.gc.last_collection.heap.fragmentation.size (By)[gc.heap.generation=poh],Metric,0
09/11/2026 06:06:40,System.Runtime,dotnet.gc.last_collection.heap.fragmentation.size (By)[gc.heap.generation=gen2],Metric,0
09/11/2026 06:06:40,System.Runtime,dotnet.gc.last_collection.heap.fragmentation.size (By)[gc.heap.generation=gen1],Metric,0
09/11/2026 06:06:40,System.Runtime,dotnet.timer.count ({timer}),Metric,3
09/11/2026 06:06:40,System.Runtime,dotnet.assembly.count ({assembly}),Metric,61
09/11/2026 06:06:40,System.Runtime,dotnet.gc.heap.total_allocated (By / 1 sec),Rate,130104
09/11/2026 06:06:40,System.Runtime,dotnet.gc.last_collection.heap.size (By)[gc.heap.generation=gen0],Metric,0
09/11/2026 06:06:40,System.Runtime,dotnet.gc.last_collection.heap.size (By)[gc.heap.generation=loh],Metric,0
09/11/2026 06:06:40,System.Runtime,dotnet.gc.last_collection.heap.size (By)[gc.heap.generation=poh],Metric,0
09/11/2026 06:06:40,System.Runtime,dotnet.gc.last_collection.heap.size (By)[gc.heap.generation=gen2],Metric,0
09/11/2026 06:06:40,System.Runtime,dotnet.gc.last_collection.heap.size (By)[gc.heap.generation=gen1],Metric,0
09/11/2026 06:06:40,System.Runtime,dotnet.thread_pool.work_item.count ({work_item} / 1 sec),Rate,601
09/11/2026 06:06:40,System.Runtime,dotnet.process.memory.working_set (By),Metric,112099328
09/11/2026 06:06:40,System.Runtime,dotnet.thread_pool.thread.count ({thread} / 1 sec),Rate,0
09/11/2026 06:06:40,System.Runtime,dotnet.jit.compilation.time (s / 1 sec),Rate,0
09/11/2026 06:06:41,System.Runtime,dotnet.jit.compiled_il.size (By / 1 sec),Rate,0
09/11/2026 06:06:41,System.Runtime,dotnet.jit.compiled_methods ({method} / 1 sec),Rate,0
09/11/2026 06:06:41,System.Runtime,dotnet.monitor.lock_contentions ({contention} / 1 sec),Rate,0
09/11/2026 06:06:41,System.Runtime,dotnet.gc.collections ({collection} / 1 sec)[gc.heap.generation=gen0],Rate,0
09/11/2026 06:06:41,System.Runtime,dotnet.gc.collections ({collection} / 1 sec)[gc.heap.generation=gen2],Rate,0
09/11/2026 06:06:41,System.Runtime,dotnet.gc.collections ({collection} / 1 sec)[gc.heap.generation=gen1],Rate,0
09/11/2026 06:06:41,System.Runtime,dotnet.process.cpu.time (s / 1 sec)[cpu.mode=user],Rate,0.5365499999999912
09/11/2026 06:06:41,System.Runtime,dotnet.process.cpu.time (s / 1 sec)[cpu.mode=system],Rate,0.03742200000000118
09/11/2026 06:06:41,System.Runtime,dotnet.process.cpu.count ({cpu}),Metric,15
09/11/2026 06:06:41,System.Runtime,dotnet.gc.pause.time (s / 1 sec),Rate,0
09/11/2026 06:06:41,System.Runtime,dotnet.thread_pool.queue.length ({work_item} / 1 sec),Rate,0
09/11/2026 06:06:41,System.Runtime,dotnet.gc.last_collection.memory.committed_size (By),Metric,0
09/11/2026 06:06:41,System.Runtime,dotnet.gc.last_collection.heap.fragmentation.size (By)[gc.heap.generation=gen0],Metric,0
09/11/2026 06:06:41,System.Runtime,dotnet.gc.last_collection.heap.fragmentation.size (By)[gc.heap.generation=loh],Metric,0
09/11/2026 06:06:41,System.Runtime,dotnet.gc.last_collection.heap.fragmentation.size (By)[gc.heap.generation=poh],Metric,0
09/11/2026 06:06:41,System.Runtime,dotnet.gc.last_collection.heap.fragmentation.size (By)[gc.heap.generation=gen2],Metric,0
09/11/2026 06:06:41,System.Runtime,dotnet.gc.last_collection.heap.fragmentation.size (By)[gc.heap.generation=gen1],Metric,0
09/11/2026 06:06:41,System.Runtime,dotnet.timer.count ({timer}),Metric,3
09/11/2026 06:06:41,System.Runtime,dotnet.assembly.count ({assembly}),Metric,61
09/11/2026 06:06:41,System.Runtime,dotnet.gc.heap.total_allocated (By / 1 sec),Rate,138376
09/11/2026 06:06:41,System.Runtime,dotnet.gc.last_collection.heap.size (By)[gc.heap.generation=gen0],Metric,0
09/11/2026 06:06:41,System.Runtime,dotnet.gc.last_collection.heap.size (By)[gc.heap.generation=loh],Metric,0
09/11/2026 06:06:41,System.Runtime,dotnet.gc.last_collection.heap.size (By)[gc.heap.generation=poh],Metric,0
09/11/2026 06:06:41,System.Runtime,dotnet.gc.last_collection.heap.size (By)[gc.heap.generation=gen2],Metric,0
09/11/2026 06:06:41,System.Runtime,dotnet.gc.last_collection.heap.size (By)[gc.heap.generation=gen1],Metric,0
09/11/2026 06:06:41,System.Runtime,dotnet.thread_pool.work_item.count ({work_item} / 1 sec),Rate,601
09/11/2026 06:06:41,System.Runtime,dotnet.process.memory.working_set (By),Metric,112246784
09/11/2026 06:06:41,System.Runtime,dotnet.thread_pool.thread.count ({thread} / 1 sec),Rate,0
09/11/2026 06:06:41,System.Runtime,dotnet.jit.compilation.time (s / 1 sec),Rate,0
09/11/2026 06:06:42,System.Runtime,dotnet.jit.compiled_il.size (By / 1 sec),Rate,0
09/11/2026 06:06:42,System.Runtime,dotnet.jit.compiled_methods ({method} / 1 sec),Rate,0
09/11/2026 06:06:42,System.Runtime,dotnet.monitor.lock_contentions ({contention} / 1 sec),Rate,0
09/11/2026 06:06:42,System.Runtime,dotnet.gc.collections ({collection} / 1 sec)[gc.heap.generation=gen0],Rate,0
09/11/2026 06:06:42,System.Runtime,dotnet.gc.collections ({collection} / 1 sec)[gc.heap.generation=gen2],Rate,0
09/11/2026 06:06:42,System.Runtime,dotnet.gc.collections ({collection} / 1 sec)[gc.heap.generation=gen1],Rate,0
09/11/2026 06:06:42,System.Runtime,dotnet.process.cpu.time (s / 1 sec)[cpu.mode=user],Rate,0.5353539999999981
09/11/2026 06:06:42,System.Runtime,dotnet.process.cpu.time (s / 1 sec)[cpu.mode=system],Rate,0.0372609999999991
09/11/2026 06:06:42,System.Runtime,dotnet.process.cpu.count ({cpu}),Metric,15
09/11/2026 06:06:42,System.Runtime,dotnet.gc.pause.time (s / 1 sec),Rate,0
09/11/2026 06:06:42,System.Runtime,dotnet.thread_pool.queue.length ({work_item} / 1 sec),Rate,0
09/11/2026 06:06:42,System.Runtime,dotnet.gc.last_collection.memory.committed_size (By),Metric,0
09/11/2026 06:06:42,System.Runtime,dotnet.gc.last_collection.heap.fragmentation.size (By)[gc.heap.generation=gen0],Metric,0
09/11/2026 06:06:42,System.Runtime,dotnet.gc.last_collection.heap.fragmentation.size (By)[gc.heap.generation=loh],Metric,0
09/11/2026 06:06:42,System.Runtime,dotnet.gc.last_collection.heap.fragmentation.size (By)[gc.heap.generation=poh],Metric,0
09/11/2026 06:06:42,System.Runtime,dotnet.gc.last_collection.heap.fragmentation.size (By)[gc.heap.generation=gen2],Metric,0
09/11/2026 06:06:42,System.Runtime,dotnet.gc.last_collection.heap.fragmentation.size (By)[gc.heap.generation=gen1],Metric,0
09/11/2026 06:06:42,System.Runtime,dotnet.timer.count ({timer}),Metric,2
09/11/2026 06:06:42,System.Runtime,dotnet.assembly.count ({assembly}),Metric,61
09/11/2026 06:06:42,System.Runtime,dotnet.gc.heap.total_allocated (By / 1 sec),Rate,139400
09/11/2026 06:06:42,System.Runtime,dotnet.gc.last_collection.heap.size (By)[gc.heap.generation=gen0],Metric,0
09/11/2026 06:06:42,System.Runtime,dotnet.gc.last_collection.heap.size (By)[gc.heap.generation=loh],Metric,0
09/11/2026 06:06:42,System.Runtime,dotnet.gc.last_collection.heap.size (By)[gc.heap.generation=poh],Metric,0
09/11/2026 06:06:42,System.Runtime,dotnet.gc.last_collection.heap.size (By)[gc.heap.generation=gen2],Metric,0
09/11/2026 06:06:42,System.Runtime,dotnet.gc.last_collection.heap.size (By)[gc.heap.generation=gen1],Metric,0
09/11/2026 06:06:42,System.Runtime,dotnet.thread_pool.work_item.count ({work_item} / 1 sec),Rate,598
09/11/2026 06:06:42,System.Runtime,dotnet.process.memory.working_set (By),Metric,112427008
09/11/2026 06:06:42,System.Runtime,dotnet.thread_pool.thread.count ({thread} / 1 sec),Rate,0
09/11/2026 06:06:42,System.Runtime,dotnet.jit.compilation.time (s / 1 sec),Rate,0
09/11/2026 06:06:43,System.Runtime,dotnet.jit.compiled_il.size (By / 1 sec),Rate,0
09/11/2026 06:06:43,System.Runtime,dotnet.jit.compiled_methods ({method} / 1 sec),Rate,0
09/11/2026 06:06:43,System.Runtime,dotnet.monitor.lock_contentions ({contention} / 1 sec),Rate,0
09/11/2026 06:06:43,System.Runtime,dotnet.gc.collections ({collection} / 1 sec)[gc.heap.generation=gen0],Rate,0
09/11/2026 06:06:43,System.Runtime,dotnet.gc.collections ({collection} / 1 sec)[gc.heap.generation=gen2],Rate,0
09/11/2026 06:06:43,System.Runtime,dotnet.gc.collections ({collection} / 1 sec)[gc.heap.generation=gen1],Rate,0
09/11/2026 06:06:43,System.Runtime,dotnet.process.cpu.time (s / 1 sec)[cpu.mode=user],Rate,0.5391540000000106
09/11/2026 06:06:43,System.Runtime,dotnet.process.cpu.time (s / 1 sec)[cpu.mode=system],Rate,0.038128999999999635
09/11/2026 06:06:43,System.Runtime,dotnet.process.cpu.count ({cpu}),Metric,15
09/11/2026 06:06:43,System.Runtime,dotnet.gc.pause.time (s / 1 sec),Rate,0
09/11/2026 06:06:43,System.Runtime,dotnet.thread_pool.queue.length ({work_item} / 1 sec),Rate,0
09/11/2026 06:06:43,System.Runtime,dotnet.gc.last_collection.memory.committed_size (By),Metric,0
09/11/2026 06:06:43,System.Runtime,dotnet.gc.last_collection.heap.fragmentation.size (By)[gc.heap.generation=gen0],Metric,0
09/11/2026 06:06:43,System.Runtime,dotnet.gc.last_collection.heap.fragmentation.size (By)[gc.heap.generation=loh],Metric,0
09/11/2026 06:06:43,System.Runtime,dotnet.gc.last_collection.heap.fragmentation.size (By)[gc.heap.generation=poh],Metric,0
09/11/2026 06:06:43,System.Runtime,dotnet.gc.last_collection.heap.fragmentation.size (By)[gc.heap.generation=gen2],Metric,0
09/11/2026 06:06:43,System.Runtime,dotnet.gc.last_collection.heap.fragmentation.size (By)[gc.heap.generation=gen1],Metric,0
09/11/2026 06:06:43,System.Runtime,dotnet.timer.count ({timer}),Metric,3
09/11/2026 06:06:43,System.Runtime,dotnet.assembly.count ({assembly}),Metric,61
09/11/2026 06:06:43,System.Runtime,dotnet.gc.heap.total_allocated (By / 1 sec),Rate,137248
09/11/2026 06:06:43,System.Runtime,dotnet.gc.last_collection.heap.size (By)[gc.heap.generation=gen0],Metric,0
09/11/2026 06:06:43,System.Runtime,dotnet.gc.last_collection.heap.size (By)[gc.heap.generation=loh],Metric,0
09/11/2026 06:06:43,System.Runtime,dotnet.gc.last_collection.heap.size (By)[gc.heap.generation=poh],Metric,0
09/11/2026 06:06:43,System.Runtime,dotnet.gc.last_collection.heap.size (By)[gc.heap.generation=gen2],Metric,0
09/11/2026 06:06:43,System.Runtime,dotnet.gc.last_collection.heap.size (By)[gc.heap.generation=gen1],Metric,0
09/11/2026 06:06:43,System.Runtime,dotnet.thread_pool.work_item.count ({work_item} / 1 sec),Rate,606
09/11/2026 06:06:43,System.Runtime,dotnet.process.memory.working_set (By),Metric,112558080
09/11/2026 06:06:43,System.Runtime,dotnet.thread_pool.thread.count ({thread} / 1 sec),Rate,0
09/11/2026 06:06:43,System.Runtime,dotnet.jit.compilation.time (s / 1 sec),Rate,0
09/11/2026 06:06:44,System.Runtime,dotnet.jit.compiled_il.size (By / 1 sec),Rate,0
09/11/2026 06:06:44,System.Runtime,dotnet.jit.compiled_methods ({method} / 1 sec),Rate,0
09/11/2026 06:06:44,System.Runtime,dotnet.monitor.lock_contentions ({contention} / 1 sec),Rate,0
09/11/2026 06:06:44,System.Runtime,dotnet.gc.collections ({collection} / 1 sec)[gc.heap.generation=gen0],Rate,0
09/11/2026 06:06:44,System.Runtime,dotnet.gc.collections ({collection} / 1 sec)[gc.heap.generation=gen2],Rate,0
09/11/2026 06:06:44,System.Runtime,dotnet.gc.collections ({collection} / 1 sec)[gc.heap.generation=gen1],Rate,0
09/11/2026 06:06:44,System.Runtime,dotnet.process.cpu.time (s / 1 sec)[cpu.mode=user],Rate,0.5375259999999997
09/11/2026 06:06:44,System.Runtime,dotnet.process.cpu.time (s / 1 sec)[cpu.mode=system],Rate,0.036552999999999614
09/11/2026 06:06:44,System.Runtime,dotnet.process.cpu.count ({cpu}),Metric,15
09/11/2026 06:06:44,System.Runtime,dotnet.gc.pause.time (s / 1 sec),Rate,0
09/11/2026 06:06:44,System.Runtime,dotnet.thread_pool.queue.length ({work_item} / 1 sec),Rate,0
09/11/2026 06:06:44,System.Runtime,dotnet.gc.last_collection.memory.committed_size (By),Metric,0
09/11/2026 06:06:44,System.Runtime,dotnet.gc.last_collection.heap.fragmentation.size (By)[gc.heap.generation=gen0],Metric,0
09/11/2026 06:06:44,System.Runtime,dotnet.gc.last_collection.heap.fragmentation.size (By)[gc.heap.generation=loh],Metric,0
09/11/2026 06:06:44,System.Runtime,dotnet.gc.last_collection.heap.fragmentation.size (By)[gc.heap.generation=poh],Metric,0
09/11/2026 06:06:44,System.Runtime,dotnet.gc.last_collection.heap.fragmentation.size (By)[gc.heap.generation=gen2],Metric,0
09/11/2026 06:06:44,System.Runtime,dotnet.gc.last_collection.heap.fragmentation.size (By)[gc.heap.generation=gen1],Metric,0
09/11/2026 06:06:44,System.Runtime,dotnet.timer.count ({timer}),Metric,3
09/11/2026 06:06:44,System.Runtime,dotnet.assembly.count ({assembly}),Metric,61
09/11/2026 06:06:44,System.Runtime,dotnet.gc.heap.total_allocated (By / 1 sec),Rate,139416
09/11/2026 06:06:44,System.Runtime,dotnet.gc.last_collection.heap.size (By)[gc.heap.generation=gen0],Metric,0
09/11/2026 06:06:44,System.Runtime,dotnet.gc.last_collection.heap.size (By)[gc.heap.generation=loh],Metric,0
09/11/2026 06:06:44,System.Runtime,dotnet.gc.last_collection.heap.size (By)[gc.heap.generation=poh],Metric,0
09/11/2026 06:06:44,System.Runtime,dotnet.gc.last_collection.heap.size (By)[gc.heap.generation=gen2],Metric,0
09/11/2026 06:06:44,System.Runtime,dotnet.gc.last_collection.heap.size (By)[gc.heap.generation=gen1],Metric,0
09/11/2026 06:06:44,System.Runtime,dotnet.thread_pool.work_item.count ({work_item} / 1 sec),Rate,602
09/11/2026 06:06:44,System.Runtime,dotnet.process.memory.working_set (By),Metric,112721920
09/11/2026 06:06:44,System.Runtime,dotnet.thread_pool.thread.count ({thread} / 1 sec),Rate,0
09/11/2026 06:06:44,System.Runtime,dotnet.jit.compilation.time (s / 1 sec),Rate,0
09/11/2026 06:06:45,System.Runtime,dotnet.jit.compiled_il.size (By / 1 sec),Rate,0
09/11/2026 06:06:45,System.Runtime,dotnet.jit.compiled_methods ({method} / 1 sec),Rate,0
09/11/2026 06:06:45,System.Runtime,dotnet.monitor.lock_contentions ({contention} / 1 sec),Rate,0
09/11/2026 06:06:45,System.Runtime,dotnet.gc.collections ({collection} / 1 sec)[gc.heap.generation=gen0],Rate,0
09/11/2026 06:06:45,System.Runtime,dotnet.gc.collections ({collection} / 1 sec)[gc.heap.generation=gen2],Rate,0
09/11/2026 06:06:45,System.Runtime,dotnet.gc.collections ({collection} / 1 sec)[gc.heap.generation=gen1],Rate,0
09/11/2026 06:06:45,System.Runtime,dotnet.process.cpu.time (s / 1 sec)[cpu.mode=user],Rate,0.5346709999999888
09/11/2026 06:06:45,System.Runtime,dotnet.process.cpu.time (s / 1 sec)[cpu.mode=system],Rate,0.03587000000000096
09/11/2026 06:06:45,System.Runtime,dotnet.process.cpu.count ({cpu}),Metric,15
09/11/2026 06:06:45,System.Runtime,dotnet.gc.pause.time (s / 1 sec),Rate,0
09/11/2026 06:06:45,System.Runtime,dotnet.thread_pool.queue.length ({work_item} / 1 sec),Rate,0
09/11/2026 06:06:45,System.Runtime,dotnet.gc.last_collection.memory.committed_size (By),Metric,0
09/11/2026 06:06:45,System.Runtime,dotnet.gc.last_collection.heap.fragmentation.size (By)[gc.heap.generation=gen0],Metric,0
09/11/2026 06:06:45,System.Runtime,dotnet.gc.last_collection.heap.fragmentation.size (By)[gc.heap.generation=loh],Metric,0
09/11/2026 06:06:45,System.Runtime,dotnet.gc.last_collection.heap.fragmentation.size (By)[gc.heap.generation=poh],Metric,0
09/11/2026 06:06:45,System.Runtime,dotnet.gc.last_collection.heap.fragmentation.size (By)[gc.heap.generation=gen2],Metric,0
09/11/2026 06:06:45,System.Runtime,dotnet.gc.last_collection.heap.fragmentation.size (By)[gc.heap.generation=gen1],Metric,0
09/11/2026 06:06:45,System.Runtime,dotnet.timer.count ({timer}),Metric,3
09/11/2026 06:06:45,System.Runtime,dotnet.assembly.count ({assembly}),Metric,61
09/11/2026 06:06:45,System.Runtime,dotnet.gc.heap.total_allocated (By / 1 sec),Rate,139400
09/11/2026 06:06:45,System.Runtime,dotnet.gc.last_collection.heap.size (By)[gc.heap.generation=gen0],Metric,0
09/11/2026 06:06:45,System.Runtime,dotnet.gc.last_collection.heap.size (By)[gc.heap.generation=loh],Metric,0
09/11/2026 06:06:45,System.Runtime,dotnet.gc.last_collection.heap.size (By)[gc.heap.generation=poh],Metric,0
09/11/2026 06:06:45,System.Runtime,dotnet.gc.last_collection.heap.size (By)[gc.heap.generation=gen2],Metric,0
09/11/2026 06:06:45,System.Runtime,dotnet.gc.last_collection.heap.size (By)[gc.heap.generation=gen1],Metric,0
09/11/2026 06:06:45,System.Runtime,dotnet.thread_pool.work_item.count ({work_item} / 1 sec),Rate,601
09/11/2026 06:06:45,System.Runtime,dotnet.process.memory.working_set (By),Metric,112869376
09/11/2026 06:06:45,System.Runtime,dotnet.thread_pool.thread.count ({thread} / 1 sec),Rate,0
09/11/2026 06:06:45,System.Runtime,dotnet.jit.compilation.time (s / 1 sec),Rate,0
09/11/2026 06:06:46,System.Runtime,dotnet.jit.compiled_il.size (By / 1 sec),Rate,0
09/11/2026 06:06:46,System.Runtime,dotnet.jit.compiled_methods ({method} / 1 sec),Rate,0
09/11/2026 06:06:46,System.Runtime,dotnet.monitor.lock_contentions ({contention} / 1 sec),Rate,0
09/11/2026 06:06:46,System.Runtime,dotnet.gc.collections ({collection} / 1 sec)[gc.heap.generation=gen0],Rate,0
09/11/2026 06:06:46,System.Runtime,dotnet.gc.collections ({collection} / 1 sec)[gc.heap.generation=gen2],Rate,0
09/11/2026 06:06:46,System.Runtime,dotnet.gc.collections ({collection} / 1 sec)[gc.heap.generation=gen1],Rate,0
09/11/2026 06:06:46,System.Runtime,dotnet.process.cpu.time (s / 1 sec)[cpu.mode=user],Rate,0.5361130000000003
09/11/2026 06:06:46,System.Runtime,dotnet.process.cpu.time (s / 1 sec)[cpu.mode=system],Rate,0.03656600000000054
09/11/2026 06:06:46,System.Runtime,dotnet.process.cpu.count ({cpu}),Metric,15
09/11/2026 06:06:46,System.Runtime,dotnet.gc.pause.time (s / 1 sec),Rate,0
09/11/2026 06:06:46,System.Runtime,dotnet.thread_pool.queue.length ({work_item} / 1 sec),Rate,0
09/11/2026 06:06:46,System.Runtime,dotnet.gc.last_collection.memory.committed_size (By),Metric,0
09/11/2026 06:06:46,System.Runtime,dotnet.gc.last_collection.heap.fragmentation.size (By)[gc.heap.generation=gen0],Metric,0
09/11/2026 06:06:46,System.Runtime,dotnet.gc.last_collection.heap.fragmentation.size (By)[gc.heap.generation=loh],Metric,0
09/11/2026 06:06:46,System.Runtime,dotnet.gc.last_collection.heap.fragmentation.size (By)[gc.heap.generation=poh],Metric,0
09/11/2026 06:06:46,System.Runtime,dotnet.gc.last_collection.heap.fragmentation.size (By)[gc.heap.generation=gen2],Metric,0
09/11/2026 06:06:46,System.Runtime,dotnet.gc.last_collection.heap.fragmentation.size (By)[gc.heap.generation=gen1],Metric,0
09/11/2026 06:06:46,System.Runtime,dotnet.timer.count ({timer}),Metric,3
09/11/2026 06:06:46,System.Runtime,dotnet.assembly.count ({assembly}),Metric,61
09/11/2026 06:06:46,System.Runtime,dotnet.gc.heap.total_allocated (By / 1 sec),Rate,139328
09/11/2026 06:06:46,System.Runtime,dotnet.gc.last_collection.heap.size (By)[gc.heap.generation=gen0],Metric,0
09/11/2026 06:06:46,System.Runtime,dotnet.gc.last_collection.heap.size (By)[gc.heap.generation=loh],Metric,0
09/11/2026 06:06:46,System.Runtime,dotnet.gc.last_collection.heap.size (By)[gc.heap.generation=poh],Metric,0
09/11/2026 06:06:46,System.Runtime,dotnet.gc.last_collection.heap.size (By)[gc.heap.generation=gen2],Metric,0
09/11/2026 06:06:46,System.Runtime,dotnet.gc.last_collection.heap.size (By)[gc.heap.generation=gen1],Metric,0
09/11/2026 06:06:46,System.Runtime,dotnet.thread_pool.work_item.count ({work_item} / 1 sec),Rate,601
09/11/2026 06:06:46,System.Runtime,dotnet.process.memory.working_set (By),Metric,113000448
09/11/2026 06:06:46,System.Runtime,dotnet.thread_pool.thread.count ({thread} / 1 sec),Rate,0
09/11/2026 06:06:46,System.Runtime,dotnet.jit.compilation.time (s / 1 sec),Rate,0
09/11/2026 06:06:47,System.Runtime,dotnet.jit.compiled_il.size (By / 1 sec),Rate,0
09/11/2026 06:06:47,System.Runtime,dotnet.jit.compiled_methods ({method} / 1 sec),Rate,0
09/11/2026 06:06:47,System.Runtime,dotnet.monitor.lock_contentions ({contention} / 1 sec),Rate,0
09/11/2026 06:06:47,System.Runtime,dotnet.gc.collections ({collection} / 1 sec)[gc.heap.generation=gen0],Rate,0
09/11/2026 06:06:47,System.Runtime,dotnet.gc.collections ({collection} / 1 sec)[gc.heap.generation=gen2],Rate,0
09/11/2026 06:06:47,System.Runtime,dotnet.gc.collections ({collection} / 1 sec)[gc.heap.generation=gen1],Rate,0
09/11/2026 06:06:47,System.Runtime,dotnet.process.cpu.time (s / 1 sec)[cpu.mode=user],Rate,0.5373270000000048
09/11/2026 06:06:47,System.Runtime,dotnet.process.cpu.time (s / 1 sec)[cpu.mode=system],Rate,0.03775499999999887
09/11/2026 06:06:47,System.Runtime,dotnet.process.cpu.count ({cpu}),Metric,15
09/11/2026 06:06:47,System.Runtime,dotnet.gc.pause.time (s / 1 sec),Rate,0
09/11/2026 06:06:47,System.Runtime,dotnet.thread_pool.queue.length ({work_item} / 1 sec),Rate,0
09/11/2026 06:06:47,System.Runtime,dotnet.gc.last_collection.memory.committed_size (By),Metric,0
09/11/2026 06:06:47,System.Runtime,dotnet.gc.last_collection.heap.fragmentation.size (By)[gc.heap.generation=gen0],Metric,0
09/11/2026 06:06:47,System.Runtime,dotnet.gc.last_collection.heap.fragmentation.size (By)[gc.heap.generation=loh],Metric,0
09/11/2026 06:06:47,System.Runtime,dotnet.gc.last_collection.heap.fragmentation.size (By)[gc.heap.generation=poh],Metric,0
09/11/2026 06:06:47,System.Runtime,dotnet.gc.last_collection.heap.fragmentation.size (By)[gc.heap.generation=gen2],Metric,0
09/11/2026 06:06:47,System.Runtime,dotnet.gc.last_collection.heap.fragmentation.size (By)[gc.heap.generation=gen1],Metric,0
09/11/2026 06:06:47,System.Runtime,dotnet.timer.count ({timer}),Metric,3
09/11/2026 06:06:47,System.Runtime,dotnet.assembly.count ({assembly}),Metric,61
09/11/2026 06:06:47,System.Runtime,dotnet.gc.heap.total_allocated (By / 1 sec),Rate,130176
09/11/2026 06:06:47,System.Runtime,dotnet.gc.last_collection.heap.size (By)[gc.heap.generation=gen0],Metric,0
09/11/2026 06:06:47,System.Runtime,dotnet.gc.last_collection.heap.size (By)[gc.heap.generation=loh],Metric,0
09/11/2026 06:06:47,System.Runtime,dotnet.gc.last_collection.heap.size (By)[gc.heap.generation=poh],Metric,0
09/11/2026 06:06:47,System.Runtime,dotnet.gc.last_collection.heap.size (By)[gc.heap.generation=gen2],Metric,0
09/11/2026 06:06:47,System.Runtime,dotnet.gc.last_collection.heap.size (By)[gc.heap.generation=gen1],Metric,0
09/11/2026 06:06:47,System.Runtime,dotnet.thread_pool.work_item.count ({work_item} / 1 sec),Rate,601
09/11/2026 06:06:47,System.Runtime,dotnet.process.memory.working_set (By),Metric,113164288
09/11/2026 06:06:47,System.Runtime,dotnet.thread_pool.thread.count ({thread} / 1 sec),Rate,0
09/11/2026 06:06:47,System.Runtime,dotnet.jit.compilation.time (s / 1 sec),Rate,0
09/11/2026 06:06:48,System.Runtime,dotnet.jit.compiled_il.size (By / 1 sec),Rate,0
09/11/2026 06:06:48,System.Runtime,dotnet.jit.compiled_methods ({method} / 1 sec),Rate,0
09/11/2026 06:06:48,System.Runtime,dotnet.monitor.lock_contentions ({contention} / 1 sec),Rate,0
09/11/2026 06:06:48,System.Runtime,dotnet.gc.collections ({collection} / 1 sec)[gc.heap.generation=gen0],Rate,0
09/11/2026 06:06:48,System.Runtime,dotnet.gc.collections ({collection} / 1 sec)[gc.heap.generation=gen2],Rate,0
09/11/2026 06:06:48,System.Runtime,dotnet.gc.collections ({collection} / 1 sec)[gc.heap.generation=gen1],Rate,0
09/11/2026 06:06:48,System.Runtime,dotnet.process.cpu.time (s / 1 sec)[cpu.mode=user],Rate,0.5387389999999925
09/11/2026 06:06:48,System.Runtime,dotnet.process.cpu.time (s / 1 sec)[cpu.mode=system],Rate,0.038130999999999915
09/11/2026 06:06:48,System.Runtime,dotnet.process.cpu.count ({cpu}),Metric,15
09/11/2026 06:06:48,System.Runtime,dotnet.gc.pause.time (s / 1 sec),Rate,0
09/11/2026 06:06:48,System.Runtime,dotnet.thread_pool.queue.length ({work_item} / 1 sec),Rate,0
09/11/2026 06:06:48,System.Runtime,dotnet.gc.last_collection.memory.committed_size (By),Metric,0
09/11/2026 06:06:48,System.Runtime,dotnet.gc.last_collection.heap.fragmentation.size (By)[gc.heap.generation=gen0],Metric,0
09/11/2026 06:06:48,System.Runtime,dotnet.gc.last_collection.heap.fragmentation.size (By)[gc.heap.generation=loh],Metric,0
09/11/2026 06:06:48,System.Runtime,dotnet.gc.last_collection.heap.fragmentation.size (By)[gc.heap.generation=poh],Metric,0
09/11/2026 06:06:48,System.Runtime,dotnet.gc.last_collection.heap.fragmentation.size (By)[gc.heap.generation=gen2],Metric,0
09/11/2026 06:06:48,System.Runtime,dotnet.gc.last_collection.heap.fragmentation.size (By)[gc.heap.generation=gen1],Metric,0
09/11/2026 06:06:48,System.Runtime,dotnet.timer.count ({timer}),Metric,2
09/11/2026 06:06:48,System.Runtime,dotnet.assembly.count ({assembly}),Metric,61
09/11/2026 06:06:48,System.Runtime,dotnet.gc.heap.total_allocated (By / 1 sec),Rate,131200
09/11/2026 06:06:48,System.Runtime,dotnet.gc.last_collection.heap.size (By)[gc.heap.generation=gen0],Metric,0
09/11/2026 06:06:48,System.Runtime,dotnet.gc.last_collection.heap.size (By)[gc.heap.generation=loh],Metric,0
09/11/2026 06:06:48,System.Runtime,dotnet.gc.last_collection.heap.size (By)[gc.heap.generation=poh],Metric,0
09/11/2026 06:06:48,System.Runtime,dotnet.gc.last_collection.heap.size (By)[gc.heap.generation=gen2],Metric,0
09/11/2026 06:06:48,System.Runtime,dotnet.gc.last_collection.heap.size (By)[gc.heap.generation=gen1],Metric,0
09/11/2026 06:06:48,System.Runtime,dotnet.thread_pool.work_item.count ({work_item} / 1 sec),Rate,598
09/11/2026 06:06:48,System.Runtime,dotnet.process.memory.working_set (By),Metric,113328128
09/11/2026 06:06:48,System.Runtime,dotnet.thread_pool.thread.count ({thread} / 1 sec),Rate,0
09/11/2026 06:06:48,System.Runtime,dotnet.jit.compilation.time (s / 1 sec),Rate,0
09/11/2026 06:06:49,System.Runtime,dotnet.jit.compiled_il.size (By / 1 sec),Rate,0
09/11/2026 06:06:49,System.Runtime,dotnet.jit.compiled_methods ({method} / 1 sec),Rate,0
09/11/2026 06:06:49,System.Runtime,dotnet.monitor.lock_contentions ({contention} / 1 sec),Rate,0
09/11/2026 06:06:49,System.Runtime,dotnet.gc.collections ({collection} / 1 sec)[gc.heap.generation=gen0],Rate,0
09/11/2026 06:06:49,System.Runtime,dotnet.gc.collections ({collection} / 1 sec)[gc.heap.generation=gen2],Rate,0
09/11/2026 06:06:49,System.Runtime,dotnet.gc.collections ({collection} / 1 sec)[gc.heap.generation=gen1],Rate,0
09/11/2026 06:06:49,System.Runtime,dotnet.process.cpu.time (s / 1 sec)[cpu.mode=user],Rate,0.5295770000000033
09/11/2026 06:06:49,System.Runtime,dotnet.process.cpu.time (s / 1 sec)[cpu.mode=system],Rate,0.037831999999999866
09/11/2026 06:06:49,System.Runtime,dotnet.process.cpu.count ({cpu}),Metric,15
09/11/2026 06:06:49,System.Runtime,dotnet.gc.pause.time (s / 1 sec),Rate,0
09/11/2026 06:06:49,System.Runtime,dotnet.thread_pool.queue.length ({work_item} / 1 sec),Rate,0
09/11/2026 06:06:49,System.Runtime,dotnet.gc.last_collection.memory.committed_size (By),Metric,0
09/11/2026 06:06:49,System.Runtime,dotnet.gc.last_collection.heap.fragmentation.size (By)[gc.heap.generation=gen0],Metric,0
09/11/2026 06:06:49,System.Runtime,dotnet.gc.last_collection.heap.fragmentation.size (By)[gc.heap.generation=loh],Metric,0
09/11/2026 06:06:49,System.Runtime,dotnet.gc.last_collection.heap.fragmentation.size (By)[gc.heap.generation=poh],Metric,0
09/11/2026 06:06:49,System.Runtime,dotnet.gc.last_collection.heap.fragmentation.size (By)[gc.heap.generation=gen2],Metric,0
09/11/2026 06:06:49,System.Runtime,dotnet.gc.last_collection.heap.fragmentation.size (By)[gc.heap.generation=gen1],Metric,0
09/11/2026 06:06:49,System.Runtime,dotnet.timer.count ({timer}),Metric,3
09/11/2026 06:06:49,System.Runtime,dotnet.assembly.count ({assembly}),Metric,61
09/11/2026 06:06:49,System.Runtime,dotnet.gc.heap.total_allocated (By / 1 sec),Rate,139392
09/11/2026 06:06:49,System.Runtime,dotnet.gc.last_collection.heap.size (By)[gc.heap.generation=gen0],Metric,0
09/11/2026 06:06:49,System.Runtime,dotnet.gc.last_collection.heap.size (By)[gc.heap.generation=loh],Metric,0
09/11/2026 06:06:49,System.Runtime,dotnet.gc.last_collection.heap.size (By)[gc.heap.generation=poh],Metric,0
09/11/2026 06:06:49,System.Runtime,dotnet.gc.last_collection.heap.size (By)[gc.heap.generation=gen2],Metric,0
09/11/2026 06:06:49,System.Runtime,dotnet.gc.last_collection.heap.size (By)[gc.heap.generation=gen1],Metric,0
09/11/2026 06:06:49,System.Runtime,dotnet.thread_pool.work_item.count ({work_item} / 1 sec),Rate,602
09/11/2026 06:06:49,System.Runtime,dotnet.process.memory.working_set (By),Metric,113475584
09/11/2026 06:06:49,System.Runtime,dotnet.thread_pool.thread.count ({thread} / 1 sec),Rate,0
09/11/2026 06:06:49,System.Runtime,dotnet.jit.compilation.time (s / 1 sec),Rate,0
09/11/2026 06:06:50,System.Runtime,dotnet.jit.compiled_il.size (By / 1 sec),Rate,81
09/11/2026 06:06:50,System.Runtime,dotnet.jit.compiled_methods ({method} / 1 sec),Rate,1
09/11/2026 06:06:50,System.Runtime,dotnet.monitor.lock_contentions ({contention} / 1 sec),Rate,0
09/11/2026 06:06:50,System.Runtime,dotnet.gc.collections ({collection} / 1 sec)[gc.heap.generation=gen0],Rate,0
09/11/2026 06:06:50,System.Runtime,dotnet.gc.collections ({collection} / 1 sec)[gc.heap.generation=gen2],Rate,0
09/11/2026 06:06:50,System.Runtime,dotnet.gc.collections ({collection} / 1 sec)[gc.heap.generation=gen1],Rate,0
09/11/2026 06:06:50,System.Runtime,dotnet.process.cpu.time (s / 1 sec)[cpu.mode=user],Rate,0.5347739999999988
09/11/2026 06:06:50,System.Runtime,dotnet.process.cpu.time (s / 1 sec)[cpu.mode=system],Rate,0.03685300000000069
09/11/2026 06:06:50,System.Runtime,dotnet.process.cpu.count ({cpu}),Metric,15
09/11/2026 06:06:50,System.Runtime,dotnet.gc.pause.time (s / 1 sec),Rate,0
09/11/2026 06:06:50,System.Runtime,dotnet.thread_pool.queue.length ({work_item} / 1 sec),Rate,0
09/11/2026 06:06:50,System.Runtime,dotnet.gc.last_collection.memory.committed_size (By),Metric,0
09/11/2026 06:06:50,System.Runtime,dotnet.gc.last_collection.heap.fragmentation.size (By)[gc.heap.generation=gen0],Metric,0
09/11/2026 06:06:50,System.Runtime,dotnet.gc.last_collection.heap.fragmentation.size (By)[gc.heap.generation=loh],Metric,0
09/11/2026 06:06:50,System.Runtime,dotnet.gc.last_collection.heap.fragmentation.size (By)[gc.heap.generation=poh],Metric,0
09/11/2026 06:06:50,System.Runtime,dotnet.gc.last_collection.heap.fragmentation.size (By)[gc.heap.generation=gen2],Metric,0
09/11/2026 06:06:50,System.Runtime,dotnet.gc.last_collection.heap.fragmentation.size (By)[gc.heap.generation=gen1],Metric,0
09/11/2026 06:06:50,System.Runtime,dotnet.timer.count ({timer}),Metric,2
09/11/2026 06:06:50,System.Runtime,dotnet.assembly.count ({assembly}),Metric,61
09/11/2026 06:06:50,System.Runtime,dotnet.gc.heap.total_allocated (By / 1 sec),Rate,137352
09/11/2026 06:06:50,System.Runtime,dotnet.gc.last_collection.heap.size (By)[gc.heap.generation=gen0],Metric,0
09/11/2026 06:06:50,System.Runtime,dotnet.gc.last_collection.heap.size (By)[gc.heap.generation=loh],Metric,0
09/11/2026 06:06:50,System.Runtime,dotnet.gc.last_collection.heap.size (By)[gc.heap.generation=poh],Metric,0
09/11/2026 06:06:50,System.Runtime,dotnet.gc.last_collection.heap.size (By)[gc.heap.generation=gen2],Metric,0
09/11/2026 06:06:50,System.Runtime,dotnet.gc.last_collection.heap.size (By)[gc.heap.generation=gen1],Metric,0
09/11/2026 06:06:50,System.Runtime,dotnet.thread_pool.work_item.count ({work_item} / 1 sec),Rate,598
09/11/2026 06:06:50,System.Runtime,dotnet.process.memory.working_set (By),Metric,113688576
09/11/2026 06:06:50,System.Runtime,dotnet.thread_pool.thread.count ({thread} / 1 sec),Rate,0
09/11/2026 06:06:50,System.Runtime,dotnet.jit.compilation.time (s / 1 sec),Rate,0.0007281000000000093
09/11/2026 06:06:51,System.Runtime,dotnet.jit.compiled_il.size (By / 1 sec),Rate,0
09/11/2026 06:06:51,System.Runtime,dotnet.jit.compiled_methods ({method} / 1 sec),Rate,0
09/11/2026 06:06:51,System.Runtime,dotnet.monitor.lock_contentions ({contention} / 1 sec),Rate,0
09/11/2026 06:06:51,System.Runtime,dotnet.gc.collections ({collection} / 1 sec)[gc.heap.generation=gen0],Rate,0
09/11/2026 06:06:51,System.Runtime,dotnet.gc.collections ({collection} / 1 sec)[gc.heap.generation=gen2],Rate,0
09/11/2026 06:06:51,System.Runtime,dotnet.gc.collections ({collection} / 1 sec)[gc.heap.generation=gen1],Rate,0
09/11/2026 06:06:51,System.Runtime,dotnet.process.cpu.time (s / 1 sec)[cpu.mode=user],Rate,0.5397980000000047
09/11/2026 06:06:51,System.Runtime,dotnet.process.cpu.time (s / 1 sec)[cpu.mode=system],Rate,0.038878999999999664
09/11/2026 06:06:51,System.Runtime,dotnet.process.cpu.count ({cpu}),Metric,15
09/11/2026 06:06:51,System.Runtime,dotnet.gc.pause.time (s / 1 sec),Rate,0
09/11/2026 06:06:51,System.Runtime,dotnet.thread_pool.queue.length ({work_item} / 1 sec),Rate,0
09/11/2026 06:06:51,System.Runtime,dotnet.gc.last_collection.memory.committed_size (By),Metric,0
09/11/2026 06:06:51,System.Runtime,dotnet.gc.last_collection.heap.fragmentation.size (By)[gc.heap.generation=gen0],Metric,0
09/11/2026 06:06:51,System.Runtime,dotnet.gc.last_collection.heap.fragmentation.size (By)[gc.heap.generation=loh],Metric,0
09/11/2026 06:06:51,System.Runtime,dotnet.gc.last_collection.heap.fragmentation.size (By)[gc.heap.generation=poh],Metric,0
09/11/2026 06:06:51,System.Runtime,dotnet.gc.last_collection.heap.fragmentation.size (By)[gc.heap.generation=gen2],Metric,0
09/11/2026 06:06:51,System.Runtime,dotnet.gc.last_collection.heap.fragmentation.size (By)[gc.heap.generation=gen1],Metric,0
09/11/2026 06:06:51,System.Runtime,dotnet.timer.count ({timer}),Metric,3
09/11/2026 06:06:51,System.Runtime,dotnet.assembly.count ({assembly}),Metric,61
09/11/2026 06:06:51,System.Runtime,dotnet.gc.heap.total_allocated (By / 1 sec),Rate,139392
09/11/2026 06:06:51,System.Runtime,dotnet.gc.last_collection.heap.size (By)[gc.heap.generation=gen0],Metric,0
09/11/2026 06:06:51,System.Runtime,dotnet.gc.last_collection.heap.size (By)[gc.heap.generation=loh],Metric,0
09/11/2026 06:06:51,System.Runtime,dotnet.gc.last_collection.heap.size (By)[gc.heap.generation=poh],Metric,0
09/11/2026 06:06:51,System.Runtime,dotnet.gc.last_collection.heap.size (By)[gc.heap.generation=gen2],Metric,0
09/11/2026 06:06:51,System.Runtime,dotnet.gc.last_collection.heap.size (By)[gc.heap.generation=gen1],Metric,0
09/11/2026 06:06:51,System.Runtime,dotnet.thread_pool.work_item.count ({work_item} / 1 sec),Rate,604
09/11/2026 06:06:51,System.Runtime,dotnet.process.memory.working_set (By),Metric,113836032
09/11/2026 06:06:51,System.Runtime,dotnet.thread_pool.thread.count ({thread} / 1 sec),Rate,0
09/11/2026 06:06:51,System.Runtime,dotnet.jit.compilation.time (s / 1 sec),Rate,0
09/11/2026 06:06:52,System.Runtime,dotnet.jit.compiled_il.size (By / 1 sec),Rate,0
09/11/2026 06:06:52,System.Runtime,dotnet.jit.compiled_methods ({method} / 1 sec),Rate,0
09/11/2026 06:06:52,System.Runtime,dotnet.monitor.lock_contentions ({contention} / 1 sec),Rate,0
09/11/2026 06:06:52,System.Runtime,dotnet.gc.collections ({collection} / 1 sec)[gc.heap.generation=gen0],Rate,0
09/11/2026 06:06:52,System.Runtime,dotnet.gc.collections ({collection} / 1 sec)[gc.heap.generation=gen2],Rate,0
09/11/2026 06:06:52,System.Runtime,dotnet.gc.collections ({collection} / 1 sec)[gc.heap.generation=gen1],Rate,0
09/11/2026 06:06:52,System.Runtime,dotnet.process.cpu.time (s / 1 sec)[cpu.mode=user],Rate,0.5363949999999988
09/11/2026 06:06:52,System.Runtime,dotnet.process.cpu.time (s / 1 sec)[cpu.mode=system],Rate,0.03870799999999974
09/11/2026 06:06:52,System.Runtime,dotnet.process.cpu.count ({cpu}),Metric,15
09/11/2026 06:06:52,System.Runtime,dotnet.gc.pause.time (s / 1 sec),Rate,0
09/11/2026 06:06:52,System.Runtime,dotnet.thread_pool.queue.length ({work_item} / 1 sec),Rate,0
09/11/2026 06:06:52,System.Runtime,dotnet.gc.last_collection.memory.committed_size (By),Metric,0
09/11/2026 06:06:52,System.Runtime,dotnet.gc.last_collection.heap.fragmentation.size (By)[gc.heap.generation=gen0],Metric,0
09/11/2026 06:06:52,System.Runtime,dotnet.gc.last_collection.heap.fragmentation.size (By)[gc.heap.generation=loh],Metric,0
09/11/2026 06:06:52,System.Runtime,dotnet.gc.last_collection.heap.fragmentation.size (By)[gc.heap.generation=poh],Metric,0
09/11/2026 06:06:52,System.Runtime,dotnet.gc.last_collection.heap.fragmentation.size (By)[gc.heap.generation=gen2],Metric,0
09/11/2026 06:06:52,System.Runtime,dotnet.gc.last_collection.heap.fragmentation.size (By)[gc.heap.generation=gen1],Metric,0
09/11/2026 06:06:52,System.Runtime,dotnet.timer.count ({timer}),Metric,3
09/11/2026 06:06:52,System.Runtime,dotnet.assembly.count ({assembly}),Metric,61
09/11/2026 06:06:52,System.Runtime,dotnet.gc.heap.total_allocated (By / 1 sec),Rate,130176
09/11/2026 06:06:52,System.Runtime,dotnet.gc.last_collection.heap.size (By)[gc.heap.generation=gen0],Metric,0
09/11/2026 06:06:52,System.Runtime,dotnet.gc.last_collection.heap.size (By)[gc.heap.generation=loh],Metric,0
09/11/2026 06:06:52,System.Runtime,dotnet.gc.last_collection.heap.size (By)[gc.heap.generation=poh],Metric,0
09/11/2026 06:06:52,System.Runtime,dotnet.gc.last_collection.heap.size (By)[gc.heap.generation=gen2],Metric,0
09/11/2026 06:06:52,System.Runtime,dotnet.gc.last_collection.heap.size (By)[gc.heap.generation=gen1],Metric,0
09/11/2026 06:06:52,System.Runtime,dotnet.thread_pool.work_item.count ({work_item} / 1 sec),Rate,601
09/11/2026 06:06:52,System.Runtime,dotnet.process.memory.working_set (By),Metric,113999872
09/11/2026 06:06:52,System.Runtime,dotnet.thread_pool.thread.count ({thread} / 1 sec),Rate,0
09/11/2026 06:06:52,System.Runtime,dotnet.jit.compilation.time (s / 1 sec),Rate,0
09/11/2026 06:06:53,System.Runtime,dotnet.jit.compiled_il.size (By / 1 sec),Rate,0
09/11/2026 06:06:53,System.Runtime,dotnet.jit.compiled_methods ({method} / 1 sec),Rate,0
09/11/2026 06:06:53,System.Runtime,dotnet.monitor.lock_contentions ({contention} / 1 sec),Rate,0
09/11/2026 06:06:53,System.Runtime,dotnet.gc.collections ({collection} / 1 sec)[gc.heap.generation=gen0],Rate,0
09/11/2026 06:06:53,System.Runtime,dotnet.gc.collections ({collection} / 1 sec)[gc.heap.generation=gen2],Rate,0
09/11/2026 06:06:53,System.Runtime,dotnet.gc.collections ({collection} / 1 sec)[gc.heap.generation=gen1],Rate,0
09/11/2026 06:06:53,System.Runtime,dotnet.process.cpu.time (s / 1 sec)[cpu.mode=user],Rate,0.5377440000000036
09/11/2026 06:06:53,System.Runtime,dotnet.process.cpu.time (s / 1 sec)[cpu.mode=system],Rate,0.03794200000000103
09/11/2026 06:06:53,System.Runtime,dotnet.process.cpu.count ({cpu}),Metric,15
09/11/2026 06:06:53,System.Runtime,dotnet.gc.pause.time (s / 1 sec),Rate,0
09/11/2026 06:06:53,System.Runtime,dotnet.thread_pool.queue.length ({work_item} / 1 sec),Rate,0
09/11/2026 06:06:53,System.Runtime,dotnet.gc.last_collection.memory.committed_size (By),Metric,0
09/11/2026 06:06:53,System.Runtime,dotnet.gc.last_collection.heap.fragmentation.size (By)[gc.heap.generation=gen0],Metric,0
09/11/2026 06:06:53,System.Runtime,dotnet.gc.last_collection.heap.fragmentation.size (By)[gc.heap.generation=loh],Metric,0
09/11/2026 06:06:53,System.Runtime,dotnet.gc.last_collection.heap.fragmentation.size (By)[gc.heap.generation=poh],Metric,0
09/11/2026 06:06:53,System.Runtime,dotnet.gc.last_collection.heap.fragmentation.size (By)[gc.heap.generation=gen2],Metric,0
09/11/2026 06:06:53,System.Runtime,dotnet.gc.last_collection.heap.fragmentation.size (By)[gc.heap.generation=gen1],Metric,0
09/11/2026 06:06:53,System.Runtime,dotnet.timer.count ({timer}),Metric,3
09/11/2026 06:06:53,System.Runtime,dotnet.assembly.count ({assembly}),Metric,61
09/11/2026 06:06:53,System.Runtime,dotnet.gc.heap.total_allocated (By / 1 sec),Rate,139400
09/11/2026 06:06:53,System.Runtime,dotnet.gc.last_collection.heap.size (By)[gc.heap.generation=gen0],Metric,0
09/11/2026 06:06:53,System.Runtime,dotnet.gc.last_collection.heap.size (By)[gc.heap.generation=loh],Metric,0
09/11/2026 06:06:53,System.Runtime,dotnet.gc.last_collection.heap.size (By)[gc.heap.generation=poh],Metric,0
09/11/2026 06:06:53,System.Runtime,dotnet.gc.last_collection.heap.size (By)[gc.heap.generation=gen2],Metric,0
09/11/2026 06:06:53,System.Runtime,dotnet.gc.last_collection.heap.size (By)[gc.heap.generation=gen1],Metric,0
09/11/2026 06:06:53,System.Runtime,dotnet.thread_pool.work_item.count ({work_item} / 1 sec),Rate,601
09/11/2026 06:06:53,System.Runtime,dotnet.process.memory.working_set (By),Metric,114147328
09/11/2026 06:06:53,System.Runtime,dotnet.thread_pool.thread.count ({thread} / 1 sec),Rate,0
09/11/2026 06:06:53,System.Runtime,dotnet.jit.compilation.time (s / 1 sec),Rate,0
09/11/2026 06:06:54,System.Runtime,dotnet.jit.compiled_il.size (By / 1 sec),Rate,0
09/11/2026 06:06:54,System.Runtime,dotnet.jit.compiled_methods ({method} / 1 sec),Rate,0
09/11/2026 06:06:54,System.Runtime,dotnet.monitor.lock_contentions ({contention} / 1 sec),Rate,0
09/11/2026 06:06:54,System.Runtime,dotnet.gc.collections ({collection} / 1 sec)[gc.heap.generation=gen0],Rate,0
09/11/2026 06:06:54,System.Runtime,dotnet.gc.collections ({collection} / 1 sec)[gc.heap.generation=gen2],Rate,0
09/11/2026 06:06:54,System.Runtime,dotnet.gc.collections ({collection} / 1 sec)[gc.heap.generation=gen1],Rate,0
09/11/2026 06:06:54,System.Runtime,dotnet.process.cpu.time (s / 1 sec)[cpu.mode=user],Rate,0.5312339999999978
09/11/2026 06:06:54,System.Runtime,dotnet.process.cpu.time (s / 1 sec)[cpu.mode=system],Rate,0.036096999999999824
09/11/2026 06:06:54,System.Runtime,dotnet.process.cpu.count ({cpu}),Metric,15
09/11/2026 06:06:54,System.Runtime,dotnet.gc.pause.time (s / 1 sec),Rate,0
09/11/2026 06:06:54,System.Runtime,dotnet.thread_pool.queue.length ({work_item} / 1 sec),Rate,0
09/11/2026 06:06:54,System.Runtime,dotnet.gc.last_collection.memory.committed_size (By),Metric,0
09/11/2026 06:06:54,System.Runtime,dotnet.gc.last_collection.heap.fragmentation.size (By)[gc.heap.generation=gen0],Metric,0
09/11/2026 06:06:54,System.Runtime,dotnet.gc.last_collection.heap.fragmentation.size (By)[gc.heap.generation=loh],Metric,0
09/11/2026 06:06:54,System.Runtime,dotnet.gc.last_collection.heap.fragmentation.size (By)[gc.heap.generation=poh],Metric,0
09/11/2026 06:06:54,System.Runtime,dotnet.gc.last_collection.heap.fragmentation.size (By)[gc.heap.generation=gen2],Metric,0
09/11/2026 06:06:54,System.Runtime,dotnet.gc.last_collection.heap.fragmentation.size (By)[gc.heap.generation=gen1],Metric,0
09/11/2026 06:06:54,System.Runtime,dotnet.timer.count ({timer}),Metric,3
09/11/2026 06:06:54,System.Runtime,dotnet.assembly.count ({assembly}),Metric,61
09/11/2026 06:06:54,System.Runtime,dotnet.gc.heap.total_allocated (By / 1 sec),Rate,139288
09/11/2026 06:06:54,System.Runtime,dotnet.gc.last_collection.heap.size (By)[gc.heap.generation=gen0],Metric,0
09/11/2026 06:06:54,System.Runtime,dotnet.gc.last_collection.heap.size (By)[gc.heap.generation=loh],Metric,0
09/11/2026 06:06:54,System.Runtime,dotnet.gc.last_collection.heap.size (By)[gc.heap.generation=poh],Metric,0
09/11/2026 06:06:54,System.Runtime,dotnet.gc.last_collection.heap.size (By)[gc.heap.generation=gen2],Metric,0
09/11/2026 06:06:54,System.Runtime,dotnet.gc.last_collection.heap.size (By)[gc.heap.generation=gen1],Metric,0
09/11/2026 06:06:54,System.Runtime,dotnet.thread_pool.work_item.count ({work_item} / 1 sec),Rate,602
09/11/2026 06:06:54,System.Runtime,dotnet.process.memory.working_set (By),Metric,114278400
09/11/2026 06:06:54,System.Runtime,dotnet.thread_pool.thread.count ({thread} / 1 sec),Rate,0
09/11/2026 06:06:54,System.Runtime,dotnet.jit.compilation.time (s / 1 sec),Rate,0
09/11/2026 06:06:55,System.Runtime,dotnet.jit.compiled_il.size (By / 1 sec),Rate,0
09/11/2026 06:06:55,System.Runtime,dotnet.jit.compiled_methods ({method} / 1 sec),Rate,0
09/11/2026 06:06:55,System.Runtime,dotnet.monitor.lock_contentions ({contention} / 1 sec),Rate,0
09/11/2026 06:06:55,System.Runtime,dotnet.gc.collections ({collection} / 1 sec)[gc.heap.generation=gen0],Rate,0
09/11/2026 06:06:55,System.Runtime,dotnet.gc.collections ({collection} / 1 sec)[gc.heap.generation=gen2],Rate,0
09/11/2026 06:06:55,System.Runtime,dotnet.gc.collections ({collection} / 1 sec)[gc.heap.generation=gen1],Rate,0
09/11/2026 06:06:55,System.Runtime,dotnet.process.cpu.time (s / 1 sec)[cpu.mode=user],Rate,0.5376499999999993
09/11/2026 06:06:55,System.Runtime,dotnet.process.cpu.time (s / 1 sec)[cpu.mode=system],Rate,0.03774499999999925
09/11/2026 06:06:55,System.Runtime,dotnet.process.cpu.count ({cpu}),Metric,15
09/11/2026 06:06:55,System.Runtime,dotnet.gc.pause.time (s / 1 sec),Rate,0
09/11/2026 06:06:55,System.Runtime,dotnet.thread_pool.queue.length ({work_item} / 1 sec),Rate,0
09/11/2026 06:06:55,System.Runtime,dotnet.gc.last_collection.memory.committed_size (By),Metric,0
09/11/2026 06:06:55,System.Runtime,dotnet.gc.last_collection.heap.fragmentation.size (By)[gc.heap.generation=gen0],Metric,0
09/11/2026 06:06:55,System.Runtime,dotnet.gc.last_collection.heap.fragmentation.size (By)[gc.heap.generation=loh],Metric,0
09/11/2026 06:06:55,System.Runtime,dotnet.gc.last_collection.heap.fragmentation.size (By)[gc.heap.generation=poh],Metric,0
09/11/2026 06:06:55,System.Runtime,dotnet.gc.last_collection.heap.fragmentation.size (By)[gc.heap.generation=gen2],Metric,0
09/11/2026 06:06:55,System.Runtime,dotnet.gc.last_collection.heap.fragmentation.size (By)[gc.heap.generation=gen1],Metric,0
09/11/2026 06:06:55,System.Runtime,dotnet.timer.count ({timer}),Metric,2
09/11/2026 06:06:55,System.Runtime,dotnet.assembly.count ({assembly}),Metric,61
09/11/2026 06:06:55,System.Runtime,dotnet.gc.heap.total_allocated (By / 1 sec),Rate,138360
09/11/2026 06:06:55,System.Runtime,dotnet.gc.last_collection.heap.size (By)[gc.heap.generation=gen0],Metric,0
09/11/2026 06:06:55,System.Runtime,dotnet.gc.last_collection.heap.size (By)[gc.heap.generation=loh],Metric,0
09/11/2026 06:06:55,System.Runtime,dotnet.gc.last_collection.heap.size (By)[gc.heap.generation=poh],Metric,0
09/11/2026 06:06:55,System.Runtime,dotnet.gc.last_collection.heap.size (By)[gc.heap.generation=gen2],Metric,0
09/11/2026 06:06:55,System.Runtime,dotnet.gc.last_collection.heap.size (By)[gc.heap.generation=gen1],Metric,0
09/11/2026 06:06:55,System.Runtime,dotnet.thread_pool.work_item.count ({work_item} / 1 sec),Rate,599
09/11/2026 06:06:55,System.Runtime,dotnet.process.memory.working_set (By),Metric,114425856
09/11/2026 06:06:55,System.Runtime,dotnet.thread_pool.thread.count ({thread} / 1 sec),Rate,0
09/11/2026 06:06:55,System.Runtime,dotnet.jit.compilation.time (s / 1 sec),Rate,0
09/11/2026 06:06:56,System.Runtime,dotnet.jit.compiled_il.size (By / 1 sec),Rate,0
09/11/2026 06:06:56,System.Runtime,dotnet.jit.compiled_methods ({method} / 1 sec),Rate,0
09/11/2026 06:06:56,System.Runtime,dotnet.monitor.lock_contentions ({contention} / 1 sec),Rate,0
09/11/2026 06:06:56,System.Runtime,dotnet.gc.collections ({collection} / 1 sec)[gc.heap.generation=gen0],Rate,0
09/11/2026 06:06:56,System.Runtime,dotnet.gc.collections ({collection} / 1 sec)[gc.heap.generation=gen2],Rate,0
09/11/2026 06:06:56,System.Runtime,dotnet.gc.collections ({collection} / 1 sec)[gc.heap.generation=gen1],Rate,0
09/11/2026 06:06:56,System.Runtime,dotnet.process.cpu.time (s / 1 sec)[cpu.mode=user],Rate,0.5373579999999976
09/11/2026 06:06:56,System.Runtime,dotnet.process.cpu.time (s / 1 sec)[cpu.mode=system],Rate,0.04033599999999993
09/11/2026 06:06:56,System.Runtime,dotnet.process.cpu.count ({cpu}),Metric,15
09/11/2026 06:06:56,System.Runtime,dotnet.gc.pause.time (s / 1 sec),Rate,0
09/11/2026 06:06:56,System.Runtime,dotnet.thread_pool.queue.length ({work_item} / 1 sec),Rate,0
09/11/2026 06:06:56,System.Runtime,dotnet.gc.last_collection.memory.committed_size (By),Metric,0
09/11/2026 06:06:56,System.Runtime,dotnet.gc.last_collection.heap.fragmentation.size (By)[gc.heap.generation=gen0],Metric,0
09/11/2026 06:06:56,System.Runtime,dotnet.gc.last_collection.heap.fragmentation.size (By)[gc.heap.generation=loh],Metric,0
09/11/2026 06:06:56,System.Runtime,dotnet.gc.last_collection.heap.fragmentation.size (By)[gc.heap.generation=poh],Metric,0
09/11/2026 06:06:56,System.Runtime,dotnet.gc.last_collection.heap.fragmentation.size (By)[gc.heap.generation=gen2],Metric,0
09/11/2026 06:06:56,System.Runtime,dotnet.gc.last_collection.heap.fragmentation.size (By)[gc.heap.generation=gen1],Metric,0
09/11/2026 06:06:56,System.Runtime,dotnet.timer.count ({timer}),Metric,3
09/11/2026 06:06:56,System.Runtime,dotnet.assembly.count ({assembly}),Metric,61
09/11/2026 06:06:56,System.Runtime,dotnet.gc.heap.total_allocated (By / 1 sec),Rate,131200
09/11/2026 06:06:56,System.Runtime,dotnet.gc.last_collection.heap.size (By)[gc.heap.generation=gen0],Metric,0
09/11/2026 06:06:56,System.Runtime,dotnet.gc.last_collection.heap.size (By)[gc.heap.generation=loh],Metric,0
09/11/2026 06:06:56,System.Runtime,dotnet.gc.last_collection.heap.size (By)[gc.heap.generation=poh],Metric,0
09/11/2026 06:06:56,System.Runtime,dotnet.gc.last_collection.heap.size (By)[gc.heap.generation=gen2],Metric,0
09/11/2026 06:06:56,System.Runtime,dotnet.gc.last_collection.heap.size (By)[gc.heap.generation=gen1],Metric,0
09/11/2026 06:06:56,System.Runtime,dotnet.thread_pool.work_item.count ({work_item} / 1 sec),Rate,603
09/11/2026 06:06:56,System.Runtime,dotnet.process.memory.working_set (By),Metric,114589696
09/11/2026 06:06:56,System.Runtime,dotnet.thread_pool.thread.count ({thread} / 1 sec),Rate,0
09/11/2026 06:06:56,System.Runtime,dotnet.jit.compilation.time (s / 1 sec),Rate,0
09/11/2026 06:06:57,System.Runtime,dotnet.jit.compiled_il.size (By / 1 sec),Rate,0
09/11/2026 06:06:57,System.Runtime,dotnet.jit.compiled_methods ({method} / 1 sec),Rate,0
09/11/2026 06:06:57,System.Runtime,dotnet.monitor.lock_contentions ({contention} / 1 sec),Rate,0
09/11/2026 06:06:57,System.Runtime,dotnet.gc.collections ({collection} / 1 sec)[gc.heap.generation=gen0],Rate,0
09/11/2026 06:06:57,System.Runtime,dotnet.gc.collections ({collection} / 1 sec)[gc.heap.generation=gen2],Rate,0
09/11/2026 06:06:57,System.Runtime,dotnet.gc.collections ({collection} / 1 sec)[gc.heap.generation=gen1],Rate,0
09/11/2026 06:06:57,System.Runtime,dotnet.process.cpu.time (s / 1 sec)[cpu.mode=user],Rate,0.5365060000000028
09/11/2026 06:06:57,System.Runtime,dotnet.process.cpu.time (s / 1 sec)[cpu.mode=system],Rate,0.03716600000000092
09/11/2026 06:06:57,System.Runtime,dotnet.process.cpu.count ({cpu}),Metric,15
09/11/2026 06:06:57,System.Runtime,dotnet.gc.pause.time (s / 1 sec),Rate,0
09/11/2026 06:06:57,System.Runtime,dotnet.thread_pool.queue.length ({work_item} / 1 sec),Rate,0
09/11/2026 06:06:57,System.Runtime,dotnet.gc.last_collection.memory.committed_size (By),Metric,0
09/11/2026 06:06:57,System.Runtime,dotnet.gc.last_collection.heap.fragmentation.size (By)[gc.heap.generation=gen0],Metric,0
09/11/2026 06:06:57,System.Runtime,dotnet.gc.last_collection.heap.fragmentation.size (By)[gc.heap.generation=loh],Metric,0
09/11/2026 06:06:57,System.Runtime,dotnet.gc.last_collection.heap.fragmentation.size (By)[gc.heap.generation=poh],Metric,0
09/11/2026 06:06:57,System.Runtime,dotnet.gc.last_collection.heap.fragmentation.size (By)[gc.heap.generation=gen2],Metric,0
09/11/2026 06:06:57,System.Runtime,dotnet.gc.last_collection.heap.fragmentation.size (By)[gc.heap.generation=gen1],Metric,0
09/11/2026 06:06:57,System.Runtime,dotnet.timer.count ({timer}),Metric,3
09/11/2026 06:06:57,System.Runtime,dotnet.assembly.count ({assembly}),Metric,61
09/11/2026 06:06:57,System.Runtime,dotnet.gc.heap.total_allocated (By / 1 sec),Rate,146512
09/11/2026 06:06:57,System.Runtime,dotnet.gc.last_collection.heap.size (By)[gc.heap.generation=gen0],Metric,0
09/11/2026 06:06:57,System.Runtime,dotnet.gc.last_collection.heap.size (By)[gc.heap.generation=loh],Metric,0
09/11/2026 06:06:57,System.Runtime,dotnet.gc.last_collection.heap.size (By)[gc.heap.generation=poh],Metric,0
09/11/2026 06:06:57,System.Runtime,dotnet.gc.last_collection.heap.size (By)[gc.heap.generation=gen2],Metric,0
09/11/2026 06:06:57,System.Runtime,dotnet.gc.last_collection.heap.size (By)[gc.heap.generation=gen1],Metric,0
09/11/2026 06:06:57,System.Runtime,dotnet.thread_pool.work_item.count ({work_item} / 1 sec),Rate,601
09/11/2026 06:06:57,System.Runtime,dotnet.process.memory.working_set (By),Metric,114737152
09/11/2026 06:06:57,System.Runtime,dotnet.thread_pool.thread.count ({thread} / 1 sec),Rate,0
09/11/2026 06:06:57,System.Runtime,dotnet.jit.compilation.time (s / 1 sec),Rate,0
09/11/2026 06:06:58,System.Runtime,dotnet.jit.compiled_il.size (By / 1 sec),Rate,62
09/11/2026 06:06:58,System.Runtime,dotnet.jit.compiled_methods ({method} / 1 sec),Rate,1
09/11/2026 06:06:58,System.Runtime,dotnet.monitor.lock_contentions ({contention} / 1 sec),Rate,0
09/11/2026 06:06:58,System.Runtime,dotnet.gc.collections ({collection} / 1 sec)[gc.heap.generation=gen0],Rate,0
09/11/2026 06:06:58,System.Runtime,dotnet.gc.collections ({collection} / 1 sec)[gc.heap.generation=gen2],Rate,0
09/11/2026 06:06:58,System.Runtime,dotnet.gc.collections ({collection} / 1 sec)[gc.heap.generation=gen1],Rate,0
09/11/2026 06:06:58,System.Runtime,dotnet.process.cpu.time (s / 1 sec)[cpu.mode=user],Rate,0.5377249999999947
09/11/2026 06:06:58,System.Runtime,dotnet.process.cpu.time (s / 1 sec)[cpu.mode=system],Rate,0.03743000000000052
09/11/2026 06:06:58,System.Runtime,dotnet.process.cpu.count ({cpu}),Metric,15
09/11/2026 06:06:58,System.Runtime,dotnet.gc.pause.time (s / 1 sec),Rate,0
09/11/2026 06:06:58,System.Runtime,dotnet.thread_pool.queue.length ({work_item} / 1 sec),Rate,0
09/11/2026 06:06:58,System.Runtime,dotnet.gc.last_collection.memory.committed_size (By),Metric,0
09/11/2026 06:06:58,System.Runtime,dotnet.gc.last_collection.heap.fragmentation.size (By)[gc.heap.generation=gen0],Metric,0
09/11/2026 06:06:58,System.Runtime,dotnet.gc.last_collection.heap.fragmentation.size (By)[gc.heap.generation=loh],Metric,0
09/11/2026 06:06:58,System.Runtime,dotnet.gc.last_collection.heap.fragmentation.size (By)[gc.heap.generation=poh],Metric,0
09/11/2026 06:06:58,System.Runtime,dotnet.gc.last_collection.heap.fragmentation.size (By)[gc.heap.generation=gen2],Metric,0
09/11/2026 06:06:58,System.Runtime,dotnet.gc.last_collection.heap.fragmentation.size (By)[gc.heap.generation=gen1],Metric,0
09/11/2026 06:06:58,System.Runtime,dotnet.timer.count ({timer}),Metric,2
09/11/2026 06:06:58,System.Runtime,dotnet.assembly.count ({assembly}),Metric,61
09/11/2026 06:06:58,System.Runtime,dotnet.gc.heap.total_allocated (By / 1 sec),Rate,123000
09/11/2026 06:06:58,System.Runtime,dotnet.gc.last_collection.heap.size (By)[gc.heap.generation=gen0],Metric,0
09/11/2026 06:06:58,System.Runtime,dotnet.gc.last_collection.heap.size (By)[gc.heap.generation=loh],Metric,0
09/11/2026 06:06:58,System.Runtime,dotnet.gc.last_collection.heap.size (By)[gc.heap.generation=poh],Metric,0
09/11/2026 06:06:58,System.Runtime,dotnet.gc.last_collection.heap.size (By)[gc.heap.generation=gen2],Metric,0
09/11/2026 06:06:58,System.Runtime,dotnet.gc.last_collection.heap.size (By)[gc.heap.generation=gen1],Metric,0
09/11/2026 06:06:58,System.Runtime,dotnet.thread_pool.work_item.count ({work_item} / 1 sec),Rate,598
09/11/2026 06:06:58,System.Runtime,dotnet.process.memory.working_set (By),Metric,115048448
09/11/2026 06:06:58,System.Runtime,dotnet.thread_pool.thread.count ({thread} / 1 sec),Rate,0
09/11/2026 06:06:58,System.Runtime,dotnet.jit.compilation.time (s / 1 sec),Rate,0.0005792000000000019
09/11/2026 06:06:59,System.Runtime,dotnet.jit.compiled_il.size (By / 1 sec),Rate,0
09/11/2026 06:06:59,System.Runtime,dotnet.jit.compiled_methods ({method} / 1 sec),Rate,0
09/11/2026 06:06:59,System.Runtime,dotnet.monitor.lock_contentions ({contention} / 1 sec),Rate,0
09/11/2026 06:06:59,System.Runtime,dotnet.gc.collections ({collection} / 1 sec)[gc.heap.generation=gen0],Rate,0
09/11/2026 06:06:59,System.Runtime,dotnet.gc.collections ({collection} / 1 sec)[gc.heap.generation=gen2],Rate,0
09/11/2026 06:06:59,System.Runtime,dotnet.gc.collections ({collection} / 1 sec)[gc.heap.generation=gen1],Rate,0
09/11/2026 06:06:59,System.Runtime,dotnet.process.cpu.time (s / 1 sec)[cpu.mode=user],Rate,0.533442000000008
09/11/2026 06:06:59,System.Runtime,dotnet.process.cpu.time (s / 1 sec)[cpu.mode=system],Rate,0.054202999999999335
09/11/2026 06:06:59,System.Runtime,dotnet.process.cpu.count ({cpu}),Metric,15
09/11/2026 06:06:59,System.Runtime,dotnet.gc.pause.time (s / 1 sec),Rate,0
09/11/2026 06:06:59,System.Runtime,dotnet.thread_pool.queue.length ({work_item} / 1 sec),Rate,0
09/11/2026 06:06:59,System.Runtime,dotnet.gc.last_collection.memory.committed_size (By),Metric,0
09/11/2026 06:06:59,System.Runtime,dotnet.gc.last_collection.heap.fragmentation.size (By)[gc.heap.generation=gen0],Metric,0
09/11/2026 06:06:59,System.Runtime,dotnet.gc.last_collection.heap.fragmentation.size (By)[gc.heap.generation=loh],Metric,0
09/11/2026 06:06:59,System.Runtime,dotnet.gc.last_collection.heap.fragmentation.size (By)[gc.heap.generation=poh],Metric,0
09/11/2026 06:06:59,System.Runtime,dotnet.gc.last_collection.heap.fragmentation.size (By)[gc.heap.generation=gen2],Metric,0
09/11/2026 06:06:59,System.Runtime,dotnet.gc.last_collection.heap.fragmentation.size (By)[gc.heap.generation=gen1],Metric,0
09/11/2026 06:06:59,System.Runtime,dotnet.timer.count ({timer}),Metric,3
09/11/2026 06:06:59,System.Runtime,dotnet.assembly.count ({assembly}),Metric,61
09/11/2026 06:06:59,System.Runtime,dotnet.gc.heap.total_allocated (By / 1 sec),Rate,162992
09/11/2026 06:06:59,System.Runtime,dotnet.gc.last_collection.heap.size (By)[gc.heap.generation=gen0],Metric,0
09/11/2026 06:06:59,System.Runtime,dotnet.gc.last_collection.heap.size (By)[gc.heap.generation=loh],Metric,0
09/11/2026 06:06:59,System.Runtime,dotnet.gc.last_collection.heap.size (By)[gc.heap.generation=poh],Metric,0
09/11/2026 06:06:59,System.Runtime,dotnet.gc.last_collection.heap.size (By)[gc.heap.generation=gen2],Metric,0
09/11/2026 06:06:59,System.Runtime,dotnet.gc.last_collection.heap.size (By)[gc.heap.generation=gen1],Metric,0
09/11/2026 06:06:59,System.Runtime,dotnet.thread_pool.work_item.count ({work_item} / 1 sec),Rate,605
09/11/2026 06:06:59,System.Runtime,dotnet.process.memory.working_set (By),Metric,115228672
09/11/2026 06:06:59,System.Runtime,dotnet.thread_pool.thread.count ({thread} / 1 sec),Rate,0
09/11/2026 06:06:59,System.Runtime,dotnet.jit.compilation.time (s / 1 sec),Rate,0
09/11/2026 06:07:00,System.Runtime,dotnet.jit.compiled_il.size (By / 1 sec),Rate,0
09/11/2026 06:07:00,System.Runtime,dotnet.jit.compiled_methods ({method} / 1 sec),Rate,0
09/11/2026 06:07:00,System.Runtime,dotnet.monitor.lock_contentions ({contention} / 1 sec),Rate,0
09/11/2026 06:07:00,System.Runtime,dotnet.gc.collections ({collection} / 1 sec)[gc.heap.generation=gen0],Rate,0
09/11/2026 06:07:00,System.Runtime,dotnet.gc.collections ({collection} / 1 sec)[gc.heap.generation=gen2],Rate,0
09/11/2026 06:07:00,System.Runtime,dotnet.gc.collections ({collection} / 1 sec)[gc.heap.generation=gen1],Rate,0
09/11/2026 06:07:00,System.Runtime,dotnet.process.cpu.time (s / 1 sec)[cpu.mode=user],Rate,0.5318909999999875
09/11/2026 06:07:00,System.Runtime,dotnet.process.cpu.time (s / 1 sec)[cpu.mode=system],Rate,0.03913099999999936
09/11/2026 06:07:00,System.Runtime,dotnet.process.cpu.count ({cpu}),Metric,15
09/11/2026 06:07:00,System.Runtime,dotnet.gc.pause.time (s / 1 sec),Rate,0
09/11/2026 06:07:00,System.Runtime,dotnet.thread_pool.queue.length ({work_item} / 1 sec),Rate,0
09/11/2026 06:07:00,System.Runtime,dotnet.gc.last_collection.memory.committed_size (By),Metric,0
09/11/2026 06:07:00,System.Runtime,dotnet.gc.last_collection.heap.fragmentation.size (By)[gc.heap.generation=gen0],Metric,0
09/11/2026 06:07:00,System.Runtime,dotnet.gc.last_collection.heap.fragmentation.size (By)[gc.heap.generation=loh],Metric,0
09/11/2026 06:07:00,System.Runtime,dotnet.gc.last_collection.heap.fragmentation.size (By)[gc.heap.generation=poh],Metric,0
09/11/2026 06:07:00,System.Runtime,dotnet.gc.last_collection.heap.fragmentation.size (By)[gc.heap.generation=gen2],Metric,0
09/11/2026 06:07:00,System.Runtime,dotnet.gc.last_collection.heap.fragmentation.size (By)[gc.heap.generation=gen1],Metric,0
09/11/2026 06:07:00,System.Runtime,dotnet.timer.count ({timer}),Metric,3
09/11/2026 06:07:00,System.Runtime,dotnet.assembly.count ({assembly}),Metric,61
09/11/2026 06:07:00,System.Runtime,dotnet.gc.heap.total_allocated (By / 1 sec),Rate,121912
09/11/2026 06:07:00,System.Runtime,dotnet.gc.last_collection.heap.size (By)[gc.heap.generation=gen0],Metric,0
09/11/2026 06:07:00,System.Runtime,dotnet.gc.last_collection.heap.size (By)[gc.heap.generation=loh],Metric,0
09/11/2026 06:07:00,System.Runtime,dotnet.gc.last_collection.heap.size (By)[gc.heap.generation=poh],Metric,0
09/11/2026 06:07:00,System.Runtime,dotnet.gc.last_collection.heap.size (By)[gc.heap.generation=gen2],Metric,0
09/11/2026 06:07:00,System.Runtime,dotnet.gc.last_collection.heap.size (By)[gc.heap.generation=gen1],Metric,0
09/11/2026 06:07:00,System.Runtime,dotnet.thread_pool.work_item.count ({work_item} / 1 sec),Rate,600
09/11/2026 06:07:00,System.Runtime,dotnet.process.memory.working_set (By),Metric,115359744
09/11/2026 06:07:00,System.Runtime,dotnet.thread_pool.thread.count ({thread} / 1 sec),Rate,0
09/11/2026 06:07:00,System.Runtime,dotnet.jit.compilation.time (s / 1 sec),Rate,0
09/11/2026 06:07:01,System.Runtime,dotnet.jit.compiled_il.size (By / 1 sec),Rate,0
09/11/2026 06:07:01,System.Runtime,dotnet.jit.compiled_methods ({method} / 1 sec),Rate,0
09/11/2026 06:07:01,System.Runtime,dotnet.monitor.lock_contentions ({contention} / 1 sec),Rate,0
09/11/2026 06:07:01,System.Runtime,dotnet.gc.collections ({collection} / 1 sec)[gc.heap.generation=gen0],Rate,0
09/11/2026 06:07:01,System.Runtime,dotnet.gc.collections ({collection} / 1 sec)[gc.heap.generation=gen2],Rate,0
09/11/2026 06:07:01,System.Runtime,dotnet.gc.collections ({collection} / 1 sec)[gc.heap.generation=gen1],Rate,0
09/11/2026 06:07:01,System.Runtime,dotnet.process.cpu.time (s / 1 sec)[cpu.mode=user],Rate,0.5369890000000055
09/11/2026 06:07:01,System.Runtime,dotnet.process.cpu.time (s / 1 sec)[cpu.mode=system],Rate,0.03706799999999966
09/11/2026 06:07:01,System.Runtime,dotnet.process.cpu.count ({cpu}),Metric,15
09/11/2026 06:07:01,System.Runtime,dotnet.gc.pause.time (s / 1 sec),Rate,0
09/11/2026 06:07:01,System.Runtime,dotnet.thread_pool.queue.length ({work_item} / 1 sec),Rate,0
09/11/2026 06:07:01,System.Runtime,dotnet.gc.last_collection.memory.committed_size (By),Metric,0
09/11/2026 06:07:01,System.Runtime,dotnet.gc.last_collection.heap.fragmentation.size (By)[gc.heap.generation=gen0],Metric,0
09/11/2026 06:07:01,System.Runtime,dotnet.gc.last_collection.heap.fragmentation.size (By)[gc.heap.generation=loh],Metric,0
09/11/2026 06:07:01,System.Runtime,dotnet.gc.last_collection.heap.fragmentation.size (By)[gc.heap.generation=poh],Metric,0
09/11/2026 06:07:01,System.Runtime,dotnet.gc.last_collection.heap.fragmentation.size (By)[gc.heap.generation=gen2],Metric,0
09/11/2026 06:07:01,System.Runtime,dotnet.gc.last_collection.heap.fragmentation.size (By)[gc.heap.generation=gen1],Metric,0
09/11/2026 06:07:01,System.Runtime,dotnet.timer.count ({timer}),Metric,3
09/11/2026 06:07:01,System.Runtime,dotnet.assembly.count ({assembly}),Metric,61
09/11/2026 06:07:01,System.Runtime,dotnet.gc.heap.total_allocated (By / 1 sec),Rate,130176
09/11/2026 06:07:01,System.Runtime,dotnet.gc.last_collection.heap.size (By)[gc.heap.generation=gen0],Metric,0
09/11/2026 06:07:01,System.Runtime,dotnet.gc.last_collection.heap.size (By)[gc.heap.generation=loh],Metric,0
09/11/2026 06:07:01,System.Runtime,dotnet.gc.last_collection.heap.size (By)[gc.heap.generation=poh],Metric,0
09/11/2026 06:07:01,System.Runtime,dotnet.gc.last_collection.heap.size (By)[gc.heap.generation=gen2],Metric,0
09/11/2026 06:07:01,System.Runtime,dotnet.gc.last_collection.heap.size (By)[gc.heap.generation=gen1],Metric,0
09/11/2026 06:07:01,System.Runtime,dotnet.thread_pool.work_item.count ({work_item} / 1 sec),Rate,601
09/11/2026 06:07:01,System.Runtime,dotnet.process.memory.working_set (By),Metric,115490816
09/11/2026 06:07:01,System.Runtime,dotnet.thread_pool.thread.count ({thread} / 1 sec),Rate,0
09/11/2026 06:07:01,System.Runtime,dotnet.jit.compilation.time (s / 1 sec),Rate,0
09/11/2026 06:07:02,System.Runtime,dotnet.jit.compiled_il.size (By / 1 sec),Rate,0
09/11/2026 06:07:02,System.Runtime,dotnet.jit.compiled_methods ({method} / 1 sec),Rate,0
09/11/2026 06:07:02,System.Runtime,dotnet.monitor.lock_contentions ({contention} / 1 sec),Rate,0
09/11/2026 06:07:02,System.Runtime,dotnet.gc.collections ({collection} / 1 sec)[gc.heap.generation=gen0],Rate,0
09/11/2026 06:07:02,System.Runtime,dotnet.gc.collections ({collection} / 1 sec)[gc.heap.generation=gen2],Rate,0
09/11/2026 06:07:02,System.Runtime,dotnet.gc.collections ({collection} / 1 sec)[gc.heap.generation=gen1],Rate,0
09/11/2026 06:07:02,System.Runtime,dotnet.process.cpu.time (s / 1 sec)[cpu.mode=user],Rate,0.5333129999999926
09/11/2026 06:07:02,System.Runtime,dotnet.process.cpu.time (s / 1 sec)[cpu.mode=system],Rate,0.03316100000000155
09/11/2026 06:07:02,System.Runtime,dotnet.process.cpu.count ({cpu}),Metric,15
09/11/2026 06:07:02,System.Runtime,dotnet.gc.pause.time (s / 1 sec),Rate,0
09/11/2026 06:07:02,System.Runtime,dotnet.thread_pool.queue.length ({work_item} / 1 sec),Rate,0
09/11/2026 06:07:02,System.Runtime,dotnet.gc.last_collection.memory.committed_size (By),Metric,0
09/11/2026 06:07:02,System.Runtime,dotnet.gc.last_collection.heap.fragmentation.size (By)[gc.heap.generation=gen0],Metric,0
09/11/2026 06:07:02,System.Runtime,dotnet.gc.last_collection.heap.fragmentation.size (By)[gc.heap.generation=loh],Metric,0
09/11/2026 06:07:02,System.Runtime,dotnet.gc.last_collection.heap.fragmentation.size (By)[gc.heap.generation=poh],Metric,0
09/11/2026 06:07:02,System.Runtime,dotnet.gc.last_collection.heap.fragmentation.size (By)[gc.heap.generation=gen2],Metric,0
09/11/2026 06:07:02,System.Runtime,dotnet.gc.last_collection.heap.fragmentation.size (By)[gc.heap.generation=gen1],Metric,0
09/11/2026 06:07:02,System.Runtime,dotnet.timer.count ({timer}),Metric,2
09/11/2026 06:07:02,System.Runtime,dotnet.assembly.count ({assembly}),Metric,61
09/11/2026 06:07:02,System.Runtime,dotnet.gc.heap.total_allocated (By / 1 sec),Rate,123000
09/11/2026 06:07:02,System.Runtime,dotnet.gc.last_collection.heap.size (By)[gc.heap.generation=gen0],Metric,0
09/11/2026 06:07:02,System.Runtime,dotnet.gc.last_collection.heap.size (By)[gc.heap.generation=loh],Metric,0
09/11/2026 06:07:02,System.Runtime,dotnet.gc.last_collection.heap.size (By)[gc.heap.generation=poh],Metric,0
09/11/2026 06:07:02,System.Runtime,dotnet.gc.last_collection.heap.size (By)[gc.heap.generation=gen2],Metric,0
09/11/2026 06:07:02,System.Runtime,dotnet.gc.last_collection.heap.size (By)[gc.heap.generation=gen1],Metric,0
09/11/2026 06:07:02,System.Runtime,dotnet.thread_pool.work_item.count ({work_item} / 1 sec),Rate,598
09/11/2026 06:07:02,System.Runtime,dotnet.process.memory.working_set (By),Metric,115605504
09/11/2026 06:07:02,System.Runtime,dotnet.thread_pool.thread.count ({thread} / 1 sec),Rate,0
09/11/2026 06:07:02,System.Runtime,dotnet.jit.compilation.time (s / 1 sec),Rate,0
09/11/2026 06:07:03,System.Runtime,dotnet.jit.compiled_il.size (By / 1 sec),Rate,0
09/11/2026 06:07:03,System.Runtime,dotnet.jit.compiled_methods ({method} / 1 sec),Rate,0
09/11/2026 06:07:03,System.Runtime,dotnet.monitor.lock_contentions ({contention} / 1 sec),Rate,0
09/11/2026 06:07:03,System.Runtime,dotnet.gc.collections ({collection} / 1 sec)[gc.heap.generation=gen0],Rate,0
09/11/2026 06:07:03,System.Runtime,dotnet.gc.collections ({collection} / 1 sec)[gc.heap.generation=gen2],Rate,0
09/11/2026 06:07:03,System.Runtime,dotnet.gc.collections ({collection} / 1 sec)[gc.heap.generation=gen1],Rate,0
09/11/2026 06:07:03,System.Runtime,dotnet.process.cpu.time (s / 1 sec)[cpu.mode=user],Rate,0.5425520000000006
09/11/2026 06:07:03,System.Runtime,dotnet.process.cpu.time (s / 1 sec)[cpu.mode=system],Rate,0.039837999999999596
09/11/2026 06:07:03,System.Runtime,dotnet.process.cpu.count ({cpu}),Metric,15
09/11/2026 06:07:03,System.Runtime,dotnet.gc.pause.time (s / 1 sec),Rate,0
09/11/2026 06:07:03,System.Runtime,dotnet.thread_pool.queue.length ({work_item} / 1 sec),Rate,0
09/11/2026 06:07:03,System.Runtime,dotnet.gc.last_collection.memory.committed_size (By),Metric,0
09/11/2026 06:07:03,System.Runtime,dotnet.gc.last_collection.heap.fragmentation.size (By)[gc.heap.generation=gen0],Metric,0
09/11/2026 06:07:03,System.Runtime,dotnet.gc.last_collection.heap.fragmentation.size (By)[gc.heap.generation=loh],Metric,0
09/11/2026 06:07:03,System.Runtime,dotnet.gc.last_collection.heap.fragmentation.size (By)[gc.heap.generation=poh],Metric,0
09/11/2026 06:07:03,System.Runtime,dotnet.gc.last_collection.heap.fragmentation.size (By)[gc.heap.generation=gen2],Metric,0
09/11/2026 06:07:03,System.Runtime,dotnet.gc.last_collection.heap.fragmentation.size (By)[gc.heap.generation=gen1],Metric,0
09/11/2026 06:07:03,System.Runtime,dotnet.timer.count ({timer}),Metric,3
09/11/2026 06:07:03,System.Runtime,dotnet.assembly.count ({assembly}),Metric,61
09/11/2026 06:07:03,System.Runtime,dotnet.gc.heap.total_allocated (By / 1 sec),Rate,155800
09/11/2026 06:07:03,System.Runtime,dotnet.gc.last_collection.heap.size (By)[gc.heap.generation=gen0],Metric,0
09/11/2026 06:07:03,System.Runtime,dotnet.gc.last_collection.heap.size (By)[gc.heap.generation=loh],Metric,0
09/11/2026 06:07:03,System.Runtime,dotnet.gc.last_collection.heap.size (By)[gc.heap.generation=poh],Metric,0
09/11/2026 06:07:03,System.Runtime,dotnet.gc.last_collection.heap.size (By)[gc.heap.generation=gen2],Metric,0
09/11/2026 06:07:03,System.Runtime,dotnet.gc.last_collection.heap.size (By)[gc.heap.generation=gen1],Metric,0
09/11/2026 06:07:03,System.Runtime,dotnet.thread_pool.work_item.count ({work_item} / 1 sec),Rate,604
09/11/2026 06:07:03,System.Runtime,dotnet.process.memory.working_set (By),Metric,115785728
09/11/2026 06:07:03,System.Runtime,dotnet.thread_pool.thread.count ({thread} / 1 sec),Rate,0
09/11/2026 06:07:03,System.Runtime,dotnet.jit.compilation.time (s / 1 sec),Rate,0
09/11/2026 06:07:04,System.Runtime,dotnet.jit.compiled_il.size (By / 1 sec),Rate,0
09/11/2026 06:07:04,System.Runtime,dotnet.jit.compiled_methods ({method} / 1 sec),Rate,0
09/11/2026 06:07:04,System.Runtime,dotnet.monitor.lock_contentions ({contention} / 1 sec),Rate,0
09/11/2026 06:07:04,System.Runtime,dotnet.gc.collections ({collection} / 1 sec)[gc.heap.generation=gen0],Rate,0
09/11/2026 06:07:04,System.Runtime,dotnet.gc.collections ({collection} / 1 sec)[gc.heap.generation=gen2],Rate,0
09/11/2026 06:07:04,System.Runtime,dotnet.gc.collections ({collection} / 1 sec)[gc.heap.generation=gen1],Rate,0
09/11/2026 06:07:04,System.Runtime,dotnet.process.cpu.time (s / 1 sec)[cpu.mode=user],Rate,0.5406030000000044
09/11/2026 06:07:04,System.Runtime,dotnet.process.cpu.time (s / 1 sec)[cpu.mode=system],Rate,0.04116999999999926
09/11/2026 06:07:04,System.Runtime,dotnet.process.cpu.count ({cpu}),Metric,15
09/11/2026 06:07:04,System.Runtime,dotnet.gc.pause.time (s / 1 sec),Rate,0
09/11/2026 06:07:04,System.Runtime,dotnet.thread_pool.queue.length ({work_item} / 1 sec),Rate,0
09/11/2026 06:07:04,System.Runtime,dotnet.gc.last_collection.memory.committed_size (By),Metric,0
09/11/2026 06:07:04,System.Runtime,dotnet.gc.last_collection.heap.fragmentation.size (By)[gc.heap.generation=gen0],Metric,0
09/11/2026 06:07:04,System.Runtime,dotnet.gc.last_collection.heap.fragmentation.size (By)[gc.heap.generation=loh],Metric,0
09/11/2026 06:07:04,System.Runtime,dotnet.gc.last_collection.heap.fragmentation.size (By)[gc.heap.generation=poh],Metric,0
09/11/2026 06:07:04,System.Runtime,dotnet.gc.last_collection.heap.fragmentation.size (By)[gc.heap.generation=gen2],Metric,0
09/11/2026 06:07:04,System.Runtime,dotnet.gc.last_collection.heap.fragmentation.size (By)[gc.heap.generation=gen1],Metric,0
09/11/2026 06:07:04,System.Runtime,dotnet.timer.count ({timer}),Metric,3
09/11/2026 06:07:04,System.Runtime,dotnet.assembly.count ({assembly}),Metric,61
09/11/2026 06:07:04,System.Runtime,dotnet.gc.heap.total_allocated (By / 1 sec),Rate,123016
09/11/2026 06:07:04,System.Runtime,dotnet.gc.last_collection.heap.size (By)[gc.heap.generation=gen0],Metric,0
09/11/2026 06:07:04,System.Runtime,dotnet.gc.last_collection.heap.size (By)[gc.heap.generation=loh],Metric,0
09/11/2026 06:07:04,System.Runtime,dotnet.gc.last_collection.heap.size (By)[gc.heap.generation=poh],Metric,0
09/11/2026 06:07:04,System.Runtime,dotnet.gc.last_collection.heap.size (By)[gc.heap.generation=gen2],Metric,0
09/11/2026 06:07:04,System.Runtime,dotnet.gc.last_collection.heap.size (By)[gc.heap.generation=gen1],Metric,0
09/11/2026 06:07:04,System.Runtime,dotnet.thread_pool.work_item.count ({work_item} / 1 sec),Rate,602
09/11/2026 06:07:04,System.Runtime,dotnet.process.memory.working_set (By),Metric,115949568
09/11/2026 06:07:04,System.Runtime,dotnet.thread_pool.thread.count ({thread} / 1 sec),Rate,0
09/11/2026 06:07:04,System.Runtime,dotnet.jit.compilation.time (s / 1 sec),Rate,0
09/11/2026 06:07:05,System.Runtime,dotnet.jit.compiled_il.size (By / 1 sec),Rate,0
09/11/2026 06:07:05,System.Runtime,dotnet.jit.compiled_methods ({method} / 1 sec),Rate,0
09/11/2026 06:07:05,System.Runtime,dotnet.monitor.lock_contentions ({contention} / 1 sec),Rate,0
09/11/2026 06:07:05,System.Runtime,dotnet.gc.collections ({collection} / 1 sec)[gc.heap.generation=gen0],Rate,0
09/11/2026 06:07:05,System.Runtime,dotnet.gc.collections ({collection} / 1 sec)[gc.heap.generation=gen2],Rate,0
09/11/2026 06:07:05,System.Runtime,dotnet.gc.collections ({collection} / 1 sec)[gc.heap.generation=gen1],Rate,0
09/11/2026 06:07:05,System.Runtime,dotnet.process.cpu.time (s / 1 sec)[cpu.mode=user],Rate,0.538646
09/11/2026 06:07:05,System.Runtime,dotnet.process.cpu.time (s / 1 sec)[cpu.mode=system],Rate,0.04007900000000042
09/11/2026 06:07:05,System.Runtime,dotnet.process.cpu.count ({cpu}),Metric,15
09/11/2026 06:07:05,System.Runtime,dotnet.gc.pause.time (s / 1 sec),Rate,0
09/11/2026 06:07:05,System.Runtime,dotnet.thread_pool.queue.length ({work_item} / 1 sec),Rate,0
09/11/2026 06:07:05,System.Runtime,dotnet.gc.last_collection.memory.committed_size (By),Metric,0
09/11/2026 06:07:05,System.Runtime,dotnet.gc.last_collection.heap.fragmentation.size (By)[gc.heap.generation=gen0],Metric,0
09/11/2026 06:07:05,System.Runtime,dotnet.gc.last_collection.heap.fragmentation.size (By)[gc.heap.generation=loh],Metric,0
09/11/2026 06:07:05,System.Runtime,dotnet.gc.last_collection.heap.fragmentation.size (By)[gc.heap.generation=poh],Metric,0
09/11/2026 06:07:05,System.Runtime,dotnet.gc.last_collection.heap.fragmentation.size (By)[gc.heap.generation=gen2],Metric,0
09/11/2026 06:07:05,System.Runtime,dotnet.gc.last_collection.heap.fragmentation.size (By)[gc.heap.generation=gen1],Metric,0
09/11/2026 06:07:05,System.Runtime,dotnet.timer.count ({timer}),Metric,3
09/11/2026 06:07:05,System.Runtime,dotnet.assembly.count ({assembly}),Metric,61
09/11/2026 06:07:05,System.Runtime,dotnet.gc.heap.total_allocated (By / 1 sec),Rate,146568
09/11/2026 06:07:05,System.Runtime,dotnet.gc.last_collection.heap.size (By)[gc.heap.generation=gen0],Metric,0
09/11/2026 06:07:05,System.Runtime,dotnet.gc.last_collection.heap.size (By)[gc.heap.generation=loh],Metric,0
09/11/2026 06:07:05,System.Runtime,dotnet.gc.last_collection.heap.size (By)[gc.heap.generation=poh],Metric,0
09/11/2026 06:07:05,System.Runtime,dotnet.gc.last_collection.heap.size (By)[gc.heap.generation=gen2],Metric,0
09/11/2026 06:07:05,System.Runtime,dotnet.gc.last_collection.heap.size (By)[gc.heap.generation=gen1],Metric,0
09/11/2026 06:07:05,System.Runtime,dotnet.thread_pool.work_item.count ({work_item} / 1 sec),Rate,601
09/11/2026 06:07:05,System.Runtime,dotnet.process.memory.working_set (By),Metric,116097024
09/11/2026 06:07:05,System.Runtime,dotnet.thread_pool.thread.count ({thread} / 1 sec),Rate,0
09/11/2026 06:07:05,System.Runtime,dotnet.jit.compilation.time (s / 1 sec),Rate,0
09/11/2026 06:07:06,System.Runtime,dotnet.jit.compiled_il.size (By / 1 sec),Rate,0
09/11/2026 06:07:06,System.Runtime,dotnet.jit.compiled_methods ({method} / 1 sec),Rate,0
09/11/2026 06:07:06,System.Runtime,dotnet.monitor.lock_contentions ({contention} / 1 sec),Rate,0
09/11/2026 06:07:06,System.Runtime,dotnet.gc.collections ({collection} / 1 sec)[gc.heap.generation=gen0],Rate,0
09/11/2026 06:07:06,System.Runtime,dotnet.gc.collections ({collection} / 1 sec)[gc.heap.generation=gen2],Rate,0
09/11/2026 06:07:06,System.Runtime,dotnet.gc.collections ({collection} / 1 sec)[gc.heap.generation=gen1],Rate,0
09/11/2026 06:07:06,System.Runtime,dotnet.process.cpu.time (s / 1 sec)[cpu.mode=user],Rate,0.5378900000000044
09/11/2026 06:07:06,System.Runtime,dotnet.process.cpu.time (s / 1 sec)[cpu.mode=system],Rate,0.036092999999999265
09/11/2026 06:07:06,System.Runtime,dotnet.process.cpu.count ({cpu}),Metric,15
09/11/2026 06:07:06,System.Runtime,dotnet.gc.pause.time (s / 1 sec),Rate,0
09/11/2026 06:07:06,System.Runtime,dotnet.thread_pool.queue.length ({work_item} / 1 sec),Rate,0
09/11/2026 06:07:06,System.Runtime,dotnet.gc.last_collection.memory.committed_size (By),Metric,0
09/11/2026 06:07:06,System.Runtime,dotnet.gc.last_collection.heap.fragmentation.size (By)[gc.heap.generation=gen0],Metric,0
09/11/2026 06:07:06,System.Runtime,dotnet.gc.last_collection.heap.fragmentation.size (By)[gc.heap.generation=loh],Metric,0
09/11/2026 06:07:06,System.Runtime,dotnet.gc.last_collection.heap.fragmentation.size (By)[gc.heap.generation=poh],Metric,0
09/11/2026 06:07:06,System.Runtime,dotnet.gc.last_collection.heap.fragmentation.size (By)[gc.heap.generation=gen2],Metric,0
09/11/2026 06:07:06,System.Runtime,dotnet.gc.last_collection.heap.fragmentation.size (By)[gc.heap.generation=gen1],Metric,0
09/11/2026 06:07:06,System.Runtime,dotnet.timer.count ({timer}),Metric,3
09/11/2026 06:07:06,System.Runtime,dotnet.assembly.count ({assembly}),Metric,61
09/11/2026 06:07:06,System.Runtime,dotnet.gc.heap.total_allocated (By / 1 sec),Rate,138376
09/11/2026 06:07:06,System.Runtime,dotnet.gc.last_collection.heap.size (By)[gc.heap.generation=gen0],Metric,0
09/11/2026 06:07:06,System.Runtime,dotnet.gc.last_collection.heap.size (By)[gc.heap.generation=loh],Metric,0
09/11/2026 06:07:06,System.Runtime,dotnet.gc.last_collection.heap.size (By)[gc.heap.generation=poh],Metric,0
09/11/2026 06:07:06,System.Runtime,dotnet.gc.last_collection.heap.size (By)[gc.heap.generation=gen2],Metric,0
09/11/2026 06:07:06,System.Runtime,dotnet.gc.last_collection.heap.size (By)[gc.heap.generation=gen1],Metric,0
09/11/2026 06:07:06,System.Runtime,dotnet.thread_pool.work_item.count ({work_item} / 1 sec),Rate,601
09/11/2026 06:07:06,System.Runtime,dotnet.process.memory.working_set (By),Metric,116260864
09/11/2026 06:07:06,System.Runtime,dotnet.thread_pool.thread.count ({thread} / 1 sec),Rate,0
09/11/2026 06:07:06,System.Runtime,dotnet.jit.compilation.time (s / 1 sec),Rate,0
09/11/2026 06:07:07,System.Runtime,dotnet.jit.compiled_il.size (By / 1 sec),Rate,0
09/11/2026 06:07:07,System.Runtime,dotnet.jit.compiled_methods ({method} / 1 sec),Rate,0
09/11/2026 06:07:07,System.Runtime,dotnet.monitor.lock_contentions ({contention} / 1 sec),Rate,0
09/11/2026 06:07:07,System.Runtime,dotnet.gc.collections ({collection} / 1 sec)[gc.heap.generation=gen0],Rate,0
09/11/2026 06:07:07,System.Runtime,dotnet.gc.collections ({collection} / 1 sec)[gc.heap.generation=gen2],Rate,0
09/11/2026 06:07:07,System.Runtime,dotnet.gc.collections ({collection} / 1 sec)[gc.heap.generation=gen1],Rate,0
09/11/2026 06:07:07,System.Runtime,dotnet.process.cpu.time (s / 1 sec)[cpu.mode=user],Rate,0.543925999999999
09/11/2026 06:07:07,System.Runtime,dotnet.process.cpu.time (s / 1 sec)[cpu.mode=system],Rate,0.03698699999999988
09/11/2026 06:07:07,System.Runtime,dotnet.process.cpu.count ({cpu}),Metric,15
09/11/2026 06:07:07,System.Runtime,dotnet.gc.pause.time (s / 1 sec),Rate,0
09/11/2026 06:07:07,System.Runtime,dotnet.thread_pool.queue.length ({work_item} / 1 sec),Rate,0
09/11/2026 06:07:07,System.Runtime,dotnet.gc.last_collection.memory.committed_size (By),Metric,0
09/11/2026 06:07:07,System.Runtime,dotnet.gc.last_collection.heap.fragmentation.size (By)[gc.heap.generation=gen0],Metric,0
09/11/2026 06:07:07,System.Runtime,dotnet.gc.last_collection.heap.fragmentation.size (By)[gc.heap.generation=loh],Metric,0
09/11/2026 06:07:07,System.Runtime,dotnet.gc.last_collection.heap.fragmentation.size (By)[gc.heap.generation=poh],Metric,0
09/11/2026 06:07:07,System.Runtime,dotnet.gc.last_collection.heap.fragmentation.size (By)[gc.heap.generation=gen2],Metric,0
09/11/2026 06:07:07,System.Runtime,dotnet.gc.last_collection.heap.fragmentation.size (By)[gc.heap.generation=gen1],Metric,0
09/11/2026 06:07:07,System.Runtime,dotnet.timer.count ({timer}),Metric,3
09/11/2026 06:07:07,System.Runtime,dotnet.assembly.count ({assembly}),Metric,61
09/11/2026 06:07:07,System.Runtime,dotnet.gc.heap.total_allocated (By / 1 sec),Rate,139400
09/11/2026 06:07:07,System.Runtime,dotnet.gc.last_collection.heap.size (By)[gc.heap.generation=gen0],Metric,0
09/11/2026 06:07:07,System.Runtime,dotnet.gc.last_collection.heap.size (By)[gc.heap.generation=loh],Metric,0
09/11/2026 06:07:07,System.Runtime,dotnet.gc.last_collection.heap.size (By)[gc.heap.generation=poh],Metric,0
09/11/2026 06:07:07,System.Runtime,dotnet.gc.last_collection.heap.size (By)[gc.heap.generation=gen2],Metric,0
09/11/2026 06:07:07,System.Runtime,dotnet.gc.last_collection.heap.size (By)[gc.heap.generation=gen1],Metric,0
09/11/2026 06:07:07,System.Runtime,dotnet.thread_pool.work_item.count ({work_item} / 1 sec),Rate,601
09/11/2026 06:07:07,System.Runtime,dotnet.process.memory.working_set (By),Metric,116441088
09/11/2026 06:07:07,System.Runtime,dotnet.thread_pool.thread.count ({thread} / 1 sec),Rate,0
09/11/2026 06:07:07,System.Runtime,dotnet.jit.compilation.time (s / 1 sec),Rate,0
09/11/2026 06:07:08,System.Runtime,dotnet.jit.compiled_il.size (By / 1 sec),Rate,0
09/11/2026 06:07:08,System.Runtime,dotnet.jit.compiled_methods ({method} / 1 sec),Rate,0
09/11/2026 06:07:08,System.Runtime,dotnet.monitor.lock_contentions ({contention} / 1 sec),Rate,0
09/11/2026 06:07:08,System.Runtime,dotnet.gc.collections ({collection} / 1 sec)[gc.heap.generation=gen0],Rate,0
09/11/2026 06:07:08,System.Runtime,dotnet.gc.collections ({collection} / 1 sec)[gc.heap.generation=gen2],Rate,0
09/11/2026 06:07:08,System.Runtime,dotnet.gc.collections ({collection} / 1 sec)[gc.heap.generation=gen1],Rate,0
09/11/2026 06:07:08,System.Runtime,dotnet.process.cpu.time (s / 1 sec)[cpu.mode=user],Rate,0.544524999999993
09/11/2026 06:07:08,System.Runtime,dotnet.process.cpu.time (s / 1 sec)[cpu.mode=system],Rate,0.03882600000000025
09/11/2026 06:07:08,System.Runtime,dotnet.process.cpu.count ({cpu}),Metric,15
09/11/2026 06:07:08,System.Runtime,dotnet.gc.pause.time (s / 1 sec),Rate,0
09/11/2026 06:07:08,System.Runtime,dotnet.thread_pool.queue.length ({work_item} / 1 sec),Rate,0
09/11/2026 06:07:08,System.Runtime,dotnet.gc.last_collection.memory.committed_size (By),Metric,0
09/11/2026 06:07:08,System.Runtime,dotnet.gc.last_collection.heap.fragmentation.size (By)[gc.heap.generation=gen0],Metric,0
09/11/2026 06:07:08,System.Runtime,dotnet.gc.last_collection.heap.fragmentation.size (By)[gc.heap.generation=loh],Metric,0
09/11/2026 06:07:08,System.Runtime,dotnet.gc.last_collection.heap.fragmentation.size (By)[gc.heap.generation=poh],Metric,0
09/11/2026 06:07:08,System.Runtime,dotnet.gc.last_collection.heap.fragmentation.size (By)[gc.heap.generation=gen2],Metric,0
09/11/2026 06:07:08,System.Runtime,dotnet.gc.last_collection.heap.fragmentation.size (By)[gc.heap.generation=gen1],Metric,0
09/11/2026 06:07:08,System.Runtime,dotnet.timer.count ({timer}),Metric,3
09/11/2026 06:07:08,System.Runtime,dotnet.assembly.count ({assembly}),Metric,61
09/11/2026 06:07:08,System.Runtime,dotnet.gc.heap.total_allocated (By / 1 sec),Rate,130048
09/11/2026 06:07:08,System.Runtime,dotnet.gc.last_collection.heap.size (By)[gc.heap.generation=gen0],Metric,0
09/11/2026 06:07:08,System.Runtime,dotnet.gc.last_collection.heap.size (By)[gc.heap.generation=loh],Metric,0
09/11/2026 06:07:08,System.Runtime,dotnet.gc.last_collection.heap.size (By)[gc.heap.generation=poh],Metric,0
09/11/2026 06:07:08,System.Runtime,dotnet.gc.last_collection.heap.size (By)[gc.heap.generation=gen2],Metric,0
09/11/2026 06:07:08,System.Runtime,dotnet.gc.last_collection.heap.size (By)[gc.heap.generation=gen1],Metric,0
09/11/2026 06:07:08,System.Runtime,dotnet.thread_pool.work_item.count ({work_item} / 1 sec),Rate,601
09/11/2026 06:07:08,System.Runtime,dotnet.process.memory.working_set (By),Metric,116572160
09/11/2026 06:07:08,System.Runtime,dotnet.thread_pool.thread.count ({thread} / 1 sec),Rate,0
09/11/2026 06:07:08,System.Runtime,dotnet.jit.compilation.time (s / 1 sec),Rate,0
09/11/2026 06:07:09,System.Runtime,dotnet.jit.compiled_il.size (By / 1 sec),Rate,872
09/11/2026 06:07:09,System.Runtime,dotnet.jit.compiled_methods ({method} / 1 sec),Rate,2
09/11/2026 06:07:09,System.Runtime,dotnet.monitor.lock_contentions ({contention} / 1 sec),Rate,0
09/11/2026 06:07:09,System.Runtime,dotnet.gc.collections ({collection} / 1 sec)[gc.heap.generation=gen0],Rate,0
09/11/2026 06:07:09,System.Runtime,dotnet.gc.collections ({collection} / 1 sec)[gc.heap.generation=gen2],Rate,0
09/11/2026 06:07:09,System.Runtime,dotnet.gc.collections ({collection} / 1 sec)[gc.heap.generation=gen1],Rate,0
09/11/2026 06:07:09,System.Runtime,dotnet.process.cpu.time (s / 1 sec)[cpu.mode=user],Rate,0.543467000000021
09/11/2026 06:07:09,System.Runtime,dotnet.process.cpu.time (s / 1 sec)[cpu.mode=system],Rate,0.03680899999999987
09/11/2026 06:07:09,System.Runtime,dotnet.process.cpu.count ({cpu}),Metric,15
09/11/2026 06:07:09,System.Runtime,dotnet.gc.pause.time (s / 1 sec),Rate,0
09/11/2026 06:07:09,System.Runtime,dotnet.thread_pool.queue.length ({work_item} / 1 sec),Rate,0
09/11/2026 06:07:09,System.Runtime,dotnet.gc.last_collection.memory.committed_size (By),Metric,0
09/11/2026 06:07:09,System.Runtime,dotnet.gc.last_collection.heap.fragmentation.size (By)[gc.heap.generation=gen0],Metric,0
09/11/2026 06:07:09,System.Runtime,dotnet.gc.last_collection.heap.fragmentation.size (By)[gc.heap.generation=loh],Metric,0
09/11/2026 06:07:09,System.Runtime,dotnet.gc.last_collection.heap.fragmentation.size (By)[gc.heap.generation=poh],Metric,0
09/11/2026 06:07:09,System.Runtime,dotnet.gc.last_collection.heap.fragmentation.size (By)[gc.heap.generation=gen2],Metric,0
09/11/2026 06:07:09,System.Runtime,dotnet.gc.last_collection.heap.fragmentation.size (By)[gc.heap.generation=gen1],Metric,0
09/11/2026 06:07:09,System.Runtime,dotnet.timer.count ({timer}),Metric,3
09/11/2026 06:07:09,System.Runtime,dotnet.assembly.count ({assembly}),Metric,61
09/11/2026 06:07:09,System.Runtime,dotnet.gc.heap.total_allocated (By / 1 sec),Rate,131152
09/11/2026 06:07:09,System.Runtime,dotnet.gc.last_collection.heap.size (By)[gc.heap.generation=gen0],Metric,0
09/11/2026 06:07:09,System.Runtime,dotnet.gc.last_collection.heap.size (By)[gc.heap.generation=loh],Metric,0
09/11/2026 06:07:09,System.Runtime,dotnet.gc.last_collection.heap.size (By)[gc.heap.generation=poh],Metric,0
09/11/2026 06:07:09,System.Runtime,dotnet.gc.last_collection.heap.size (By)[gc.heap.generation=gen2],Metric,0
09/11/2026 06:07:09,System.Runtime,dotnet.gc.last_collection.heap.size (By)[gc.heap.generation=gen1],Metric,0
09/11/2026 06:07:09,System.Runtime,dotnet.thread_pool.work_item.count ({work_item} / 1 sec),Rate,602
09/11/2026 06:07:09,System.Runtime,dotnet.process.memory.working_set (By),Metric,117440512
09/11/2026 06:07:09,System.Runtime,dotnet.thread_pool.thread.count ({thread} / 1 sec),Rate,0
09/11/2026 06:07:09,System.Runtime,dotnet.jit.compilation.time (s / 1 sec),Rate,0.004640599999999995
09/11/2026 06:07:10,System.Runtime,dotnet.jit.compiled_il.size (By / 1 sec),Rate,0
09/11/2026 06:07:10,System.Runtime,dotnet.jit.compiled_methods ({method} / 1 sec),Rate,0
09/11/2026 06:07:10,System.Runtime,dotnet.monitor.lock_contentions ({contention} / 1 sec),Rate,0
09/11/2026 06:07:10,System.Runtime,dotnet.gc.collections ({collection} / 1 sec)[gc.heap.generation=gen0],Rate,0
09/11/2026 06:07:10,System.Runtime,dotnet.gc.collections ({collection} / 1 sec)[gc.heap.generation=gen2],Rate,0
09/11/2026 06:07:10,System.Runtime,dotnet.gc.collections ({collection} / 1 sec)[gc.heap.generation=gen1],Rate,0
09/11/2026 06:07:10,System.Runtime,dotnet.process.cpu.time (s / 1 sec)[cpu.mode=user],Rate,0.5398720000000026
09/11/2026 06:07:10,System.Runtime,dotnet.process.cpu.time (s / 1 sec)[cpu.mode=system],Rate,0.03504400000000096
09/11/2026 06:07:10,System.Runtime,dotnet.process.cpu.count ({cpu}),Metric,15
09/11/2026 06:07:10,System.Runtime,dotnet.gc.pause.time (s / 1 sec),Rate,0
09/11/2026 06:07:10,System.Runtime,dotnet.thread_pool.queue.length ({work_item} / 1 sec),Rate,0
09/11/2026 06:07:10,System.Runtime,dotnet.gc.last_collection.memory.committed_size (By),Metric,0
09/11/2026 06:07:10,System.Runtime,dotnet.gc.last_collection.heap.fragmentation.size (By)[gc.heap.generation=gen0],Metric,0
09/11/2026 06:07:10,System.Runtime,dotnet.gc.last_collection.heap.fragmentation.size (By)[gc.heap.generation=loh],Metric,0
09/11/2026 06:07:10,System.Runtime,dotnet.gc.last_collection.heap.fragmentation.size (By)[gc.heap.generation=poh],Metric,0
09/11/2026 06:07:10,System.Runtime,dotnet.gc.last_collection.heap.fragmentation.size (By)[gc.heap.generation=gen2],Metric,0
09/11/2026 06:07:10,System.Runtime,dotnet.gc.last_collection.heap.fragmentation.size (By)[gc.heap.generation=gen1],Metric,0
09/11/2026 06:07:10,System.Runtime,dotnet.timer.count ({timer}),Metric,3
09/11/2026 06:07:10,System.Runtime,dotnet.assembly.count ({assembly}),Metric,61
09/11/2026 06:07:10,System.Runtime,dotnet.gc.heap.total_allocated (By / 1 sec),Rate,153752
09/11/2026 06:07:10,System.Runtime,dotnet.gc.last_collection.heap.size (By)[gc.heap.generation=gen0],Metric,0
09/11/2026 06:07:10,System.Runtime,dotnet.gc.last_collection.heap.size (By)[gc.heap.generation=loh],Metric,0
09/11/2026 06:07:10,System.Runtime,dotnet.gc.last_collection.heap.size (By)[gc.heap.generation=poh],Metric,0
09/11/2026 06:07:10,System.Runtime,dotnet.gc.last_collection.heap.size (By)[gc.heap.generation=gen2],Metric,0
09/11/2026 06:07:10,System.Runtime,dotnet.gc.last_collection.heap.size (By)[gc.heap.generation=gen1],Metric,0
09/11/2026 06:07:10,System.Runtime,dotnet.thread_pool.work_item.count ({work_item} / 1 sec),Rate,601
09/11/2026 06:07:10,System.Runtime,dotnet.process.memory.working_set (By),Metric,117587968
09/11/2026 06:07:10,System.Runtime,dotnet.thread_pool.thread.count ({thread} / 1 sec),Rate,0
09/11/2026 06:07:10,System.Runtime,dotnet.jit.compilation.time (s / 1 sec),Rate,0
09/11/2026 06:07:11,System.Runtime,dotnet.jit.compiled_il.size (By / 1 sec),Rate,0
09/11/2026 06:07:11,System.Runtime,dotnet.jit.compiled_methods ({method} / 1 sec),Rate,0
09/11/2026 06:07:11,System.Runtime,dotnet.monitor.lock_contentions ({contention} / 1 sec),Rate,0
09/11/2026 06:07:11,System.Runtime,dotnet.gc.collections ({collection} / 1 sec)[gc.heap.generation=gen0],Rate,0
09/11/2026 06:07:11,System.Runtime,dotnet.gc.collections ({collection} / 1 sec)[gc.heap.generation=gen2],Rate,0
09/11/2026 06:07:11,System.Runtime,dotnet.gc.collections ({collection} / 1 sec)[gc.heap.generation=gen1],Rate,0
09/11/2026 06:07:11,System.Runtime,dotnet.process.cpu.time (s / 1 sec)[cpu.mode=user],Rate,0.5403809999999964
09/11/2026 06:07:11,System.Runtime,dotnet.process.cpu.time (s / 1 sec)[cpu.mode=system],Rate,0.036104999999999166
09/11/2026 06:07:11,System.Runtime,dotnet.process.cpu.count ({cpu}),Metric,15
09/11/2026 06:07:11,System.Runtime,dotnet.gc.pause.time (s / 1 sec),Rate,0
09/11/2026 06:07:11,System.Runtime,dotnet.thread_pool.queue.length ({work_item} / 1 sec),Rate,0
09/11/2026 06:07:11,System.Runtime,dotnet.gc.last_collection.memory.committed_size (By),Metric,0
09/11/2026 06:07:11,System.Runtime,dotnet.gc.last_collection.heap.fragmentation.size (By)[gc.heap.generation=gen0],Metric,0
09/11/2026 06:07:11,System.Runtime,dotnet.gc.last_collection.heap.fragmentation.size (By)[gc.heap.generation=loh],Metric,0
09/11/2026 06:07:11,System.Runtime,dotnet.gc.last_collection.heap.fragmentation.size (By)[gc.heap.generation=poh],Metric,0
09/11/2026 06:07:11,System.Runtime,dotnet.gc.last_collection.heap.fragmentation.size (By)[gc.heap.generation=gen2],Metric,0
09/11/2026 06:07:11,System.Runtime,dotnet.gc.last_collection.heap.fragmentation.size (By)[gc.heap.generation=gen1],Metric,0
09/11/2026 06:07:11,System.Runtime,dotnet.timer.count ({timer}),Metric,3
09/11/2026 06:07:11,System.Runtime,dotnet.assembly.count ({assembly}),Metric,61
09/11/2026 06:07:11,System.Runtime,dotnet.gc.heap.total_allocated (By / 1 sec),Rate,114800
09/11/2026 06:07:11,System.Runtime,dotnet.gc.last_collection.heap.size (By)[gc.heap.generation=gen0],Metric,0
09/11/2026 06:07:11,System.Runtime,dotnet.gc.last_collection.heap.size (By)[gc.heap.generation=loh],Metric,0
09/11/2026 06:07:11,System.Runtime,dotnet.gc.last_collection.heap.size (By)[gc.heap.generation=poh],Metric,0
09/11/2026 06:07:11,System.Runtime,dotnet.gc.last_collection.heap.size (By)[gc.heap.generation=gen2],Metric,0
09/11/2026 06:07:11,System.Runtime,dotnet.gc.last_collection.heap.size (By)[gc.heap.generation=gen1],Metric,0
09/11/2026 06:07:11,System.Runtime,dotnet.thread_pool.work_item.count ({work_item} / 1 sec),Rate,601
09/11/2026 06:07:11,System.Runtime,dotnet.process.memory.working_set (By),Metric,117719040
09/11/2026 06:07:11,System.Runtime,dotnet.thread_pool.thread.count ({thread} / 1 sec),Rate,0
09/11/2026 06:07:11,System.Runtime,dotnet.jit.compilation.time (s / 1 sec),Rate,0
09/11/2026 06:07:12,System.Runtime,dotnet.jit.compiled_il.size (By / 1 sec),Rate,0
09/11/2026 06:07:12,System.Runtime,dotnet.jit.compiled_methods ({method} / 1 sec),Rate,0
09/11/2026 06:07:12,System.Runtime,dotnet.monitor.lock_contentions ({contention} / 1 sec),Rate,0
09/11/2026 06:07:12,System.Runtime,dotnet.gc.collections ({collection} / 1 sec)[gc.heap.generation=gen0],Rate,0
09/11/2026 06:07:12,System.Runtime,dotnet.gc.collections ({collection} / 1 sec)[gc.heap.generation=gen2],Rate,0
09/11/2026 06:07:12,System.Runtime,dotnet.gc.collections ({collection} / 1 sec)[gc.heap.generation=gen1],Rate,0
09/11/2026 06:07:12,System.Runtime,dotnet.process.cpu.time (s / 1 sec)[cpu.mode=user],Rate,0.541515000000004
09/11/2026 06:07:12,System.Runtime,dotnet.process.cpu.time (s / 1 sec)[cpu.mode=system],Rate,0.03805999999999976
09/11/2026 06:07:12,System.Runtime,dotnet.process.cpu.count ({cpu}),Metric,15
09/11/2026 06:07:12,System.Runtime,dotnet.gc.pause.time (s / 1 sec),Rate,0
09/11/2026 06:07:12,System.Runtime,dotnet.thread_pool.queue.length ({work_item} / 1 sec),Rate,0
09/11/2026 06:07:12,System.Runtime,dotnet.gc.last_collection.memory.committed_size (By),Metric,0
09/11/2026 06:07:12,System.Runtime,dotnet.gc.last_collection.heap.fragmentation.size (By)[gc.heap.generation=gen0],Metric,0
09/11/2026 06:07:12,System.Runtime,dotnet.gc.last_collection.heap.fragmentation.size (By)[gc.heap.generation=loh],Metric,0
09/11/2026 06:07:12,System.Runtime,dotnet.gc.last_collection.heap.fragmentation.size (By)[gc.heap.generation=poh],Metric,0
09/11/2026 06:07:12,System.Runtime,dotnet.gc.last_collection.heap.fragmentation.size (By)[gc.heap.generation=gen2],Metric,0
09/11/2026 06:07:12,System.Runtime,dotnet.gc.last_collection.heap.fragmentation.size (By)[gc.heap.generation=gen1],Metric,0
09/11/2026 06:07:12,System.Runtime,dotnet.timer.count ({timer}),Metric,3
09/11/2026 06:07:12,System.Runtime,dotnet.assembly.count ({assembly}),Metric,61
09/11/2026 06:07:12,System.Runtime,dotnet.gc.heap.total_allocated (By / 1 sec),Rate,138312
09/11/2026 06:07:12,System.Runtime,dotnet.gc.last_collection.heap.size (By)[gc.heap.generation=gen0],Metric,0
09/11/2026 06:07:12,System.Runtime,dotnet.gc.last_collection.heap.size (By)[gc.heap.generation=loh],Metric,0
09/11/2026 06:07:12,System.Runtime,dotnet.gc.last_collection.heap.size (By)[gc.heap.generation=poh],Metric,0
09/11/2026 06:07:12,System.Runtime,dotnet.gc.last_collection.heap.size (By)[gc.heap.generation=gen2],Metric,0
09/11/2026 06:07:12,System.Runtime,dotnet.gc.last_collection.heap.size (By)[gc.heap.generation=gen1],Metric,0
09/11/2026 06:07:12,System.Runtime,dotnet.thread_pool.work_item.count ({work_item} / 1 sec),Rate,601
09/11/2026 06:07:12,System.Runtime,dotnet.process.memory.working_set (By),Metric,117899264
09/11/2026 06:07:12,System.Runtime,dotnet.thread_pool.thread.count ({thread} / 1 sec),Rate,0
09/11/2026 06:07:12,System.Runtime,dotnet.jit.compilation.time (s / 1 sec),Rate,0
09/11/2026 06:07:13,System.Runtime,dotnet.jit.compiled_il.size (By / 1 sec),Rate,0
09/11/2026 06:07:13,System.Runtime,dotnet.jit.compiled_methods ({method} / 1 sec),Rate,0
09/11/2026 06:07:13,System.Runtime,dotnet.monitor.lock_contentions ({contention} / 1 sec),Rate,0
09/11/2026 06:07:13,System.Runtime,dotnet.gc.collections ({collection} / 1 sec)[gc.heap.generation=gen0],Rate,0
09/11/2026 06:07:13,System.Runtime,dotnet.gc.collections ({collection} / 1 sec)[gc.heap.generation=gen2],Rate,0
09/11/2026 06:07:13,System.Runtime,dotnet.gc.collections ({collection} / 1 sec)[gc.heap.generation=gen1],Rate,0
09/11/2026 06:07:13,System.Runtime,dotnet.process.cpu.time (s / 1 sec)[cpu.mode=user],Rate,0.5403879999999788
09/11/2026 06:07:13,System.Runtime,dotnet.process.cpu.time (s / 1 sec)[cpu.mode=system],Rate,0.036906000000000105
09/11/2026 06:07:13,System.Runtime,dotnet.process.cpu.count ({cpu}),Metric,15
09/11/2026 06:07:13,System.Runtime,dotnet.gc.pause.time (s / 1 sec),Rate,0
09/11/2026 06:07:13,System.Runtime,dotnet.thread_pool.queue.length ({work_item} / 1 sec),Rate,0
09/11/2026 06:07:13,System.Runtime,dotnet.gc.last_collection.memory.committed_size (By),Metric,0
09/11/2026 06:07:13,System.Runtime,dotnet.gc.last_collection.heap.fragmentation.size (By)[gc.heap.generation=gen0],Metric,0
09/11/2026 06:07:13,System.Runtime,dotnet.gc.last_collection.heap.fragmentation.size (By)[gc.heap.generation=loh],Metric,0
09/11/2026 06:07:13,System.Runtime,dotnet.gc.last_collection.heap.fragmentation.size (By)[gc.heap.generation=poh],Metric,0
09/11/2026 06:07:13,System.Runtime,dotnet.gc.last_collection.heap.fragmentation.size (By)[gc.heap.generation=gen2],Metric,0
09/11/2026 06:07:13,System.Runtime,dotnet.gc.last_collection.heap.fragmentation.size (By)[gc.heap.generation=gen1],Metric,0
09/11/2026 06:07:13,System.Runtime,dotnet.timer.count ({timer}),Metric,3
09/11/2026 06:07:13,System.Runtime,dotnet.assembly.count ({assembly}),Metric,61
09/11/2026 06:07:13,System.Runtime,dotnet.gc.heap.total_allocated (By / 1 sec),Rate,145360
09/11/2026 06:07:13,System.Runtime,dotnet.gc.last_collection.heap.size (By)[gc.heap.generation=gen0],Metric,0
09/11/2026 06:07:13,System.Runtime,dotnet.gc.last_collection.heap.size (By)[gc.heap.generation=loh],Metric,0
09/11/2026 06:07:13,System.Runtime,dotnet.gc.last_collection.heap.size (By)[gc.heap.generation=poh],Metric,0
09/11/2026 06:07:13,System.Runtime,dotnet.gc.last_collection.heap.size (By)[gc.heap.generation=gen2],Metric,0
09/11/2026 06:07:13,System.Runtime,dotnet.gc.last_collection.heap.size (By)[gc.heap.generation=gen1],Metric,0
09/11/2026 06:07:13,System.Runtime,dotnet.thread_pool.work_item.count ({work_item} / 1 sec),Rate,601
09/11/2026 06:07:13,System.Runtime,dotnet.process.memory.working_set (By),Metric,118030336
09/11/2026 06:07:13,System.Runtime,dotnet.thread_pool.thread.count ({thread} / 1 sec),Rate,0
09/11/2026 06:07:13,System.Runtime,dotnet.jit.compilation.time (s / 1 sec),Rate,0
09/11/2026 06:07:14,System.Runtime,dotnet.jit.compiled_il.size (By / 1 sec),Rate,0
09/11/2026 06:07:14,System.Runtime,dotnet.jit.compiled_methods ({method} / 1 sec),Rate,0
09/11/2026 06:07:14,System.Runtime,dotnet.monitor.lock_contentions ({contention} / 1 sec),Rate,0
09/11/2026 06:07:14,System.Runtime,dotnet.gc.collections ({collection} / 1 sec)[gc.heap.generation=gen0],Rate,0
09/11/2026 06:07:14,System.Runtime,dotnet.gc.collections ({collection} / 1 sec)[gc.heap.generation=gen2],Rate,0
09/11/2026 06:07:14,System.Runtime,dotnet.gc.collections ({collection} / 1 sec)[gc.heap.generation=gen1],Rate,0
09/11/2026 06:07:14,System.Runtime,dotnet.process.cpu.time (s / 1 sec)[cpu.mode=user],Rate,0.54135500000001
09/11/2026 06:07:14,System.Runtime,dotnet.process.cpu.time (s / 1 sec)[cpu.mode=system],Rate,0.034750000000000725
09/11/2026 06:07:14,System.Runtime,dotnet.process.cpu.count ({cpu}),Metric,15
09/11/2026 06:07:14,System.Runtime,dotnet.gc.pause.time (s / 1 sec),Rate,0
09/11/2026 06:07:14,System.Runtime,dotnet.thread_pool.queue.length ({work_item} / 1 sec),Rate,0
09/11/2026 06:07:14,System.Runtime,dotnet.gc.last_collection.memory.committed_size (By),Metric,0
09/11/2026 06:07:14,System.Runtime,dotnet.gc.last_collection.heap.fragmentation.size (By)[gc.heap.generation=gen0],Metric,0
09/11/2026 06:07:14,System.Runtime,dotnet.gc.last_collection.heap.fragmentation.size (By)[gc.heap.generation=loh],Metric,0
09/11/2026 06:07:14,System.Runtime,dotnet.gc.last_collection.heap.fragmentation.size (By)[gc.heap.generation=poh],Metric,0
09/11/2026 06:07:14,System.Runtime,dotnet.gc.last_collection.heap.fragmentation.size (By)[gc.heap.generation=gen2],Metric,0
09/11/2026 06:07:14,System.Runtime,dotnet.gc.last_collection.heap.fragmentation.size (By)[gc.heap.generation=gen1],Metric,0
09/11/2026 06:07:14,System.Runtime,dotnet.timer.count ({timer}),Metric,3
09/11/2026 06:07:14,System.Runtime,dotnet.assembly.count ({assembly}),Metric,61
09/11/2026 06:07:14,System.Runtime,dotnet.gc.heap.total_allocated (By / 1 sec),Rate,139352
09/11/2026 06:07:14,System.Runtime,dotnet.gc.last_collection.heap.size (By)[gc.heap.generation=gen0],Metric,0
09/11/2026 06:07:14,System.Runtime,dotnet.gc.last_collection.heap.size (By)[gc.heap.generation=loh],Metric,0
09/11/2026 06:07:14,System.Runtime,dotnet.gc.last_collection.heap.size (By)[gc.heap.generation=poh],Metric,0
09/11/2026 06:07:14,System.Runtime,dotnet.gc.last_collection.heap.size (By)[gc.heap.generation=gen2],Metric,0
09/11/2026 06:07:14,System.Runtime,dotnet.gc.last_collection.heap.size (By)[gc.heap.generation=gen1],Metric,0
09/11/2026 06:07:14,System.Runtime,dotnet.thread_pool.work_item.count ({work_item} / 1 sec),Rate,602
09/11/2026 06:07:14,System.Runtime,dotnet.process.memory.working_set (By),Metric,118161408
09/11/2026 06:07:14,System.Runtime,dotnet.thread_pool.thread.count ({thread} / 1 sec),Rate,0
09/11/2026 06:07:14,System.Runtime,dotnet.jit.compilation.time (s / 1 sec),Rate,0
09/11/2026 06:07:15,System.Runtime,dotnet.jit.compiled_il.size (By / 1 sec),Rate,0
09/11/2026 06:07:15,System.Runtime,dotnet.jit.compiled_methods ({method} / 1 sec),Rate,0
09/11/2026 06:07:15,System.Runtime,dotnet.monitor.lock_contentions ({contention} / 1 sec),Rate,0
09/11/2026 06:07:15,System.Runtime,dotnet.gc.collections ({collection} / 1 sec)[gc.heap.generation=gen0],Rate,0
09/11/2026 06:07:15,System.Runtime,dotnet.gc.collections ({collection} / 1 sec)[gc.heap.generation=gen2],Rate,0
09/11/2026 06:07:15,System.Runtime,dotnet.gc.collections ({collection} / 1 sec)[gc.heap.generation=gen1],Rate,0
09/11/2026 06:07:15,System.Runtime,dotnet.process.cpu.time (s / 1 sec)[cpu.mode=user],Rate,0.5418080000000032
09/11/2026 06:07:15,System.Runtime,dotnet.process.cpu.time (s / 1 sec)[cpu.mode=system],Rate,0.036777000000000726
09/11/2026 06:07:15,System.Runtime,dotnet.process.cpu.count ({cpu}),Metric,15
09/11/2026 06:07:15,System.Runtime,dotnet.gc.pause.time (s / 1 sec),Rate,0
09/11/2026 06:07:15,System.Runtime,dotnet.thread_pool.queue.length ({work_item} / 1 sec),Rate,0
09/11/2026 06:07:15,System.Runtime,dotnet.gc.last_collection.memory.committed_size (By),Metric,0
09/11/2026 06:07:15,System.Runtime,dotnet.gc.last_collection.heap.fragmentation.size (By)[gc.heap.generation=gen0],Metric,0
09/11/2026 06:07:15,System.Runtime,dotnet.gc.last_collection.heap.fragmentation.size (By)[gc.heap.generation=loh],Metric,0
09/11/2026 06:07:15,System.Runtime,dotnet.gc.last_collection.heap.fragmentation.size (By)[gc.heap.generation=poh],Metric,0
09/11/2026 06:07:15,System.Runtime,dotnet.gc.last_collection.heap.fragmentation.size (By)[gc.heap.generation=gen2],Metric,0
09/11/2026 06:07:15,System.Runtime,dotnet.gc.last_collection.heap.fragmentation.size (By)[gc.heap.generation=gen1],Metric,0
09/11/2026 06:07:15,System.Runtime,dotnet.timer.count ({timer}),Metric,2
09/11/2026 06:07:15,System.Runtime,dotnet.assembly.count ({assembly}),Metric,61
09/11/2026 06:07:15,System.Runtime,dotnet.gc.heap.total_allocated (By / 1 sec),Rate,139400
09/11/2026 06:07:15,System.Runtime,dotnet.gc.last_collection.heap.size (By)[gc.heap.generation=gen0],Metric,0
09/11/2026 06:07:15,System.Runtime,dotnet.gc.last_collection.heap.size (By)[gc.heap.generation=loh],Metric,0
09/11/2026 06:07:15,System.Runtime,dotnet.gc.last_collection.heap.size (By)[gc.heap.generation=poh],Metric,0
09/11/2026 06:07:15,System.Runtime,dotnet.gc.last_collection.heap.size (By)[gc.heap.generation=gen2],Metric,0
09/11/2026 06:07:15,System.Runtime,dotnet.gc.last_collection.heap.size (By)[gc.heap.generation=gen1],Metric,0
09/11/2026 06:07:15,System.Runtime,dotnet.thread_pool.work_item.count ({work_item} / 1 sec),Rate,598
09/11/2026 06:07:15,System.Runtime,dotnet.process.memory.working_set (By),Metric,118341632
09/11/2026 06:07:15,System.Runtime,dotnet.thread_pool.thread.count ({thread} / 1 sec),Rate,0
09/11/2026 06:07:15,System.Runtime,dotnet.jit.compilation.time (s / 1 sec),Rate,0
09/11/2026 06:07:16,System.Runtime,dotnet.jit.compiled_il.size (By / 1 sec),Rate,0
09/11/2026 06:07:16,System.Runtime,dotnet.jit.compiled_methods ({method} / 1 sec),Rate,0
09/11/2026 06:07:16,System.Runtime,dotnet.monitor.lock_contentions ({contention} / 1 sec),Rate,0
09/11/2026 06:07:16,System.Runtime,dotnet.gc.collections ({collection} / 1 sec)[gc.heap.generation=gen0],Rate,0
09/11/2026 06:07:16,System.Runtime,dotnet.gc.collections ({collection} / 1 sec)[gc.heap.generation=gen2],Rate,0
09/11/2026 06:07:16,System.Runtime,dotnet.gc.collections ({collection} / 1 sec)[gc.heap.generation=gen1],Rate,0
09/11/2026 06:07:16,System.Runtime,dotnet.process.cpu.time (s / 1 sec)[cpu.mode=user],Rate,0.5426879999999983
09/11/2026 06:07:16,System.Runtime,dotnet.process.cpu.time (s / 1 sec)[cpu.mode=system],Rate,0.03776199999999896
09/11/2026 06:07:16,System.Runtime,dotnet.process.cpu.count ({cpu}),Metric,15
09/11/2026 06:07:16,System.Runtime,dotnet.gc.pause.time (s / 1 sec),Rate,0
09/11/2026 06:07:16,System.Runtime,dotnet.thread_pool.queue.length ({work_item} / 1 sec),Rate,0
09/11/2026 06:07:16,System.Runtime,dotnet.gc.last_collection.memory.committed_size (By),Metric,0
09/11/2026 06:07:16,System.Runtime,dotnet.gc.last_collection.heap.fragmentation.size (By)[gc.heap.generation=gen0],Metric,0
09/11/2026 06:07:16,System.Runtime,dotnet.gc.last_collection.heap.fragmentation.size (By)[gc.heap.generation=loh],Metric,0
09/11/2026 06:07:16,System.Runtime,dotnet.gc.last_collection.heap.fragmentation.size (By)[gc.heap.generation=poh],Metric,0
09/11/2026 06:07:16,System.Runtime,dotnet.gc.last_collection.heap.fragmentation.size (By)[gc.heap.generation=gen2],Metric,0
09/11/2026 06:07:16,System.Runtime,dotnet.gc.last_collection.heap.fragmentation.size (By)[gc.heap.generation=gen1],Metric,0
09/11/2026 06:07:16,System.Runtime,dotnet.timer.count ({timer}),Metric,3
09/11/2026 06:07:16,System.Runtime,dotnet.assembly.count ({assembly}),Metric,61
09/11/2026 06:07:16,System.Runtime,dotnet.gc.heap.total_allocated (By / 1 sec),Rate,130176
09/11/2026 06:07:16,System.Runtime,dotnet.gc.last_collection.heap.size (By)[gc.heap.generation=gen0],Metric,0
09/11/2026 06:07:16,System.Runtime,dotnet.gc.last_collection.heap.size (By)[gc.heap.generation=loh],Metric,0
09/11/2026 06:07:16,System.Runtime,dotnet.gc.last_collection.heap.size (By)[gc.heap.generation=poh],Metric,0
09/11/2026 06:07:16,System.Runtime,dotnet.gc.last_collection.heap.size (By)[gc.heap.generation=gen2],Metric,0
09/11/2026 06:07:16,System.Runtime,dotnet.gc.last_collection.heap.size (By)[gc.heap.generation=gen1],Metric,0
09/11/2026 06:07:16,System.Runtime,dotnet.thread_pool.work_item.count ({work_item} / 1 sec),Rate,604
09/11/2026 06:07:16,System.Runtime,dotnet.process.memory.working_set (By),Metric,118489088
09/11/2026 06:07:16,System.Runtime,dotnet.thread_pool.thread.count ({thread} / 1 sec),Rate,0
09/11/2026 06:07:16,System.Runtime,dotnet.jit.compilation.time (s / 1 sec),Rate,0
09/11/2026 06:07:17,System.Runtime,dotnet.jit.compiled_il.size (By / 1 sec),Rate,0
09/11/2026 06:07:17,System.Runtime,dotnet.jit.compiled_methods ({method} / 1 sec),Rate,0
09/11/2026 06:07:17,System.Runtime,dotnet.monitor.lock_contentions ({contention} / 1 sec),Rate,0
09/11/2026 06:07:17,System.Runtime,dotnet.gc.collections ({collection} / 1 sec)[gc.heap.generation=gen0],Rate,0
09/11/2026 06:07:17,System.Runtime,dotnet.gc.collections ({collection} / 1 sec)[gc.heap.generation=gen2],Rate,0
09/11/2026 06:07:17,System.Runtime,dotnet.gc.collections ({collection} / 1 sec)[gc.heap.generation=gen1],Rate,0
09/11/2026 06:07:17,System.Runtime,dotnet.process.cpu.time (s / 1 sec)[cpu.mode=user],Rate,0.5434510000000046
09/11/2026 06:07:17,System.Runtime,dotnet.process.cpu.time (s / 1 sec)[cpu.mode=system],Rate,0.03756300000000046
09/11/2026 06:07:17,System.Runtime,dotnet.process.cpu.count ({cpu}),Metric,15
09/11/2026 06:07:17,System.Runtime,dotnet.gc.pause.time (s / 1 sec),Rate,0
09/11/2026 06:07:17,System.Runtime,dotnet.thread_pool.queue.length ({work_item} / 1 sec),Rate,0
09/11/2026 06:07:17,System.Runtime,dotnet.gc.last_collection.memory.committed_size (By),Metric,0
09/11/2026 06:07:17,System.Runtime,dotnet.gc.last_collection.heap.fragmentation.size (By)[gc.heap.generation=gen0],Metric,0
09/11/2026 06:07:17,System.Runtime,dotnet.gc.last_collection.heap.fragmentation.size (By)[gc.heap.generation=loh],Metric,0
09/11/2026 06:07:17,System.Runtime,dotnet.gc.last_collection.heap.fragmentation.size (By)[gc.heap.generation=poh],Metric,0
09/11/2026 06:07:17,System.Runtime,dotnet.gc.last_collection.heap.fragmentation.size (By)[gc.heap.generation=gen2],Metric,0
09/11/2026 06:07:17,System.Runtime,dotnet.gc.last_collection.heap.fragmentation.size (By)[gc.heap.generation=gen1],Metric,0
09/11/2026 06:07:17,System.Runtime,dotnet.timer.count ({timer}),Metric,3
09/11/2026 06:07:17,System.Runtime,dotnet.assembly.count ({assembly}),Metric,61
09/11/2026 06:07:17,System.Runtime,dotnet.gc.heap.total_allocated (By / 1 sec),Rate,139376
09/11/2026 06:07:17,System.Runtime,dotnet.gc.last_collection.heap.size (By)[gc.heap.generation=gen0],Metric,0
09/11/2026 06:07:17,System.Runtime,dotnet.gc.last_collection.heap.size (By)[gc.heap.generation=loh],Metric,0
09/11/2026 06:07:17,System.Runtime,dotnet.gc.last_collection.heap.size (By)[gc.heap.generation=poh],Metric,0
09/11/2026 06:07:17,System.Runtime,dotnet.gc.last_collection.heap.size (By)[gc.heap.generation=gen2],Metric,0
09/11/2026 06:07:17,System.Runtime,dotnet.gc.last_collection.heap.size (By)[gc.heap.generation=gen1],Metric,0
09/11/2026 06:07:17,System.Runtime,dotnet.thread_pool.work_item.count ({work_item} / 1 sec),Rate,600
09/11/2026 06:07:17,System.Runtime,dotnet.process.memory.working_set (By),Metric,118652928
09/11/2026 06:07:17,System.Runtime,dotnet.thread_pool.thread.count ({thread} / 1 sec),Rate,0
09/11/2026 06:07:17,System.Runtime,dotnet.jit.compilation.time (s / 1 sec),Rate,0
09/11/2026 06:07:18,System.Runtime,dotnet.jit.compiled_il.size (By / 1 sec),Rate,0
09/11/2026 06:07:18,System.Runtime,dotnet.jit.compiled_methods ({method} / 1 sec),Rate,0
09/11/2026 06:07:18,System.Runtime,dotnet.monitor.lock_contentions ({contention} / 1 sec),Rate,0
09/11/2026 06:07:18,System.Runtime,dotnet.gc.collections ({collection} / 1 sec)[gc.heap.generation=gen0],Rate,0
09/11/2026 06:07:18,System.Runtime,dotnet.gc.collections ({collection} / 1 sec)[gc.heap.generation=gen2],Rate,0
09/11/2026 06:07:18,System.Runtime,dotnet.gc.collections ({collection} / 1 sec)[gc.heap.generation=gen1],Rate,0
09/11/2026 06:07:18,System.Runtime,dotnet.process.cpu.time (s / 1 sec)[cpu.mode=user],Rate,0.5396989999999846
09/11/2026 06:07:18,System.Runtime,dotnet.process.cpu.time (s / 1 sec)[cpu.mode=system],Rate,0.0337379999999996
09/11/2026 06:07:18,System.Runtime,dotnet.process.cpu.count ({cpu}),Metric,15
09/11/2026 06:07:18,System.Runtime,dotnet.gc.pause.time (s / 1 sec),Rate,0
09/11/2026 06:07:18,System.Runtime,dotnet.thread_pool.queue.length ({work_item} / 1 sec),Rate,0
09/11/2026 06:07:18,System.Runtime,dotnet.gc.last_collection.memory.committed_size (By),Metric,0
09/11/2026 06:07:18,System.Runtime,dotnet.gc.last_collection.heap.fragmentation.size (By)[gc.heap.generation=gen0],Metric,0
09/11/2026 06:07:18,System.Runtime,dotnet.gc.last_collection.heap.fragmentation.size (By)[gc.heap.generation=loh],Metric,0
09/11/2026 06:07:18,System.Runtime,dotnet.gc.last_collection.heap.fragmentation.size (By)[gc.heap.generation=poh],Metric,0
09/11/2026 06:07:18,System.Runtime,dotnet.gc.last_collection.heap.fragmentation.size (By)[gc.heap.generation=gen2],Metric,0
09/11/2026 06:07:18,System.Runtime,dotnet.gc.last_collection.heap.fragmentation.size (By)[gc.heap.generation=gen1],Metric,0
09/11/2026 06:07:18,System.Runtime,dotnet.timer.count ({timer}),Metric,3
09/11/2026 06:07:18,System.Runtime,dotnet.assembly.count ({assembly}),Metric,61
09/11/2026 06:07:18,System.Runtime,dotnet.gc.heap.total_allocated (By / 1 sec),Rate,131200
09/11/2026 06:07:18,System.Runtime,dotnet.gc.last_collection.heap.size (By)[gc.heap.generation=gen0],Metric,0
09/11/2026 06:07:18,System.Runtime,dotnet.gc.last_collection.heap.size (By)[gc.heap.generation=loh],Metric,0
09/11/2026 06:07:18,System.Runtime,dotnet.gc.last_collection.heap.size (By)[gc.heap.generation=poh],Metric,0
09/11/2026 06:07:18,System.Runtime,dotnet.gc.last_collection.heap.size (By)[gc.heap.generation=gen2],Metric,0
09/11/2026 06:07:18,System.Runtime,dotnet.gc.last_collection.heap.size (By)[gc.heap.generation=gen1],Metric,0
09/11/2026 06:07:18,System.Runtime,dotnet.thread_pool.work_item.count ({work_item} / 1 sec),Rate,602
09/11/2026 06:07:18,System.Runtime,dotnet.process.memory.working_set (By),Metric,118784000
09/11/2026 06:07:18,System.Runtime,dotnet.thread_pool.thread.count ({thread} / 1 sec),Rate,0
09/11/2026 06:07:18,System.Runtime,dotnet.jit.compilation.time (s / 1 sec),Rate,0
09/11/2026 06:07:19,System.Runtime,dotnet.jit.compiled_il.size (By / 1 sec),Rate,0
09/11/2026 06:07:19,System.Runtime,dotnet.jit.compiled_methods ({method} / 1 sec),Rate,0
09/11/2026 06:07:19,System.Runtime,dotnet.monitor.lock_contentions ({contention} / 1 sec),Rate,0
09/11/2026 06:07:19,System.Runtime,dotnet.gc.collections ({collection} / 1 sec)[gc.heap.generation=gen0],Rate,0
09/11/2026 06:07:19,System.Runtime,dotnet.gc.collections ({collection} / 1 sec)[gc.heap.generation=gen2],Rate,0
09/11/2026 06:07:19,System.Runtime,dotnet.gc.collections ({collection} / 1 sec)[gc.heap.generation=gen1],Rate,0
09/11/2026 06:07:19,System.Runtime,dotnet.process.cpu.time (s / 1 sec)[cpu.mode=user],Rate,0.5377180000000124
09/11/2026 06:07:19,System.Runtime,dotnet.process.cpu.time (s / 1 sec)[cpu.mode=system],Rate,0.0357649999999996
09/11/2026 06:07:19,System.Runtime,dotnet.process.cpu.count ({cpu}),Metric,15
09/11/2026 06:07:19,System.Runtime,dotnet.gc.pause.time (s / 1 sec),Rate,0
09/11/2026 06:07:19,System.Runtime,dotnet.thread_pool.queue.length ({work_item} / 1 sec),Rate,0
09/11/2026 06:07:19,System.Runtime,dotnet.gc.last_collection.memory.committed_size (By),Metric,0
09/11/2026 06:07:19,System.Runtime,dotnet.gc.last_collection.heap.fragmentation.size (By)[gc.heap.generation=gen0],Metric,0
09/11/2026 06:07:19,System.Runtime,dotnet.gc.last_collection.heap.fragmentation.size (By)[gc.heap.generation=loh],Metric,0
09/11/2026 06:07:19,System.Runtime,dotnet.gc.last_collection.heap.fragmentation.size (By)[gc.heap.generation=poh],Metric,0
09/11/2026 06:07:19,System.Runtime,dotnet.gc.last_collection.heap.fragmentation.size (By)[gc.heap.generation=gen2],Metric,0
09/11/2026 06:07:19,System.Runtime,dotnet.gc.last_collection.heap.fragmentation.size (By)[gc.heap.generation=gen1],Metric,0
09/11/2026 06:07:19,System.Runtime,dotnet.timer.count ({timer}),Metric,3
09/11/2026 06:07:19,System.Runtime,dotnet.assembly.count ({assembly}),Metric,61
09/11/2026 06:07:19,System.Runtime,dotnet.gc.heap.total_allocated (By / 1 sec),Rate,146592
09/11/2026 06:07:19,System.Runtime,dotnet.gc.last_collection.heap.size (By)[gc.heap.generation=gen0],Metric,0
09/11/2026 06:07:19,System.Runtime,dotnet.gc.last_collection.heap.size (By)[gc.heap.generation=loh],Metric,0
09/11/2026 06:07:19,System.Runtime,dotnet.gc.last_collection.heap.size (By)[gc.heap.generation=poh],Metric,0
09/11/2026 06:07:19,System.Runtime,dotnet.gc.last_collection.heap.size (By)[gc.heap.generation=gen2],Metric,0
09/11/2026 06:07:19,System.Runtime,dotnet.gc.last_collection.heap.size (By)[gc.heap.generation=gen1],Metric,0
09/11/2026 06:07:19,System.Runtime,dotnet.thread_pool.work_item.count ({work_item} / 1 sec),Rate,602
09/11/2026 06:07:19,System.Runtime,dotnet.process.memory.working_set (By),Metric,118964224
09/11/2026 06:07:19,System.Runtime,dotnet.thread_pool.thread.count ({thread} / 1 sec),Rate,0
09/11/2026 06:07:19,System.Runtime,dotnet.jit.compilation.time (s / 1 sec),Rate,0
09/11/2026 06:07:20,System.Runtime,dotnet.jit.compiled_il.size (By / 1 sec),Rate,0
09/11/2026 06:07:20,System.Runtime,dotnet.jit.compiled_methods ({method} / 1 sec),Rate,0
09/11/2026 06:07:20,System.Runtime,dotnet.monitor.lock_contentions ({contention} / 1 sec),Rate,0
09/11/2026 06:07:20,System.Runtime,dotnet.gc.collections ({collection} / 1 sec)[gc.heap.generation=gen0],Rate,0
09/11/2026 06:07:20,System.Runtime,dotnet.gc.collections ({collection} / 1 sec)[gc.heap.generation=gen2],Rate,0
09/11/2026 06:07:20,System.Runtime,dotnet.gc.collections ({collection} / 1 sec)[gc.heap.generation=gen1],Rate,0
09/11/2026 06:07:20,System.Runtime,dotnet.process.cpu.time (s / 1 sec)[cpu.mode=user],Rate,0.5425009999999872
09/11/2026 06:07:20,System.Runtime,dotnet.process.cpu.time (s / 1 sec)[cpu.mode=system],Rate,0.03791900000000048
09/11/2026 06:07:20,System.Runtime,dotnet.process.cpu.count ({cpu}),Metric,15
09/11/2026 06:07:20,System.Runtime,dotnet.gc.pause.time (s / 1 sec),Rate,0
09/11/2026 06:07:20,System.Runtime,dotnet.thread_pool.queue.length ({work_item} / 1 sec),Rate,0
09/11/2026 06:07:20,System.Runtime,dotnet.gc.last_collection.memory.committed_size (By),Metric,0
09/11/2026 06:07:20,System.Runtime,dotnet.gc.last_collection.heap.fragmentation.size (By)[gc.heap.generation=gen0],Metric,0
09/11/2026 06:07:20,System.Runtime,dotnet.gc.last_collection.heap.fragmentation.size (By)[gc.heap.generation=loh],Metric,0
09/11/2026 06:07:20,System.Runtime,dotnet.gc.last_collection.heap.fragmentation.size (By)[gc.heap.generation=poh],Metric,0
09/11/2026 06:07:20,System.Runtime,dotnet.gc.last_collection.heap.fragmentation.size (By)[gc.heap.generation=gen2],Metric,0
09/11/2026 06:07:20,System.Runtime,dotnet.gc.last_collection.heap.fragmentation.size (By)[gc.heap.generation=gen1],Metric,0
09/11/2026 06:07:20,System.Runtime,dotnet.timer.count ({timer}),Metric,2
09/11/2026 06:07:20,System.Runtime,dotnet.assembly.count ({assembly}),Metric,61
09/11/2026 06:07:20,System.Runtime,dotnet.gc.heap.total_allocated (By / 1 sec),Rate,131128
09/11/2026 06:07:20,System.Runtime,dotnet.gc.last_collection.heap.size (By)[gc.heap.generation=gen0],Metric,0
09/11/2026 06:07:20,System.Runtime,dotnet.gc.last_collection.heap.size (By)[gc.heap.generation=loh],Metric,0
09/11/2026 06:07:20,System.Runtime,dotnet.gc.last_collection.heap.size (By)[gc.heap.generation=poh],Metric,0
09/11/2026 06:07:20,System.Runtime,dotnet.gc.last_collection.heap.size (By)[gc.heap.generation=gen2],Metric,0
09/11/2026 06:07:20,System.Runtime,dotnet.gc.last_collection.heap.size (By)[gc.heap.generation=gen1],Metric,0
09/11/2026 06:07:20,System.Runtime,dotnet.thread_pool.work_item.count ({work_item} / 1 sec),Rate,598
09/11/2026 06:07:20,System.Runtime,dotnet.process.memory.working_set (By),Metric,119111680
09/11/2026 06:07:20,System.Runtime,dotnet.thread_pool.thread.count ({thread} / 1 sec),Rate,0
09/11/2026 06:07:20,System.Runtime,dotnet.jit.compilation.time (s / 1 sec),Rate,0
09/11/2026 06:07:21,System.Runtime,dotnet.jit.compiled_il.size (By / 1 sec),Rate,0
09/11/2026 06:07:21,System.Runtime,dotnet.jit.compiled_methods ({method} / 1 sec),Rate,0
09/11/2026 06:07:21,System.Runtime,dotnet.monitor.lock_contentions ({contention} / 1 sec),Rate,0
09/11/2026 06:07:21,System.Runtime,dotnet.gc.collections ({collection} / 1 sec)[gc.heap.generation=gen0],Rate,0
09/11/2026 06:07:21,System.Runtime,dotnet.gc.collections ({collection} / 1 sec)[gc.heap.generation=gen2],Rate,0
09/11/2026 06:07:21,System.Runtime,dotnet.gc.collections ({collection} / 1 sec)[gc.heap.generation=gen1],Rate,0
09/11/2026 06:07:21,System.Runtime,dotnet.process.cpu.time (s / 1 sec)[cpu.mode=user],Rate,0.5451030000000117
09/11/2026 06:07:21,System.Runtime,dotnet.process.cpu.time (s / 1 sec)[cpu.mode=system],Rate,0.03776200000000074
09/11/2026 06:07:21,System.Runtime,dotnet.process.cpu.count ({cpu}),Metric,15
09/11/2026 06:07:21,System.Runtime,dotnet.gc.pause.time (s / 1 sec),Rate,0
09/11/2026 06:07:21,System.Runtime,dotnet.thread_pool.queue.length ({work_item} / 1 sec),Rate,0
09/11/2026 06:07:21,System.Runtime,dotnet.gc.last_collection.memory.committed_size (By),Metric,0
09/11/2026 06:07:21,System.Runtime,dotnet.gc.last_collection.heap.fragmentation.size (By)[gc.heap.generation=gen0],Metric,0
09/11/2026 06:07:21,System.Runtime,dotnet.gc.last_collection.heap.fragmentation.size (By)[gc.heap.generation=loh],Metric,0
09/11/2026 06:07:21,System.Runtime,dotnet.gc.last_collection.heap.fragmentation.size (By)[gc.heap.generation=poh],Metric,0
09/11/2026 06:07:21,System.Runtime,dotnet.gc.last_collection.heap.fragmentation.size (By)[gc.heap.generation=gen2],Metric,0
09/11/2026 06:07:21,System.Runtime,dotnet.gc.last_collection.heap.fragmentation.size (By)[gc.heap.generation=gen1],Metric,0
09/11/2026 06:07:21,System.Runtime,dotnet.timer.count ({timer}),Metric,3
09/11/2026 06:07:21,System.Runtime,dotnet.assembly.count ({assembly}),Metric,61
09/11/2026 06:07:21,System.Runtime,dotnet.gc.heap.total_allocated (By / 1 sec),Rate,138376
09/11/2026 06:07:21,System.Runtime,dotnet.gc.last_collection.heap.size (By)[gc.heap.generation=gen0],Metric,0
09/11/2026 06:07:21,System.Runtime,dotnet.gc.last_collection.heap.size (By)[gc.heap.generation=loh],Metric,0
09/11/2026 06:07:21,System.Runtime,dotnet.gc.last_collection.heap.size (By)[gc.heap.generation=poh],Metric,0
09/11/2026 06:07:21,System.Runtime,dotnet.gc.last_collection.heap.size (By)[gc.heap.generation=gen2],Metric,0
09/11/2026 06:07:21,System.Runtime,dotnet.gc.last_collection.heap.size (By)[gc.heap.generation=gen1],Metric,0
09/11/2026 06:07:21,System.Runtime,dotnet.thread_pool.work_item.count ({work_item} / 1 sec),Rate,604
09/11/2026 06:07:21,System.Runtime,dotnet.process.memory.working_set (By),Metric,119259136
09/11/2026 06:07:21,System.Runtime,dotnet.thread_pool.thread.count ({thread} / 1 sec),Rate,0
09/11/2026 06:07:21,System.Runtime,dotnet.jit.compilation.time (s / 1 sec),Rate,0
09/11/2026 06:07:22,System.Runtime,dotnet.jit.compiled_il.size (By / 1 sec),Rate,0
09/11/2026 06:07:22,System.Runtime,dotnet.jit.compiled_methods ({method} / 1 sec),Rate,0
09/11/2026 06:07:22,System.Runtime,dotnet.monitor.lock_contentions ({contention} / 1 sec),Rate,0
09/11/2026 06:07:22,System.Runtime,dotnet.gc.collections ({collection} / 1 sec)[gc.heap.generation=gen0],Rate,0
09/11/2026 06:07:22,System.Runtime,dotnet.gc.collections ({collection} / 1 sec)[gc.heap.generation=gen2],Rate,0
09/11/2026 06:07:22,System.Runtime,dotnet.gc.collections ({collection} / 1 sec)[gc.heap.generation=gen1],Rate,0
09/11/2026 06:07:22,System.Runtime,dotnet.process.cpu.time (s / 1 sec)[cpu.mode=user],Rate,0.5420790000000011
09/11/2026 06:07:22,System.Runtime,dotnet.process.cpu.time (s / 1 sec)[cpu.mode=system],Rate,0.03819199999999867
09/11/2026 06:07:22,System.Runtime,dotnet.process.cpu.count ({cpu}),Metric,15
09/11/2026 06:07:22,System.Runtime,dotnet.gc.pause.time (s / 1 sec),Rate,0
09/11/2026 06:07:22,System.Runtime,dotnet.thread_pool.queue.length ({work_item} / 1 sec),Rate,0
09/11/2026 06:07:22,System.Runtime,dotnet.gc.last_collection.memory.committed_size (By),Metric,0
09/11/2026 06:07:22,System.Runtime,dotnet.gc.last_collection.heap.fragmentation.size (By)[gc.heap.generation=gen0],Metric,0
09/11/2026 06:07:22,System.Runtime,dotnet.gc.last_collection.heap.fragmentation.size (By)[gc.heap.generation=loh],Metric,0
09/11/2026 06:07:22,System.Runtime,dotnet.gc.last_collection.heap.fragmentation.size (By)[gc.heap.generation=poh],Metric,0
09/11/2026 06:07:22,System.Runtime,dotnet.gc.last_collection.heap.fragmentation.size (By)[gc.heap.generation=gen2],Metric,0
09/11/2026 06:07:22,System.Runtime,dotnet.gc.last_collection.heap.fragmentation.size (By)[gc.heap.generation=gen1],Metric,0
09/11/2026 06:07:22,System.Runtime,dotnet.timer.count ({timer}),Metric,3
09/11/2026 06:07:22,System.Runtime,dotnet.assembly.count ({assembly}),Metric,61
09/11/2026 06:07:22,System.Runtime,dotnet.gc.heap.total_allocated (By / 1 sec),Rate,138312
09/11/2026 06:07:22,System.Runtime,dotnet.gc.last_collection.heap.size (By)[gc.heap.generation=gen0],Metric,0
09/11/2026 06:07:22,System.Runtime,dotnet.gc.last_collection.heap.size (By)[gc.heap.generation=loh],Metric,0
09/11/2026 06:07:22,System.Runtime,dotnet.gc.last_collection.heap.size (By)[gc.heap.generation=poh],Metric,0
09/11/2026 06:07:22,System.Runtime,dotnet.gc.last_collection.heap.size (By)[gc.heap.generation=gen2],Metric,0
09/11/2026 06:07:22,System.Runtime,dotnet.gc.last_collection.heap.size (By)[gc.heap.generation=gen1],Metric,0
09/11/2026 06:07:22,System.Runtime,dotnet.thread_pool.work_item.count ({work_item} / 1 sec),Rate,601
09/11/2026 06:07:22,System.Runtime,dotnet.process.memory.working_set (By),Metric,119422976
09/11/2026 06:07:22,System.Runtime,dotnet.thread_pool.thread.count ({thread} / 1 sec),Rate,0
09/11/2026 06:07:22,System.Runtime,dotnet.jit.compilation.time (s / 1 sec),Rate,0
09/11/2026 06:07:23,System.Runtime,dotnet.jit.compiled_il.size (By / 1 sec),Rate,0
09/11/2026 06:07:23,System.Runtime,dotnet.jit.compiled_methods ({method} / 1 sec),Rate,0
09/11/2026 06:07:23,System.Runtime,dotnet.monitor.lock_contentions ({contention} / 1 sec),Rate,0
09/11/2026 06:07:23,System.Runtime,dotnet.gc.collections ({collection} / 1 sec)[gc.heap.generation=gen0],Rate,0
09/11/2026 06:07:23,System.Runtime,dotnet.gc.collections ({collection} / 1 sec)[gc.heap.generation=gen2],Rate,0
09/11/2026 06:07:23,System.Runtime,dotnet.gc.collections ({collection} / 1 sec)[gc.heap.generation=gen1],Rate,0
09/11/2026 06:07:23,System.Runtime,dotnet.process.cpu.time (s / 1 sec)[cpu.mode=user],Rate,0.5444599999999866
09/11/2026 06:07:23,System.Runtime,dotnet.process.cpu.time (s / 1 sec)[cpu.mode=system],Rate,0.037997999999999976
09/11/2026 06:07:23,System.Runtime,dotnet.process.cpu.count ({cpu}),Metric,15
09/11/2026 06:07:23,System.Runtime,dotnet.gc.pause.time (s / 1 sec),Rate,0
09/11/2026 06:07:23,System.Runtime,dotnet.thread_pool.queue.length ({work_item} / 1 sec),Rate,0
09/11/2026 06:07:23,System.Runtime,dotnet.gc.last_collection.memory.committed_size (By),Metric,0
09/11/2026 06:07:23,System.Runtime,dotnet.gc.last_collection.heap.fragmentation.size (By)[gc.heap.generation=gen0],Metric,0
09/11/2026 06:07:23,System.Runtime,dotnet.gc.last_collection.heap.fragmentation.size (By)[gc.heap.generation=loh],Metric,0
09/11/2026 06:07:23,System.Runtime,dotnet.gc.last_collection.heap.fragmentation.size (By)[gc.heap.generation=poh],Metric,0
09/11/2026 06:07:23,System.Runtime,dotnet.gc.last_collection.heap.fragmentation.size (By)[gc.heap.generation=gen2],Metric,0
09/11/2026 06:07:23,System.Runtime,dotnet.gc.last_collection.heap.fragmentation.size (By)[gc.heap.generation=gen1],Metric,0
09/11/2026 06:07:23,System.Runtime,dotnet.timer.count ({timer}),Metric,3
09/11/2026 06:07:23,System.Runtime,dotnet.assembly.count ({assembly}),Metric,61
09/11/2026 06:07:23,System.Runtime,dotnet.gc.heap.total_allocated (By / 1 sec),Rate,131176
09/11/2026 06:07:23,System.Runtime,dotnet.gc.last_collection.heap.size (By)[gc.heap.generation=gen0],Metric,0
09/11/2026 06:07:23,System.Runtime,dotnet.gc.last_collection.heap.size (By)[gc.heap.generation=loh],Metric,0
09/11/2026 06:07:23,System.Runtime,dotnet.gc.last_collection.heap.size (By)[gc.heap.generation=poh],Metric,0
09/11/2026 06:07:23,System.Runtime,dotnet.gc.last_collection.heap.size (By)[gc.heap.generation=gen2],Metric,0
09/11/2026 06:07:23,System.Runtime,dotnet.gc.last_collection.heap.size (By)[gc.heap.generation=gen1],Metric,0
09/11/2026 06:07:23,System.Runtime,dotnet.thread_pool.work_item.count ({work_item} / 1 sec),Rate,601
09/11/2026 06:07:23,System.Runtime,dotnet.process.memory.working_set (By),Metric,119554048
09/11/2026 06:07:23,System.Runtime,dotnet.thread_pool.thread.count ({thread} / 1 sec),Rate,0
09/11/2026 06:07:23,System.Runtime,dotnet.jit.compilation.time (s / 1 sec),Rate,0
09/11/2026 06:07:24,System.Runtime,dotnet.jit.compiled_il.size (By / 1 sec),Rate,5533
09/11/2026 06:07:24,System.Runtime,dotnet.jit.compiled_methods ({method} / 1 sec),Rate,84
09/11/2026 06:07:24,System.Runtime,dotnet.monitor.lock_contentions ({contention} / 1 sec),Rate,0
09/11/2026 06:07:24,System.Runtime,dotnet.gc.collections ({collection} / 1 sec)[gc.heap.generation=gen0],Rate,0
09/11/2026 06:07:24,System.Runtime,dotnet.gc.collections ({collection} / 1 sec)[gc.heap.generation=gen2],Rate,0
09/11/2026 06:07:24,System.Runtime,dotnet.gc.collections ({collection} / 1 sec)[gc.heap.generation=gen1],Rate,0
09/11/2026 06:07:24,System.Runtime,dotnet.process.cpu.time (s / 1 sec)[cpu.mode=user],Rate,0.5844610000000046
09/11/2026 06:07:24,System.Runtime,dotnet.process.cpu.time (s / 1 sec)[cpu.mode=system],Rate,0.04335900000000059
09/11/2026 06:07:24,System.Runtime,dotnet.process.cpu.count ({cpu}),Metric,15
09/11/2026 06:07:24,System.Runtime,dotnet.gc.pause.time (s / 1 sec),Rate,0
09/11/2026 06:07:24,System.Runtime,dotnet.thread_pool.queue.length ({work_item} / 1 sec),Rate,0
09/11/2026 06:07:24,System.Runtime,dotnet.gc.last_collection.memory.committed_size (By),Metric,0
09/11/2026 06:07:24,System.Runtime,dotnet.gc.last_collection.heap.fragmentation.size (By)[gc.heap.generation=gen0],Metric,0
09/11/2026 06:07:24,System.Runtime,dotnet.gc.last_collection.heap.fragmentation.size (By)[gc.heap.generation=loh],Metric,0
09/11/2026 06:07:24,System.Runtime,dotnet.gc.last_collection.heap.fragmentation.size (By)[gc.heap.generation=poh],Metric,0
09/11/2026 06:07:24,System.Runtime,dotnet.gc.last_collection.heap.fragmentation.size (By)[gc.heap.generation=gen2],Metric,0
09/11/2026 06:07:24,System.Runtime,dotnet.gc.last_collection.heap.fragmentation.size (By)[gc.heap.generation=gen1],Metric,0
09/11/2026 06:07:24,System.Runtime,dotnet.timer.count ({timer}),Metric,3
09/11/2026 06:07:24,System.Runtime,dotnet.assembly.count ({assembly}),Metric,61
09/11/2026 06:07:24,System.Runtime,dotnet.gc.heap.total_allocated (By / 1 sec),Rate,153768
09/11/2026 06:07:24,System.Runtime,dotnet.gc.last_collection.heap.size (By)[gc.heap.generation=gen0],Metric,0
09/11/2026 06:07:24,System.Runtime,dotnet.gc.last_collection.heap.size (By)[gc.heap.generation=loh],Metric,0
09/11/2026 06:07:24,System.Runtime,dotnet.gc.last_collection.heap.size (By)[gc.heap.generation=poh],Metric,0
09/11/2026 06:07:24,System.Runtime,dotnet.gc.last_collection.heap.size (By)[gc.heap.generation=gen2],Metric,0
09/11/2026 06:07:24,System.Runtime,dotnet.gc.last_collection.heap.size (By)[gc.heap.generation=gen1],Metric,0
09/11/2026 06:07:24,System.Runtime,dotnet.thread_pool.work_item.count ({work_item} / 1 sec),Rate,602
09/11/2026 06:07:24,System.Runtime,dotnet.process.memory.working_set (By),Metric,121356288
09/11/2026 06:07:24,System.Runtime,dotnet.thread_pool.thread.count ({thread} / 1 sec),Rate,0
09/11/2026 06:07:24,System.Runtime,dotnet.jit.compilation.time (s / 1 sec),Rate,0.042719300000000016
09/11/2026 06:07:25,System.Runtime,dotnet.jit.compiled_il.size (By / 1 sec),Rate,0
09/11/2026 06:07:25,System.Runtime,dotnet.jit.compiled_methods ({method} / 1 sec),Rate,0
09/11/2026 06:07:25,System.Runtime,dotnet.monitor.lock_contentions ({contention} / 1 sec),Rate,0
09/11/2026 06:07:25,System.Runtime,dotnet.gc.collections ({collection} / 1 sec)[gc.heap.generation=gen0],Rate,0
09/11/2026 06:07:25,System.Runtime,dotnet.gc.collections ({collection} / 1 sec)[gc.heap.generation=gen2],Rate,0
09/11/2026 06:07:25,System.Runtime,dotnet.gc.collections ({collection} / 1 sec)[gc.heap.generation=gen1],Rate,0
09/11/2026 06:07:25,System.Runtime,dotnet.process.cpu.time (s / 1 sec)[cpu.mode=user],Rate,0.5392650000000003
09/11/2026 06:07:25,System.Runtime,dotnet.process.cpu.time (s / 1 sec)[cpu.mode=system],Rate,0.03521699999999939
09/11/2026 06:07:25,System.Runtime,dotnet.process.cpu.count ({cpu}),Metric,15
09/11/2026 06:07:25,System.Runtime,dotnet.gc.pause.time (s / 1 sec),Rate,0
09/11/2026 06:07:25,System.Runtime,dotnet.thread_pool.queue.length ({work_item} / 1 sec),Rate,0
09/11/2026 06:07:25,System.Runtime,dotnet.gc.last_collection.memory.committed_size (By),Metric,0
09/11/2026 06:07:25,System.Runtime,dotnet.gc.last_collection.heap.fragmentation.size (By)[gc.heap.generation=gen0],Metric,0
09/11/2026 06:07:25,System.Runtime,dotnet.gc.last_collection.heap.fragmentation.size (By)[gc.heap.generation=loh],Metric,0
09/11/2026 06:07:25,System.Runtime,dotnet.gc.last_collection.heap.fragmentation.size (By)[gc.heap.generation=poh],Metric,0
09/11/2026 06:07:25,System.Runtime,dotnet.gc.last_collection.heap.fragmentation.size (By)[gc.heap.generation=gen2],Metric,0
09/11/2026 06:07:25,System.Runtime,dotnet.gc.last_collection.heap.fragmentation.size (By)[gc.heap.generation=gen1],Metric,0
09/11/2026 06:07:25,System.Runtime,dotnet.timer.count ({timer}),Metric,3
09/11/2026 06:07:25,System.Runtime,dotnet.assembly.count ({assembly}),Metric,61
09/11/2026 06:07:25,System.Runtime,dotnet.gc.heap.total_allocated (By / 1 sec),Rate,131200
09/11/2026 06:07:25,System.Runtime,dotnet.gc.last_collection.heap.size (By)[gc.heap.generation=gen0],Metric,0
09/11/2026 06:07:25,System.Runtime,dotnet.gc.last_collection.heap.size (By)[gc.heap.generation=loh],Metric,0
09/11/2026 06:07:25,System.Runtime,dotnet.gc.last_collection.heap.size (By)[gc.heap.generation=poh],Metric,0
09/11/2026 06:07:25,System.Runtime,dotnet.gc.last_collection.heap.size (By)[gc.heap.generation=gen2],Metric,0
09/11/2026 06:07:25,System.Runtime,dotnet.gc.last_collection.heap.size (By)[gc.heap.generation=gen1],Metric,0
09/11/2026 06:07:25,System.Runtime,dotnet.thread_pool.work_item.count ({work_item} / 1 sec),Rate,601
09/11/2026 06:07:25,System.Runtime,dotnet.process.memory.working_set (By),Metric,121520128
09/11/2026 06:07:25,System.Runtime,dotnet.thread_pool.thread.count ({thread} / 1 sec),Rate,0
09/11/2026 06:07:25,System.Runtime,dotnet.jit.compilation.time (s / 1 sec),Rate,0
09/11/2026 06:07:26,System.Runtime,dotnet.jit.compiled_il.size (By / 1 sec),Rate,0
09/11/2026 06:07:26,System.Runtime,dotnet.jit.compiled_methods ({method} / 1 sec),Rate,0
09/11/2026 06:07:26,System.Runtime,dotnet.monitor.lock_contentions ({contention} / 1 sec),Rate,0
09/11/2026 06:07:26,System.Runtime,dotnet.gc.collections ({collection} / 1 sec)[gc.heap.generation=gen0],Rate,0
09/11/2026 06:07:26,System.Runtime,dotnet.gc.collections ({collection} / 1 sec)[gc.heap.generation=gen2],Rate,0
09/11/2026 06:07:26,System.Runtime,dotnet.gc.collections ({collection} / 1 sec)[gc.heap.generation=gen1],Rate,0
09/11/2026 06:07:26,System.Runtime,dotnet.process.cpu.time (s / 1 sec)[cpu.mode=user],Rate,0.5417380000000094
09/11/2026 06:07:26,System.Runtime,dotnet.process.cpu.time (s / 1 sec)[cpu.mode=system],Rate,0.038429999999999964
09/11/2026 06:07:26,System.Runtime,dotnet.process.cpu.count ({cpu}),Metric,15
09/11/2026 06:07:26,System.Runtime,dotnet.gc.pause.time (s / 1 sec),Rate,0
09/11/2026 06:07:26,System.Runtime,dotnet.thread_pool.queue.length ({work_item} / 1 sec),Rate,0
09/11/2026 06:07:26,System.Runtime,dotnet.gc.last_collection.memory.committed_size (By),Metric,0
09/11/2026 06:07:26,System.Runtime,dotnet.gc.last_collection.heap.fragmentation.size (By)[gc.heap.generation=gen0],Metric,0
09/11/2026 06:07:26,System.Runtime,dotnet.gc.last_collection.heap.fragmentation.size (By)[gc.heap.generation=loh],Metric,0
09/11/2026 06:07:26,System.Runtime,dotnet.gc.last_collection.heap.fragmentation.size (By)[gc.heap.generation=poh],Metric,0
09/11/2026 06:07:26,System.Runtime,dotnet.gc.last_collection.heap.fragmentation.size (By)[gc.heap.generation=gen2],Metric,0
09/11/2026 06:07:26,System.Runtime,dotnet.gc.last_collection.heap.fragmentation.size (By)[gc.heap.generation=gen1],Metric,0
09/11/2026 06:07:26,System.Runtime,dotnet.timer.count ({timer}),Metric,3
09/11/2026 06:07:26,System.Runtime,dotnet.assembly.count ({assembly}),Metric,61
09/11/2026 06:07:26,System.Runtime,dotnet.gc.heap.total_allocated (By / 1 sec),Rate,131200
09/11/2026 06:07:26,System.Runtime,dotnet.gc.last_collection.heap.size (By)[gc.heap.generation=gen0],Metric,0
09/11/2026 06:07:26,System.Runtime,dotnet.gc.last_collection.heap.size (By)[gc.heap.generation=loh],Metric,0
09/11/2026 06:07:26,System.Runtime,dotnet.gc.last_collection.heap.size (By)[gc.heap.generation=poh],Metric,0
09/11/2026 06:07:26,System.Runtime,dotnet.gc.last_collection.heap.size (By)[gc.heap.generation=gen2],Metric,0
09/11/2026 06:07:26,System.Runtime,dotnet.gc.last_collection.heap.size (By)[gc.heap.generation=gen1],Metric,0
09/11/2026 06:07:26,System.Runtime,dotnet.thread_pool.work_item.count ({work_item} / 1 sec),Rate,601
09/11/2026 06:07:26,System.Runtime,dotnet.process.memory.working_set (By),Metric,121667584
09/11/2026 06:07:26,System.Runtime,dotnet.thread_pool.thread.count ({thread} / 1 sec),Rate,0
09/11/2026 06:07:26,System.Runtime,dotnet.jit.compilation.time (s / 1 sec),Rate,0
09/11/2026 06:07:27,System.Runtime,dotnet.jit.compiled_il.size (By / 1 sec),Rate,0
09/11/2026 06:07:27,System.Runtime,dotnet.jit.compiled_methods ({method} / 1 sec),Rate,0
09/11/2026 06:07:27,System.Runtime,dotnet.monitor.lock_contentions ({contention} / 1 sec),Rate,0
09/11/2026 06:07:27,System.Runtime,dotnet.gc.collections ({collection} / 1 sec)[gc.heap.generation=gen0],Rate,0
09/11/2026 06:07:27,System.Runtime,dotnet.gc.collections ({collection} / 1 sec)[gc.heap.generation=gen2],Rate,0
09/11/2026 06:07:27,System.Runtime,dotnet.gc.collections ({collection} / 1 sec)[gc.heap.generation=gen1],Rate,0
09/11/2026 06:07:27,System.Runtime,dotnet.process.cpu.time (s / 1 sec)[cpu.mode=user],Rate,0.5436579999999935
09/11/2026 06:07:27,System.Runtime,dotnet.process.cpu.time (s / 1 sec)[cpu.mode=system],Rate,0.03588900000000095
09/11/2026 06:07:27,System.Runtime,dotnet.process.cpu.count ({cpu}),Metric,15
09/11/2026 06:07:27,System.Runtime,dotnet.gc.pause.time (s / 1 sec),Rate,0
09/11/2026 06:07:27,System.Runtime,dotnet.thread_pool.queue.length ({work_item} / 1 sec),Rate,0
09/11/2026 06:07:27,System.Runtime,dotnet.gc.last_collection.memory.committed_size (By),Metric,0
09/11/2026 06:07:27,System.Runtime,dotnet.gc.last_collection.heap.fragmentation.size (By)[gc.heap.generation=gen0],Metric,0
09/11/2026 06:07:27,System.Runtime,dotnet.gc.last_collection.heap.fragmentation.size (By)[gc.heap.generation=loh],Metric,0
09/11/2026 06:07:27,System.Runtime,dotnet.gc.last_collection.heap.fragmentation.size (By)[gc.heap.generation=poh],Metric,0
09/11/2026 06:07:27,System.Runtime,dotnet.gc.last_collection.heap.fragmentation.size (By)[gc.heap.generation=gen2],Metric,0
09/11/2026 06:07:27,System.Runtime,dotnet.gc.last_collection.heap.fragmentation.size (By)[gc.heap.generation=gen1],Metric,0
09/11/2026 06:07:27,System.Runtime,dotnet.timer.count ({timer}),Metric,2
09/11/2026 06:07:27,System.Runtime,dotnet.assembly.count ({assembly}),Metric,61
09/11/2026 06:07:27,System.Runtime,dotnet.gc.heap.total_allocated (By / 1 sec),Rate,139232
09/11/2026 06:07:27,System.Runtime,dotnet.gc.last_collection.heap.size (By)[gc.heap.generation=gen0],Metric,0
09/11/2026 06:07:27,System.Runtime,dotnet.gc.last_collection.heap.size (By)[gc.heap.generation=loh],Metric,0
09/11/2026 06:07:27,System.Runtime,dotnet.gc.last_collection.heap.size (By)[gc.heap.generation=poh],Metric,0
09/11/2026 06:07:27,System.Runtime,dotnet.gc.last_collection.heap.size (By)[gc.heap.generation=gen2],Metric,0
09/11/2026 06:07:27,System.Runtime,dotnet.gc.last_collection.heap.size (By)[gc.heap.generation=gen1],Metric,0
09/11/2026 06:07:27,System.Runtime,dotnet.thread_pool.work_item.count ({work_item} / 1 sec),Rate,598
09/11/2026 06:07:27,System.Runtime,dotnet.process.memory.working_set (By),Metric,121847808
09/11/2026 06:07:27,System.Runtime,dotnet.thread_pool.thread.count ({thread} / 1 sec),Rate,0
09/11/2026 06:07:27,System.Runtime,dotnet.jit.compilation.time (s / 1 sec),Rate,0
09/11/2026 06:07:28,System.Runtime,dotnet.jit.compiled_il.size (By / 1 sec),Rate,0
09/11/2026 06:07:28,System.Runtime,dotnet.jit.compiled_methods ({method} / 1 sec),Rate,0
09/11/2026 06:07:28,System.Runtime,dotnet.monitor.lock_contentions ({contention} / 1 sec),Rate,0
09/11/2026 06:07:28,System.Runtime,dotnet.gc.collections ({collection} / 1 sec)[gc.heap.generation=gen0],Rate,0
09/11/2026 06:07:28,System.Runtime,dotnet.gc.collections ({collection} / 1 sec)[gc.heap.generation=gen2],Rate,0
09/11/2026 06:07:28,System.Runtime,dotnet.gc.collections ({collection} / 1 sec)[gc.heap.generation=gen1],Rate,0
09/11/2026 06:07:28,System.Runtime,dotnet.process.cpu.time (s / 1 sec)[cpu.mode=user],Rate,0.5421420000000126
09/11/2026 06:07:28,System.Runtime,dotnet.process.cpu.time (s / 1 sec)[cpu.mode=system],Rate,0.0357409999999998
09/11/2026 06:07:28,System.Runtime,dotnet.process.cpu.count ({cpu}),Metric,15
09/11/2026 06:07:28,System.Runtime,dotnet.gc.pause.time (s / 1 sec),Rate,0
09/11/2026 06:07:28,System.Runtime,dotnet.thread_pool.queue.length ({work_item} / 1 sec),Rate,0
09/11/2026 06:07:28,System.Runtime,dotnet.gc.last_collection.memory.committed_size (By),Metric,0
09/11/2026 06:07:28,System.Runtime,dotnet.gc.last_collection.heap.fragmentation.size (By)[gc.heap.generation=gen0],Metric,0
09/11/2026 06:07:28,System.Runtime,dotnet.gc.last_collection.heap.fragmentation.size (By)[gc.heap.generation=loh],Metric,0
09/11/2026 06:07:28,System.Runtime,dotnet.gc.last_collection.heap.fragmentation.size (By)[gc.heap.generation=poh],Metric,0
09/11/2026 06:07:28,System.Runtime,dotnet.gc.last_collection.heap.fragmentation.size (By)[gc.heap.generation=gen2],Metric,0
09/11/2026 06:07:28,System.Runtime,dotnet.gc.last_collection.heap.fragmentation.size (By)[gc.heap.generation=gen1],Metric,0
09/11/2026 06:07:28,System.Runtime,dotnet.timer.count ({timer}),Metric,3
09/11/2026 06:07:28,System.Runtime,dotnet.assembly.count ({assembly}),Metric,61
09/11/2026 06:07:28,System.Runtime,dotnet.gc.heap.total_allocated (By / 1 sec),Rate,121976
09/11/2026 06:07:28,System.Runtime,dotnet.gc.last_collection.heap.size (By)[gc.heap.generation=gen0],Metric,0
09/11/2026 06:07:28,System.Runtime,dotnet.gc.last_collection.heap.size (By)[gc.heap.generation=loh],Metric,0
09/11/2026 06:07:28,System.Runtime,dotnet.gc.last_collection.heap.size (By)[gc.heap.generation=poh],Metric,0
09/11/2026 06:07:28,System.Runtime,dotnet.gc.last_collection.heap.size (By)[gc.heap.generation=gen2],Metric,0
09/11/2026 06:07:28,System.Runtime,dotnet.gc.last_collection.heap.size (By)[gc.heap.generation=gen1],Metric,0
09/11/2026 06:07:28,System.Runtime,dotnet.thread_pool.work_item.count ({work_item} / 1 sec),Rate,604
09/11/2026 06:07:28,System.Runtime,dotnet.process.memory.working_set (By),Metric,121962496
09/11/2026 06:07:28,System.Runtime,dotnet.thread_pool.thread.count ({thread} / 1 sec),Rate,0
09/11/2026 06:07:28,System.Runtime,dotnet.jit.compilation.time (s / 1 sec),Rate,0
09/11/2026 06:07:29,System.Runtime,dotnet.jit.compiled_il.size (By / 1 sec),Rate,271
09/11/2026 06:07:29,System.Runtime,dotnet.jit.compiled_methods ({method} / 1 sec),Rate,1
09/11/2026 06:07:29,System.Runtime,dotnet.monitor.lock_contentions ({contention} / 1 sec),Rate,0
09/11/2026 06:07:29,System.Runtime,dotnet.gc.collections ({collection} / 1 sec)[gc.heap.generation=gen0],Rate,0
09/11/2026 06:07:29,System.Runtime,dotnet.gc.collections ({collection} / 1 sec)[gc.heap.generation=gen2],Rate,0
09/11/2026 06:07:29,System.Runtime,dotnet.gc.collections ({collection} / 1 sec)[gc.heap.generation=gen1],Rate,0
09/11/2026 06:07:29,System.Runtime,dotnet.process.cpu.time (s / 1 sec)[cpu.mode=user],Rate,0.5574629999999843
09/11/2026 06:07:29,System.Runtime,dotnet.process.cpu.time (s / 1 sec)[cpu.mode=system],Rate,0.038266999999999385
09/11/2026 06:07:29,System.Runtime,dotnet.process.cpu.count ({cpu}),Metric,15
09/11/2026 06:07:29,System.Runtime,dotnet.gc.pause.time (s / 1 sec),Rate,0
09/11/2026 06:07:29,System.Runtime,dotnet.thread_pool.queue.length ({work_item} / 1 sec),Rate,0
09/11/2026 06:07:29,System.Runtime,dotnet.gc.last_collection.memory.committed_size (By),Metric,0
09/11/2026 06:07:29,System.Runtime,dotnet.gc.last_collection.heap.fragmentation.size (By)[gc.heap.generation=gen0],Metric,0
09/11/2026 06:07:29,System.Runtime,dotnet.gc.last_collection.heap.fragmentation.size (By)[gc.heap.generation=loh],Metric,0
09/11/2026 06:07:29,System.Runtime,dotnet.gc.last_collection.heap.fragmentation.size (By)[gc.heap.generation=poh],Metric,0
09/11/2026 06:07:29,System.Runtime,dotnet.gc.last_collection.heap.fragmentation.size (By)[gc.heap.generation=gen2],Metric,0
09/11/2026 06:07:29,System.Runtime,dotnet.gc.last_collection.heap.fragmentation.size (By)[gc.heap.generation=gen1],Metric,0
09/11/2026 06:07:29,System.Runtime,dotnet.timer.count ({timer}),Metric,3
09/11/2026 06:07:29,System.Runtime,dotnet.assembly.count ({assembly}),Metric,61
09/11/2026 06:07:29,System.Runtime,dotnet.gc.heap.total_allocated (By / 1 sec),Rate,164016
09/11/2026 06:07:29,System.Runtime,dotnet.gc.last_collection.heap.size (By)[gc.heap.generation=gen0],Metric,0
09/11/2026 06:07:29,System.Runtime,dotnet.gc.last_collection.heap.size (By)[gc.heap.generation=loh],Metric,0
09/11/2026 06:07:29,System.Runtime,dotnet.gc.last_collection.heap.size (By)[gc.heap.generation=poh],Metric,0
09/11/2026 06:07:29,System.Runtime,dotnet.gc.last_collection.heap.size (By)[gc.heap.generation=gen2],Metric,0
09/11/2026 06:07:29,System.Runtime,dotnet.gc.last_collection.heap.size (By)[gc.heap.generation=gen1],Metric,0
09/11/2026 06:07:29,System.Runtime,dotnet.thread_pool.work_item.count ({work_item} / 1 sec),Rate,602
09/11/2026 06:07:29,System.Runtime,dotnet.process.memory.working_set (By),Metric,123437056
09/11/2026 06:07:29,System.Runtime,dotnet.thread_pool.thread.count ({thread} / 1 sec),Rate,0
09/11/2026 06:07:29,System.Runtime,dotnet.jit.compilation.time (s / 1 sec),Rate,0.011922899999999959
09/11/2026 06:07:30,System.Runtime,dotnet.jit.compiled_il.size (By / 1 sec),Rate,0
09/11/2026 06:07:30,System.Runtime,dotnet.jit.compiled_methods ({method} / 1 sec),Rate,0
09/11/2026 06:07:30,System.Runtime,dotnet.monitor.lock_contentions ({contention} / 1 sec),Rate,0
09/11/2026 06:07:30,System.Runtime,dotnet.gc.collections ({collection} / 1 sec)[gc.heap.generation=gen0],Rate,0
09/11/2026 06:07:30,System.Runtime,dotnet.gc.collections ({collection} / 1 sec)[gc.heap.generation=gen2],Rate,0
09/11/2026 06:07:30,System.Runtime,dotnet.gc.collections ({collection} / 1 sec)[gc.heap.generation=gen1],Rate,0
09/11/2026 06:07:30,System.Runtime,dotnet.process.cpu.time (s / 1 sec)[cpu.mode=user],Rate,0.5438190000000134
09/11/2026 06:07:30,System.Runtime,dotnet.process.cpu.time (s / 1 sec)[cpu.mode=system],Rate,0.038149999999999906
09/11/2026 06:07:30,System.Runtime,dotnet.process.cpu.count ({cpu}),Metric,15
09/11/2026 06:07:30,System.Runtime,dotnet.gc.pause.time (s / 1 sec),Rate,0
09/11/2026 06:07:30,System.Runtime,dotnet.thread_pool.queue.length ({work_item} / 1 sec),Rate,0
09/11/2026 06:07:30,System.Runtime,dotnet.gc.last_collection.memory.committed_size (By),Metric,0
09/11/2026 06:07:30,System.Runtime,dotnet.gc.last_collection.heap.fragmentation.size (By)[gc.heap.generation=gen0],Metric,0
09/11/2026 06:07:30,System.Runtime,dotnet.gc.last_collection.heap.fragmentation.size (By)[gc.heap.generation=loh],Metric,0
09/11/2026 06:07:30,System.Runtime,dotnet.gc.last_collection.heap.fragmentation.size (By)[gc.heap.generation=poh],Metric,0
09/11/2026 06:07:30,System.Runtime,dotnet.gc.last_collection.heap.fragmentation.size (By)[gc.heap.generation=gen2],Metric,0
09/11/2026 06:07:30,System.Runtime,dotnet.gc.last_collection.heap.fragmentation.size (By)[gc.heap.generation=gen1],Metric,0
09/11/2026 06:07:30,System.Runtime,dotnet.timer.count ({timer}),Metric,3
09/11/2026 06:07:30,System.Runtime,dotnet.assembly.count ({assembly}),Metric,61
09/11/2026 06:07:30,System.Runtime,dotnet.gc.heap.total_allocated (By / 1 sec),Rate,123000
09/11/2026 06:07:30,System.Runtime,dotnet.gc.last_collection.heap.size (By)[gc.heap.generation=gen0],Metric,0
09/11/2026 06:07:30,System.Runtime,dotnet.gc.last_collection.heap.size (By)[gc.heap.generation=loh],Metric,0
09/11/2026 06:07:30,System.Runtime,dotnet.gc.last_collection.heap.size (By)[gc.heap.generation=poh],Metric,0
09/11/2026 06:07:30,System.Runtime,dotnet.gc.last_collection.heap.size (By)[gc.heap.generation=gen2],Metric,0
09/11/2026 06:07:30,System.Runtime,dotnet.gc.last_collection.heap.size (By)[gc.heap.generation=gen1],Metric,0
09/11/2026 06:07:30,System.Runtime,dotnet.thread_pool.work_item.count ({work_item} / 1 sec),Rate,601
09/11/2026 06:07:30,System.Runtime,dotnet.process.memory.working_set (By),Metric,123584512
09/11/2026 06:07:30,System.Runtime,dotnet.thread_pool.thread.count ({thread} / 1 sec),Rate,0
09/11/2026 06:07:30,System.Runtime,dotnet.jit.compilation.time (s / 1 sec),Rate,0
09/11/2026 06:07:31,System.Runtime,dotnet.jit.compiled_il.size (By / 1 sec),Rate,0
09/11/2026 06:07:31,System.Runtime,dotnet.jit.compiled_methods ({method} / 1 sec),Rate,0
09/11/2026 06:07:31,System.Runtime,dotnet.monitor.lock_contentions ({contention} / 1 sec),Rate,0
09/11/2026 06:07:31,System.Runtime,dotnet.gc.collections ({collection} / 1 sec)[gc.heap.generation=gen0],Rate,0
09/11/2026 06:07:31,System.Runtime,dotnet.gc.collections ({collection} / 1 sec)[gc.heap.generation=gen2],Rate,0
09/11/2026 06:07:31,System.Runtime,dotnet.gc.collections ({collection} / 1 sec)[gc.heap.generation=gen1],Rate,0
09/11/2026 06:07:31,System.Runtime,dotnet.process.cpu.time (s / 1 sec)[cpu.mode=user],Rate,0.5382319999999936
09/11/2026 06:07:31,System.Runtime,dotnet.process.cpu.time (s / 1 sec)[cpu.mode=system],Rate,0.03515900000000016
09/11/2026 06:07:31,System.Runtime,dotnet.process.cpu.count ({cpu}),Metric,15
09/11/2026 06:07:31,System.Runtime,dotnet.gc.pause.time (s / 1 sec),Rate,0
09/11/2026 06:07:31,System.Runtime,dotnet.thread_pool.queue.length ({work_item} / 1 sec),Rate,0
09/11/2026 06:07:31,System.Runtime,dotnet.gc.last_collection.memory.committed_size (By),Metric,0
09/11/2026 06:07:31,System.Runtime,dotnet.gc.last_collection.heap.fragmentation.size (By)[gc.heap.generation=gen0],Metric,0
09/11/2026 06:07:31,System.Runtime,dotnet.gc.last_collection.heap.fragmentation.size (By)[gc.heap.generation=loh],Metric,0
09/11/2026 06:07:31,System.Runtime,dotnet.gc.last_collection.heap.fragmentation.size (By)[gc.heap.generation=poh],Metric,0
09/11/2026 06:07:31,System.Runtime,dotnet.gc.last_collection.heap.fragmentation.size (By)[gc.heap.generation=gen2],Metric,0
09/11/2026 06:07:31,System.Runtime,dotnet.gc.last_collection.heap.fragmentation.size (By)[gc.heap.generation=gen1],Metric,0
09/11/2026 06:07:31,System.Runtime,dotnet.timer.count ({timer}),Metric,3
09/11/2026 06:07:31,System.Runtime,dotnet.assembly.count ({assembly}),Metric,61
09/11/2026 06:07:31,System.Runtime,dotnet.gc.heap.total_allocated (By / 1 sec),Rate,130160
09/11/2026 06:07:31,System.Runtime,dotnet.gc.last_collection.heap.size (By)[gc.heap.generation=gen0],Metric,0
09/11/2026 06:07:31,System.Runtime,dotnet.gc.last_collection.heap.size (By)[gc.heap.generation=loh],Metric,0
09/11/2026 06:07:31,System.Runtime,dotnet.gc.last_collection.heap.size (By)[gc.heap.generation=poh],Metric,0
09/11/2026 06:07:31,System.Runtime,dotnet.gc.last_collection.heap.size (By)[gc.heap.generation=gen2],Metric,0
09/11/2026 06:07:31,System.Runtime,dotnet.gc.last_collection.heap.size (By)[gc.heap.generation=gen1],Metric,0
09/11/2026 06:07:31,System.Runtime,dotnet.thread_pool.work_item.count ({work_item} / 1 sec),Rate,601
09/11/2026 06:07:31,System.Runtime,dotnet.process.memory.working_set (By),Metric,123731968
09/11/2026 06:07:31,System.Runtime,dotnet.thread_pool.thread.count ({thread} / 1 sec),Rate,0
09/11/2026 06:07:31,System.Runtime,dotnet.jit.compilation.time (s / 1 sec),Rate,0
09/11/2026 06:07:32,System.Runtime,dotnet.jit.compiled_il.size (By / 1 sec),Rate,0
09/11/2026 06:07:32,System.Runtime,dotnet.jit.compiled_methods ({method} / 1 sec),Rate,0
09/11/2026 06:07:32,System.Runtime,dotnet.monitor.lock_contentions ({contention} / 1 sec),Rate,0
09/11/2026 06:07:32,System.Runtime,dotnet.gc.collections ({collection} / 1 sec)[gc.heap.generation=gen0],Rate,0
09/11/2026 06:07:32,System.Runtime,dotnet.gc.collections ({collection} / 1 sec)[gc.heap.generation=gen2],Rate,0
09/11/2026 06:07:32,System.Runtime,dotnet.gc.collections ({collection} / 1 sec)[gc.heap.generation=gen1],Rate,0
09/11/2026 06:07:32,System.Runtime,dotnet.process.cpu.time (s / 1 sec)[cpu.mode=user],Rate,0.5410039999999867
09/11/2026 06:07:32,System.Runtime,dotnet.process.cpu.time (s / 1 sec)[cpu.mode=system],Rate,0.03740400000000044
09/11/2026 06:07:32,System.Runtime,dotnet.process.cpu.count ({cpu}),Metric,15
09/11/2026 06:07:32,System.Runtime,dotnet.gc.pause.time (s / 1 sec),Rate,0
09/11/2026 06:07:32,System.Runtime,dotnet.thread_pool.queue.length ({work_item} / 1 sec),Rate,0
09/11/2026 06:07:32,System.Runtime,dotnet.gc.last_collection.memory.committed_size (By),Metric,0
09/11/2026 06:07:32,System.Runtime,dotnet.gc.last_collection.heap.fragmentation.size (By)[gc.heap.generation=gen0],Metric,0
09/11/2026 06:07:32,System.Runtime,dotnet.gc.last_collection.heap.fragmentation.size (By)[gc.heap.generation=loh],Metric,0
09/11/2026 06:07:32,System.Runtime,dotnet.gc.last_collection.heap.fragmentation.size (By)[gc.heap.generation=poh],Metric,0
09/11/2026 06:07:32,System.Runtime,dotnet.gc.last_collection.heap.fragmentation.size (By)[gc.heap.generation=gen2],Metric,0
09/11/2026 06:07:32,System.Runtime,dotnet.gc.last_collection.heap.fragmentation.size (By)[gc.heap.generation=gen1],Metric,0
09/11/2026 06:07:32,System.Runtime,dotnet.timer.count ({timer}),Metric,3
09/11/2026 06:07:32,System.Runtime,dotnet.assembly.count ({assembly}),Metric,61
09/11/2026 06:07:32,System.Runtime,dotnet.gc.heap.total_allocated (By / 1 sec),Rate,162920
09/11/2026 06:07:32,System.Runtime,dotnet.gc.last_collection.heap.size (By)[gc.heap.generation=gen0],Metric,0
09/11/2026 06:07:32,System.Runtime,dotnet.gc.last_collection.heap.size (By)[gc.heap.generation=loh],Metric,0
09/11/2026 06:07:32,System.Runtime,dotnet.gc.last_collection.heap.size (By)[gc.heap.generation=poh],Metric,0
09/11/2026 06:07:32,System.Runtime,dotnet.gc.last_collection.heap.size (By)[gc.heap.generation=gen2],Metric,0
09/11/2026 06:07:32,System.Runtime,dotnet.gc.last_collection.heap.size (By)[gc.heap.generation=gen1],Metric,0
09/11/2026 06:07:32,System.Runtime,dotnet.thread_pool.work_item.count ({work_item} / 1 sec),Rate,598
09/11/2026 06:07:32,System.Runtime,dotnet.process.memory.working_set (By),Metric,123879424
09/11/2026 06:07:32,System.Runtime,dotnet.thread_pool.thread.count ({thread} / 1 sec),Rate,0
09/11/2026 06:07:32,System.Runtime,dotnet.jit.compilation.time (s / 1 sec),Rate,0
09/11/2026 06:07:33,System.Runtime,dotnet.jit.compiled_il.size (By / 1 sec),Rate,0
09/11/2026 06:07:33,System.Runtime,dotnet.jit.compiled_methods ({method} / 1 sec),Rate,0
09/11/2026 06:07:33,System.Runtime,dotnet.monitor.lock_contentions ({contention} / 1 sec),Rate,0
09/11/2026 06:07:33,System.Runtime,dotnet.gc.collections ({collection} / 1 sec)[gc.heap.generation=gen0],Rate,0
09/11/2026 06:07:33,System.Runtime,dotnet.gc.collections ({collection} / 1 sec)[gc.heap.generation=gen2],Rate,0
09/11/2026 06:07:33,System.Runtime,dotnet.gc.collections ({collection} / 1 sec)[gc.heap.generation=gen1],Rate,0
09/11/2026 06:07:33,System.Runtime,dotnet.process.cpu.time (s / 1 sec)[cpu.mode=user],Rate,0.5418180000000064
09/11/2026 06:07:33,System.Runtime,dotnet.process.cpu.time (s / 1 sec)[cpu.mode=system],Rate,0.03790400000000105
09/11/2026 06:07:33,System.Runtime,dotnet.process.cpu.count ({cpu}),Metric,15
09/11/2026 06:07:33,System.Runtime,dotnet.gc.pause.time (s / 1 sec),Rate,0
09/11/2026 06:07:33,System.Runtime,dotnet.thread_pool.queue.length ({work_item} / 1 sec),Rate,0
09/11/2026 06:07:33,System.Runtime,dotnet.gc.last_collection.memory.committed_size (By),Metric,0
09/11/2026 06:07:33,System.Runtime,dotnet.gc.last_collection.heap.fragmentation.size (By)[gc.heap.generation=gen0],Metric,0
09/11/2026 06:07:33,System.Runtime,dotnet.gc.last_collection.heap.fragmentation.size (By)[gc.heap.generation=loh],Metric,0
09/11/2026 06:07:33,System.Runtime,dotnet.gc.last_collection.heap.fragmentation.size (By)[gc.heap.generation=poh],Metric,0
09/11/2026 06:07:33,System.Runtime,dotnet.gc.last_collection.heap.fragmentation.size (By)[gc.heap.generation=gen2],Metric,0
09/11/2026 06:07:33,System.Runtime,dotnet.gc.last_collection.heap.fragmentation.size (By)[gc.heap.generation=gen1],Metric,0
09/11/2026 06:07:33,System.Runtime,dotnet.timer.count ({timer}),Metric,3
09/11/2026 06:07:33,System.Runtime,dotnet.assembly.count ({assembly}),Metric,61
09/11/2026 06:07:33,System.Runtime,dotnet.gc.heap.total_allocated (By / 1 sec),Rate,131200
09/11/2026 06:07:33,System.Runtime,dotnet.gc.last_collection.heap.size (By)[gc.heap.generation=gen0],Metric,0
09/11/2026 06:07:33,System.Runtime,dotnet.gc.last_collection.heap.size (By)[gc.heap.generation=loh],Metric,0
09/11/2026 06:07:33,System.Runtime,dotnet.gc.last_collection.heap.size (By)[gc.heap.generation=poh],Metric,0
09/11/2026 06:07:33,System.Runtime,dotnet.gc.last_collection.heap.size (By)[gc.heap.generation=gen2],Metric,0
09/11/2026 06:07:33,System.Runtime,dotnet.gc.last_collection.heap.size (By)[gc.heap.generation=gen1],Metric,0
09/11/2026 06:07:33,System.Runtime,dotnet.thread_pool.work_item.count ({work_item} / 1 sec),Rate,601
09/11/2026 06:07:33,System.Runtime,dotnet.process.memory.working_set (By),Metric,124010496
09/11/2026 06:07:33,System.Runtime,dotnet.thread_pool.thread.count ({thread} / 1 sec),Rate,0
09/11/2026 06:07:33,System.Runtime,dotnet.jit.compilation.time (s / 1 sec),Rate,0
09/11/2026 06:07:34,System.Runtime,dotnet.jit.compiled_il.size (By / 1 sec),Rate,291
09/11/2026 06:07:34,System.Runtime,dotnet.jit.compiled_methods ({method} / 1 sec),Rate,1
09/11/2026 06:07:34,System.Runtime,dotnet.monitor.lock_contentions ({contention} / 1 sec),Rate,0
09/11/2026 06:07:34,System.Runtime,dotnet.gc.collections ({collection} / 1 sec)[gc.heap.generation=gen0],Rate,0
09/11/2026 06:07:34,System.Runtime,dotnet.gc.collections ({collection} / 1 sec)[gc.heap.generation=gen2],Rate,0
09/11/2026 06:07:34,System.Runtime,dotnet.gc.collections ({collection} / 1 sec)[gc.heap.generation=gen1],Rate,0
09/11/2026 06:07:34,System.Runtime,dotnet.process.cpu.time (s / 1 sec)[cpu.mode=user],Rate,0.5414049999999975
09/11/2026 06:07:34,System.Runtime,dotnet.process.cpu.time (s / 1 sec)[cpu.mode=system],Rate,0.03742399999999968
09/11/2026 06:07:34,System.Runtime,dotnet.process.cpu.count ({cpu}),Metric,15
09/11/2026 06:07:34,System.Runtime,dotnet.gc.pause.time (s / 1 sec),Rate,0
09/11/2026 06:07:34,System.Runtime,dotnet.thread_pool.queue.length ({work_item} / 1 sec),Rate,0
09/11/2026 06:07:34,System.Runtime,dotnet.gc.last_collection.memory.committed_size (By),Metric,0
09/11/2026 06:07:34,System.Runtime,dotnet.gc.last_collection.heap.fragmentation.size (By)[gc.heap.generation=gen0],Metric,0
09/11/2026 06:07:34,System.Runtime,dotnet.gc.last_collection.heap.fragmentation.size (By)[gc.heap.generation=loh],Metric,0
09/11/2026 06:07:34,System.Runtime,dotnet.gc.last_collection.heap.fragmentation.size (By)[gc.heap.generation=poh],Metric,0
09/11/2026 06:07:34,System.Runtime,dotnet.gc.last_collection.heap.fragmentation.size (By)[gc.heap.generation=gen2],Metric,0
09/11/2026 06:07:34,System.Runtime,dotnet.gc.last_collection.heap.fragmentation.size (By)[gc.heap.generation=gen1],Metric,0
09/11/2026 06:07:34,System.Runtime,dotnet.timer.count ({timer}),Metric,2
09/11/2026 06:07:34,System.Runtime,dotnet.assembly.count ({assembly}),Metric,61
09/11/2026 06:07:34,System.Runtime,dotnet.gc.heap.total_allocated (By / 1 sec),Rate,154728
09/11/2026 06:07:34,System.Runtime,dotnet.gc.last_collection.heap.size (By)[gc.heap.generation=gen0],Metric,0
09/11/2026 06:07:34,System.Runtime,dotnet.gc.last_collection.heap.size (By)[gc.heap.generation=loh],Metric,0
09/11/2026 06:07:34,System.Runtime,dotnet.gc.last_collection.heap.size (By)[gc.heap.generation=poh],Metric,0
09/11/2026 06:07:34,System.Runtime,dotnet.gc.last_collection.heap.size (By)[gc.heap.generation=gen2],Metric,0
09/11/2026 06:07:34,System.Runtime,dotnet.gc.last_collection.heap.size (By)[gc.heap.generation=gen1],Metric,0
09/11/2026 06:07:34,System.Runtime,dotnet.thread_pool.work_item.count ({work_item} / 1 sec),Rate,599
09/11/2026 06:07:34,System.Runtime,dotnet.process.memory.working_set (By),Metric,124223488
09/11/2026 06:07:34,System.Runtime,dotnet.thread_pool.thread.count ({thread} / 1 sec),Rate,0
09/11/2026 06:07:34,System.Runtime,dotnet.jit.compilation.time (s / 1 sec),Rate,0.00111070000000002
09/11/2026 06:07:35,System.Runtime,dotnet.jit.compiled_il.size (By / 1 sec),Rate,0
09/11/2026 06:07:35,System.Runtime,dotnet.jit.compiled_methods ({method} / 1 sec),Rate,0
09/11/2026 06:07:35,System.Runtime,dotnet.monitor.lock_contentions ({contention} / 1 sec),Rate,0
09/11/2026 06:07:35,System.Runtime,dotnet.gc.collections ({collection} / 1 sec)[gc.heap.generation=gen0],Rate,0
09/11/2026 06:07:35,System.Runtime,dotnet.gc.collections ({collection} / 1 sec)[gc.heap.generation=gen2],Rate,0
09/11/2026 06:07:35,System.Runtime,dotnet.gc.collections ({collection} / 1 sec)[gc.heap.generation=gen1],Rate,0
09/11/2026 06:07:35,System.Runtime,dotnet.process.cpu.time (s / 1 sec)[cpu.mode=user],Rate,0.5424639999999954
09/11/2026 06:07:35,System.Runtime,dotnet.process.cpu.time (s / 1 sec)[cpu.mode=system],Rate,0.03690899999999964
09/11/2026 06:07:35,System.Runtime,dotnet.process.cpu.count ({cpu}),Metric,15
09/11/2026 06:07:35,System.Runtime,dotnet.gc.pause.time (s / 1 sec),Rate,0
09/11/2026 06:07:35,System.Runtime,dotnet.thread_pool.queue.length ({work_item} / 1 sec),Rate,0
09/11/2026 06:07:35,System.Runtime,dotnet.gc.last_collection.memory.committed_size (By),Metric,0
09/11/2026 06:07:35,System.Runtime,dotnet.gc.last_collection.heap.fragmentation.size (By)[gc.heap.generation=gen0],Metric,0
09/11/2026 06:07:35,System.Runtime,dotnet.gc.last_collection.heap.fragmentation.size (By)[gc.heap.generation=loh],Metric,0
09/11/2026 06:07:35,System.Runtime,dotnet.gc.last_collection.heap.fragmentation.size (By)[gc.heap.generation=poh],Metric,0
09/11/2026 06:07:35,System.Runtime,dotnet.gc.last_collection.heap.fragmentation.size (By)[gc.heap.generation=gen2],Metric,0
09/11/2026 06:07:35,System.Runtime,dotnet.gc.last_collection.heap.fragmentation.size (By)[gc.heap.generation=gen1],Metric,0
09/11/2026 06:07:35,System.Runtime,dotnet.timer.count ({timer}),Metric,3
09/11/2026 06:07:35,System.Runtime,dotnet.assembly.count ({assembly}),Metric,61
09/11/2026 06:07:35,System.Runtime,dotnet.gc.heap.total_allocated (By / 1 sec),Rate,123000
09/11/2026 06:07:35,System.Runtime,dotnet.gc.last_collection.heap.size (By)[gc.heap.generation=gen0],Metric,0
09/11/2026 06:07:35,System.Runtime,dotnet.gc.last_collection.heap.size (By)[gc.heap.generation=loh],Metric,0
09/11/2026 06:07:35,System.Runtime,dotnet.gc.last_collection.heap.size (By)[gc.heap.generation=poh],Metric,0
09/11/2026 06:07:35,System.Runtime,dotnet.gc.last_collection.heap.size (By)[gc.heap.generation=gen2],Metric,0
09/11/2026 06:07:35,System.Runtime,dotnet.gc.last_collection.heap.size (By)[gc.heap.generation=gen1],Metric,0
09/11/2026 06:07:35,System.Runtime,dotnet.thread_pool.work_item.count ({work_item} / 1 sec),Rate,604
09/11/2026 06:07:35,System.Runtime,dotnet.process.memory.working_set (By),Metric,124370944
09/11/2026 06:07:35,System.Runtime,dotnet.thread_pool.thread.count ({thread} / 1 sec),Rate,0
09/11/2026 06:07:35,System.Runtime,dotnet.jit.compilation.time (s / 1 sec),Rate,0
09/11/2026 06:07:36,System.Runtime,dotnet.jit.compiled_il.size (By / 1 sec),Rate,0
09/11/2026 06:07:36,System.Runtime,dotnet.jit.compiled_methods ({method} / 1 sec),Rate,0
09/11/2026 06:07:36,System.Runtime,dotnet.monitor.lock_contentions ({contention} / 1 sec),Rate,0
09/11/2026 06:07:36,System.Runtime,dotnet.gc.collections ({collection} / 1 sec)[gc.heap.generation=gen0],Rate,0
09/11/2026 06:07:36,System.Runtime,dotnet.gc.collections ({collection} / 1 sec)[gc.heap.generation=gen2],Rate,0
09/11/2026 06:07:36,System.Runtime,dotnet.gc.collections ({collection} / 1 sec)[gc.heap.generation=gen1],Rate,0
09/11/2026 06:07:36,System.Runtime,dotnet.process.cpu.time (s / 1 sec)[cpu.mode=user],Rate,0.5409089999999992
09/11/2026 06:07:36,System.Runtime,dotnet.process.cpu.time (s / 1 sec)[cpu.mode=system],Rate,0.03558400000000006
09/11/2026 06:07:36,System.Runtime,dotnet.process.cpu.count ({cpu}),Metric,15
09/11/2026 06:07:36,System.Runtime,dotnet.gc.pause.time (s / 1 sec),Rate,0
09/11/2026 06:07:36,System.Runtime,dotnet.thread_pool.queue.length ({work_item} / 1 sec),Rate,0
09/11/2026 06:07:36,System.Runtime,dotnet.gc.last_collection.memory.committed_size (By),Metric,0
09/11/2026 06:07:36,System.Runtime,dotnet.gc.last_collection.heap.fragmentation.size (By)[gc.heap.generation=gen0],Metric,0
09/11/2026 06:07:36,System.Runtime,dotnet.gc.last_collection.heap.fragmentation.size (By)[gc.heap.generation=loh],Metric,0
09/11/2026 06:07:36,System.Runtime,dotnet.gc.last_collection.heap.fragmentation.size (By)[gc.heap.generation=poh],Metric,0
09/11/2026 06:07:36,System.Runtime,dotnet.gc.last_collection.heap.fragmentation.size (By)[gc.heap.generation=gen2],Metric,0
09/11/2026 06:07:36,System.Runtime,dotnet.gc.last_collection.heap.fragmentation.size (By)[gc.heap.generation=gen1],Metric,0
09/11/2026 06:07:36,System.Runtime,dotnet.timer.count ({timer}),Metric,2
09/11/2026 06:07:36,System.Runtime,dotnet.assembly.count ({assembly}),Metric,61
09/11/2026 06:07:36,System.Runtime,dotnet.gc.heap.total_allocated (By / 1 sec),Rate,130080
09/11/2026 06:07:36,System.Runtime,dotnet.gc.last_collection.heap.size (By)[gc.heap.generation=gen0],Metric,0
09/11/2026 06:07:36,System.Runtime,dotnet.gc.last_collection.heap.size (By)[gc.heap.generation=loh],Metric,0
09/11/2026 06:07:36,System.Runtime,dotnet.gc.last_collection.heap.size (By)[gc.heap.generation=poh],Metric,0
09/11/2026 06:07:36,System.Runtime,dotnet.gc.last_collection.heap.size (By)[gc.heap.generation=gen2],Metric,0
09/11/2026 06:07:36,System.Runtime,dotnet.gc.last_collection.heap.size (By)[gc.heap.generation=gen1],Metric,0
09/11/2026 06:07:36,System.Runtime,dotnet.thread_pool.work_item.count ({work_item} / 1 sec),Rate,598
09/11/2026 06:07:36,System.Runtime,dotnet.process.memory.working_set (By),Metric,124534784
09/11/2026 06:07:36,System.Runtime,dotnet.thread_pool.thread.count ({thread} / 1 sec),Rate,0
09/11/2026 06:07:36,System.Runtime,dotnet.jit.compilation.time (s / 1 sec),Rate,0
09/11/2026 06:07:37,System.Runtime,dotnet.jit.compiled_il.size (By / 1 sec),Rate,0
09/11/2026 06:07:37,System.Runtime,dotnet.jit.compiled_methods ({method} / 1 sec),Rate,0
09/11/2026 06:07:37,System.Runtime,dotnet.monitor.lock_contentions ({contention} / 1 sec),Rate,0
09/11/2026 06:07:37,System.Runtime,dotnet.gc.collections ({collection} / 1 sec)[gc.heap.generation=gen0],Rate,0
09/11/2026 06:07:37,System.Runtime,dotnet.gc.collections ({collection} / 1 sec)[gc.heap.generation=gen2],Rate,0
09/11/2026 06:07:37,System.Runtime,dotnet.gc.collections ({collection} / 1 sec)[gc.heap.generation=gen1],Rate,0
09/11/2026 06:07:37,System.Runtime,dotnet.process.cpu.time (s / 1 sec)[cpu.mode=user],Rate,0.545328000000012
09/11/2026 06:07:37,System.Runtime,dotnet.process.cpu.time (s / 1 sec)[cpu.mode=system],Rate,0.037060999999999567
09/11/2026 06:07:37,System.Runtime,dotnet.process.cpu.count ({cpu}),Metric,15
09/11/2026 06:07:37,System.Runtime,dotnet.gc.pause.time (s / 1 sec),Rate,0
09/11/2026 06:07:37,System.Runtime,dotnet.thread_pool.queue.length ({work_item} / 1 sec),Rate,0
09/11/2026 06:07:37,System.Runtime,dotnet.gc.last_collection.memory.committed_size (By),Metric,0
09/11/2026 06:07:37,System.Runtime,dotnet.gc.last_collection.heap.fragmentation.size (By)[gc.heap.generation=gen0],Metric,0
09/11/2026 06:07:37,System.Runtime,dotnet.gc.last_collection.heap.fragmentation.size (By)[gc.heap.generation=loh],Metric,0
09/11/2026 06:07:37,System.Runtime,dotnet.gc.last_collection.heap.fragmentation.size (By)[gc.heap.generation=poh],Metric,0
09/11/2026 06:07:37,System.Runtime,dotnet.gc.last_collection.heap.fragmentation.size (By)[gc.heap.generation=gen2],Metric,0
09/11/2026 06:07:37,System.Runtime,dotnet.gc.last_collection.heap.fragmentation.size (By)[gc.heap.generation=gen1],Metric,0
09/11/2026 06:07:37,System.Runtime,dotnet.timer.count ({timer}),Metric,3
09/11/2026 06:07:37,System.Runtime,dotnet.assembly.count ({assembly}),Metric,61
09/11/2026 06:07:37,System.Runtime,dotnet.gc.heap.total_allocated (By / 1 sec),Rate,145552
09/11/2026 06:07:37,System.Runtime,dotnet.gc.last_collection.heap.size (By)[gc.heap.generation=gen0],Metric,0
09/11/2026 06:07:37,System.Runtime,dotnet.gc.last_collection.heap.size (By)[gc.heap.generation=loh],Metric,0
09/11/2026 06:07:37,System.Runtime,dotnet.gc.last_collection.heap.size (By)[gc.heap.generation=poh],Metric,0
09/11/2026 06:07:37,System.Runtime,dotnet.gc.last_collection.heap.size (By)[gc.heap.generation=gen2],Metric,0
09/11/2026 06:07:37,System.Runtime,dotnet.gc.last_collection.heap.size (By)[gc.heap.generation=gen1],Metric,0
09/11/2026 06:07:37,System.Runtime,dotnet.thread_pool.work_item.count ({work_item} / 1 sec),Rate,604
09/11/2026 06:07:37,System.Runtime,dotnet.process.memory.working_set (By),Metric,124698624
09/11/2026 06:07:37,System.Runtime,dotnet.thread_pool.thread.count ({thread} / 1 sec),Rate,0
09/11/2026 06:07:37,System.Runtime,dotnet.jit.compilation.time (s / 1 sec),Rate,0
09/11/2026 06:07:38,System.Runtime,dotnet.jit.compiled_il.size (By / 1 sec),Rate,0
09/11/2026 06:07:38,System.Runtime,dotnet.jit.compiled_methods ({method} / 1 sec),Rate,0
09/11/2026 06:07:38,System.Runtime,dotnet.monitor.lock_contentions ({contention} / 1 sec),Rate,0
09/11/2026 06:07:38,System.Runtime,dotnet.gc.collections ({collection} / 1 sec)[gc.heap.generation=gen0],Rate,0
09/11/2026 06:07:38,System.Runtime,dotnet.gc.collections ({collection} / 1 sec)[gc.heap.generation=gen2],Rate,0
09/11/2026 06:07:38,System.Runtime,dotnet.gc.collections ({collection} / 1 sec)[gc.heap.generation=gen1],Rate,0
09/11/2026 06:07:38,System.Runtime,dotnet.process.cpu.time (s / 1 sec)[cpu.mode=user],Rate,0.5441840000000013
09/11/2026 06:07:38,System.Runtime,dotnet.process.cpu.time (s / 1 sec)[cpu.mode=system],Rate,0.03854100000000038
09/11/2026 06:07:38,System.Runtime,dotnet.process.cpu.count ({cpu}),Metric,15
09/11/2026 06:07:38,System.Runtime,dotnet.gc.pause.time (s / 1 sec),Rate,0
09/11/2026 06:07:38,System.Runtime,dotnet.thread_pool.queue.length ({work_item} / 1 sec),Rate,0
09/11/2026 06:07:38,System.Runtime,dotnet.gc.last_collection.memory.committed_size (By),Metric,0
09/11/2026 06:07:38,System.Runtime,dotnet.gc.last_collection.heap.fragmentation.size (By)[gc.heap.generation=gen0],Metric,0
09/11/2026 06:07:38,System.Runtime,dotnet.gc.last_collection.heap.fragmentation.size (By)[gc.heap.generation=loh],Metric,0
09/11/2026 06:07:38,System.Runtime,dotnet.gc.last_collection.heap.fragmentation.size (By)[gc.heap.generation=poh],Metric,0
09/11/2026 06:07:38,System.Runtime,dotnet.gc.last_collection.heap.fragmentation.size (By)[gc.heap.generation=gen2],Metric,0
09/11/2026 06:07:38,System.Runtime,dotnet.gc.last_collection.heap.fragmentation.size (By)[gc.heap.generation=gen1],Metric,0
09/11/2026 06:07:38,System.Runtime,dotnet.timer.count ({timer}),Metric,3
09/11/2026 06:07:38,System.Runtime,dotnet.assembly.count ({assembly}),Metric,61
09/11/2026 06:07:38,System.Runtime,dotnet.gc.heap.total_allocated (By / 1 sec),Rate,131200
09/11/2026 06:07:38,System.Runtime,dotnet.gc.last_collection.heap.size (By)[gc.heap.generation=gen0],Metric,0
09/11/2026 06:07:38,System.Runtime,dotnet.gc.last_collection.heap.size (By)[gc.heap.generation=loh],Metric,0
09/11/2026 06:07:38,System.Runtime,dotnet.gc.last_collection.heap.size (By)[gc.heap.generation=poh],Metric,0
09/11/2026 06:07:38,System.Runtime,dotnet.gc.last_collection.heap.size (By)[gc.heap.generation=gen2],Metric,0
09/11/2026 06:07:38,System.Runtime,dotnet.gc.last_collection.heap.size (By)[gc.heap.generation=gen1],Metric,0
09/11/2026 06:07:38,System.Runtime,dotnet.thread_pool.work_item.count ({work_item} / 1 sec),Rate,601
09/11/2026 06:07:38,System.Runtime,dotnet.process.memory.working_set (By),Metric,124829696
09/11/2026 06:07:38,System.Runtime,dotnet.thread_pool.thread.count ({thread} / 1 sec),Rate,0
09/11/2026 06:07:38,System.Runtime,dotnet.jit.compilation.time (s / 1 sec),Rate,0
09/11/2026 06:07:39,System.Runtime,dotnet.jit.compiled_il.size (By / 1 sec),Rate,0
09/11/2026 06:07:39,System.Runtime,dotnet.jit.compiled_methods ({method} / 1 sec),Rate,0
09/11/2026 06:07:39,System.Runtime,dotnet.monitor.lock_contentions ({contention} / 1 sec),Rate,0
09/11/2026 06:07:39,System.Runtime,dotnet.gc.collections ({collection} / 1 sec)[gc.heap.generation=gen0],Rate,0
09/11/2026 06:07:39,System.Runtime,dotnet.gc.collections ({collection} / 1 sec)[gc.heap.generation=gen2],Rate,0
09/11/2026 06:07:39,System.Runtime,dotnet.gc.collections ({collection} / 1 sec)[gc.heap.generation=gen1],Rate,0
09/11/2026 06:07:39,System.Runtime,dotnet.process.cpu.time (s / 1 sec)[cpu.mode=user],Rate,0.5361829999999941
09/11/2026 06:07:39,System.Runtime,dotnet.process.cpu.time (s / 1 sec)[cpu.mode=system],Rate,0.0374099999999995
09/11/2026 06:07:39,System.Runtime,dotnet.process.cpu.count ({cpu}),Metric,15
09/11/2026 06:07:39,System.Runtime,dotnet.gc.pause.time (s / 1 sec),Rate,0
09/11/2026 06:07:39,System.Runtime,dotnet.thread_pool.queue.length ({work_item} / 1 sec),Rate,0
09/11/2026 06:07:39,System.Runtime,dotnet.gc.last_collection.memory.committed_size (By),Metric,0
09/11/2026 06:07:39,System.Runtime,dotnet.gc.last_collection.heap.fragmentation.size (By)[gc.heap.generation=gen0],Metric,0
09/11/2026 06:07:39,System.Runtime,dotnet.gc.last_collection.heap.fragmentation.size (By)[gc.heap.generation=loh],Metric,0
09/11/2026 06:07:39,System.Runtime,dotnet.gc.last_collection.heap.fragmentation.size (By)[gc.heap.generation=poh],Metric,0
09/11/2026 06:07:39,System.Runtime,dotnet.gc.last_collection.heap.fragmentation.size (By)[gc.heap.generation=gen2],Metric,0
09/11/2026 06:07:39,System.Runtime,dotnet.gc.last_collection.heap.fragmentation.size (By)[gc.heap.generation=gen1],Metric,0
09/11/2026 06:07:39,System.Runtime,dotnet.timer.count ({timer}),Metric,2
09/11/2026 06:07:39,System.Runtime,dotnet.assembly.count ({assembly}),Metric,61
09/11/2026 06:07:39,System.Runtime,dotnet.gc.heap.total_allocated (By / 1 sec),Rate,139416
09/11/2026 06:07:39,System.Runtime,dotnet.gc.last_collection.heap.size (By)[gc.heap.generation=gen0],Metric,0
09/11/2026 06:07:39,System.Runtime,dotnet.gc.last_collection.heap.size (By)[gc.heap.generation=loh],Metric,0
09/11/2026 06:07:39,System.Runtime,dotnet.gc.last_collection.heap.size (By)[gc.heap.generation=poh],Metric,0
09/11/2026 06:07:39,System.Runtime,dotnet.gc.last_collection.heap.size (By)[gc.heap.generation=gen2],Metric,0
09/11/2026 06:07:39,System.Runtime,dotnet.gc.last_collection.heap.size (By)[gc.heap.generation=gen1],Metric,0
09/11/2026 06:07:39,System.Runtime,dotnet.thread_pool.work_item.count ({work_item} / 1 sec),Rate,599
09/11/2026 06:07:39,System.Runtime,dotnet.process.memory.working_set (By),Metric,124977152
09/11/2026 06:07:39,System.Runtime,dotnet.thread_pool.thread.count ({thread} / 1 sec),Rate,0
09/11/2026 06:07:39,System.Runtime,dotnet.jit.compilation.time (s / 1 sec),Rate,0
09/11/2026 06:07:40,System.Runtime,dotnet.jit.compiled_il.size (By / 1 sec),Rate,0
09/11/2026 06:07:40,System.Runtime,dotnet.jit.compiled_methods ({method} / 1 sec),Rate,0
09/11/2026 06:07:40,System.Runtime,dotnet.monitor.lock_contentions ({contention} / 1 sec),Rate,0
09/11/2026 06:07:40,System.Runtime,dotnet.gc.collections ({collection} / 1 sec)[gc.heap.generation=gen0],Rate,0
09/11/2026 06:07:40,System.Runtime,dotnet.gc.collections ({collection} / 1 sec)[gc.heap.generation=gen2],Rate,0
09/11/2026 06:07:40,System.Runtime,dotnet.gc.collections ({collection} / 1 sec)[gc.heap.generation=gen1],Rate,0
09/11/2026 06:07:40,System.Runtime,dotnet.process.cpu.time (s / 1 sec)[cpu.mode=user],Rate,0.5383539999999982
09/11/2026 06:07:40,System.Runtime,dotnet.process.cpu.time (s / 1 sec)[cpu.mode=system],Rate,0.033946999999999505
09/11/2026 06:07:40,System.Runtime,dotnet.process.cpu.count ({cpu}),Metric,15
09/11/2026 06:07:40,System.Runtime,dotnet.gc.pause.time (s / 1 sec),Rate,0
09/11/2026 06:07:40,System.Runtime,dotnet.thread_pool.queue.length ({work_item} / 1 sec),Rate,0
09/11/2026 06:07:40,System.Runtime,dotnet.gc.last_collection.memory.committed_size (By),Metric,0
09/11/2026 06:07:40,System.Runtime,dotnet.gc.last_collection.heap.fragmentation.size (By)[gc.heap.generation=gen0],Metric,0
09/11/2026 06:07:40,System.Runtime,dotnet.gc.last_collection.heap.fragmentation.size (By)[gc.heap.generation=loh],Metric,0
09/11/2026 06:07:40,System.Runtime,dotnet.gc.last_collection.heap.fragmentation.size (By)[gc.heap.generation=poh],Metric,0
09/11/2026 06:07:40,System.Runtime,dotnet.gc.last_collection.heap.fragmentation.size (By)[gc.heap.generation=gen2],Metric,0
09/11/2026 06:07:40,System.Runtime,dotnet.gc.last_collection.heap.fragmentation.size (By)[gc.heap.generation=gen1],Metric,0
09/11/2026 06:07:40,System.Runtime,dotnet.timer.count ({timer}),Metric,3
09/11/2026 06:07:40,System.Runtime,dotnet.assembly.count ({assembly}),Metric,61
09/11/2026 06:07:40,System.Runtime,dotnet.gc.heap.total_allocated (By / 1 sec),Rate,138376
09/11/2026 06:07:40,System.Runtime,dotnet.gc.last_collection.heap.size (By)[gc.heap.generation=gen0],Metric,0
09/11/2026 06:07:40,System.Runtime,dotnet.gc.last_collection.heap.size (By)[gc.heap.generation=loh],Metric,0
09/11/2026 06:07:40,System.Runtime,dotnet.gc.last_collection.heap.size (By)[gc.heap.generation=poh],Metric,0
09/11/2026 06:07:40,System.Runtime,dotnet.gc.last_collection.heap.size (By)[gc.heap.generation=gen2],Metric,0
09/11/2026 06:07:40,System.Runtime,dotnet.gc.last_collection.heap.size (By)[gc.heap.generation=gen1],Metric,0
09/11/2026 06:07:40,System.Runtime,dotnet.thread_pool.work_item.count ({work_item} / 1 sec),Rate,604
09/11/2026 06:07:40,System.Runtime,dotnet.process.memory.working_set (By),Metric,125140992
09/11/2026 06:07:40,System.Runtime,dotnet.thread_pool.thread.count ({thread} / 1 sec),Rate,0
09/11/2026 06:07:40,System.Runtime,dotnet.jit.compilation.time (s / 1 sec),Rate,0
09/11/2026 06:07:41,System.Runtime,dotnet.jit.compiled_il.size (By / 1 sec),Rate,0
09/11/2026 06:07:41,System.Runtime,dotnet.jit.compiled_methods ({method} / 1 sec),Rate,0
09/11/2026 06:07:41,System.Runtime,dotnet.monitor.lock_contentions ({contention} / 1 sec),Rate,0
09/11/2026 06:07:41,System.Runtime,dotnet.gc.collections ({collection} / 1 sec)[gc.heap.generation=gen0],Rate,0
09/11/2026 06:07:41,System.Runtime,dotnet.gc.collections ({collection} / 1 sec)[gc.heap.generation=gen2],Rate,0
09/11/2026 06:07:41,System.Runtime,dotnet.gc.collections ({collection} / 1 sec)[gc.heap.generation=gen1],Rate,0
09/11/2026 06:07:41,System.Runtime,dotnet.process.cpu.time (s / 1 sec)[cpu.mode=user],Rate,0.5423629999999946
09/11/2026 06:07:41,System.Runtime,dotnet.process.cpu.time (s / 1 sec)[cpu.mode=system],Rate,0.03721500000000155
09/11/2026 06:07:41,System.Runtime,dotnet.process.cpu.count ({cpu}),Metric,15
09/11/2026 06:07:41,System.Runtime,dotnet.gc.pause.time (s / 1 sec),Rate,0
09/11/2026 06:07:41,System.Runtime,dotnet.thread_pool.queue.length ({work_item} / 1 sec),Rate,0
09/11/2026 06:07:41,System.Runtime,dotnet.gc.last_collection.memory.committed_size (By),Metric,0
09/11/2026 06:07:41,System.Runtime,dotnet.gc.last_collection.heap.fragmentation.size (By)[gc.heap.generation=gen0],Metric,0
09/11/2026 06:07:41,System.Runtime,dotnet.gc.last_collection.heap.fragmentation.size (By)[gc.heap.generation=loh],Metric,0
09/11/2026 06:07:41,System.Runtime,dotnet.gc.last_collection.heap.fragmentation.size (By)[gc.heap.generation=poh],Metric,0
09/11/2026 06:07:41,System.Runtime,dotnet.gc.last_collection.heap.fragmentation.size (By)[gc.heap.generation=gen2],Metric,0
09/11/2026 06:07:41,System.Runtime,dotnet.gc.last_collection.heap.fragmentation.size (By)[gc.heap.generation=gen1],Metric,0
09/11/2026 06:07:41,System.Runtime,dotnet.timer.count ({timer}),Metric,3
09/11/2026 06:07:41,System.Runtime,dotnet.assembly.count ({assembly}),Metric,61
09/11/2026 06:07:41,System.Runtime,dotnet.gc.heap.total_allocated (By / 1 sec),Rate,167456
09/11/2026 06:07:41,System.Runtime,dotnet.gc.last_collection.heap.size (By)[gc.heap.generation=gen0],Metric,0
09/11/2026 06:07:41,System.Runtime,dotnet.gc.last_collection.heap.size (By)[gc.heap.generation=loh],Metric,0
09/11/2026 06:07:41,System.Runtime,dotnet.gc.last_collection.heap.size (By)[gc.heap.generation=poh],Metric,0
09/11/2026 06:07:41,System.Runtime,dotnet.gc.last_collection.heap.size (By)[gc.heap.generation=gen2],Metric,0
09/11/2026 06:07:41,System.Runtime,dotnet.gc.last_collection.heap.size (By)[gc.heap.generation=gen1],Metric,0
09/11/2026 06:07:41,System.Runtime,dotnet.thread_pool.work_item.count ({work_item} / 1 sec),Rate,601
09/11/2026 06:07:41,System.Runtime,dotnet.process.memory.working_set (By),Metric,125337600
09/11/2026 06:07:41,System.Runtime,dotnet.thread_pool.thread.count ({thread} / 1 sec),Rate,0
09/11/2026 06:07:41,System.Runtime,dotnet.jit.compilation.time (s / 1 sec),Rate,0
09/11/2026 06:07:42,System.Runtime,dotnet.jit.compiled_il.size (By / 1 sec),Rate,0
09/11/2026 06:07:42,System.Runtime,dotnet.jit.compiled_methods ({method} / 1 sec),Rate,0
09/11/2026 06:07:42,System.Runtime,dotnet.monitor.lock_contentions ({contention} / 1 sec),Rate,0
09/11/2026 06:07:42,System.Runtime,dotnet.gc.collections ({collection} / 1 sec)[gc.heap.generation=gen0],Rate,0
09/11/2026 06:07:42,System.Runtime,dotnet.gc.collections ({collection} / 1 sec)[gc.heap.generation=gen2],Rate,0
09/11/2026 06:07:42,System.Runtime,dotnet.gc.collections ({collection} / 1 sec)[gc.heap.generation=gen1],Rate,0
09/11/2026 06:07:42,System.Runtime,dotnet.process.cpu.time (s / 1 sec)[cpu.mode=user],Rate,0.5412100000000066
09/11/2026 06:07:42,System.Runtime,dotnet.process.cpu.time (s / 1 sec)[cpu.mode=system],Rate,0.03755099999999878
09/11/2026 06:07:42,System.Runtime,dotnet.process.cpu.count ({cpu}),Metric,15
09/11/2026 06:07:42,System.Runtime,dotnet.gc.pause.time (s / 1 sec),Rate,0
09/11/2026 06:07:42,System.Runtime,dotnet.thread_pool.queue.length ({work_item} / 1 sec),Rate,0
09/11/2026 06:07:42,System.Runtime,dotnet.gc.last_collection.memory.committed_size (By),Metric,0
09/11/2026 06:07:42,System.Runtime,dotnet.gc.last_collection.heap.fragmentation.size (By)[gc.heap.generation=gen0],Metric,0
09/11/2026 06:07:42,System.Runtime,dotnet.gc.last_collection.heap.fragmentation.size (By)[gc.heap.generation=loh],Metric,0
09/11/2026 06:07:42,System.Runtime,dotnet.gc.last_collection.heap.fragmentation.size (By)[gc.heap.generation=poh],Metric,0
09/11/2026 06:07:42,System.Runtime,dotnet.gc.last_collection.heap.fragmentation.size (By)[gc.heap.generation=gen2],Metric,0
09/11/2026 06:07:42,System.Runtime,dotnet.gc.last_collection.heap.fragmentation.size (By)[gc.heap.generation=gen1],Metric,0
09/11/2026 06:07:42,System.Runtime,dotnet.timer.count ({timer}),Metric,2
09/11/2026 06:07:42,System.Runtime,dotnet.assembly.count ({assembly}),Metric,61
09/11/2026 06:07:42,System.Runtime,dotnet.gc.heap.total_allocated (By / 1 sec),Rate,131200
09/11/2026 06:07:42,System.Runtime,dotnet.gc.last_collection.heap.size (By)[gc.heap.generation=gen0],Metric,0
09/11/2026 06:07:42,System.Runtime,dotnet.gc.last_collection.heap.size (By)[gc.heap.generation=loh],Metric,0
09/11/2026 06:07:42,System.Runtime,dotnet.gc.last_collection.heap.size (By)[gc.heap.generation=poh],Metric,0
09/11/2026 06:07:42,System.Runtime,dotnet.gc.last_collection.heap.size (By)[gc.heap.generation=gen2],Metric,0
09/11/2026 06:07:42,System.Runtime,dotnet.gc.last_collection.heap.size (By)[gc.heap.generation=gen1],Metric,0
09/11/2026 06:07:42,System.Runtime,dotnet.thread_pool.work_item.count ({work_item} / 1 sec),Rate,598
09/11/2026 06:07:42,System.Runtime,dotnet.process.memory.working_set (By),Metric,125485056
09/11/2026 06:07:42,System.Runtime,dotnet.thread_pool.thread.count ({thread} / 1 sec),Rate,0
09/11/2026 06:07:42,System.Runtime,dotnet.jit.compilation.time (s / 1 sec),Rate,0
09/11/2026 06:07:43,System.Runtime,dotnet.jit.compiled_il.size (By / 1 sec),Rate,0
09/11/2026 06:07:43,System.Runtime,dotnet.jit.compiled_methods ({method} / 1 sec),Rate,0
09/11/2026 06:07:43,System.Runtime,dotnet.monitor.lock_contentions ({contention} / 1 sec),Rate,0
09/11/2026 06:07:43,System.Runtime,dotnet.gc.collections ({collection} / 1 sec)[gc.heap.generation=gen0],Rate,0
09/11/2026 06:07:43,System.Runtime,dotnet.gc.collections ({collection} / 1 sec)[gc.heap.generation=gen2],Rate,0
09/11/2026 06:07:43,System.Runtime,dotnet.gc.collections ({collection} / 1 sec)[gc.heap.generation=gen1],Rate,0
09/11/2026 06:07:43,System.Runtime,dotnet.process.cpu.time (s / 1 sec)[cpu.mode=user],Rate,0.5430690000000027
09/11/2026 06:07:43,System.Runtime,dotnet.process.cpu.time (s / 1 sec)[cpu.mode=system],Rate,0.03745900000000013
09/11/2026 06:07:43,System.Runtime,dotnet.process.cpu.count ({cpu}),Metric,15
09/11/2026 06:07:43,System.Runtime,dotnet.gc.pause.time (s / 1 sec),Rate,0
09/11/2026 06:07:43,System.Runtime,dotnet.thread_pool.queue.length ({work_item} / 1 sec),Rate,0
09/11/2026 06:07:43,System.Runtime,dotnet.gc.last_collection.memory.committed_size (By),Metric,0
09/11/2026 06:07:43,System.Runtime,dotnet.gc.last_collection.heap.fragmentation.size (By)[gc.heap.generation=gen0],Metric,0
09/11/2026 06:07:43,System.Runtime,dotnet.gc.last_collection.heap.fragmentation.size (By)[gc.heap.generation=loh],Metric,0
09/11/2026 06:07:43,System.Runtime,dotnet.gc.last_collection.heap.fragmentation.size (By)[gc.heap.generation=poh],Metric,0
09/11/2026 06:07:43,System.Runtime,dotnet.gc.last_collection.heap.fragmentation.size (By)[gc.heap.generation=gen2],Metric,0
09/11/2026 06:07:43,System.Runtime,dotnet.gc.last_collection.heap.fragmentation.size (By)[gc.heap.generation=gen1],Metric,0
09/11/2026 06:07:43,System.Runtime,dotnet.timer.count ({timer}),Metric,3
09/11/2026 06:07:43,System.Runtime,dotnet.assembly.count ({assembly}),Metric,61
09/11/2026 06:07:43,System.Runtime,dotnet.gc.heap.total_allocated (By / 1 sec),Rate,138304
09/11/2026 06:07:43,System.Runtime,dotnet.gc.last_collection.heap.size (By)[gc.heap.generation=gen0],Metric,0
09/11/2026 06:07:43,System.Runtime,dotnet.gc.last_collection.heap.size (By)[gc.heap.generation=loh],Metric,0
09/11/2026 06:07:43,System.Runtime,dotnet.gc.last_collection.heap.size (By)[gc.heap.generation=poh],Metric,0
09/11/2026 06:07:43,System.Runtime,dotnet.gc.last_collection.heap.size (By)[gc.heap.generation=gen2],Metric,0
09/11/2026 06:07:43,System.Runtime,dotnet.gc.last_collection.heap.size (By)[gc.heap.generation=gen1],Metric,0
09/11/2026 06:07:43,System.Runtime,dotnet.thread_pool.work_item.count ({work_item} / 1 sec),Rate,604
09/11/2026 06:07:43,System.Runtime,dotnet.process.memory.working_set (By),Metric,125616128
09/11/2026 06:07:43,System.Runtime,dotnet.thread_pool.thread.count ({thread} / 1 sec),Rate,0
09/11/2026 06:07:43,System.Runtime,dotnet.jit.compilation.time (s / 1 sec),Rate,0
09/11/2026 06:07:44,System.Runtime,dotnet.jit.compiled_il.size (By / 1 sec),Rate,0
09/11/2026 06:07:44,System.Runtime,dotnet.jit.compiled_methods ({method} / 1 sec),Rate,0
09/11/2026 06:07:44,System.Runtime,dotnet.monitor.lock_contentions ({contention} / 1 sec),Rate,0
09/11/2026 06:07:44,System.Runtime,dotnet.gc.collections ({collection} / 1 sec)[gc.heap.generation=gen0],Rate,0
09/11/2026 06:07:44,System.Runtime,dotnet.gc.collections ({collection} / 1 sec)[gc.heap.generation=gen2],Rate,0
09/11/2026 06:07:44,System.Runtime,dotnet.gc.collections ({collection} / 1 sec)[gc.heap.generation=gen1],Rate,0
09/11/2026 06:07:44,System.Runtime,dotnet.process.cpu.time (s / 1 sec)[cpu.mode=user],Rate,0.5411880000000053
09/11/2026 06:07:44,System.Runtime,dotnet.process.cpu.time (s / 1 sec)[cpu.mode=system],Rate,0.0365000000000002
09/11/2026 06:07:44,System.Runtime,dotnet.process.cpu.count ({cpu}),Metric,15
09/11/2026 06:07:44,System.Runtime,dotnet.gc.pause.time (s / 1 sec),Rate,0
09/11/2026 06:07:44,System.Runtime,dotnet.thread_pool.queue.length ({work_item} / 1 sec),Rate,0
09/11/2026 06:07:44,System.Runtime,dotnet.gc.last_collection.memory.committed_size (By),Metric,0
09/11/2026 06:07:44,System.Runtime,dotnet.gc.last_collection.heap.fragmentation.size (By)[gc.heap.generation=gen0],Metric,0
09/11/2026 06:07:44,System.Runtime,dotnet.gc.last_collection.heap.fragmentation.size (By)[gc.heap.generation=loh],Metric,0
09/11/2026 06:07:44,System.Runtime,dotnet.gc.last_collection.heap.fragmentation.size (By)[gc.heap.generation=poh],Metric,0
09/11/2026 06:07:44,System.Runtime,dotnet.gc.last_collection.heap.fragmentation.size (By)[gc.heap.generation=gen2],Metric,0
09/11/2026 06:07:44,System.Runtime,dotnet.gc.last_collection.heap.fragmentation.size (By)[gc.heap.generation=gen1],Metric,0
09/11/2026 06:07:44,System.Runtime,dotnet.timer.count ({timer}),Metric,3
09/11/2026 06:07:44,System.Runtime,dotnet.assembly.count ({assembly}),Metric,61
09/11/2026 06:07:44,System.Runtime,dotnet.gc.heap.total_allocated (By / 1 sec),Rate,155816
09/11/2026 06:07:44,System.Runtime,dotnet.gc.last_collection.heap.size (By)[gc.heap.generation=gen0],Metric,0
09/11/2026 06:07:44,System.Runtime,dotnet.gc.last_collection.heap.size (By)[gc.heap.generation=loh],Metric,0
09/11/2026 06:07:44,System.Runtime,dotnet.gc.last_collection.heap.size (By)[gc.heap.generation=poh],Metric,0
09/11/2026 06:07:44,System.Runtime,dotnet.gc.last_collection.heap.size (By)[gc.heap.generation=gen2],Metric,0
09/11/2026 06:07:44,System.Runtime,dotnet.gc.last_collection.heap.size (By)[gc.heap.generation=gen1],Metric,0
09/11/2026 06:07:44,System.Runtime,dotnet.thread_pool.work_item.count ({work_item} / 1 sec),Rate,638
09/11/2026 06:07:44,System.Runtime,dotnet.process.memory.working_set (By),Metric,125829120
09/11/2026 06:07:44,System.Runtime,dotnet.thread_pool.thread.count ({thread} / 1 sec),Rate,0
09/11/2026 06:07:44,System.Runtime,dotnet.jit.compilation.time (s / 1 sec),Rate,0
09/11/2026 06:07:45,System.Runtime,dotnet.jit.compiled_il.size (By / 1 sec),Rate,0
09/11/2026 06:07:45,System.Runtime,dotnet.jit.compiled_methods ({method} / 1 sec),Rate,0
09/11/2026 06:07:45,System.Runtime,dotnet.monitor.lock_contentions ({contention} / 1 sec),Rate,0
09/11/2026 06:07:45,System.Runtime,dotnet.gc.collections ({collection} / 1 sec)[gc.heap.generation=gen0],Rate,0
09/11/2026 06:07:45,System.Runtime,dotnet.gc.collections ({collection} / 1 sec)[gc.heap.generation=gen2],Rate,0
09/11/2026 06:07:45,System.Runtime,dotnet.gc.collections ({collection} / 1 sec)[gc.heap.generation=gen1],Rate,0
09/11/2026 06:07:45,System.Runtime,dotnet.process.cpu.time (s / 1 sec)[cpu.mode=user],Rate,0.5485449999999901
09/11/2026 06:07:45,System.Runtime,dotnet.process.cpu.time (s / 1 sec)[cpu.mode=system],Rate,0.039998999999999896
09/11/2026 06:07:45,System.Runtime,dotnet.process.cpu.count ({cpu}),Metric,15
09/11/2026 06:07:45,System.Runtime,dotnet.gc.pause.time (s / 1 sec),Rate,0
09/11/2026 06:07:45,System.Runtime,dotnet.thread_pool.queue.length ({work_item} / 1 sec),Rate,0
09/11/2026 06:07:45,System.Runtime,dotnet.gc.last_collection.memory.committed_size (By),Metric,0
09/11/2026 06:07:45,System.Runtime,dotnet.gc.last_collection.heap.fragmentation.size (By)[gc.heap.generation=gen0],Metric,0
09/11/2026 06:07:45,System.Runtime,dotnet.gc.last_collection.heap.fragmentation.size (By)[gc.heap.generation=loh],Metric,0
09/11/2026 06:07:45,System.Runtime,dotnet.gc.last_collection.heap.fragmentation.size (By)[gc.heap.generation=poh],Metric,0
09/11/2026 06:07:45,System.Runtime,dotnet.gc.last_collection.heap.fragmentation.size (By)[gc.heap.generation=gen2],Metric,0
09/11/2026 06:07:45,System.Runtime,dotnet.gc.last_collection.heap.fragmentation.size (By)[gc.heap.generation=gen1],Metric,0
09/11/2026 06:07:45,System.Runtime,dotnet.timer.count ({timer}),Metric,3
09/11/2026 06:07:45,System.Runtime,dotnet.assembly.count ({assembly}),Metric,61
09/11/2026 06:07:45,System.Runtime,dotnet.gc.heap.total_allocated (By / 1 sec),Rate,131200
09/11/2026 06:07:45,System.Runtime,dotnet.gc.last_collection.heap.size (By)[gc.heap.generation=gen0],Metric,0
09/11/2026 06:07:45,System.Runtime,dotnet.gc.last_collection.heap.size (By)[gc.heap.generation=loh],Metric,0
09/11/2026 06:07:45,System.Runtime,dotnet.gc.last_collection.heap.size (By)[gc.heap.generation=poh],Metric,0
09/11/2026 06:07:45,System.Runtime,dotnet.gc.last_collection.heap.size (By)[gc.heap.generation=gen2],Metric,0
09/11/2026 06:07:45,System.Runtime,dotnet.gc.last_collection.heap.size (By)[gc.heap.generation=gen1],Metric,0
09/11/2026 06:07:45,System.Runtime,dotnet.thread_pool.work_item.count ({work_item} / 1 sec),Rate,664
09/11/2026 06:07:45,System.Runtime,dotnet.process.memory.working_set (By),Metric,125976576
09/11/2026 06:07:45,System.Runtime,dotnet.thread_pool.thread.count ({thread} / 1 sec),Rate,0
09/11/2026 06:07:45,System.Runtime,dotnet.jit.compilation.time (s / 1 sec),Rate,0
09/11/2026 06:07:46,System.Runtime,dotnet.jit.compiled_il.size (By / 1 sec),Rate,0
09/11/2026 06:07:46,System.Runtime,dotnet.jit.compiled_methods ({method} / 1 sec),Rate,0
09/11/2026 06:07:46,System.Runtime,dotnet.monitor.lock_contentions ({contention} / 1 sec),Rate,0
09/11/2026 06:07:46,System.Runtime,dotnet.gc.collections ({collection} / 1 sec)[gc.heap.generation=gen0],Rate,0
09/11/2026 06:07:46,System.Runtime,dotnet.gc.collections ({collection} / 1 sec)[gc.heap.generation=gen2],Rate,0
09/11/2026 06:07:46,System.Runtime,dotnet.gc.collections ({collection} / 1 sec)[gc.heap.generation=gen1],Rate,0
09/11/2026 06:07:46,System.Runtime,dotnet.process.cpu.time (s / 1 sec)[cpu.mode=user],Rate,0.5506010000000003
09/11/2026 06:07:46,System.Runtime,dotnet.process.cpu.time (s / 1 sec)[cpu.mode=system],Rate,0.040950000000000486
09/11/2026 06:07:46,System.Runtime,dotnet.process.cpu.count ({cpu}),Metric,15
09/11/2026 06:07:46,System.Runtime,dotnet.gc.pause.time (s / 1 sec),Rate,0
09/11/2026 06:07:46,System.Runtime,dotnet.thread_pool.queue.length ({work_item} / 1 sec),Rate,0
09/11/2026 06:07:46,System.Runtime,dotnet.gc.last_collection.memory.committed_size (By),Metric,0
09/11/2026 06:07:46,System.Runtime,dotnet.gc.last_collection.heap.fragmentation.size (By)[gc.heap.generation=gen0],Metric,0
09/11/2026 06:07:46,System.Runtime,dotnet.gc.last_collection.heap.fragmentation.size (By)[gc.heap.generation=loh],Metric,0
09/11/2026 06:07:46,System.Runtime,dotnet.gc.last_collection.heap.fragmentation.size (By)[gc.heap.generation=poh],Metric,0
09/11/2026 06:07:46,System.Runtime,dotnet.gc.last_collection.heap.fragmentation.size (By)[gc.heap.generation=gen2],Metric,0
09/11/2026 06:07:46,System.Runtime,dotnet.gc.last_collection.heap.fragmentation.size (By)[gc.heap.generation=gen1],Metric,0
09/11/2026 06:07:46,System.Runtime,dotnet.timer.count ({timer}),Metric,3
09/11/2026 06:07:46,System.Runtime,dotnet.assembly.count ({assembly}),Metric,61
09/11/2026 06:07:46,System.Runtime,dotnet.gc.heap.total_allocated (By / 1 sec),Rate,162912
09/11/2026 06:07:46,System.Runtime,dotnet.gc.last_collection.heap.size (By)[gc.heap.generation=gen0],Metric,0
09/11/2026 06:07:46,System.Runtime,dotnet.gc.last_collection.heap.size (By)[gc.heap.generation=loh],Metric,0
09/11/2026 06:07:46,System.Runtime,dotnet.gc.last_collection.heap.size (By)[gc.heap.generation=poh],Metric,0
09/11/2026 06:07:46,System.Runtime,dotnet.gc.last_collection.heap.size (By)[gc.heap.generation=gen2],Metric,0
09/11/2026 06:07:46,System.Runtime,dotnet.gc.last_collection.heap.size (By)[gc.heap.generation=gen1],Metric,0
09/11/2026 06:07:46,System.Runtime,dotnet.thread_pool.work_item.count ({work_item} / 1 sec),Rate,675
09/11/2026 06:07:46,System.Runtime,dotnet.process.memory.working_set (By),Metric,126124032
09/11/2026 06:07:46,System.Runtime,dotnet.thread_pool.thread.count ({thread} / 1 sec),Rate,0
09/11/2026 06:07:46,System.Runtime,dotnet.jit.compilation.time (s / 1 sec),Rate,0
09/11/2026 06:07:47,System.Runtime,dotnet.jit.compiled_il.size (By / 1 sec),Rate,0
09/11/2026 06:07:47,System.Runtime,dotnet.jit.compiled_methods ({method} / 1 sec),Rate,0
09/11/2026 06:07:47,System.Runtime,dotnet.monitor.lock_contentions ({contention} / 1 sec),Rate,0
09/11/2026 06:07:47,System.Runtime,dotnet.gc.collections ({collection} / 1 sec)[gc.heap.generation=gen0],Rate,0
09/11/2026 06:07:47,System.Runtime,dotnet.gc.collections ({collection} / 1 sec)[gc.heap.generation=gen2],Rate,0
09/11/2026 06:07:47,System.Runtime,dotnet.gc.collections ({collection} / 1 sec)[gc.heap.generation=gen1],Rate,0
09/11/2026 06:07:47,System.Runtime,dotnet.process.cpu.time (s / 1 sec)[cpu.mode=user],Rate,0.5430560000000071
09/11/2026 06:07:47,System.Runtime,dotnet.process.cpu.time (s / 1 sec)[cpu.mode=system],Rate,0.03769299999999909
09/11/2026 06:07:47,System.Runtime,dotnet.process.cpu.count ({cpu}),Metric,15
09/11/2026 06:07:47,System.Runtime,dotnet.gc.pause.time (s / 1 sec),Rate,0
09/11/2026 06:07:47,System.Runtime,dotnet.thread_pool.queue.length ({work_item} / 1 sec),Rate,0
09/11/2026 06:07:47,System.Runtime,dotnet.gc.last_collection.memory.committed_size (By),Metric,0
09/11/2026 06:07:47,System.Runtime,dotnet.gc.last_collection.heap.fragmentation.size (By)[gc.heap.generation=gen0],Metric,0
09/11/2026 06:07:47,System.Runtime,dotnet.gc.last_collection.heap.fragmentation.size (By)[gc.heap.generation=loh],Metric,0
09/11/2026 06:07:47,System.Runtime,dotnet.gc.last_collection.heap.fragmentation.size (By)[gc.heap.generation=poh],Metric,0
09/11/2026 06:07:47,System.Runtime,dotnet.gc.last_collection.heap.fragmentation.size (By)[gc.heap.generation=gen2],Metric,0
09/11/2026 06:07:47,System.Runtime,dotnet.gc.last_collection.heap.fragmentation.size (By)[gc.heap.generation=gen1],Metric,0
09/11/2026 06:07:47,System.Runtime,dotnet.timer.count ({timer}),Metric,2
09/11/2026 06:07:47,System.Runtime,dotnet.assembly.count ({assembly}),Metric,61
09/11/2026 06:07:47,System.Runtime,dotnet.gc.heap.total_allocated (By / 1 sec),Rate,123000
09/11/2026 06:07:47,System.Runtime,dotnet.gc.last_collection.heap.size (By)[gc.heap.generation=gen0],Metric,0
09/11/2026 06:07:47,System.Runtime,dotnet.gc.last_collection.heap.size (By)[gc.heap.generation=loh],Metric,0
09/11/2026 06:07:47,System.Runtime,dotnet.gc.last_collection.heap.size (By)[gc.heap.generation=poh],Metric,0
09/11/2026 06:07:47,System.Runtime,dotnet.gc.last_collection.heap.size (By)[gc.heap.generation=gen2],Metric,0
09/11/2026 06:07:47,System.Runtime,dotnet.gc.last_collection.heap.size (By)[gc.heap.generation=gen1],Metric,0
09/11/2026 06:07:47,System.Runtime,dotnet.thread_pool.work_item.count ({work_item} / 1 sec),Rate,606
09/11/2026 06:07:47,System.Runtime,dotnet.process.memory.working_set (By),Metric,126238720
09/11/2026 06:07:47,System.Runtime,dotnet.thread_pool.thread.count ({thread} / 1 sec),Rate,0
09/11/2026 06:07:47,System.Runtime,dotnet.jit.compilation.time (s / 1 sec),Rate,0
09/11/2026 06:07:48,System.Runtime,dotnet.jit.compiled_il.size (By / 1 sec),Rate,0
09/11/2026 06:07:48,System.Runtime,dotnet.jit.compiled_methods ({method} / 1 sec),Rate,0
09/11/2026 06:07:48,System.Runtime,dotnet.monitor.lock_contentions ({contention} / 1 sec),Rate,0
09/11/2026 06:07:48,System.Runtime,dotnet.gc.collections ({collection} / 1 sec)[gc.heap.generation=gen0],Rate,0
09/11/2026 06:07:48,System.Runtime,dotnet.gc.collections ({collection} / 1 sec)[gc.heap.generation=gen2],Rate,0
09/11/2026 06:07:48,System.Runtime,dotnet.gc.collections ({collection} / 1 sec)[gc.heap.generation=gen1],Rate,0
09/11/2026 06:07:48,System.Runtime,dotnet.process.cpu.time (s / 1 sec)[cpu.mode=user],Rate,0.5409369999999853
09/11/2026 06:07:48,System.Runtime,dotnet.process.cpu.time (s / 1 sec)[cpu.mode=system],Rate,0.03462299999999985
09/11/2026 06:07:48,System.Runtime,dotnet.process.cpu.count ({cpu}),Metric,15
09/11/2026 06:07:48,System.Runtime,dotnet.gc.pause.time (s / 1 sec),Rate,0
09/11/2026 06:07:48,System.Runtime,dotnet.thread_pool.queue.length ({work_item} / 1 sec),Rate,0
09/11/2026 06:07:48,System.Runtime,dotnet.gc.last_collection.memory.committed_size (By),Metric,0
09/11/2026 06:07:48,System.Runtime,dotnet.gc.last_collection.heap.fragmentation.size (By)[gc.heap.generation=gen0],Metric,0
09/11/2026 06:07:48,System.Runtime,dotnet.gc.last_collection.heap.fragmentation.size (By)[gc.heap.generation=loh],Metric,0
09/11/2026 06:07:48,System.Runtime,dotnet.gc.last_collection.heap.fragmentation.size (By)[gc.heap.generation=poh],Metric,0
09/11/2026 06:07:48,System.Runtime,dotnet.gc.last_collection.heap.fragmentation.size (By)[gc.heap.generation=gen2],Metric,0
09/11/2026 06:07:48,System.Runtime,dotnet.gc.last_collection.heap.fragmentation.size (By)[gc.heap.generation=gen1],Metric,0
09/11/2026 06:07:48,System.Runtime,dotnet.timer.count ({timer}),Metric,3
09/11/2026 06:07:48,System.Runtime,dotnet.assembly.count ({assembly}),Metric,61
09/11/2026 06:07:48,System.Runtime,dotnet.gc.heap.total_allocated (By / 1 sec),Rate,147576
09/11/2026 06:07:48,System.Runtime,dotnet.gc.last_collection.heap.size (By)[gc.heap.generation=gen0],Metric,0
09/11/2026 06:07:48,System.Runtime,dotnet.gc.last_collection.heap.size (By)[gc.heap.generation=loh],Metric,0
09/11/2026 06:07:48,System.Runtime,dotnet.gc.last_collection.heap.size (By)[gc.heap.generation=poh],Metric,0
09/11/2026 06:07:48,System.Runtime,dotnet.gc.last_collection.heap.size (By)[gc.heap.generation=gen2],Metric,0
09/11/2026 06:07:48,System.Runtime,dotnet.gc.last_collection.heap.size (By)[gc.heap.generation=gen1],Metric,0
09/11/2026 06:07:48,System.Runtime,dotnet.thread_pool.work_item.count ({work_item} / 1 sec),Rate,606
09/11/2026 06:07:48,System.Runtime,dotnet.process.memory.working_set (By),Metric,126451712
09/11/2026 06:07:48,System.Runtime,dotnet.thread_pool.thread.count ({thread} / 1 sec),Rate,0
09/11/2026 06:07:48,System.Runtime,dotnet.jit.compilation.time (s / 1 sec),Rate,0
09/11/2026 06:07:49,System.Runtime,dotnet.jit.compiled_il.size (By / 1 sec),Rate,130
09/11/2026 06:07:49,System.Runtime,dotnet.jit.compiled_methods ({method} / 1 sec),Rate,1
09/11/2026 06:07:49,System.Runtime,dotnet.monitor.lock_contentions ({contention} / 1 sec),Rate,0
09/11/2026 06:07:49,System.Runtime,dotnet.gc.collections ({collection} / 1 sec)[gc.heap.generation=gen0],Rate,0
09/11/2026 06:07:49,System.Runtime,dotnet.gc.collections ({collection} / 1 sec)[gc.heap.generation=gen2],Rate,0
09/11/2026 06:07:49,System.Runtime,dotnet.gc.collections ({collection} / 1 sec)[gc.heap.generation=gen1],Rate,0
09/11/2026 06:07:49,System.Runtime,dotnet.process.cpu.time (s / 1 sec)[cpu.mode=user],Rate,0.5411380000000179
09/11/2026 06:07:49,System.Runtime,dotnet.process.cpu.time (s / 1 sec)[cpu.mode=system],Rate,0.03528900000000057
09/11/2026 06:07:49,System.Runtime,dotnet.process.cpu.count ({cpu}),Metric,15
09/11/2026 06:07:49,System.Runtime,dotnet.gc.pause.time (s / 1 sec),Rate,0
09/11/2026 06:07:49,System.Runtime,dotnet.thread_pool.queue.length ({work_item} / 1 sec),Rate,0
09/11/2026 06:07:49,System.Runtime,dotnet.gc.last_collection.memory.committed_size (By),Metric,0
09/11/2026 06:07:49,System.Runtime,dotnet.gc.last_collection.heap.fragmentation.size (By)[gc.heap.generation=gen0],Metric,0
09/11/2026 06:07:49,System.Runtime,dotnet.gc.last_collection.heap.fragmentation.size (By)[gc.heap.generation=loh],Metric,0
09/11/2026 06:07:49,System.Runtime,dotnet.gc.last_collection.heap.fragmentation.size (By)[gc.heap.generation=poh],Metric,0
09/11/2026 06:07:49,System.Runtime,dotnet.gc.last_collection.heap.fragmentation.size (By)[gc.heap.generation=gen2],Metric,0
09/11/2026 06:07:49,System.Runtime,dotnet.gc.last_collection.heap.fragmentation.size (By)[gc.heap.generation=gen1],Metric,0
09/11/2026 06:07:49,System.Runtime,dotnet.timer.count ({timer}),Metric,3
09/11/2026 06:07:49,System.Runtime,dotnet.assembly.count ({assembly}),Metric,61
09/11/2026 06:07:49,System.Runtime,dotnet.gc.heap.total_allocated (By / 1 sec),Rate,139416
09/11/2026 06:07:49,System.Runtime,dotnet.gc.last_collection.heap.size (By)[gc.heap.generation=gen0],Metric,0
09/11/2026 06:07:49,System.Runtime,dotnet.gc.last_collection.heap.size (By)[gc.heap.generation=loh],Metric,0
09/11/2026 06:07:49,System.Runtime,dotnet.gc.last_collection.heap.size (By)[gc.heap.generation=poh],Metric,0
09/11/2026 06:07:49,System.Runtime,dotnet.gc.last_collection.heap.size (By)[gc.heap.generation=gen2],Metric,0
09/11/2026 06:07:49,System.Runtime,dotnet.gc.last_collection.heap.size (By)[gc.heap.generation=gen1],Metric,0
09/11/2026 06:07:49,System.Runtime,dotnet.thread_pool.work_item.count ({work_item} / 1 sec),Rate,603
09/11/2026 06:07:49,System.Runtime,dotnet.process.memory.working_set (By),Metric,126631936
09/11/2026 06:07:49,System.Runtime,dotnet.thread_pool.thread.count ({thread} / 1 sec),Rate,0
09/11/2026 06:07:49,System.Runtime,dotnet.jit.compilation.time (s / 1 sec),Rate,0.0011985999999999386
09/11/2026 06:07:50,System.Runtime,dotnet.jit.compiled_il.size (By / 1 sec),Rate,0
09/11/2026 06:07:50,System.Runtime,dotnet.jit.compiled_methods ({method} / 1 sec),Rate,0
09/11/2026 06:07:50,System.Runtime,dotnet.monitor.lock_contentions ({contention} / 1 sec),Rate,0
09/11/2026 06:07:50,System.Runtime,dotnet.gc.collections ({collection} / 1 sec)[gc.heap.generation=gen0],Rate,0
09/11/2026 06:07:50,System.Runtime,dotnet.gc.collections ({collection} / 1 sec)[gc.heap.generation=gen2],Rate,0
09/11/2026 06:07:50,System.Runtime,dotnet.gc.collections ({collection} / 1 sec)[gc.heap.generation=gen1],Rate,0
09/11/2026 06:07:50,System.Runtime,dotnet.process.cpu.time (s / 1 sec)[cpu.mode=user],Rate,0.5407189999999957
09/11/2026 06:07:50,System.Runtime,dotnet.process.cpu.time (s / 1 sec)[cpu.mode=system],Rate,0.03575499999999998
09/11/2026 06:07:50,System.Runtime,dotnet.process.cpu.count ({cpu}),Metric,15
09/11/2026 06:07:50,System.Runtime,dotnet.gc.pause.time (s / 1 sec),Rate,0
09/11/2026 06:07:50,System.Runtime,dotnet.thread_pool.queue.length ({work_item} / 1 sec),Rate,0
09/11/2026 06:07:50,System.Runtime,dotnet.gc.last_collection.memory.committed_size (By),Metric,0
09/11/2026 06:07:50,System.Runtime,dotnet.gc.last_collection.heap.fragmentation.size (By)[gc.heap.generation=gen0],Metric,0
09/11/2026 06:07:50,System.Runtime,dotnet.gc.last_collection.heap.fragmentation.size (By)[gc.heap.generation=loh],Metric,0
09/11/2026 06:07:50,System.Runtime,dotnet.gc.last_collection.heap.fragmentation.size (By)[gc.heap.generation=poh],Metric,0
09/11/2026 06:07:50,System.Runtime,dotnet.gc.last_collection.heap.fragmentation.size (By)[gc.heap.generation=gen2],Metric,0
09/11/2026 06:07:50,System.Runtime,dotnet.gc.last_collection.heap.fragmentation.size (By)[gc.heap.generation=gen1],Metric,0
09/11/2026 06:07:50,System.Runtime,dotnet.timer.count ({timer}),Metric,3
09/11/2026 06:07:50,System.Runtime,dotnet.assembly.count ({assembly}),Metric,61
09/11/2026 06:07:50,System.Runtime,dotnet.gc.heap.total_allocated (By / 1 sec),Rate,145552
09/11/2026 06:07:50,System.Runtime,dotnet.gc.last_collection.heap.size (By)[gc.heap.generation=gen0],Metric,0
09/11/2026 06:07:50,System.Runtime,dotnet.gc.last_collection.heap.size (By)[gc.heap.generation=loh],Metric,0
09/11/2026 06:07:50,System.Runtime,dotnet.gc.last_collection.heap.size (By)[gc.heap.generation=poh],Metric,0
09/11/2026 06:07:50,System.Runtime,dotnet.gc.last_collection.heap.size (By)[gc.heap.generation=gen2],Metric,0
09/11/2026 06:07:50,System.Runtime,dotnet.gc.last_collection.heap.size (By)[gc.heap.generation=gen1],Metric,0
09/11/2026 06:07:50,System.Runtime,dotnet.thread_pool.work_item.count ({work_item} / 1 sec),Rate,607
09/11/2026 06:07:50,System.Runtime,dotnet.process.memory.working_set (By),Metric,126795776
09/11/2026 06:07:50,System.Runtime,dotnet.thread_pool.thread.count ({thread} / 1 sec),Rate,0
09/11/2026 06:07:50,System.Runtime,dotnet.jit.compilation.time (s / 1 sec),Rate,0
09/11/2026 06:07:51,System.Runtime,dotnet.jit.compiled_il.size (By / 1 sec),Rate,0
09/11/2026 06:07:51,System.Runtime,dotnet.jit.compiled_methods ({method} / 1 sec),Rate,0
09/11/2026 06:07:51,System.Runtime,dotnet.monitor.lock_contentions ({contention} / 1 sec),Rate,0
09/11/2026 06:07:51,System.Runtime,dotnet.gc.collections ({collection} / 1 sec)[gc.heap.generation=gen0],Rate,0
09/11/2026 06:07:51,System.Runtime,dotnet.gc.collections ({collection} / 1 sec)[gc.heap.generation=gen2],Rate,0
09/11/2026 06:07:51,System.Runtime,dotnet.gc.collections ({collection} / 1 sec)[gc.heap.generation=gen1],Rate,0
09/11/2026 06:07:51,System.Runtime,dotnet.process.cpu.time (s / 1 sec)[cpu.mode=user],Rate,0.5410380000000146
09/11/2026 06:07:51,System.Runtime,dotnet.process.cpu.time (s / 1 sec)[cpu.mode=system],Rate,0.03621700000000061
09/11/2026 06:07:51,System.Runtime,dotnet.process.cpu.count ({cpu}),Metric,15
09/11/2026 06:07:51,System.Runtime,dotnet.gc.pause.time (s / 1 sec),Rate,0
09/11/2026 06:07:51,System.Runtime,dotnet.thread_pool.queue.length ({work_item} / 1 sec),Rate,0
09/11/2026 06:07:51,System.Runtime,dotnet.gc.last_collection.memory.committed_size (By),Metric,0
09/11/2026 06:07:51,System.Runtime,dotnet.gc.last_collection.heap.fragmentation.size (By)[gc.heap.generation=gen0],Metric,0
09/11/2026 06:07:51,System.Runtime,dotnet.gc.last_collection.heap.fragmentation.size (By)[gc.heap.generation=loh],Metric,0
09/11/2026 06:07:51,System.Runtime,dotnet.gc.last_collection.heap.fragmentation.size (By)[gc.heap.generation=poh],Metric,0
09/11/2026 06:07:51,System.Runtime,dotnet.gc.last_collection.heap.fragmentation.size (By)[gc.heap.generation=gen2],Metric,0
09/11/2026 06:07:51,System.Runtime,dotnet.gc.last_collection.heap.fragmentation.size (By)[gc.heap.generation=gen1],Metric,0
09/11/2026 06:07:51,System.Runtime,dotnet.timer.count ({timer}),Metric,2
09/11/2026 06:07:51,System.Runtime,dotnet.assembly.count ({assembly}),Metric,61
09/11/2026 06:07:51,System.Runtime,dotnet.gc.heap.total_allocated (By / 1 sec),Rate,131096
09/11/2026 06:07:51,System.Runtime,dotnet.gc.last_collection.heap.size (By)[gc.heap.generation=gen0],Metric,0
09/11/2026 06:07:51,System.Runtime,dotnet.gc.last_collection.heap.size (By)[gc.heap.generation=loh],Metric,0
09/11/2026 06:07:51,System.Runtime,dotnet.gc.last_collection.heap.size (By)[gc.heap.generation=poh],Metric,0
09/11/2026 06:07:51,System.Runtime,dotnet.gc.last_collection.heap.size (By)[gc.heap.generation=gen2],Metric,0
09/11/2026 06:07:51,System.Runtime,dotnet.gc.last_collection.heap.size (By)[gc.heap.generation=gen1],Metric,0
09/11/2026 06:07:51,System.Runtime,dotnet.thread_pool.work_item.count ({work_item} / 1 sec),Rate,598
09/11/2026 06:07:51,System.Runtime,dotnet.process.memory.working_set (By),Metric,126943232
09/11/2026 06:07:51,System.Runtime,dotnet.thread_pool.thread.count ({thread} / 1 sec),Rate,0
09/11/2026 06:07:51,System.Runtime,dotnet.jit.compilation.time (s / 1 sec),Rate,0
09/11/2026 06:07:52,System.Runtime,dotnet.jit.compiled_il.size (By / 1 sec),Rate,0
09/11/2026 06:07:52,System.Runtime,dotnet.jit.compiled_methods ({method} / 1 sec),Rate,0
09/11/2026 06:07:52,System.Runtime,dotnet.monitor.lock_contentions ({contention} / 1 sec),Rate,0
09/11/2026 06:07:52,System.Runtime,dotnet.gc.collections ({collection} / 1 sec)[gc.heap.generation=gen0],Rate,0
09/11/2026 06:07:52,System.Runtime,dotnet.gc.collections ({collection} / 1 sec)[gc.heap.generation=gen2],Rate,0
09/11/2026 06:07:52,System.Runtime,dotnet.gc.collections ({collection} / 1 sec)[gc.heap.generation=gen1],Rate,0
09/11/2026 06:07:52,System.Runtime,dotnet.process.cpu.time (s / 1 sec)[cpu.mode=user],Rate,0.540773999999999
09/11/2026 06:07:52,System.Runtime,dotnet.process.cpu.time (s / 1 sec)[cpu.mode=system],Rate,0.03439200000000042
09/11/2026 06:07:52,System.Runtime,dotnet.process.cpu.count ({cpu}),Metric,15
09/11/2026 06:07:52,System.Runtime,dotnet.gc.pause.time (s / 1 sec),Rate,0
09/11/2026 06:07:52,System.Runtime,dotnet.thread_pool.queue.length ({work_item} / 1 sec),Rate,0
09/11/2026 06:07:52,System.Runtime,dotnet.gc.last_collection.memory.committed_size (By),Metric,0
09/11/2026 06:07:52,System.Runtime,dotnet.gc.last_collection.heap.fragmentation.size (By)[gc.heap.generation=gen0],Metric,0
09/11/2026 06:07:52,System.Runtime,dotnet.gc.last_collection.heap.fragmentation.size (By)[gc.heap.generation=loh],Metric,0
09/11/2026 06:07:52,System.Runtime,dotnet.gc.last_collection.heap.fragmentation.size (By)[gc.heap.generation=poh],Metric,0
09/11/2026 06:07:52,System.Runtime,dotnet.gc.last_collection.heap.fragmentation.size (By)[gc.heap.generation=gen2],Metric,0
09/11/2026 06:07:52,System.Runtime,dotnet.gc.last_collection.heap.fragmentation.size (By)[gc.heap.generation=gen1],Metric,0
09/11/2026 06:07:52,System.Runtime,dotnet.timer.count ({timer}),Metric,2
09/11/2026 06:07:52,System.Runtime,dotnet.assembly.count ({assembly}),Metric,61
09/11/2026 06:07:52,System.Runtime,dotnet.gc.heap.total_allocated (By / 1 sec),Rate,130176
09/11/2026 06:07:52,System.Runtime,dotnet.gc.last_collection.heap.size (By)[gc.heap.generation=gen0],Metric,0
09/11/2026 06:07:52,System.Runtime,dotnet.gc.last_collection.heap.size (By)[gc.heap.generation=loh],Metric,0
09/11/2026 06:07:52,System.Runtime,dotnet.gc.last_collection.heap.size (By)[gc.heap.generation=poh],Metric,0
09/11/2026 06:07:52,System.Runtime,dotnet.gc.last_collection.heap.size (By)[gc.heap.generation=gen2],Metric,0
09/11/2026 06:07:52,System.Runtime,dotnet.gc.last_collection.heap.size (By)[gc.heap.generation=gen1],Metric,0
09/11/2026 06:07:52,System.Runtime,dotnet.thread_pool.work_item.count ({work_item} / 1 sec),Rate,601
09/11/2026 06:07:52,System.Runtime,dotnet.process.memory.working_set (By),Metric,127107072
09/11/2026 06:07:52,System.Runtime,dotnet.thread_pool.thread.count ({thread} / 1 sec),Rate,0
09/11/2026 06:07:52,System.Runtime,dotnet.jit.compilation.time (s / 1 sec),Rate,0
09/11/2026 06:07:53,System.Runtime,dotnet.jit.compiled_il.size (By / 1 sec),Rate,0
09/11/2026 06:07:53,System.Runtime,dotnet.jit.compiled_methods ({method} / 1 sec),Rate,0
09/11/2026 06:07:53,System.Runtime,dotnet.monitor.lock_contentions ({contention} / 1 sec),Rate,0
09/11/2026 06:07:53,System.Runtime,dotnet.gc.collections ({collection} / 1 sec)[gc.heap.generation=gen0],Rate,0
09/11/2026 06:07:53,System.Runtime,dotnet.gc.collections ({collection} / 1 sec)[gc.heap.generation=gen2],Rate,0
09/11/2026 06:07:53,System.Runtime,dotnet.gc.collections ({collection} / 1 sec)[gc.heap.generation=gen1],Rate,0
09/11/2026 06:07:53,System.Runtime,dotnet.process.cpu.time (s / 1 sec)[cpu.mode=user],Rate,0.5449160000000006
09/11/2026 06:07:53,System.Runtime,dotnet.process.cpu.time (s / 1 sec)[cpu.mode=system],Rate,0.03680499999999931
09/11/2026 06:07:53,System.Runtime,dotnet.process.cpu.count ({cpu}),Metric,15
09/11/2026 06:07:53,System.Runtime,dotnet.gc.pause.time (s / 1 sec),Rate,0
09/11/2026 06:07:53,System.Runtime,dotnet.thread_pool.queue.length ({work_item} / 1 sec),Rate,0
09/11/2026 06:07:53,System.Runtime,dotnet.gc.last_collection.memory.committed_size (By),Metric,0
09/11/2026 06:07:53,System.Runtime,dotnet.gc.last_collection.heap.fragmentation.size (By)[gc.heap.generation=gen0],Metric,0
09/11/2026 06:07:53,System.Runtime,dotnet.gc.last_collection.heap.fragmentation.size (By)[gc.heap.generation=loh],Metric,0
09/11/2026 06:07:53,System.Runtime,dotnet.gc.last_collection.heap.fragmentation.size (By)[gc.heap.generation=poh],Metric,0
09/11/2026 06:07:53,System.Runtime,dotnet.gc.last_collection.heap.fragmentation.size (By)[gc.heap.generation=gen2],Metric,0
09/11/2026 06:07:53,System.Runtime,dotnet.gc.last_collection.heap.fragmentation.size (By)[gc.heap.generation=gen1],Metric,0
09/11/2026 06:07:53,System.Runtime,dotnet.timer.count ({timer}),Metric,3
09/11/2026 06:07:53,System.Runtime,dotnet.assembly.count ({assembly}),Metric,61
09/11/2026 06:07:53,System.Runtime,dotnet.gc.heap.total_allocated (By / 1 sec),Rate,139400
09/11/2026 06:07:53,System.Runtime,dotnet.gc.last_collection.heap.size (By)[gc.heap.generation=gen0],Metric,0
09/11/2026 06:07:53,System.Runtime,dotnet.gc.last_collection.heap.size (By)[gc.heap.generation=loh],Metric,0
09/11/2026 06:07:53,System.Runtime,dotnet.gc.last_collection.heap.size (By)[gc.heap.generation=poh],Metric,0
09/11/2026 06:07:53,System.Runtime,dotnet.gc.last_collection.heap.size (By)[gc.heap.generation=gen2],Metric,0
09/11/2026 06:07:53,System.Runtime,dotnet.gc.last_collection.heap.size (By)[gc.heap.generation=gen1],Metric,0
09/11/2026 06:07:53,System.Runtime,dotnet.thread_pool.work_item.count ({work_item} / 1 sec),Rate,604
09/11/2026 06:07:53,System.Runtime,dotnet.process.memory.working_set (By),Metric,127238144
09/11/2026 06:07:53,System.Runtime,dotnet.thread_pool.thread.count ({thread} / 1 sec),Rate,0
09/11/2026 06:07:53,System.Runtime,dotnet.jit.compilation.time (s / 1 sec),Rate,0
09/11/2026 06:07:54,System.Runtime,dotnet.jit.compiled_il.size (By / 1 sec),Rate,821
09/11/2026 06:07:54,System.Runtime,dotnet.jit.compiled_methods ({method} / 1 sec),Rate,14
09/11/2026 06:07:54,System.Runtime,dotnet.monitor.lock_contentions ({contention} / 1 sec),Rate,0
09/11/2026 06:07:54,System.Runtime,dotnet.gc.collections ({collection} / 1 sec)[gc.heap.generation=gen0],Rate,0
09/11/2026 06:07:54,System.Runtime,dotnet.gc.collections ({collection} / 1 sec)[gc.heap.generation=gen2],Rate,0
09/11/2026 06:07:54,System.Runtime,dotnet.gc.collections ({collection} / 1 sec)[gc.heap.generation=gen1],Rate,0
09/11/2026 06:07:54,System.Runtime,dotnet.process.cpu.time (s / 1 sec)[cpu.mode=user],Rate,0.4995499999999993
09/11/2026 06:07:54,System.Runtime,dotnet.process.cpu.time (s / 1 sec)[cpu.mode=system],Rate,0.03770100000000021
09/11/2026 06:07:54,System.Runtime,dotnet.process.cpu.count ({cpu}),Metric,15
09/11/2026 06:07:54,System.Runtime,dotnet.gc.pause.time (s / 1 sec),Rate,0
09/11/2026 06:07:54,System.Runtime,dotnet.thread_pool.queue.length ({work_item} / 1 sec),Rate,0
09/11/2026 06:07:54,System.Runtime,dotnet.gc.last_collection.memory.committed_size (By),Metric,0
09/11/2026 06:07:54,System.Runtime,dotnet.gc.last_collection.heap.fragmentation.size (By)[gc.heap.generation=gen0],Metric,0
09/11/2026 06:07:54,System.Runtime,dotnet.gc.last_collection.heap.fragmentation.size (By)[gc.heap.generation=loh],Metric,0
09/11/2026 06:07:54,System.Runtime,dotnet.gc.last_collection.heap.fragmentation.size (By)[gc.heap.generation=poh],Metric,0
09/11/2026 06:07:54,System.Runtime,dotnet.gc.last_collection.heap.fragmentation.size (By)[gc.heap.generation=gen2],Metric,0
09/11/2026 06:07:54,System.Runtime,dotnet.gc.last_collection.heap.fragmentation.size (By)[gc.heap.generation=gen1],Metric,0
09/11/2026 06:07:54,System.Runtime,dotnet.timer.count ({timer}),Metric,3
09/11/2026 06:07:54,System.Runtime,dotnet.assembly.count ({assembly}),Metric,61
09/11/2026 06:07:54,System.Runtime,dotnet.gc.heap.total_allocated (By / 1 sec),Rate,164000
09/11/2026 06:07:54,System.Runtime,dotnet.gc.last_collection.heap.size (By)[gc.heap.generation=gen0],Metric,0
09/11/2026 06:07:54,System.Runtime,dotnet.gc.last_collection.heap.size (By)[gc.heap.generation=loh],Metric,0
09/11/2026 06:07:54,System.Runtime,dotnet.gc.last_collection.heap.size (By)[gc.heap.generation=poh],Metric,0
09/11/2026 06:07:54,System.Runtime,dotnet.gc.last_collection.heap.size (By)[gc.heap.generation=gen2],Metric,0
09/11/2026 06:07:54,System.Runtime,dotnet.gc.last_collection.heap.size (By)[gc.heap.generation=gen1],Metric,0
09/11/2026 06:07:54,System.Runtime,dotnet.thread_pool.work_item.count ({work_item} / 1 sec),Rate,597
09/11/2026 06:07:54,System.Runtime,dotnet.process.memory.working_set (By),Metric,127451136
09/11/2026 06:07:54,System.Runtime,dotnet.thread_pool.thread.count ({thread} / 1 sec),Rate,0
09/11/2026 06:07:54,System.Runtime,dotnet.jit.compilation.time (s / 1 sec),Rate,0.011867000000000072
09/11/2026 06:07:55,System.Runtime,dotnet.jit.compiled_il.size (By / 1 sec),Rate,0
09/11/2026 06:07:55,System.Runtime,dotnet.jit.compiled_methods ({method} / 1 sec),Rate,0
09/11/2026 06:07:55,System.Runtime,dotnet.monitor.lock_contentions ({contention} / 1 sec),Rate,1
09/11/2026 06:07:55,System.Runtime,dotnet.gc.collections ({collection} / 1 sec)[gc.heap.generation=gen0],Rate,0
09/11/2026 06:07:55,System.Runtime,dotnet.gc.collections ({collection} / 1 sec)[gc.heap.generation=gen2],Rate,0
09/11/2026 06:07:55,System.Runtime,dotnet.gc.collections ({collection} / 1 sec)[gc.heap.generation=gen1],Rate,0
09/11/2026 06:07:55,System.Runtime,dotnet.process.cpu.time (s / 1 sec)[cpu.mode=user],Rate,0.08109599999997386
09/11/2026 06:07:55,System.Runtime,dotnet.process.cpu.time (s / 1 sec)[cpu.mode=system],Rate,0.03244499999999917
09/11/2026 06:07:55,System.Runtime,dotnet.process.cpu.count ({cpu}),Metric,15
09/11/2026 06:07:55,System.Runtime,dotnet.gc.pause.time (s / 1 sec),Rate,0
09/11/2026 06:07:55,System.Runtime,dotnet.thread_pool.queue.length ({work_item} / 1 sec),Rate,0
09/11/2026 06:07:55,System.Runtime,dotnet.gc.last_collection.memory.committed_size (By),Metric,0
09/11/2026 06:07:55,System.Runtime,dotnet.gc.last_collection.heap.fragmentation.size (By)[gc.heap.generation=gen0],Metric,0
09/11/2026 06:07:55,System.Runtime,dotnet.gc.last_collection.heap.fragmentation.size (By)[gc.heap.generation=loh],Metric,0
09/11/2026 06:07:55,System.Runtime,dotnet.gc.last_collection.heap.fragmentation.size (By)[gc.heap.generation=poh],Metric,0
09/11/2026 06:07:55,System.Runtime,dotnet.gc.last_collection.heap.fragmentation.size (By)[gc.heap.generation=gen2],Metric,0
09/11/2026 06:07:55,System.Runtime,dotnet.gc.last_collection.heap.fragmentation.size (By)[gc.heap.generation=gen1],Metric,0
09/11/2026 06:07:55,System.Runtime,dotnet.timer.count ({timer}),Metric,3
09/11/2026 06:07:55,System.Runtime,dotnet.assembly.count ({assembly}),Metric,61
09/11/2026 06:07:55,System.Runtime,dotnet.gc.heap.total_allocated (By / 1 sec),Rate,182968
09/11/2026 06:07:55,System.Runtime,dotnet.gc.last_collection.heap.size (By)[gc.heap.generation=gen0],Metric,0
09/11/2026 06:07:55,System.Runtime,dotnet.gc.last_collection.heap.size (By)[gc.heap.generation=loh],Metric,0
09/11/2026 06:07:55,System.Runtime,dotnet.gc.last_collection.heap.size (By)[gc.heap.generation=poh],Metric,0
09/11/2026 06:07:55,System.Runtime,dotnet.gc.last_collection.heap.size (By)[gc.heap.generation=gen2],Metric,0
09/11/2026 06:07:55,System.Runtime,dotnet.gc.last_collection.heap.size (By)[gc.heap.generation=gen1],Metric,0
09/11/2026 06:07:55,System.Runtime,dotnet.thread_pool.work_item.count ({work_item} / 1 sec),Rate,580
09/11/2026 06:07:55,System.Runtime,dotnet.process.memory.working_set (By),Metric,127647744
09/11/2026 06:07:55,System.Runtime,dotnet.thread_pool.thread.count ({thread} / 1 sec),Rate,0
09/11/2026 06:07:55,System.Runtime,dotnet.jit.compilation.time (s / 1 sec),Rate,0
09/11/2026 06:07:56,System.Runtime,dotnet.jit.compiled_il.size (By / 1 sec),Rate,7
09/11/2026 06:07:56,System.Runtime,dotnet.jit.compiled_methods ({method} / 1 sec),Rate,1
09/11/2026 06:07:56,System.Runtime,dotnet.monitor.lock_contentions ({contention} / 1 sec),Rate,0
09/11/2026 06:07:56,System.Runtime,dotnet.gc.collections ({collection} / 1 sec)[gc.heap.generation=gen0],Rate,0
09/11/2026 06:07:56,System.Runtime,dotnet.gc.collections ({collection} / 1 sec)[gc.heap.generation=gen2],Rate,0
09/11/2026 06:07:56,System.Runtime,dotnet.gc.collections ({collection} / 1 sec)[gc.heap.generation=gen1],Rate,0
09/11/2026 06:07:56,System.Runtime,dotnet.process.cpu.time (s / 1 sec)[cpu.mode=user],Rate,0.08321700000001897
09/11/2026 06:07:56,System.Runtime,dotnet.process.cpu.time (s / 1 sec)[cpu.mode=system],Rate,0.03253400000000006
09/11/2026 06:07:56,System.Runtime,dotnet.process.cpu.count ({cpu}),Metric,15
09/11/2026 06:07:56,System.Runtime,dotnet.gc.pause.time (s / 1 sec),Rate,0
09/11/2026 06:07:56,System.Runtime,dotnet.thread_pool.queue.length ({work_item} / 1 sec),Rate,0
09/11/2026 06:07:56,System.Runtime,dotnet.gc.last_collection.memory.committed_size (By),Metric,0
09/11/2026 06:07:56,System.Runtime,dotnet.gc.last_collection.heap.fragmentation.size (By)[gc.heap.generation=gen0],Metric,0
09/11/2026 06:07:56,System.Runtime,dotnet.gc.last_collection.heap.fragmentation.size (By)[gc.heap.generation=loh],Metric,0
09/11/2026 06:07:56,System.Runtime,dotnet.gc.last_collection.heap.fragmentation.size (By)[gc.heap.generation=poh],Metric,0
09/11/2026 06:07:56,System.Runtime,dotnet.gc.last_collection.heap.fragmentation.size (By)[gc.heap.generation=gen2],Metric,0
09/11/2026 06:07:56,System.Runtime,dotnet.gc.last_collection.heap.fragmentation.size (By)[gc.heap.generation=gen1],Metric,0
09/11/2026 06:07:56,System.Runtime,dotnet.timer.count ({timer}),Metric,3
09/11/2026 06:07:56,System.Runtime,dotnet.assembly.count ({assembly}),Metric,61
09/11/2026 06:07:56,System.Runtime,dotnet.gc.heap.total_allocated (By / 1 sec),Rate,195688
09/11/2026 06:07:56,System.Runtime,dotnet.gc.last_collection.heap.size (By)[gc.heap.generation=gen0],Metric,0
09/11/2026 06:07:56,System.Runtime,dotnet.gc.last_collection.heap.size (By)[gc.heap.generation=loh],Metric,0
09/11/2026 06:07:56,System.Runtime,dotnet.gc.last_collection.heap.size (By)[gc.heap.generation=poh],Metric,0
09/11/2026 06:07:56,System.Runtime,dotnet.gc.last_collection.heap.size (By)[gc.heap.generation=gen2],Metric,0
09/11/2026 06:07:56,System.Runtime,dotnet.gc.last_collection.heap.size (By)[gc.heap.generation=gen1],Metric,0
09/11/2026 06:07:56,System.Runtime,dotnet.thread_pool.work_item.count ({work_item} / 1 sec),Rate,569
09/11/2026 06:07:56,System.Runtime,dotnet.process.memory.working_set (By),Metric,127844352
09/11/2026 06:07:56,System.Runtime,dotnet.thread_pool.thread.count ({thread} / 1 sec),Rate,0
09/11/2026 06:07:56,System.Runtime,dotnet.jit.compilation.time (s / 1 sec),Rate,0.0005727999999999289
09/11/2026 06:07:57,System.Runtime,dotnet.jit.compiled_il.size (By / 1 sec),Rate,0
09/11/2026 06:07:57,System.Runtime,dotnet.jit.compiled_methods ({method} / 1 sec),Rate,0
09/11/2026 06:07:57,System.Runtime,dotnet.monitor.lock_contentions ({contention} / 1 sec),Rate,0
09/11/2026 06:07:57,System.Runtime,dotnet.gc.collections ({collection} / 1 sec)[gc.heap.generation=gen0],Rate,0
09/11/2026 06:07:57,System.Runtime,dotnet.gc.collections ({collection} / 1 sec)[gc.heap.generation=gen2],Rate,0
09/11/2026 06:07:57,System.Runtime,dotnet.gc.collections ({collection} / 1 sec)[gc.heap.generation=gen1],Rate,0
09/11/2026 06:07:57,System.Runtime,dotnet.process.cpu.time (s / 1 sec)[cpu.mode=user],Rate,0.08040299999998979
09/11/2026 06:07:57,System.Runtime,dotnet.process.cpu.time (s / 1 sec)[cpu.mode=system],Rate,0.03262199999999993
09/11/2026 06:07:57,System.Runtime,dotnet.process.cpu.count ({cpu}),Metric,15
09/11/2026 06:07:57,System.Runtime,dotnet.gc.pause.time (s / 1 sec),Rate,0
09/11/2026 06:07:57,System.Runtime,dotnet.thread_pool.queue.length ({work_item} / 1 sec),Rate,0
09/11/2026 06:07:57,System.Runtime,dotnet.gc.last_collection.memory.committed_size (By),Metric,0
09/11/2026 06:07:57,System.Runtime,dotnet.gc.last_collection.heap.fragmentation.size (By)[gc.heap.generation=gen0],Metric,0
09/11/2026 06:07:57,System.Runtime,dotnet.gc.last_collection.heap.fragmentation.size (By)[gc.heap.generation=loh],Metric,0
09/11/2026 06:07:57,System.Runtime,dotnet.gc.last_collection.heap.fragmentation.size (By)[gc.heap.generation=poh],Metric,0
09/11/2026 06:07:57,System.Runtime,dotnet.gc.last_collection.heap.fragmentation.size (By)[gc.heap.generation=gen2],Metric,0
09/11/2026 06:07:57,System.Runtime,dotnet.gc.last_collection.heap.fragmentation.size (By)[gc.heap.generation=gen1],Metric,0
09/11/2026 06:07:57,System.Runtime,dotnet.timer.count ({timer}),Metric,3
09/11/2026 06:07:57,System.Runtime,dotnet.assembly.count ({assembly}),Metric,61
09/11/2026 06:07:57,System.Runtime,dotnet.gc.heap.total_allocated (By / 1 sec),Rate,195776
09/11/2026 06:07:57,System.Runtime,dotnet.gc.last_collection.heap.size (By)[gc.heap.generation=gen0],Metric,0
09/11/2026 06:07:57,System.Runtime,dotnet.gc.last_collection.heap.size (By)[gc.heap.generation=loh],Metric,0
09/11/2026 06:07:57,System.Runtime,dotnet.gc.last_collection.heap.size (By)[gc.heap.generation=poh],Metric,0
09/11/2026 06:07:57,System.Runtime,dotnet.gc.last_collection.heap.size (By)[gc.heap.generation=gen2],Metric,0
09/11/2026 06:07:57,System.Runtime,dotnet.gc.last_collection.heap.size (By)[gc.heap.generation=gen1],Metric,0
09/11/2026 06:07:57,System.Runtime,dotnet.thread_pool.work_item.count ({work_item} / 1 sec),Rate,577
09/11/2026 06:07:57,System.Runtime,dotnet.process.memory.working_set (By),Metric,128090112
09/11/2026 06:07:57,System.Runtime,dotnet.thread_pool.thread.count ({thread} / 1 sec),Rate,0
09/11/2026 06:07:57,System.Runtime,dotnet.jit.compilation.time (s / 1 sec),Rate,0
09/11/2026 06:07:58,System.Runtime,dotnet.jit.compiled_il.size (By / 1 sec),Rate,0
09/11/2026 06:07:58,System.Runtime,dotnet.jit.compiled_methods ({method} / 1 sec),Rate,0
09/11/2026 06:07:58,System.Runtime,dotnet.monitor.lock_contentions ({contention} / 1 sec),Rate,0
09/11/2026 06:07:58,System.Runtime,dotnet.gc.collections ({collection} / 1 sec)[gc.heap.generation=gen0],Rate,0
09/11/2026 06:07:58,System.Runtime,dotnet.gc.collections ({collection} / 1 sec)[gc.heap.generation=gen2],Rate,0
09/11/2026 06:07:58,System.Runtime,dotnet.gc.collections ({collection} / 1 sec)[gc.heap.generation=gen1],Rate,0
09/11/2026 06:07:58,System.Runtime,dotnet.process.cpu.time (s / 1 sec)[cpu.mode=user],Rate,0.08337299999999459
09/11/2026 06:07:58,System.Runtime,dotnet.process.cpu.time (s / 1 sec)[cpu.mode=system],Rate,0.031956000000000984
09/11/2026 06:07:58,System.Runtime,dotnet.process.cpu.count ({cpu}),Metric,15
09/11/2026 06:07:58,System.Runtime,dotnet.gc.pause.time (s / 1 sec),Rate,0
09/11/2026 06:07:58,System.Runtime,dotnet.thread_pool.queue.length ({work_item} / 1 sec),Rate,0
09/11/2026 06:07:58,System.Runtime,dotnet.gc.last_collection.memory.committed_size (By),Metric,0
09/11/2026 06:07:58,System.Runtime,dotnet.gc.last_collection.heap.fragmentation.size (By)[gc.heap.generation=gen0],Metric,0
09/11/2026 06:07:58,System.Runtime,dotnet.gc.last_collection.heap.fragmentation.size (By)[gc.heap.generation=loh],Metric,0
09/11/2026 06:07:58,System.Runtime,dotnet.gc.last_collection.heap.fragmentation.size (By)[gc.heap.generation=poh],Metric,0
09/11/2026 06:07:58,System.Runtime,dotnet.gc.last_collection.heap.fragmentation.size (By)[gc.heap.generation=gen2],Metric,0
09/11/2026 06:07:58,System.Runtime,dotnet.gc.last_collection.heap.fragmentation.size (By)[gc.heap.generation=gen1],Metric,0
09/11/2026 06:07:58,System.Runtime,dotnet.timer.count ({timer}),Metric,3
09/11/2026 06:07:58,System.Runtime,dotnet.assembly.count ({assembly}),Metric,61
09/11/2026 06:07:58,System.Runtime,dotnet.gc.heap.total_allocated (By / 1 sec),Rate,205000
09/11/2026 06:07:58,System.Runtime,dotnet.gc.last_collection.heap.size (By)[gc.heap.generation=gen0],Metric,0
09/11/2026 06:07:58,System.Runtime,dotnet.gc.last_collection.heap.size (By)[gc.heap.generation=loh],Metric,0
09/11/2026 06:07:58,System.Runtime,dotnet.gc.last_collection.heap.size (By)[gc.heap.generation=poh],Metric,0
09/11/2026 06:07:58,System.Runtime,dotnet.gc.last_collection.heap.size (By)[gc.heap.generation=gen2],Metric,0
09/11/2026 06:07:58,System.Runtime,dotnet.gc.last_collection.heap.size (By)[gc.heap.generation=gen1],Metric,0
09/11/2026 06:07:58,System.Runtime,dotnet.thread_pool.work_item.count ({work_item} / 1 sec),Rate,568
09/11/2026 06:07:58,System.Runtime,dotnet.process.memory.working_set (By),Metric,128303104
09/11/2026 06:07:58,System.Runtime,dotnet.thread_pool.thread.count ({thread} / 1 sec),Rate,0
09/11/2026 06:07:58,System.Runtime,dotnet.jit.compilation.time (s / 1 sec),Rate,0
